split,inverse,source_input,base_input,source_logp_A,source_logp_B,base_logp_A,base_logp_B,base_intervention_logp_A,base_intervention_logp_B,n_nodes
train,0,The nervous chick past the screws,The nervous chicks past the screw,-9.405718803405762,-11.155718803405762,-12.458505630493164,-12.021005630493164,-11.528362274169922,-12.465862274169922,128
train,1,The nervous chicks past the screw,The nervous chick past the screws,-12.021005630493164,-12.458505630493164,-11.155718803405762,-9.405718803405762,-9.578351974487305,-10.203351974487305,128
train,0,The sleepy rabbit beneath the milestones,The sleepy rabbits beneath the milestone,-13.458127975463867,-16.958127975463867,-17.466035842895508,-13.341036796569824,-15.541163444519043,-14.603663444519043,128
train,1,The sleepy rabbits beneath the milestone,The sleepy rabbit beneath the milestones,-13.341036796569824,-17.466035842895508,-16.958127975463867,-13.458127975463867,-13.930724143981934,-14.430724143981934,128
train,0,The sleepy bat beneath the boilers,The sleepy bats beneath the boiler,-4.238312721252441,-9.925812721252441,-8.498039245605469,-4.248039722442627,-5.869751930236816,-6.119751930236816,128
train,1,The sleepy bats beneath the boiler,The sleepy bat beneath the boilers,-4.248039722442627,-8.498039245605469,-9.925812721252441,-4.238312721252441,-2.766618490219116,-4.516618251800537,128
train,0,The sleepy lion beneath the boilers,The sleepy lions beneath the boiler,-4.982736110687256,-10.545236587524414,-9.350990295410156,-5.225990295410156,-7.389379501342773,-6.389379501342773,128
train,1,The sleepy lions beneath the boiler,The sleepy lion beneath the boilers,-5.225990295410156,-9.350990295410156,-10.545236587524414,-4.982736110687256,-4.279523849487305,-5.154523849487305,128
train,0,The quiet shark outside the clocks,The quiet sharks outside the clock,-9.422394752502441,-10.922394752502441,-9.658733367919922,-7.90873384475708,-8.860883712768555,-10.110883712768555,128
train,1,The quiet sharks outside the clock,The quiet shark outside the clocks,-7.90873384475708,-9.658733367919922,-10.922394752502441,-9.422394752502441,-8.66424560546875,-10.41424560546875,128
train,0,The calm dog outside the houses,The calm dogs outside the house,-7.228736400604248,-10.85373592376709,-9.528414726257324,-6.528414249420166,-7.899352073669434,-8.774352073669434,128
train,1,The calm dogs outside the house,The calm dog outside the houses,-6.528414249420166,-9.528414726257324,-10.85373592376709,-7.228736400604248,-7.232426643371582,-7.607426643371582,128
train,0,The slender pup behind the bolts,The slender pups behind the bolt,-13.953104019165039,-15.640604019165039,-21.189971923828125,-17.189971923828125,-19.440649032592773,-17.940649032592773,128
train,1,The slender pups behind the bolt,The slender pup behind the bolts,-17.189971923828125,-21.189971923828125,-15.640604019165039,-13.953104019165039,-13.106590270996094,-14.481590270996094,128
train,0,The small frog around the tanks,The small frogs around the tank,-7.9959397315979,-10.745940208435059,-8.207791328430176,-2.4577910900115967,-6.320942401885986,-4.945942401885986,128
train,1,The small frogs around the tank,The small frog around the tanks,-2.4577910900115967,-8.207791328430176,-10.745940208435059,-7.9959397315979,-6.350045680999756,-7.600045680999756,128
train,0,The fuzzy panda outside the pots,The fuzzy pandas outside the pot,-4.6453857421875,-8.1453857421875,-6.585392951965332,-4.585392951965332,-4.389222621917725,-7.514222621917725,128
train,1,The fuzzy pandas outside the pot,The fuzzy panda outside the pots,-4.585392951965332,-6.585392951965332,-8.1453857421875,-4.6453857421875,-5.651987075805664,-5.401987075805664,128
train,0,The small panda behind the bolts,The small pandas behind the bolt,-6.6259918212890625,-11.063491821289062,-11.406353950500488,-8.531353950500488,-9.039454460144043,-10.789454460144043,128
train,1,The small pandas behind the bolt,The small panda behind the bolts,-8.531353950500488,-11.406353950500488,-11.063491821289062,-6.6259918212890625,-7.371491432189941,-7.371491432189941,128
train,0,The quiet turtle around the dams,The quiet turtles around the dam,-5.944683074951172,-8.069683074951172,-9.502429008483887,-3.9399285316467285,-7.573596954345703,-5.698596954345703,128
train,1,The quiet turtles around the dam,The quiet turtle around the dams,-3.9399285316467285,-9.502429008483887,-8.069683074951172,-5.944683074951172,-3.85111403465271,-6.601113796234131,128
train,0,The nervous dog around the benches,The nervous dogs around the bench,-6.587888717651367,-8.837888717651367,-8.900646209716797,-4.650646209716797,-7.2230730056762695,-6.7230730056762695,128
train,1,The nervous dogs around the bench,The nervous dog around the benches,-4.650646209716797,-8.900646209716797,-8.837888717651367,-6.587888717651367,-5.749675750732422,-6.624675750732422,128
train,0,The sleepy kitten beneath the logs,The sleepy kittens beneath the log,-5.520516395568848,-11.770516395568848,-11.651152610778809,-7.901152610778809,-9.041664123535156,-8.916664123535156,128
train,1,The sleepy kittens beneath the log,The sleepy kitten beneath the logs,-7.901152610778809,-11.651152610778809,-11.770516395568848,-5.520516395568848,-6.719946384429932,-6.719946384429932,128
train,0,The quiet monitor beneath the chains,The quiet monitors beneath the chain,-6.0287675857543945,-10.591267585754395,-10.631669998168945,-10.381669998168945,-9.882246017456055,-11.569746017456055,128
train,1,The quiet monitors beneath the chain,The quiet monitor beneath the chains,-10.381669998168945,-10.631669998168945,-10.591267585754395,-6.0287675857543945,-5.952357292175293,-6.077357292175293,128
train,0,The small panda past the vines,The small pandas past the vine,-15.911028861999512,-18.161029815673828,-17.974660873413086,-17.037160873413086,-16.750591278076172,-17.188091278076172,128
train,1,The small pandas past the vine,The small panda past the vines,-17.037160873413086,-17.974660873413086,-18.161029815673828,-15.911028861999512,-16.188621520996094,-16.688621520996094,128
train,0,The timid kitten outside the towers,The timid kittens outside the tower,-6.6727728843688965,-11.860273361206055,-11.111737251281738,-5.799237251281738,-8.17725944519043,-7.427259922027588,128
train,1,The timid kittens outside the tower,The timid kitten outside the towers,-5.799237251281738,-11.111737251281738,-11.860273361206055,-6.6727728843688965,-6.7839741706848145,-7.5339741706848145,128
train,0,The sleepy frog behind the valves,The sleepy frogs behind the valve,-6.654003620147705,-11.091503143310547,-10.485030174255371,-6.172529697418213,-8.309627532958984,-7.934627056121826,128
train,1,The sleepy frogs behind the valve,The sleepy frog behind the valves,-6.172529697418213,-10.485030174255371,-11.091503143310547,-6.654003620147705,-6.398124694824219,-7.523124694824219,128
train,0,The sleepy monitor around the belts,The sleepy monitors around the belt,-7.418168067932129,-8.668168067932129,-9.768203735351562,-4.7057037353515625,-8.056839942932129,-6.681839466094971,128
train,1,The sleepy monitors around the belt,The sleepy monitor around the belts,-4.7057037353515625,-9.768203735351562,-8.668168067932129,-7.418168067932129,-5.683709621429443,-8.308709144592285,128
train,0,The timid pup around the benches,The timid pups around the bench,-14.452102661132812,-17.202102661132812,-17.2550106048584,-13.567510604858398,-15.211113929748535,-14.461113929748535,128
train,1,The timid pups around the bench,The timid pup around the benches,-13.567510604858398,-17.2550106048584,-17.202102661132812,-14.452102661132812,-14.243906021118164,-15.806406021118164,128
train,0,The quiet monitor outside the towers,The quiet monitors outside the tower,-6.35767936706543,-11.35767936706543,-10.439773559570312,-5.564773082733154,-7.563573837280273,-7.438573837280273,128
train,1,The quiet monitors outside the tower,The quiet monitor outside the towers,-5.564773082733154,-10.439773559570312,-11.35767936706543,-6.35767936706543,-6.797545909881592,-6.797545909881592,128
train,0,The calm cow around the walls,The calm cows around the wall,-9.43368911743164,-11.93368911743164,-12.128718376159668,-9.003718376159668,-11.131016731262207,-11.131016731262207,128
train,1,The calm cows around the wall,The calm cow around the walls,-9.003718376159668,-12.128718376159668,-11.93368911743164,-9.43368911743164,-8.78225326538086,-9.90725326538086,128
train,0,The fuzzy lion behind the valves,The fuzzy lions behind the valve,-6.1678385734558105,-10.855338096618652,-9.709898948669434,-6.584899425506592,-7.742162227630615,-8.117161750793457,128
train,1,The fuzzy lions behind the valve,The fuzzy lion behind the valves,-6.584899425506592,-9.709898948669434,-10.855338096618652,-6.1678385734558105,-6.593736171722412,-7.343736171722412,128
train,0,The small frog behind the crates,The small frogs behind the crate,-4.9413743019104,-10.816374778747559,-9.422161102294922,-4.422161102294922,-7.901623725891113,-6.651623725891113,128
train,1,The small frogs behind the crate,The small frog behind the crates,-4.422161102294922,-9.422161102294922,-10.816374778747559,-4.9413743019104,-5.0155029296875,-5.0155029296875,128
train,0,The calm whale outside the benches,The calm whales outside the bench,-5.129223823547363,-8.879223823547363,-8.724724769592285,-5.974725246429443,-6.905613422393799,-7.780613422393799,128
train,1,The calm whales outside the bench,The calm whale outside the benches,-5.974725246429443,-8.724724769592285,-8.879223823547363,-5.129223823547363,-5.412670135498047,-6.287670135498047,128
train,0,The slender monitor around the carts,The slender monitors around the cart,-4.380706310272217,-7.505706310272217,-10.524431228637695,-3.8369314670562744,-6.674616813659668,-5.549616813659668,128
train,1,The slender monitors around the cart,The slender monitor around the carts,-3.8369314670562744,-10.524431228637695,-7.505706310272217,-4.380706310272217,-3.763075351715088,-5.513075351715088,128
train,0,The nervous rat outside the clocks,The nervous rats outside the clock,-8.891975402832031,-10.641975402832031,-10.738879203796387,-7.363879203796387,-8.990256309509277,-9.615256309509277,128
train,1,The nervous rats outside the clock,The nervous rat outside the clocks,-7.363879203796387,-10.738879203796387,-10.641975402832031,-8.891975402832031,-7.607924461364746,-10.107924461364746,128
train,0,The quiet shark past the plants,The quiet sharks past the plant,-17.89537239074707,-19.20787239074707,-18.78167724609375,-17.78167724609375,-18.42656135559082,-18.36406135559082,128
train,1,The quiet sharks past the plant,The quiet shark past the plants,-17.78167724609375,-18.78167724609375,-19.20787239074707,-17.89537239074707,-18.029579162597656,-18.904579162597656,128
train,0,The bright kitten past the signs,The bright kittens past the sign,-9.561359405517578,-11.248859405517578,-9.576133728027344,-8.201133728027344,-8.581313133239746,-10.018813133239746,128
train,1,The bright kittens past the sign,The bright kitten past the signs,-8.201133728027344,-9.576133728027344,-11.248859405517578,-9.561359405517578,-9.22426700592041,-9.97426700592041,128
train,0,The quiet dog around the dams,The quiet dogs around the dam,-6.112202167510986,-8.237201690673828,-9.300366401672363,-5.050366401672363,-7.497507572174072,-6.747507572174072,128
train,1,The quiet dogs around the dam,The quiet dog around the dams,-5.050366401672363,-9.300366401672363,-8.237201690673828,-6.112202167510986,-5.272249221801758,-6.647249221801758,128
train,0,The small frog outside the windows,The small frogs outside the window,-11.175280570983887,-13.237780570983887,-16.33645248413086,-12.77395248413086,-15.032097816467285,-13.782097816467285,128
train,1,The small frogs outside the window,The small frog outside the windows,-12.77395248413086,-16.33645248413086,-13.237780570983887,-11.175280570983887,-12.311532020568848,-11.749032020568848,128
train,0,The small whale outside the stools,The small whales outside the stool,-16.9860897064209,-19.2985897064209,-21.323827743530273,-18.761327743530273,-19.887636184692383,-20.075136184692383,128
train,1,The small whales outside the stool,The small whale outside the stools,-18.761327743530273,-21.323827743530273,-19.2985897064209,-16.9860897064209,-17.45567512512207,-18.20567512512207,128
train,0,The nervous frog beneath the chains,The nervous frogs beneath the chain,-14.852925300598145,-16.35292625427246,-14.421728134155273,-14.046728134155273,-14.346904754638672,-14.846904754638672,128
train,1,The nervous frogs beneath the chain,The nervous frog beneath the chains,-14.046728134155273,-14.421728134155273,-16.35292625427246,-14.852925300598145,-14.178295135498047,-14.803295135498047,128
train,0,The calm monitor beneath the barrels,The calm monitors beneath the barrel,-5.636155128479004,-11.073655128479004,-11.50862979888916,-9.25862979888916,-9.01669979095459,-11.26669979095459,128
train,1,The calm monitors beneath the barrel,The calm monitor beneath the barrels,-9.25862979888916,-11.50862979888916,-11.073655128479004,-5.636155128479004,-8.089595794677734,-6.339595794677734,128
train,0,The fuzzy chick outside the drums,The fuzzy chicks outside the drum,-7.394526481628418,-10.144526481628418,-6.036288261413574,-4.286288261413574,-5.368927478790283,-6.743927478790283,128
train,1,The fuzzy chicks outside the drum,The fuzzy chick outside the drums,-4.286288261413574,-6.036288261413574,-10.144526481628418,-7.394526481628418,-7.192628383636475,-7.567628383636475,128
train,0,The small kit around the walls,The small kits around the wall,-5.849063396453857,-8.5990629196167,-10.142790794372559,-7.5177903175354,-9.272737503051758,-9.522737503051758,128
train,1,The small kits around the wall,The small kit around the walls,-7.5177903175354,-10.142790794372559,-8.5990629196167,-5.849063396453857,-5.819037437438965,-6.319037437438965,128
train,0,The calm kitten beneath the boxes,The calm kittens beneath the box,-7.523787021636963,-12.586287498474121,-13.269980430603027,-10.519980430603027,-11.770337104797363,-12.770337104797363,128
train,1,The calm kittens beneath the box,The calm kitten beneath the boxes,-10.519980430603027,-13.269980430603027,-12.586287498474121,-7.523787021636963,-8.400263786315918,-8.900263786315918,128
train,0,The timid rat outside the tables,The timid rats outside the table,-15.895772933959961,-18.02077293395996,-18.767559051513672,-13.955060005187988,-16.262226104736328,-15.637226104736328,128
train,1,The timid rats outside the table,The timid rat outside the tables,-13.955060005187988,-18.767559051513672,-18.02077293395996,-15.895772933959961,-15.892860412597656,-16.892860412597656,128
train,0,The fuzzy panda outside the cabins,The fuzzy pandas outside the cabin,-12.720738410949707,-14.970738410949707,-16.774084091186523,-13.461584091186523,-14.288019180297852,-14.663019180297852,128
train,1,The fuzzy pandas outside the cabin,The fuzzy panda outside the cabins,-13.461584091186523,-16.774084091186523,-14.970738410949707,-12.720738410949707,-13.187018394470215,-13.749518394470215,128
train,0,The calm lion around the tanks,The calm lions around the tank,-6.843861103057861,-10.718860626220703,-8.856762886047363,-4.231762886047363,-6.716500759124756,-6.216500759124756,128
train,1,The calm lions around the tank,The calm lion around the tanks,-4.231762886047363,-8.856762886047363,-10.718860626220703,-6.843861103057861,-5.757728099822998,-7.132728099822998,128
train,0,The timid chick beneath the chains,The timid chicks beneath the chain,-6.061835289001465,-9.374335289001465,-11.576948165893555,-9.264448165893555,-10.512417793273926,-10.637417793273926,128
train,1,The timid chicks beneath the chain,The timid chick beneath the chains,-9.264448165893555,-11.576948165893555,-9.374335289001465,-6.061835289001465,-4.865676403045654,-6.865676403045654,128
train,0,The timid rabbit outside the tables,The timid rabbits outside the table,-17.149885177612305,-19.962385177612305,-20.325489044189453,-19.887989044189453,-20.134645462036133,-21.165895462036133,128
train,1,The timid rabbits outside the table,The timid rabbit outside the tables,-19.887989044189453,-20.325489044189453,-19.962385177612305,-17.149885177612305,-19.58678436279297,-17.89928436279297,128
train,0,The calm doe beneath the boxes,The calm does beneath the box,-15.10378646850586,-17.66628646850586,-19.319164276123047,-18.506664276123047,-18.885845184326172,-18.510845184326172,128
train,1,The calm does beneath the box,The calm doe beneath the boxes,-18.506664276123047,-19.319164276123047,-17.66628646850586,-15.10378646850586,-17.434612274169922,-15.309612274169922,128
train,0,The nervous cow behind the rocks,The nervous cows behind the rock,-14.823589324951172,-17.448589324951172,-20.82460594177246,-17.63710594177246,-19.889148712158203,-18.826648712158203,128
train,1,The nervous cows behind the rock,The nervous cow behind the rocks,-17.63710594177246,-20.82460594177246,-17.448589324951172,-14.823589324951172,-14.778814315795898,-15.528814315795898,128
train,0,The sleepy cock behind the cabins,The sleepy cocks behind the cabin,-7.987808704376221,-10.487808227539062,-11.895134925842285,-9.645134925842285,-10.657191276550293,-10.907191276550293,128
train,1,The sleepy cocks behind the cabin,The sleepy cock behind the cabins,-9.645134925842285,-11.895134925842285,-10.487808227539062,-7.987808704376221,-9.608769416809082,-9.108769416809082,128
train,0,The sleepy chick around the stools,The sleepy chicks around the stool,-15.457392692565918,-17.1448917388916,-19.196060180664062,-17.008560180664062,-18.39019203186035,-17.76519203186035,128
train,1,The sleepy chicks around the stool,The sleepy chick around the stools,-17.008560180664062,-19.196060180664062,-17.1448917388916,-15.457392692565918,-15.683177947998047,-16.245677947998047,128
train,0,The quiet rat beneath the columns,The quiet rats beneath the column,-6.2533416748046875,-11.628341674804688,-9.518412590026855,-5.3934125900268555,-7.378056526184082,-7.003056526184082,128
train,1,The quiet rats beneath the column,The quiet rat beneath the columns,-5.3934125900268555,-9.518412590026855,-11.628341674804688,-6.2533416748046875,-6.588197708129883,-6.838197708129883,128
train,0,The slender turtle past the vines,The slender turtles past the vine,-8.875126838684082,-12.125126838684082,-11.019706726074219,-9.457206726074219,-9.488422393798828,-10.550922393798828,128
train,1,The slender turtles past the vine,The slender turtle past the vines,-9.457206726074219,-11.019706726074219,-12.125126838684082,-8.875126838684082,-8.928719520568848,-10.053719520568848,128
train,0,The timid cow around the benches,The timid cows around the bench,-5.522846221923828,-8.022846221923828,-9.952535629272461,-4.015035152435303,-7.6501383781433105,-5.2751383781433105,128
train,1,The timid cows around the bench,The timid cow around the benches,-4.015035152435303,-9.952535629272461,-8.022846221923828,-5.522846221923828,-3.9784390926361084,-6.7284393310546875,128
train,0,The nervous rabbit around the dams,The nervous rabbits around the dam,-6.463686943054199,-7.088686943054199,-9.912137031555176,-6.037137031555176,-8.418436050415039,-8.043436050415039,128
train,1,The nervous rabbits around the dam,The nervous rabbit around the dams,-6.037137031555176,-9.912137031555176,-7.088686943054199,-6.463686943054199,-4.942000865936279,-7.692000865936279,128
train,0,The timid rat around the benches,The timid rats around the bench,-14.032102584838867,-14.907102584838867,-15.906864166259766,-11.781864166259766,-14.797151565551758,-13.234651565551758,128
train,1,The timid rats around the bench,The timid rat around the benches,-11.781864166259766,-15.906864166259766,-14.907102584838867,-14.032102584838867,-12.192314147949219,-14.317314147949219,128
train,0,The small dolphin past the logs,The small dolphins past the log,-6.491730690002441,-9.741730690002441,-9.208964347839355,-7.9589643478393555,-8.134696006774902,-9.384696006774902,128
train,1,The small dolphins past the log,The small dolphin past the logs,-7.9589643478393555,-9.208964347839355,-9.741730690002441,-6.491730690002441,-6.65564489364624,-7.53064489364624,128
train,0,The calm lion outside the cabins,The calm lions outside the cabin,-6.636699199676514,-11.011698722839355,-10.289444923400879,-6.039444446563721,-7.6676740646362305,-7.6676740646362305,128
train,1,The calm lions outside the cabin,The calm lion outside the cabins,-6.039444446563721,-10.289444923400879,-11.011698722839355,-6.636699199676514,-6.838089466094971,-7.963089466094971,128
train,0,The fuzzy horse beneath the boilers,The fuzzy horses beneath the boiler,-4.34805154800415,-9.535551071166992,-7.467106342315674,-3.5921061038970947,-5.306835174560547,-5.431835174560547,128
train,1,The fuzzy horses beneath the boiler,The fuzzy horse beneath the boilers,-3.5921061038970947,-7.467106342315674,-9.535551071166992,-4.34805154800415,-3.4653284549713135,-4.340328216552734,128
train,0,The bright pup outside the cabins,The bright pups outside the cabin,-6.04229736328125,-8.29229736328125,-11.147867202758789,-6.647867202758789,-8.40326976776123,-7.4032697677612305,128
train,1,The bright pups outside the cabin,The bright pup outside the cabins,-6.647867202758789,-11.147867202758789,-8.29229736328125,-6.04229736328125,-6.359694004058838,-7.859694004058838,128
train,0,The timid dog outside the clocks,The timid dogs outside the clock,-7.506002902984619,-9.631003379821777,-9.871101379394531,-7.496101379394531,-7.558744430541992,-8.433744430541992,128
train,1,The timid dogs outside the clock,The timid dog outside the clocks,-7.496101379394531,-9.871101379394531,-9.631003379821777,-7.506002902984619,-6.960653781890869,-8.585653305053711,128
train,0,The timid lion beneath the walls,The timid lions beneath the wall,-6.2518768310546875,-11.814376831054688,-11.314886093139648,-7.064886569976807,-9.1072416305542,-8.2322416305542,128
train,1,The timid lions beneath the wall,The timid lion beneath the walls,-7.064886569976807,-11.314886093139648,-11.814376831054688,-6.2518768310546875,-6.806131362915039,-7.556131362915039,128
train,0,The fuzzy cow behind the houses,The fuzzy cows behind the house,-7.458375930786133,-10.833375930786133,-10.792091369628906,-6.917091369628906,-9.426536560058594,-8.426536560058594,128
train,1,The fuzzy cows behind the house,The fuzzy cow behind the houses,-6.917091369628906,-10.792091369628906,-10.833375930786133,-7.458375930786133,-7.190406322479248,-7.940406322479248,128
train,0,The calm chick outside the drums,The calm chicks outside the drum,-16.838165283203125,-17.869415283203125,-16.52387046813965,-15.148870468139648,-16.082183837890625,-16.269683837890625,128
train,1,The calm chicks outside the drum,The calm chick outside the drums,-15.148870468139648,-16.52387046813965,-17.869415283203125,-16.838165283203125,-16.462509155273438,-17.306259155273438,128
train,0,The slender panda beneath the boxes,The slender pandas beneath the box,-5.603564739227295,-10.228565216064453,-11.132328033447266,-8.257328033447266,-8.384567260742188,-10.009567260742188,128
train,1,The slender pandas beneath the box,The slender panda beneath the boxes,-8.257328033447266,-11.132328033447266,-10.228565216064453,-5.603564739227295,-5.395707607269287,-6.520707607269287,128
train,0,The nervous shark around the thresholds,The nervous sharks around the threshold,-17.2141056060791,-18.7141056060791,-21.254798889160156,-18.692298889160156,-19.771390914916992,-20.021390914916992,128
train,1,The nervous sharks around the threshold,The nervous shark around the thresholds,-18.692298889160156,-21.254798889160156,-18.7141056060791,-17.2141056060791,-16.97796058654785,-18.29046058654785,128
train,0,The slender dog beneath the boilers,The slender dogs beneath the boiler,-2.951436996459961,-6.951436996459961,-6.862368106842041,-3.362368106842041,-4.598991394042969,-4.598991394042969,128
train,1,The slender dogs beneath the boiler,The slender dog beneath the boilers,-3.362368106842041,-6.862368106842041,-6.951436996459961,-2.951436996459961,-2.7806484699249268,-3.4056484699249268,128
train,0,The timid dolphin outside the pipes,The timid dolphins outside the pipe,-5.747540473937988,-8.497540473937988,-8.026406288146973,-5.2764058113098145,-7.280594348907471,-7.280594348907471,128
train,1,The timid dolphins outside the pipe,The timid dolphin outside the pipes,-5.2764058113098145,-8.026406288146973,-8.497540473937988,-5.747540473937988,-4.704166889190674,-6.954166889190674,128
train,0,The small pup past the cables,The small pups past the cable,-7.730866432189941,-10.730866432189941,-10.104531288146973,-8.604531288146973,-9.088114738464355,-10.088114738464355,128
train,1,The small pups past the cable,The small pup past the cables,-8.604531288146973,-10.104531288146973,-10.730866432189941,-7.730866432189941,-8.124871253967285,-8.749871253967285,128
train,0,The slender dog outside the windows,The slender dogs outside the window,-4.549948692321777,-8.174948692321777,-10.645355224609375,-5.707855224609375,-7.628384590148926,-6.128384590148926,128
train,1,The slender dogs outside the window,The slender dog outside the windows,-5.707855224609375,-10.645355224609375,-8.174948692321777,-4.549948692321777,-5.623935222625732,-5.998935222625732,128
train,0,The calm frog around the stools,The calm frogs around the stool,-8.724639892578125,-11.474639892578125,-11.630508422851562,-9.505508422851562,-10.508795738220215,-11.383795738220215,128
train,1,The calm frogs around the stool,The calm frog around the stools,-9.505508422851562,-11.630508422851562,-11.474639892578125,-8.724639892578125,-9.035420417785645,-9.785420417785645,128
train,0,The small cow behind the pans,The small cows behind the pan,-3.6168465614318848,-4.616846561431885,-3.406749725341797,-2.656749725341797,-2.0438997745513916,-4.543900012969971,128
train,1,The small cows behind the pan,The small cow behind the pans,-2.656749725341797,-3.406749725341797,-4.616846561431885,-3.6168465614318848,-4.137139797210693,-5.137139797210693,128
train,0,The fuzzy dog around the tanks,The fuzzy dogs around the tank,-17.73744010925293,-18.36244010925293,-19.451465606689453,-17.201465606689453,-19.046873092651367,-18.984373092651367,128
train,1,The fuzzy dogs around the tank,The fuzzy dog around the tanks,-17.201465606689453,-19.451465606689453,-18.36244010925293,-17.73744010925293,-16.758804321289062,-17.883804321289062,128
train,0,The small lion behind the bolts,The small lions behind the bolt,-6.701521873474121,-11.326521873474121,-12.50202465057373,-8.87702465057373,-10.377108573913574,-11.002108573913574,128
train,1,The small lions behind the bolt,The small lion behind the bolts,-8.87702465057373,-12.50202465057373,-11.326521873474121,-6.701521873474121,-6.37583065032959,-7.37583065032959,128
train,0,The small dog outside the cabins,The small dogs outside the cabin,-5.194985866546631,-9.194985389709473,-9.491671562194824,-3.9916720390319824,-6.109106063842773,-5.484106063842773,128
train,1,The small dogs outside the cabin,The small dog outside the cabins,-3.9916720390319824,-9.491671562194824,-9.194985389709473,-5.194985866546631,-5.107017517089844,-6.857017517089844,128
train,0,The bright bat behind the valves,The bright bats behind the valve,-14.671308517456055,-16.358808517456055,-16.2597599029541,-13.697260856628418,-15.914200782775879,-14.664200782775879,128
train,1,The bright bats behind the valve,The bright bat behind the valves,-13.697260856628418,-16.2597599029541,-16.358808517456055,-14.671308517456055,-14.253528594970703,-15.316028594970703,128
train,0,The calm dolphin beneath the boxes,The calm dolphins beneath the box,-15.724950790405273,-16.474950790405273,-16.82493782043457,-16.01243782043457,-16.575912475585938,-16.075912475585938,128
train,1,The calm dolphins beneath the box,The calm dolphin beneath the boxes,-16.01243782043457,-16.82493782043457,-16.474950790405273,-15.724950790405273,-15.042537689208984,-16.417537689208984,128
train,0,The nervous shark beneath the chairs,The nervous sharks beneath the chair,-6.9464216232299805,-10.94642162322998,-9.11269760131836,-6.737697601318359,-7.0266313552856445,-8.151631355285645,128
train,1,The nervous sharks beneath the chair,The nervous shark beneath the chairs,-6.737697601318359,-9.11269760131836,-10.94642162322998,-6.9464216232299805,-7.152559280395508,-7.902559280395508,128
train,0,The nervous frog outside the tables,The nervous frogs outside the table,-7.01824426651001,-9.893244743347168,-9.279786109924316,-6.154786586761475,-8.082491874694824,-8.082491874694824,128
train,1,The nervous frogs outside the table,The nervous frog outside the tables,-6.154786586761475,-9.279786109924316,-9.893244743347168,-7.01824426651001,-6.536893844604492,-7.911893844604492,128
train,0,The calm rabbit beneath the boxes,The calm rabbits beneath the box,-16.98684310913086,-18.36184310913086,-21.570009231567383,-19.132509231567383,-20.570772171020508,-20.195772171020508,128
train,1,The calm rabbits beneath the box,The calm rabbit beneath the boxes,-19.132509231567383,-21.570009231567383,-18.36184310913086,-16.98684310913086,-16.477340698242188,-18.227340698242188,128
train,0,The calm monitor behind the bolts,The calm monitors behind the bolt,-7.44771671295166,-12.51021671295166,-13.125956535339355,-11.250956535339355,-11.251376152038574,-13.626376152038574,128
train,1,The calm monitors behind the bolt,The calm monitor behind the bolts,-11.250956535339355,-13.125956535339355,-12.51021671295166,-7.44771671295166,-9.345958709716797,-7.720958709716797,128
train,0,The small rabbit past the cables,The small rabbits past the cable,-7.571488380432129,-10.196488380432129,-10.225282669067383,-8.725282669067383,-9.321189880371094,-10.446189880371094,128
train,1,The small rabbits past the cable,The small rabbit past the cables,-8.725282669067383,-10.225282669067383,-10.196488380432129,-7.571488380432129,-7.180149078369141,-8.30514907836914,128
train,0,The calm dolphin beneath the trenches,The calm dolphins beneath the trench,-6.91172456741333,-11.474225044250488,-10.031205177307129,-7.781205177307129,-9.158205032348633,-10.033205032348633,128
train,1,The calm dolphins beneath the trench,The calm dolphin beneath the trenches,-7.781205177307129,-10.031205177307129,-11.474225044250488,-6.91172456741333,-6.5281291007995605,-7.9031291007995605,128
train,0,The fuzzy frog behind the crates,The fuzzy frogs behind the crate,-14.871567726135254,-18.40281867980957,-18.989673614501953,-17.052173614501953,-18.12047004699707,-18.37047004699707,128
train,1,The fuzzy frogs behind the crate,The fuzzy frog behind the crates,-17.052173614501953,-18.989673614501953,-18.40281867980957,-14.871567726135254,-15.794668197631836,-15.794668197631836,128
train,0,The small monitor outside the benches,The small monitors outside the bench,-2.5585403442382812,-7.433540344238281,-8.736507415771484,-3.1115071773529053,-5.427935600280762,-4.427935600280762,128
train,1,The small monitors outside the bench,The small monitor outside the benches,-3.1115071773529053,-8.736507415771484,-7.433540344238281,-2.5585403442382812,-2.267197608947754,-3.767197608947754,128
train,0,The nervous panda behind the windows,The nervous pandas behind the window,-6.93469762802124,-10.184698104858398,-10.19763469696045,-8.57263469696045,-8.439229011535645,-10.314229011535645,128
train,1,The nervous pandas behind the window,The nervous panda behind the windows,-8.57263469696045,-10.19763469696045,-10.184698104858398,-6.93469762802124,-7.964147567749023,-7.589147567749023,128
train,0,The small dolphin beneath the barrels,The small dolphins beneath the barrel,-5.187986373901367,-10.437986373901367,-12.254565238952637,-8.879565238952637,-10.381251335144043,-10.881251335144043,128
train,1,The small dolphins beneath the barrel,The small dolphin beneath the barrels,-8.879565238952637,-12.254565238952637,-10.437986373901367,-5.187986373901367,-4.8186421394348145,-6.5686421394348145,128
train,0,The nervous bat behind the windows,The nervous bats behind the window,-5.757479667663574,-8.569979667663574,-9.67885684967041,-7.42885684967041,-7.469593524932861,-10.219593048095703,128
train,1,The nervous bats behind the window,The nervous bat behind the windows,-7.42885684967041,-9.67885684967041,-8.569979667663574,-5.757479667663574,-5.952280044555664,-6.202280044555664,128
train,0,The sleepy whale around the columns,The sleepy whales around the column,-15.958456993103027,-16.33345603942871,-17.679866790771484,-15.117366790771484,-17.380813598632812,-16.193313598632812,128
train,1,The sleepy whales around the column,The sleepy whale around the columns,-15.117366790771484,-17.679866790771484,-16.33345603942871,-15.958456993103027,-14.114046096801758,-16.239046096801758,128
train,0,The sleepy shark behind the plants,The sleepy sharks behind the plant,-8.266343116760254,-12.953843116760254,-10.316154479980469,-8.941154479980469,-9.692325592041016,-11.442325592041016,128
train,1,The sleepy sharks behind the plant,The sleepy shark behind the plants,-8.941154479980469,-10.316154479980469,-12.953843116760254,-8.266343116760254,-8.984251022338867,-8.734251022338867,128
train,0,The timid kitten outside the tables,The timid kittens outside the table,-15.007954597473145,-15.757954597473145,-19.39188575744629,-14.204386711120605,-16.888368606567383,-15.513367652893066,128
train,1,The timid kittens outside the table,The timid kitten outside the tables,-14.204386711120605,-19.39188575744629,-15.757954597473145,-15.007954597473145,-14.620538711547852,-16.49553871154785,128
train,0,The small kit past the vines,The small kits past the vine,-17.118438720703125,-18.837188720703125,-18.439516067504883,-17.314516067504883,-17.959129333496094,-17.115379333496094,128
train,1,The small kits past the vine,The small kit past the vines,-17.314516067504883,-18.439516067504883,-18.837188720703125,-17.118438720703125,-17.72774887084961,-17.29024887084961,128
train,0,The small bat outside the stools,The small bats outside the stool,-16.394418716430664,-17.956918716430664,-19.573261260986328,-17.073261260986328,-17.889219284057617,-18.451719284057617,128
train,1,The small bats outside the stool,The small bat outside the stools,-17.073261260986328,-19.573261260986328,-17.956918716430664,-16.394418716430664,-16.418182373046875,-17.730682373046875,128
train,0,The timid kit beneath the columns,The timid kits beneath the column,-14.290815353393555,-15.228315353393555,-14.780813217163086,-12.968313217163086,-14.82809066772461,-13.82809066772461,128
train,1,The timid kits beneath the column,The timid kit beneath the columns,-12.968313217163086,-14.780813217163086,-15.228315353393555,-14.290815353393555,-14.096833229064941,-14.346833229064941,128
train,0,The fuzzy dog past the boxes,The fuzzy dogs past the box,-15.393177032470703,-16.705677032470703,-18.85688591003418,-17.60688591003418,-18.11271858215332,-18.30021858215332,128
train,1,The fuzzy dogs past the box,The fuzzy dog past the boxes,-17.60688591003418,-18.85688591003418,-16.705677032470703,-15.393177032470703,-15.434195518493652,-15.996695518493652,128
train,0,The timid lion past the barrels,The timid lions past the barrel,-8.322912216186523,-12.135412216186523,-11.8491792678833,-8.5991792678833,-9.779500961303711,-10.279500961303711,128
train,1,The timid lions past the barrel,The timid lion past the barrels,-8.5991792678833,-11.8491792678833,-12.135412216186523,-8.322912216186523,-8.532630920410156,-9.282630920410156,128
train,0,The nervous dolphin behind the windows,The nervous dolphins behind the window,-6.402798652648926,-9.340298652648926,-10.532268524169922,-8.907268524169922,-9.077218055725098,-10.702218055725098,128
train,1,The nervous dolphins behind the window,The nervous dolphin behind the windows,-8.907268524169922,-10.532268524169922,-9.340298652648926,-6.402798652648926,-7.043302059173584,-7.418302059173584,128
train,0,The timid panda past the barrels,The timid pandas past the barrel,-7.4482741355896,-10.198273658752441,-12.059590339660645,-10.684590339660645,-10.968347549438477,-12.905847549438477,128
train,1,The timid pandas past the barrel,The timid panda past the barrels,-10.684590339660645,-12.059590339660645,-10.198273658752441,-7.4482741355896,-7.550518035888672,-8.675518035888672,128
train,0,The small shark outside the stools,The small sharks outside the stool,-12.665193557739258,-14.540193557739258,-17.443309783935547,-14.380809783935547,-15.445724487304688,-15.258224487304688,128
train,1,The small sharks outside the stool,The small shark outside the stools,-14.380809783935547,-17.443309783935547,-14.540193557739258,-12.665193557739258,-13.177547454833984,-13.802547454833984,128
train,0,The bright kitten behind the valves,The bright kittens behind the valve,-14.312379837036133,-16.062379837036133,-17.987422943115234,-15.48742389678955,-17.2583065032959,-16.2583065032959,128
train,1,The bright kittens behind the valve,The bright kitten behind the valves,-15.48742389678955,-17.987422943115234,-16.062379837036133,-14.312379837036133,-14.562546730041504,-15.375046730041504,128
train,0,The small rabbit around the stools,The small rabbits around the stool,-8.258918762207031,-10.133918762207031,-13.253291130065918,-9.503291130065918,-10.882241249084473,-10.507241249084473,128
train,1,The small rabbits around the stool,The small rabbit around the stools,-9.503291130065918,-13.253291130065918,-10.133918762207031,-8.258918762207031,-7.734128475189209,-9.23412799835205,128
train,0,The small turtle around the tanks,The small turtles around the tank,-7.244116306304932,-9.494115829467773,-8.499458312988281,-1.9994580745697021,-5.980669021606445,-4.105669021606445,128
train,1,The small turtles around the tank,The small turtle around the tanks,-1.9994580745697021,-8.499458312988281,-9.494115829467773,-7.244116306304932,-5.162468910217285,-7.162468910217285,128
train,0,The timid lion outside the pipes,The timid lions outside the pipe,-6.061750888824463,-9.436751365661621,-8.50648307800293,-5.006483554840088,-7.527827262878418,-7.402827262878418,128
train,1,The timid lions outside the pipe,The timid lion outside the pipes,-5.006483554840088,-8.50648307800293,-9.436751365661621,-6.061750888824463,-5.5328826904296875,-6.7828826904296875,128
train,0,The sleepy frog beneath the statues,The sleepy frogs beneath the statue,-7.21463680267334,-10.33963680267334,-9.568008422851562,-5.193008899688721,-8.007500648498535,-7.132500171661377,128
train,1,The sleepy frogs beneath the statue,The sleepy frog beneath the statues,-5.193008899688721,-9.568008422851562,-10.33963680267334,-7.21463680267334,-7.445236682891846,-8.570237159729004,128
train,0,The nervous rabbit behind the windows,The nervous rabbits behind the window,-15.043872833251953,-17.481372833251953,-17.46620750427246,-15.528706550598145,-16.084226608276367,-16.834226608276367,128
train,1,The nervous rabbits behind the window,The nervous rabbit behind the windows,-15.528706550598145,-17.46620750427246,-17.481372833251953,-15.043872833251953,-15.98095417022705,-15.79345417022705,128
train,0,The bright monitor beneath the trenches,The bright monitors beneath the trench,-6.391236305236816,-12.203736305236816,-10.970803260803223,-6.408303260803223,-8.406455993652344,-8.156455993652344,128
train,1,The bright monitors beneath the trench,The bright monitor beneath the trenches,-6.408303260803223,-10.970803260803223,-12.203736305236816,-6.391236305236816,-6.063268661499023,-7.438268661499023,128
train,0,The fuzzy chick behind the crates,The fuzzy chicks behind the crate,-16.119524002075195,-17.057024002075195,-17.637426376342773,-15.512426376342773,-17.155475616455078,-16.405475616455078,128
train,1,The fuzzy chicks behind the crate,The fuzzy chick behind the crates,-15.512426376342773,-17.637426376342773,-17.057024002075195,-16.119524002075195,-15.847090721130371,-16.409589767456055,128
train,0,The fuzzy kit around the carts,The fuzzy kits around the cart,-4.572586536407471,-6.322586536407471,-8.511185646057129,-7.761186122894287,-7.018491744995117,-10.205991744995117,128
train,1,The fuzzy kits around the cart,The fuzzy kit around the carts,-7.761186122894287,-8.511185646057129,-6.322586536407471,-4.572586536407471,-4.3067426681518555,-5.5567426681518555,128
train,0,The slender pup outside the piles,The slender pups outside the pile,-14.964293479919434,-16.90179443359375,-17.765323638916016,-16.327823638916016,-17.611610412597656,-18.049110412597656,128
train,1,The slender pups outside the pile,The slender pup outside the piles,-16.327823638916016,-17.765323638916016,-16.90179443359375,-14.964293479919434,-15.12926959991455,-15.44176959991455,128
train,0,The timid dolphin around the dams,The timid dolphins around the dam,-4.517241477966309,-5.642241477966309,-8.824517250061035,-3.5745174884796143,-6.376132011413574,-4.251132011413574,128
train,1,The timid dolphins around the dam,The timid dolphin around the dams,-3.5745174884796143,-8.824517250061035,-5.642241477966309,-4.517241477966309,-2.515444755554199,-5.890444755554199,128
train,0,The timid chick past the screws,The timid chicks past the screw,-14.92039966583252,-16.982898712158203,-19.85919952392578,-18.01544952392578,-19.3002872467041,-18.2065372467041,128
train,1,The timid chicks past the screw,The timid chick past the screws,-18.01544952392578,-19.85919952392578,-16.982898712158203,-14.92039966583252,-14.786246299743652,-15.848746299743652,128
train,0,The sleepy dolphin beneath the boilers,The sleepy dolphins beneath the boiler,-4.31660795211792,-8.754107475280762,-8.75958251953125,-5.509582042694092,-7.224045753479004,-7.224045753479004,128
train,1,The sleepy dolphins beneath the boiler,The sleepy dolphin beneath the boilers,-5.509582042694092,-8.75958251953125,-8.754107475280762,-4.31660795211792,-2.593332290649414,-5.093332290649414,128
train,0,The bright shark beneath the trenches,The bright sharks beneath the trench,-6.311412811279297,-10.498912811279297,-9.984200477600098,-6.2342000007629395,-8.226183891296387,-8.726183891296387,128
train,1,The bright sharks beneath the trench,The bright shark beneath the trenches,-6.2342000007629395,-9.984200477600098,-10.498912811279297,-6.311412811279297,-5.640853404998779,-7.390853404998779,128
train,0,The quiet chick behind the signs,The quiet chicks behind the sign,-7.2188591957092285,-10.71885871887207,-9.19857120513916,-7.323571681976318,-8.29197883605957,-8.29197883605957,128
train,1,The quiet chicks behind the sign,The quiet chick behind the signs,-7.323571681976318,-9.19857120513916,-10.71885871887207,-7.2188591957092285,-8.158693313598633,-7.408693313598633,128
train,0,The calm turtle beneath the boxes,The calm turtles beneath the box,-15.139959335327148,-16.57745933532715,-18.70383644104004,-18.14133644104004,-19.077722549438477,-19.327722549438477,128
train,1,The calm turtles beneath the box,The calm turtle beneath the boxes,-18.14133644104004,-18.70383644104004,-16.57745933532715,-15.139959335327148,-14.275362014770508,-15.775362014770508,128
train,0,The quiet frog outside the pipes,The quiet frogs outside the pipe,-5.272309303283691,-9.397309303283691,-7.5031256675720215,-6.1281256675720215,-6.842164993286133,-8.217164993286133,128
train,1,The quiet frogs outside the pipe,The quiet frog outside the pipes,-6.1281256675720215,-7.5031256675720215,-9.397309303283691,-5.272309303283691,-5.492093563079834,-5.742093563079834,128
train,0,The fuzzy turtle outside the cabins,The fuzzy turtles outside the cabin,-14.399160385131836,-15.899160385131836,-17.988447189331055,-12.988447189331055,-15.509222030639648,-13.509222030639648,128
train,1,The fuzzy turtles outside the cabin,The fuzzy turtle outside the cabins,-12.988447189331055,-17.988447189331055,-15.899160385131836,-14.399160385131836,-14.24827766418457,-16.06077766418457,128
train,0,The timid whale around the thresholds,The timid whales around the threshold,-8.414677619934082,-11.914677619934082,-12.100214958190918,-7.850214958190918,-10.397849082946777,-9.147849082946777,128
train,1,The timid whales around the threshold,The timid whale around the thresholds,-7.850214958190918,-12.100214958190918,-11.914677619934082,-8.414677619934082,-7.287093162536621,-9.162093162536621,128
train,0,The sleepy whale behind the valves,The sleepy whales behind the valve,-7.892518043518066,-12.142518043518066,-11.287574768066406,-9.537574768066406,-9.933145523071289,-11.308145523071289,128
train,1,The sleepy whales behind the valve,The sleepy whale behind the valves,-9.537574768066406,-11.287574768066406,-12.142518043518066,-7.892518043518066,-8.11092758178711,-8.48592758178711,128
train,0,The sleepy turtle beneath the statues,The sleepy turtles beneath the statue,-7.699601650238037,-11.074601173400879,-10.342594146728516,-5.280094623565674,-8.498590469360352,-6.998590469360352,128
train,1,The sleepy turtles beneath the statue,The sleepy turtle beneath the statues,-5.280094623565674,-10.342594146728516,-11.074601173400879,-7.699601650238037,-7.4452290534973145,-8.695229530334473,128
train,0,The quiet dolphin past the screws,The quiet dolphins past the screw,-9.71059799194336,-11.89809799194336,-11.386932373046875,-10.886932373046875,-10.516762733459473,-11.641762733459473,128
train,1,The quiet dolphins past the screw,The quiet dolphin past the screws,-10.886932373046875,-11.386932373046875,-11.89809799194336,-9.71059799194336,-9.648344039916992,-11.273344039916992,128
train,0,The small panda beneath the boilers,The small pandas beneath the boiler,-11.885950088500977,-15.448450088500977,-17.99993896484375,-15.84368896484375,-15.746871948242188,-15.809371948242188,128
train,1,The small pandas beneath the boiler,The small panda beneath the boilers,-15.84368896484375,-17.99993896484375,-15.448450088500977,-11.885950088500977,-14.915206909179688,-14.352706909179688,128
train,0,The sleepy panda outside the stools,The sleepy pandas outside the stool,-6.239711761474609,-9.36471176147461,-12.393616676330566,-8.518616676330566,-10.14903450012207,-9.27403450012207,128
train,1,The sleepy pandas outside the stool,The sleepy panda outside the stools,-8.518616676330566,-12.393616676330566,-9.36471176147461,-6.239711761474609,-6.862344264984131,-7.737344264984131,128
train,0,The calm cock beneath the boxes,The calm cocks beneath the box,-13.367655754089355,-15.430155754089355,-16.257110595703125,-15.757110595703125,-15.823734283447266,-16.261234283447266,128
train,1,The calm cocks beneath the box,The calm cock beneath the boxes,-15.757110595703125,-16.257110595703125,-15.430155754089355,-13.367655754089355,-14.450423240661621,-13.762923240661621,128
train,0,The nervous shark outside the pipes,The nervous sharks outside the pipe,-7.649307727813721,-11.149308204650879,-8.987741470336914,-6.737741947174072,-8.156930923461914,-9.156930923461914,128
train,1,The nervous sharks outside the pipe,The nervous shark outside the pipes,-6.737741947174072,-8.987741470336914,-11.149308204650879,-7.649307727813721,-7.794289588928223,-8.044289588928223,128
train,0,The timid cow beneath the columns,The timid cows beneath the column,-13.980706214904785,-16.9494571685791,-18.31632423400879,-13.003824234008789,-17.20977783203125,-14.678526878356934,128
train,1,The timid cows beneath the column,The timid cow beneath the columns,-13.003824234008789,-18.31632423400879,-16.9494571685791,-13.980706214904785,-13.487287521362305,-15.487287521362305,128
train,0,The fuzzy frog behind the plants,The fuzzy frogs behind the plant,-6.469217777252197,-13.031717300415039,-7.9681291580200195,-4.0931291580200195,-6.308891773223877,-7.058891773223877,128
train,1,The fuzzy frogs behind the plant,The fuzzy frog behind the plants,-4.0931291580200195,-7.9681291580200195,-13.031717300415039,-6.469217777252197,-7.127208232879639,-7.127208232879639,128
train,0,The calm chick outside the benches,The calm chicks outside the bench,-4.669862747192383,-7.544862747192383,-9.672784805297852,-5.67278528213501,-7.57823371887207,-6.57823371887207,128
train,1,The calm chicks outside the bench,The calm chick outside the benches,-5.67278528213501,-9.672784805297852,-7.544862747192383,-4.669862747192383,-5.190685272216797,-5.690685272216797,128
train,0,The timid pup behind the rushes,The timid pups behind the rush,-14.654541015625,-18.342041015625,-15.411770820617676,-14.599270820617676,-15.539436340332031,-15.414436340332031,128
train,1,The timid pups behind the rush,The timid pup behind the rushes,-14.599270820617676,-15.411770820617676,-18.342041015625,-14.654541015625,-16.187297821044922,-15.374797821044922,128
train,0,The nervous rabbit beneath the chains,The nervous rabbits beneath the chain,-16.708797454833984,-18.958797454833984,-17.940122604370117,-16.877622604370117,-17.99561309814453,-17.68311309814453,128
train,1,The nervous rabbits beneath the chain,The nervous rabbit beneath the chains,-16.877622604370117,-17.940122604370117,-18.958797454833984,-16.708797454833984,-16.763715744018555,-17.638715744018555,128
train,0,The quiet cow beneath the chairs,The quiet cows beneath the chair,-17.921361923217773,-18.952611923217773,-19.527002334594727,-18.027002334594727,-18.847122192382812,-18.690872192382812,128
train,1,The quiet cows beneath the chair,The quiet cow beneath the chairs,-18.027002334594727,-19.527002334594727,-18.952611923217773,-17.921361923217773,-17.827436447143555,-18.889936447143555,128
train,0,The nervous bat beneath the chains,The nervous bats beneath the chain,-6.425828456878662,-8.42582893371582,-9.656652450561523,-9.031652450561523,-8.924864768981934,-11.112364768981934,128
train,1,The nervous bats beneath the chain,The nervous bat beneath the chains,-9.031652450561523,-9.656652450561523,-8.42582893371582,-6.425828456878662,-5.400530815124512,-6.900530815124512,128
train,0,The slender turtle past the logs,The slender turtles past the log,-19.336305618286133,-20.430055618286133,-22.482242584228516,-20.794742584228516,-21.47797203063965,-21.57172203063965,128
train,1,The slender turtles past the log,The slender turtle past the logs,-20.794742584228516,-22.482242584228516,-20.430055618286133,-19.336305618286133,-19.31978416442871,-20.16353416442871,128
train,0,The fuzzy chick outside the cabins,The fuzzy chicks outside the cabin,-15.506134033203125,-16.943634033203125,-17.583534240722656,-15.27103328704834,-16.551780700683594,-15.864280700683594,128
train,1,The fuzzy chicks outside the cabin,The fuzzy chick outside the cabins,-15.27103328704834,-17.583534240722656,-16.943634033203125,-15.506134033203125,-16.368776321411133,-16.681276321411133,128
train,0,The slender frog beneath the boilers,The slender frogs beneath the boiler,-2.703728199005127,-7.828728199005127,-6.930113792419434,-3.0551135540008545,-4.62553596496582,-4.50053596496582,128
train,1,The slender frogs beneath the boiler,The slender frog beneath the boilers,-3.0551135540008545,-6.930113792419434,-7.828728199005127,-2.703728199005127,-1.828852891921997,-3.578852891921997,128
train,0,The small kitten behind the houses,The small kittens behind the house,-15.849968910217285,-18.9749698638916,-16.826738357543945,-15.326738357543945,-15.826821327209473,-17.07682228088379,128
train,1,The small kittens behind the house,The small kitten behind the houses,-15.326738357543945,-16.826738357543945,-18.9749698638916,-15.849968910217285,-17.10496711730957,-16.35496711730957,128
train,0,The timid panda outside the pipes,The timid pandas outside the pipe,-5.581824779510498,-8.206825256347656,-8.303197860717773,-5.178197383880615,-6.638871192932129,-7.138871192932129,128
train,1,The timid pandas outside the pipe,The timid panda outside the pipes,-5.178197383880615,-8.303197860717773,-8.206825256347656,-5.581824779510498,-5.060179233551025,-6.560179233551025,128
train,0,The nervous rat beneath the chains,The nervous rats beneath the chain,-19.681276321411133,-20.962526321411133,-19.249296188354492,-18.218046188354492,-18.89252471923828,-18.89252471923828,128
train,1,The nervous rats beneath the chain,The nervous rat beneath the chains,-18.218046188354492,-19.249296188354492,-20.962526321411133,-19.681276321411133,-18.240127563476562,-19.896377563476562,128
train,0,The bright cock outside the cabins,The bright cocks outside the cabin,-6.7900285720825195,-8.16502857208252,-11.029699325561523,-7.654699325561523,-8.92574691772461,-8.55074691772461,128
train,1,The bright cocks outside the cabin,The bright cock outside the cabins,-7.654699325561523,-11.029699325561523,-8.16502857208252,-6.7900285720825195,-7.616641044616699,-7.866641044616699,128
train,0,The slender panda behind the bolts,The slender pandas behind the bolt,-16.607254028320312,-18.044754028320312,-18.943195343017578,-18.443195343017578,-18.633913040161133,-18.196413040161133,128
train,1,The slender pandas behind the bolt,The slender panda behind the bolts,-18.443195343017578,-18.943195343017578,-18.044754028320312,-16.607254028320312,-17.18383026123047,-17.49633026123047,128
train,0,The fuzzy rabbit past the vines,The fuzzy rabbits past the vine,-8.135563850402832,-11.948063850402832,-9.122980117797852,-8.622980117797852,-8.169708251953125,-9.794708251953125,128
train,1,The fuzzy rabbits past the vine,The fuzzy rabbit past the vines,-8.622980117797852,-9.122980117797852,-11.948063850402832,-8.135563850402832,-8.988512992858887,-8.613512992858887,128
train,0,The small rabbit around the towers,The small rabbits around the tower,-18.19607925415039,-19.25857925415039,-21.247312545776367,-16.309812545776367,-19.655466079711914,-17.530466079711914,128
train,1,The small rabbits around the tower,The small rabbit around the towers,-16.309812545776367,-21.247312545776367,-19.25857925415039,-18.19607925415039,-15.885140419006348,-18.32263946533203,128
train,0,The bright bat outside the benches,The bright bats outside the bench,-4.833864212036133,-8.208864212036133,-9.060699462890625,-4.810699939727783,-6.083317756652832,-6.583317756652832,128
train,1,The bright bats outside the bench,The bright bat outside the benches,-4.810699939727783,-9.060699462890625,-8.208864212036133,-4.833864212036133,-4.5736165046691895,-6.0736165046691895,128
train,0,The sleepy rabbit past the crates,The sleepy rabbits past the crate,-7.531379699707031,-10.843879699707031,-13.877947807312012,-12.752947807312012,-13.25259017944336,-14.50259017944336,128
train,1,The sleepy rabbits past the crate,The sleepy rabbit past the crates,-12.752947807312012,-13.877947807312012,-10.843879699707031,-7.531379699707031,-9.172640800476074,-8.797640800476074,128
train,0,The bright cock behind the valves,The bright cocks behind the valve,-17.793031692504883,-18.168031692504883,-18.27492332458496,-17.36867332458496,-18.210535049438477,-18.085535049438477,128
train,1,The bright cocks behind the valve,The bright cock behind the valves,-17.36867332458496,-18.27492332458496,-18.168031692504883,-17.793031692504883,-17.103755950927734,-17.416255950927734,128
train,0,The fuzzy lion outside the pots,The fuzzy lions outside the pot,-5.800166606903076,-9.675166130065918,-8.418501853942871,-4.793501377105713,-5.793179035186768,-7.043179035186768,128
train,1,The fuzzy lions outside the pot,The fuzzy lion outside the pots,-4.793501377105713,-8.418501853942871,-9.675166130065918,-5.800166606903076,-6.369924068450928,-6.994924068450928,128
train,0,The quiet kitten behind the signs,The quiet kittens behind the sign,-16.102209091186523,-18.352209091186523,-17.288406372070312,-15.850905418395996,-16.40241050720215,-17.15241050720215,128
train,1,The quiet kittens behind the sign,The quiet kitten behind the signs,-15.850905418395996,-17.288406372070312,-18.352209091186523,-16.102209091186523,-16.461284637451172,-16.898784637451172,128
train,0,The sleepy pup beneath the milestones,The sleepy pups beneath the milestone,-16.882692337036133,-18.632692337036133,-22.259471893310547,-17.446971893310547,-20.8222713470459,-18.7597713470459,128
train,1,The sleepy pups beneath the milestone,The sleepy pup beneath the milestones,-17.446971893310547,-22.259471893310547,-18.632692337036133,-16.882692337036133,-16.27902603149414,-17.84152603149414,128
train,0,The slender cock around the walls,The slender cocks around the wall,-14.504831314086914,-15.942331314086914,-16.135242462158203,-14.63524341583252,-15.709615707397461,-16.45961570739746,128
train,1,The slender cocks around the wall,The slender cock around the walls,-14.63524341583252,-16.135242462158203,-15.942331314086914,-14.504831314086914,-13.97646713256836,-14.85146713256836,128
train,0,The fuzzy dog behind the plants,The fuzzy dogs behind the plant,-6.984568119049072,-13.23456859588623,-7.950286388397217,-5.450286388397217,-6.750148773193359,-8.12514877319336,128
train,1,The fuzzy dogs behind the plant,The fuzzy dog behind the plants,-5.450286388397217,-7.950286388397217,-13.23456859588623,-6.984568119049072,-8.13630199432373,-7.5113019943237305,128
train,0,The nervous bat behind the windows,The nervous bats behind the window,-14.132479667663574,-14.882479667663574,-16.116355895996094,-15.99135684967041,-15.719593048095703,-16.532093048095703,128
train,1,The nervous bats behind the window,The nervous bat behind the windows,-15.99135684967041,-16.116355895996094,-14.882479667663574,-14.132479667663574,-14.264780044555664,-14.264780044555664,128
train,0,The sleepy cow around the belts,The sleepy cows around the belt,-8.483672142028809,-9.858672142028809,-9.603203773498535,-5.228203773498535,-8.333879470825195,-7.583878993988037,128
train,1,The sleepy cows around the belt,The sleepy cow around the belts,-5.228203773498535,-9.603203773498535,-9.858672142028809,-8.483672142028809,-6.745147228240967,-9.245146751403809,128
train,0,The nervous dolphin beneath the chains,The nervous dolphins beneath the chain,-17.278671264648438,-19.278671264648438,-18.925338745117188,-17.862838745117188,-18.3450870513916,-18.7200870513916,128
train,1,The nervous dolphins beneath the chain,The nervous dolphin beneath the chains,-17.862838745117188,-18.925338745117188,-19.278671264648438,-17.278671264648438,-16.61417579650879,-18.45792579650879,128
train,0,The quiet turtle behind the signs,The quiet turtles behind the sign,-8.666558265686035,-12.354058265686035,-9.743698120117188,-7.368698596954346,-8.787071228027344,-9.287071228027344,128
train,1,The quiet turtles behind the sign,The quiet turtle behind the signs,-7.368698596954346,-9.743698120117188,-12.354058265686035,-8.666558265686035,-8.323348045349121,-8.948348045349121,128
train,0,The fuzzy monitor behind the houses,The fuzzy monitors behind the house,-7.916624069213867,-11.916624069213867,-11.765519142150879,-7.640519142150879,-9.892630577087402,-9.642630577087402,128
train,1,The fuzzy monitors behind the house,The fuzzy monitor behind the houses,-7.640519142150879,-11.765519142150879,-11.916624069213867,-7.916624069213867,-7.543672561645508,-8.168672561645508,128
train,0,The slender dolphin past the logs,The slender dolphins past the log,-14.268556594848633,-16.393556594848633,-16.68143653869629,-16.11893653869629,-16.146528244018555,-16.834028244018555,128
train,1,The slender dolphins past the log,The slender dolphin past the logs,-16.11893653869629,-16.68143653869629,-16.393556594848633,-14.268556594848633,-14.755178451538086,-15.192678451538086,128
train,0,The timid cow outside the tables,The timid cows outside the table,-17.945974349975586,-19.133474349975586,-19.039663314819336,-16.664663314819336,-18.66297721862793,-18.35047721862793,128
train,1,The timid cows outside the table,The timid cow outside the tables,-16.664663314819336,-19.039663314819336,-19.133474349975586,-17.945974349975586,-17.549795150756836,-19.112295150756836,128
train,0,The slender panda outside the drums,The slender pandas outside the drum,-6.406993865966797,-8.906993865966797,-7.3285932540893555,-4.0785932540893555,-4.826355457305908,-6.826355457305908,128
train,1,The slender pandas outside the drum,The slender panda outside the drums,-4.0785932540893555,-7.3285932540893555,-8.906993865966797,-6.406993865966797,-5.885283946990967,-7.135283946990967,128
train,0,The nervous turtle behind the windows,The nervous turtles behind the window,-7.93350887298584,-10.18350887298584,-13.149876594543457,-8.712376594543457,-10.440763473510742,-9.690763473510742,128
train,1,The nervous turtles behind the window,The nervous turtle behind the windows,-8.712376594543457,-13.149876594543457,-10.18350887298584,-7.93350887298584,-7.597988128662109,-8.59798812866211,128
train,0,The sleepy turtle around the carts,The sleepy turtles around the cart,-7.769461631774902,-11.081961631774902,-11.390217781066895,-6.640218257904053,-8.51447582244873,-9.26447582244873,128
train,1,The sleepy turtles around the cart,The sleepy turtle around the carts,-6.640218257904053,-11.390217781066895,-11.081961631774902,-7.769461631774902,-6.292273044586182,-9.16727352142334,128
train,0,The slender cock behind the valves,The slender cocks behind the valve,-6.845057487487793,-9.470057487487793,-8.547979354858398,-7.67297887802124,-8.06202507019043,-8.81202507019043,128
train,1,The slender cocks behind the valve,The slender cock behind the valves,-7.67297887802124,-8.547979354858398,-9.470057487487793,-6.845057487487793,-7.279175758361816,-6.779175758361816,128
train,0,The bright horse beneath the trenches,The bright horses beneath the trench,-6.787618160247803,-12.287618637084961,-9.945263862609863,-6.695263385772705,-8.201621055603027,-9.076621055603027,128
train,1,The bright horses beneath the trench,The bright horse beneath the trenches,-6.695263385772705,-9.945263862609863,-12.287618637084961,-6.787618160247803,-7.170835018157959,-7.170835018157959,128
train,0,The fuzzy kit outside the cabins,The fuzzy kits outside the cabin,-14.324490547180176,-14.886990547180176,-18.367332458496094,-16.492332458496094,-17.209774017333984,-16.584774017333984,128
train,1,The fuzzy kits outside the cabin,The fuzzy kit outside the cabins,-16.492332458496094,-18.367332458496094,-14.886990547180176,-14.324490547180176,-14.780851364135742,-15.218351364135742,128
train,0,The slender chick outside the windows,The slender chicks outside the window,-5.555105686187744,-8.180106163024902,-11.362431526184082,-6.61243200302124,-8.803033828735352,-6.80303430557251,128
train,1,The slender chicks outside the window,The slender chick outside the windows,-6.61243200302124,-11.362431526184082,-8.180106163024902,-5.555105686187744,-6.541389465332031,-6.916389465332031,128
train,0,The slender dog beneath the carts,The slender dogs beneath the cart,-15.24819278717041,-16.373193740844727,-17.99371337890625,-16.30621337890625,-17.112136840820312,-17.455886840820312,128
train,1,The slender dogs beneath the cart,The slender dog beneath the carts,-16.30621337890625,-17.99371337890625,-16.373193740844727,-15.24819278717041,-15.48823070526123,-16.675729751586914,128
train,0,The bright cock outside the pots,The bright cocks outside the pot,-19.098934173583984,-20.786434173583984,-21.017868041992188,-19.111618041992188,-19.674884796142578,-19.799884796142578,128
train,1,The bright cocks outside the pot,The bright cock outside the pots,-19.111618041992188,-21.017868041992188,-20.786434173583984,-19.098934173583984,-20.048885345458984,-19.580135345458984,128
train,0,The slender lion around the walls,The slender lions around the wall,-16.009477615356445,-19.134477615356445,-17.342090606689453,-14.84209156036377,-16.699220657348633,-16.386720657348633,128
train,1,The slender lions around the wall,The slender lion around the walls,-14.84209156036377,-17.342090606689453,-19.134477615356445,-16.009477615356445,-15.050797462463379,-16.050796508789062,128
train,0,The quiet rat past the screws,The quiet rats past the screw,-9.358296394348145,-12.670796394348145,-13.631793975830078,-13.194293975830078,-12.507256507873535,-13.632256507873535,128
train,1,The quiet rats past the screw,The quiet rat past the screws,-13.194293975830078,-13.631793975830078,-12.670796394348145,-9.358296394348145,-10.14291763305664,-10.76791763305664,128
train,0,The slender cock beneath the logs,The slender cocks beneath the log,-7.330484390258789,-11.267984390258789,-10.397439956665039,-9.897439956665039,-9.420389175415039,-10.920389175415039,128
train,1,The slender cocks beneath the log,The slender cock beneath the logs,-9.897439956665039,-10.397439956665039,-11.267984390258789,-7.330484390258789,-8.399592399597168,-7.524592399597168,128
train,0,The calm frog beneath the boxes,The calm frogs beneath the box,-12.932687759399414,-15.682687759399414,-17.635915756225586,-17.198415756225586,-17.13910675048828,-17.76410675048828,128
train,1,The calm frogs beneath the box,The calm frog beneath the boxes,-17.198415756225586,-17.635915756225586,-15.682687759399414,-12.932687759399414,-14.526567459106445,-14.026567459106445,128
train,0,The sleepy rat around the towers,The sleepy rats around the tower,-7.582287311553955,-12.457286834716797,-11.35623836517334,-6.418737888336182,-8.80845832824707,-8.18345832824707,128
train,1,The sleepy rats around the tower,The sleepy rat around the towers,-6.418737888336182,-11.35623836517334,-12.457286834716797,-7.582287311553955,-6.368927955627441,-8.118927955627441,128
train,0,The calm frog beneath the milestones,The calm frogs beneath the milestone,-7.477506637573242,-11.290006637573242,-10.556504249572754,-7.306504726409912,-8.816488265991211,-9.441488265991211,128
train,1,The calm frogs beneath the milestone,The calm frog beneath the milestones,-7.306504726409912,-10.556504249572754,-11.290006637573242,-7.477506637573242,-7.351794242858887,-7.851794242858887,128
train,0,The quiet chick around the dams,The quiet chicks around the dam,-3.862510919570923,-4.862510681152344,-9.392754554748535,-4.892754554748535,-7.3743133544921875,-5.3743133544921875,128
train,1,The quiet chicks around the dam,The quiet chick around the dams,-4.892754554748535,-9.392754554748535,-4.862510681152344,-3.862510919570923,-3.2847366333007812,-4.284736633300781,128
train,0,The nervous doe beneath the chains,The nervous does beneath the chain,-14.227461814880371,-16.164962768554688,-16.040748596191406,-15.04074764251709,-15.977619171142578,-15.477619171142578,128
train,1,The nervous does beneath the chain,The nervous doe beneath the chains,-15.04074764251709,-16.040748596191406,-16.164962768554688,-14.227461814880371,-15.067147254943848,-14.442147254943848,128
train,0,The slender rat past the chairs,The slender rats past the chair,-8.522868156433105,-10.022868156433105,-11.359282493591309,-9.109282493591309,-9.91949462890625,-11.04449462890625,128
train,1,The slender rats past the chair,The slender rat past the chairs,-9.109282493591309,-11.359282493591309,-10.022868156433105,-8.522868156433105,-8.16957950592041,-8.79457950592041,128
train,0,The quiet dog beneath the walls,The quiet dogs beneath the wall,-7.928772449493408,-13.17877197265625,-12.882403373718262,-10.882403373718262,-11.38314437866211,-12.75814437866211,128
train,1,The quiet dogs beneath the wall,The quiet dog beneath the walls,-10.882403373718262,-12.882403373718262,-13.17877197265625,-7.928772449493408,-9.3623685836792,-8.8623685836792,128
train,0,The quiet turtle beneath the chairs,The quiet turtles beneath the chair,-16.215723037719727,-17.590723037719727,-16.3536376953125,-14.291136741638184,-15.338265419006348,-14.588265419006348,128
train,1,The quiet turtles beneath the chair,The quiet turtle beneath the chairs,-14.291136741638184,-16.3536376953125,-17.590723037719727,-16.215723037719727,-16.00192642211914,-17.50192642211914,128
train,0,The bright rat beneath the milestones,The bright rats beneath the milestone,-6.785943508148193,-10.910943984985352,-11.04234790802002,-6.6048479080200195,-8.516098976135254,-8.641098976135254,128
train,1,The bright rats beneath the milestone,The bright rat beneath the milestones,-6.6048479080200195,-11.04234790802002,-10.910943984985352,-6.785943508148193,-6.0446624755859375,-7.7946624755859375,128
train,0,The calm bat outside the cabins,The calm bats outside the cabin,-6.110682964324951,-8.610682487487793,-9.765236854553223,-7.7652363777160645,-8.271394729614258,-9.646394729614258,128
train,1,The calm bats outside the cabin,The calm bat outside the cabins,-7.7652363777160645,-9.765236854553223,-8.610682487487793,-6.110682964324951,-6.821677207946777,-7.196677207946777,128
train,0,The fuzzy pup beneath the boilers,The fuzzy pups beneath the boiler,-2.397522449493408,-4.647522449493408,-7.423725128173828,-4.048725128173828,-5.303985118865967,-5.178985118865967,128
train,1,The fuzzy pups beneath the boiler,The fuzzy pup beneath the boilers,-4.048725128173828,-7.423725128173828,-4.647522449493408,-2.397522449493408,-1.8952184915542603,-3.2702183723449707,128
train,0,The bright kitten behind the bolts,The bright kittens behind the bolt,-6.103793144226074,-11.228793144226074,-11.878663063049316,-9.003663063049316,-9.628475189208984,-11.503475189208984,128
train,1,The bright kittens behind the bolt,The bright kitten behind the bolts,-9.003663063049316,-11.878663063049316,-11.228793144226074,-6.103793144226074,-5.983476638793945,-7.233476638793945,128
train,0,The small kit outside the windows,The small kits outside the window,-13.052035331726074,-15.364535331726074,-16.163795471191406,-14.413795471191406,-14.638862609863281,-15.451362609863281,128
train,1,The small kits outside the window,The small kit outside the windows,-14.413795471191406,-16.163795471191406,-15.364535331726074,-13.052035331726074,-14.907848358154297,-13.720348358154297,128
train,0,The fuzzy monitor behind the clocks,The fuzzy monitors behind the clock,-12.918926239013672,-16.918926239013672,-16.367794036865234,-15.242793083190918,-15.135673522949219,-17.01067352294922,128
train,1,The fuzzy monitors behind the clock,The fuzzy monitor behind the clocks,-15.242793083190918,-16.367794036865234,-16.918926239013672,-12.918926239013672,-13.808867454528809,-12.996367454528809,128
train,0,The bright whale behind the bolts,The bright whales behind the bolt,-6.400586128234863,-10.775586128234863,-13.251128196716309,-10.876128196716309,-11.126399040222168,-12.876399040222168,128
train,1,The bright whales behind the bolt,The bright whale behind the bolts,-10.876128196716309,-13.251128196716309,-10.775586128234863,-6.400586128234863,-6.324065208435059,-7.574065208435059,128
train,0,The slender rabbit around the carts,The slender rabbits around the cart,-6.845397472381592,-9.72039794921875,-11.333358764648438,-5.770858287811279,-7.525399208068848,-8.275399208068848,128
train,1,The slender rabbits around the cart,The slender rabbit around the carts,-5.770858287811279,-11.333358764648438,-9.72039794921875,-6.845397472381592,-5.142784595489502,-8.642784118652344,128
train,0,The timid cow behind the rushes,The timid cows behind the rush,-13.918466567993164,-17.543466567993164,-18.185266494750977,-14.09151554107666,-17.070405960083008,-14.882906913757324,128
train,1,The timid cows behind the rush,The timid cow behind the rushes,-14.09151554107666,-18.185266494750977,-17.543466567993164,-13.918466567993164,-14.052788734436035,-15.427788734436035,128
train,0,The fuzzy lion behind the crates,The fuzzy lions behind the crate,-16.5296573638916,-19.9671573638916,-19.417936325073242,-17.199186325073242,-19.00896644592285,-19.07146644592285,128
train,1,The fuzzy lions behind the crate,The fuzzy lion behind the crates,-17.199186325073242,-19.417936325073242,-19.9671573638916,-16.5296573638916,-16.748098373413086,-16.998098373413086,128
train,0,The sleepy panda beneath the boilers,The sleepy pandas beneath the boiler,-2.1706995964050293,-5.795699596405029,-8.02832317352295,-4.153323650360107,-5.77286434173584,-5.52286434173584,128
train,1,The sleepy pandas beneath the boiler,The sleepy panda beneath the boilers,-4.153323650360107,-8.02832317352295,-5.795699596405029,-2.1706995964050293,-1.824225902557373,-2.949225902557373,128
train,0,The slender whale outside the stools,The slender whales outside the stool,-6.989936351776123,-11.239935874938965,-12.015420913696289,-8.765420913696289,-10.141700744628906,-10.766700744628906,128
train,1,The slender whales outside the stool,The slender whale outside the stools,-8.765420913696289,-12.015420913696289,-11.239935874938965,-6.989936351776123,-7.180033206939697,-7.930033206939697,128
train,0,The small rabbit beneath the boilers,The small rabbits beneath the boiler,-14.002767562866211,-17.44026756286621,-18.3066463470459,-14.994146347045898,-16.60306167602539,-16.29056167602539,128
train,1,The small rabbits beneath the boiler,The small rabbit beneath the boilers,-14.994146347045898,-18.3066463470459,-17.44026756286621,-14.002767562866211,-14.36646556854248,-15.49146556854248,128
train,0,The small cock beneath the milestones,The small cocks beneath the milestone,-7.786311149597168,-10.411311149597168,-9.926695823669434,-7.426695823669434,-9.297210693359375,-9.172210693359375,128
train,1,The small cocks beneath the milestone,The small cock beneath the milestones,-7.426695823669434,-9.926695823669434,-10.411311149597168,-7.786311149597168,-7.782410621643066,-7.657410621643066,128
train,0,The timid frog behind the rocks,The timid frogs behind the rock,-5.78014612197876,-12.342646598815918,-10.6444730758667,-5.394472599029541,-8.593613624572754,-6.968613147735596,128
train,1,The timid frogs behind the rock,The timid frog behind the rocks,-5.394472599029541,-10.6444730758667,-12.342646598815918,-5.78014612197876,-6.576653957366943,-6.826653957366943,128
train,0,The calm whale beneath the milestones,The calm whales beneath the milestone,-7.840775489807129,-12.153275489807129,-11.530399322509766,-9.530399322509766,-10.288060188293457,-11.913060188293457,128
train,1,The calm whales beneath the milestone,The calm whale beneath the milestones,-9.530399322509766,-11.530399322509766,-12.153275489807129,-7.840775489807129,-7.883135795593262,-8.633135795593262,128
train,0,The nervous chick behind the rushes,The nervous chicks behind the rush,-9.432147026062012,-13.244647026062012,-12.021363258361816,-11.021363258361816,-11.155559539794922,-12.280559539794922,128
train,1,The nervous chicks behind the rush,The nervous chick behind the rushes,-11.021363258361816,-12.021363258361816,-13.244647026062012,-9.432147026062012,-10.672687530517578,-9.797687530517578,128
train,0,The timid panda beneath the columns,The timid pandas beneath the column,-17.38938331604004,-18.07688331604004,-21.13460922241211,-18.19710922241211,-20.545642852783203,-18.889392852783203,128
train,1,The timid pandas beneath the column,The timid panda beneath the columns,-18.19710922241211,-21.13460922241211,-18.07688331604004,-17.38938331604004,-17.090957641601562,-19.497207641601562,128
train,0,The slender rat behind the plants,The slender rats behind the plant,-7.403508186340332,-11.841008186340332,-10.3639497756958,-6.738949298858643,-8.374700546264648,-8.499700546264648,128
train,1,The slender rats behind the plant,The slender rat behind the plants,-6.738949298858643,-10.3639497756958,-11.841008186340332,-7.403508186340332,-7.5332512855529785,-7.5332512855529785,128
train,0,The nervous bat outside the towers,The nervous bats outside the tower,-6.448091506958008,-11.885591506958008,-10.299653053283691,-7.174653053283691,-8.430312156677246,-9.680312156677246,128
train,1,The nervous bats outside the tower,The nervous bat outside the towers,-7.174653053283691,-10.299653053283691,-11.885591506958008,-6.448091506958008,-6.625173568725586,-7.250173568725586,128
train,0,The timid chick around the thresholds,The timid chicks around the threshold,-7.911907196044922,-11.036907196044922,-12.188090324401855,-7.125589847564697,-10.474751472473145,-8.224751472473145,128
train,1,The timid chicks around the threshold,The timid chick around the thresholds,-7.125589847564697,-12.188090324401855,-11.036907196044922,-7.911907196044922,-7.125979423522949,-9.12597942352295,128
train,0,The fuzzy pup outside the windows,The fuzzy pups outside the window,-4.796454429626465,-7.546454429626465,-10.532488822937012,-5.7824883460998535,-7.945396423339844,-6.320396423339844,128
train,1,The fuzzy pups outside the window,The fuzzy pup outside the windows,-5.7824883460998535,-10.532488822937012,-7.546454429626465,-4.796454429626465,-5.7121195793151855,-6.0871195793151855,128
train,0,The quiet monitor behind the windows,The quiet monitors behind the window,-5.005928039550781,-10.568428039550781,-10.356987953186035,-6.106988430023193,-7.429206848144531,-7.179206848144531,128
train,1,The quiet monitors behind the window,The quiet monitor behind the windows,-6.106988430023193,-10.356987953186035,-10.568428039550781,-5.005928039550781,-6.111465930938721,-5.361465930938721,128
train,0,The small doe around the towers,The small does around the tower,-16.374374389648438,-16.874374389648438,-17.829669952392578,-16.454669952392578,-17.424448013305664,-16.111948013305664,128
train,1,The small does around the tower,The small doe around the towers,-16.454669952392578,-17.829669952392578,-16.874374389648438,-16.374374389648438,-16.797405242919922,-16.359905242919922,128
train,0,The fuzzy turtle around the tanks,The fuzzy turtles around the tank,-15.137670516967773,-16.325170516967773,-17.024110794067383,-13.274109840393066,-15.730048179626465,-15.417548179626465,128
train,1,The fuzzy turtles around the tank,The fuzzy turtle around the tanks,-13.274109840393066,-17.024110794067383,-16.325170516967773,-15.137670516967773,-14.444784164428711,-16.13228416442871,128
train,0,The timid cow around the benches,The timid cows around the bench,-13.022846221923828,-13.772846221923828,-15.265035629272461,-11.202535629272461,-14.150138854980469,-11.900138854980469,128
train,1,The timid cows around the bench,The timid cow around the benches,-11.202535629272461,-15.265035629272461,-13.772846221923828,-13.022846221923828,-11.228439331054688,-13.540939331054688,128
train,0,The small cow outside the houses,The small cows outside the house,-6.513922214508057,-9.638922691345215,-9.829344749450684,-4.829345226287842,-8.065423965454102,-6.69042444229126,128
train,1,The small cows outside the house,The small cow outside the houses,-4.829345226287842,-9.829344749450684,-9.638922691345215,-6.513922214508057,-5.816176891326904,-7.316176891326904,128
train,0,The quiet chick outside the pipes,The quiet chicks outside the pipe,-16.531341552734375,-17.593841552734375,-17.49996566772461,-15.406214714050293,-17.48663902282715,-16.48663902282715,128
train,1,The quiet chicks outside the pipe,The quiet chick outside the pipes,-15.406214714050293,-17.49996566772461,-17.593841552734375,-16.531341552734375,-16.23211669921875,-16.66961669921875,128
train,0,The fuzzy cow beneath the boilers,The fuzzy cows beneath the boiler,-2.6248507499694824,-7.124850749969482,-6.7935791015625,-3.1685791015625,-4.855479717254639,-4.605479717254639,128
train,1,The fuzzy cows beneath the boiler,The fuzzy cow beneath the boilers,-3.1685791015625,-6.7935791015625,-7.124850749969482,-2.6248507499694824,-2.084810733795166,-2.834810733795166,128
test,0,The clever [wug] below the ponds,The clever [wugs] below the pond,-19.400239944458008,-20.025239944458008,-19.959144592285156,-19.146644592285156,-19.77364730834961,-20.46114730834961,128
test,1,The clever [wugs] below the pond,The clever [wug] below the ponds,-19.146644592285156,-19.959144592285156,-20.025239944458008,-19.400239944458008,-19.69428253173828,-19.75678253173828,128
test,0,The graceful [wug] near the jars,The graceful [wugs] near the jar,-8.120269775390625,-10.245269775390625,-12.251174926757812,-11.376174926757812,-11.251922607421875,-12.876922607421875,128
test,1,The graceful [wugs] near the jar,The graceful [wug] near the jars,-11.376174926757812,-12.251174926757812,-10.245269775390625,-8.120269775390625,-9.047861099243164,-9.297861099243164,128
test,0,The curious [wug] above the gates,The curious [wugs] above the gate,-6.566699981689453,-10.066699981689453,-9.36297607421875,-8.23797607421875,-8.649333000183105,-9.899333000183105,128
test,1,The curious [wugs] above the gate,The curious [wug] above the gates,-8.23797607421875,-9.36297607421875,-10.066699981689453,-6.566699981689453,-8.22787094116211,-6.602870464324951,128
test,0,The fierce [wug] near the buckets,The fierce [wugs] near the bucket,-15.751252174377441,-16.001253128051758,-18.72163963317871,-16.40913963317871,-17.99362564086914,-17.05612564086914,128
test,1,The fierce [wugs] near the bucket,The fierce [wug] near the buckets,-16.40913963317871,-18.72163963317871,-16.001253128051758,-15.751252174377441,-15.220370292663574,-16.157869338989258,128
test,0,The wary [wug] opposite the posts,The wary [wugs] opposite the post,-6.114688873291016,-8.614688873291016,-8.42831039428711,-6.428310394287109,-7.050631523132324,-7.800631523132324,128
test,1,The wary [wugs] opposite the post,The wary [wug] opposite the posts,-6.428310394287109,-8.42831039428711,-8.614688873291016,-6.114688873291016,-6.4694414138793945,-6.5944414138793945,128
test,0,The spotted [wug] near the desks,The spotted [wugs] near the desk,-7.112150192260742,-8.612150192260742,-8.89084529876709,-6.51584529876709,-7.669011116027832,-8.294011116027832,128
test,1,The spotted [wugs] near the desk,The spotted [wug] near the desks,-6.51584529876709,-8.89084529876709,-8.612150192260742,-7.112150192260742,-5.730814456939697,-7.480814456939697,128
test,0,The strange [wug] near the switches,The strange [wugs] near the switch,-22.010805130004883,-22.042055130004883,-21.70919418334961,-20.77169418334961,-21.66431999206543,-20.47681999206543,128
test,1,The strange [wugs] near the switch,The strange [wug] near the switches,-20.77169418334961,-21.70919418334961,-22.042055130004883,-22.010805130004883,-21.35552406311035,-21.51177406311035,128
test,0,The restless [wug] opposite the fences,The restless [wugs] opposite the fence,-15.78290843963623,-16.782907485961914,-18.523805618286133,-14.523805618286133,-17.56442642211914,-15.93942642211914,128
test,1,The restless [wugs] opposite the fence,The restless [wug] opposite the fences,-14.523805618286133,-18.523805618286133,-16.782907485961914,-15.78290843963623,-15.337849617004395,-15.712849617004395,128
test,0,The lively [wug] above the trees,The lively [wugs] above the tree,-6.477384567260742,-10.477384567260742,-7.838568687438965,-6.838568687438965,-7.235783576965332,-8.860783576965332,128
test,1,The lively [wugs] above the tree,The lively [wug] above the trees,-6.838568687438965,-7.838568687438965,-10.477384567260742,-6.477384567260742,-8.098642349243164,-6.848642349243164,128
test,0,The fierce [wug] atop the slopes,The fierce [wugs] atop the slope,-14.650632858276367,-14.963132858276367,-15.075492858886719,-12.012992858886719,-14.510210037231445,-13.447710037231445,128
test,1,The fierce [wugs] atop the slope,The fierce [wug] atop the slopes,-12.012992858886719,-15.075492858886719,-14.963132858276367,-14.650632858276367,-13.471963882446289,-14.721963882446289,128
test,0,The strange [wug] above the posts,The strange [wugs] above the post,-15.906359672546387,-16.65635871887207,-17.14585304260254,-16.45835304260254,-16.90911293029785,-16.40911293029785,128
test,1,The strange [wugs] above the post,The strange [wug] above the posts,-16.45835304260254,-17.14585304260254,-16.65635871887207,-15.906359672546387,-16.3981876373291,-16.3356876373291,128
test,0,The lively [wug] below the fences,The lively [wugs] below the fence,-7.4129557609558105,-9.537956237792969,-7.19415283203125,-5.69415283203125,-7.0412917137146,-7.7912917137146,128
test,1,The lively [wugs] below the fence,The lively [wug] below the fences,-5.69415283203125,-7.19415283203125,-9.537956237792969,-7.4129557609558105,-8.007967948913574,-7.382967472076416,128
test,0,The gentle [wug] opposite the poles,The gentle [wugs] opposite the pole,-18.908164978027344,-19.189414978027344,-21.804258346557617,-18.710508346557617,-21.39934730529785,-19.52434730529785,128
test,1,The gentle [wugs] opposite the pole,The gentle [wug] opposite the poles,-18.710508346557617,-21.804258346557617,-19.189414978027344,-18.908164978027344,-18.207778930664062,-18.957778930664062,128
test,0,The fierce [wug] by the pens,The fierce [wugs] by the pen,-5.303853988647461,-6.428853988647461,-9.004349708557129,-9.254349708557129,-8.753908157348633,-10.628908157348633,128
test,1,The fierce [wugs] by the pen,The fierce [wug] by the pens,-9.254349708557129,-9.004349708557129,-6.428853988647461,-5.303853988647461,-5.796045303344727,-5.796045303344727,128
test,0,The round [wug] beside the gates,The round [wugs] beside the gate,-16.0406551361084,-18.4156551361084,-16.840421676635742,-16.527921676635742,-16.728771209716797,-18.228771209716797,128
test,1,The round [wugs] beside the gate,The round [wug] beside the gates,-16.527921676635742,-16.840421676635742,-18.4156551361084,-16.0406551361084,-17.17381477355957,-16.04881477355957,128
test,0,The strange [wug] near the bushes,The strange [wugs] near the bush,-7.440450191497803,-11.002950668334961,-9.613338470458984,-8.113338470458984,-8.611677169799805,-9.611677169799805,128
test,1,The strange [wugs] near the bush,The strange [wug] near the bushes,-8.113338470458984,-9.613338470458984,-11.002950668334961,-7.440450191497803,-8.410213470458984,-8.035213470458984,128
test,0,The restless [wug] near the cabinets,The restless [wugs] near the cabinet,-8.218982696533203,-9.468982696533203,-11.670597076416016,-8.920597076416016,-10.457956314086914,-10.082956314086914,128
test,1,The restless [wugs] near the cabinet,The restless [wug] near the cabinets,-8.920597076416016,-11.670597076416016,-9.468982696533203,-8.218982696533203,-7.745333194732666,-8.870332717895508,128
test,0,The clumsy [wug] opposite the roots,The clumsy [wugs] opposite the root,-17.003408432006836,-17.253408432006836,-19.75767707824707,-19.25767707824707,-19.380117416381836,-19.192617416381836,128
test,1,The clumsy [wugs] opposite the root,The clumsy [wug] opposite the roots,-19.25767707824707,-19.75767707824707,-17.253408432006836,-17.003408432006836,-17.158571243286133,-17.658571243286133,128
test,0,The round [wug] opposite the sacks,The round [wugs] opposite the sack,-8.26176929473877,-9.13676929473877,-13.750748634338379,-11.500748634338379,-12.125725746154785,-12.250725746154785,128
test,1,The round [wugs] opposite the sack,The round [wug] opposite the sacks,-11.500748634338379,-13.750748634338379,-9.13676929473877,-8.26176929473877,-7.882935523986816,-9.007935523986816,128
test,0,The clumsy [wug] beside the gates,The clumsy [wugs] beside the gate,-7.621490478515625,-9.871490478515625,-9.593011856079102,-7.84301233291626,-9.086155891418457,-9.961155891418457,128
test,1,The clumsy [wugs] beside the gate,The clumsy [wug] beside the gates,-7.84301233291626,-9.593011856079102,-9.871490478515625,-7.621490478515625,-8.043911933898926,-7.418911933898926,128
test,0,The curious [wug] opposite the panels,The curious [wugs] opposite the panel,-14.795007705688477,-15.795007705688477,-16.893857955932617,-16.581357955932617,-16.641332626342773,-17.266332626342773,128
test,1,The curious [wugs] opposite the panel,The curious [wug] opposite the panels,-16.581357955932617,-16.893857955932617,-15.795007705688477,-14.795007705688477,-15.3214693069458,-15.0089693069458,128
test,0,The sturdy [wug] alongside the beams,The sturdy [wugs] alongside the beam,-5.5235700607299805,-6.3985700607299805,-8.311511039733887,-6.811511039733887,-7.5866780281066895,-7.9616780281066895,128
test,1,The sturdy [wugs] alongside the beam,The sturdy [wug] alongside the beams,-6.811511039733887,-8.311511039733887,-6.3985700607299805,-5.5235700607299805,-5.446462631225586,-6.321462631225586,128
test,0,The shy [wug] opposite the straps,The shy [wugs] opposite the strap,-7.097943305969238,-8.472943305969238,-11.133577346801758,-10.008577346801758,-10.009531021118164,-11.259531021118164,128
test,1,The shy [wugs] opposite the strap,The shy [wug] opposite the straps,-10.008577346801758,-11.133577346801758,-8.472943305969238,-7.097943305969238,-7.498877048492432,-7.873877048492432,128
test,0,The gentle [wug] near the cabinets,The gentle [wugs] near the cabinet,-6.869453430175781,-7.494453430175781,-10.034640312194824,-7.909640312194824,-9.047364234924316,-9.297364234924316,128
test,1,The gentle [wugs] near the cabinet,The gentle [wug] near the cabinets,-7.909640312194824,-10.034640312194824,-7.494453430175781,-6.869453430175781,-6.393996715545654,-7.643996715545654,128
test,0,The graceful [wug] beside the hinges,The graceful [wugs] beside the hinge,-8.094182014465332,-11.656682014465332,-10.381309509277344,-8.631309509277344,-9.289865493774414,-9.164865493774414,128
test,1,The graceful [wugs] beside the hinge,The graceful [wug] beside the hinges,-8.631309509277344,-10.381309509277344,-11.656682014465332,-8.094182014465332,-9.70898723602295,-8.33398723602295,128
test,0,The shy [wug] above the desks,The shy [wugs] above the desk,-17.050037384033203,-16.800037384033203,-20.654743194580078,-16.779743194580078,-18.44228172302246,-17.87978172302246,128
test,1,The shy [wugs] above the desk,The shy [wug] above the desks,-16.779743194580078,-20.654743194580078,-16.800037384033203,-17.050037384033203,-15.519493103027344,-18.144493103027344,128
test,0,The graceful [wug] alongside the mirrors,The graceful [wugs] alongside the mirror,-7.7027482986450195,-9.32774829864502,-11.129022598266602,-10.254022598266602,-10.754236221313477,-11.504236221313477,128
test,1,The graceful [wugs] alongside the mirror,The graceful [wug] alongside the mirrors,-10.254022598266602,-11.129022598266602,-9.32774829864502,-7.7027482986450195,-8.071269035339355,-8.071269035339355,128
test,0,The graceful [wug] alongside the ponds,The graceful [wugs] alongside the pond,-13.405495643615723,-15.155495643615723,-15.428719520568848,-12.866219520568848,-14.564990997314453,-14.814990997314453,128
test,1,The graceful [wugs] alongside the pond,The graceful [wug] alongside the ponds,-12.866219520568848,-15.428719520568848,-15.155495643615723,-13.405495643615723,-13.929657936096191,-13.429657936096191,128
test,0,The curious [wug] under the heaps,The curious [wugs] under the heap,-8.214591979980469,-10.652091979980469,-10.357887268066406,-9.982887268066406,-9.496994018554688,-10.871994018554688,128
test,1,The curious [wugs] under the heap,The curious [wug] under the heaps,-9.982887268066406,-10.357887268066406,-10.652091979980469,-8.214591979980469,-9.644861221313477,-8.769861221313477,128
test,0,The graceful [wug] above the sockets,The graceful [wugs] above the socket,-15.531767845153809,-16.156766891479492,-17.85451889038086,-16.29201889038086,-17.320310592651367,-16.320310592651367,128
test,1,The graceful [wugs] above the socket,The graceful [wug] above the sockets,-16.29201889038086,-17.85451889038086,-16.156766891479492,-15.531767845153809,-15.567732810974121,-16.005233764648438,128
test,0,The shy [wug] opposite the trees,The shy [wugs] opposite the tree,-14.834028244018555,-18.209028244018555,-16.118080139160156,-14.868081092834473,-14.85975456237793,-17.10975456237793,128
test,1,The shy [wugs] opposite the tree,The shy [wug] opposite the trees,-14.868081092834473,-16.118080139160156,-18.209028244018555,-14.834028244018555,-16.612396240234375,-15.112397193908691,128
test,0,The clumsy [wug] beside the bulbs,The clumsy [wugs] beside the bulb,-17.12321662902832,-17.49821662902832,-20.093490600585938,-18.030990600585938,-19.668109893798828,-18.793109893798828,128
test,1,The clumsy [wugs] beside the bulb,The clumsy [wug] beside the bulbs,-18.030990600585938,-20.093490600585938,-17.49821662902832,-17.12321662902832,-17.05304718017578,-17.67804718017578,128
test,0,The bold [wug] opposite the ponds,The bold [wugs] opposite the pond,-8.041285514831543,-9.166285514831543,-8.190448760986328,-5.690448760986328,-7.549318313598633,-7.799318313598633,128
test,1,The bold [wugs] opposite the pond,The bold [wug] opposite the ponds,-5.690448760986328,-8.190448760986328,-9.166285514831543,-8.041285514831543,-7.5400824546813965,-8.040081977844238,128
test,0,The wary [wug] below the ropes,The wary [wugs] below the rope,-7.1797661781311035,-10.804766654968262,-11.587414741516113,-9.524914741516113,-10.652026176452637,-11.277026176452637,128
test,1,The wary [wugs] below the rope,The wary [wug] below the ropes,-9.524914741516113,-11.587414741516113,-10.804766654968262,-7.1797661781311035,-8.257094383239746,-7.257094383239746,128
test,0,The sturdy [wug] beside the sofas,The sturdy [wugs] beside the sofa,-5.266437530517578,-7.266437530517578,-6.324380397796631,-3.19938063621521,-5.109556674957275,-4.859556674957275,128
test,1,The sturdy [wugs] beside the sofa,The sturdy [wug] beside the sofas,-3.19938063621521,-6.324380397796631,-7.266437530517578,-5.266437530517578,-5.433518409729004,-5.808518409729004,128
test,0,The strange [wug] below the roots,The strange [wugs] below the root,-6.424568176269531,-9.799568176269531,-7.714256763458252,-8.96425724029541,-7.221669673919678,-9.784170150756836,128
test,1,The strange [wugs] below the root,The strange [wug] below the roots,-8.96425724029541,-7.714256763458252,-9.799568176269531,-6.424568176269531,-7.743471145629883,-7.118471145629883,128
test,0,The tiny [wug] between the mirrors,The tiny [wugs] between the mirror,-15.856727600097656,-16.856727600097656,-18.630931854248047,-18.005931854248047,-18.568574905395508,-18.068574905395508,128
test,1,The tiny [wugs] between the mirror,The tiny [wug] between the mirrors,-18.005931854248047,-18.630931854248047,-16.856727600097656,-15.856727600097656,-15.858960151672363,-15.796460151672363,128
test,0,The fierce [wug] by the cords,The fierce [wugs] by the cord,-8.51993465423584,-10.76993465423584,-7.962656021118164,-8.587656021118164,-7.889317512512207,-10.201817512512207,128
test,1,The fierce [wugs] by the cord,The fierce [wug] by the cords,-8.587656021118164,-7.962656021118164,-10.76993465423584,-8.51993465423584,-8.649682998657227,-8.774682998657227,128
test,0,The bold [wug] opposite the hinges,The bold [wugs] opposite the hinge,-12.54612922668457,-13.73362922668457,-13.967059135437012,-12.092059135437012,-13.060111045837402,-13.060111045837402,128
test,1,The bold [wugs] opposite the hinge,The bold [wug] opposite the hinges,-12.092059135437012,-13.967059135437012,-13.73362922668457,-12.54612922668457,-12.802462577819824,-12.927462577819824,128
test,0,The shy [wug] beside the wells,The shy [wugs] beside the well,-17.554885864257812,-19.054885864257812,-20.099580764770508,-16.318330764770508,-18.79300880432129,-17.98050880432129,128
test,1,The shy [wugs] beside the well,The shy [wug] beside the wells,-16.318330764770508,-20.099580764770508,-19.054885864257812,-17.554885864257812,-17.649024963378906,-17.961524963378906,128
test,0,The curious [wug] opposite the racks,The curious [wugs] opposite the rack,-7.346680164337158,-9.221680641174316,-10.169949531555176,-8.169949531555176,-9.034590721130371,-9.409590721130371,128
test,1,The curious [wugs] opposite the rack,The curious [wug] opposite the racks,-8.169949531555176,-10.169949531555176,-9.221680641174316,-7.346680164337158,-8.097575187683105,-7.722575664520264,128
test,0,The spotted [wug] opposite the panels,The spotted [wugs] opposite the panel,-5.687407493591309,-7.437407493591309,-9.26767349243164,-8.26767349243164,-8.386460304260254,-10.011460304260254,128
test,1,The spotted [wugs] opposite the panel,The spotted [wug] opposite the panels,-8.26767349243164,-9.26767349243164,-7.437407493591309,-5.687407493591309,-6.2381768226623535,-6.3631768226623535,128
test,0,The round [wug] under the poles,The round [wugs] under the pole,-7.289565086364746,-10.414565086364746,-8.4293794631958,-5.179379940032959,-7.417304039001465,-7.167304039001465,128
test,1,The round [wugs] under the pole,The round [wug] under the poles,-5.179379940032959,-8.4293794631958,-10.414565086364746,-7.289565086364746,-7.66434907913208,-7.16434907913208,128
test,0,The strange [wug] opposite the banks,The strange [wugs] opposite the bank,-6.630720138549805,-9.755720138549805,-9.417885780334473,-8.417885780334473,-7.700109004974365,-9.950109481811523,128
test,1,The strange [wugs] opposite the bank,The strange [wug] opposite the banks,-8.417885780334473,-9.417885780334473,-9.755720138549805,-6.630720138549805,-7.89691162109375,-7.02191162109375,128
test,0,The clever [wug] atop the sockets,The clever [wugs] atop the socket,-16.5304012298584,-17.5929012298584,-17.65910530090332,-15.846606254577637,-16.617366790771484,-16.742366790771484,128
test,1,The clever [wugs] atop the socket,The clever [wug] atop the sockets,-15.846606254577637,-17.65910530090332,-17.5929012298584,-16.5304012298584,-16.29294204711914,-16.66794204711914,128
test,0,The clumsy [wug] near the bulbs,The clumsy [wugs] near the bulb,-7.2152791023254395,-8.965279579162598,-9.795621871948242,-8.795621871948242,-8.828730583190918,-10.453730583190918,128
test,1,The clumsy [wugs] near the bulb,The clumsy [wug] near the bulbs,-8.795621871948242,-9.795621871948242,-8.965279579162598,-7.2152791023254395,-7.246033668518066,-7.621033668518066,128
test,0,The bold [wug] below the heaps,The bold [wugs] below the heap,-8.151609420776367,-8.651609420776367,-9.014932632446289,-7.639932632446289,-8.51315975189209,-8.88815975189209,128
test,1,The bold [wugs] below the heap,The bold [wug] below the heaps,-7.639932632446289,-9.014932632446289,-8.651609420776367,-8.151609420776367,-7.652613162994385,-8.527612686157227,128
test,0,The tiny [wug] opposite the banks,The tiny [wugs] opposite the bank,-17.25594139099121,-16.81844139099121,-18.45052719116211,-17.01302719116211,-18.14013671875,-16.82763671875,128
test,1,The tiny [wugs] opposite the bank,The tiny [wug] opposite the banks,-17.01302719116211,-18.45052719116211,-16.81844139099121,-17.25594139099121,-16.42476463317871,-17.48726463317871,128
test,0,The wary [wug] atop the sheds,The wary [wugs] atop the shed,-17.77699089050293,-18.65199089050293,-21.281845092773438,-18.219345092773438,-20.549312591552734,-19.705562591552734,128
test,1,The wary [wugs] atop the shed,The wary [wug] atop the sheds,-18.219345092773438,-21.281845092773438,-18.65199089050293,-17.77699089050293,-17.577938079833984,-18.390438079833984,128
test,0,The strange [wug] atop the sheds,The strange [wugs] atop the shed,-7.190454006195068,-9.565454483032227,-9.671252250671387,-6.546252727508545,-8.182912826538086,-8.057912826538086,128
test,1,The strange [wugs] atop the shed,The strange [wug] atop the sheds,-6.546252727508545,-9.671252250671387,-9.565454483032227,-7.190454006195068,-7.561381816864014,-7.811381816864014,128
test,0,The fierce [wug] beside the nails,The fierce [wugs] beside the nail,-9.644841194152832,-11.269841194152832,-12.251443862915039,-12.376443862915039,-11.876989364624023,-14.126989364624023,128
test,1,The fierce [wugs] beside the nail,The fierce [wug] beside the nails,-12.376443862915039,-12.251443862915039,-11.269841194152832,-9.644841194152832,-9.888750076293945,-10.013750076293945,128
test,0,The strange [wug] above the hinges,The strange [wugs] above the hinge,-15.702109336853027,-16.202110290527344,-18.2518367767334,-16.0018367767334,-17.313617706298828,-16.001117706298828,128
test,1,The strange [wugs] above the hinge,The strange [wug] above the hinges,-16.0018367767334,-18.2518367767334,-16.202110290527344,-15.702109336853027,-15.336808204650879,-16.336809158325195,128
test,0,The clumsy [wug] opposite the pillars,The clumsy [wugs] opposite the pillar,-11.432668685913086,-14.557668685913086,-14.266587257385254,-13.516587257385254,-13.04473876953125,-15.10723876953125,128
test,1,The clumsy [wugs] opposite the pillar,The clumsy [wug] opposite the pillars,-13.516587257385254,-14.266587257385254,-14.557668685913086,-11.432668685913086,-13.383849143981934,-11.946349143981934,128
test,0,The round [wug] near the gates,The round [wugs] near the gate,-6.396540641784668,-9.771540641784668,-7.241855621337891,-4.241855621337891,-6.245002746582031,-6.870002746582031,128
test,1,The round [wugs] near the gate,The round [wug] near the gates,-4.241855621337891,-7.241855621337891,-9.771540641784668,-6.396540641784668,-6.237484455108643,-6.112484455108643,128
test,0,The lively [wug] by the jars,The lively [wugs] by the jar,-9.138289451599121,-11.388289451599121,-12.875164031982422,-13.000164031982422,-12.125245094299316,-14.500245094299316,128
test,1,The lively [wugs] by the jar,The lively [wug] by the jars,-13.000164031982422,-12.875164031982422,-11.388289451599121,-9.138289451599121,-10.256378173828125,-9.756378173828125,128
test,0,The graceful [wug] under the lamps,The graceful [wugs] under the lamp,-6.792632102966309,-9.667632102966309,-5.898266315460205,-6.523266315460205,-5.759213447570801,-8.3842134475708,128
test,1,The graceful [wugs] under the lamp,The graceful [wug] under the lamps,-6.523266315460205,-5.898266315460205,-9.667632102966309,-6.792632102966309,-8.154088020324707,-6.904088020324707,128
test,0,The bold [wug] near the hinges,The bold [wugs] near the hinge,-12.217020988464355,-11.967020988464355,-14.598587989807129,-11.473587989807129,-13.953849792480469,-12.078849792480469,128
test,1,The bold [wugs] near the hinge,The bold [wug] near the hinges,-11.473587989807129,-14.598587989807129,-11.967020988464355,-12.217020988464355,-10.9069242477417,-12.9069242477417,128
test,0,The shy [wug] atop the sheds,The shy [wugs] atop the shed,-8.528397560119629,-10.778397560119629,-10.767316818237305,-6.892317295074463,-9.264309883117676,-9.139309883117676,128
test,1,The shy [wugs] atop the shed,The shy [wug] atop the sheds,-6.892317295074463,-10.767316818237305,-10.778397560119629,-8.528397560119629,-8.770549774169922,-9.020549774169922,128
test,0,The gentle [wug] beside the fences,The gentle [wugs] beside the fence,-8.327320098876953,-10.077320098876953,-9.029762268066406,-6.529762268066406,-8.486852645874023,-8.736852645874023,128
test,1,The gentle [wugs] beside the fence,The gentle [wug] beside the fences,-6.529762268066406,-9.029762268066406,-10.077320098876953,-8.327320098876953,-8.913191795349121,-8.538191795349121,128
test,0,The fierce [wug] below the ponds,The fierce [wugs] below the pond,-7.44708776473999,-10.322088241577148,-10.15496826171875,-6.27996826171875,-8.398322105407715,-8.648322105407715,128
test,1,The fierce [wugs] below the pond,The fierce [wug] below the ponds,-6.27996826171875,-10.15496826171875,-10.322088241577148,-7.44708776473999,-7.801764011383057,-7.801764011383057,128
test,0,The tiny [wug] above the desks,The tiny [wugs] above the desk,-4.888850212097168,-6.763850212097168,-8.90925121307373,-6.5342512130737305,-7.192751884460449,-8.06775188446045,128
test,1,The tiny [wugs] above the desk,The tiny [wug] above the desks,-6.5342512130737305,-8.90925121307373,-6.763850212097168,-4.888850212097168,-4.564207553863525,-5.689207553863525,128
test,0,The round [wug] beside the bins,The round [wugs] beside the bin,-5.171165943145752,-7.671165943145752,-7.843770980834961,-3.718770742416382,-6.065855503082275,-6.190855503082275,128
test,1,The round [wugs] beside the bin,The round [wug] beside the bins,-3.718770742416382,-7.843770980834961,-7.671165943145752,-5.171165943145752,-5.309216022491455,-5.559216022491455,128
test,0,The round [wug] atop the bushes,The round [wugs] atop the bush,-5.037024021148682,-8.537023544311523,-10.763123512268066,-7.013123512268066,-7.636865139007568,-8.01186466217041,128
test,1,The round [wugs] atop the bush,The round [wug] atop the bushes,-7.013123512268066,-10.763123512268066,-8.537023544311523,-5.037024021148682,-6.099976539611816,-5.974976539611816,128
test,0,The shy [wug] opposite the poles,The shy [wugs] opposite the pole,-15.956466674804688,-18.518966674804688,-19.773178100585938,-17.460678100585938,-18.4630069732666,-19.0880069732666,128
test,1,The shy [wugs] opposite the pole,The shy [wug] opposite the poles,-17.460678100585938,-19.773178100585938,-18.518966674804688,-15.956466674804688,-16.592971801757812,-15.780472755432129,128
test,0,The curious [wug] opposite the tents,The curious [wugs] opposite the tent,-15.259275436401367,-16.821775436401367,-17.510988235473633,-15.26098918914795,-16.639862060546875,-15.952362060546875,128
test,1,The curious [wugs] opposite the tent,The curious [wug] opposite the tents,-15.26098918914795,-17.510988235473633,-16.821775436401367,-15.259275436401367,-16.323989868164062,-15.948989868164062,128
test,0,The curious [wug] beside the sacks,The curious [wugs] beside the sack,-8.048784255981445,-9.423784255981445,-13.318253517150879,-11.255753517150879,-12.132977485656738,-12.132977485656738,128
test,1,The curious [wugs] beside the sack,The curious [wug] beside the sacks,-11.255753517150879,-13.318253517150879,-9.423784255981445,-8.048784255981445,-8.508886337280273,-9.008886337280273,128
test,0,The fierce [wug] by the sheds,The fierce [wugs] by the shed,-8.514871597290039,-10.639871597290039,-11.030341148376465,-8.530341148376465,-9.431560516357422,-10.306560516357422,128
test,1,The fierce [wugs] by the shed,The fierce [wug] by the sheds,-8.530341148376465,-11.030341148376465,-10.639871597290039,-8.514871597290039,-9.15661334991455,-9.15661334991455,128
test,0,The restless [wug] under the beams,The restless [wugs] under the beam,-16.53382110595703,-18.78382110595703,-17.095321655273438,-16.345321655273438,-16.681493759155273,-17.306493759155273,128
test,1,The restless [wugs] under the beam,The restless [wug] under the beams,-16.345321655273438,-17.095321655273438,-18.78382110595703,-16.53382110595703,-17.56272315979004,-16.68772315979004,128
test,0,The curious [wug] above the hinges,The curious [wugs] above the hinge,-15.724526405334473,-16.03702735900879,-16.762481689453125,-15.324980735778809,-16.39861297607422,-15.273612976074219,128
test,1,The curious [wugs] above the hinge,The curious [wug] above the hinges,-15.324980735778809,-16.762481689453125,-16.03702735900879,-15.724526405334473,-15.610475540161133,-16.110475540161133,128
test,0,The lively [wug] atop the hinges,The lively [wugs] atop the hinge,-16.18995475769043,-17.50245475769043,-19.375530242919922,-17.125530242919922,-18.71373748779297,-17.40123748779297,128
test,1,The lively [wugs] atop the hinge,The lively [wug] atop the hinges,-17.125530242919922,-19.375530242919922,-17.50245475769043,-16.18995475769043,-16.635414123535156,-16.947914123535156,128
test,0,The graceful [wug] above the desks,The graceful [wugs] above the desk,-6.125666618347168,-8.625666618347168,-8.952659606933594,-7.452660083770752,-7.399055480957031,-8.524055480957031,128
test,1,The graceful [wugs] above the desk,The graceful [wug] above the desks,-7.452660083770752,-8.952659606933594,-8.625666618347168,-6.125666618347168,-6.93576717376709,-6.81076717376709,128
test,0,The spotted [wug] below the posts,The spotted [wugs] below the post,-5.316505432128906,-6.941505432128906,-9.254104614257812,-8.254104614257812,-8.5042724609375,-10.1292724609375,128
test,1,The spotted [wugs] below the post,The spotted [wug] below the posts,-8.254104614257812,-9.254104614257812,-6.941505432128906,-5.316505432128906,-5.306436061859131,-5.681436061859131,128
test,0,The lively [wug] beside the hinges,The lively [wugs] beside the hinge,-7.495842933654785,-11.370842933654785,-10.023659706115723,-8.273659706115723,-8.870712280273438,-9.120712280273438,128
test,1,The lively [wugs] beside the hinge,The lively [wug] beside the hinges,-8.273659706115723,-10.023659706115723,-11.370842933654785,-7.495842933654785,-9.464653968811035,-7.964653968811035,128
test,0,The shy [wug] below the bins,The shy [wugs] below the bin,-16.823400497436523,-17.823400497436523,-18.36577796936035,-17.45952796936035,-18.707775115966797,-18.301525115966797,128
test,1,The shy [wugs] below the bin,The shy [wug] below the bins,-17.45952796936035,-18.36577796936035,-17.823400497436523,-16.823400497436523,-17.2504940032959,-16.9379940032959,128
test,0,The strange [wug] alongside the poles,The strange [wugs] alongside the pole,-7.64206600189209,-9.51706600189209,-8.947672843933105,-6.947673320770264,-8.301841735839844,-8.551841735839844,128
test,1,The strange [wugs] alongside the pole,The strange [wug] alongside the poles,-6.947673320770264,-8.947672843933105,-9.51706600189209,-7.64206600189209,-7.860335350036621,-7.985335350036621,128
test,0,The wary [wug] opposite the doors,The wary [wugs] opposite the door,-7.61475944519043,-10.11475944519043,-10.723138809204102,-8.473138809204102,-9.27566146850586,-10.02566146850586,128
test,1,The wary [wugs] opposite the door,The wary [wug] opposite the doors,-8.473138809204102,-10.723138809204102,-10.11475944519043,-7.61475944519043,-8.100119590759277,-7.725119113922119,128
test,0,The lively [wug] below the nails,The lively [wugs] below the nail,-16.140962600708008,-17.390962600708008,-18.440814971923828,-18.503314971923828,-18.315839767456055,-18.815839767456055,128
test,1,The lively [wugs] below the nail,The lively [wug] below the nails,-18.503314971923828,-18.440814971923828,-17.390962600708008,-16.140962600708008,-16.638843536376953,-16.388843536376953,128
test,0,The bold [wug] below the ropes,The bold [wugs] below the rope,-8.52674388885498,-10.27674388885498,-9.760076522827148,-8.385076522827148,-9.384531021118164,-10.134531021118164,128
test,1,The bold [wugs] below the rope,The bold [wug] below the ropes,-8.385076522827148,-9.760076522827148,-10.27674388885498,-8.52674388885498,-8.529129028320312,-8.654129028320312,128
test,0,The restless [wug] beside the pillars,The restless [wugs] beside the pillar,-16.941164016723633,-18.659914016723633,-18.574668884277344,-16.324668884277344,-18.087757110595703,-17.400257110595703,128
test,1,The restless [wugs] beside the pillar,The restless [wug] beside the pillars,-16.324668884277344,-18.574668884277344,-18.659914016723633,-16.941164016723633,-17.72736930847168,-17.53986930847168,128
test,0,The restless [wug] under the ponds,The restless [wugs] under the pond,-19.16234016418457,-20.22484016418457,-21.24826431274414,-18.40451431274414,-19.602859497070312,-20.102859497070312,128
test,1,The restless [wugs] under the pond,The restless [wug] under the ponds,-18.40451431274414,-21.24826431274414,-20.22484016418457,-19.16234016418457,-19.164649963378906,-19.570899963378906,128
test,0,The strange [wug] near the shelves,The strange [wugs] near the shelf,-8.41224193572998,-10.53724193572998,-10.367424011230469,-8.617424011230469,-9.434701919555664,-9.809701919555664,128
test,1,The strange [wugs] near the shelf,The strange [wug] near the shelves,-8.617424011230469,-10.367424011230469,-10.53724193572998,-8.41224193572998,-8.405373573303223,-8.655373573303223,128
test,0,The bold [wug] alongside the heaps,The bold [wugs] alongside the heap,-7.244909286499023,-7.744909286499023,-8.679000854492188,-8.054000854492188,-8.561767578125,-9.311767578125,128
test,1,The bold [wugs] alongside the heap,The bold [wug] alongside the heaps,-8.054000854492188,-8.679000854492188,-7.744909286499023,-7.244909286499023,-6.728137969970703,-7.353137969970703,128
test,0,The curious [wug] alongside the boards,The curious [wugs] alongside the board,-17.560754776000977,-18.123254776000977,-17.86247444152832,-15.73747444152832,-18.193965911865234,-17.443965911865234,128
test,1,The curious [wugs] alongside the board,The curious [wug] alongside the boards,-15.73747444152832,-17.86247444152832,-18.123254776000977,-17.560754776000977,-16.982702255249023,-17.420202255249023,128
test,0,The sturdy [wug] below the wires,The sturdy [wugs] below the wire,-5.089162826538086,-7.339162826538086,-9.01717758178711,-8.01717758178711,-8.515023231506348,-9.390023231506348,128
test,1,The sturdy [wugs] below the wire,The sturdy [wug] below the wires,-8.01717758178711,-9.01717758178711,-7.339162826538086,-5.089162826538086,-5.208489418029785,-5.208489418029785,128
test,0,The clumsy [wug] above the slopes,The clumsy [wugs] above the slope,-13.745532989501953,-14.245532989501953,-15.699950218200684,-12.824950218200684,-15.000905990600586,-13.875905990600586,128
test,1,The clumsy [wugs] above the slope,The clumsy [wug] above the slopes,-12.824950218200684,-15.699950218200684,-14.245532989501953,-13.745532989501953,-13.318042755126953,-14.193042755126953,128
test,0,The sturdy [wug] under the boards,The sturdy [wugs] under the board,-6.568603038787842,-9.818603515625,-7.942404747009277,-5.817404747009277,-6.753323078155518,-7.378323078155518,128
test,1,The sturdy [wugs] under the board,The sturdy [wug] under the boards,-5.817404747009277,-7.942404747009277,-9.818603515625,-6.568603038787842,-7.031198024749756,-7.156198024749756,128
test,0,The strange [wug] under the beams,The strange [wugs] under the beam,-14.388336181640625,-17.075836181640625,-14.968049049377441,-14.218049049377441,-14.232050895690918,-15.357050895690918,128
test,1,The strange [wugs] under the beam,The strange [wug] under the beams,-14.218049049377441,-14.968049049377441,-17.075836181640625,-14.388336181640625,-15.173702239990234,-14.611202239990234,128
test,0,The restless [wug] between the shelves,The restless [wugs] between the shelf,-8.393717765808105,-10.893717765808105,-12.264779090881348,-12.139779090881348,-11.767910957336426,-13.142910957336426,128
test,1,The restless [wugs] between the shelf,The restless [wug] between the shelves,-12.139779090881348,-12.264779090881348,-10.893717765808105,-8.393717765808105,-9.370349884033203,-8.370349884033203,128
test,0,The curious [wug] beside the wires,The curious [wugs] beside the wire,-20.681673049926758,-21.400423049926758,-23.466854095458984,-22.232479095458984,-23.325307846069336,-23.200307846069336,128
test,1,The curious [wugs] beside the wire,The curious [wug] beside the wires,-22.232479095458984,-23.466854095458984,-21.400423049926758,-20.681673049926758,-19.92089080810547,-20.38964080810547,128
test,0,The wary [wug] below the tents,The wary [wugs] below the tent,-6.609349727630615,-9.234349250793457,-11.390336990356445,-7.515336990356445,-9.016768455505371,-9.141768455505371,128
test,1,The wary [wugs] below the tent,The wary [wug] below the tents,-7.515336990356445,-11.390336990356445,-9.234349250793457,-6.609349727630615,-7.0904364585876465,-7.2154364585876465,128
test,0,The wary [wug] beside the banks,The wary [wugs] beside the bank,-12.123899459838867,-14.873899459838867,-15.304594993591309,-13.304594993591309,-13.51933479309082,-14.33183479309082,128
test,1,The wary [wugs] beside the bank,The wary [wug] beside the banks,-13.304594993591309,-15.304594993591309,-14.873899459838867,-12.123899459838867,-13.743399620056152,-12.805899620056152,128
test,0,The shy [wug] near the slopes,The shy [wugs] near the slope,-7.098200798034668,-9.848200798034668,-9.066652297973633,-6.566651821136475,-7.954837799072266,-8.704837799072266,128
test,1,The shy [wugs] near the slope,The shy [wug] near the slopes,-6.566651821136475,-9.066652297973633,-9.848200798034668,-7.098200798034668,-7.542954444885254,-7.542954444885254,128
test,0,The shy [wug] opposite the fences,The shy [wugs] opposite the fence,-15.637612342834473,-15.825112342834473,-17.1246337890625,-13.749632835388184,-16.542316436767578,-15.542316436767578,128
test,1,The shy [wugs] opposite the fence,The shy [wug] opposite the fences,-13.749632835388184,-17.1246337890625,-15.825112342834473,-15.637612342834473,-14.79726505279541,-15.54726505279541,128
test,0,The tiny [wug] opposite the nails,The tiny [wugs] opposite the nail,-7.2940192222595215,-9.169018745422363,-10.501947402954102,-10.501947402954102,-10.126548767089844,-12.626548767089844,128
test,1,The tiny [wugs] opposite the nail,The tiny [wug] opposite the nails,-10.501947402954102,-10.501947402954102,-9.169018745422363,-7.2940192222595215,-7.149271488189697,-7.649271488189697,128
test,0,The sturdy [wug] opposite the panels,The sturdy [wugs] opposite the panel,-5.002577304840088,-7.252577304840088,-7.903764724731445,-7.153764724731445,-7.392857551574707,-9.642857551574707,128
test,1,The sturdy [wugs] opposite the panel,The sturdy [wug] opposite the panels,-7.153764724731445,-7.903764724731445,-7.252577304840088,-5.002577304840088,-5.624044895172119,-5.249044895172119,128
test,0,The lively [wug] between the buckets,The lively [wugs] between the bucket,-6.83472204208374,-9.084722518920898,-12.387803077697754,-13.325303077697754,-11.636066436767578,-14.011066436767578,128
test,1,The lively [wugs] between the bucket,The lively [wug] between the buckets,-13.325303077697754,-12.387803077697754,-9.084722518920898,-6.83472204208374,-8.166394233703613,-7.166394233703613,128
test,0,The graceful [wug] atop the pillars,The graceful [wugs] atop the pillar,-14.19166374206543,-14.56666374206543,-16.783248901367188,-13.564498901367188,-16.12675666809082,-14.93925666809082,128
test,1,The graceful [wugs] atop the pillar,The graceful [wug] atop the pillars,-13.564498901367188,-16.783248901367188,-14.56666374206543,-14.19166374206543,-12.865400314331055,-14.802900314331055,128
test,0,The strange [wug] above the gates,The strange [wugs] above the gate,-7.000277042388916,-10.625276565551758,-8.949957847595215,-8.449957847595215,-8.31518840789795,-10.06518840789795,128
test,1,The strange [wugs] above the gate,The strange [wug] above the gates,-8.449957847595215,-8.949957847595215,-10.625276565551758,-7.000277042388916,-8.32725715637207,-7.20225715637207,128
test,0,The tiny [wug] opposite the doors,The tiny [wugs] opposite the door,-16.593791961669922,-17.468791961669922,-16.08662986755371,-15.586629867553711,-16.173622131347656,-15.673623085021973,128
test,1,The tiny [wugs] opposite the door,The tiny [wug] opposite the doors,-15.586629867553711,-16.08662986755371,-17.468791961669922,-16.593791961669922,-16.86414909362793,-16.42664909362793,128
test,0,The spotted [wug] near the cabinets,The spotted [wugs] near the cabinet,-7.592015266418457,-8.467015266418457,-10.392318725585938,-8.142318725585938,-9.52966594696045,-9.27966594696045,128
test,1,The spotted [wugs] near the cabinet,The spotted [wug] near the cabinets,-8.142318725585938,-10.392318725585938,-8.467015266418457,-7.592015266418457,-6.62135124206543,-8.24635124206543,128
test,0,The sturdy [wug] alongside the locks,The sturdy [wugs] alongside the lock,-6.569135665893555,-7.944135665893555,-6.711766719818115,-6.836766719818115,-7.425357818603516,-9.800357818603516,128
test,1,The sturdy [wugs] alongside the lock,The sturdy [wug] alongside the locks,-6.836766719818115,-6.711766719818115,-7.944135665893555,-6.569135665893555,-5.715667247772217,-6.465667247772217,128
test,0,The tiny [wug] alongside the poles,The tiny [wugs] alongside the pole,-16.970348358154297,-19.470348358154297,-18.487077713012695,-17.237077713012695,-18.3796443939209,-18.5671443939209,128
test,1,The tiny [wugs] alongside the pole,The tiny [wug] alongside the poles,-17.237077713012695,-18.487077713012695,-19.470348358154297,-16.970348358154297,-17.824722290039062,-16.887222290039062,128
test,0,The round [wug] opposite the poles,The round [wugs] opposite the pole,-10.890824317932129,-15.703324317932129,-13.452682495117188,-13.015182495117188,-12.296117782592773,-14.358617782592773,128
test,1,The round [wugs] opposite the pole,The round [wug] opposite the poles,-13.015182495117188,-13.452682495117188,-15.703324317932129,-10.890824317932129,-13.54375171661377,-10.48125171661377,128
test,0,The shy [wug] near the slopes,The shy [wugs] near the slope,-19.09819984436035,-18.84819984436035,-19.410402297973633,-17.504152297973633,-19.486087799072266,-18.579837799072266,128
test,1,The shy [wugs] near the slope,The shy [wug] near the slopes,-17.504152297973633,-19.410402297973633,-18.84819984436035,-19.09819984436035,-18.292953491210938,-19.417953491210938,128
test,0,The restless [wug] below the panels,The restless [wugs] below the panel,-7.161616325378418,-9.661616325378418,-11.048730850219727,-9.048730850219727,-9.679988861083984,-10.679988861083984,128
test,1,The restless [wugs] below the panel,The restless [wug] below the panels,-9.048730850219727,-11.048730850219727,-9.661616325378418,-7.161616325378418,-7.780783653259277,-7.780783653259277,128
test,0,The wary [wug] opposite the racks,The wary [wugs] opposite the rack,-7.375542640686035,-9.250542640686035,-10.897510528564453,-8.397510528564453,-9.522090911865234,-9.647090911865234,128
test,1,The wary [wugs] opposite the rack,The wary [wug] opposite the racks,-8.397510528564453,-10.897510528564453,-9.250542640686035,-7.375542640686035,-7.9961161613464355,-8.121116638183594,128
test,0,The bold [wug] below the banks,The bold [wugs] below the bank,-18.479747772216797,-18.229747772216797,-22.2850341796875,-19.8162841796875,-21.068775177001953,-19.943775177001953,128
test,1,The bold [wugs] below the bank,The bold [wug] below the banks,-19.8162841796875,-22.2850341796875,-18.229747772216797,-18.479747772216797,-17.63371467590332,-19.25871467590332,128
test,0,The gentle [wug] atop the hinges,The gentle [wugs] atop the hinge,-16.77120590209961,-17.39620590209961,-18.341981887817383,-16.154481887817383,-17.379114151000977,-16.754114151000977,128
test,1,The gentle [wugs] atop the hinge,The gentle [wug] atop the hinges,-16.154481887817383,-18.341981887817383,-17.39620590209961,-16.77120590209961,-16.146276473999023,-17.208776473999023,128
test,0,The spotted [wug] under the ponds,The spotted [wugs] under the pond,-7.509576320648193,-10.884576797485352,-9.0829496383667,-7.957949161529541,-8.457233428955078,-10.082233428955078,128
test,1,The spotted [wugs] under the pond,The spotted [wug] under the ponds,-7.957949161529541,-9.0829496383667,-10.884576797485352,-7.509576320648193,-8.609471321105957,-7.609471797943115,128
test,0,The clever [wug] below the posts,The clever [wugs] below the post,-19.72060775756836,-18.72060775756836,-20.89656639099121,-19.45906639099121,-20.36631965637207,-19.55381965637207,128
test,1,The clever [wugs] below the post,The clever [wug] below the posts,-19.45906639099121,-20.89656639099121,-18.72060775756836,-19.72060775756836,-18.40346908569336,-20.02846908569336,128
test,0,The curious [wug] beside the gates,The curious [wugs] beside the gate,-7.826051712036133,-11.326051712036133,-9.957322120666504,-8.082322120666504,-9.334381103515625,-9.959381103515625,128
test,1,The curious [wugs] beside the gate,The curious [wug] beside the gates,-8.082322120666504,-9.957322120666504,-11.326051712036133,-7.826051712036133,-9.248905181884766,-7.748904705047607,128
test,0,The restless [wug] beside the straps,The restless [wugs] beside the strap,-8.593249320983887,-9.718249320983887,-11.037845611572266,-10.537845611572266,-10.191046714782715,-11.378546714782715,128
test,1,The restless [wugs] beside the strap,The restless [wug] beside the straps,-10.537845611572266,-11.037845611572266,-9.718249320983887,-8.593249320983887,-8.599644660949707,-9.099644660949707,128
test,0,The wary [wug] opposite the wells,The wary [wugs] opposite the well,-13.109034538269043,-13.421534538269043,-16.78813362121582,-13.975634574890137,-15.797816276550293,-14.672816276550293,128
test,1,The wary [wugs] opposite the well,The wary [wug] opposite the wells,-13.975634574890137,-16.78813362121582,-13.421534538269043,-13.109034538269043,-12.464498519897461,-13.651998519897461,128
test,0,The restless [wug] opposite the ponds,The restless [wugs] opposite the pond,-8.21325397491455,-11.52575397491455,-11.353769302368164,-7.478769302368164,-9.638422012329102,-9.263422012329102,128
test,1,The restless [wugs] opposite the pond,The restless [wug] opposite the ponds,-7.478769302368164,-11.353769302368164,-11.52575397491455,-8.21325397491455,-9.70052433013916,-8.70052433013916,128
test,0,The lively [wug] alongside the switches,The lively [wugs] alongside the switch,-17.382877349853516,-17.507877349853516,-20.50346565246582,-19.19096565246582,-20.37714958190918,-19.81464958190918,128
test,1,The lively [wugs] alongside the switch,The lively [wug] alongside the switches,-19.19096565246582,-20.50346565246582,-17.507877349853516,-17.382877349853516,-16.8465518951416,-17.5965518951416,128
test,0,The lively [wug] opposite the wires,The lively [wugs] opposite the wire,-6.925743103027344,-9.050743103027344,-11.128896713256836,-10.253896713256836,-10.627762794494629,-12.002762794494629,128
test,1,The lively [wugs] opposite the wire,The lively [wug] opposite the wires,-10.253896713256836,-11.128896713256836,-9.050743103027344,-6.925743103027344,-7.401860237121582,-7.026860237121582,128
test,0,The sturdy [wug] opposite the heaps,The sturdy [wugs] opposite the heap,-6.106621742248535,-7.856621742248535,-8.314955711364746,-6.689955711364746,-7.306432247161865,-7.931432247161865,128
test,1,The sturdy [wugs] opposite the heap,The sturdy [wug] opposite the heaps,-6.689955711364746,-8.314955711364746,-7.856621742248535,-6.106621742248535,-6.960621356964111,-6.460621356964111,128
test,0,The tiny [wug] opposite the straps,The tiny [wugs] opposite the strap,-15.654051780700684,-16.529052734375,-17.4628963470459,-17.6503963470459,-16.91351318359375,-17.28851318359375,128
test,1,The tiny [wugs] opposite the strap,The tiny [wug] opposite the straps,-17.6503963470459,-17.4628963470459,-16.529052734375,-15.654051780700684,-15.917130470275879,-15.979630470275879,128
test,0,The restless [wug] near the sheds,The restless [wugs] near the shed,-7.96752405166626,-10.592523574829102,-11.718098640441895,-7.6555986404418945,-10.263537406921387,-9.138537406921387,128
test,1,The restless [wugs] near the shed,The restless [wug] near the sheds,-7.6555986404418945,-11.718098640441895,-10.592523574829102,-7.96752405166626,-8.416831970214844,-8.541831970214844,128
test,0,The round [wug] below the poles,The round [wugs] below the pole,-15.679848670959473,-16.42984962463379,-18.37628173828125,-14.126282691955566,-16.67335319519043,-14.54835319519043,128
test,1,The round [wugs] below the pole,The round [wug] below the poles,-14.126282691955566,-18.37628173828125,-16.42984962463379,-15.679848670959473,-15.176817893981934,-16.17681884765625,128
test,0,The clumsy [wug] below the racks,The clumsy [wugs] below the rack,-8.031076431274414,-9.406076431274414,-10.396769523620605,-8.271769523620605,-9.640414237976074,-9.640414237976074,128
test,1,The clumsy [wugs] below the rack,The clumsy [wug] below the racks,-8.271769523620605,-10.396769523620605,-9.406076431274414,-8.031076431274414,-8.028898239135742,-8.403898239135742,128
test,0,The gentle [wug] opposite the fences,The gentle [wugs] opposite the fence,-15.308444023132324,-17.120943069458008,-15.570924758911133,-13.883424758911133,-15.29637622833252,-15.79637622833252,128
test,1,The gentle [wugs] opposite the fence,The gentle [wug] opposite the fences,-13.883424758911133,-15.570924758911133,-17.120943069458008,-15.308444023132324,-16.1645450592041,-15.227046012878418,128
test,0,The clever [wug] under the doors,The clever [wugs] under the door,-8.25857162475586,-11.13357162475586,-8.74152946472168,-7.61652946472168,-7.865554332733154,-9.365554809570312,128
test,1,The clever [wugs] under the door,The clever [wug] under the doors,-7.61652946472168,-8.74152946472168,-11.13357162475586,-8.25857162475586,-9.010009765625,-8.260009765625,128
test,0,The graceful [wug] opposite the tents,The graceful [wugs] opposite the tent,-5.08868408203125,-7.96368408203125,-8.63750171661377,-6.887501239776611,-6.514146327972412,-8.13914680480957,128
test,1,The graceful [wugs] opposite the tent,The graceful [wug] opposite the tents,-6.887501239776611,-8.63750171661377,-7.96368408203125,-5.08868408203125,-6.737428665161133,-5.737428665161133,128
test,0,The clever [wug] alongside the heaps,The clever [wugs] alongside the heap,-8.520125389099121,-9.270125389099121,-9.465044021606445,-8.715044021606445,-8.594536781311035,-9.344536781311035,128
test,1,The clever [wugs] alongside the heap,The clever [wug] alongside the heaps,-8.715044021606445,-9.465044021606445,-9.270125389099121,-8.520125389099121,-8.85835075378418,-8.98335075378418,128
test,0,The clumsy [wug] between the baskets,The clumsy [wugs] between the basket,-6.938808917999268,-9.68880844116211,-10.398330688476562,-11.273330688476562,-10.14455795288086,-12.83205795288086,128
test,1,The clumsy [wugs] between the basket,The clumsy [wug] between the baskets,-11.273330688476562,-10.398330688476562,-9.68880844116211,-6.938808917999268,-7.865601539611816,-6.740601539611816,128
test,0,The lively [wug] below the boards,The lively [wugs] below the board,-7.165760517120361,-10.79076099395752,-8.780682563781738,-7.40568208694458,-8.041415214538574,-9.041415214538574,128
test,1,The lively [wugs] below the board,The lively [wug] below the boards,-7.40568208694458,-8.780682563781738,-10.79076099395752,-7.165760517120361,-8.527284622192383,-7.527284145355225,128
test,0,The shy [wug] under the wires,The shy [wugs] under the wire,-7.3663530349731445,-11.053853034973145,-11.147480964660645,-9.272480964660645,-9.661449432373047,-10.661449432373047,128
test,1,The shy [wugs] under the wire,The shy [wug] under the wires,-9.272480964660645,-11.147480964660645,-11.053853034973145,-7.3663530349731445,-8.830445289611816,-7.955444812774658,128
test,0,The wary [wug] alongside the knobs,The wary [wugs] alongside the knob,-18.153892517089844,-18.653892517089844,-21.564453125,-21.283203125,-21.095006942749023,-21.032506942749023,128
test,1,The wary [wugs] alongside the knob,The wary [wug] alongside the knobs,-21.283203125,-21.564453125,-18.653892517089844,-18.153892517089844,-18.273027420043945,-18.085527420043945,128
test,0,The bold [wug] opposite the nails,The bold [wugs] opposite the nail,-7.521450519561768,-8.14645004272461,-11.25298023223877,-11.62798023223877,-10.62714958190918,-13.12714958190918,128
test,1,The bold [wugs] opposite the nail,The bold [wug] opposite the nails,-11.62798023223877,-11.25298023223877,-8.14645004272461,-7.521450519561768,-6.8933916091918945,-8.143391609191895,128
test,0,The spotted [wug] under the cliffs,The spotted [wugs] under the cliff,-6.85331916809082,-10.47831916809082,-9.825544357299805,-8.200544357299805,-9.438157081604004,-9.938157081604004,128
test,1,The spotted [wugs] under the cliff,The spotted [wug] under the cliffs,-8.200544357299805,-9.825544357299805,-10.47831916809082,-6.85331916809082,-7.1008782386779785,-7.3508782386779785,128
test,0,The spotted [wug] atop the bulbs,The spotted [wugs] atop the bulb,-13.76884651184082,-15.26884651184082,-18.13617515563965,-16.57367515563965,-17.822139739990234,-16.822139739990234,128
test,1,The spotted [wugs] atop the bulb,The spotted [wug] atop the bulbs,-16.57367515563965,-18.13617515563965,-15.26884651184082,-13.76884651184082,-12.930611610412598,-13.868111610412598,128
test,0,The bold [wug] near the sacks,The bold [wugs] near the sack,-7.325227737426758,-7.200227737426758,-11.255494117736816,-9.380494117736816,-10.631342887878418,-10.631342887878418,128
test,1,The bold [wugs] near the sack,The bold [wug] near the sacks,-9.380494117736816,-11.255494117736816,-7.200227737426758,-7.325227737426758,-6.303918838500977,-8.178918838500977,128
test,0,The lively [wug] alongside the heaps,The lively [wugs] alongside the heap,-8.443520545959473,-8.693520545959473,-8.706405639648438,-7.7064056396484375,-7.8729143142700195,-8.62291431427002,128
test,1,The lively [wugs] alongside the heap,The lively [wug] alongside the heaps,-7.7064056396484375,-8.706405639648438,-8.693520545959473,-8.443520545959473,-8.488870620727539,-9.113870620727539,128
test,0,The round [wug] by the buckets,The round [wugs] by the bucket,-6.8379034996032715,-8.837903022766113,-8.553998947143555,-6.053998947143555,-7.319415092468262,-7.944415092468262,128
test,1,The round [wugs] by the bucket,The round [wug] by the buckets,-6.053998947143555,-8.553998947143555,-8.837903022766113,-6.8379034996032715,-7.4163007736206055,-7.2913007736206055,128
test,0,The round [wug] alongside the ropes,The round [wugs] alongside the rope,-15.050155639648438,-15.425155639648438,-16.389114379882812,-14.889114379882812,-16.390779495239258,-15.515780448913574,128
test,1,The round [wugs] alongside the rope,The round [wug] alongside the ropes,-14.889114379882812,-16.389114379882812,-15.425155639648438,-15.050155639648438,-14.697284698486328,-15.259784698486328,128
test,0,The round [wug] above the desks,The round [wugs] above the desk,-14.533130645751953,-15.158130645751953,-17.347551345825195,-13.972551345825195,-15.246322631835938,-14.933822631835938,128
test,1,The round [wugs] above the desk,The round [wug] above the desks,-13.972551345825195,-17.347551345825195,-15.158130645751953,-14.533130645751953,-14.03515338897705,-14.91015338897705,128
test,0,The bold [wug] atop the bushes,The bold [wugs] atop the bush,-14.869519233703613,-17.68202018737793,-18.056352615356445,-17.931352615356445,-17.63191032409668,-18.72566032409668,128
test,1,The bold [wugs] atop the bush,The bold [wug] atop the bushes,-17.931352615356445,-18.056352615356445,-17.68202018737793,-14.869519233703613,-16.55055809020996,-15.738059043884277,128
test,0,The sturdy [wug] above the sheds,The sturdy [wugs] above the shed,-16.663393020629883,-18.475893020629883,-18.382402420043945,-16.694902420043945,-17.92730712890625,-17.86480712890625,128
test,1,The sturdy [wugs] above the shed,The sturdy [wug] above the sheds,-16.694902420043945,-18.382402420043945,-18.475893020629883,-16.663393020629883,-17.717243194580078,-17.342243194580078,128
test,0,The round [wug] atop the bushes,The round [wugs] atop the bush,-13.474523544311523,-15.099523544311523,-17.200624465942383,-14.825623512268066,-16.074365615844727,-15.57436466217041,128
test,1,The round [wugs] atop the bush,The round [wug] atop the bushes,-14.825623512268066,-17.200624465942383,-15.099523544311523,-13.474523544311523,-13.599976539611816,-14.287476539611816,128
test,0,The clumsy [wug] below the banks,The clumsy [wugs] below the bank,-6.547555923461914,-9.047555923461914,-11.382061004638672,-9.632061004638672,-10.00711441040039,-11.00711441040039,128
test,1,The clumsy [wugs] below the bank,The clumsy [wug] below the banks,-9.632061004638672,-11.382061004638672,-9.047555923461914,-6.547555923461914,-7.259905815124512,-7.009905815124512,128
test,0,The fierce [wug] below the banks,The fierce [wugs] below the bank,-5.871527194976807,-8.371526718139648,-10.757423400878906,-8.257423400878906,-8.760052680969238,-9.635052680969238,128
test,1,The fierce [wugs] below the bank,The fierce [wug] below the banks,-8.257423400878906,-10.757423400878906,-8.371526718139648,-5.871527194976807,-6.123879432678223,-6.373879432678223,128
test,0,The round [wug] under the beams,The round [wugs] under the beam,-14.911474227905273,-16.286474227905273,-14.39480209350586,-12.89480209350586,-14.312521934509277,-14.250021934509277,128
test,1,The round [wugs] under the beam,The round [wug] under the beams,-12.89480209350586,-14.39480209350586,-16.286474227905273,-14.911474227905273,-14.946427345275879,-15.008927345275879,128
test,0,The fierce [wug] alongside the wells,The fierce [wugs] alongside the well,-12.79140853881836,-13.79140853881836,-15.021427154541016,-13.771427154541016,-14.89941120147705,-14.64941120147705,128
test,1,The fierce [wugs] alongside the well,The fierce [wug] alongside the wells,-13.771427154541016,-15.021427154541016,-13.79140853881836,-12.79140853881836,-12.965330123901367,-13.277830123901367,128
test,0,The restless [wug] atop the sockets,The restless [wugs] atop the socket,-8.282393455505371,-10.594893455505371,-12.659152030944824,-9.909152030944824,-11.06463623046875,-10.56463623046875,128
test,1,The restless [wugs] atop the socket,The restless [wug] atop the sockets,-9.909152030944824,-12.659152030944824,-10.594893455505371,-8.282393455505371,-8.971769332885742,-8.971769332885742,128
test,0,The strange [wug] opposite the tents,The strange [wugs] opposite the tent,-14.32406997680664,-15.01156997680664,-16.258312225341797,-15.44581127166748,-15.13754940032959,-15.26254940032959,128
test,1,The strange [wugs] opposite the tent,The strange [wug] opposite the tents,-15.44581127166748,-16.258312225341797,-15.01156997680664,-14.32406997680664,-14.729669570922852,-15.042169570922852,128
test,0,The wary [wug] atop the pillars,The wary [wugs] atop the pillar,-14.056018829345703,-15.056018829345703,-17.624155044555664,-13.780404090881348,-16.285472869873047,-15.22297191619873,128
test,1,The wary [wugs] atop the pillar,The wary [wug] atop the pillars,-13.780404090881348,-17.624155044555664,-15.056018829345703,-14.056018829345703,-13.200541496276855,-15.075541496276855,128
test,0,The tiny [wug] below the nails,The tiny [wugs] below the nail,-5.699786186218262,-7.824786186218262,-7.1788763999938965,-4.6788763999938965,-6.40529727935791,-6.90529727935791,128
test,1,The tiny [wugs] below the nail,The tiny [wug] below the nails,-4.6788763999938965,-7.1788763999938965,-7.824786186218262,-5.699786186218262,-5.197244644165039,-5.822244644165039,128
test,0,The clever [wug] under the bins,The clever [wugs] under the bin,-6.049006462097168,-9.799006462097168,-6.9943389892578125,-5.1193389892578125,-5.5453009605407715,-6.9203009605407715,128
test,1,The clever [wugs] under the bin,The clever [wug] under the bins,-5.1193389892578125,-6.9943389892578125,-9.799006462097168,-6.049006462097168,-6.969884872436523,-6.469884872436523,128
test,0,The curious [wug] by the baskets,The curious [wugs] by the basket,-8.442744255065918,-11.192744255065918,-10.279085159301758,-9.904085159301758,-9.289032936096191,-11.164032936096191,128
test,1,The curious [wugs] by the basket,The curious [wug] by the baskets,-9.904085159301758,-10.279085159301758,-11.192744255065918,-8.442744255065918,-10.239603042602539,-9.114603042602539,128
test,0,The gentle [wug] above the hinges,The gentle [wugs] above the hinge,-18.121431350708008,-18.371431350708008,-19.690155029296875,-18.315155029296875,-19.02922821044922,-18.27922821044922,128
test,1,The gentle [wugs] above the hinge,The gentle [wug] above the hinges,-18.315155029296875,-19.690155029296875,-18.371431350708008,-18.121431350708008,-17.97568130493164,-18.56943130493164,128
test,0,The tiny [wug] between the shelves,The tiny [wugs] between the shelf,-6.487884998321533,-8.862884521484375,-10.916277885437012,-11.103777885437012,-10.659929275512695,-12.097429275512695,128
test,1,The tiny [wugs] between the shelf,The tiny [wug] between the shelves,-11.103777885437012,-10.916277885437012,-8.862884521484375,-6.487884998321533,-6.466676235198975,-6.216676235198975,128
test,0,The curious [wug] opposite the trees,The curious [wugs] opposite the tree,-15.605759620666504,-17.668258666992188,-18.19781494140625,-15.822815895080566,-17.995819091796875,-17.683319091796875,128
test,1,The curious [wugs] opposite the tree,The curious [wug] opposite the trees,-15.822815895080566,-18.19781494140625,-17.668258666992188,-15.605759620666504,-16.516698837280273,-15.76669979095459,128
test,0,The strange [wug] opposite the panels,The strange [wugs] opposite the panel,-8.495004653930664,-10.245004653930664,-10.89419174194336,-10.64419174194336,-10.270039558410645,-12.270039558410645,128
test,1,The strange [wugs] opposite the panel,The strange [wug] opposite the panels,-10.64419174194336,-10.89419174194336,-10.245004653930664,-8.495004653930664,-9.008158683776855,-8.883158683776855,128
test,0,The fierce [wug] by the beams,The fierce [wugs] by the beam,-8.121463775634766,-9.746463775634766,-9.91450309753418,-9.91450309753418,-8.960685729980469,-11.335685729980469,128
test,1,The fierce [wugs] by the beam,The fierce [wug] by the beams,-9.91450309753418,-9.91450309753418,-9.746463775634766,-8.121463775634766,-8.64920711517334,-8.52420711517334,128
test,0,The gentle [wug] beside the desks,The gentle [wugs] beside the desk,-15.55923080444336,-15.18423080444336,-19.40731430053711,-14.62606430053711,-17.391456604003906,-15.391456604003906,128
test,1,The gentle [wugs] beside the desk,The gentle [wug] beside the desks,-14.62606430053711,-19.40731430053711,-15.18423080444336,-15.55923080444336,-14.210180282592773,-16.210180282592773,128
test,0,The bold [wug] below the nails,The bold [wugs] below the nail,-7.641068935394287,-8.391069412231445,-10.252524375915527,-9.752524375915527,-9.87747573852539,-11.37747573852539,128
test,1,The bold [wugs] below the nail,The bold [wug] below the nails,-9.752524375915527,-10.252524375915527,-8.391069412231445,-7.641068935394287,-6.891158103942871,-8.016158103942871,128
test,0,The round [wug] opposite the straps,The round [wugs] opposite the strap,-13.276543617248535,-13.589043617248535,-15.025615692138672,-12.275615692138672,-14.341012954711914,-12.966012954711914,128
test,1,The round [wugs] opposite the strap,The round [wug] opposite the straps,-12.275615692138672,-15.025615692138672,-13.589043617248535,-13.276543617248535,-12.19526195526123,-13.38276195526123,128
test,0,The gentle [wug] alongside the wells,The gentle [wugs] alongside the well,-12.205440521240234,-12.142940521240234,-14.848494529724121,-12.598494529724121,-15.047022819519043,-13.359522819519043,128
test,1,The gentle [wugs] alongside the well,The gentle [wug] alongside the wells,-12.598494529724121,-14.848494529724121,-12.142940521240234,-12.205440521240234,-11.225984573364258,-12.413484573364258,128
test,0,The round [wug] opposite the pillars,The round [wugs] opposite the pillar,-17.205053329467773,-18.705053329467773,-18.75899887084961,-16.91524887084961,-17.716154098510742,-18.028654098510742,128
test,1,The round [wugs] opposite the pillar,The round [wug] opposite the pillars,-16.91524887084961,-18.75899887084961,-18.705053329467773,-17.205053329467773,-17.65941619873047,-17.53441619873047,128
test,0,The clumsy [wug] opposite the ponds,The clumsy [wugs] opposite the pond,-16.5133113861084,-20.1070613861084,-18.674903869628906,-17.987403869628906,-17.674169540405273,-19.736669540405273,128
test,1,The clumsy [wugs] opposite the pond,The clumsy [wug] opposite the ponds,-17.987403869628906,-18.674903869628906,-20.1070613861084,-16.5133113861084,-19.515941619873047,-17.140941619873047,128
test,0,The tiny [wug] below the hooks,The tiny [wugs] below the hook,-5.6079630851745605,-7.7329630851745605,-10.133933067321777,-7.883933067321777,-9.13498306274414,-9.00998306274414,128
test,1,The tiny [wugs] below the hook,The tiny [wug] below the hooks,-7.883933067321777,-10.133933067321777,-7.7329630851745605,-5.6079630851745605,-5.6622514724731445,-6.2872514724731445,128
test,0,The bold [wug] below the tents,The bold [wugs] below the tent,-16.22349739074707,-16.59849739074707,-17.4457950592041,-15.695795059204102,-16.821640014648438,-16.259140014648438,128
test,1,The bold [wugs] below the tent,The bold [wug] below the tents,-15.695795059204102,-17.4457950592041,-16.59849739074707,-16.22349739074707,-15.845503807067871,-16.720502853393555,128
test,0,The bold [wug] alongside the baskets,The bold [wugs] alongside the basket,-5.588587760925293,-6.088587760925293,-8.7693452835083,-7.269345283508301,-8.270824432373047,-8.895824432373047,128
test,1,The bold [wugs] alongside the basket,The bold [wug] alongside the baskets,-7.269345283508301,-8.7693452835083,-6.088587760925293,-5.588587760925293,-4.490212440490723,-5.865212440490723,128
test,0,The sturdy [wug] between the mirrors,The sturdy [wugs] between the mirror,-16.53384780883789,-17.09634780883789,-18.634044647216797,-17.571544647216797,-18.382478713989258,-17.319978713989258,128
test,1,The sturdy [wugs] between the mirror,The sturdy [wug] between the mirrors,-17.571544647216797,-18.634044647216797,-17.09634780883789,-16.53384780883789,-16.957611083984375,-16.957611083984375,128
test,0,The wary [wug] atop the slopes,The wary [wugs] atop the slope,-14.541834831237793,-17.41683578491211,-16.78893280029297,-15.538931846618652,-15.899202346801758,-16.649202346801758,128
test,1,The wary [wugs] atop the slope,The wary [wug] atop the slopes,-15.538931846618652,-16.78893280029297,-17.41683578491211,-14.541834831237793,-16.07086181640625,-15.195860862731934,128
test,0,The graceful [wug] beside the racks,The graceful [wugs] beside the rack,-6.487671852111816,-8.362671852111816,-8.98974609375,-6.36474609375,-8.134101867675781,-7.509101867675781,128
test,1,The graceful [wugs] beside the rack,The graceful [wug] beside the racks,-6.36474609375,-8.98974609375,-8.362671852111816,-6.487671852111816,-7.052323341369629,-6.927323341369629,128
test,0,The gentle [wug] beside the panels,The gentle [wugs] beside the panel,-14.255465507507324,-14.817965507507324,-15.14502239227295,-13.89502239227295,-14.952706336975098,-15.577706336975098,128
test,1,The gentle [wugs] beside the panel,The gentle [wug] beside the panels,-13.89502239227295,-15.14502239227295,-14.817965507507324,-14.255465507507324,-13.98702335357666,-14.79952335357666,128
test,0,The curious [wug] atop the sheds,The curious [wugs] atop the shed,-7.0608134269714355,-9.560813903808594,-9.866181373596191,-6.553681373596191,-8.561821937561035,-8.186821937561035,128
test,1,The curious [wugs] atop the shed,The curious [wug] atop the sheds,-6.553681373596191,-9.866181373596191,-9.560813903808594,-7.0608134269714355,-7.9206438064575195,-7.4206438064575195,128
test,0,The clever [wug] alongside the mirrors,The clever [wugs] alongside the mirror,-15.720572471618652,-16.09557342529297,-18.823883056640625,-17.261383056640625,-17.886823654174805,-17.449323654174805,128
test,1,The clever [wugs] alongside the mirror,The clever [wug] alongside the mirrors,-17.261383056640625,-18.823883056640625,-16.09557342529297,-15.720572471618652,-15.595115661621094,-16.345115661621094,128
test,0,The gentle [wug] under the doors,The gentle [wugs] under the door,-16.6644344329834,-16.9144344329834,-17.33197784423828,-15.706978797912598,-16.644943237304688,-16.519943237304688,128
test,1,The gentle [wugs] under the door,The gentle [wug] under the doors,-15.706978797912598,-17.33197784423828,-16.9144344329834,-16.6644344329834,-16.38517951965332,-17.01017951965332,128
test,0,The sturdy [wug] opposite the pillars,The sturdy [wugs] opposite the pillar,-16.36542320251465,-17.64667320251465,-16.902984619140625,-17.090484619140625,-16.717838287353516,-17.967838287353516,128
test,1,The sturdy [wugs] opposite the pillar,The sturdy [wug] opposite the pillars,-17.090484619140625,-16.902984619140625,-17.64667320251465,-16.36542320251465,-17.10939598083496,-16.51564598083496,128
test,0,The strange [wug] near the sockets,The strange [wugs] near the socket,-10.984701156616211,-12.859701156616211,-12.037972450256348,-10.787972450256348,-11.232735633850098,-12.232735633850098,128
test,1,The strange [wugs] near the socket,The strange [wug] near the sockets,-10.787972450256348,-12.037972450256348,-12.859701156616211,-10.984701156616211,-11.073373794555664,-11.073373794555664,128
test,0,The graceful [wug] above the gates,The graceful [wugs] above the gate,-6.940685749053955,-9.815686225891113,-8.327479362487793,-7.702478885650635,-7.84371280670166,-9.46871280670166,128
test,1,The graceful [wugs] above the gate,The graceful [wug] above the gates,-7.702478885650635,-8.327479362487793,-9.815686225891113,-6.940685749053955,-8.138081550598145,-7.1380815505981445,128
test,0,The clever [wug] above the slopes,The clever [wugs] above the slope,-15.721460342407227,-16.721460342407227,-17.301034927368164,-16.676034927368164,-17.237672805786133,-17.425172805786133,128
test,1,The clever [wugs] above the slope,The clever [wug] above the slopes,-16.676034927368164,-17.301034927368164,-16.721460342407227,-15.721460342407227,-16.328561782836914,-16.141061782836914,128
test,0,The curious [wug] opposite the tents,The curious [wugs] opposite the tent,-5.196774959564209,-8.196775436401367,-9.26098918914795,-7.510988712310791,-7.139862537384033,-9.014862060546875,128
test,1,The curious [wugs] opposite the tent,The curious [wug] opposite the tents,-7.510988712310791,-9.26098918914795,-8.196775436401367,-5.196774959564209,-7.1989898681640625,-6.0739898681640625,128
test,0,The tiny [wug] under the panels,The tiny [wugs] under the panel,-6.090328216552734,-8.590328216552734,-8.027633666992188,-7.402633190155029,-7.411444664001465,-9.286444664001465,128
test,1,The tiny [wugs] under the panel,The tiny [wug] under the panels,-7.402633190155029,-8.027633666992188,-8.590328216552734,-6.090328216552734,-6.055908203125,-6.555908203125,128
test,0,The tiny [wug] alongside the bridges,The tiny [wugs] alongside the bridge,-17.411462783813477,-17.723962783813477,-17.69435691833496,-16.81935691833496,-17.633235931396484,-17.633235931396484,128
test,1,The tiny [wugs] alongside the bridge,The tiny [wug] alongside the bridges,-16.81935691833496,-17.69435691833496,-17.723962783813477,-17.411462783813477,-17.208171844482422,-17.520671844482422,128
test,0,The lively [wug] under the ponds,The lively [wugs] under the pond,-16.98357582092285,-19.57732582092285,-18.531761169433594,-17.719261169433594,-17.600845336914062,-19.163345336914062,128
test,1,The lively [wugs] under the pond,The lively [wug] under the ponds,-17.719261169433594,-18.531761169433594,-19.57732582092285,-16.98357582092285,-18.546890258789062,-17.421890258789062,128
test,0,The round [wug] alongside the doors,The round [wugs] alongside the door,-6.703160285949707,-9.203160285949707,-6.5993452072143555,-3.9743452072143555,-5.641923904418945,-6.516923904418945,128
test,1,The round [wugs] alongside the door,The round [wug] alongside the doors,-3.9743452072143555,-6.5993452072143555,-9.203160285949707,-6.703160285949707,-6.474339008331299,-6.599339008331299,128
test,0,The fierce [wug] near the braces,The fierce [wugs] near the brace,-9.291726112365723,-10.791726112365723,-11.881653785705566,-10.631653785705566,-10.76365852355957,-11.63865852355957,128
test,1,The fierce [wugs] near the brace,The fierce [wug] near the braces,-10.631653785705566,-11.881653785705566,-10.791726112365723,-9.291726112365723,-9.278136253356934,-10.153136253356934,128
test,0,The fierce [wug] near the gates,The fierce [wugs] near the gate,-17.61381721496582,-17.92631721496582,-17.786869049072266,-15.599369049072266,-17.841161727905273,-17.216161727905273,128
test,1,The fierce [wugs] near the gate,The fierce [wug] near the gates,-15.599369049072266,-17.786869049072266,-17.92631721496582,-17.61381721496582,-16.454490661621094,-17.454490661621094,128
test,0,The lively [wug] under the ropes,The lively [wugs] under the rope,-16.282651901245117,-17.095151901245117,-20.016019821166992,-18.516019821166992,-19.705204010009766,-18.892704010009766,128
test,1,The lively [wugs] under the rope,The lively [wug] under the ropes,-18.516019821166992,-20.016019821166992,-17.095151901245117,-16.282651901245117,-16.366004943847656,-16.866004943847656,128
test,0,The spotted [wug] below the banks,The spotted [wugs] below the bank,-12.135770797729492,-15.448270797729492,-15.264859199523926,-14.139859199523926,-14.140685081481934,-15.453185081481934,128
test,1,The spotted [wugs] below the bank,The spotted [wug] below the banks,-14.139859199523926,-15.264859199523926,-15.448270797729492,-12.135770797729492,-13.552199363708496,-12.239699363708496,128
test,0,The wary [wug] atop the buckets,The wary [wugs] atop the bucket,-10.382954597473145,-11.257954597473145,-15.134814262390137,-13.134814262390137,-14.449860572814941,-13.762360572814941,128
test,1,The wary [wugs] atop the bucket,The wary [wug] atop the buckets,-13.134814262390137,-15.134814262390137,-11.257954597473145,-10.382954597473145,-10.486106872558594,-11.298606872558594,128
test,0,The clever [wug] below the doors,The clever [wugs] below the door,-14.530534744262695,-16.405534744262695,-16.142946243286133,-15.76794719696045,-15.995528221130371,-16.995529174804688,128
test,1,The clever [wugs] below the door,The clever [wug] below the doors,-15.76794719696045,-16.142946243286133,-16.405534744262695,-14.530534744262695,-15.289870262145996,-14.414870262145996,128
test,0,The restless [wug] below the racks,The restless [wugs] below the rack,-18.734357833862305,-20.609357833862305,-21.47124671936035,-19.40874671936035,-20.608779907226562,-20.358779907226562,128
test,1,The restless [wugs] below the rack,The restless [wug] below the racks,-19.40874671936035,-21.47124671936035,-20.609357833862305,-18.734357833862305,-19.277620315551758,-19.277620315551758,128
test,0,The bold [wug] atop the desks,The bold [wugs] atop the desk,-4.388287544250488,-4.638287544250488,-7.148705005645752,-3.648705005645752,-5.380305767059326,-5.380305767059326,128
test,1,The bold [wugs] atop the desk,The bold [wug] atop the desks,-3.648705005645752,-7.148705005645752,-4.638287544250488,-4.388287544250488,-3.167412519454956,-5.417412281036377,128
test,0,The clever [wug] near the knobs,The clever [wugs] near the knob,-16.63612937927246,-16.26112937927246,-18.315811157226562,-15.753310203552246,-17.555103302001953,-16.742603302001953,128
test,1,The clever [wugs] near the knob,The clever [wug] near the knobs,-15.753310203552246,-18.315811157226562,-16.26112937927246,-16.63612937927246,-15.212488174438477,-16.587488174438477,128
test,0,The tiny [wug] beside the tents,The tiny [wugs] beside the tent,-17.6573429107666,-18.3448429107666,-21.111448287963867,-18.455198287963867,-20.05196762084961,-19.64571762084961,128
test,1,The tiny [wugs] beside the tent,The tiny [wug] beside the tents,-18.455198287963867,-21.111448287963867,-18.3448429107666,-17.6573429107666,-17.10529327392578,-18.13654327392578,128
test,0,The fierce [wug] near the beams,The fierce [wugs] near the beam,-7.823864459991455,-9.073863983154297,-9.93019962310791,-9.05519962310791,-8.995451927185059,-11.120451927185059,128
test,1,The fierce [wugs] near the beam,The fierce [wug] near the beams,-9.05519962310791,-9.93019962310791,-9.073863983154297,-7.823864459991455,-7.53139066696167,-8.281391143798828,128
test,0,The graceful [wug] under the panels,The graceful [wugs] under the panel,-16.447057723999023,-16.509557723999023,-17.785385131835938,-16.597885131835938,-17.917951583862305,-16.542951583862305,128
test,1,The graceful [wugs] under the panel,The graceful [wug] under the panels,-16.597885131835938,-17.785385131835938,-16.509557723999023,-16.447057723999023,-16.28992462158203,-16.53992462158203,128
test,0,The tiny [wug] near the knobs,The tiny [wugs] near the knob,-7.6743574142456055,-8.674357414245605,-9.686367988586426,-7.686367988586426,-8.624787330627441,-9.249787330627441,128
test,1,The tiny [wugs] near the knob,The tiny [wug] near the knobs,-7.686367988586426,-9.686367988586426,-8.674357414245605,-7.6743574142456055,-6.342741012573242,-7.967741012573242,128
test,0,The wary [wug] beside the nails,The wary [wugs] beside the nail,-9.595274925231934,-11.095274925231934,-12.002179145812988,-13.002179145812988,-12.002071380615234,-14.439571380615234,128
test,1,The wary [wugs] beside the nail,The wary [wug] beside the nails,-13.002179145812988,-12.002179145812988,-11.095274925231934,-9.595274925231934,-9.918508529663086,-10.293508529663086,128
test,0,The lively [wug] under the roots,The lively [wugs] under the root,-7.918071746826172,-11.168071746826172,-8.186567306518555,-10.186567306518555,-7.968735218048096,-11.156234741210938,128
test,1,The lively [wugs] under the root,The lively [wug] under the roots,-10.186567306518555,-8.186567306518555,-11.168071746826172,-7.918071746826172,-9.128351211547852,-8.253351211547852,128
test,0,The fierce [wug] below the bins,The fierce [wugs] below the bin,-5.8715949058532715,-8.37159538269043,-5.867536544799805,-6.867536544799805,-6.044485569000244,-8.794486045837402,128
test,1,The fierce [wugs] below the bin,The fierce [wug] below the bins,-6.867536544799805,-5.867536544799805,-8.37159538269043,-5.8715949058532715,-5.601447105407715,-6.101447105407715,128
test,0,The clever [wug] between the beams,The clever [wugs] between the beam,-17.7086124420166,-18.6461124420166,-19.84064483642578,-19.40314483642578,-19.347267150878906,-19.097267150878906,128
test,1,The clever [wugs] between the beam,The clever [wug] between the beams,-19.40314483642578,-19.84064483642578,-18.6461124420166,-17.7086124420166,-18.389787673950195,-18.139787673950195,128
test,0,The restless [wug] by the bushes,The restless [wugs] by the bush,-9.076446533203125,-12.013946533203125,-11.296688079833984,-9.421688079833984,-10.305484771728516,-10.805484771728516,128
test,1,The restless [wugs] by the bush,The restless [wug] by the bushes,-9.421688079833984,-11.296688079833984,-12.013946533203125,-9.076446533203125,-10.158084869384766,-9.408084869384766,128
test,0,The spotted [wug] opposite the banks,The spotted [wugs] opposite the bank,-13.424405097961426,-15.174405097961426,-14.867555618286133,-13.930055618286133,-13.875312805175781,-14.750312805175781,128
test,1,The spotted [wugs] opposite the bank,The spotted [wug] opposite the banks,-13.930055618286133,-14.867555618286133,-15.174405097961426,-13.424405097961426,-14.499658584594727,-13.749658584594727,128
test,0,The strange [wug] under the wells,The strange [wugs] under the well,-13.738040924072266,-14.488040924072266,-16.10675048828125,-13.669251441955566,-15.187252044677734,-14.562252044677734,128
test,1,The strange [wugs] under the well,The strange [wug] under the wells,-13.669251441955566,-16.10675048828125,-14.488040924072266,-13.738040924072266,-13.535009384155273,-14.347509384155273,128
