epoch,pair_index,global_step,phase,ce_loss,total_loss,grad_norm_wug,grad_norm_wugs,step_wug,step_wugs,norm_wug,norm_wugs,separation_l2,cosine
1,0,1,singular,16.608854293823242,16.608854293823242,143.0,1.1563301086425781e-05,0.031982421875,0.0269775390625,1.4453125,1.453125,1.9140625,0.12890625
1,0,2,plural,12.592728614807129,12.592728614807129,0.00823974609375,155.0,4.673004150390625e-05,0.0439453125,1.4453125,1.453125,1.9140625,0.1298828125
1,1,3,singular,10.175951957702637,10.175951957702637,164.0,0.000213623046875,0.03759765625,0.001129150390625,1.453125,1.453125,1.9140625,0.12890625
1,1,4,plural,13.861852645874023,13.861852645874023,13.5625,164.0,0.00665283203125,0.038818359375,1.453125,1.453125,1.9140625,0.1298828125
1,2,5,singular,3.3403067588806152,3.3403067588806152,158.0,0.328125,0.031982421875,9.441375732421875e-05,1.453125,1.453125,1.9140625,0.1318359375
1,2,6,plural,14.48908519744873,14.48908519744873,0.166015625,149.0,1.3232231140136719e-05,0.041015625,1.453125,1.453125,1.9140625,0.1318359375
1,3,7,singular,5.801940441131592,5.801940441131592,166.0,8.0108642578125e-05,0.045654296875,0.0,1.453125,1.453125,1.9140625,0.1328125
1,3,8,plural,8.500138282775879,8.500138282775879,0.8125,145.0,0.0002002716064453125,0.041015625,1.453125,1.453125,1.9140625,0.1337890625
1,4,9,singular,5.244027137756348,5.244027137756348,155.0,0.00140380859375,0.03564453125,7.450580596923828e-09,1.4609375,1.453125,1.9140625,0.1337890625
1,4,10,plural,5.744876861572266,5.744876861572266,3.6875,155.0,0.0018463134765625,0.04541015625,1.4609375,1.4609375,1.921875,0.134765625
1,5,11,singular,11.747587203979492,11.747587203979492,154.0,0.00579833984375,0.04833984375,1.1920928955078125e-07,1.4609375,1.4609375,1.921875,0.1376953125
1,5,12,plural,1.796151876449585,1.796151876449585,17.75,130.0,0.00799560546875,0.03759765625,1.4609375,1.46875,1.921875,0.1376953125
1,6,13,singular,4.756759166717529,4.756759166717529,154.0,136.0,0.04541015625,0.036865234375,1.4609375,1.4609375,1.9140625,0.140625
1,6,14,plural,15.809426307678223,15.809426307678223,6.21875,170.0,0.0023345947265625,0.044921875,1.4609375,1.4609375,1.9140625,0.142578125
1,7,15,singular,3.152087450027466,3.152087450027466,152.0,0.263671875,0.037841796875,1.728534698486328e-05,1.46875,1.4609375,1.9140625,0.1435546875
1,7,16,plural,6.1537251472473145,6.1537251472473145,151.0,154.0,0.03076171875,0.031982421875,1.46875,1.46875,1.921875,0.142578125
1,8,17,singular,12.865289688110352,12.865289688110352,144.0,0.000652313232421875,0.043212890625,0.0,1.46875,1.46875,1.921875,0.1435546875
1,8,18,plural,4.424379348754883,4.424379348754883,131.0,155.0,0.0291748046875,0.036865234375,1.46875,1.46875,1.921875,0.142578125
1,9,19,singular,2.7125940322875977,2.7125940322875977,134.0,0.47265625,0.031982421875,5.626678466796875e-05,1.46875,1.46875,1.921875,0.14453125
1,9,20,plural,8.135327339172363,8.135327339172363,0.01031494140625,158.0,0.0,0.04833984375,1.46875,1.4765625,1.921875,0.14453125
1,10,21,singular,0.7773447632789612,0.7773447632789612,83.5,80.5,0.0262451171875,0.0240478515625,1.46875,1.46875,1.921875,0.1455078125
1,10,22,plural,2.805752754211426,2.805752754211426,103.0,150.0,0.031494140625,0.041259765625,1.46875,1.4765625,1.9296875,0.14453125
1,11,23,singular,0.12238461524248123,0.12238461524248123,17.875,16.375,0.006317138671875,0.005401611328125,1.46875,1.4765625,1.9296875,0.14453125
1,11,24,plural,3.474278211593628,3.474278211593628,149.0,159.0,0.0322265625,0.032958984375,1.46875,1.4765625,1.9296875,0.1435546875
1,12,25,singular,7.227063179016113,7.227063179016113,143.0,0.87109375,0.04345703125,0.0001544952392578125,1.46875,1.4765625,1.9296875,0.1455078125
1,12,26,plural,2.37081241607666,2.37081241607666,94.0,158.0,0.01611328125,0.027099609375,1.46875,1.4765625,1.9296875,0.1455078125
1,13,27,singular,1.486176609992981,1.486176609992981,120.0,95.0,0.0341796875,0.0299072265625,1.4765625,1.4765625,1.9296875,0.14453125
1,13,28,plural,2.1800718307495117,2.1800718307495117,6.21875,151.0,0.00153350830078125,0.03564453125,1.4765625,1.484375,1.9296875,0.14453125
1,14,29,singular,0.7364901900291443,0.7364901900291443,83.5,24.875,0.0234375,0.0079345703125,1.4765625,1.484375,1.9296875,0.1455078125
1,14,30,plural,0.4296180307865143,0.4296180307865143,6.0625,51.25,0.001953125,0.017578125,1.4765625,1.484375,1.9296875,0.1455078125
2,0,31,singular,0.16280852258205414,0.16280852258205414,24.0,5.9375,0.007659912109375,0.00189208984375,1.4765625,1.484375,1.9296875,0.146484375
2,0,32,plural,0.020104793831706047,0.020104793831706047,2.484375,3.109375,0.000457763671875,0.0005645751953125,1.4765625,1.484375,1.9296875,0.146484375
2,1,33,singular,5.930850982666016,5.930850982666016,143.0,0.058837890625,0.04931640625,3.9637088775634766e-06,1.484375,1.484375,1.9375,0.1474609375
2,1,34,plural,0.016577711328864098,0.016577711328864098,1.7421875,2.625,0.000400543212890625,0.00072479248046875,1.484375,1.484375,1.9375,0.1474609375
2,2,35,singular,0.052444860339164734,0.052444860339164734,8.375,0.72265625,0.003021240234375,0.00010728836059570312,1.484375,1.484375,1.9375,0.1474609375
2,2,36,plural,0.3344162106513977,0.3344162106513977,43.25,47.0,0.01275634765625,0.01519775390625,1.484375,1.484375,1.9375,0.1474609375
2,3,37,singular,0.00036006642039865255,0.00036006642039865255,0.060302734375,0.001312255859375,1.8700957298278809e-06,0.0,1.484375,1.484375,1.9375,0.1474609375
2,3,38,plural,3.2199501991271973,3.2199501991271973,23.75,163.0,0.01190185546875,0.05517578125,1.4765625,1.4921875,1.9375,0.1494140625
2,4,39,singular,0.06223592907190323,0.06223592907190323,9.375,8.1875,0.00457763671875,0.003936767578125,1.484375,1.4921875,1.9375,0.1484375
2,4,40,plural,0.002017844934016466,0.002017844934016466,0.21875,0.29296875,2.3365020751953125e-05,3.790855407714844e-05,1.484375,1.4921875,1.9375,0.1484375
2,5,41,singular,0.2016787827014923,0.2016787827014923,28.375,28.375,0.016357421875,0.01544189453125,1.484375,1.4921875,1.9375,0.1484375
2,5,42,plural,0.07075978815555573,0.07075978815555573,6.78125,10.0,0.0034942626953125,0.005523681640625,1.484375,1.4921875,1.9375,0.1484375
2,6,43,singular,0.08782331645488739,0.08782331645488739,12.875,0.65234375,0.00909423828125,0.0002155303955078125,1.484375,1.4921875,1.9375,0.1484375
2,6,44,plural,0.14405697584152222,0.14405697584152222,0.00799560546875,21.125,0.0,0.01422119140625,1.484375,1.4921875,1.9375,0.1494140625
2,7,45,singular,0.014219040982425213,0.014219040982425213,2.1875,2.1875,0.00128173828125,0.00119781494140625,1.484375,1.4921875,1.9375,0.1494140625
2,7,46,plural,0.13998983800411224,0.13998983800411224,8.3125,19.5,0.00537109375,0.0118408203125,1.484375,1.4921875,1.9375,0.1494140625
2,8,47,singular,0.01820521429181099,0.01820521429181099,2.8125,2.796875,0.00193023681640625,0.00186920166015625,1.484375,1.4921875,1.9375,0.1494140625
2,8,48,plural,0.016570793464779854,0.016570793464779854,0.365234375,2.796875,9.202957153320312e-05,0.00119781494140625,1.484375,1.4921875,1.9375,0.1494140625
2,9,49,singular,0.28338170051574707,0.28338170051574707,40.5,40.0,0.0179443359375,0.0169677734375,1.484375,1.4921875,1.9453125,0.1484375
2,9,50,plural,0.20376496016979218,0.20376496016979218,29.75,30.25,0.0181884765625,0.015869140625,1.484375,1.4921875,1.9453125,0.1474609375
2,10,51,singular,0.15205469727516174,0.15205469727516174,22.0,1.6875,0.01373291015625,0.00067901611328125,1.484375,1.4921875,1.9453125,0.1484375
2,10,52,plural,0.005308934953063726,0.005308934953063726,0.80859375,0.82421875,0.0002346038818359375,0.000213623046875,1.484375,1.4921875,1.9453125,0.1484375
2,11,53,singular,0.5366901755332947,0.5366901755332947,59.5,1.046875,0.04248046875,0.000774383544921875,1.4921875,1.4921875,1.9453125,0.1484375
2,11,54,plural,6.751175880432129,6.751175880432129,155.0,155.0,0.07080078125,0.072265625,1.484375,1.5078125,1.953125,0.146484375
2,12,55,singular,0.8498794436454773,0.8498794436454773,92.0,88.0,0.04052734375,0.040771484375,1.484375,1.5,1.953125,0.146484375
2,12,56,plural,0.19491736590862274,0.19491736590862274,28.25,30.75,0.009765625,0.01104736328125,1.484375,1.5,1.953125,0.1455078125
2,13,57,singular,0.2613408863544464,0.2613408863544464,33.0,9.0625,0.0228271484375,0.0079345703125,1.484375,1.5,1.953125,0.146484375
2,13,58,plural,0.014179433695971966,0.014179433695971966,2.1875,2.1875,0.000797271728515625,0.00084686279296875,1.484375,1.5,1.953125,0.146484375
2,14,59,singular,0.002515130676329136,0.002515130676329136,0.359375,0.1669921875,6.961822509765625e-05,2.8848648071289062e-05,1.484375,1.5,1.953125,0.146484375
2,14,60,plural,0.014179433695971966,0.014179433695971966,2.1875,2.1875,0.000911712646484375,0.00092315673828125,1.484375,1.5,1.953125,0.146484375
3,0,61,singular,4.264179229736328,4.264179229736328,153.0,153.0,0.06298828125,0.064453125,1.5,1.4921875,1.953125,0.146484375
3,0,62,plural,7.500556468963623,7.500556468963623,155.0,155.0,0.0546875,0.055419921875,1.4921875,1.5,1.953125,0.1455078125
3,1,63,singular,0.0001591317413840443,0.0001591317413840443,0.026611328125,0.00970458984375,1.9222497940063477e-06,4.76837158203125e-07,1.4921875,1.5,1.953125,0.1455078125
3,1,64,plural,0.0006119524477981031,0.0006119524477981031,0.08642578125,0.095703125,8.106231689453125e-06,8.106231689453125e-06,1.4921875,1.5,1.953125,0.1455078125
3,2,65,singular,0.1507452428340912,0.1507452428340912,20.125,0.1279296875,0.01544189453125,4.315376281738281e-05,1.4921875,1.5,1.953125,0.146484375
3,2,66,plural,0.11019710451364517,0.11019710451364517,16.375,18.125,0.006805419921875,0.00799560546875,1.4921875,1.5,1.953125,0.146484375
3,3,67,singular,0.0041427514515817165,0.0041427514515817165,0.65625,0.39453125,0.0001735687255859375,9.250640869140625e-05,1.4921875,1.5,1.953125,0.146484375
3,3,68,plural,0.031404003500938416,0.031404003500938416,4.28125,4.53125,0.003448486328125,0.004119873046875,1.4921875,1.5,1.953125,0.146484375
3,4,69,singular,0.01331732515245676,0.01331732515245676,1.890625,0.08837890625,0.001312255859375,2.086162567138672e-05,1.4921875,1.5,1.953125,0.146484375
3,4,70,plural,0.007685260381549597,0.007685260381549597,0.000514984130859375,1.2109375,0.0,0.00127410888671875,1.4921875,1.5,1.953125,0.146484375
3,5,71,singular,2.578921318054199,2.578921318054199,144.0,144.0,0.060302734375,0.061279296875,1.5,1.4921875,1.953125,0.1474609375
3,5,72,plural,0.9913733601570129,0.9913733601570129,91.5,93.5,0.044921875,0.046875,1.5,1.5,1.953125,0.14453125
3,6,73,singular,0.023514339700341225,0.023514339700341225,3.796875,3.765625,0.0013427734375,0.0013275146484375,1.5,1.5,1.9609375,0.14453125
3,6,74,plural,0.026864489540457726,0.026864489540457726,0.52734375,4.5,0.00022792816162109375,0.0035552978515625,1.5,1.5,1.9609375,0.14453125
3,7,75,singular,0.0030695723835378885,0.0030695723835378885,0.50390625,0.1494140625,0.00017452239990234375,2.956390380859375e-05,1.5,1.5,1.9609375,0.14453125
3,7,76,plural,0.0019455092260614038,0.0019455092260614038,0.298828125,0.30078125,5.5789947509765625e-05,4.7206878662109375e-05,1.5,1.5,1.9609375,0.14453125
3,8,77,singular,0.010959195904433727,0.010959195904433727,1.5703125,0.2138671875,0.00146484375,7.915496826171875e-05,1.5,1.5,1.9609375,0.14453125
3,8,78,plural,6.501506805419922,6.501506805419922,155.0,155.0,0.06298828125,0.0634765625,1.4921875,1.5078125,1.9609375,0.1435546875
3,9,79,singular,0.1148160994052887,0.1148160994052887,16.75,16.5,0.013427734375,0.01336669921875,1.4921875,1.5078125,1.9609375,0.142578125
3,9,80,plural,0.014179433695971966,0.014179433695971966,2.1875,2.1875,0.00046539306640625,0.00048828125,1.4921875,1.5078125,1.9609375,0.142578125
3,10,81,singular,4.5110602378845215,4.5110602378845215,154.0,154.0,0.057861328125,0.05810546875,1.5,1.5,1.9609375,0.14453125
3,10,82,plural,0.00024125049822032452,0.00024125049822032452,0.0322265625,0.038330078125,4.798173904418945e-06,3.2782554626464844e-06,1.5,1.5,1.9609375,0.14453125
3,11,83,singular,0.0002727136597968638,0.0002727136597968638,0.0390625,0.0093994140625,1.0952353477478027e-06,4.76837158203125e-07,1.5,1.5,1.9609375,0.14453125
3,11,84,plural,0.005317235365509987,0.005317235365509987,0.19921875,0.90234375,5.269050598144531e-05,0.0005645751953125,1.5,1.5,1.9609375,0.14453125
3,12,85,singular,0.0007090438157320023,0.0007090438157320023,0.11376953125,0.037109375,2.3484230041503906e-05,4.4405460357666016e-06,1.5,1.5,1.9609375,0.14453125
3,12,86,plural,0.05665045976638794,0.05665045976638794,8.75,9.0625,0.00653076171875,0.00689697265625,1.5,1.5,1.9609375,0.14453125
3,13,87,singular,0.020094629377126694,0.020094629377126694,3.109375,0.3359375,0.0025482177734375,0.00010204315185546875,1.5,1.5,1.9609375,0.14453125
3,13,88,plural,0.030128616839647293,0.030128616839647293,4.78125,4.84375,0.004119873046875,0.004119873046875,1.5,1.5,1.9609375,0.1435546875
3,14,89,singular,0.0012757980730384588,0.0012757980730384588,0.1953125,0.0274658203125,0.00014019012451171875,1.0132789611816406e-05,1.5,1.5,1.9609375,0.1435546875
3,14,90,plural,0.0003644755925051868,0.0003644755925051868,0.048828125,0.052978515625,1.5020370483398438e-05,2.4437904357910156e-05,1.5,1.5,1.9609375,0.1435546875
4,0,91,singular,0.0031835371628403664,0.0031835371628403664,0.494140625,0.494140625,0.0001010894775390625,0.00011301040649414062,1.5,1.5,1.9609375,0.1435546875
4,0,92,plural,0.0023082061670720577,0.0023082061670720577,0.28125,0.337890625,0.00019359588623046875,0.0002193450927734375,1.5,1.5,1.9609375,0.1435546875
4,1,93,singular,0.0031835371628403664,0.0031835371628403664,0.494140625,0.494140625,0.0001316070556640625,0.0001430511474609375,1.5,1.5,1.9609375,0.1435546875
4,1,94,plural,0.0003644755925051868,0.0003644755925051868,0.048828125,0.052978515625,2.2172927856445312e-05,2.6226043701171875e-05,1.5,1.5,1.9609375,0.1435546875
4,2,95,singular,0.009677637368440628,0.009677637368440628,1.3828125,0.1884765625,0.00286865234375,0.0002269744873046875,1.5,1.5,1.9609375,0.1435546875
4,2,96,plural,5.753183364868164,5.753183364868164,155.0,155.0,0.07568359375,0.076171875,1.4921875,1.5078125,1.96875,0.1416015625
4,3,97,singular,0.01920989342033863,0.01920989342033863,2.71875,2.265625,0.0037689208984375,0.003173828125,1.4921875,1.5078125,1.96875,0.1416015625
4,3,98,plural,0.0005558376433327794,0.0005558376433327794,0.0859375,0.08642578125,7.808208465576172e-06,6.0498714447021484e-06,1.4921875,1.5078125,1.96875,0.1416015625
4,4,99,singular,0.10753486305475235,0.10753486305475235,16.75,13.6875,0.01953125,0.01708984375,1.4921875,1.5078125,1.96875,0.140625
4,4,100,plural,0.00042024365393444896,0.00042024365393444896,0.0162353515625,0.0625,1.9669532775878906e-06,1.8715858459472656e-05,1.4921875,1.5078125,1.96875,0.140625
4,5,101,singular,1.406789779663086,1.406789779663086,123.5,123.5,0.049560546875,0.0498046875,1.5,1.5078125,1.96875,0.138671875
4,5,102,plural,0.0043090591207146645,0.0043090591207146645,0.023681640625,0.73046875,4.9173831939697266e-06,0.000774383544921875,1.5,1.5078125,1.96875,0.138671875
4,6,103,singular,0.007494193036109209,0.007494193036109209,1.1484375,0.484375,0.00168609619140625,0.000560760498046875,1.5,1.5078125,1.96875,0.138671875
4,6,104,plural,0.002833639271557331,0.002833639271557331,0.00011539459228515625,0.447265625,0.0,0.00063323974609375,1.5,1.5078125,1.96875,0.138671875
4,7,105,singular,0.0019370617810636759,0.0019370617810636759,0.30078125,0.263671875,0.0002689361572265625,0.00021648406982421875,1.5,1.5078125,1.96875,0.138671875
4,7,106,plural,0.0003238391946069896,0.0003238391946069896,0.046142578125,0.05078125,5.036592483520508e-06,1.1205673217773438e-05,1.5,1.5078125,1.96875,0.138671875
4,8,107,singular,0.10788594186306,0.10788594186306,14.6875,0.36328125,0.0228271484375,0.0004787445068359375,1.5,1.5078125,1.96875,0.138671875
4,8,108,plural,3.814624506048858e-05,3.814624506048858e-05,0.00439453125,0.006072998046875,0.0,0.0,1.5,1.5078125,1.96875,0.138671875
4,9,109,singular,0.000603493710514158,0.000603493710514158,0.09619140625,0.036865234375,4.982948303222656e-05,9.298324584960938e-06,1.5,1.5078125,1.96875,0.138671875
4,9,110,plural,0.0143966069445014,0.0143966069445014,2.296875,2.328125,0.0030364990234375,0.003387451171875,1.5,1.5078125,1.96875,0.138671875
4,10,111,singular,0.0006032554083503783,0.0006032554083503783,0.0966796875,0.037109375,5.030632019042969e-05,1.2040138244628906e-05,1.5,1.5078125,1.96875,0.138671875
4,10,112,plural,0.0009193961159326136,0.0009193961159326136,0.1416015625,0.142578125,6.389617919921875e-05,0.00011682510375976562,1.5,1.5078125,1.96875,0.138671875
4,11,113,singular,0.010234259068965912,0.010234259068965912,1.453125,0.2119140625,0.00286865234375,0.0002613067626953125,1.5,1.5078125,1.96875,0.138671875
4,11,114,plural,0.0010238410905003548,0.0010238410905003548,0.016357421875,0.173828125,1.1920928955078125e-06,0.00017833709716796875,1.5,1.5078125,1.96875,0.138671875
4,12,115,singular,3.1470757676288486e-05,3.1470757676288486e-05,0.0052490234375,0.001495361328125,4.76837158203125e-07,0.0,1.5,1.5078125,1.96875,0.138671875
4,12,116,plural,0.07891442626714706,0.07891442626714706,11.75,11.75,0.01495361328125,0.0152587890625,1.5,1.5078125,1.9765625,0.1376953125
4,13,117,singular,5.006722927093506,5.006722927093506,154.0,154.0,0.08447265625,0.0849609375,1.5078125,1.4921875,1.96875,0.140625
4,13,118,plural,0.8375291228294373,0.8375291228294373,96.5,98.5,0.042724609375,0.043701171875,1.5078125,1.5,1.9765625,0.138671875
4,14,119,singular,0.012236171402037144,0.012236171402037144,1.890625,0.205078125,0.001495361328125,7.724761962890625e-05,1.5078125,1.5,1.9765625,0.138671875
4,14,120,plural,0.18201488256454468,0.18201488256454468,27.0,27.25,0.0201416015625,0.0206298828125,1.5078125,1.5,1.9765625,0.1376953125
5,0,121,singular,0.018984053283929825,0.018984053283929825,2.9375,0.48828125,0.00250244140625,0.0001964569091796875,1.5078125,1.5,1.9765625,0.1376953125
5,0,122,plural,0.0007160721579566598,0.0007160721579566598,0.1103515625,0.111328125,2.7418136596679688e-05,1.823902130126953e-05,1.5078125,1.5,1.9765625,0.1376953125
5,1,123,singular,0.004569208715111017,0.004569208715111017,0.6484375,0.061279296875,0.0007171630859375,2.765655517578125e-05,1.5078125,1.5,1.9765625,0.1376953125
5,1,124,plural,0.0030348694417625666,0.0030348694417625666,0.412109375,0.4453125,0.0004215240478515625,0.000446319580078125,1.5078125,1.5,1.9765625,0.1376953125
5,2,125,singular,6.01988795096986e-05,6.01988795096986e-05,0.00933837890625,0.005462646484375,1.9073486328125e-06,2.738088369369507e-07,1.5078125,1.5,1.9765625,0.1376953125
5,2,126,plural,0.0010367024224251509,0.0010367024224251509,0.0184326171875,0.1767578125,2.1457672119140625e-06,9.870529174804688e-05,1.5078125,1.5,1.9765625,0.1376953125
5,3,127,singular,0.0013956816401332617,0.0013956816401332617,0.2001953125,0.01556396484375,0.000324249267578125,4.708766937255859e-06,1.5078125,1.5,1.9765625,0.1376953125
5,3,128,plural,0.0030291646253317595,0.0030291646253317595,0.32421875,0.44921875,0.000308990478515625,0.000476837158203125,1.5078125,1.5,1.9765625,0.1376953125
5,4,129,singular,0.00033504117163829505,0.00033504117163829505,0.0537109375,0.0174560546875,2.0384788513183594e-05,3.933906555175781e-06,1.5078125,1.5,1.9765625,0.1376953125
5,4,130,plural,0.00040797016117721796,0.00040797016117721796,0.059326171875,0.06396484375,2.3365020751953125e-05,3.0994415283203125e-05,1.5078125,1.5,1.9765625,0.1376953125
5,5,131,singular,0.0001287377526750788,0.0001287377526750788,0.0184326171875,0.00445556640625,3.2782554626464844e-06,5.960464477539063e-08,1.5078125,1.5,1.9765625,0.1376953125
5,5,132,plural,7.000914096832275,7.000914096832275,155.0,155.0,0.0830078125,0.0830078125,1.5,1.515625,1.984375,0.134765625
5,6,133,singular,7.250711917877197,7.250711917877197,155.0,155.0,0.06396484375,0.06396484375,1.5078125,1.5078125,1.9765625,0.13671875
5,6,134,plural,0.002128361025825143,0.002128361025825143,0.2314453125,0.369140625,3.218650817871094e-05,8.869171142578125e-05,1.5078125,1.5078125,1.9765625,0.13671875
5,7,135,singular,0.0006579380133189261,0.0006579380133189261,0.1005859375,0.021484375,0.00010633468627929688,1.2278556823730469e-05,1.5078125,1.5078125,1.9765625,0.13671875
5,7,136,plural,0.003288934240117669,0.003288934240117669,0.51953125,0.53515625,0.000484466552734375,0.000522613525390625,1.5078125,1.5078125,1.9765625,0.13671875
5,8,137,singular,0.029766153544187546,0.029766153544187546,4.5625,4.5625,0.00153350830078125,0.001556396484375,1.5078125,1.5078125,1.9765625,0.13671875
5,8,138,plural,4.018162250518799,4.018162250518799,152.0,152.0,0.0634765625,0.0634765625,1.5,1.515625,1.984375,0.134765625
5,9,139,singular,0.42932620644569397,0.42932620644569397,57.25,57.0,0.0289306640625,0.0289306640625,1.5,1.515625,1.984375,0.1337890625
5,9,140,plural,0.0015488782664760947,0.0015488782664760947,0.21875,0.255859375,5.340576171875e-05,9.489059448242188e-05,1.5,1.515625,1.984375,0.1337890625
5,10,141,singular,0.03729887306690216,0.03729887306690216,5.28125,0.267578125,0.00909423828125,0.000408172607421875,1.5,1.515625,1.984375,0.1337890625
5,10,142,plural,0.0005690624238923192,0.0005690624238923192,0.00063323974609375,0.0966796875,5.960464477539063e-08,4.363059997558594e-05,1.5,1.515625,1.984375,0.1337890625
5,11,143,singular,0.0002019201492657885,0.0002019201492657885,0.03369140625,0.0205078125,4.231929779052734e-06,8.58306884765625e-06,1.5,1.515625,1.984375,0.1337890625
5,11,144,plural,9.179073458653875e-06,9.179073458653875e-06,0.00101470947265625,0.0013275146484375,6.146728992462158e-08,0.0,1.5,1.515625,1.984375,0.1337890625
5,12,145,singular,0.0034872216638177633,0.0034872216638177633,0.5546875,0.39453125,0.000804901123046875,0.0005340576171875,1.5,1.515625,1.984375,0.1337890625
5,12,146,plural,0.00408434122800827,0.00408434122800827,0.62890625,0.63671875,0.000152587890625,0.00015735626220703125,1.5,1.515625,1.984375,0.1337890625
5,13,147,singular,0.0026534132193773985,0.0026534132193773985,0.435546875,0.19140625,0.00064849853515625,0.00014209747314453125,1.5,1.515625,1.984375,0.1337890625
5,13,148,plural,0.0006330393371172249,0.0006330393371172249,9.47713851928711e-06,0.10009765625,0.0,0.00020313262939453125,1.5,1.515625,1.984375,0.1337890625
5,14,149,singular,5.50408411026001,5.50408411026001,155.0,155.0,0.0732421875,0.0732421875,1.5078125,1.5,1.9765625,0.1357421875
5,14,150,plural,0.00018142008048016578,0.00018142008048016578,0.025146484375,0.02880859375,8.821487426757812e-06,1.2993812561035156e-05,1.5078125,1.5,1.9765625,0.1357421875
6,0,151,singular,0.00013422065239865333,0.00013422065239865333,0.021484375,0.004425048828125,2.8908252716064453e-06,9.5367431640625e-07,1.5078125,1.5,1.9765625,0.1357421875
6,0,152,plural,0.0008403107640333474,0.0008403107640333474,0.1259765625,0.130859375,8.106231689453125e-05,0.000152587890625,1.5078125,1.5,1.9765625,0.1357421875
6,1,153,singular,0.0018367577577009797,0.0018367577577009797,0.26171875,0.0155029296875,0.000484466552734375,9.000301361083984e-06,1.5078125,1.5,1.9765625,0.1357421875
6,1,154,plural,7.000914096832275,7.000914096832275,155.0,155.0,0.0673828125,0.06787109375,1.5,1.515625,1.984375,0.1337890625
6,2,155,singular,0.005911722779273987,0.005911722779273987,0.90234375,0.55078125,0.002410888671875,0.00157928466796875,1.5,1.515625,1.984375,0.1337890625
6,2,156,plural,0.0014298463938757777,0.0014298463938757777,0.140625,0.248046875,4.458427429199219e-05,0.0001239776611328125,1.5,1.515625,1.984375,0.1337890625
6,3,157,singular,0.0079912468791008,0.0079912468791008,1.2265625,1.171875,0.0027313232421875,0.0027618408203125,1.5,1.515625,1.984375,0.1337890625
6,3,158,plural,0.001725257490761578,0.001725257490761578,0.2470703125,0.283203125,0.00023555755615234375,0.00022411346435546875,1.5,1.515625,1.984375,0.1337890625
6,4,159,singular,0.002940618433058262,0.002940618433058262,0.466796875,0.306640625,0.001007080078125,0.000682830810546875,1.5,1.515625,1.984375,0.1337890625
6,4,160,plural,3.099436753473128e-06,3.099436753473128e-06,0.00019168853759765625,0.000492095947265625,7.450580596923828e-09,0.0,1.5,1.515625,1.984375,0.1337890625
6,5,161,singular,0.01831383816897869,0.01831383816897869,2.984375,2.9375,0.003326416015625,0.0033721923828125,1.5,1.515625,1.984375,0.1337890625
6,5,162,plural,1.4424220353248529e-05,1.4424220353248529e-05,0.00167083740234375,0.0020904541015625,5.960464477539063e-08,2.384185791015625e-07,1.5,1.515625,1.984375,0.1337890625
6,6,163,singular,0.00013600854435935616,0.00013600854435935616,0.0228271484375,0.01251220703125,1.9669532775878906e-05,9.238719940185547e-06,1.5,1.515625,1.984375,0.1337890625
6,6,164,plural,0.0005707303644157946,0.0005707303644157946,0.0439453125,0.08544921875,3.62396240234375e-05,0.000209808349609375,1.5,1.515625,1.984375,0.1337890625
6,7,165,singular,4.2641730308532715,4.2641730308532715,153.0,153.0,0.07666015625,0.07666015625,1.515625,1.5,1.984375,0.134765625
6,7,166,plural,8.500205039978027,8.500205039978027,155.0,155.0,0.064453125,0.06396484375,1.5,1.5078125,1.984375,0.134765625
6,8,167,singular,2.3502306938171387,2.3502306938171387,141.0,141.0,0.051513671875,0.051513671875,1.5078125,1.5,1.984375,0.1357421875
6,8,168,plural,0.0013706822646781802,0.0013706822646781802,0.030517578125,0.2333984375,1.7404556274414062e-05,0.00055694580078125,1.5078125,1.5,1.984375,0.1357421875
6,9,169,singular,0.0001941730733960867,0.0001941730733960867,0.031982421875,0.00274658203125,1.6450881958007812e-05,3.203749656677246e-07,1.5078125,1.5,1.984375,0.1357421875
6,9,170,plural,0.007414679042994976,0.007414679042994976,0.09326171875,1.2578125,0.000278472900390625,0.0037689208984375,1.5078125,1.5,1.984375,0.1357421875
6,10,171,singular,0.0023180777207016945,0.0023180777207016945,0.333984375,0.0021209716796875,0.00131988525390625,0.0,1.5078125,1.5,1.984375,0.1357421875
6,10,172,plural,0.007009557913988829,0.007009557913988829,0.98046875,1.0234375,0.00323486328125,0.00360107421875,1.5078125,1.5,1.984375,0.1357421875
6,11,173,singular,0.0009507188224233687,0.0009507188224233687,0.13671875,0.00946044921875,0.0004825592041015625,4.5299530029296875e-06,1.5078125,1.5,1.984375,0.1357421875
6,11,174,plural,0.0017122859135270119,0.0017122859135270119,0.263671875,0.265625,0.00055694580078125,0.000560760498046875,1.5078125,1.5,1.984375,0.1357421875
6,12,175,singular,0.008319602347910404,0.008319602347910404,1.296875,0.12451171875,0.003387451171875,0.00022125244140625,1.5078125,1.5,1.984375,0.1357421875
6,12,176,plural,6.251932144165039,6.251932144165039,155.0,155.0,0.06640625,0.06640625,1.5,1.515625,1.984375,0.1328125
6,13,177,singular,0.001665158779360354,0.001665158779360354,0.23828125,0.1669921875,0.000652313232421875,0.00048828125,1.5,1.515625,1.984375,0.1328125
6,13,178,plural,0.0004717191040981561,0.0004717191040981561,0.0703125,0.0771484375,0.00010728836059570312,0.00011301040649414062,1.5,1.515625,1.984375,0.1328125
6,14,179,singular,4.758622169494629,4.758622169494629,154.0,154.0,0.0625,0.0625,1.5078125,1.5,1.984375,0.1357421875
6,14,180,plural,0.0028343526646494865,0.0028343526646494865,0.0002155303955078125,0.447265625,3.3527612686157227e-08,0.0023193359375,1.5078125,1.5,1.984375,0.1357421875
7,0,181,singular,0.0020974320359528065,0.0020974320359528065,0.298828125,0.0198974609375,0.00130462646484375,4.0531158447265625e-05,1.5078125,1.5,1.984375,0.1357421875
7,0,182,plural,0.005728968884795904,0.005728968884795904,0.06396484375,0.96875,0.0002536773681640625,0.003936767578125,1.5078125,1.5,1.984375,0.1357421875
7,1,183,singular,0.00019631843315437436,0.00019631843315437436,0.0322265625,0.00311279296875,2.4318695068359375e-05,4.76837158203125e-07,1.5078125,1.5,1.984375,0.1357421875
7,1,184,plural,0.0028343526646494865,0.0028343526646494865,0.0002155303955078125,0.447265625,0.0,0.00274658203125,1.5078125,1.5,1.984375,0.1357421875
7,2,185,singular,0.00018273114983458072,0.00018273114983458072,0.0291748046875,0.0072021484375,6.532669067382812e-05,1.430511474609375e-06,1.5078125,1.5,1.984375,0.1357421875
7,2,186,plural,5.50408411026001,5.50408411026001,155.0,155.0,0.06591796875,0.06591796875,1.5,1.515625,1.984375,0.1328125
7,3,187,singular,0.04878818988800049,0.04878818988800049,7.4375,2.40625,0.01385498046875,0.006439208984375,1.5,1.515625,1.984375,0.1328125
7,3,188,plural,0.00019870213873218745,0.00019870213873218745,0.023193359375,0.029052734375,0.0001239776611328125,0.00015354156494140625,1.5,1.515625,1.984375,0.1328125
7,4,189,singular,0.01779237948358059,0.01779237948358059,2.53125,0.12890625,0.00933837890625,0.00089263916015625,1.5,1.515625,1.984375,0.1328125
7,4,190,plural,0.0004752936656586826,0.0004752936656586826,0.038818359375,0.07080078125,2.9206275939941406e-05,0.0002956390380859375,1.5,1.515625,1.984375,0.1328125
7,5,191,singular,0.00933449249714613,0.00933449249714613,1.328125,0.51171875,0.005889892578125,0.003326416015625,1.5078125,1.515625,1.984375,0.1318359375
7,5,192,plural,0.0015368566382676363,0.0015368566382676363,0.158203125,0.267578125,0.0002498626708984375,0.000720977783203125,1.5078125,1.515625,1.984375,0.1318359375
7,6,193,singular,0.014291669242084026,0.014291669242084026,2.328125,2.296875,0.004180908203125,0.005279541015625,1.5078125,1.515625,1.984375,0.1318359375
7,6,194,plural,0.0004120216181036085,0.0004120216181036085,0.06201171875,0.0673828125,8.344650268554688e-05,0.00019931793212890625,1.5078125,1.515625,1.984375,0.1318359375
7,7,195,singular,0.00015722469834145159,0.00015722469834145159,0.0262451171875,0.01611328125,6.532669067382812e-05,6.437301635742188e-05,1.5078125,1.515625,1.984375,0.1318359375
7,7,196,plural,9.929640509653836e-05,9.929640509653836e-05,0.000263214111328125,0.016845703125,0.0,2.396106719970703e-05,1.5078125,1.515625,1.984375,0.1318359375
7,8,197,singular,5.255239486694336,5.255239486694336,155.0,155.0,0.07568359375,0.076171875,1.515625,1.5,1.984375,0.134765625
7,8,198,plural,0.001068736077286303,0.001068736077286303,0.1611328125,0.1669921875,0.00060272216796875,0.000858306884765625,1.515625,1.5,1.984375,0.134765625
7,9,199,singular,0.00071190285962075,0.00071190285962075,0.11083984375,0.1103515625,7.4803829193115234e-06,8.463859558105469e-06,1.515625,1.5,1.984375,0.134765625
7,9,200,plural,0.003190667135640979,0.003190667135640979,0.4921875,0.494140625,0.00152587890625,0.002044677734375,1.515625,1.5,1.984375,0.134765625
7,10,201,singular,9.77468371274881e-05,9.77468371274881e-05,0.0150146484375,0.0012054443359375,1.704692840576172e-05,0.0,1.515625,1.5,1.984375,0.134765625
7,10,202,plural,7.250711917877197,7.250711917877197,155.0,155.0,0.0693359375,0.0693359375,1.5078125,1.515625,1.984375,0.1318359375
7,11,203,singular,4.018162250518799,4.018162250518799,152.0,152.0,0.05859375,0.058837890625,1.515625,1.5,1.984375,0.134765625
7,11,204,plural,0.10189656168222427,0.10189656168222427,15.6875,15.875,0.0186767578125,0.0194091796875,1.515625,1.5078125,1.984375,0.1337890625
7,12,205,singular,0.00018249277491122484,0.00018249277491122484,0.0291748046875,0.00726318359375,1.6808509826660156e-05,3.993511199951172e-06,1.515625,1.5078125,1.984375,0.1337890625
7,12,206,plural,0.0003097769513260573,0.0003097769513260573,0.04296875,0.044921875,0.00011539459228515625,0.0001468658447265625,1.515625,1.5078125,1.984375,0.1337890625
7,13,207,singular,4.684815212385729e-05,4.684815212385729e-05,0.007232666015625,0.0042724609375,1.5720725059509277e-06,7.152557373046875e-07,1.515625,1.5078125,1.984375,0.1337890625
7,13,208,plural,8.868777513271198e-05,8.868777513271198e-05,0.01190185546875,0.01409912109375,3.457069396972656e-05,4.827976226806641e-06,1.515625,1.5078125,1.984375,0.1337890625
7,14,209,singular,6.0794889577664435e-05,6.0794889577664435e-05,0.0086669921875,0.002105712890625,7.3909759521484375e-06,2.980232238769531e-07,1.515625,1.5078125,1.984375,0.1337890625
7,14,210,plural,5.255239486694336,5.255239486694336,155.0,155.0,0.06494140625,0.06494140625,1.5078125,1.515625,1.9921875,0.1318359375
8,0,211,singular,0.004979114979505539,0.004979114979505539,0.765625,0.486328125,0.0030670166015625,0.002349853515625,1.5078125,1.515625,1.9921875,0.1318359375
8,0,212,plural,0.00038378025055862963,0.00038378025055862963,5.0961971282958984e-06,0.060791015625,0.0,0.0004215240478515625,1.5078125,1.515625,1.9921875,0.1318359375
8,1,213,singular,0.0002369599969824776,0.0002369599969824776,0.03955078125,0.0264892578125,0.00011396408081054688,1.5974044799804688e-05,1.5078125,1.515625,1.9921875,0.1318359375
8,1,214,plural,0.00021979777375236154,0.00021979777375236154,0.0262451171875,0.0322265625,9.393692016601562e-05,0.0001983642578125,1.5078125,1.515625,1.9921875,0.1318359375
8,2,215,singular,0.012344739399850368,0.012344739399850368,1.765625,0.10107421875,0.00775146484375,0.0008392333984375,1.5078125,1.515625,1.9921875,0.1318359375
8,2,216,plural,2.3841830625315197e-06,2.3841830625315197e-06,0.00014972686767578125,0.0003795623779296875,0.0,0.0,1.5078125,1.515625,1.9921875,0.1318359375
8,3,217,singular,0.0398113913834095,0.0398113913834095,6.09375,2.140625,0.01287841796875,0.006500244140625,1.5078125,1.515625,1.9921875,0.1318359375
8,3,218,plural,0.005239683203399181,0.005239683203399181,0.8125,0.8125,0.0001773834228515625,0.0001926422119140625,1.5078125,1.515625,1.9921875,0.1318359375
8,4,219,singular,5.255239486694336,5.255239486694336,155.0,155.0,0.07177734375,0.072265625,1.515625,1.5,1.984375,0.1337890625
8,4,220,plural,6.75117301940918,6.75117301940918,155.0,155.0,0.0615234375,0.061767578125,1.5078125,1.515625,1.9921875,0.1318359375
8,5,221,singular,0.002987685613334179,0.002987685613334179,0.462890625,0.435546875,0.001220703125,0.00156402587890625,1.5078125,1.515625,1.9921875,0.1318359375
8,5,222,plural,0.0005708495154976845,0.0005708495154976845,0.00092315673828125,0.09716796875,0.0,0.0004405975341796875,1.5078125,1.515625,1.9921875,0.1318359375
8,6,223,singular,0.004045042674988508,0.004045042674988508,0.578125,0.189453125,0.002899169921875,0.00140380859375,1.5078125,1.515625,1.9921875,0.1318359375
8,6,224,plural,0.0012063853209838271,0.0012063853209838271,0.1689453125,0.1982421875,0.000209808349609375,0.0003452301025390625,1.5078125,1.515625,1.9921875,0.1318359375
8,7,225,singular,3.7732577323913574,3.7732577323913574,152.0,152.0,0.06201171875,0.062255859375,1.515625,1.5,1.984375,0.1337890625
8,7,226,plural,0.0234764963388443,0.0234764963388443,3.75,3.796875,0.0079345703125,0.00897216796875,1.515625,1.5,1.984375,0.1337890625
8,8,227,singular,0.0008679436868987978,0.0008679436868987978,0.12353515625,0.007354736328125,0.000621795654296875,4.0531158447265625e-06,1.515625,1.5,1.984375,0.1337890625
8,8,228,plural,0.0017100248951464891,0.0017100248951464891,0.263671875,0.265625,0.000629425048828125,0.000873565673828125,1.515625,1.5,1.984375,0.1337890625
8,9,229,singular,0.00014220656885299832,0.00014220656885299832,0.022705078125,0.005615234375,1.621246337890625e-05,4.738569259643555e-06,1.515625,1.5,1.984375,0.1337890625
8,9,230,plural,0.0004444326623342931,0.0004444326623342931,0.06298828125,0.064453125,0.0001773834228515625,0.0002498626708984375,1.515625,1.5,1.984375,0.1337890625
8,10,231,singular,0.00010752100206445903,0.00010752100206445903,0.0172119140625,0.0038909912109375,1.621246337890625e-05,3.874301910400391e-06,1.515625,1.5,1.984375,0.1337890625
8,10,232,plural,0.006075367331504822,0.006075367331504822,0.77734375,0.8984375,0.0030517578125,0.00408935546875,1.515625,1.5,1.984375,0.1337890625
8,11,233,singular,3.480850500636734e-05,3.480850500636734e-05,0.004974365234375,0.00099945068359375,1.080334186553955e-06,2.384185791015625e-07,1.515625,1.5,1.984375,0.1337890625
8,11,234,plural,0.001086121890693903,0.001086121890693903,0.0269775390625,0.1845703125,4.673004150390625e-05,0.0010833740234375,1.515625,1.5,1.984375,0.1337890625
8,12,235,singular,0.0001931004080688581,0.0001931004080688581,0.031494140625,0.0294189453125,4.9114227294921875e-05,1.3113021850585938e-05,1.515625,1.5,1.984375,0.1337890625
8,12,236,plural,0.0006543640629388392,0.0006543640629388392,0.09765625,0.10205078125,0.0004024505615234375,0.00048065185546875,1.515625,1.5,1.984375,0.1337890625
8,13,237,singular,0.0011730464175343513,0.0011730464175343513,0.1826171875,0.181640625,2.1338462829589844e-05,2.7179718017578125e-05,1.515625,1.5,1.984375,0.1337890625
8,13,238,plural,6.75117301940918,6.75117301940918,155.0,155.0,0.07763671875,0.07763671875,1.5078125,1.515625,1.9921875,0.130859375
8,14,239,singular,0.0028110535349696875,0.0028110535349696875,0.4609375,0.24609375,0.00182342529296875,0.00107574462890625,1.5078125,1.515625,1.9921875,0.130859375
8,14,240,plural,0.000867467257194221,0.000867467257194221,0.0849609375,0.150390625,0.0001392364501953125,0.00048828125,1.5078125,1.515625,1.9921875,0.130859375
9,0,241,singular,0.01098454650491476,0.01098454650491476,1.578125,0.10107421875,0.00848388671875,0.000942230224609375,1.5078125,1.515625,1.9921875,0.1298828125
9,0,242,plural,6.198863957251888e-06,6.198863957251888e-06,0.000698089599609375,0.00089263916015625,0.0,1.1920928955078125e-07,1.5078125,1.515625,1.9921875,0.1298828125
9,1,243,singular,0.031140806153416634,0.031140806153416634,4.78125,1.6796875,0.01263427734375,0.00677490234375,1.5078125,1.515625,1.9921875,0.1298828125
9,1,244,plural,0.0019321836298331618,0.0019321836298331618,0.30078125,0.30078125,5.245208740234375e-05,5.7220458984375e-05,1.5078125,1.515625,1.9921875,0.1298828125
9,2,245,singular,0.0013729440979659557,0.0013729440979659557,0.1962890625,0.1474609375,0.0007476806640625,0.000804901123046875,1.5078125,1.515625,1.9921875,0.1298828125
9,2,246,plural,0.0005360596696846187,0.0005360596696846187,0.07080078125,0.087890625,0.00012302398681640625,0.000247955322265625,1.5078125,1.515625,1.9921875,0.1298828125
9,3,247,singular,6.251932144165039,6.251932144165039,155.0,155.0,0.07763671875,0.07763671875,1.515625,1.5078125,1.9921875,0.1328125
9,3,248,plural,0.0022082962095737457,0.0022082962095737457,0.00019073486328125,0.349609375,0.0,0.0030670166015625,1.515625,1.5078125,1.9921875,0.1328125
9,4,249,singular,0.00030596344731748104,0.00030596344731748104,0.043701171875,0.002716064453125,0.0002231597900390625,1.5124678611755371e-06,1.515625,1.5078125,1.9921875,0.1328125
9,4,250,plural,0.0068937791511416435,0.0068937791511416435,0.98046875,1.0078125,0.004730224609375,0.005950927734375,1.515625,1.5078125,1.9921875,0.1328125
9,5,251,singular,0.00015066919149830937,0.00015066919149830937,0.024658203125,0.02294921875,7.987022399902344e-06,1.0371208190917969e-05,1.515625,1.5078125,1.9921875,0.1328125
9,5,252,plural,6.75117301940918,6.75117301940918,155.0,155.0,0.0693359375,0.06982421875,1.5078125,1.515625,1.9921875,0.130859375
9,6,253,singular,0.006061030086129904,0.006061030086129904,0.86328125,0.2734375,0.004425048828125,0.001983642578125,1.5078125,1.515625,1.9921875,0.130859375
9,6,254,plural,7.73638384998776e-05,7.73638384998776e-05,0.00020503997802734375,0.01312255859375,0.0,1.2099742889404297e-05,1.5078125,1.515625,1.9921875,0.130859375
9,7,255,singular,0.002116346498951316,0.002116346498951316,0.337890625,0.2392578125,0.0016937255859375,0.0013885498046875,1.5078125,1.515625,1.9921875,0.130859375
9,7,256,plural,2.861018856492592e-06,2.861018856492592e-06,0.00021839141845703125,0.0004558563232421875,0.0,0.0,1.5078125,1.515625,1.9921875,0.130859375
9,8,257,singular,0.0015109085943549871,0.0015109085943549871,0.2421875,0.1650390625,0.0013427734375,0.0010986328125,1.5078125,1.515625,1.9921875,0.130859375
9,8,258,plural,0.0013985387049615383,0.0013985387049615383,0.158203125,0.2431640625,0.000469207763671875,0.0009613037109375,1.5078125,1.515625,1.9921875,0.130859375
9,9,259,singular,0.0014212755486369133,0.0014212755486369133,0.232421875,0.1025390625,0.0011138916015625,0.000713348388671875,1.5078125,1.515625,1.9921875,0.130859375
9,9,260,plural,0.00862208567559719,0.00862208567559719,1.3359375,1.3359375,0.0004596710205078125,0.000469207763671875,1.5078125,1.515625,1.9921875,0.130859375
9,10,261,singular,9.536288416711614e-05,9.536288416711614e-05,0.015869140625,0.00970458984375,9.298324584960938e-05,7.927417755126953e-06,1.5078125,1.515625,1.9921875,0.130859375
9,10,262,plural,0.00034517052699811757,0.00034517052699811757,0.000385284423828125,0.05859375,0.0,0.00052642822265625,1.5078125,1.515625,1.9921875,0.130859375
9,11,263,singular,0.001576134585775435,0.001576134585775435,0.2412109375,0.1396484375,0.0019989013671875,0.0014190673828125,1.5078125,1.515625,1.9921875,0.130859375
9,11,264,plural,1.2993727978027891e-05,1.2993727978027891e-05,0.0015869140625,0.0020294189453125,9.5367431640625e-07,0.0,1.5078125,1.515625,1.9921875,0.130859375
9,12,265,singular,0.0037828569766134024,0.0037828569766134024,0.5859375,0.5546875,0.004180908203125,0.004669189453125,1.5078125,1.515625,1.9921875,0.130859375
9,12,266,plural,0.00042775063775479794,0.00042775063775479794,0.038818359375,0.0634765625,0.0002288818359375,0.000476837158203125,1.5078125,1.515625,1.9921875,0.130859375
9,13,267,singular,4.758622169494629,4.758622169494629,154.0,154.0,0.0849609375,0.0849609375,1.5234375,1.5,1.9921875,0.1318359375
9,13,268,plural,0.004633167292922735,0.004633167292922735,0.71484375,0.71484375,0.0034332275390625,0.00396728515625,1.5234375,1.5,1.9921875,0.1318359375
9,14,269,singular,9.691245941212401e-05,9.691245941212401e-05,0.0150146484375,0.01495361328125,2.980232238769531e-07,4.917383193969727e-07,1.5234375,1.5,1.9921875,0.1318359375
9,14,270,plural,0.038333550095558167,0.038333550095558167,6.09375,6.15625,0.015869140625,0.01611328125,1.5234375,1.5,1.9921875,0.130859375
10,0,271,singular,0.00012420836719684303,0.00012420836719684303,0.019287109375,0.0191650390625,9.052455425262451e-07,1.1175870895385742e-06,1.5234375,1.5,1.9921875,0.130859375
10,0,272,plural,9.000123977661133,9.000123977661133,155.0,155.0,0.0732421875,0.0732421875,1.5078125,1.515625,1.9921875,0.1298828125
10,1,273,singular,4.3987260141875595e-05,4.3987260141875595e-05,0.00732421875,0.0035858154296875,7.62939453125e-06,1.1920928955078125e-07,1.5078125,1.515625,1.9921875,0.1298828125
10,1,274,plural,0.00022289653134066612,0.00022289653134066612,0.033203125,0.036376953125,2.47955322265625e-05,2.7060508728027344e-05,1.5078125,1.515625,1.9921875,0.1298828125
10,2,275,singular,0.00397368473932147,0.00397368473932147,0.5703125,0.02587890625,0.003662109375,0.00015735626220703125,1.5078125,1.515625,1.9921875,0.1298828125
10,2,276,plural,0.0015197168104350567,0.0015197168104350567,0.1787109375,0.263671875,0.0003795623779296875,0.000743865966796875,1.5078125,1.515625,1.9921875,0.1298828125
10,3,277,singular,0.0015113847330212593,0.0015113847330212593,0.240234375,0.1640625,0.0012664794921875,0.0008392333984375,1.5078125,1.515625,1.9921875,0.1298828125
10,3,278,plural,9.953480184776708e-05,9.953480184776708e-05,0.0002994537353515625,0.0169677734375,0.0,6.723403930664062e-05,1.5078125,1.515625,1.9921875,0.1298828125
10,4,279,singular,0.011147834360599518,0.011147834360599518,1.8203125,1.796875,0.00537109375,0.005645751953125,1.5078125,1.515625,1.9921875,0.1298828125
10,4,280,plural,0.0014994817320257425,0.0014994817320257425,0.21875,0.24609375,0.00090789794921875,0.001068115234375,1.5078125,1.515625,1.9921875,0.1298828125
10,5,281,singular,3.2880568504333496,3.2880568504333496,149.0,149.0,0.0751953125,0.0751953125,1.5234375,1.5,1.9921875,0.130859375
10,5,282,plural,0.00956476479768753,0.00956476479768753,1.2734375,1.4140625,0.005340576171875,0.005950927734375,1.5234375,1.5,1.9921875,0.130859375
10,6,283,singular,6.949660019017756e-05,6.949660019017756e-05,0.01141357421875,0.00069427490234375,9.775161743164062e-06,0.0,1.5234375,1.5,1.9921875,0.130859375
10,6,284,plural,9.250097274780273,9.250097274780273,155.0,155.0,0.06640625,0.06640625,1.5078125,1.515625,1.9921875,0.1298828125
10,7,285,singular,0.0007208371534943581,0.0007208371534943581,0.11572265625,0.06884765625,0.000576019287109375,0.0003719329833984375,1.5078125,1.515625,1.9921875,0.1298828125
10,7,286,plural,4.529942543740617e-06,4.529942543740617e-06,0.000408172607421875,0.000720977783203125,0.0,0.0,1.5078125,1.515625,1.9921875,0.1298828125
10,8,287,singular,0.0033160243183374405,0.0033160243183374405,0.47265625,0.1142578125,0.0029296875,0.0007476806640625,1.515625,1.515625,1.9921875,0.12890625
10,8,288,plural,0.16025325655937195,0.16025325655937195,23.125,23.125,0.0120849609375,0.01220703125,1.5078125,1.515625,2.0,0.1298828125
10,9,289,singular,0.0004568248405121267,0.0004568248405121267,0.0654296875,0.042236328125,0.00020885467529296875,0.00011444091796875,1.5078125,1.515625,2.0,0.1298828125
10,9,290,plural,1.0847986231965479e-05,1.0847986231965479e-05,0.0012969970703125,0.00157928466796875,1.9073486328125e-06,0.0,1.5078125,1.515625,2.0,0.1298828125
10,10,291,singular,0.0011444692499935627,0.0011444692499935627,0.17578125,0.09619140625,0.0014495849609375,0.00075531005859375,1.5078125,1.515625,2.0,0.1298828125
10,10,292,plural,0.00023445718397852033,0.00023445718397852033,0.0296630859375,0.034423828125,0.00021648406982421875,0.00022792816162109375,1.5078125,1.515625,2.0,0.1298828125
10,11,293,singular,3.7732577323913574,3.7732577323913574,152.0,152.0,0.0732421875,0.07275390625,1.5234375,1.5078125,1.9921875,0.1298828125
10,11,294,plural,0.0017201402224600315,0.0017201402224600315,0.000148773193359375,0.271484375,0.0,0.0024566650390625,1.5234375,1.5078125,1.9921875,0.1298828125
10,12,295,singular,0.00023672162205912173,0.00023672162205912173,0.033935546875,0.001861572265625,0.0002613067626953125,0.0,1.5234375,1.5078125,1.9921875,0.1298828125
10,12,296,plural,0.0019364668987691402,0.0019364668987691402,0.298828125,0.30078125,0.00153350830078125,0.00154876708984375,1.5234375,1.5078125,1.9921875,0.1298828125
10,13,297,singular,9.298280929215252e-06,9.298280929215252e-06,0.00144195556640625,0.000576019287109375,0.0,0.0,1.5234375,1.5078125,1.9921875,0.1298828125
10,13,298,plural,0.0005745429079979658,0.0005745429079979658,0.08642578125,0.08984375,0.000591278076171875,0.000720977783203125,1.5234375,1.5078125,1.9921875,0.1298828125
10,14,299,singular,0.002046635141596198,0.002046635141596198,0.318359375,0.021728515625,0.0019989013671875,7.200241088867188e-05,1.5234375,1.5078125,1.9921875,0.1298828125
10,14,300,plural,0.004503821488469839,0.004503821488469839,0.056640625,0.76171875,0.0004749298095703125,0.005950927734375,1.5234375,1.5078125,1.9921875,0.1298828125
11,0,301,singular,0.00026246439665555954,0.00026246439665555954,0.040771484375,0.04052734375,2.7120113372802734e-06,2.384185791015625e-06,1.5234375,1.5078125,1.9921875,0.1298828125
11,0,302,plural,0.07113367319107056,0.07113367319107056,11.0625,11.3125,0.02197265625,0.0220947265625,1.5234375,1.5078125,2.0,0.12890625
11,1,303,singular,1.311301275563892e-06,1.311301275563892e-06,0.0002193450927734375,1.0013580322265625e-05,1.1920928955078125e-07,0.0,1.5234375,1.5078125,2.0,0.12890625
11,1,304,plural,9.548207890475169e-05,9.548207890475169e-05,0.01348876953125,0.01519775390625,0.0001068115234375,7.677078247070312e-05,1.5234375,1.5078125,2.0,0.12890625
11,2,305,singular,0.0002169373765354976,0.0002169373765354976,0.035400390625,0.033203125,9.250640869140625e-05,1.3649463653564453e-05,1.5234375,1.5078125,2.0,0.12890625
11,2,306,plural,0.00024375328212045133,0.00024375328212045133,0.0361328125,0.0380859375,0.00017452239990234375,0.0001049041748046875,1.5234375,1.5078125,2.0,0.12890625
11,3,307,singular,0.0005180685548111796,0.0005180685548111796,0.07470703125,0.000537872314453125,0.000812530517578125,1.2293457984924316e-07,1.5234375,1.5078125,2.0,0.12890625
11,3,308,plural,0.0032864389941096306,0.0032864389941096306,0.46484375,0.48046875,0.0035552978515625,0.0035552978515625,1.5234375,1.5078125,2.0,0.12890625
11,4,309,singular,9.894321920000948e-06,9.894321920000948e-06,0.00153350830078125,0.0006561279296875,4.954636096954346e-07,0.0,1.5234375,1.5078125,2.0,0.12890625
11,4,310,plural,0.0010433712741360068,0.0010433712741360068,6.198883056640625e-05,0.1650390625,0.0,0.0018310546875,1.5234375,1.5078125,2.0,0.12890625
11,5,311,singular,3.564294092939235e-05,3.564294092939235e-05,0.0054931640625,0.000392913818359375,2.771615982055664e-06,0.0,1.5234375,1.5078125,2.0,0.12890625
11,5,312,plural,0.002689318498596549,0.002689318498596549,0.02685546875,0.45703125,0.0001678466796875,0.003753662109375,1.5234375,1.5078125,2.0,0.12890625
11,6,313,singular,0.00011443436960689723,0.00011443436960689723,0.018310546875,0.0050048828125,6.389617919921875e-05,8.881092071533203e-06,1.5234375,1.5078125,2.0,0.12890625
11,6,314,plural,0.004165069665759802,0.004165069665759802,0.6640625,0.6796875,0.004058837890625,0.003936767578125,1.5234375,1.5078125,2.0,0.12890625
11,7,315,singular,0.0006943913758732378,0.0006943913758732378,0.09912109375,0.00830078125,0.0012054443359375,3.647804260253906e-05,1.5234375,1.5078125,2.0,0.12890625
11,7,316,plural,7.750432014465332,7.750432014465332,155.0,155.0,0.0908203125,0.0908203125,1.5078125,1.5234375,2.0,0.1259765625
11,8,317,singular,7.250711917877197,7.250711917877197,155.0,155.0,0.06884765625,0.06884765625,1.515625,1.5078125,2.0,0.12890625
11,8,318,plural,4.01815938949585,4.01815938949585,152.0,152.0,0.058349609375,0.058349609375,1.5078125,1.5234375,2.0,0.126953125
11,9,319,singular,0.0032367717940360308,0.0032367717940360308,0.53125,0.31640625,0.0018768310546875,0.00110626220703125,1.5078125,1.5234375,2.0,0.1259765625
11,9,320,plural,3.6238969187252223e-05,3.6238969187252223e-05,4.601478576660156e-05,0.00616455078125,0.0,3.814697265625e-06,1.5078125,1.5234375,2.0,0.1259765625
11,10,321,singular,0.005629519000649452,0.005629519000649452,0.89453125,0.734375,0.0034637451171875,0.0029449462890625,1.5078125,1.5234375,2.0,0.1259765625
11,10,322,plural,0.00010668662434909493,0.00010668662434909493,0.006744384765625,0.015869140625,1.9222497940063477e-06,6.532669067382812e-05,1.5078125,1.5234375,2.0,0.1259765625
11,11,323,singular,0.005880673881620169,0.005880673881620169,0.83984375,0.400390625,0.005767822265625,0.0032196044921875,1.5078125,1.5234375,2.0,0.1259765625
11,11,324,plural,9.298280929215252e-06,9.298280929215252e-06,0.0013885498046875,0.00144195556640625,0.0,0.0,1.5078125,1.5234375,2.0,0.1259765625
11,12,325,singular,0.026731140911579132,0.026731140911579132,4.125,1.6875,0.010986328125,0.00616455078125,1.5078125,1.5234375,2.0,0.1259765625
11,12,326,plural,3.6954811548639555e-06,3.6954811548639555e-06,0.0004215240478515625,0.000537872314453125,0.0,0.0,1.5078125,1.5234375,2.0,0.1259765625
11,13,327,singular,0.0008330450509674847,0.0008330450509674847,0.119140625,0.08935546875,0.000499725341796875,0.0004119873046875,1.5078125,1.5234375,2.0,0.1259765625
11,13,328,plural,0.0004913791781291366,0.0004913791781291366,0.04541015625,0.08544921875,3.790855407714844e-05,0.00018310546875,1.5078125,1.5234375,2.0,0.1259765625
11,14,329,singular,5.504083156585693,5.504083156585693,155.0,155.0,0.07275390625,0.07275390625,1.5234375,1.5078125,2.0,0.1279296875
11,14,330,plural,6.501505374908447,6.501505374908447,155.0,155.0,0.062255859375,0.0625,1.515625,1.515625,2.0,0.1259765625
12,0,331,singular,0.0025423606857657433,0.0025423606857657433,0.404296875,0.306640625,0.0015411376953125,0.0013427734375,1.515625,1.515625,2.0,0.1259765625
12,0,332,plural,6.079655122448457e-06,6.079655122448457e-06,0.00066375732421875,0.000949859619140625,0.0,0.0,1.515625,1.515625,2.0,0.1259765625
12,1,333,singular,7.438383181579411e-05,7.438383181579411e-05,0.012451171875,0.007568359375,9.98377799987793e-07,4.0531158447265625e-06,1.515625,1.515625,2.0,0.1259765625
12,1,334,plural,0.023257791996002197,0.023257791996002197,3.5625,3.5625,0.0013427734375,0.00133514404296875,1.515625,1.515625,2.0,0.1259765625
12,2,335,singular,0.0030399798415601254,0.0030399798415601254,0.435546875,0.16796875,0.00347900390625,0.00168609619140625,1.515625,1.515625,2.0,0.1259765625
12,2,336,plural,1.5497195136049413e-06,1.5497195136049413e-06,0.00011682510375976562,0.0002460479736328125,0.0,8.940696716308594e-08,1.515625,1.515625,2.0,0.1259765625
12,3,337,singular,4.01815938949585,4.01815938949585,152.0,152.0,0.06591796875,0.06591796875,1.5234375,1.5078125,2.0,0.1279296875
12,3,338,plural,0.0023274733684957027,0.0023274733684957027,0.287109375,0.345703125,0.001861572265625,0.0025787353515625,1.5234375,1.5078125,2.0,0.1279296875
12,4,339,singular,0.0009134411229752004,0.0009134411229752004,0.1416015625,0.1416015625,7.62939453125e-06,1.0848045349121094e-05,1.5234375,1.5078125,2.0,0.1279296875
12,4,340,plural,0.00021205084340181202,0.00021205084340181202,0.029541015625,0.03076171875,0.00019550323486328125,0.00019073486328125,1.5234375,1.5078125,2.0,0.1279296875
12,5,341,singular,9.226373367710039e-05,9.226373367710039e-05,0.01483154296875,0.004425048828125,8.106231689453125e-06,4.082918167114258e-06,1.5234375,1.5078125,2.0,0.1279296875
12,5,342,plural,0.0062600718811154366,0.0062600718811154366,0.91015625,1.0859375,0.0032501220703125,0.004241943359375,1.5234375,1.5078125,2.0,0.1279296875
12,6,343,singular,1.4185804502631072e-05,1.4185804502631072e-05,0.002197265625,0.0010833740234375,7.562339305877686e-07,0.0,1.5234375,1.5078125,2.0,0.1279296875
12,6,344,plural,0.0032450894359499216,0.0032450894359499216,0.51953125,0.52734375,0.0025634765625,0.0029144287109375,1.5234375,1.5078125,2.0,0.1279296875
12,7,345,singular,2.8013790142722428e-05,2.8013790142722428e-05,0.0042724609375,0.000347137451171875,6.103515625e-05,0.0,1.5234375,1.5078125,2.0,0.1279296875
12,7,346,plural,0.009083140641450882,0.009083140641450882,1.40625,1.484375,0.005767822265625,0.00616455078125,1.5234375,1.5078125,2.0,0.126953125
12,8,347,singular,0.00039748396375216544,0.00039748396375216544,0.06494140625,0.062255859375,0.00020503997802734375,0.00021648406982421875,1.5234375,1.5078125,2.0,0.126953125
12,8,348,plural,0.0020130861084908247,0.0020130861084908247,0.283203125,0.294921875,0.002960205078125,0.00311279296875,1.5234375,1.5078125,2.0,0.126953125
12,9,349,singular,0.00012230125139467418,0.00012230125139467418,0.02001953125,0.002410888671875,4.506111145019531e-05,3.814697265625e-06,1.5234375,1.5078125,2.0,0.126953125
12,9,350,plural,0.0016107691917568445,0.0016107691917568445,0.0126953125,0.2734375,0.00013065338134765625,0.0027923583984375,1.5234375,1.5078125,2.0,0.126953125
12,10,351,singular,0.0009134411229752004,0.0009134411229752004,0.1416015625,0.1416015625,1.9431114196777344e-05,2.3484230041503906e-05,1.5234375,1.5078125,2.0,0.126953125
12,10,352,plural,7.000913619995117,7.000913619995117,155.0,155.0,0.08251953125,0.0830078125,1.5078125,1.5234375,2.0,0.125
12,11,353,singular,0.028170237317681313,0.028170237317681313,4.34375,1.9140625,0.01220703125,0.007659912109375,1.515625,1.5234375,2.015625,0.12353515625
12,11,354,plural,2.1815061700181104e-05,2.1815061700181104e-05,2.4557113647460938e-05,0.003692626953125,0.0,4.291534423828125e-06,1.515625,1.5234375,2.015625,0.12353515625
12,12,355,singular,0.0011762612266466022,0.0011762612266466022,0.16796875,0.130859375,0.000690460205078125,0.000736236572265625,1.515625,1.5234375,2.015625,0.12353515625
12,12,356,plural,8.546940807718784e-05,8.546940807718784e-05,4.7497451305389404e-07,0.01348876953125,0.0,8.821487426757812e-05,1.515625,1.5234375,2.015625,0.12353515625
12,13,357,singular,0.009909010492265224,0.009909010492265224,1.4140625,0.65234375,0.0081787109375,0.005584716796875,1.515625,1.5234375,2.015625,0.123046875
12,13,358,plural,7.271740287251305e-06,7.271740287251305e-06,0.0010833740234375,0.00112152099609375,1.1920928955078125e-07,2.1513551473617554e-07,1.515625,1.5234375,2.015625,0.123046875
12,14,359,singular,0.006066361907869577,0.006066361907869577,0.87109375,0.0791015625,0.005706787109375,0.000858306884765625,1.515625,1.5234375,2.015625,0.123046875
12,14,360,plural,0.0015051951631903648,0.0015051951631903648,0.2333984375,0.2333984375,5.435943603515625e-05,5.7697296142578125e-05,1.515625,1.5234375,2.015625,0.123046875
13,0,361,singular,6.501505374908447,6.501505374908447,155.0,155.0,0.0791015625,0.0791015625,1.5234375,1.5078125,2.0,0.1259765625
13,0,362,plural,0.0070809368044137955,0.0070809368044137955,1.1015625,1.15625,0.0038299560546875,0.004730224609375,1.5234375,1.5078125,2.0,0.1259765625
13,1,363,singular,0.0015051951631903648,0.0015051951631903648,0.2333984375,0.2333984375,2.288818359375e-05,2.765655517578125e-05,1.5234375,1.5078125,2.0,0.1259765625
13,1,364,plural,0.002872271928936243,0.002872271928936243,0.458984375,0.46875,0.001922607421875,0.0024871826171875,1.5234375,1.5078125,2.0,0.1259765625
13,2,365,singular,0.00012420836719684303,0.00012420836719684303,0.0203857421875,0.00274658203125,3.933906555175781e-05,2.1457672119140625e-06,1.5234375,1.5078125,2.0,0.1259765625
13,2,366,plural,0.0016019619069993496,0.0016019619069993496,0.01116943359375,0.271484375,1.823902130126953e-05,0.00238037109375,1.5234375,1.5078125,2.0,0.1259765625
13,3,367,singular,9.595887240720913e-05,9.595887240720913e-05,0.015380859375,0.0050048828125,6.246566772460938e-05,6.765127182006836e-06,1.5234375,1.5078125,2.0,0.1259765625
13,3,368,plural,5.793403761344962e-05,5.793403761344962e-05,0.0081787109375,0.00921630859375,7.927417755126953e-06,7.772445678710938e-05,1.5234375,1.5078125,2.0,0.1259765625
13,4,369,singular,1.5020257706055418e-05,1.5020257706055418e-05,0.0023345947265625,0.001220703125,4.76837158203125e-07,9.5367431640625e-07,1.5234375,1.5078125,2.0,0.1259765625
13,4,370,plural,0.00018594920402392745,0.00018594920402392745,0.026123046875,0.0269775390625,0.00020599365234375,0.00015544891357421875,1.5234375,1.5078125,2.0,0.1259765625
13,5,371,singular,0.0005466635921038687,0.0005466635921038687,0.07763671875,0.007354736328125,0.000545501708984375,6.341934204101562e-05,1.5234375,1.5078125,2.0,0.1259765625
13,5,372,plural,0.0062600718811154366,0.0062600718811154366,0.91015625,1.0859375,0.00396728515625,0.005584716796875,1.5234375,1.5078125,2.0,0.1259765625
13,6,373,singular,0.00012861855793744326,0.00012861855793744326,0.0205078125,0.0072021484375,0.00010967254638671875,3.4332275390625e-05,1.5234375,1.5078125,2.0,0.1259765625
13,6,374,plural,0.0006331584881991148,0.0006331584881991148,2.9325485229492188e-05,0.10009765625,0.0,0.00162506103515625,1.5234375,1.5078125,2.0,0.1259765625
13,7,375,singular,2.109982233378105e-05,2.109982233378105e-05,0.003021240234375,0.000606536865234375,3.4421682357788086e-06,0.0,1.5234375,1.5078125,2.0,0.1259765625
13,7,376,plural,6.501505374908447,6.501505374908447,155.0,155.0,0.08740234375,0.087890625,1.515625,1.5234375,2.015625,0.1220703125
13,8,377,singular,8.000336647033691,8.000336647033691,155.0,155.0,0.06640625,0.06689453125,1.5234375,1.515625,2.0,0.125
13,8,378,plural,3.048602819442749,3.048602819442749,148.0,148.0,0.055908203125,0.05615234375,1.515625,1.5234375,2.015625,0.123046875
13,9,379,singular,0.00020597243565134704,0.00020597243565134704,0.034423828125,0.0264892578125,0.00019550323486328125,0.00012493133544921875,1.515625,1.5234375,2.015625,0.123046875
13,9,380,plural,5.6980417866725475e-05,5.6980417866725475e-05,0.006622314453125,0.00836181640625,3.409385681152344e-05,0.00012302398681640625,1.515625,1.5234375,2.015625,0.123046875
13,10,381,singular,0.005355653818696737,0.005355653818696737,0.76953125,0.06982421875,0.005462646484375,0.00106048583984375,1.515625,1.5234375,2.015625,0.12255859375
13,10,382,plural,2.1815061700181104e-05,2.1815061700181104e-05,2.4557113647460938e-05,0.003692626953125,0.0,6.139278411865234e-06,1.515625,1.5234375,2.015625,0.12255859375
13,11,383,singular,0.06216905266046524,0.06216905266046524,9.875,9.8125,0.01470947265625,0.014892578125,1.515625,1.5234375,2.015625,0.1220703125
13,11,384,plural,1.1801649634435307e-05,1.1801649634435307e-05,0.0017852783203125,0.0018310546875,7.450580596923828e-09,0.0,1.515625,1.5234375,2.015625,0.1220703125
13,12,385,singular,0.013099211268126965,0.013099211268126965,2.03125,0.71484375,0.0057373046875,0.0026092529296875,1.515625,1.5234375,2.015625,0.1220703125
13,12,386,plural,0.00012730741582345217,0.00012730741582345217,0.0098876953125,0.01904296875,1.537799835205078e-05,0.000125885009765625,1.515625,1.5234375,2.015625,0.1220703125
13,13,387,singular,0.0011132716899737716,0.0011132716899737716,0.1708984375,0.10888671875,0.000942230224609375,0.0012664794921875,1.515625,1.5234375,2.015625,0.1220703125
13,13,388,plural,0.0024792193435132504,0.0024792193435132504,0.384765625,0.384765625,5.555152893066406e-05,6.29425048828125e-05,1.515625,1.5234375,2.015625,0.1220703125
13,14,389,singular,0.002976037794724107,0.002976037794724107,0.427734375,0.189453125,0.003082275390625,0.00182342529296875,1.515625,1.5234375,2.015625,0.1220703125
13,14,390,plural,3.099436753473128e-06,3.099436753473128e-06,0.00031280517578125,0.000484466552734375,0.0,2.2351741790771484e-08,1.515625,1.5234375,2.015625,0.1220703125
14,0,391,singular,0.0031865080818533897,0.0031865080818533897,0.45703125,0.033203125,0.0033416748046875,0.00055694580078125,1.515625,1.5234375,2.015625,0.1220703125
14,0,392,plural,9.858122211880982e-05,9.858122211880982e-05,5.173683166503906e-05,0.0167236328125,0.0,4.267692565917969e-05,1.515625,1.5234375,2.015625,0.1220703125
14,1,393,singular,0.003089062636718154,0.003089062636718154,0.4921875,0.39453125,0.0029449462890625,0.0027008056640625,1.515625,1.5234375,2.015625,0.12158203125
14,1,394,plural,0.0024792193435132504,0.0024792193435132504,0.384765625,0.384765625,6.818771362304688e-05,7.390975952148438e-05,1.515625,1.5234375,2.015625,0.12158203125
14,2,395,singular,0.004220626316964626,0.004220626316964626,0.65234375,0.62890625,0.003875732421875,0.004150390625,1.515625,1.5234375,2.015625,0.12158203125
14,2,396,plural,8.344646857949556e-07,8.344646857949556e-07,5.507469177246094e-05,0.00014209747314453125,0.0,9.5367431640625e-07,1.515625,1.5234375,2.015625,0.12158203125
14,3,397,singular,0.0017059786478057504,0.0017059786478057504,0.279296875,0.1494140625,0.0016632080078125,0.000804901123046875,1.515625,1.5234375,2.015625,0.12158203125
14,3,398,plural,0.0024792193435132504,0.0024792193435132504,0.384765625,0.384765625,0.000152587890625,0.0001621246337890625,1.515625,1.5234375,2.015625,0.12158203125
14,4,399,singular,0.0005914607318118215,0.0005914607318118215,0.08447265625,0.0615234375,0.0005340576171875,0.0004730224609375,1.515625,1.5234375,2.015625,0.12158203125
14,4,400,plural,0.00012361239350866526,0.00012361239350866526,0.01397705078125,0.0203857421875,1.7881393432617188e-05,7.963180541992188e-05,1.515625,1.5234375,2.015625,0.12158203125
14,5,401,singular,6.002479076385498,6.002479076385498,155.0,155.0,0.08837890625,0.08837890625,1.53125,1.5078125,2.015625,0.1240234375
14,5,402,plural,0.001508409040980041,0.001508409040980041,0.2333984375,0.234375,0.00106048583984375,0.00186920166015625,1.53125,1.5078125,2.015625,0.1240234375
14,6,403,singular,0.001096005435101688,0.001096005435101688,0.171875,0.01165771484375,0.000843048095703125,3.123283386230469e-05,1.53125,1.5078125,2.015625,0.1240234375
14,6,404,plural,0.00044764988706447184,0.00044764988706447184,0.0673828125,0.0703125,0.000591278076171875,0.0008697509765625,1.53125,1.5078125,2.015625,0.1240234375
14,7,405,singular,0.0002044230350293219,0.0002044230350293219,0.03173828125,0.031494140625,1.780688762664795e-06,3.0100345611572266e-06,1.53125,1.5078125,2.015625,0.1240234375
14,7,406,plural,0.005342254880815744,0.005342254880815744,0.765625,0.78125,0.00543212890625,0.005828857421875,1.53125,1.5078125,2.015625,0.1240234375
14,8,407,singular,0.00011097769311163574,0.00011097769311163574,0.0159912109375,0.0007781982421875,0.0001430511474609375,0.0,1.53125,1.5078125,2.015625,0.1240234375
14,8,408,plural,0.004051453899592161,0.004051453899592161,0.53515625,0.6015625,0.0034637451171875,0.004058837890625,1.5234375,1.5078125,2.015625,0.12451171875
14,9,409,singular,7.152555099310121e-07,7.152555099310121e-07,0.00011968612670898438,4.202127456665039e-06,0.0,0.0,1.5234375,1.5078125,2.015625,0.12451171875
14,9,410,plural,0.012357809580862522,0.012357809580862522,1.9140625,2.140625,0.00738525390625,0.00836181640625,1.5234375,1.5078125,2.015625,0.12451171875
14,10,411,singular,0.0002044230350293219,0.0002044230350293219,0.03173828125,0.031494140625,2.16066837310791e-06,3.5762786865234375e-06,1.5234375,1.5078125,2.015625,0.12451171875
14,10,412,plural,0.0006474544061347842,0.0006474544061347842,0.01446533203125,0.1103515625,2.3245811462402344e-05,0.00090789794921875,1.5234375,1.5078125,2.015625,0.12451171875
14,11,413,singular,0.00032479254878126085,0.00032479254878126085,0.04638671875,0.00347900390625,0.0003719329833984375,1.0311603546142578e-05,1.5234375,1.5078125,2.015625,0.1240234375
14,11,414,plural,8.500204086303711,8.500204086303711,155.0,155.0,0.087890625,0.087890625,1.515625,1.5234375,2.015625,0.12158203125
14,12,415,singular,0.03820206597447395,0.03820206597447395,6.15625,6.125,0.0123291015625,0.01239013671875,1.515625,1.5234375,2.015625,0.12060546875
14,12,416,plural,4.708655978902243e-05,4.708655978902243e-05,0.006561279296875,0.007720947265625,2.1457672119140625e-06,1.1205673217773438e-05,1.515625,1.5234375,2.015625,0.12060546875
14,13,417,singular,0.0008669908274896443,0.0008669908274896443,0.1328125,0.0849609375,0.000885009765625,0.000598907470703125,1.515625,1.5234375,2.015625,0.12060546875
14,13,418,plural,8.546940807718784e-05,8.546940807718784e-05,6.07222318649292e-07,0.01348876953125,0.0,0.00011014938354492188,1.515625,1.5234375,2.015625,0.12060546875
14,14,419,singular,0.0019801310263574123,0.0019801310263574123,0.318359375,0.240234375,0.0018463134765625,0.00151824951171875,1.515625,1.5234375,2.015625,0.12060546875
14,14,420,plural,3.6954811548639555e-06,3.6954811548639555e-06,0.0004215240478515625,0.000537872314453125,0.0,5.327165126800537e-07,1.515625,1.5234375,2.015625,0.12060546875
15,0,421,singular,0.0005409446312114596,0.0005409446312114596,0.07763671875,0.05419921875,0.0004787445068359375,0.000244140625,1.515625,1.5234375,2.015625,0.12060546875
15,0,422,plural,1.1801649634435307e-05,1.1801649634435307e-05,0.0017852783203125,0.0018310546875,1.9073486328125e-06,6.742775440216064e-07,1.515625,1.5234375,2.015625,0.12060546875
15,1,423,singular,0.0019801310263574123,0.0019801310263574123,0.318359375,0.240234375,0.0022430419921875,0.001739501953125,1.515625,1.5234375,2.015625,0.12060546875
15,1,424,plural,0.0031822300516068935,0.0031822300516068935,0.494140625,0.494140625,0.00016117095947265625,0.0001678466796875,1.515625,1.5234375,2.015625,0.12060546875
15,2,425,singular,0.009796871803700924,0.009796871803700924,1.5234375,0.4921875,0.007720947265625,0.0030364990234375,1.515625,1.5234375,2.015625,0.12060546875
15,2,426,plural,5.245071224635467e-05,5.245071224635467e-05,0.007415771484375,0.00860595703125,1.952052116394043e-06,2.3603439331054688e-05,1.515625,1.5234375,2.015625,0.12060546875
15,3,427,singular,0.000802075956016779,0.000802075956016779,0.123046875,0.0751953125,0.001312255859375,0.000835418701171875,1.515625,1.5234375,2.015625,0.12060546875
15,3,428,plural,0.0005656072753481567,0.0005656072753481567,0.05859375,0.09814453125,0.0001850128173828125,0.00057220458984375,1.515625,1.5234375,2.015625,0.12060546875
15,4,429,singular,0.002915657591074705,0.002915657591074705,0.451171875,0.435546875,0.0038604736328125,0.003936767578125,1.515625,1.5234375,2.015625,0.12060546875
15,4,430,plural,6.985420623095706e-05,6.985420623095706e-05,0.008544921875,0.01019287109375,6.151199340820312e-05,9.822845458984375e-05,1.515625,1.5234375,2.015625,0.12060546875
15,5,431,singular,0.0012454380048438907,0.0012454380048438907,0.2041015625,0.1025390625,0.00167083740234375,0.00086212158203125,1.515625,1.5234375,2.015625,0.12060546875
15,5,432,plural,8.344646857949556e-07,8.344646857949556e-07,5.507469177246094e-05,0.00014209747314453125,0.0,0.0,1.515625,1.5234375,2.015625,0.12060546875
15,6,433,singular,0.0015428080223500729,0.0015428080223500729,0.24609375,0.185546875,0.0027618408203125,0.0022125244140625,1.515625,1.5234375,2.015625,0.1201171875
15,6,434,plural,2.8371408916427754e-05,2.8371408916427754e-05,4.601478576660156e-05,0.00482177734375,0.0,1.9073486328125e-05,1.515625,1.5234375,2.015625,0.1201171875
15,7,435,singular,0.01613394170999527,0.01613394170999527,2.625,2.59375,0.01165771484375,0.01202392578125,1.5234375,1.5234375,2.015625,0.11865234375
15,7,436,plural,0.004083035048097372,0.004083035048097372,0.62890625,0.63671875,0.00052642822265625,0.000537872314453125,1.5234375,1.5234375,2.015625,0.11865234375
15,8,437,singular,0.002637838013470173,0.002637838013470173,0.376953125,0.1298828125,0.00531005859375,0.002471923828125,1.5234375,1.5234375,2.015625,0.11865234375
15,8,438,plural,0.00011002412065863609,0.00011002412065863609,8.828938007354736e-07,0.0174560546875,0.0,0.0002841949462890625,1.5234375,1.5234375,2.015625,0.11865234375
15,9,439,singular,5.504083156585693,5.504083156585693,155.0,155.0,0.095703125,0.09521484375,1.53125,1.5078125,2.015625,0.12109375
15,9,440,plural,0.008260016329586506,0.008260016329586506,1.125,1.2265625,0.006134033203125,0.00677490234375,1.53125,1.5078125,2.015625,0.12109375
15,10,441,singular,4.577531944960356e-05,4.577531944960356e-05,0.007110595703125,0.007049560546875,1.685693860054016e-07,2.0675361156463623e-07,1.53125,1.5078125,2.015625,0.12109375
15,10,442,plural,0.0006373281357809901,0.0006373281357809901,0.0908203125,0.0927734375,0.00063323974609375,0.000705718994140625,1.53125,1.5078125,2.015625,0.12109375
15,11,443,singular,2.3841855067985307e-07,2.3841855067985307e-07,3.981590270996094e-05,1.0579824447631836e-06,0.0,0.0,1.53125,1.5078125,2.015625,0.12109375
15,11,444,plural,0.07113367319107056,0.07113367319107056,11.0625,11.3125,0.0223388671875,0.0225830078125,1.53125,1.515625,2.015625,0.119140625
15,12,445,singular,6.69933797325939e-05,6.69933797325939e-05,0.00958251953125,0.0004177093505859375,9.179115295410156e-06,2.1513551473617554e-07,1.53125,1.515625,2.015625,0.119140625
15,12,446,plural,9.500075340270996,9.500075340270996,155.0,155.0,0.07958984375,0.07958984375,1.5234375,1.5234375,2.015625,0.1181640625
15,13,447,singular,3.5297627449035645,3.5297627449035645,150.0,150.0,0.064453125,0.064453125,1.53125,1.515625,2.015625,0.119140625
15,13,448,plural,0.00018976318824570626,0.00018976318824570626,0.028076171875,0.0296630859375,4.744529724121094e-05,7.581710815429688e-05,1.53125,1.515625,2.015625,0.119140625
15,14,449,singular,0.00024470672360621393,0.00024470672360621393,0.03515625,0.0002536773681640625,0.00020122528076171875,0.0,1.53125,1.515625,2.015625,0.119140625
15,14,450,plural,0.0016107691917568445,0.0016107691917568445,0.0126953125,0.2734375,1.0967254638671875e-05,0.001495361328125,1.53125,1.515625,2.015625,0.119140625
16,0,451,singular,0.00010442188795423135,0.00010442188795423135,0.01708984375,0.0157470703125,3.844499588012695e-06,2.995133399963379e-06,1.53125,1.515625,2.015625,0.119140625
16,0,452,plural,0.004363895393908024,0.004363895393908024,0.66796875,0.71875,0.0014495849609375,0.001495361328125,1.53125,1.515625,2.015625,0.119140625
16,1,453,singular,5.960446742392378e-06,5.960446742392378e-06,0.00091552734375,0.000396728515625,1.7881393432617188e-07,1.1920928955078125e-07,1.53125,1.515625,2.015625,0.119140625
16,1,454,plural,0.0004907834227196872,0.0004907834227196872,0.07568359375,0.076171875,0.0002574920654296875,0.0003376007080078125,1.53125,1.515625,2.015625,0.119140625
16,2,455,singular,1.2278481335670222e-05,1.2278481335670222e-05,0.0017547607421875,0.000286102294921875,2.384185791015625e-07,1.1920928955078125e-07,1.53125,1.515625,2.015625,0.119140625
16,2,456,plural,7.000913619995117,7.000913619995117,155.0,155.0,0.07275390625,0.07275390625,1.5234375,1.5234375,2.03125,0.1171875
16,3,457,singular,0.008650568313896656,0.008650568313896656,1.34375,0.43359375,0.004486083984375,0.0015869140625,1.5234375,1.5234375,2.03125,0.1171875
16,3,458,plural,0.006721151061356068,0.006721151061356068,1.0390625,1.046875,0.000179290771484375,0.00019168853759765625,1.5234375,1.5234375,2.03125,0.1171875
16,4,459,singular,0.0004211969207972288,0.0004211969207972288,0.064453125,0.035400390625,0.0004482269287109375,0.00022220611572265625,1.5234375,1.5234375,2.03125,0.1171875
16,4,460,plural,6.675497570540756e-05,6.675497570540756e-05,4.1909515857696533e-07,0.01055908203125,0.0,7.05718994140625e-05,1.5234375,1.5234375,2.03125,0.1171875
16,5,461,singular,0.0012454380048438907,0.0012454380048438907,0.2041015625,0.1025390625,0.000949859619140625,0.0005035400390625,1.5234375,1.5234375,2.03125,0.1171875
16,5,462,plural,2.825220326485578e-05,2.825220326485578e-05,4.0531158447265625e-05,0.00482177734375,0.0,2.9355287551879883e-06,1.5234375,1.5234375,2.03125,0.1171875
16,6,463,singular,8.725739462533966e-05,8.725739462533966e-05,0.01458740234375,0.00970458984375,0.00012302398681640625,9.953975677490234e-06,1.5234375,1.5234375,2.03125,0.1171875
16,6,464,plural,5.245071224635467e-05,5.245071224635467e-05,0.007415771484375,0.00860595703125,7.927417755126953e-06,6.705522537231445e-06,1.5234375,1.5234375,2.03125,0.1171875
16,7,465,singular,0.0031257839873433113,0.0031257839873433113,0.447265625,0.1669921875,0.004119873046875,0.001953125,1.5234375,1.5234375,2.03125,0.1171875
16,7,466,plural,3.2186455882765586e-06,3.2186455882765586e-06,0.0003719329833984375,0.0004673004150390625,0.0,0.0,1.5234375,1.5234375,2.03125,0.1171875
16,8,467,singular,0.0010944573441520333,0.0010944573441520333,0.1748046875,0.12890625,0.001007080078125,0.000843048095703125,1.5234375,1.5234375,2.03125,0.1171875
16,8,468,plural,6.985420623095706e-05,6.985420623095706e-05,0.008544921875,0.01019287109375,5.1975250244140625e-05,0.000125885009765625,1.5234375,1.5234375,2.03125,0.1171875
16,9,469,singular,0.0017116909148171544,0.0017116909148171544,0.2451171875,0.1015625,0.0029296875,0.0012664794921875,1.5234375,1.5234375,2.03125,0.1171875
16,9,470,plural,9.917721035890281e-05,9.917721035890281e-05,0.007659912109375,0.0147705078125,3.075599670410156e-05,0.0001316070556640625,1.5234375,1.5234375,2.03125,0.1171875
16,10,471,singular,5.006721019744873,5.006721019744873,154.0,154.0,0.0849609375,0.0849609375,1.53125,1.515625,2.015625,0.11865234375
16,10,472,plural,0.0003486264031380415,0.0003486264031380415,0.052490234375,0.0546875,0.0003261566162109375,0.000457763671875,1.53125,1.515625,2.015625,0.11865234375
16,11,473,singular,0.0001481661747675389,0.0001481661747675389,0.0213623046875,0.00010585784912109375,0.00021457672119140625,0.0,1.53125,1.515625,2.015625,0.11865234375
16,11,474,plural,0.00011717586312443018,0.00011717586312443018,0.017333984375,0.0186767578125,0.00019931793212890625,0.000263214111328125,1.53125,1.515625,2.015625,0.11865234375
16,12,475,singular,0.00012420836719684303,0.00012420836719684303,0.019287109375,0.0191650390625,6.556510925292969e-07,1.1548399925231934e-06,1.53125,1.515625,2.015625,0.11865234375
16,12,476,plural,0.0021114691626280546,0.0021114691626280546,0.023681640625,0.357421875,0.000270843505859375,0.0034942626953125,1.53125,1.515625,2.015625,0.11865234375
16,13,477,singular,0.00012420836719684303,0.00012420836719684303,0.019287109375,0.0191650390625,7.562339305877686e-07,9.760260581970215e-07,1.53125,1.515625,2.015625,0.11865234375
16,13,478,plural,0.008630003780126572,0.008630003780126572,1.3203125,1.5,0.005645751953125,0.006378173828125,1.53125,1.515625,2.015625,0.11865234375
16,14,479,singular,3.862306402879767e-05,3.862306402879767e-05,0.00616455078125,0.001251220703125,1.52587890625e-05,0.0,1.53125,1.515625,2.015625,0.11865234375
16,14,480,plural,9.000123977661133,9.000123977661133,155.0,155.0,0.08056640625,0.08056640625,1.5234375,1.5234375,2.03125,0.1171875
17,0,481,singular,0.0019030333496630192,0.0019030333496630192,0.2734375,0.015625,0.0029449462890625,0.000186920166015625,1.5234375,1.5234375,2.03125,0.1171875
17,0,482,plural,8.165503095369786e-05,8.165503095369786e-05,0.00848388671875,0.013427734375,1.9371509552001953e-06,3.075599670410156e-05,1.5234375,1.5234375,2.03125,0.1171875
17,1,483,singular,0.002328186994418502,0.002328186994418502,0.33203125,0.1142578125,0.0031280517578125,0.00157928466796875,1.5234375,1.5234375,2.03125,0.1171875
17,1,484,plural,0.014173086732625961,0.014173086732625961,2.1875,2.1875,0.00128936767578125,0.00128173828125,1.5234375,1.5234375,2.03125,0.11669921875
17,2,485,singular,4.5110554695129395,4.5110554695129395,154.0,154.0,0.07275390625,0.07275390625,1.53125,1.515625,2.015625,0.11865234375
17,2,486,plural,0.0016107691917568445,0.0016107691917568445,0.0126953125,0.2734375,0.0001373291015625,0.0023040771484375,1.53125,1.515625,2.015625,0.11865234375
17,3,487,singular,5.602820692729438e-06,5.602820692729438e-06,0.0008697509765625,0.0003509521484375,2.384185791015625e-07,0.0,1.53125,1.515625,2.015625,0.11865234375
17,3,488,plural,0.0022511158604174852,0.0022511158604174852,0.3203125,0.328125,0.0027618408203125,0.0031890869140625,1.53125,1.515625,2.015625,0.11865234375
17,4,489,singular,0.001117201172746718,0.001117201172746718,0.173828125,0.01495361328125,0.000934600830078125,4.363059997558594e-05,1.53125,1.515625,2.015625,0.11865234375
17,4,490,plural,7.50055456161499,7.50055456161499,155.0,155.0,0.0673828125,0.06787109375,1.5234375,1.5234375,2.03125,0.1171875
17,5,491,singular,3.5297627449035645,3.5297627449035645,150.0,150.0,0.056884765625,0.056884765625,1.53125,1.515625,2.015625,0.11865234375
17,5,492,plural,0.002237675478681922,0.002237675478681922,0.357421875,0.36328125,0.0019073486328125,0.00189971923828125,1.53125,1.515625,2.015625,0.11865234375
17,6,493,singular,1.7165990357170813e-05,1.7165990357170813e-05,0.0026397705078125,0.00023937225341796875,1.52587890625e-05,0.0,1.53125,1.515625,2.015625,0.11865234375
17,6,494,plural,0.00038389943074434996,0.00038389943074434996,1.3828277587890625e-05,0.060791015625,0.0,0.000614166259765625,1.53125,1.515625,2.015625,0.11865234375
17,7,495,singular,7.414542778860778e-05,7.414542778860778e-05,0.01220703125,0.00146484375,6.103515625e-05,0.0,1.53125,1.515625,2.015625,0.11865234375
17,7,496,plural,9.095255518332124e-05,9.095255518332124e-05,0.0133056640625,0.0142822265625,4.839897155761719e-05,7.486343383789062e-05,1.53125,1.515625,2.015625,0.11865234375
17,8,497,singular,7.199982064776123e-05,7.199982064776123e-05,0.01153564453125,0.0034332275390625,3.0517578125e-05,5.327165126800537e-07,1.53125,1.515625,2.015625,0.11865234375
17,8,498,plural,0.0002983363519888371,0.0002983363519888371,0.0458984375,0.046142578125,0.0003643035888671875,0.0003337860107421875,1.53125,1.515625,2.015625,0.11865234375
17,9,499,singular,1.311301275563892e-06,1.311301275563892e-06,0.0002193450927734375,1.4603137969970703e-05,0.0,0.0,1.53125,1.515625,2.015625,0.11865234375
17,9,500,plural,2.825220326485578e-05,2.825220326485578e-05,0.003875732421875,0.004486083984375,3.0517578125e-05,6.29425048828125e-05,1.53125,1.515625,2.015625,0.11865234375
17,10,501,singular,0.00014733182615600526,0.00014733182615600526,0.0211181640625,0.00164794921875,0.00025177001953125,1.1920928955078125e-07,1.53125,1.515625,2.015625,0.11865234375
17,10,502,plural,6.002479076385498,6.002479076385498,155.0,155.0,0.0732421875,0.0732421875,1.5234375,1.53125,2.03125,0.11572265625
17,11,503,singular,6.002479076385498,6.002479076385498,155.0,155.0,0.0615234375,0.061767578125,1.53125,1.515625,2.015625,0.11865234375
17,11,504,plural,0.0007930232677608728,0.0007930232677608728,0.09326171875,0.1181640625,0.00104522705078125,0.001220703125,1.53125,1.515625,2.015625,0.11865234375
17,12,505,singular,0.00010477947944309562,0.00010477947944309562,0.0167236328125,0.006378173828125,3.409385681152344e-05,3.0517578125e-05,1.53125,1.515625,2.015625,0.11865234375
17,12,506,plural,5.447716102935374e-05,5.447716102935374e-05,0.007476806640625,0.0079345703125,3.0517578125e-05,7.05718994140625e-05,1.53125,1.515625,2.015625,0.11865234375
17,13,507,singular,2.3007127310847864e-05,2.3007127310847864e-05,0.0032958984375,0.00087738037109375,4.76837158203125e-07,0.0,1.53125,1.515625,2.015625,0.11865234375
17,13,508,plural,0.002415122464299202,0.002415122464299202,0.3359375,0.419921875,0.002349853515625,0.0026702880859375,1.53125,1.515625,2.015625,0.11865234375
17,14,509,singular,0.00044800734031014144,0.00044800734031014144,0.0732421875,0.07080078125,0.0004673004150390625,0.0004024505615234375,1.53125,1.515625,2.015625,0.11865234375
17,14,510,plural,0.00017009719158522785,0.00017009719158522785,0.00151824951171875,0.0289306640625,1.1175870895385742e-08,0.00018310546875,1.53125,1.515625,2.015625,0.11865234375
18,0,511,singular,0.018159443512558937,0.018159443512558937,2.796875,2.796875,0.0012969970703125,0.001312255859375,1.53125,1.515625,2.015625,0.11865234375
18,0,512,plural,5.447716102935374e-05,5.447716102935374e-05,0.007476806640625,0.0079345703125,4.57763671875e-05,7.009506225585938e-05,1.53125,1.515625,2.015625,0.11865234375
18,1,513,singular,0.00010477947944309562,0.00010477947944309562,0.0167236328125,0.006378173828125,7.867813110351562e-05,3.0517578125e-05,1.53125,1.515625,2.015625,0.11865234375
18,1,514,plural,0.002415122464299202,0.002415122464299202,0.3359375,0.419921875,0.0027008056640625,0.003082275390625,1.53125,1.515625,2.015625,0.11865234375
18,2,515,singular,0.018159443512558937,0.018159443512558937,2.796875,2.796875,0.0013885498046875,0.00141143798828125,1.53125,1.515625,2.015625,0.11865234375
18,2,516,plural,0.0008445986895821989,0.0008445986895821989,0.11767578125,0.12353515625,0.0023193359375,0.0023193359375,1.53125,1.515625,2.015625,0.11865234375
18,3,517,singular,0.00040618274942971766,0.00040618274942971766,0.05859375,0.000782012939453125,0.00127410888671875,0.0,1.53125,1.515625,2.015625,0.11865234375
18,3,518,plural,0.0007930232677608728,0.0007930232677608728,0.09326171875,0.1181640625,0.00133514404296875,0.00171661376953125,1.53125,1.515625,2.015625,0.11865234375
18,4,519,singular,0.0004440752090886235,0.0004440752090886235,0.0634765625,0.00830078125,0.00128936767578125,9.870529174804688e-05,1.53125,1.515625,2.015625,0.11865234375
18,4,520,plural,1.597391747054644e-05,1.597391747054644e-05,0.0020751953125,0.0025482177734375,1.52587890625e-05,3.409385681152344e-05,1.53125,1.515625,2.015625,0.11865234375
18,5,521,singular,0.00034898388548754156,0.00034898388548754156,0.05712890625,0.054931640625,0.00054931640625,0.000522613525390625,1.53125,1.515625,2.015625,0.11865234375
18,5,522,plural,0.0007447806419804692,0.0007447806419804692,0.0032196044921875,0.1259765625,1.9222497940063477e-06,0.0024871826171875,1.53125,1.515625,2.015625,0.1181640625
18,6,523,singular,0.00010013079008786008,0.00010013079008786008,0.01611328125,0.005645751953125,0.000301361083984375,4.315376281738281e-05,1.53125,1.515625,2.015625,0.1181640625
18,6,524,plural,4.2641730308532715,4.2641730308532715,153.0,153.0,0.08837890625,0.087890625,1.515625,1.53125,2.03125,0.1142578125
18,7,525,singular,0.005557325202971697,0.005557325202971697,0.91015625,0.6640625,0.006256103515625,0.00518798828125,1.5234375,1.53125,2.03125,0.11328125
18,7,526,plural,3.576214658096433e-05,3.576214658096433e-05,0.0054931640625,0.00555419921875,1.1920928955078125e-07,1.685693860054016e-07,1.5234375,1.53125,2.03125,0.11328125
18,8,527,singular,0.0017670269589871168,0.0017670269589871168,0.251953125,0.21484375,0.0023193359375,0.001983642578125,1.5234375,1.53125,2.03125,0.11328125
18,8,528,plural,3.576214658096433e-05,3.576214658096433e-05,0.0054931640625,0.00555419921875,1.1920928955078125e-07,1.1920928955078125e-07,1.5234375,1.53125,2.03125,0.11328125
18,9,529,singular,0.007012280635535717,0.007012280635535717,1.0,0.66015625,0.00946044921875,0.007659912109375,1.5234375,1.53125,2.03125,0.11279296875
18,9,530,plural,8.702239938429557e-06,8.702239938429557e-06,0.001007080078125,0.0014190673828125,0.0,1.9073486328125e-06,1.5234375,1.53125,2.03125,0.11279296875
18,10,531,singular,0.02185300923883915,0.02185300923883915,3.375,1.6953125,0.0128173828125,0.0089111328125,1.5234375,1.53125,2.03125,0.1123046875
18,10,532,plural,7.986990567587782e-06,7.986990567587782e-06,4.291534423828125e-06,0.0013580322265625,0.0,0.0,1.5234375,1.53125,2.03125,0.1123046875
18,11,533,singular,0.002219476969912648,0.002219476969912648,0.33984375,0.26171875,0.0032196044921875,0.0029296875,1.5234375,1.53125,2.03125,0.11181640625
18,11,534,plural,2.3841830625315197e-06,2.3841830625315197e-06,0.0003509521484375,0.000370025634765625,0.0,0.0,1.5234375,1.53125,2.03125,0.11181640625
18,12,535,singular,10.000045776367188,10.000045776367188,155.0,155.0,0.0849609375,0.08544921875,1.53125,1.515625,2.03125,0.11669921875
18,12,536,plural,8.105902816168964e-05,8.105902816168964e-05,0.01171875,0.0126953125,6.103515625e-05,7.2479248046875e-05,1.53125,1.515625,2.03125,0.11669921875
18,13,537,singular,2.145764938177308e-06,2.145764938177308e-06,0.00035858154296875,3.981590270996094e-05,0.0,0.0,1.53125,1.515625,2.03125,0.11669921875
18,13,538,plural,0.001675869687460363,0.001675869687460363,0.2470703125,0.275390625,0.001251220703125,0.00201416015625,1.53125,1.515625,2.03125,0.11669921875
18,14,539,singular,1.3470558769768104e-05,1.3470558769768104e-05,0.0020751953125,0.001220703125,5.960464477539063e-08,2.86102294921875e-06,1.53125,1.515625,2.03125,0.11669921875
18,14,540,plural,0.00029881304362788796,0.00029881304362788796,8.404254913330078e-06,0.04736328125,0.0,0.000701904296875,1.53125,1.515625,2.03125,0.11669921875
19,0,541,singular,0.00011562632425921038,0.00011562632425921038,0.0166015625,0.0014495849609375,9.679794311523438e-05,3.814697265625e-06,1.53125,1.515625,2.03125,0.11669921875
19,0,542,plural,0.001675869687460363,0.001675869687460363,0.2470703125,0.275390625,0.001617431640625,0.00225830078125,1.53125,1.515625,2.03125,0.11669921875
19,1,543,singular,0.018159443512558937,0.018159443512558937,2.796875,2.796875,0.00153350830078125,0.00154876708984375,1.53125,1.515625,2.03125,0.11669921875
19,1,544,plural,4.01815938949585,4.01815938949585,152.0,152.0,0.07958984375,0.07958984375,1.5234375,1.53125,2.03125,0.1123046875
19,2,545,singular,0.004212791565805674,0.004212791565805674,0.671875,0.5703125,0.004180908203125,0.004241943359375,1.5234375,1.53125,2.03125,0.11181640625
19,2,546,plural,0.00012420836719684303,0.00012420836719684303,0.0191650390625,0.019287109375,7.152557373046875e-07,1.0132789611816406e-06,1.5234375,1.53125,2.03125,0.11181640625
19,3,547,singular,0.0007873057620599866,0.0007873057620599866,0.1123046875,0.08935546875,0.000637054443359375,0.000537872314453125,1.5234375,1.53125,2.03125,0.11181640625
19,3,548,plural,5.0424259825376794e-05,5.0424259825376794e-05,0.0031890869140625,0.00750732421875,3.0517578125e-05,6.151199340820312e-05,1.5234375,1.53125,2.03125,0.11181640625
19,4,549,singular,0.0003965306677855551,0.0003965306677855551,0.06640625,0.05615234375,0.000507354736328125,0.00069427490234375,1.5234375,1.53125,2.03125,0.11181640625
19,4,550,plural,2.3841855067985307e-07,2.3841855067985307e-07,1.0907649993896484e-05,3.790855407714844e-05,0.0,0.0,1.5234375,1.53125,2.03125,0.11181640625
19,5,551,singular,0.07013607025146484,0.07013607025146484,11.125,11.0625,0.01904296875,0.0191650390625,1.5234375,1.53125,2.046875,0.1103515625
19,5,552,plural,6.437280717364047e-06,6.437280717364047e-06,0.00095367431640625,0.00099945068359375,2.7008354663848877e-08,5.21540641784668e-08,1.5234375,1.53125,2.046875,0.1103515625
19,6,553,singular,0.005375810898840427,0.005375810898840427,0.83203125,0.80859375,0.004241943359375,0.00439453125,1.5234375,1.53125,2.046875,0.1103515625
19,6,554,plural,3.814624506048858e-05,3.814624506048858e-05,0.00457763671875,0.005584716796875,6.103515625e-05,6.103515625e-05,1.5234375,1.53125,2.046875,0.1103515625
19,7,555,singular,0.005953673273324966,0.005953673273324966,0.9296875,0.30078125,0.003814697265625,0.0013427734375,1.5234375,1.53125,2.046875,0.1103515625
19,7,556,plural,5.1973900554003194e-05,5.1973900554003194e-05,2.551823854446411e-07,0.00823974609375,0.0,7.867813110351562e-05,1.5234375,1.53125,2.046875,0.1103515625
19,8,557,singular,8.500204086303711,8.500204086303711,155.0,155.0,0.0849609375,0.0849609375,1.5390625,1.515625,2.03125,0.11328125
19,8,558,plural,0.00029345019720494747,0.00029345019720494747,0.00469970703125,0.050048828125,5.960464477539063e-08,0.00017452239990234375,1.5390625,1.515625,2.03125,0.11328125
19,9,559,singular,1.0251946150674485e-05,1.0251946150674485e-05,0.00156402587890625,0.0001125335693359375,5.960464477539063e-08,0.0,1.5390625,1.515625,2.03125,0.11328125
19,9,560,plural,0.00016330339713022113,0.00016330339713022113,0.0230712890625,0.023681640625,0.00022125244140625,0.0003147125244140625,1.5390625,1.515625,2.03125,0.11328125
19,10,561,singular,3.0040289857424796e-05,3.0040289857424796e-05,0.00482177734375,0.00098419189453125,5.327165126800537e-07,0.0,1.5390625,1.515625,2.03125,0.11328125
19,10,562,plural,0.004145837854593992,0.004145837854593992,0.6640625,0.6796875,0.0036773681640625,0.0038909912109375,1.5390625,1.515625,2.03125,0.11328125
19,11,563,singular,0.00019703354337252676,0.00019703354337252676,0.0281982421875,0.002105712890625,0.0003604888916015625,3.814697265625e-06,1.5390625,1.515625,2.03125,0.11328125
19,11,564,plural,0.008630003780126572,0.008630003780126572,1.3203125,1.5,0.00482177734375,0.005462646484375,1.5390625,1.515625,2.03125,0.11328125
19,12,565,singular,0.00019059749320149422,0.00019059749320149422,0.0274658203125,0.00019741058349609375,0.000370025634765625,0.0,1.5390625,1.515625,2.03125,0.11328125
19,12,566,plural,0.0009629856795072556,0.0009629856795072556,0.00531005859375,0.1630859375,3.814697265625e-06,0.00127410888671875,1.5390625,1.515625,2.03125,0.11328125
19,13,567,singular,0.004082916304469109,0.004082916304469109,0.63671875,0.62890625,0.000171661376953125,0.00019359588623046875,1.5390625,1.515625,2.03125,0.11328125
19,13,568,plural,0.0001662831346038729,0.0001662831346038729,0.0247802734375,0.0260009765625,0.0001544952392578125,0.00020503997802734375,1.5390625,1.515625,2.03125,0.11328125
19,14,569,singular,4.351044481154531e-05,4.351044481154531e-05,0.007110595703125,0.0006103515625,3.874301910400391e-06,0.0,1.5390625,1.515625,2.03125,0.11328125
19,14,570,plural,5.504082679748535,5.504082679748535,155.0,155.0,0.0869140625,0.0869140625,1.5234375,1.53125,2.046875,0.10986328125
20,0,571,singular,0.0014231802197173238,0.0014231802197173238,0.232421875,0.1318359375,0.001220703125,0.0004596710205078125,1.5234375,1.53125,2.046875,0.10986328125
20,0,572,plural,5.1020273531321436e-05,5.1020273531321436e-05,0.0045166015625,0.00836181640625,9.685754776000977e-07,1.7642974853515625e-05,1.5234375,1.53125,2.046875,0.10986328125
20,1,573,singular,0.00025102324434556067,0.00025102324434556067,0.0419921875,0.033935546875,0.0001659393310546875,0.00017642974853515625,1.5234375,1.53125,2.046875,0.10986328125
20,1,574,plural,1.3351351299206726e-05,1.3351351299206726e-05,1.0192394256591797e-05,0.0022735595703125,0.0,1.9222497940063477e-06,1.5234375,1.53125,2.046875,0.10986328125
20,2,575,singular,0.0005053196800872684,0.0005053196800872684,0.07177734375,0.05419921875,0.000522613525390625,0.0003414154052734375,1.5234375,1.53125,2.046875,0.10986328125
20,2,576,plural,3.611976353568025e-05,3.611976353568025e-05,9.000301361083984e-06,0.006103515625,0.0,9.611248970031738e-07,1.5234375,1.53125,2.046875,0.10986328125
20,3,577,singular,8.75015926361084,8.75015926361084,155.0,155.0,0.078125,0.078125,1.5390625,1.515625,2.03125,0.11328125
20,3,578,plural,9.989239333663136e-05,9.989239333663136e-05,0.0140380859375,0.0145263671875,0.0001220703125,0.00012969970703125,1.5390625,1.515625,2.03125,0.11328125
20,4,579,singular,0.00011443436960689723,0.00011443436960689723,0.0164794921875,0.00128173828125,0.00018596649169921875,2.384185791015625e-07,1.5390625,1.515625,2.03125,0.11328125
20,4,580,plural,0.00010227633902104571,0.00010227633902104571,0.01507568359375,0.0159912109375,0.0002288818359375,0.00019168853759765625,1.5390625,1.515625,2.03125,0.11328125
20,5,581,singular,9.65590606938349e-06,9.65590606938349e-06,0.001495361328125,0.0008392333984375,0.0,0.0,1.5390625,1.515625,2.03125,0.11328125
20,5,582,plural,4.01815938949585,4.01815938949585,152.0,152.0,0.0693359375,0.0693359375,1.53125,1.53125,2.046875,0.10986328125
20,6,583,singular,7.50055456161499,7.50055456161499,155.0,155.0,0.0595703125,0.0595703125,1.53125,1.5234375,2.03125,0.11328125
20,6,584,plural,2.578908920288086,2.578908920288086,144.0,144.0,0.05126953125,0.05126953125,1.53125,1.53125,2.03125,0.1103515625
20,7,585,singular,0.0007793250260874629,0.0007793250260874629,0.1240234375,0.08837890625,0.00086212158203125,0.00061798095703125,1.53125,1.53125,2.03125,0.1103515625
20,7,586,plural,0.0024792193435132504,0.0024792193435132504,0.384765625,0.384765625,2.2649765014648438e-05,2.396106719970703e-05,1.53125,1.53125,2.03125,0.1103515625
20,8,587,singular,0.0059896972961723804,0.0059896972961723804,0.98046875,0.96875,0.0029449462890625,0.002899169921875,1.53125,1.53125,2.03125,0.1103515625
20,8,588,plural,6.675497570540756e-05,6.675497570540756e-05,4.7497451305389404e-07,0.01055908203125,0.0,0.00020503997802734375,1.53125,1.53125,2.03125,0.1103515625
20,9,589,singular,6.002479076385498,6.002479076385498,155.0,155.0,0.0576171875,0.0576171875,1.5390625,1.515625,2.03125,0.11328125
20,9,590,plural,0.001210433547385037,0.001210433547385037,0.1708984375,0.177734375,0.00244140625,0.00244140625,1.5390625,1.515625,2.03125,0.11328125
20,10,591,singular,1.764281842042692e-05,1.764281842042692e-05,0.002716064453125,0.0003070831298828125,3.0517578125e-05,0.0,1.5390625,1.515625,2.03125,0.11328125
20,10,592,plural,0.0017431078013032675,0.0017431078013032675,0.27734375,0.28515625,0.0019683837890625,0.0019378662109375,1.5390625,1.515625,2.03125,0.11328125
20,11,593,singular,0.0006708040600642562,0.0006708040600642562,0.10498046875,0.008056640625,0.000606536865234375,2.0265579223632812e-06,1.5390625,1.515625,2.03125,0.11328125
20,11,594,plural,0.001384015311487019,0.001384015311487019,0.173828125,0.2060546875,0.00173187255859375,0.0019683837890625,1.5390625,1.515625,2.03125,0.11328125
20,12,595,singular,0.0002455409849062562,0.0002455409849062562,0.035400390625,0.000370025634765625,0.00049591064453125,0.0,1.5390625,1.515625,2.03125,0.11328125
20,12,596,plural,0.00033766290289349854,0.00033766290289349854,0.052001953125,0.052490234375,0.0003871917724609375,0.000385284423828125,1.5390625,1.515625,2.03125,0.11328125
20,13,597,singular,0.0002616301644593477,0.0002616301644593477,0.037353515625,0.003936767578125,0.000705718994140625,3.075599670410156e-05,1.5390625,1.515625,2.03125,0.11328125
20,13,598,plural,0.004701868165284395,0.004701868165284395,0.70703125,0.81640625,0.003814697265625,0.004241943359375,1.5390625,1.515625,2.03125,0.11328125
20,14,599,singular,5.400034933700226e-05,5.400034933700226e-05,0.00860595703125,0.0023651123046875,1.259148120880127e-06,1.4901161193847656e-07,1.5390625,1.515625,2.03125,0.11328125
20,14,600,plural,1.966933996300213e-05,1.966933996300213e-05,0.002655029296875,0.00311279296875,3.0517578125e-05,3.147125244140625e-05,1.5390625,1.515625,2.03125,0.11328125
21,0,601,singular,5.769562994828448e-05,5.769562994828448e-05,0.00946044921875,0.0011444091796875,3.0517578125e-05,2.9802322387695312e-08,1.5390625,1.515625,2.03125,0.11328125
21,0,602,plural,3.5297625064849854,3.5297625064849854,150.0,150.0,0.0751953125,0.0751953125,1.5234375,1.53125,2.046875,0.109375
21,1,603,singular,0.003051626728847623,0.003051626728847623,0.435546875,0.1884765625,0.00433349609375,0.002471923828125,1.53125,1.53125,2.046875,0.10888671875
21,1,604,plural,4.0411134250462055e-05,4.0411134250462055e-05,1.9837170839309692e-07,0.006378173828125,0.0,7.009506225585938e-05,1.53125,1.53125,2.046875,0.10888671875
21,2,605,singular,9.000123977661133,9.000123977661133,155.0,155.0,0.06640625,0.06640625,1.53125,1.5234375,2.03125,0.11279296875
21,2,606,plural,0.0002051381452474743,0.0002051381452474743,0.031494140625,0.03173828125,0.0001506805419921875,0.0001811981201171875,1.53125,1.5234375,2.03125,0.11279296875
21,3,607,singular,0.12695157527923584,0.12695157527923584,18.5,18.5,0.00982666015625,0.00982666015625,1.5390625,1.515625,2.03125,0.11279296875
21,3,608,plural,0.00017271934484597296,0.00017271934484597296,0.001953125,0.0294189453125,0.0,0.00017642974853515625,1.5390625,1.515625,2.03125,0.11279296875
21,4,609,singular,5.590759246842936e-05,5.590759246842936e-05,0.0089111328125,0.002655029296875,1.0654330253601074e-06,5.327165126800537e-07,1.5390625,1.515625,2.03125,0.11279296875
21,4,610,plural,0.0034002603497356176,0.0034002603497356176,0.5234375,0.55859375,0.0036773681640625,0.003692626953125,1.5390625,1.515625,2.03125,0.11279296875
21,5,611,singular,0.0006777135422453284,0.0006777135422453284,0.10595703125,0.00909423828125,0.000690460205078125,1.52587890625e-05,1.5390625,1.515625,2.03125,0.11279296875
21,5,612,plural,0.001077905297279358,0.001077905297279358,0.1357421875,0.16015625,0.0013427734375,0.0019378662109375,1.5390625,1.515625,2.03125,0.11279296875
21,6,613,singular,0.0002455409849062562,0.0002455409849062562,0.035400390625,0.000370025634765625,0.000537872314453125,0.0,1.5390625,1.515625,2.03125,0.11279296875
21,6,614,plural,0.004701868165284395,0.004701868165284395,0.70703125,0.81640625,0.00408935546875,0.004791259765625,1.5390625,1.515625,2.03125,0.11279296875
21,7,615,singular,1.3232143828645349e-05,1.3232143828645349e-05,0.00188446044921875,0.000415802001953125,0.0,0.0,1.5390625,1.515625,2.03125,0.11279296875
21,7,616,plural,3.5297625064849854,3.5297625064849854,150.0,150.0,0.07568359375,0.07568359375,1.53125,1.53125,2.046875,0.1083984375
21,8,617,singular,0.0011183919850736856,0.0011183919850736856,0.1708984375,0.12353515625,0.0020294189453125,0.00162506103515625,1.53125,1.53125,2.046875,0.1083984375
21,8,618,plural,2.312633478140924e-05,2.312633478140924e-05,0.0030975341796875,0.0037841796875,0.0,3.814697265625e-06,1.53125,1.53125,2.046875,0.1083984375
21,9,619,singular,9.000123977661133,9.000123977661133,155.0,155.0,0.06689453125,0.06689453125,1.53125,1.5234375,2.03125,0.1123046875
21,9,620,plural,1.2516897186287679e-05,1.2516897186287679e-05,0.00160980224609375,0.0019989013671875,7.450580596923828e-09,0.0,1.53125,1.5234375,2.03125,0.1123046875
21,10,621,singular,5.817244164063595e-05,5.817244164063595e-05,0.00933837890625,0.0030364990234375,7.264316082000732e-07,0.0,1.53125,1.5234375,2.03125,0.1123046875
21,10,622,plural,0.0004481264913920313,0.0004481264913920313,0.00133514404296875,0.076171875,2.2351741790771484e-08,0.000926971435546875,1.53125,1.5234375,2.03125,0.1123046875
21,11,623,singular,0.0001525762490928173,0.0001525762490928173,0.0218505859375,0.0023956298828125,0.0003185272216796875,0.0,1.53125,1.5234375,2.03125,0.1123046875
21,11,624,plural,0.000740968796890229,0.000740968796890229,0.10400390625,0.1083984375,0.001617431640625,0.0018768310546875,1.53125,1.5234375,2.03125,0.1123046875
21,12,625,singular,2.1934269170742482e-05,2.1934269170742482e-05,0.0034027099609375,0.002288818359375,2.5331974029541016e-07,0.0,1.53125,1.5234375,2.03125,0.1123046875
21,12,626,plural,4.768258077092469e-05,4.768258077092469e-05,0.006591796875,0.006927490234375,6.103515625e-05,6.151199340820312e-05,1.53125,1.5234375,2.03125,0.1123046875
21,13,627,singular,0.00021419614495243877,0.00021419614495243877,0.034912109375,0.033203125,0.00012302398681640625,0.00012969970703125,1.53125,1.5234375,2.03125,0.1123046875
21,13,628,plural,2.1269516944885254,2.1269516944885254,137.0,137.0,0.06787109375,0.06787109375,1.53125,1.53125,2.046875,0.1083984375
21,14,629,singular,0.00025102324434556067,0.00025102324434556067,0.0419921875,0.033935546875,0.000400543212890625,0.0001697540283203125,1.53125,1.53125,2.046875,0.1083984375
21,14,630,plural,1.1920922133867862e-06,1.1920922133867862e-06,0.00011491775512695312,0.000186920166015625,0.0,0.0,1.53125,1.53125,2.046875,0.1083984375
22,0,631,singular,0.006209130398929119,0.006209130398929119,0.96875,0.337890625,0.0059814453125,0.002777099609375,1.53125,1.53125,2.046875,0.1083984375
22,0,632,plural,2.3841855067985307e-07,2.3841855067985307e-07,1.2278556823730469e-05,3.790855407714844e-05,0.0,0.0,1.53125,1.53125,2.046875,0.1083984375
22,1,633,singular,0.002533442573621869,0.002533442573621869,0.365234375,0.033203125,0.004547119140625,0.000911712646484375,1.53125,1.53125,2.046875,0.10791015625
22,1,634,plural,2.312633478140924e-05,2.312633478140924e-05,0.0030975341796875,0.0037841796875,9.5367431640625e-07,5.3942203521728516e-06,1.53125,1.53125,2.046875,0.10791015625
22,2,635,singular,0.01824934408068657,0.01824934408068657,2.953125,2.9375,0.009521484375,0.009765625,1.53125,1.53125,2.046875,0.107421875
22,2,636,plural,0.00012420836719684303,0.00012420836719684303,0.0191650390625,0.019287109375,4.76837158203125e-07,8.419156074523926e-07,1.53125,1.53125,2.046875,0.107421875
22,3,637,singular,0.0013227055314928293,0.0013227055314928293,0.2119140625,0.1650390625,0.001983642578125,0.00159454345703125,1.53125,1.53125,2.046875,0.107421875
22,3,638,plural,3.611976353568025e-05,3.611976353568025e-05,9.000301361083984e-06,0.006103515625,0.0,1.519918441772461e-06,1.53125,1.53125,2.046875,0.107421875
22,4,639,singular,9.000123977661133,9.000123977661133,155.0,155.0,0.08056640625,0.0810546875,1.5390625,1.515625,2.03125,0.11181640625
22,4,640,plural,0.0005557184922508895,0.0005557184922508895,0.0859375,0.08642578125,0.000576019287109375,0.000926971435546875,1.5390625,1.515625,2.03125,0.11181640625
22,5,641,singular,9.536738616588991e-07,9.536738616588991e-07,0.00015926361083984375,1.2934207916259766e-05,0.0,0.0,1.5390625,1.515625,2.03125,0.11181640625
22,5,642,plural,0.005518914666026831,0.005518914666026831,0.859375,0.90234375,0.004486083984375,0.004791259765625,1.5390625,1.515625,2.03125,0.111328125
22,6,643,singular,7.033323527139146e-06,7.033323527139146e-06,0.0010833740234375,0.000576019287109375,0.0,0.0,1.5390625,1.515625,2.03125,0.111328125
22,6,644,plural,0.0017160940915346146,0.0017160940915346146,0.2236328125,0.255859375,0.0020294189453125,0.0027618408203125,1.5390625,1.515625,2.03125,0.11181640625
22,7,645,singular,0.011055287905037403,0.011055287905037403,1.7109375,1.7109375,0.00054168701171875,0.00055694580078125,1.5390625,1.515625,2.03125,0.11181640625
22,7,646,plural,0.00011503035057103261,0.00011503035057103261,0.0169677734375,0.0179443359375,0.0001506805419921875,0.0001316070556640625,1.5390625,1.515625,2.03125,0.11181640625
22,8,647,singular,1.3470558769768104e-05,1.3470558769768104e-05,0.0020599365234375,0.0001850128173828125,1.1920928955078125e-07,0.0,1.5390625,1.515625,2.03125,0.11181640625
22,8,648,plural,0.0017535799415782094,0.0017535799415782094,0.2490234375,0.2578125,0.003021240234375,0.003326416015625,1.5390625,1.515625,2.03125,0.11181640625
22,9,649,singular,0.011055287905037403,0.011055287905037403,1.7109375,1.7109375,0.00127410888671875,0.00130462646484375,1.5390625,1.515625,2.03125,0.11181640625
22,9,650,plural,0.00011276562872808427,0.00011276562872808427,0.015869140625,0.016357421875,0.0001506805419921875,0.000293731689453125,1.5390625,1.515625,2.03125,0.11181640625
22,10,651,singular,0.00019905969384126365,0.00019905969384126365,0.0284423828125,0.00238037109375,0.000274658203125,3.147125244140625e-05,1.5390625,1.515625,2.03125,0.11181640625
22,10,652,plural,0.0002989322238136083,0.0002989322238136083,1.0848045349121094e-05,0.04736328125,0.0,0.0008087158203125,1.5390625,1.515625,2.03125,0.11181640625
22,11,653,singular,4.3987260141875595e-05,4.3987260141875595e-05,0.0072021484375,0.00069427490234375,5.543231964111328e-06,0.0,1.5390625,1.515625,2.03125,0.11181640625
22,11,654,plural,4.5110554695129395,4.5110554695129395,154.0,154.0,0.087890625,0.087890625,1.53125,1.53125,2.046875,0.10693359375
22,12,655,singular,0.0024600739125162363,0.0024600739125162363,0.353515625,0.189453125,0.004364013671875,0.002777099609375,1.53125,1.53125,2.046875,0.1064453125
22,12,656,plural,0.00031931069679558277,0.00031931069679558277,0.03125,0.055419921875,0.0001621246337890625,0.0003032684326171875,1.53125,1.53125,2.046875,0.1064453125
22,13,657,singular,0.0020745915826410055,0.0020745915826410055,0.330078125,0.271484375,0.0029144287109375,0.00250244140625,1.53125,1.53125,2.046875,0.1064453125
22,13,658,plural,1.0371154530730564e-05,1.0371154530730564e-05,7.987022399902344e-06,0.00176239013671875,0.0,1.9073486328125e-06,1.53125,1.53125,2.046875,0.1064453125
22,14,659,singular,0.0005559567362070084,0.0005559567362070084,0.07958984375,0.0615234375,0.000652313232421875,0.000621795654296875,1.53125,1.53125,2.046875,0.1064453125
22,14,660,plural,4.577531944960356e-05,4.577531944960356e-05,0.007049560546875,0.007110595703125,2.9243528842926025e-07,4.1350722312927246e-07,1.53125,1.53125,2.046875,0.1064453125
23,0,661,singular,0.002564001362770796,0.002564001362770796,0.369140625,0.03759765625,0.004913330078125,0.000812530517578125,1.53125,1.53125,2.046875,0.1064453125
23,0,662,plural,4.577531944960356e-05,4.577531944960356e-05,0.007049560546875,0.007110595703125,2.9243528842926025e-07,4.302710294723511e-07,1.53125,1.53125,2.046875,0.1064453125
23,1,663,singular,0.006857195869088173,0.006857195869088173,1.0625,1.0390625,0.00787353515625,0.00823974609375,1.53125,1.53125,2.046875,0.10595703125
23,1,664,plural,1.0371154530730564e-05,1.0371154530730564e-05,7.987022399902344e-06,0.00176239013671875,0.0,2.5033950805664062e-06,1.53125,1.53125,2.046875,0.10595703125
23,2,665,singular,0.001191859133541584,0.001191859133541584,0.1953125,0.1162109375,0.001861572265625,0.001220703125,1.53125,1.53125,2.046875,0.10595703125
23,2,666,plural,4.577531944960356e-05,4.577531944960356e-05,0.007049560546875,0.007110595703125,3.818422555923462e-07,3.203749656677246e-07,1.53125,1.53125,2.046875,0.10595703125
23,3,667,singular,0.0018747150897979736,0.0018747150897979736,0.296875,0.2392578125,0.0032501220703125,0.0027923583984375,1.53125,1.53125,2.046875,0.10595703125
23,3,668,plural,6.01988795096986e-05,6.01988795096986e-05,0.004669189453125,0.00897216796875,1.5497207641601562e-05,9.393692016601562e-05,1.53125,1.53125,2.046875,0.10595703125
23,4,669,singular,0.0020341435447335243,0.0020341435447335243,0.291015625,0.1474609375,0.00494384765625,0.0031890869140625,1.53125,1.53125,2.046875,0.10546875
23,4,670,plural,2.312633478140924e-05,2.312633478140924e-05,0.0030975341796875,0.0037841796875,3.9637088775634766e-06,7.748603820800781e-06,1.53125,1.53125,2.046875,0.10546875
23,5,671,singular,10.000045776367188,10.000045776367188,155.0,155.0,0.08935546875,0.08935546875,1.5390625,1.515625,2.046875,0.1103515625
23,5,672,plural,4.758622169494629,4.758622169494629,154.0,154.0,0.0673828125,0.06787109375,1.53125,1.53125,2.046875,0.107421875
23,6,673,singular,0.0003983181086368859,0.0003983181086368859,0.06396484375,0.0419921875,0.000354766845703125,0.000308990478515625,1.53125,1.53125,2.046875,0.107421875
23,6,674,plural,6.675497570540756e-05,6.675497570540756e-05,5.401670932769775e-07,0.01055908203125,0.0,0.000156402587890625,1.53125,1.53125,2.046875,0.107421875
23,7,675,singular,0.004667933564633131,0.004667933564633131,0.765625,0.75390625,0.00335693359375,0.003326416015625,1.53125,1.53125,2.046875,0.10693359375
23,7,676,plural,4.410734163684538e-06,4.410734163684538e-06,0.00054168701171875,0.000640869140625,1.1920928955078125e-07,0.0,1.53125,1.53125,2.046875,0.10693359375
23,8,677,singular,6.501505374908447,6.501505374908447,155.0,155.0,0.06640625,0.06640625,1.5390625,1.515625,2.046875,0.10986328125
23,8,678,plural,0.006213513668626547,0.006213513668626547,0.97265625,1.0234375,0.004730224609375,0.005035400390625,1.5390625,1.515625,2.046875,0.10986328125
23,9,679,singular,0.011055287905037403,0.011055287905037403,1.7109375,1.7109375,0.000457763671875,0.0004482269287109375,1.5390625,1.515625,2.046875,0.10986328125
23,9,680,plural,3.516612196108326e-05,3.516612196108326e-05,0.004974365234375,0.005615234375,6.29425048828125e-05,9.1552734375e-05,1.5390625,1.515625,2.046875,0.10986328125
23,10,681,singular,0.0005136600811965764,0.0005136600811965764,0.08056640625,0.0048828125,0.00055694580078125,3.933906555175781e-06,1.5390625,1.515625,2.046875,0.10986328125
23,10,682,plural,0.0007472821744158864,0.0007472821744158864,0.0036468505859375,0.126953125,9.685754776000977e-08,0.00154876708984375,1.5390625,1.515625,2.046875,0.10986328125
23,11,683,singular,7.152531907195225e-06,7.152531907195225e-06,0.0010223388671875,0.000152587890625,2.9802322387695312e-08,0.0,1.5390625,1.515625,2.046875,0.10986328125
23,11,684,plural,0.00018737945356406271,0.00018737945356406271,0.028076171875,0.029296875,0.0002422332763671875,0.000492095947265625,1.5390625,1.515625,2.046875,0.10986328125
23,12,685,singular,9.536738616588991e-07,9.536738616588991e-07,0.00015926361083984375,1.1444091796875e-05,0.0,0.0,1.5390625,1.515625,2.046875,0.10986328125
23,12,686,plural,0.007513478863984346,0.007513478863984346,1.1640625,1.296875,0.00579833984375,0.006500244140625,1.5390625,1.515625,2.046875,0.10986328125
23,13,687,singular,1.0371154530730564e-05,1.0371154530730564e-05,0.00159454345703125,0.0001277923583984375,1.4901161193847656e-07,0.0,1.5390625,1.515625,2.046875,0.10986328125
23,13,688,plural,0.0005557184922508895,0.0005557184922508895,0.0859375,0.08642578125,0.000759124755859375,0.0008544921875,1.5390625,1.515625,2.046875,0.10986328125
23,14,689,singular,0.00015496007108595222,0.00015496007108595222,0.0220947265625,0.00185394287109375,0.0002803802490234375,3.075599670410156e-05,1.5390625,1.515625,2.046875,0.10986328125
23,14,690,plural,0.001980012049898505,0.001980012049898505,0.283203125,0.291015625,0.003631591796875,0.0035552978515625,1.5390625,1.5234375,2.046875,0.10888671875
24,0,691,singular,3.373566141817719e-05,3.373566141817719e-05,0.00555419921875,0.000476837158203125,2.726912498474121e-06,0.0,1.5390625,1.5234375,2.046875,0.10888671875
24,0,692,plural,0.002528210636228323,0.002528210636228323,0.404296875,0.412109375,0.003265380859375,0.003265380859375,1.5390625,1.5234375,2.046875,0.10888671875
24,1,693,singular,2.3483953555114567e-05,2.3483953555114567e-05,0.0037384033203125,0.00077056884765625,2.0265579223632812e-06,1.9073486328125e-06,1.5390625,1.5234375,2.046875,0.10888671875
24,1,694,plural,2.4437606043647975e-05,2.4437606043647975e-05,0.00341796875,0.0038909912109375,7.62939453125e-06,3.7670135498046875e-05,1.5390625,1.5234375,2.046875,0.10888671875
24,2,695,singular,1.0490362910786644e-05,1.0490362910786644e-05,0.0016021728515625,0.00014495849609375,2.384185791015625e-07,0.0,1.5390625,1.5234375,2.046875,0.10888671875
24,2,696,plural,0.00012718822108581662,0.00012718822108581662,0.0179443359375,0.0184326171875,0.0002040863037109375,0.0001659393310546875,1.5390625,1.5234375,2.046875,0.10888671875
24,3,697,singular,0.011055287905037403,0.011055287905037403,1.7109375,1.7109375,0.00151824951171875,0.00152587890625,1.5390625,1.5234375,2.046875,0.10888671875
24,3,698,plural,0.005518914666026831,0.005518914666026831,0.859375,0.90234375,0.0068359375,0.007049560546875,1.5390625,1.5234375,2.046875,0.1083984375
24,4,699,singular,0.011055287905037403,0.011055287905037403,1.7109375,1.7109375,0.00152587890625,0.00154876708984375,1.5390625,1.5234375,2.046875,0.1083984375
24,4,700,plural,0.0002261144545627758,0.0002261144545627758,0.00323486328125,0.03857421875,2.384185791015625e-07,0.00051116943359375,1.5390625,1.5234375,2.046875,0.1083984375
24,5,701,singular,0.006721151061356068,0.006721151061356068,1.046875,1.0390625,0.00127410888671875,0.00130462646484375,1.5390625,1.5234375,2.046875,0.1083984375
24,5,702,plural,5.006721019744873,5.006721019744873,154.0,154.0,0.09130859375,0.09130859375,1.53125,1.5390625,2.046875,0.10400390625
24,6,703,singular,0.006857195869088173,0.006857195869088173,1.0625,1.0390625,0.00665283203125,0.006500244140625,1.53125,1.5390625,2.046875,0.103515625
24,6,704,plural,4.577531944960356e-05,4.577531944960356e-05,0.007049560546875,0.007110595703125,1.043081283569336e-07,1.685693860054016e-07,1.53125,1.5390625,2.046875,0.103515625
24,7,705,singular,0.002024507150053978,0.002024507150053978,0.29296875,0.033203125,0.00372314453125,0.00064849853515625,1.53125,1.5390625,2.046875,0.103515625
24,7,706,plural,4.410734163684538e-06,4.410734163684538e-06,0.0006561279296875,0.000682830810546875,1.4901161193847656e-08,5.960464477539063e-08,1.53125,1.5390625,2.046875,0.103515625
24,8,707,singular,0.0019165972480550408,0.0019165972480550408,0.275390625,0.1474609375,0.0037384033203125,0.0023651123046875,1.53125,1.5390625,2.046875,0.103515625
24,8,708,plural,2.682172998902388e-05,2.682172998902388e-05,0.003143310546875,0.003936767578125,1.1920928955078125e-07,6.103515625e-05,1.53125,1.5390625,2.046875,0.103515625
24,9,709,singular,0.02334444224834442,0.02334444224834442,3.78125,3.765625,0.01153564453125,0.01171875,1.53125,1.5390625,2.0625,0.1025390625
24,9,710,plural,2.8132995794294402e-05,2.8132995794294402e-05,5.453824996948242e-06,0.004791259765625,0.0,6.854534149169922e-07,1.53125,1.5390625,2.0625,0.1025390625
24,10,711,singular,0.0022193582262843847,0.0022193582262843847,0.31640625,0.1474609375,0.003387451171875,0.002166748046875,1.53125,1.5390625,2.0625,0.10205078125
24,10,712,plural,3.1470757676288486e-05,3.1470757676288486e-05,1.3597309589385986e-07,0.004974365234375,0.0,3.814697265625e-05,1.53125,1.5390625,2.0625,0.10205078125
24,11,713,singular,0.000393432448618114,0.000393432448618114,0.05615234375,0.042236328125,0.00049591064453125,0.00035858154296875,1.53125,1.5390625,2.0625,0.10205078125
24,11,714,plural,1.311301275563892e-06,1.311301275563892e-06,0.00012969970703125,0.00020503997802734375,0.0,0.0,1.53125,1.5390625,2.0625,0.10205078125
24,12,715,singular,0.004639693535864353,0.004639693535864353,0.72265625,0.2333984375,0.005096435546875,0.001953125,1.53125,1.5390625,2.0625,0.10205078125
24,12,716,plural,6.437094270950183e-05,6.437094270950183e-05,0.0052490234375,0.00958251953125,7.62939453125e-06,9.584426879882812e-05,1.53125,1.5390625,2.0625,0.10205078125
24,13,717,singular,0.00030882356804795563,0.00030882356804795563,0.051513671875,0.043701171875,0.000415802001953125,0.00054168701171875,1.53125,1.5390625,2.0625,0.10205078125
24,13,718,plural,0.00037019551382400095,0.00037019551382400095,0.040283203125,0.064453125,0.0001678466796875,0.00060272216796875,1.53125,1.5390625,2.0625,0.10205078125
24,14,719,singular,0.0013230626937001944,0.0013230626937001944,0.2099609375,0.1640625,0.0024871826171875,0.0020904541015625,1.53125,1.5390625,2.0625,0.10205078125
24,14,720,plural,4.577531944960356e-05,4.577531944960356e-05,0.007049560546875,0.007110595703125,2.384185791015625e-07,6.295740604400635e-07,1.53125,1.5390625,2.0625,0.10205078125
25,0,721,singular,0.003940081689506769,0.003940081689506769,0.61328125,0.1826171875,0.00537109375,0.0019989013671875,1.5390625,1.5390625,2.0625,0.10107421875
25,0,722,plural,1.311301275563892e-06,1.311301275563892e-06,0.00012969970703125,0.00020503997802734375,0.0,0.0,1.5390625,1.5390625,2.0625,0.10107421875
25,1,723,singular,0.0006785474251955748,0.0006785474251955748,0.1044921875,0.0751953125,0.00176239013671875,0.00173187255859375,1.5390625,1.5390625,2.0625,0.10107421875
25,1,724,plural,1.4305104514278355e-06,1.4305104514278355e-06,0.0001544952392578125,0.0002079010009765625,0.0,0.0,1.5390625,1.5390625,2.0625,0.10107421875
25,2,725,singular,0.000935950840357691,0.000935950840357691,0.1494140625,0.11376953125,0.002197265625,0.001983642578125,1.5390625,1.5390625,2.0625,0.10107421875
25,2,726,plural,4.577531944960356e-05,4.577531944960356e-05,0.007049560546875,0.007110595703125,4.76837158203125e-07,7.338821887969971e-07,1.5390625,1.5390625,2.0625,0.10107421875
25,3,727,singular,0.0013152052415534854,0.0013152052415534854,0.1884765625,0.08984375,0.00439453125,0.0024871826171875,1.5390625,1.5390625,2.0625,0.10107421875
25,3,728,plural,2.312633478140924e-05,2.312633478140924e-05,0.0030975341796875,0.0037841796875,1.9073486328125e-06,1.150369644165039e-05,1.5390625,1.5390625,2.0625,0.10107421875
25,4,729,singular,0.0009363081189803779,0.0009363081189803779,0.1484375,0.11279296875,0.0027618408203125,0.0023193359375,1.5390625,1.5390625,2.0625,0.1005859375
25,4,730,plural,3.1470757676288486e-05,3.1470757676288486e-05,1.3597309589385986e-07,0.004974365234375,0.0,0.00012683868408203125,1.5390625,1.5390625,2.0625,0.1005859375
25,5,731,singular,0.0028911717236042023,0.0028911717236042023,0.447265625,0.435546875,0.007293701171875,0.0076904296875,1.5390625,1.5390625,2.0625,0.10009765625
25,5,732,plural,4.577531944960356e-05,4.577531944960356e-05,0.007049560546875,0.007110595703125,4.76837158203125e-07,9.387731552124023e-07,1.5390625,1.5390625,2.0625,0.10009765625
25,6,733,singular,0.009816821664571762,0.009816821664571762,1.6015625,1.59375,0.01251220703125,0.012939453125,1.5390625,1.5390625,2.0625,0.0986328125
25,6,734,plural,5.23315102327615e-05,5.23315102327615e-05,0.006622314453125,0.0076904296875,0.000141143798828125,0.000225067138671875,1.5390625,1.5390625,2.0625,0.0986328125
25,7,735,singular,9.500075340270996,9.500075340270996,155.0,155.0,0.09814453125,0.09814453125,1.546875,1.5234375,2.0625,0.10302734375
25,7,736,plural,0.0005231918767094612,0.0005231918767094612,0.01446533203125,0.0888671875,1.71661376953125e-05,0.000858306884765625,1.546875,1.5234375,2.0625,0.10302734375
25,8,737,singular,3.099436753473128e-06,3.099436753473128e-06,0.0004425048828125,3.8623809814453125e-05,0.0,0.0,1.546875,1.5234375,2.0625,0.10302734375
25,8,738,plural,0.000977157847955823,0.000977157847955823,0.0076904296875,0.166015625,8.58306884765625e-06,0.0023956298828125,1.546875,1.5234375,2.0625,0.10302734375
25,9,739,singular,5.447716102935374e-05,5.447716102935374e-05,0.0078125,3.4332275390625e-05,0.0001239776611328125,0.0,1.546875,1.5234375,2.0625,0.10302734375
25,9,740,plural,0.021839596331119537,0.021839596331119537,3.53125,3.75,0.01129150390625,0.01190185546875,1.546875,1.5234375,2.0625,0.1025390625
25,10,741,singular,1.9550132492440753e-05,1.9550132492440753e-05,0.003204345703125,0.0001544952392578125,3.814697265625e-06,0.0,1.546875,1.5234375,2.0625,0.1025390625
25,10,742,plural,0.0034517014864832163,0.0034517014864832163,0.47265625,0.515625,0.003326416015625,0.0036468505859375,1.546875,1.5234375,2.0625,0.1025390625
25,11,743,singular,0.0015051951631903648,0.0015051951631903648,0.2333984375,0.2333984375,5.3882598876953125e-05,6.103515625e-05,1.546875,1.5234375,2.0625,0.1025390625
25,11,744,plural,6.501505374908447,6.501505374908447,155.0,155.0,0.08544921875,0.0849609375,1.5390625,1.5390625,2.0625,0.09912109375
25,12,745,singular,8.082063141046092e-05,8.082063141046092e-05,0.013427734375,0.00970458984375,7.62939453125e-06,1.5854835510253906e-05,1.5390625,1.5390625,2.0625,0.09912109375
25,12,746,plural,3.576278118089249e-07,3.576278118089249e-07,2.6106834411621094e-05,5.698204040527344e-05,0.0,0.0,1.5390625,1.5390625,2.0625,0.09912109375
25,13,747,singular,7.50055456161499,7.50055456161499,155.0,155.0,0.0693359375,0.0693359375,1.546875,1.5234375,2.0625,0.1025390625
25,13,748,plural,0.0004328744253143668,0.0004328744253143668,0.06689453125,0.0673828125,0.0002918243408203125,0.0002841949462890625,1.546875,1.5234375,2.0625,0.1025390625
25,14,749,singular,0.00012063252506777644,0.00012063252506777644,0.0172119140625,0.0014495849609375,0.00012493133544921875,1.4901161193847656e-08,1.546875,1.5234375,2.0625,0.1025390625
25,14,750,plural,0.005518914666026831,0.005518914666026831,0.859375,0.90234375,0.00396728515625,0.003936767578125,1.546875,1.5234375,2.0625,0.1025390625
26,0,751,singular,1.764281842042692e-05,1.764281842042692e-05,0.0028228759765625,0.00052642822265625,0.0,0.0,1.546875,1.5234375,2.0625,0.1025390625
26,0,752,plural,0.005856497213244438,0.005856497213244438,0.91015625,1.015625,0.003204345703125,0.003448486328125,1.546875,1.5234375,2.0625,0.1025390625
26,1,753,singular,9.536738616588991e-07,9.536738616588991e-07,0.00015926361083984375,1.2934207916259766e-05,0.0,0.0,1.546875,1.5234375,2.0625,0.1025390625
26,1,754,plural,1.7165990357170813e-05,1.7165990357170813e-05,0.002349853515625,0.0027313232421875,2.384185791015625e-07,3.844499588012695e-06,1.546875,1.5234375,2.0625,0.1025390625
26,2,755,singular,2.3483953555114567e-05,2.3483953555114567e-05,0.00372314453125,0.000762939453125,3.371387720108032e-07,1.9073486328125e-06,1.546875,1.5234375,2.0625,0.1025390625
26,2,756,plural,0.00023278864682652056,0.00023278864682652056,8.404254913330078e-06,0.036865234375,0.0,0.0003528594970703125,1.546875,1.5234375,2.0625,0.1025390625
26,3,757,singular,0.023257676512002945,0.023257676512002945,3.5625,3.5625,0.001617431640625,0.00164794921875,1.546875,1.5234375,2.0625,0.1025390625
26,3,758,plural,4.01815938949585,4.01815938949585,152.0,152.0,0.07763671875,0.078125,1.5390625,1.5390625,2.0625,0.09814453125
26,4,759,singular,0.00044431351125240326,0.00044431351125240326,0.068359375,0.04541015625,0.00079345703125,0.000537872314453125,1.5390625,1.5390625,2.0625,0.09814453125
26,4,760,plural,1.3351351299206726e-05,1.3351351299206726e-05,1.3172626495361328e-05,0.0022735595703125,0.0,2.9802322387695312e-08,1.5390625,1.5390625,2.0625,0.09814453125
26,5,761,singular,0.0009672730811871588,0.0009672730811871588,0.138671875,0.061767578125,0.001800537109375,0.000926971435546875,1.5390625,1.5390625,2.0625,0.09814453125
26,5,762,plural,2.8132995794294402e-05,2.8132995794294402e-05,7.033348083496094e-06,0.004791259765625,0.0,8.940696716308594e-08,1.5390625,1.5390625,2.0625,0.09814453125
26,6,763,singular,0.00528142461553216,0.00528142461553216,0.86328125,0.85546875,0.00396728515625,0.003631591796875,1.5390625,1.5390625,2.0625,0.09765625
26,6,764,plural,2.0265558760002023e-06,2.0265558760002023e-06,0.00021457672119140625,0.000316619873046875,0.0,0.0,1.5390625,1.5390625,2.0625,0.09765625
26,7,765,singular,0.0002343380037928,0.0002343380037928,0.03369140625,0.0225830078125,0.00018024444580078125,7.724761962890625e-05,1.5390625,1.5390625,2.0625,0.09765625
26,7,766,plural,0.00012420836719684303,0.00012420836719684303,0.0191650390625,0.019287109375,7.152557373046875e-07,7.264316082000732e-07,1.5390625,1.5390625,2.0625,0.09765625
26,8,767,singular,9.000123977661133,9.000123977661133,155.0,155.0,0.078125,0.07861328125,1.546875,1.5234375,2.0625,0.10205078125
26,8,768,plural,0.002516676438972354,0.002516676438972354,0.404296875,0.412109375,0.002532958984375,0.002655029296875,1.546875,1.5234375,2.0625,0.1015625
26,9,769,singular,3.4570634852570947e-06,3.4570634852570947e-06,0.000537872314453125,0.00021266937255859375,0.0,0.0,1.546875,1.5234375,2.0625,0.1015625
26,9,770,plural,0.0015424508601427078,0.0015424508601427078,0.2197265625,0.2255859375,0.002685546875,0.002899169921875,1.546875,1.5234375,2.0625,0.1015625
26,10,771,singular,0.018159443512558937,0.018159443512558937,2.796875,2.796875,0.00133514404296875,0.0013580322265625,1.546875,1.5234375,2.0625,0.1015625
26,10,772,plural,0.005518914666026831,0.005518914666026831,0.859375,0.90234375,0.004791259765625,0.005096435546875,1.546875,1.5234375,2.0625,0.1015625
26,11,773,singular,3.3378044463461265e-05,3.3378044463461265e-05,0.0054931640625,0.0004215240478515625,1.52587890625e-05,2.384185791015625e-07,1.546875,1.5234375,2.0625,0.1015625
26,11,774,plural,4.01815938949585,4.01815938949585,152.0,152.0,0.07470703125,0.07470703125,1.5390625,1.5390625,2.0625,0.09814453125
26,12,775,singular,0.0009140365873463452,0.0009140365873463452,0.1318359375,0.00946044921875,0.0017852783203125,0.00012302398681640625,1.5390625,1.5390625,2.0625,0.09814453125
26,12,776,plural,2.145764938177308e-06,2.145764938177308e-06,0.000255584716796875,0.00031280517578125,0.0,0.0,1.5390625,1.5390625,2.0625,0.09814453125
26,13,777,singular,0.0022351776715368032,0.0022351776715368032,0.34765625,0.08642578125,0.0022125244140625,0.000553131103515625,1.5390625,1.5390625,2.0625,0.09814453125
26,13,778,plural,8.106198947643861e-06,8.106198947643861e-06,0.001220703125,0.001251220703125,0.0,8.195638656616211e-08,1.5390625,1.5390625,2.0625,0.09814453125
26,14,779,singular,0.0011511372867971659,0.0011511372867971659,0.1640625,0.0615234375,0.002197265625,0.00101470947265625,1.5390625,1.5390625,2.0625,0.09814453125
26,14,780,plural,6.90197994117625e-05,6.90197994117625e-05,0.0059814453125,0.01031494140625,1.52587890625e-05,9.1552734375e-05,1.5390625,1.5390625,2.0625,0.09814453125
27,0,781,singular,0.0005230727256275713,0.0005230727256275713,0.0859375,0.037841796875,0.000667572021484375,0.0002288818359375,1.5390625,1.5390625,2.0625,0.09765625
27,0,782,plural,0.000336590368533507,0.000336590368533507,0.05224609375,0.05224609375,1.6540288925170898e-06,3.2186508178710938e-06,1.5390625,1.5390625,2.0625,0.09765625
27,1,783,singular,8.000336647033691,8.000336647033691,155.0,155.0,0.07763671875,0.07763671875,1.546875,1.5234375,2.0625,0.1015625
27,1,784,plural,2.729855441430118e-05,2.729855441430118e-05,0.003875732421875,0.00433349609375,1.52587890625e-05,6.151199340820312e-05,1.546875,1.5234375,2.0625,0.1015625
27,2,785,singular,2.50339189733495e-06,2.50339189733495e-06,0.00038909912109375,0.00014591217041015625,0.0,0.0,1.546875,1.5234375,2.0625,0.1015625
27,2,786,plural,0.006213513668626547,0.006213513668626547,0.97265625,1.0234375,0.00537109375,0.00543212890625,1.546875,1.5234375,2.0625,0.1015625
27,3,787,singular,0.011055287905037403,0.011055287905037403,1.7109375,1.7109375,0.000522613525390625,0.00052642822265625,1.546875,1.5234375,2.0625,0.1015625
27,3,788,plural,4.5110554695129395,4.5110554695129395,154.0,154.0,0.0693359375,0.0693359375,1.5390625,1.5390625,2.0625,0.09814453125
27,4,789,singular,0.0008223251206800342,0.0008223251206800342,0.1171875,0.037353515625,0.00154876708984375,0.0006866455078125,1.5390625,1.5390625,2.0625,0.09814453125
27,4,790,plural,0.0009135602158494294,0.0009135602158494294,0.1416015625,0.1416015625,6.496906280517578e-06,8.404254913330078e-06,1.5390625,1.5390625,2.0625,0.09814453125
27,5,791,singular,0.0002862997353076935,0.0002862997353076935,0.045654296875,0.028564453125,0.00023746490478515625,0.0001049041748046875,1.5390625,1.5390625,2.0625,0.09814453125
27,5,792,plural,4.649054244509898e-05,4.649054244509898e-05,1.919269561767578e-05,0.00787353515625,0.0,5.327165126800537e-07,1.5390625,1.5390625,2.0625,0.09814453125
27,6,793,singular,0.000198821333469823,0.000198821333469823,0.0303955078125,0.0167236328125,0.0004119873046875,0.000377655029296875,1.5390625,1.5390625,2.0625,0.09814453125
27,6,794,plural,0.000559292733669281,0.000559292733669281,0.06591796875,0.09765625,0.00042724609375,0.00075531005859375,1.5390625,1.5390625,2.0625,0.09814453125
27,7,795,singular,0.0002650863316375762,0.0002650863316375762,0.04248046875,0.025390625,0.0003414154052734375,0.0001049041748046875,1.5390625,1.5390625,2.0625,0.09814453125
27,7,796,plural,5.8410845667822286e-05,5.8410845667822286e-05,0.007537841796875,0.008544921875,0.000125885009765625,0.000244140625,1.5390625,1.5390625,2.0625,0.09814453125
27,8,797,singular,0.002213886706158519,0.002213886706158519,0.36328125,0.357421875,0.0020599365234375,0.002105712890625,1.5390625,1.5390625,2.0625,0.09765625
27,8,798,plural,1.7165990357170813e-05,1.7165990357170813e-05,2.7894973754882812e-05,0.0029296875,0.0,7.62939453125e-06,1.5390625,1.5390625,2.0625,0.09765625
27,9,799,singular,5.2927523938706145e-05,5.2927523938706145e-05,0.00885009765625,0.005889892578125,0.00012302398681640625,1.4677643775939941e-06,1.5390625,1.5390625,2.0625,0.09765625
27,9,800,plural,0.00010322991875000298,0.00010322991875000298,0.0098876953125,0.01531982421875,0.000125885009765625,0.0003070831298828125,1.5390625,1.5390625,2.0625,0.09765625
27,10,801,singular,7.000913619995117,7.000913619995117,155.0,155.0,0.0810546875,0.08154296875,1.546875,1.5234375,2.0625,0.10107421875
27,10,802,plural,0.00038389943074434996,0.00038389943074434996,2.288818359375e-05,0.060791015625,0.0,0.0013580322265625,1.546875,1.5234375,2.0625,0.10107421875
27,11,803,singular,2.4437606043647975e-05,2.4437606043647975e-05,0.003509521484375,0.0001354217529296875,1.9073486328125e-06,0.0,1.546875,1.5234375,2.0625,0.10107421875
27,11,804,plural,0.0002661589242052287,0.0002661589242052287,0.0380859375,0.038818359375,0.000545501708984375,0.00075531005859375,1.546875,1.5234375,2.0625,0.10107421875
27,12,805,singular,3.2186455882765586e-06,3.2186455882765586e-06,0.0004596710205078125,4.363059997558594e-05,0.0,0.0,1.546875,1.5234375,2.0625,0.10107421875
27,12,806,plural,0.00034564718953333795,0.00034564718953333795,0.052490234375,0.053955078125,0.00099945068359375,0.00110626220703125,1.546875,1.5234375,2.0625,0.10107421875
27,13,807,singular,0.00023815179883968085,0.00023815179883968085,0.037353515625,0.00157928466796875,0.000415802001953125,4.76837158203125e-07,1.546875,1.5234375,2.0625,0.10107421875
27,13,808,plural,0.0011738798348233104,0.0011738798348233104,0.181640625,0.1826171875,0.00238037109375,0.002532958984375,1.546875,1.5234375,2.0625,0.10107421875
27,14,809,singular,5.447716102935374e-05,5.447716102935374e-05,0.0078125,3.886222839355469e-05,0.0002460479736328125,0.0,1.546875,1.5234375,2.0625,0.10107421875
27,14,810,plural,0.0053011090494692326,0.0053011090494692326,0.85546875,0.86328125,0.006378173828125,0.00665283203125,1.546875,1.5234375,2.0625,0.1005859375
28,0,811,singular,0.0015051951631903648,0.0015051951631903648,0.2333984375,0.2333984375,5.412101745605469e-05,5.7697296142578125e-05,1.546875,1.5234375,2.0625,0.1005859375
28,0,812,plural,0.0008071978809311986,0.0008071978809311986,0.125,0.125,0.0013427734375,0.00138092041015625,1.5546875,1.5234375,2.0625,0.10009765625
28,1,813,singular,9.894321920000948e-06,9.894321920000948e-06,0.0015869140625,0.00019359588623046875,2.384185791015625e-07,0.0,1.5546875,1.5234375,2.0625,0.10009765625
28,1,814,plural,0.00026901919045485556,0.00026901919045485556,0.040771484375,0.0419921875,0.0004520416259765625,0.000637054443359375,1.546875,1.5234375,2.0625,0.1005859375
28,2,815,singular,3.2186455882765586e-06,3.2186455882765586e-06,0.0004596710205078125,4.363059997558594e-05,0.0,0.0,1.546875,1.5234375,2.0625,0.1005859375
28,2,816,plural,6.501505374908447,6.501505374908447,155.0,155.0,0.087890625,0.087890625,1.5390625,1.5390625,2.0625,0.09716796875
28,3,817,singular,8.000336647033691,8.000336647033691,155.0,155.0,0.06689453125,0.06689453125,1.546875,1.5234375,2.0625,0.1005859375
28,3,818,plural,0.0009425011812709272,0.0009425011812709272,0.1337890625,0.1376953125,0.0021820068359375,0.002410888671875,1.546875,1.5234375,2.0625,0.1005859375
28,4,819,singular,4.386805812828243e-05,4.386805812828243e-05,0.0072021484375,0.006561279296875,6.103515625e-05,3.814697265625e-06,1.546875,1.5234375,2.0625,0.1005859375
28,4,820,plural,6.83045873302035e-05,6.83045873302035e-05,0.0096435546875,0.0098876953125,6.818771362304688e-05,6.151199340820312e-05,1.546875,1.5234375,2.0625,0.1005859375
28,5,821,singular,2.4199192921514623e-05,2.4199192921514623e-05,0.0038604736328125,0.000865936279296875,3.371387720108032e-07,0.0,1.546875,1.5234375,2.0625,0.1005859375
28,5,822,plural,3.048602819442749,3.048602819442749,148.0,148.0,0.0654296875,0.0654296875,1.5390625,1.5390625,2.0625,0.09716796875
28,6,823,singular,8.082063141046092e-05,8.082063141046092e-05,0.013427734375,0.00970458984375,0.000125885009765625,1.341104507446289e-05,1.5390625,1.5390625,2.0625,0.09716796875
28,6,824,plural,0.0004009396652691066,0.0004009396652691066,0.04541015625,0.06982421875,0.00041961669921875,0.000568389892578125,1.5390625,1.5390625,2.0625,0.09716796875
28,7,825,singular,0.0009062950266525149,0.0009062950266525149,0.1298828125,0.00836181640625,0.0021820068359375,0.000164031982421875,1.5390625,1.5390625,2.0625,0.09716796875
28,7,826,plural,4.100715523236431e-05,4.100715523236431e-05,0.005767822265625,0.0067138671875,0.0,1.9073486328125e-05,1.5390625,1.5390625,2.0625,0.09716796875
28,8,827,singular,0.0022351776715368032,0.0022351776715368032,0.34765625,0.08642578125,0.0030059814453125,0.00109100341796875,1.5390625,1.5390625,2.0625,0.09716796875
28,8,828,plural,0.0005545270396396518,0.0005545270396396518,0.0859375,0.0859375,5.5730342864990234e-06,6.5267086029052734e-06,1.5390625,1.5390625,2.0625,0.09716796875
28,9,829,singular,0.0006675875629298389,0.0006675875629298389,0.103515625,0.09716796875,0.00102996826171875,0.00113677978515625,1.5390625,1.5390625,2.0625,0.09716796875
28,9,830,plural,3.6238969187252223e-05,3.6238969187252223e-05,1.1622905731201172e-05,0.00616455078125,0.0,7.62939453125e-06,1.5390625,1.5390625,2.0625,0.09716796875
28,10,831,singular,7.50055456161499,7.50055456161499,155.0,155.0,0.07373046875,0.07373046875,1.546875,1.5234375,2.0625,0.10009765625
28,10,832,plural,0.005518914666026831,0.005518914666026831,0.859375,0.90234375,0.0050048828125,0.00543212890625,1.546875,1.5234375,2.0625,0.10009765625
28,11,833,singular,7.867782187531702e-06,7.867782187531702e-06,0.00119781494140625,9.965896606445312e-05,0.0,0.0,1.546875,1.5234375,2.0625,0.10009765625
28,11,834,plural,0.0013365155318751931,0.0013365155318751931,0.173828125,0.19921875,0.00189971923828125,0.0023651123046875,1.546875,1.5234375,2.0625,0.10009765625
28,12,835,singular,2.6225699912174605e-05,2.6225699912174605e-05,0.004302978515625,0.00032806396484375,0.0,3.5762786865234375e-07,1.546875,1.5234375,2.0625,0.10009765625
28,12,836,plural,0.0002261144545627758,0.0002261144545627758,0.00323486328125,0.03857421875,3.814697265625e-06,0.000347137451171875,1.546875,1.5234375,2.0625,0.10009765625
28,13,837,singular,4.1483970562694594e-05,4.1483970562694594e-05,0.005950927734375,0.0003681182861328125,4.26173210144043e-06,1.9073486328125e-06,1.546875,1.5234375,2.0625,0.10009765625
28,13,838,plural,1.9073304429184645e-05,1.9073304429184645e-05,0.002655029296875,0.0030364990234375,0.0,4.100799560546875e-05,1.546875,1.5234375,2.0625,0.10009765625
28,14,839,singular,0.00012063252506777644,0.00012063252506777644,0.0172119140625,0.0014495849609375,0.0002803802490234375,2.288818359375e-05,1.546875,1.5234375,2.0625,0.10009765625
28,14,840,plural,0.00023278864682652056,0.00023278864682652056,8.404254913330078e-06,0.036865234375,0.0,0.000701904296875,1.546875,1.5234375,2.0625,0.10009765625
29,0,841,singular,0.011055287905037403,0.011055287905037403,1.7109375,1.7109375,0.000591278076171875,0.000614166259765625,1.546875,1.5234375,2.0625,0.10009765625
29,0,842,plural,0.0043007503263652325,0.0043007503263652325,0.66796875,0.70703125,0.005157470703125,0.005157470703125,1.546875,1.5234375,2.0625,0.10009765625
29,1,843,singular,2.288792165927589e-05,2.288792165927589e-05,0.0036468505859375,0.000675201416015625,0.0,9.015202522277832e-07,1.546875,1.5234375,2.0625,0.10009765625
29,1,844,plural,0.0019695423543453217,0.0019695423543453217,0.31640625,0.322265625,0.0031585693359375,0.0032501220703125,1.546875,1.5234375,2.0625,0.10009765625
29,2,845,singular,9.011816291604191e-05,9.011816291604191e-05,0.01300048828125,0.00010585784912109375,0.0002460479736328125,0.0,1.546875,1.5234375,2.0625,0.10009765625
29,2,846,plural,0.005856497213244438,0.005856497213244438,0.91015625,1.015625,0.00616455078125,0.006591796875,1.546875,1.5234375,2.0625,0.099609375
29,3,847,singular,5.483612312673358e-06,5.483612312673358e-06,0.00078582763671875,0.0001049041748046875,0.0,0.0,1.546875,1.5234375,2.0625,0.099609375
29,3,848,plural,0.0004328744253143668,0.0004328744253143668,0.06689453125,0.0673828125,0.0007781982421875,0.0008544921875,1.546875,1.5234375,2.0625,0.099609375
29,4,849,singular,0.011055287905037403,0.011055287905037403,1.7109375,1.7109375,0.00148773193359375,0.00151824951171875,1.546875,1.5234375,2.0625,0.099609375
29,4,850,plural,0.0010637345258146524,0.0010637345258146524,0.1513671875,0.1552734375,0.0028839111328125,0.0030059814453125,1.546875,1.5234375,2.0625,0.099609375
29,5,851,singular,3.4570634852570947e-06,3.4570634852570947e-06,0.000537872314453125,0.00021266937255859375,0.0,4.76837158203125e-07,1.546875,1.5234375,2.0625,0.099609375
29,5,852,plural,0.0005801424849778414,0.0005801424849778414,0.00250244140625,0.0986328125,1.9669532775878906e-06,0.0020904541015625,1.546875,1.5234375,2.0625,0.099609375
29,6,853,singular,4.1483970562694594e-05,4.1483970562694594e-05,0.005950927734375,0.0003681182861328125,1.8835067749023438e-05,1.9073486328125e-06,1.546875,1.5234375,2.0625,0.099609375
29,6,854,plural,9.905801562126726e-05,9.905801562126726e-05,0.0140380859375,0.014404296875,0.0002956390380859375,0.0002803802490234375,1.546875,1.5234375,2.0625,0.099609375
29,7,855,singular,0.00012206286191940308,0.00012206286191940308,0.0174560546875,0.00164031982421875,0.00060272216796875,2.4199485778808594e-05,1.546875,1.5234375,2.0625,0.099609375
29,7,856,plural,4.758622169494629,4.758622169494629,154.0,154.0,0.09423828125,0.09423828125,1.5390625,1.546875,2.078125,0.09423828125
29,8,857,singular,10.750021934509277,10.750021934509277,155.0,155.0,0.06982421875,0.06982421875,1.546875,1.53125,2.0625,0.0986328125
29,8,858,plural,0.00011002412065863609,0.00011002412065863609,1.8775463104248047e-06,0.0174560546875,0.0,0.00017547607421875,1.546875,1.53125,2.0625,0.0986328125
29,9,859,singular,7.83174327807501e-05,7.83174327807501e-05,0.0128173828125,0.00213623046875,6.103515625e-05,2.9802322387695312e-08,1.546875,1.53125,2.0625,0.0986328125
29,9,860,plural,2.3603161025675945e-05,2.3603161025675945e-05,0.00335693359375,0.003692626953125,0.0,3.075599670410156e-05,1.546875,1.53125,2.0625,0.0986328125
29,10,861,singular,0.0006942722829990089,0.0006942722829990089,0.1083984375,0.01165771484375,0.000782012939453125,1.0788440704345703e-05,1.546875,1.53125,2.0625,0.0986328125
29,10,862,plural,0.0003748429589904845,0.0003748429589904845,0.0439453125,0.0556640625,0.00072479248046875,0.00084686279296875,1.546875,1.53125,2.0625,0.0986328125
29,11,863,singular,4.362964682513848e-05,4.362964682513848e-05,0.006988525390625,0.0020751953125,1.0207295417785645e-06,0.0,1.546875,1.53125,2.0625,0.0986328125
29,11,864,plural,3.099436753473128e-06,3.099436753473128e-06,0.0003604888916015625,0.000492095947265625,0.0,1.52587890625e-05,1.546875,1.53125,2.0625,0.0986328125
29,12,865,singular,2.4914430468925275e-05,2.4914430468925275e-05,0.0038299560546875,0.000736236572265625,6.103515625e-05,1.52587890625e-05,1.546875,1.53125,2.0625,0.0986328125
29,12,866,plural,7.903263758635148e-05,7.903263758635148e-05,0.00049591064453125,0.01348876953125,0.0,8.20159912109375e-05,1.546875,1.53125,2.0625,0.0986328125
29,13,867,singular,2.861018856492592e-06,2.861018856492592e-06,0.0004787445068359375,9.5367431640625e-05,0.0,0.0,1.546875,1.53125,2.0625,0.0986328125
29,13,868,plural,0.9741120338439941,0.9741120338439941,96.5,96.5,0.06298828125,0.06298828125,1.5390625,1.5390625,2.078125,0.09521484375
29,14,869,singular,0.009816821664571762,0.009816821664571762,1.6015625,1.59375,0.006683349609375,0.006561279296875,1.5390625,1.5390625,2.078125,0.0947265625
29,14,870,plural,5.900685573578812e-05,5.900685573578812e-05,0.009033203125,0.0091552734375,1.4156103134155273e-07,3.0174851417541504e-07,1.5390625,1.5390625,2.078125,0.0947265625
30,0,871,singular,0.00867538619786501,0.00867538619786501,1.421875,1.40625,0.005767822265625,0.005615234375,1.5390625,1.546875,2.078125,0.09375
30,0,872,plural,2.4437606043647975e-05,2.4437606043647975e-05,8.242204785346985e-08,0.0038604736328125,0.0,7.772445678710938e-05,1.5390625,1.546875,2.078125,0.09375
30,1,873,singular,0.0001954841281985864,0.0001954841281985864,0.03271484375,0.0264892578125,0.000270843505859375,0.00015926361083984375,1.5390625,1.546875,2.078125,0.09375
30,1,874,plural,9.536738616588991e-07,9.536738616588991e-07,8.916854858398438e-05,0.000148773193359375,0.0,0.0,1.5390625,1.546875,2.078125,0.09375
30,2,875,singular,0.0006785474251955748,0.0006785474251955748,0.1044921875,0.0751953125,0.0021820068359375,0.00182342529296875,1.5390625,1.546875,2.078125,0.09375
30,2,876,plural,2.312633478140924e-05,2.312633478140924e-05,0.002777099609375,0.003387451171875,0.0001220703125,9.1552734375e-05,1.5390625,1.546875,2.078125,0.09375
30,3,877,singular,0.000606710382271558,0.000606710382271558,0.09716796875,0.06884765625,0.00154876708984375,0.000919342041015625,1.5390625,1.546875,2.078125,0.09375
30,3,878,plural,1.6331539882230572e-05,1.6331539882230572e-05,0.0021209716796875,0.0026702880859375,2.9802322387695312e-08,1.1444091796875e-05,1.5390625,1.546875,2.078125,0.09375
30,4,879,singular,0.0008061258122324944,0.0008061258122324944,0.1318359375,0.07080078125,0.001373291015625,0.000637054443359375,1.5390625,1.546875,2.078125,0.09375
30,4,880,plural,4.3987260141875595e-05,4.3987260141875595e-05,0.0031890869140625,0.00653076171875,1.4901161193847656e-08,0.00013446807861328125,1.5390625,1.546875,2.078125,0.09375
30,5,881,singular,9.750059127807617,9.750059127807617,155.0,155.0,0.08837890625,0.08837890625,1.5546875,1.53125,2.0625,0.09716796875
30,5,882,plural,0.005856497213244438,0.005856497213244438,0.91015625,1.015625,0.00494384765625,0.005340576171875,1.5546875,1.53125,2.0625,0.09716796875
30,6,883,singular,0.00012063252506777644,0.00012063252506777644,0.0172119140625,0.0014495849609375,0.000347137451171875,2.288818359375e-05,1.5546875,1.53125,2.0625,0.09716796875
30,6,884,plural,4.758622169494629,4.758622169494629,154.0,154.0,0.07275390625,0.07275390625,1.5390625,1.5390625,2.078125,0.0947265625
30,7,885,singular,0.0007058274932205677,0.0007058274932205677,0.1015625,0.00653076171875,0.001922607421875,0.000152587890625,1.5390625,1.5390625,2.078125,0.0947265625
30,7,886,plural,2.145764938177308e-06,2.145764938177308e-06,0.000255584716796875,0.00031280517578125,0.0,0.0,1.5390625,1.5390625,2.078125,0.0947265625
30,8,887,singular,7.000913619995117,7.000913619995117,155.0,155.0,0.0654296875,0.0654296875,1.546875,1.53125,2.0625,0.09765625
30,8,888,plural,0.0026491330936551094,0.0026491330936551094,0.40625,0.43359375,0.0025482177734375,0.0027923583984375,1.546875,1.53125,2.0625,0.09716796875
30,9,889,singular,7.152531907195225e-06,7.152531907195225e-06,0.0010223388671875,0.000152587890625,0.0,0.0,1.546875,1.53125,2.0625,0.09716796875
30,9,890,plural,0.00013445904187392443,0.00013445904187392443,0.00151824951171875,0.0228271484375,0.0,9.870529174804688e-05,1.546875,1.53125,2.0625,0.09716796875
30,10,891,singular,2.3483953555114567e-05,2.3483953555114567e-05,0.00372314453125,0.000762939453125,0.0,1.1920928955078125e-07,1.546875,1.53125,2.0625,0.09716796875
30,10,892,plural,3.5297625064849854,3.5297625064849854,150.0,150.0,0.06396484375,0.06396484375,1.5390625,1.5390625,2.078125,0.0947265625
30,11,893,singular,0.0005722792120650411,0.0005722792120650411,0.08203125,0.0291748046875,0.00113677978515625,0.0003795623779296875,1.546875,1.5390625,2.078125,0.09423828125
30,11,894,plural,0.0011730464175343513,0.0011730464175343513,0.181640625,0.1826171875,8.285045623779297e-06,9.357929229736328e-06,1.546875,1.5390625,2.078125,0.09423828125
30,12,895,singular,0.0019728736951947212,0.0019728736951947212,0.306640625,0.07568359375,0.0019683837890625,0.000507354736328125,1.546875,1.5390625,2.078125,0.09423828125
30,12,896,plural,4.649054244509898e-05,4.649054244509898e-05,1.6808509826660156e-05,0.00787353515625,0.0,1.704692840576172e-05,1.546875,1.5390625,2.078125,0.09423828125
30,13,897,singular,0.000593962671700865,0.000593962671700865,0.09228515625,0.0859375,0.00078582763671875,0.000865936279296875,1.546875,1.5390625,2.078125,0.09423828125
30,13,898,plural,9.179073458653875e-06,9.179073458653875e-06,0.0013885498046875,0.0014190673828125,0.0,1.52587890625e-05,1.546875,1.5390625,2.078125,0.09423828125
30,14,899,singular,6.75117301940918,6.75117301940918,155.0,155.0,0.0673828125,0.0673828125,1.546875,1.53125,2.0625,0.09765625
30,14,900,plural,1.3351351299206726e-05,1.3351351299206726e-05,0.0018310546875,0.0021209716796875,0.0,6.103515625e-05,1.546875,1.53125,2.0625,0.09765625
31,0,901,singular,8.344646857949556e-07,8.344646857949556e-07,0.000148773193359375,1.0013580322265625e-05,0.0,0.0,1.546875,1.53125,2.0625,0.09765625
31,0,902,plural,0.0010637345258146524,0.0010637345258146524,0.1513671875,0.1552734375,0.002532958984375,0.0027923583984375,1.546875,1.53125,2.0625,0.09765625
31,1,903,singular,3.4570634852570947e-06,3.4570634852570947e-06,0.000537872314453125,0.00021266937255859375,0.0,4.76837158203125e-07,1.546875,1.53125,2.0625,0.09765625
31,1,904,plural,0.003822521772235632,0.003822521772235632,0.58984375,0.62890625,0.00439453125,0.004364013671875,1.546875,1.53125,2.0625,0.09716796875
31,2,905,singular,0.00012206286191940308,0.00012206286191940308,0.0174560546875,0.00164031982421875,0.0003719329833984375,1.9073486328125e-05,1.546875,1.53125,2.0625,0.09716796875
31,2,906,plural,0.0005783553933724761,0.0005783553933724761,0.0022125244140625,0.0986328125,2.384185791015625e-07,0.00164794921875,1.546875,1.53125,2.0625,0.09716796875
31,3,907,singular,5.602820692729438e-06,5.602820692729438e-06,0.00080108642578125,0.00011873245239257812,0.0,0.0,1.546875,1.53125,2.0625,0.09716796875
31,3,908,plural,0.000934045237954706,0.000934045237954706,0.1201171875,0.1396484375,0.001556396484375,0.00176239013671875,1.546875,1.53125,2.0625,0.09716796875
31,4,909,singular,4.184158387943171e-05,4.184158387943171e-05,0.006011962890625,0.0004177093505859375,0.0001220703125,0.0,1.546875,1.53125,2.0625,0.09716796875
31,4,910,plural,0.00017426878912374377,0.00017426878912374377,0.0022125244140625,0.0296630859375,0.0,0.0003452301025390625,1.546875,1.53125,2.0625,0.09716796875
31,5,911,singular,1.764281842042692e-05,1.764281842042692e-05,0.0028228759765625,0.00052642822265625,1.9073486328125e-06,0.0,1.546875,1.53125,2.0625,0.09716796875
31,5,912,plural,4.2641730308532715,4.2641730308532715,153.0,153.0,0.080078125,0.080078125,1.5390625,1.546875,2.078125,0.09326171875
31,6,913,singular,0.0007556205382570624,0.0007556205382570624,0.1240234375,0.062255859375,0.0009765625,0.0005340576171875,1.5390625,1.546875,2.078125,0.09326171875
31,6,914,plural,0.0002485204895492643,0.0002485204895492643,0.0244140625,0.043212890625,0.0002536773681640625,0.0003604888916015625,1.5390625,1.546875,2.078125,0.09326171875
31,7,915,singular,0.0006068295333534479,0.0006068295333534479,0.0966796875,0.06884765625,0.00093841552734375,0.00066375732421875,1.5390625,1.546875,2.078125,0.09326171875
31,7,916,plural,0.00012420836719684303,0.00012420836719684303,0.0191650390625,0.019287109375,0.0,1.0356307029724121e-06,1.5390625,1.546875,2.078125,0.09326171875
31,8,917,singular,0.0030699288472533226,0.0030699288472533226,0.478515625,0.1416015625,0.004180908203125,0.00170135498046875,1.5390625,1.546875,2.078125,0.0927734375
31,8,918,plural,1.311301275563892e-06,1.311301275563892e-06,0.00012969970703125,0.00020503997802734375,0.0,3.814697265625e-06,1.5390625,1.546875,2.078125,0.0927734375
31,9,919,singular,0.0011975744273513556,0.0011975744273513556,0.1728515625,0.015625,0.00323486328125,0.0005035400390625,1.5390625,1.546875,2.078125,0.0927734375
31,9,920,plural,1.1920928244535389e-07,1.1920928244535389e-07,6.586313247680664e-06,1.895427703857422e-05,0.0,0.0,1.5390625,1.546875,2.078125,0.0927734375
31,10,921,singular,0.005976306740194559,0.005976306740194559,0.9765625,0.96875,0.00543212890625,0.00555419921875,1.546875,1.546875,2.078125,0.091796875
31,10,922,plural,0.00012420836719684303,0.00012420836719684303,0.0191650390625,0.019287109375,0.0,1.2218952178955078e-06,1.546875,1.546875,2.078125,0.091796875
31,11,923,singular,9.000123977661133,9.000123977661133,155.0,155.0,0.08154296875,0.08154296875,1.5546875,1.53125,2.078125,0.095703125
31,11,924,plural,0.00018142008048016578,0.00018142008048016578,5.781650543212891e-06,0.0286865234375,0.0,0.000614166259765625,1.5546875,1.53125,2.078125,0.095703125
31,12,925,singular,0.01417296938598156,0.01417296938598156,2.1875,2.1875,0.000545501708984375,0.00055694580078125,1.5546875,1.53125,2.078125,0.095703125
31,12,926,plural,0.0019695423543453217,0.0019695423543453217,0.31640625,0.322265625,0.0028533935546875,0.003204345703125,1.5546875,1.53125,2.078125,0.095703125
31,13,927,singular,0.011055287905037403,0.011055287905037403,1.7109375,1.7109375,0.000522613525390625,0.0005340576171875,1.5546875,1.53125,2.078125,0.095703125
31,13,928,plural,9.905801562126726e-05,9.905801562126726e-05,0.0140380859375,0.014404296875,0.00017261505126953125,0.0003337860107421875,1.5546875,1.53125,2.078125,0.095703125
31,14,929,singular,7.867782187531702e-06,7.867782187531702e-06,0.00119781494140625,0.0001125335693359375,4.76837158203125e-07,0.0,1.5546875,1.53125,2.078125,0.095703125
31,14,930,plural,0.00033706706017255783,0.00033706706017255783,0.052001953125,0.052490234375,0.00052642822265625,0.000705718994140625,1.5546875,1.53125,2.078125,0.095703125
32,0,931,singular,0.00031144535751082003,0.00031144535751082003,0.048583984375,0.002960205078125,0.0004425048828125,1.952052116394043e-06,1.5546875,1.53125,2.078125,0.095703125
32,0,932,plural,0.0012012654915452003,0.0012012654915452003,0.1708984375,0.17578125,0.0031585693359375,0.0032958984375,1.5546875,1.53125,2.078125,0.095703125
32,1,933,singular,7.867782187531702e-06,7.867782187531702e-06,0.00119781494140625,0.0001125335693359375,5.960464477539063e-08,0.0,1.5546875,1.53125,2.078125,0.095703125
32,1,934,plural,0.00033706706017255783,0.00033706706017255783,0.052001953125,0.052490234375,0.00067138671875,0.000682830810546875,1.5546875,1.53125,2.078125,0.095703125
32,2,935,singular,4.1483970562694594e-05,4.1483970562694594e-05,0.005950927734375,0.0003681182861328125,0.00012302398681640625,1.9073486328125e-06,1.5546875,1.53125,2.078125,0.095703125
32,2,936,plural,0.00018142008048016578,0.00018142008048016578,5.781650543212891e-06,0.0286865234375,0.0,0.000640869140625,1.5546875,1.53125,2.078125,0.095703125
32,3,937,singular,0.011055287905037403,0.011055287905037403,1.7109375,1.7109375,0.00131988525390625,0.0013580322265625,1.5546875,1.53125,2.078125,0.095703125
32,3,938,plural,0.0043007503263652325,0.0043007503263652325,0.66796875,0.70703125,0.006195068359375,0.006561279296875,1.5546875,1.53125,2.078125,0.09521484375
32,4,939,singular,1.7762025890988298e-05,1.7762025890988298e-05,0.0028076171875,0.00052642822265625,1.9073486328125e-06,0.0,1.5546875,1.53125,2.078125,0.09521484375
32,4,940,plural,9.905801562126726e-05,9.905801562126726e-05,0.0140380859375,0.014404296875,0.00019550323486328125,0.00019931793212890625,1.5546875,1.53125,2.078125,0.09521484375
32,5,941,singular,7.152555099310121e-07,7.152555099310121e-07,0.00011968612670898438,8.881092071533203e-06,0.0,0.0,1.5546875,1.53125,2.078125,0.09521484375
32,5,942,plural,0.000934045237954706,0.000934045237954706,0.1201171875,0.1396484375,0.0021820068359375,0.0024261474609375,1.5546875,1.53125,2.078125,0.09521484375
32,6,943,singular,3.4570634852570947e-06,3.4570634852570947e-06,0.000537872314453125,0.00021266937255859375,5.960464477539063e-08,0.0,1.5546875,1.53125,2.078125,0.09521484375
32,6,944,plural,0.00010084597306558862,0.00010084597306558862,0.01507568359375,0.015869140625,0.000247955322265625,0.0002841949462890625,1.5546875,1.53125,2.078125,0.09521484375
32,7,945,singular,0.00012206286191940308,0.00012206286191940308,0.0174560546875,0.00164031982421875,0.0004520416259765625,3.0517578125e-05,1.5546875,1.53125,2.078125,0.09521484375
32,7,946,plural,0.004085765685886145,0.004085765685886145,0.625,0.7109375,0.0064697265625,0.0072021484375,1.5546875,1.53125,2.078125,0.09521484375
32,8,947,singular,0.00862208567559719,0.00862208567559719,1.3359375,1.3359375,0.001556396484375,0.00159454345703125,1.5546875,1.53125,2.078125,0.09521484375
32,8,948,plural,0.00017426878912374377,0.00017426878912374377,0.0022125244140625,0.0296630859375,7.867813110351562e-06,0.000759124755859375,1.5546875,1.53125,2.078125,0.09521484375
32,9,949,singular,0.00862208567559719,0.00862208567559719,1.3359375,1.3359375,0.00335693359375,0.003387451171875,1.5546875,1.53125,2.078125,0.09521484375
32,9,950,plural,5.255239486694336,5.255239486694336,155.0,155.0,0.09619140625,0.09619140625,1.5390625,1.546875,2.078125,0.0908203125
32,10,951,singular,0.001601009746082127,0.001601009746082127,0.2314453125,0.029296875,0.0035247802734375,0.000690460205078125,1.5390625,1.546875,2.078125,0.0908203125
32,10,952,plural,2.455681169521995e-05,2.455681169521995e-05,0.0037841796875,0.003814697265625,0.0,5.960464477539063e-08,1.5390625,1.546875,2.078125,0.0908203125
32,11,953,singular,0.011108577251434326,0.011108577251434326,1.8125,1.796875,0.007080078125,0.0074462890625,1.546875,1.546875,2.078125,0.08984375
32,11,954,plural,0.0,0.0,2.7418136596679688e-06,0.0,0.0,0.0,1.546875,1.546875,2.078125,0.08984375
32,12,955,singular,0.0008635367848910391,0.0008635367848910391,0.1416015625,0.080078125,0.001068115234375,0.0005340576171875,1.546875,1.546875,2.078125,0.08935546875
32,12,956,plural,1.7046782886609435e-05,1.7046782886609435e-05,2.2798776626586914e-06,0.002899169921875,0.0,3.814697265625e-06,1.546875,1.546875,2.078125,0.08935546875
32,13,957,singular,0.000935950840357691,0.000935950840357691,0.1494140625,0.11376953125,0.00183868408203125,0.00124359130859375,1.546875,1.546875,2.078125,0.08935546875
32,13,958,plural,1.1444026313256472e-05,1.1444026313256472e-05,0.00146484375,0.00186920166015625,0.0,0.0,1.546875,1.546875,2.078125,0.08935546875
32,14,959,singular,0.000393432448618114,0.000393432448618114,0.05615234375,0.042236328125,0.000537872314453125,0.000362396240234375,1.546875,1.546875,2.078125,0.08935546875
32,14,960,plural,2.455681169521995e-05,2.455681169521995e-05,0.0037841796875,0.003814697265625,0.0,1.0756775736808777e-07,1.546875,1.546875,2.078125,0.08935546875
33,0,961,singular,10.625024795532227,10.625024795532227,155.0,155.0,0.08740234375,0.08740234375,1.5546875,1.53125,2.078125,0.09423828125
33,0,962,plural,0.0004481264913920313,0.0004481264913920313,0.00133514404296875,0.076171875,2.9802322387695312e-08,0.000881195068359375,1.5546875,1.53125,2.078125,0.09423828125
33,1,963,singular,5.602820692729438e-06,5.602820692729438e-06,0.00080108642578125,0.00011873245239257812,0.0,0.0,1.5546875,1.53125,2.078125,0.09423828125
33,1,964,plural,0.000734178873244673,0.000734178873244673,0.10400390625,0.107421875,0.0018310546875,0.002227783203125,1.5546875,1.53125,2.078125,0.09423828125
33,2,965,singular,1.764281842042692e-05,1.764281842042692e-05,0.0028228759765625,0.00052642822265625,2.9802322387695312e-08,0.0,1.5546875,1.53125,2.078125,0.09423828125
33,2,966,plural,0.00014125302550382912,0.00014125302550382912,3.993511199951172e-06,0.0223388671875,0.0,0.0004138946533203125,1.5546875,1.53125,2.078125,0.09423828125
33,3,967,singular,9.536738616588991e-07,9.536738616588991e-07,0.00015926361083984375,1.4603137969970703e-05,0.0,0.0,1.5546875,1.53125,2.078125,0.09423828125
33,3,968,plural,0.0013578252401202917,0.0013578252401202917,0.216796875,0.22265625,0.0023651123046875,0.0024871826171875,1.5546875,1.53125,2.078125,0.09375
33,4,969,singular,0.023257676512002945,0.023257676512002945,3.5625,3.5625,0.003387451171875,0.0034332275390625,1.5546875,1.53125,2.078125,0.09375
33,4,970,plural,0.00013565097469836473,0.00013565097469836473,0.0017242431640625,0.0230712890625,0.0,0.00020599365234375,1.5546875,1.53125,2.078125,0.09375
33,5,971,singular,4.184158387943171e-05,4.184158387943171e-05,0.006011962890625,0.0004177093505859375,0.000125885009765625,0.0,1.5546875,1.53125,2.078125,0.09375
33,5,972,plural,4.2641730308532715,4.2641730308532715,153.0,153.0,0.0849609375,0.0849609375,1.546875,1.546875,2.078125,0.08984375
33,6,973,singular,0.002561979927122593,0.002561979927122593,0.3984375,0.3828125,0.003204345703125,0.00311279296875,1.546875,1.546875,2.078125,0.08984375
33,6,974,plural,0.0,0.0,3.11434268951416e-06,0.0,0.0,0.0,1.546875,1.546875,2.078125,0.08984375
33,7,975,singular,0.006762949284166098,0.006762949284166098,1.109375,1.09375,0.0050048828125,0.0048828125,1.546875,1.546875,2.078125,0.08935546875
33,7,976,plural,5.900685573578812e-05,5.900685573578812e-05,0.009033203125,0.0091552734375,2.6635825634002686e-07,1.909211277961731e-07,1.546875,1.546875,2.078125,0.08935546875
33,8,977,singular,0.0007434703293256462,0.0007434703293256462,0.1142578125,0.0849609375,0.0019378662109375,0.0017242431640625,1.546875,1.546875,2.078125,0.08935546875
33,8,978,plural,5.900685573578812e-05,5.900685573578812e-05,0.009033203125,0.0091552734375,2.6635825634002686e-07,1.909211277961731e-07,1.546875,1.546875,2.078125,0.08935546875
33,9,979,singular,0.001212100381962955,0.001212100381962955,0.1748046875,0.0177001953125,0.0032501220703125,0.000522613525390625,1.546875,1.546875,2.09375,0.08935546875
33,9,980,plural,0.0001935771433636546,0.0001935771433636546,0.0189208984375,0.03369140625,0.00012969970703125,0.0002899169921875,1.546875,1.546875,2.09375,0.08935546875
33,10,981,singular,0.0018358058296144009,0.0018358058296144009,0.26171875,0.1298828125,0.0040283203125,0.002716064453125,1.546875,1.546875,2.09375,0.0888671875
33,10,982,plural,3.4570634852570947e-06,3.4570634852570947e-06,0.00051116943359375,0.0005340576171875,0.0,0.0,1.546875,1.546875,2.09375,0.0888671875
33,11,983,singular,0.0008061258122324944,0.0008061258122324944,0.1318359375,0.07080078125,0.0013580322265625,0.00058746337890625,1.546875,1.546875,2.09375,0.0888671875
33,11,984,plural,9.536738616588991e-07,9.536738616588991e-07,8.916854858398438e-05,0.000148773193359375,0.0,0.0,1.546875,1.546875,2.09375,0.0888671875
33,12,985,singular,0.003191023599356413,0.003191023599356413,0.498046875,0.1611328125,0.004913330078125,0.0021209716796875,1.546875,1.546875,2.09375,0.0888671875
33,12,986,plural,9.536738616588991e-07,9.536738616588991e-07,0.0001068115234375,0.00013828277587890625,0.0,0.0,1.546875,1.546875,2.09375,0.0888671875
33,13,987,singular,9.750059127807617,9.750059127807617,155.0,155.0,0.08837890625,0.08837890625,1.5546875,1.53125,2.078125,0.09326171875
33,13,988,plural,0.0010411086259409785,0.0010411086259409785,0.1357421875,0.154296875,0.00152587890625,0.002197265625,1.5546875,1.53125,2.078125,0.0927734375
33,14,989,singular,1.728519782773219e-05,1.728519782773219e-05,0.0027313232421875,0.0004634857177734375,5.960464477539063e-08,9.5367431640625e-07,1.5546875,1.53125,2.078125,0.0927734375
33,14,990,plural,0.0043007503263652325,0.0043007503263652325,0.66796875,0.70703125,0.004852294921875,0.005035400390625,1.5546875,1.53125,2.078125,0.0927734375
