split,inverse,eval_input,counterfactual_input,clean_logp_A,clean_logp_B,complement_ablation_logp_A,complement_ablation_logp_B,circuit_ablation_logp_A,circuit_ablation_logp_B,all_ablation_logp_A,all_ablation_logp_B,n_nodes
train,0,The sleepy bat,The sleepy bats,-8.89893913269043,-17.02393913269043,-10.398297309875488,-17.960798263549805,-9.648608207702637,-14.148608207702637,-10.9288330078125,-15.3038330078125,128
train,1,The sleepy bats,The sleepy bat,-7.059290885925293,-13.809290885925293,-8.144089698791504,-14.144089698791504,-8.128661155700684,-12.253661155700684,-8.31449031829834,-12.56449031829834,128
train,0,The fuzzy frog,The fuzzy frogs,-19.58049774169922,-22.39299774169922,-20.3885498046875,-23.0760498046875,-19.82668113708496,-21.82668113708496,-20.76353645324707,-22.51353645324707,128
train,1,The fuzzy frogs,The fuzzy frog,-16.32788848876953,-20.42163848876953,-18.156776428222656,-21.844276428222656,-17.08868980407715,-19.96368980407715,-18.07491111755371,-20.88741111755371,128
train,0,The bright shark,The bright sharks,-16.382858276367188,-19.007858276367188,-16.824655532836914,-20.074655532836914,-16.757896423339844,-18.195396423339844,-16.92906379699707,-19.24156379699707,128
train,1,The bright sharks,The bright shark,-15.805535316467285,-18.3680362701416,-15.557147026062012,-18.557146072387695,-16.45223617553711,-17.51473617553711,-16.278261184692383,-17.715761184692383,128
train,0,The small bat,The small bats,-14.32174301147461,-20.88424301147461,-16.320220947265625,-22.257720947265625,-15.03720760345459,-19.787206649780273,-16.445194244384766,-21.195194244384766,128
train,1,The small bats,The small bat,-13.40750789642334,-19.095006942749023,-14.018669128417969,-19.64366912841797,-14.196305274963379,-17.821306228637695,-14.538670539855957,-18.726171493530273,128
train,0,The bright chick,The bright chicks,-21.629047393798828,-23.504047393798828,-22.145692825317383,-23.958192825317383,-22.473134994506836,-23.160634994506836,-22.708147048950195,-23.645647048950195,128
train,1,The bright chicks,The bright chick,-18.66380500793457,-20.57005500793457,-19.05681800842285,-20.90056800842285,-19.107593536376953,-20.513843536376953,-19.559499740600586,-20.840749740600586,128
train,0,The nervous panda,The nervous pandas,-19.951129913330078,-20.951129913330078,-19.388479232788086,-20.888479232788086,-20.224271774291992,-20.599271774291992,-19.63264274597168,-20.38264274597168,128
train,1,The nervous pandas,The nervous panda,-18.8933048248291,-21.0183048248291,-18.038320541381836,-20.663320541381836,-19.189998626708984,-20.689998626708984,-18.26221466064453,-20.26221466064453,128
train,0,The slender turtle,The slender turtles,-20.57005500793457,-24.38255500793457,-19.887001037597656,-23.199501037597656,-21.141477584838867,-24.547727584838867,-20.303802490234375,-23.116302490234375,128
train,1,The slender turtles,The slender turtle,-19.599411010742188,-22.599411010742188,-18.306671142578125,-21.869171142578125,-20.315196990966797,-22.440196990966797,-18.470211029052734,-21.282711029052734,128
train,0,The quiet turtle,The quiet turtles,-10.305274963378906,-18.117774963378906,-10.257866859436035,-18.69536781311035,-10.656603813171387,-15.594103813171387,-10.757829666137695,-16.320329666137695,128
train,1,The quiet turtles,The quiet turtle,-8.104811668395996,-13.479811668395996,-7.146951198577881,-14.021950721740723,-9.065738677978516,-12.315738677978516,-7.6304097175598145,-12.630410194396973,128
train,0,The sleepy doe,The sleepy does,-19.537086486816406,-20.912086486816406,-21.61309242248535,-22.98809242248535,-20.889301300048828,-21.264301300048828,-21.725383758544922,-22.537883758544922,128
train,1,The sleepy does,The sleepy doe,-20.784944534301758,-22.847444534301758,-19.725942611694336,-22.319692611694336,-21.4052734375,-23.0302734375,-20.368488311767578,-22.618488311767578,128
train,0,The timid horse,The timid horses,-9.321137428283691,-16.758638381958008,-9.488283157348633,-17.613283157348633,-10.430374145507812,-14.930374145507812,-10.488097190856934,-15.738097190856934,128
train,1,The timid horses,The timid horse,-8.51390266418457,-14.88890266418457,-8.142226219177246,-14.642226219177246,-9.3898286819458,-13.7648286819458,-8.649163246154785,-13.274163246154785,128
train,0,The nervous rat,The nervous rats,-10.589752197265625,-17.902252197265625,-10.285497665405273,-18.097997665405273,-10.964414596557617,-14.339414596557617,-10.929964065551758,-15.679964065551758,128
train,1,The nervous rats,The nervous rat,-11.259908676147461,-16.50990867614746,-9.04359245300293,-14.85609245300293,-11.023484230041504,-14.273484230041504,-9.320597648620605,-13.320597648620605,128
train,0,The fuzzy shark,The fuzzy sharks,-10.193266868591309,-16.880765914916992,-9.701140403747559,-16.951139450073242,-10.193302154541016,-13.818302154541016,-9.951179504394531,-14.076179504394531,128
train,1,The fuzzy sharks,The fuzzy shark,-9.252198219299316,-13.627198219299316,-7.988797187805176,-13.363797187805176,-9.430054664611816,-11.555054664611816,-8.327313423156738,-11.577313423156738,128
train,0,The timid horse,The timid horses,-17.008638381958008,-20.508638381958008,-17.863283157348633,-21.425783157348633,-18.242874145507812,-20.742874145507812,-18.550596237182617,-21.300596237182617,128
train,1,The timid horses,The timid horse,-16.70140266418457,-20.57640266418457,-16.829727172851562,-21.017227172851562,-17.827329635620117,-20.327329635620117,-17.5866641998291,-20.3991641998291,128
train,0,The timid dog,The timid dogs,-18.189071655273438,-19.814071655273438,-18.911592483520508,-20.036592483520508,-19.225749969482422,-20.038249969482422,-19.938566207885742,-20.313566207885742,128
train,1,The timid dogs,The timid dog,-17.328968048095703,-21.016468048095703,-16.42020606994629,-20.60770606994629,-18.214033126831055,-20.839033126831055,-17.118410110473633,-20.555910110473633,128
train,0,The timid rabbit,The timid rabbits,-8.76335620880127,-16.888355255126953,-10.502147674560547,-19.002147674560547,-9.648881912231445,-15.273881912231445,-11.225557327270508,-17.538057327270508,128
train,1,The timid rabbits,The timid rabbit,-5.295783519744873,-11.608283996582031,-7.753900527954102,-13.941400527954102,-6.685374736785889,-11.560375213623047,-8.518893241882324,-13.268893241882324,128
train,0,The bright panda,The bright pandas,-17.075960159301758,-19.013460159301758,-17.099123001098633,-19.911623001098633,-17.45096206665039,-18.38846206665039,-17.45098876953125,-19.13848876953125,128
train,1,The bright pandas,The bright panda,-14.399208068847656,-18.149208068847656,-14.127947807312012,-17.940446853637695,-15.054012298583984,-17.491512298583984,-14.575274467468262,-17.075273513793945,128
train,0,The fuzzy turtle,The fuzzy turtles,-18.49129867553711,-20.74129867553711,-18.803829193115234,-21.428829193115234,-18.763559341430664,-20.388559341430664,-19.07451820373535,-20.94951820373535,128
train,1,The fuzzy turtles,The fuzzy turtle,-17.288352966308594,-21.225852966308594,-17.26860809326172,-21.39360809326172,-17.61795425415039,-20.05545425415039,-17.50299072265625,-20.00299072265625,128
train,0,The sleepy monitor,The sleepy monitors,-10.502533912658691,-18.127532958984375,-11.55406665802002,-19.366565704345703,-10.877337455749512,-16.064838409423828,-11.762187957763672,-17.199687957763672,128
train,1,The sleepy monitors,The sleepy monitor,-9.518691062927246,-15.143691062927246,-8.204917907714844,-13.579917907714844,-9.952110290527344,-13.827110290527344,-8.53333854675293,-12.28333854675293,128
train,0,The calm dolphin,The calm dolphins,-15.637264251708984,-19.262264251708984,-16.324684143066406,-21.137184143066406,-16.224462509155273,-17.786962509155273,-16.786392211914062,-19.598892211914062,128
train,1,The calm dolphins,The calm dolphin,-13.830489158630371,-18.767990112304688,-14.832427978515625,-20.394927978515625,-14.514937400817871,-18.139938354492188,-14.994444847106934,-19.30694580078125,128
train,0,The small pup,The small pups,-18.945533752441406,-22.320533752441406,-19.143238067626953,-22.955738067626953,-19.200448989868164,-21.325448989868164,-20.139211654663086,-23.201711654663086,128
train,1,The small pups,The small pup,-16.57366180419922,-19.94866180419922,-16.453046798706055,-20.015546798706055,-18.13650894165039,-20.44900894165039,-17.391948699951172,-20.016948699951172,128
train,0,The quiet whale,The quiet whales,-15.128518104553223,-17.816017150878906,-16.150165557861328,-19.650165557861328,-15.10106372833252,-16.538562774658203,-16.101240158081055,-18.351240158081055,128
train,1,The quiet whales,The quiet whale,-15.353263854980469,-18.79076385498047,-14.710926055908203,-19.460926055908203,-15.283638954162598,-17.22113800048828,-14.790011405944824,-17.790010452270508,128
train,0,The slender doe,The slender does,-22.276721954345703,-25.526721954345703,-23.205198287963867,-26.923948287963867,-23.757532119750977,-25.820032119750977,-24.311975479125977,-27.280725479125977,128
train,1,The slender does,The slender doe,-21.655790328979492,-25.343290328979492,-21.226476669311523,-24.101476669311523,-22.10588836669922,-25.04338836669922,-21.94509506225586,-24.22634506225586,128
train,0,The fuzzy kitten,The fuzzy kittens,-18.5993709564209,-19.0993709564209,-19.03155517578125,-19.84405517578125,-19.24144172668457,-18.92894172668457,-19.53144073486328,-19.65644073486328,128
train,1,The fuzzy kittens,The fuzzy kitten,-17.11782455444336,-20.74282455444336,-17.633281707763672,-21.383281707763672,-17.538381576538086,-20.413381576538086,-18.089561462402344,-20.777061462402344,128
train,0,The bright dog,The bright dogs,-17.519447326660156,-18.206947326660156,-18.191116333007812,-18.878616333007812,-18.30103874206543,-18.30103874206543,-18.764596939086914,-18.827096939086914,128
train,1,The bright dogs,The bright dog,-16.64681053161621,-20.39681053161621,-16.27816390991211,-20.52816390991211,-17.152040481567383,-19.839540481567383,-16.41912078857422,-19.79412078857422,128
train,0,The slender rabbit,The slender rabbits,-18.023223876953125,-23.273223876953125,-18.343730926513672,-23.718730926513672,-18.880701065063477,-23.193201065063477,-19.126981735229492,-23.564481735229492,128
train,1,The slender rabbits,The slender rabbit,-18.331018447875977,-21.206018447875977,-18.176097869873047,-21.551097869873047,-19.098186492919922,-20.848186492919922,-18.68996810913086,-21.18996810913086,128
train,0,The fuzzy whale,The fuzzy whales,-9.430020332336426,-15.867520332336426,-9.349440574645996,-16.84943962097168,-9.20181941986084,-12.95181941986084,-9.39861011505127,-14.02361011505127,128
train,1,The fuzzy whales,The fuzzy whale,-8.101150512695312,-11.726150512695312,-7.431253433227539,-12.306253433227539,-8.429410934448242,-10.179410934448242,-7.782686710357666,-10.282687187194824,128
train,0,The quiet pup,The quiet pups,-11.0175142288208,-17.830013275146484,-10.896574020385742,-17.771574020385742,-11.88793659210205,-16.075437545776367,-11.893484115600586,-16.330984115600586,128
train,1,The quiet pups,The quiet pup,-10.764668464660645,-14.639668464660645,-8.390275001525879,-13.702775001525879,-11.393401145935059,-14.018401145935059,-9.144676208496094,-13.019676208496094,128
train,0,The timid horse,The timid horses,-18.571138381958008,-19.196138381958008,-18.863283157348633,-19.425783157348633,-19.492874145507812,-19.555374145507812,-19.488096237182617,-19.550596237182617,128
train,1,The timid horses,The timid horse,-17.82640266418457,-21.07640266418457,-17.642227172851562,-21.017227172851562,-18.264829635620117,-20.952329635620117,-17.5866641998291,-20.3991641998291,128
train,0,The timid bat,The timid bats,-16.617666244506836,-22.867666244506836,-18.382722854614258,-23.320222854614258,-17.05453872680664,-22.33578872680664,-18.77320671081543,-22.96070671081543,128
train,1,The timid bats,The timid bat,-18.391210556030273,-21.328710556030273,-17.288496017456055,-20.600996017456055,-19.18856430053711,-20.68856430053711,-17.95212173461914,-20.26462173461914,128
train,0,The quiet dolphin,The quiet dolphins,-20.24158477783203,-21.92908477783203,-20.473894119262695,-22.536394119262695,-20.326372146606445,-21.326372146606445,-20.501285552978516,-21.751285552978516,128
train,1,The quiet dolphins,The quiet dolphin,-19.067407608032227,-21.504907608032227,-18.553524017333984,-21.834774017333984,-19.47043228149414,-21.15793228149414,-18.941572189331055,-21.472822189331055,128
train,0,The slender rabbit,The slender rabbits,-18.398223876953125,-22.710723876953125,-18.468730926513672,-22.781230926513672,-19.130701065063477,-22.380701065063477,-18.751981735229492,-22.251981735229492,128
train,1,The slender rabbits,The slender rabbit,-17.268518447875977,-21.206018447875977,-16.863597869873047,-20.738597869873047,-17.973186492919922,-20.598186492919922,-17.31496810913086,-20.00246810913086,128
train,0,The sleepy dolphin,The sleepy dolphins,-9.929153442382812,-16.866653442382812,-10.50787353515625,-18.25787353515625,-10.508105278015137,-12.633105278015137,-11.023508071899414,-14.148508071899414,128
train,1,The sleepy dolphins,The sleepy dolphin,-8.255843162536621,-13.130843162536621,-8.16295337677002,-13.66295337677002,-8.754279136657715,-11.879279136657715,-8.681567192077637,-12.556567192077637,128
train,0,The calm horse,The calm horses,-9.687744140625,-16.625244140625,-9.363560676574707,-17.176061630249023,-10.424047470092773,-13.986547470092773,-10.214408874511719,-15.089408874511719,128
train,1,The calm horses,The calm horse,-8.781469345092773,-13.968969345092773,-8.39703369140625,-14.27203369140625,-10.026863098144531,-13.276863098144531,-8.906023025512695,-12.906023025512695,128
train,0,The fuzzy cow,The fuzzy cows,-8.564155578613281,-14.251655578613281,-8.387628555297852,-15.200128555297852,-8.599492073059082,-11.599492073059082,-9.34891128540039,-13.59891128540039,128
train,1,The fuzzy cows,The fuzzy cow,-7.391061305999756,-11.891060829162598,-6.967219352722168,-11.967219352722168,-7.270717144012451,-10.14571762084961,-7.255588054656982,-10.505587577819824,128
train,0,The calm chick,The calm chicks,-17.8259220123291,-20.3571720123291,-18.90264320373535,-22.05889320373535,-18.63965606689453,-20.32715606689453,-19.750070571899414,-22.125070571899414,128
train,1,The calm chicks,The calm chick,-18.386951446533203,-20.418201446533203,-18.578859329223633,-21.422609329223633,-19.501279830932617,-20.751279830932617,-18.594528198242188,-21.032028198242188,128
train,0,The small turtle,The small turtles,-20.63287353515625,-23.50787353515625,-20.77329444885254,-23.39829444885254,-21.564716339111328,-23.439716339111328,-21.273279190063477,-23.085779190063477,128
train,1,The small turtles,The small turtle,-17.331708908081055,-22.706708908081055,-18.119417190551758,-22.963167190551758,-18.199769973754883,-22.637269973754883,-18.41476058959961,-22.63351058959961,128
train,0,The nervous kit,The nervous kits,-18.788288116455078,-20.413288116455078,-17.492637634277344,-19.930137634277344,-18.861249923706055,-20.236249923706055,-17.725675582885742,-19.850675582885742,128
train,1,The nervous kits,The nervous kit,-20.822303771972656,-21.509803771972656,-20.758691787719727,-21.758691787719727,-20.710803985595703,-20.773303985595703,-20.526412963867188,-20.838912963867188,128
train,0,The small rat,The small rats,-9.502443313598633,-16.939943313598633,-9.975690841674805,-18.663190841674805,-10.406410217285156,-13.906410217285156,-10.56346321105957,-16.56346321105957,128
train,1,The small rats,The small rat,-8.05621337890625,-15.30621337890625,-8.321097373962402,-14.946097373962402,-8.937542915344238,-13.812542915344238,-8.46499252319336,-13.33999252319336,128
train,0,The timid turtle,The timid turtles,-7.831733226776123,-16.58173370361328,-10.318382263183594,-19.068382263183594,-8.739234924316406,-15.239234924316406,-10.443374633789062,-17.255874633789062,128
train,1,The timid turtles,The timid turtle,-5.786948204040527,-12.349448204040527,-7.163059711456299,-13.975560188293457,-6.763862133026123,-11.513862609863281,-7.658412933349609,-12.40841293334961,128
train,0,The nervous chick,The nervous chicks,-15.657344818115234,-18.469844818115234,-15.351369857788086,-18.851369857788086,-16.34757423400879,-17.84757423400879,-15.981045722961426,-18.043546676635742,128
train,1,The nervous chicks,The nervous chick,-16.266965866088867,-20.204465866088867,-13.91165542602539,-18.91165542602539,-15.968332290649414,-18.968332290649414,-13.801268577575684,-18.051267623901367,128
train,0,The calm doe,The calm does,-13.002633094787598,-18.065134048461914,-14.579011917114258,-19.641511917114258,-14.785429954528809,-18.472930908203125,-15.453948020935059,-19.453947067260742,128
train,1,The calm does,The calm doe,-15.250216484069824,-20.312715530395508,-15.739757537841797,-18.364757537841797,-16.850820541381836,-20.413320541381836,-17.243879318237305,-18.681379318237305,128
train,0,The sleepy panda,The sleepy pandas,-20.013948440551758,-25.076448440551758,-19.80375862121582,-24.42875862121582,-20.063304901123047,-23.688304901123047,-19.849140167236328,-23.036640167236328,128
train,1,The sleepy pandas,The sleepy panda,-17.827075958251953,-20.077075958251953,-16.514583587646484,-19.389583587646484,-18.826284408569336,-19.513784408569336,-17.225244522094727,-18.850244522094727,128
train,0,The quiet kitten,The quiet kittens,-19.938522338867188,-23.938522338867188,-19.892885208129883,-23.861635208129883,-20.9063777923584,-23.6563777923584,-20.689603805541992,-23.595853805541992,128
train,1,The quiet kittens,The quiet kitten,-20.830745697021484,-23.143245697021484,-20.1636962890625,-23.2261962890625,-21.430084228515625,-22.680084228515625,-20.687511444091797,-22.500011444091797,128
train,0,The small frog,The small frogs,-12.637211799621582,-15.074711799621582,-17.625898361206055,-19.000898361206055,-13.577630043029785,-14.952630043029785,-18.386962890625,-18.824462890625,128
train,1,The small frogs,The small frog,-11.782489776611328,-17.219989776611328,-16.065385818481445,-20.565385818481445,-13.105596542358398,-16.9180965423584,-16.313955307006836,-19.813955307006836,128
train,0,The small panda,The small pandas,-21.59775733947754,-22.28525733947754,-21.286602020263672,-22.974102020263672,-22.34847068786621,-22.16097068786621,-21.88846206665039,-22.51346206665039,128
train,1,The small pandas,The small panda,-19.13751792907715,-20.95001792907715,-18.97397232055664,-20.91147232055664,-20.085851669311523,-21.023351669311523,-19.554012298583984,-20.679012298583984,128
train,0,The bright cock,The bright cocks,-19.556825637817383,-20.603700637817383,-21.46735382080078,-24.59235382080078,-19.51099395751953,-20.15161895751953,-22.210786819458008,-24.835786819458008,128
train,1,The bright cocks,The bright cock,-16.87616539001465,-20.01679039001465,-20.696918487548828,-23.696918487548828,-18.19891357421875,-20.63641357421875,-20.833492279052734,-23.177242279052734,128
train,0,The nervous lion,The nervous lions,-18.225906372070312,-22.413406372070312,-18.314682006835938,-23.314682006835938,-18.348052978515625,-20.598052978515625,-18.66290855407715,-21.91290855407715,128
train,1,The nervous lions,The nervous lion,-18.073659896850586,-21.636159896850586,-16.714414596557617,-21.276914596557617,-18.458168029785156,-20.520668029785156,-17.424100875854492,-20.111600875854492,128
train,0,The bright lion,The bright lions,-19.01247215270996,-19.88747215270996,-20.127248764038086,-21.252248764038086,-19.46906089782715,-19.71906089782715,-20.225666046142578,-20.975666046142578,128
train,1,The bright lions,The bright lion,-19.465011596679688,-21.152511596679688,-20.29372787475586,-21.54372787475586,-19.726133346557617,-20.851133346557617,-20.25000762939453,-21.00000762939453,128
train,0,The slender kitten,The slender kittens,-10.127142906188965,-18.68964385986328,-10.975302696228027,-19.78780174255371,-11.16032600402832,-17.28532600402832,-11.828949928283691,-18.266450881958008,128
train,1,The slender kittens,The slender kitten,-8.41393756866455,-14.91393756866455,-9.014615058898926,-15.702115058898926,-9.680179595947266,-14.430179595947266,-9.648518562316895,-14.898518562316895,128
train,0,The bright kitten,The bright kittens,-18.598772048950195,-20.348772048950195,-18.53546142578125,-20.59796142578125,-19.663114547729492,-20.350614547729492,-19.252099990844727,-20.502099990844727,128
train,1,The bright kittens,The bright kitten,-18.267349243164062,-21.767349243164062,-18.101299285888672,-21.538799285888672,-18.964387893676758,-21.526887893676758,-18.611446380615234,-21.173946380615234,128
train,0,The calm turtle,The calm turtles,-19.080766677856445,-21.768266677856445,-19.320451736450195,-22.445451736450195,-19.814884185791016,-21.502384185791016,-19.88294792175293,-22.07044792175293,128
train,1,The calm turtles,The calm turtle,-16.91861915588379,-21.32486915588379,-17.397977828979492,-21.522977828979492,-17.941970825195312,-20.691970825195312,-17.917621612548828,-20.823871612548828,128
train,0,The quiet lion,The quiet lions,-17.05524253845215,-18.49274253845215,-17.439250946044922,-19.189250946044922,-17.627349853515625,-18.002349853515625,-18.0028018951416,-18.7528018951416,128
train,1,The quiet lions,The quiet lion,-15.913518905639648,-20.28851890563965,-15.466880798339844,-20.841880798339844,-16.43023109436035,-19.30523109436035,-15.754013061523438,-19.754013061523438,128
train,0,The nervous dolphin,The nervous dolphins,-17.68850326538086,-19.62600326538086,-17.68838119506836,-20.12588119506836,-18.014183044433594,-18.389183044433594,-17.93959617614746,-19.12709617614746,128
train,1,The nervous dolphins,The nervous dolphin,-17.464054107666016,-21.714054107666016,-15.851031303405762,-20.976032257080078,-16.975872039794922,-20.288372039794922,-15.80529499053955,-19.992795944213867,128
train,0,The timid cow,The timid cows,-13.233172416687012,-17.420671463012695,-15.701985359191895,-19.95198631286621,-14.0205659866333,-16.708066940307617,-16.24262237548828,-19.55512237548828,128
train,1,The timid cows,The timid cow,-11.857378005981445,-16.794878005981445,-14.104345321655273,-18.916845321655273,-12.538668632507324,-16.16366958618164,-14.426403999328613,-18.11390495300293,128
train,0,The calm rat,The calm rats,-16.757801055908203,-18.632801055908203,-16.913631439208984,-19.226131439208984,-17.287906646728516,-18.850406646728516,-17.10083770751953,-19.10083770751953,128
train,1,The calm rats,The calm rat,-19.158830642700195,-20.283830642700195,-17.92767906188965,-19.11517906188965,-18.999656677246094,-19.562156677246094,-17.619382858276367,-18.244382858276367,128
train,0,The timid shark,The timid sharks,-17.38105583190918,-18.38105583190918,-17.586172103881836,-17.961172103881836,-18.335966110229492,-18.085966110229492,-17.912189483642578,-17.599689483642578,128
train,1,The timid sharks,The timid shark,-15.549457550048828,-20.299457550048828,-14.676328659057617,-19.801328659057617,-16.01711654663086,-19.82961654663086,-15.018654823303223,-19.206153869628906,128
train,0,The fuzzy monitor,The fuzzy monitors,-19.723691940307617,-23.473691940307617,-19.875873565673828,-23.750873565673828,-19.51214599609375,-22.69964599609375,-19.9687557220459,-23.3437557220459,128
train,1,The fuzzy monitors,The fuzzy monitor,-18.315147399902344,-21.940147399902344,-17.253305435180664,-21.815805435180664,-18.830690383911133,-21.143190383911133,-17.32562255859375,-20.63812255859375,128
train,0,The fuzzy whale,The fuzzy whales,-16.68001937866211,-17.11751937866211,-16.78693962097168,-18.34943962097168,-16.514320373535156,-16.389320373535156,-16.648609161376953,-17.711109161376953,128
train,1,The fuzzy whales,The fuzzy whale,-15.163650512695312,-18.101150512695312,-14.993753433227539,-18.36875343322754,-15.116910934448242,-16.991910934448242,-15.095187187194824,-17.095186233520508,128
train,0,The quiet shark,The quiet sharks,-18.94967269897461,-21.57467269897461,-17.805164337158203,-21.180164337158203,-19.22382926940918,-20.53632926940918,-18.180042266845703,-20.180042266845703,128
train,1,The quiet sharks,The quiet shark,-18.079998016357422,-22.204998016357422,-16.49734115600586,-21.49734115600586,-18.12808609008789,-20.50308609008789,-16.72919273376465,-19.91669273376465,128
train,0,The calm cock,The calm cocks,-6.5260009765625,-11.5885009765625,-10.39353084564209,-16.331029891967773,-6.673178672790527,-10.673178672790527,-11.389328002929688,-15.639328002929688,128
train,1,The calm cocks,The calm cock,-5.5493950843811035,-9.049395561218262,-9.76940631866455,-13.64440631866455,-6.642821311950684,-9.017821311950684,-10.174432754516602,-12.549432754516602,128
train,0,The slender dolphin,The slender dolphins,-8.387727737426758,-15.575227737426758,-10.348576545715332,-18.03607749938965,-8.951614379882812,-11.826614379882812,-11.188361167907715,-14.563361167907715,128
train,1,The slender dolphins,The slender dolphin,-9.043550491333008,-14.856050491333008,-9.070427894592285,-15.320427894592285,-9.570271492004395,-13.820271492004395,-9.22567081451416,-14.22567081451416,128
train,0,The calm dolphin,The calm dolphins,-16.699764251708984,-19.074764251708984,-16.887184143066406,-20.449684143066406,-17.161962509155273,-18.724462509155273,-17.161392211914062,-19.598892211914062,128
train,1,The calm dolphins,The calm dolphin,-15.330489158630371,-18.142990112304688,-15.769927978515625,-19.144927978515625,-16.327438354492188,-18.077438354492188,-16.36944580078125,-18.61944580078125,128
train,0,The sleepy whale,The sleepy whales,-18.126962661743164,-19.064462661743164,-20.00868034362793,-20.50868034362793,-18.305166244506836,-18.367666244506836,-20.076995849609375,-20.014495849609375,128
train,1,The sleepy whales,The sleepy whale,-16.6541748046875,-20.5916748046875,-17.554344177246094,-21.929344177246094,-17.244110107421875,-19.681610107421875,-17.89217185974121,-20.89217185974121,128
train,0,The timid rat,The timid rats,-18.889734268188477,-21.202234268188477,-19.848690032958984,-22.348690032958984,-20.273893356323242,-21.586393356323242,-20.824546813964844,-22.512046813964844,128
train,1,The timid rats,The timid rat,-19.050373077392578,-21.175373077392578,-18.633907318115234,-20.321407318115234,-20.000370025634766,-21.125370025634766,-19.039003372192383,-20.101503372192383,128
train,0,The nervous chick,The nervous chicks,-20.219844818115234,-22.532344818115234,-20.851369857788086,-23.445119857788086,-20.66007423400879,-22.37882423400879,-21.106046676635742,-22.918546676635742,128
train,1,The nervous chicks,The nervous chick,-21.141965866088867,-23.891965866088867,-18.84915542602539,-22.63040542602539,-21.155832290649414,-22.874582290649414,-19.113767623901367,-21.895017623901367,128
train,0,The sleepy frog,The sleepy frogs,-20.851335525512695,-22.007585525512695,-21.637083053588867,-22.324583053588867,-21.12506675720215,-21.46881675720215,-21.74142837524414,-21.55392837524414,128
train,1,The sleepy frogs,The sleepy frog,-16.52886390686035,-21.15386390686035,-17.601337432861328,-22.413837432861328,-17.513580322265625,-20.951080322265625,-17.930599212646484,-21.774349212646484,128
train,0,The slender chick,The slender chicks,-16.91463279724121,-17.19588279724121,-21.2056827545166,-22.7681827545166,-18.183252334594727,-17.308252334594727,-21.953554153442383,-22.703554153442383,128
train,1,The slender chicks,The slender chick,-19.196285247802734,-21.946285247802734,-18.519947052001953,-21.832447052001953,-19.88960075378418,-22.01460075378418,-18.902305603027344,-21.777305603027344,128
train,0,The slender doe,The slender does,-17.151721954345703,-18.214221954345703,-20.580198287963867,-21.330198287963867,-19.007532119750977,-18.757532119750977,-21.686975479125977,-21.624475479125977,128
train,1,The slender does,The slender doe,-17.093290328979492,-19.780790328979492,-18.101476669311523,-20.351476669311523,-17.29338836669922,-19.66838836669922,-19.07009506225586,-21.00759506225586,128
train,0,The slender cow,The slender cows,-16.87406349182129,-19.31156349182129,-19.597959518432617,-22.660459518432617,-18.0426025390625,-19.7926025390625,-20.205320358276367,-22.642820358276367,128
train,1,The slender cows,The slender cow,-19.201269149780273,-22.357519149780273,-17.785137176513672,-21.410137176513672,-19.211713790893555,-21.399213790893555,-17.868650436401367,-20.431150436401367,128
train,0,The sleepy turtle,The sleepy turtles,-18.190460205078125,-19.065460205078125,-18.523469924926758,-20.023469924926758,-19.03858757019043,-18.85108757019043,-18.88878059387207,-19.57628059387207,128
train,1,The sleepy turtles,The sleepy turtle,-15.16760540008545,-21.167604446411133,-15.585734367370605,-20.58573341369629,-16.330028533935547,-20.923778533935547,-16.167572021484375,-20.105072021484375,128
train,0,The nervous shark,The nervous sharks,-18.086318969726562,-21.398818969726562,-18.27342987060547,-21.39842987060547,-17.9126033782959,-19.9751033782959,-18.59944725036621,-20.41194725036621,128
train,1,The nervous sharks,The nervous shark,-17.329633712768555,-21.267133712768555,-17.038766860961914,-21.851266860961914,-17.4404296875,-19.6904296875,-17.13334846496582,-20.50834846496582,128
train,0,The calm panda,The calm pandas,-20.750789642333984,-21.313289642333984,-19.97421646118164,-21.34921646118164,-20.803735733032227,-20.678735733032227,-20.09920883178711,-20.66170883178711,128
train,1,The calm pandas,The calm panda,-18.725048065185547,-20.412548065185547,-18.101295471191406,-19.913795471191406,-19.210979461669922,-20.023479461669922,-18.258907318115234,-19.196407318115234,128
train,0,The calm frog,The calm frogs,-16.155441284179688,-19.030441284179688,-16.585960388183594,-19.648460388183594,-16.6060733795166,-18.1060733795166,-17.22433853149414,-18.91183853149414,128
train,1,The calm frogs,The calm frog,-13.233649253845215,-17.5461483001709,-13.370194435119629,-18.182695388793945,-14.370184898376465,-17.18268394470215,-14.203518867492676,-17.70351791381836,128
train,0,The small pup,The small pups,-18.258033752441406,-21.570533752441406,-20.205738067626953,-24.330738067626953,-19.450448989868164,-20.825448989868164,-21.139211654663086,-24.514211654663086,128
train,1,The small pups,The small pup,-18.13616180419922,-21.88616180419922,-18.203046798706055,-22.140546798706055,-19.07400894165039,-22.01150894165039,-18.516948699951172,-21.954448699951172,128
train,0,The nervous rat,The nervous rats,-19.027252197265625,-20.277252197265625,-18.910497665405273,-20.472997665405273,-19.464414596557617,-20.026914596557617,-18.929964065551758,-20.054964065551758,128
train,1,The nervous rats,The nervous rat,-20.82240867614746,-22.50990867614746,-18.73109245300293,-20.66859245300293,-20.39848518371582,-21.33598518371582,-18.758098602294922,-20.070598602294922,128
train,0,The timid rat,The timid rats,-17.577234268188477,-23.358484268188477,-17.973690032958984,-23.848690032958984,-18.461393356323242,-23.336393356323242,-18.574546813964844,-23.762046813964844,128
train,1,The timid rats,The timid rat,-18.737873077392578,-22.144123077392578,-18.633907318115234,-21.790157318115234,-19.312870025634766,-21.312870025634766,-18.914003372192383,-20.914003372192383,128
train,0,The timid chick,The timid chicks,-17.867586135864258,-19.961336135864258,-18.214365005493164,-21.089365005493164,-19.231826782226562,-20.169326782226562,-19.007715225219727,-20.695215225219727,128
train,1,The timid chicks,The timid chick,-15.702620506286621,-19.983869552612305,-16.04278564453125,-20.10528564453125,-16.506948471069336,-19.975698471069336,-16.483613967895508,-19.796113967895508,128
train,0,The quiet whale,The quiet whales,-15.003518104553223,-15.316018104553223,-16.150165557861328,-16.525165557861328,-15.28856372833252,-14.91356372833252,-16.351240158081055,-16.226240158081055,128
train,1,The quiet whales,The quiet whale,-14.790763854980469,-18.91576385498047,-14.898426055908203,-20.023426055908203,-14.846138954162598,-17.47113800048828,-15.040011405944824,-18.352510452270508,128
train,0,The timid shark,The timid sharks,-9.693554878234863,-16.69355583190918,-9.398672103881836,-17.211172103881836,-10.148466110229492,-13.148466110229492,-9.724690437316895,-14.287190437316895,128
train,1,The timid sharks,The timid shark,-8.799457550048828,-14.049457550048828,-7.551329135894775,-13.301328659057617,-9.204615592956543,-12.329615592956543,-7.956154823303223,-11.956154823303223,128
train,0,The slender whale,The slender whales,-18.960613250732422,-20.554363250732422,-18.911924362182617,-20.349424362182617,-19.290979385375977,-20.165979385375977,-19.224340438842773,-19.974340438842773,128
train,1,The slender whales,The slender whale,-17.054052352905273,-19.616552352905273,-15.862720489501953,-19.987720489501953,-17.49616813659668,-19.30866813659668,-16.10181427001953,-19.41431427001953,128
train,0,The fuzzy bat,The fuzzy bats,-16.943511962890625,-21.943511962890625,-17.349288940429688,-22.474288940429688,-17.757823944091797,-21.257823944091797,-17.66109275817871,-21.84859275817871,128
train,1,The fuzzy bats,The fuzzy bat,-17.28081512451172,-21.65581512451172,-17.205644607543945,-21.143144607543945,-18.027103424072266,-20.277103424072266,-17.598913192749023,-19.848913192749023,128
train,0,The nervous rabbit,The nervous rabbits,-18.41303253173828,-20.47553253173828,-17.718782424926758,-20.031282424926758,-18.992355346679688,-20.242355346679688,-17.968774795532227,-19.593774795532227,128
train,1,The nervous rabbits,The nervous rabbit,-18.038286209106445,-21.975786209106445,-16.579439163208008,-20.329439163208008,-18.367630004882812,-21.055130004882812,-16.86330223083496,-19.61330223083496,128
train,0,The calm whale,The calm whales,-8.283210754394531,-14.658210754394531,-9.430309295654297,-17.305309295654297,-8.725290298461914,-11.600290298461914,-9.680327415466309,-14.555327415466309,128
train,1,The calm whales,The calm whale,-7.948196887969971,-11.448197364807129,-7.816440582275391,-12.56644058227539,-8.329546928405762,-9.829546928405762,-8.491305351257324,-10.991305351257324,128
train,0,The nervous kitten,The nervous kittens,-11.829386711120605,-19.14188575744629,-11.204117774963379,-19.329116821289062,-12.187252044677734,-16.874752044677734,-11.579096794128418,-17.329097747802734,128
train,1,The nervous kittens,The nervous kitten,-11.38624095916748,-15.38624095916748,-10.014508247375488,-15.327008247375488,-11.643360137939453,-14.143360137939453,-10.648514747619629,-14.398514747619629,128
train,0,The bright kitten,The bright kittens,-19.911272048950195,-20.598772048950195,-20.03546142578125,-20.41046142578125,-20.600614547729492,-20.600614547729492,-20.502099990844727,-20.377099990844727,128
train,1,The bright kittens,The bright kitten,-18.704849243164062,-21.704849243164062,-18.663799285888672,-22.101299285888672,-19.339387893676758,-21.839387893676758,-19.048946380615234,-21.986446380615234,128
train,0,The slender horse,The slender horses,-19.16828727722168,-20.23078727722168,-21.738075256347656,-22.113075256347656,-19.930076599121094,-20.273826599121094,-22.162837982177734,-22.037837982177734,128
train,1,The slender horses,The slender horse,-21.511432647705078,-23.073932647705078,-20.268861770629883,-22.143861770629883,-22.01270294189453,-23.32520294189453,-20.398805618286133,-22.086305618286133,128
train,0,The nervous turtle,The nervous turtles,-19.80440902709961,-20.30440902709961,-19.32611656188965,-20.20111656188965,-19.773714065551758,-19.898714065551758,-19.070337295532227,-19.507837295532227,128
train,1,The nervous turtles,The nervous turtle,-18.924165725708008,-21.736665725708008,-17.340171813964844,-20.090171813964844,-18.76717758178711,-20.82967758178711,-17.036855697631836,-19.286855697631836,128
train,0,The timid lion,The timid lions,-8.88779067993164,-16.20029067993164,-9.281624794006348,-17.15662384033203,-9.688799858093262,-13.313799858093262,-9.781632423400879,-14.719132423400879,128
train,1,The timid lions,The timid lion,-8.02820110321045,-14.09070110321045,-7.425513744354248,-13.98801326751709,-9.159279823303223,-13.159279823303223,-8.063297271728516,-12.813297271728516,128
train,0,The quiet bat,The quiet bats,-8.264463424682617,-14.889463424682617,-10.09933090209961,-16.91183090209961,-9.013283729553223,-12.763283729553223,-10.826102256774902,-15.201102256774902,128
train,1,The quiet bats,The quiet bat,-9.273943901062012,-14.023943901062012,-8.5028076171875,-14.2528076171875,-9.695430755615234,-12.445430755615234,-8.906909942626953,-12.656909942626953,128
train,0,The fuzzy dolphin,The fuzzy dolphins,-10.648229598999023,-17.273229598999023,-10.523287773132324,-17.58578872680664,-10.818276405334473,-13.693276405334473,-11.076149940490723,-14.076149940490723,128
train,1,The fuzzy dolphins,The fuzzy dolphin,-9.05573558807373,-13.93073558807373,-8.327550888061523,-13.577550888061523,-9.156956672668457,-12.031956672668457,-8.628026008605957,-12.003026008605957,128
train,0,The small dolphin,The small dolphins,-8.008796691894531,-15.633796691894531,-10.012056350708008,-18.137056350708008,-9.099666595458984,-12.099666595458984,-10.848578453063965,-15.098578453063965,128
train,1,The small dolphins,The small dolphin,-6.188602924346924,-12.313603401184082,-8.143884658813477,-14.081384658813477,-7.537988662719727,-11.787988662719727,-8.64355754852295,-13.01855754852295,128
train,0,The bright shark,The bright sharks,-19.007858276367188,-20.132858276367188,-19.762155532836914,-21.387155532836914,-19.382896423339844,-19.570396423339844,-19.86656379699707,-20.67906379699707,128
train,1,The bright sharks,The bright shark,-17.8680362701416,-21.6805362701416,-17.619646072387695,-22.182146072387695,-18.13973617553711,-20.70223617553711,-17.840761184692383,-21.153261184692383,128
train,0,The quiet rabbit,The quiet rabbits,-19.224262237548828,-19.536762237548828,-19.314592361450195,-19.814592361450195,-19.69954490661621,-19.51204490661621,-19.663066864013672,-19.725566864013672,128
train,1,The quiet rabbits,The quiet rabbit,-18.118532180786133,-20.806032180786133,-17.601470947265625,-20.788970947265625,-18.226266860961914,-20.288766860961914,-17.518749237060547,-20.143749237060547,128
train,0,The sleepy kit,The sleepy kits,-19.11770248413086,-23.39895248413086,-20.84625816345215,-24.84625816345215,-20.055009841918945,-23.523759841918945,-21.35059356689453,-24.47559356689453,128
train,1,The sleepy kits,The sleepy kit,-15.769755363464355,-17.01975440979004,-19.44439697265625,-22.06939697265625,-16.8311824798584,-17.1436824798584,-20.01261329650879,-21.82511329650879,128
train,0,The nervous turtle,The nervous turtles,-19.30440902709961,-20.36690902709961,-19.82611656188965,-21.26361656188965,-19.461214065551758,-20.023714065551758,-19.632837295532227,-20.445337295532227,128
train,1,The nervous turtles,The nervous turtle,-18.674165725708008,-21.924165725708008,-18.090171813964844,-21.152671813964844,-18.82967758178711,-21.01717758178711,-17.974355697631836,-20.161855697631836,128
train,0,The sleepy whale,The sleepy whales,-14.56446361541748,-18.501962661743164,-15.00868034362793,-18.88368034362793,-14.617666244506836,-17.617666244506836,-14.951996803283691,-18.014495849609375,128
train,1,The sleepy whales,The sleepy whale,-15.6541748046875,-17.4041748046875,-15.116844177246094,-17.304344177246094,-16.056610107421875,-16.369110107421875,-15.267171859741211,-16.01717185974121,128
train,0,The bright monitor,The bright monitors,-18.04595947265625,-18.48345947265625,-19.815021514892578,-21.252521514892578,-18.262380599975586,-18.449880599975586,-19.84955596923828,-21.09955596923828,128
train,1,The bright monitors,The bright monitor,-17.115245819091797,-19.427745819091797,-18.709461212158203,-20.521961212158203,-17.6041316986084,-19.4791316986084,-19.038297653198242,-20.225797653198242,128
train,0,The nervous rabbit,The nervous rabbits,-10.975532531738281,-18.47553253173828,-10.656283378601074,-18.843782424926758,-11.304855346679688,-15.804855346679688,-11.156275749206543,-16.531274795532227,128
train,1,The nervous rabbits,The nervous rabbit,-9.788285255432129,-14.538285255432129,-8.829438209533691,-14.454438209533691,-10.305130958557129,-13.305130958557129,-9.363303184509277,-13.238303184509277,128
train,0,The timid monitor,The timid monitors,-9.024062156677246,-14.774062156677246,-11.553770065307617,-19.803770065307617,-9.513169288635254,-12.763169288635254,-12.01192569732666,-18.199424743652344,128
train,1,The timid monitors,The timid monitor,-8.786056518554688,-15.036056518554688,-7.851850509643555,-14.289350509643555,-9.15689468383789,-13.40689468383789,-8.189437866210938,-13.189437866210938,128
train,0,The timid kitten,The timid kittens,-9.554289817810059,-17.929288864135742,-10.252195358276367,-18.814695358276367,-10.406478881835938,-16.343978881835938,-10.975394248962402,-17.28789520263672,128
train,1,The timid kittens,The timid kitten,-8.340429306030273,-14.090429306030273,-8.649158477783203,-14.711658477783203,-9.214606285095215,-13.339606285095215,-9.288582801818848,-13.913582801818848,128
train,0,The fuzzy turtle,The fuzzy turtles,-17.36629867553711,-19.30379867553711,-16.866329193115234,-19.053829193115234,-17.701059341430664,-18.763559341430664,-17.19951820373535,-18.63701820373535,128
train,1,The fuzzy turtles,The fuzzy turtle,-15.788352966308594,-21.413352966308594,-15.268607139587402,-21.33110809326172,-15.74295425415039,-19.74295425415039,-14.94049072265625,-19.56549072265625,128
train,0,The sleepy rat,The sleepy rats,-20.938617706298828,-22.126117706298828,-20.074703216552734,-21.887203216552734,-21.251039505004883,-21.876039505004883,-20.449623107910156,-21.637123107910156,128
train,1,The sleepy rats,The sleepy rat,-19.59684944152832,-22.40934944152832,-18.153236389160156,-20.778236389160156,-19.874998092651367,-21.812498092651367,-18.503480911254883,-20.440980911254883,128
train,0,The quiet horse,The quiet horses,-18.231168746948242,-20.231168746948242,-18.954479217529297,-21.454479217529297,-18.90899085998535,-20.15899085998535,-19.20427894592285,-20.89177894592285,128
train,1,The quiet horses,The quiet horse,-18.58112335205078,-21.89362335205078,-17.829551696777344,-22.298301696777344,-19.145923614501953,-21.208423614501953,-18.086732864379883,-21.211732864379883,128
train,0,The calm horse,The calm horses,-16.937744140625,-20.562744140625,-16.926061630249023,-21.051061630249023,-17.736547470092773,-20.049047470092773,-17.77690887451172,-20.77690887451172,128
train,1,The calm horses,The calm horse,-16.656469345092773,-20.937719345092773,-16.52203369140625,-21.45953369140625,-17.71436309814453,-20.46436309814453,-16.781023025512695,-20.343523025512695,128
train,0,The fuzzy panda,The fuzzy pandas,-20.661588668823242,-22.036588668823242,-18.660995483398438,-20.723495483398438,-20.78659439086914,-21.66159439086914,-19.035993576049805,-20.348493576049805,128
train,1,The fuzzy pandas,The fuzzy panda,-20.100648880004883,-21.913148880004883,-17.86697769165039,-20.30447769165039,-20.723587036132812,-21.411087036132812,-18.506103515625,-19.568603515625,128
train,0,The sleepy horse,The sleepy horses,-9.7529878616333,-16.627986907958984,-9.305675506591797,-16.868175506591797,-10.714396476745605,-14.651896476745605,-10.28580379486084,-14.53580379486084,128
train,1,The sleepy horses,The sleepy horse,-8.403508186340332,-14.091008186340332,-8.025172233581543,-14.150172233581543,-9.402336120605469,-13.277336120605469,-8.406403541564941,-12.781403541564941,128
train,0,The sleepy dog,The sleepy dogs,-9.68125057220459,-17.243751525878906,-9.306251525878906,-17.306251525878906,-10.40709400177002,-15.90709400177002,-10.262821197509766,-15.825321197509766,128
train,1,The sleepy dogs,The sleepy dog,-9.418973922729492,-14.168973922729492,-7.427414894104004,-13.427414894104004,-10.055359840393066,-13.180359840393066,-8.080821990966797,-12.580821990966797,128
train,0,The sleepy doe,The sleepy does,-19.412086486816406,-22.099586486816406,-20.73809242248535,-22.61309242248535,-20.576801300048828,-21.951801300048828,-20.850383758544922,-22.037883758544922,128
train,1,The sleepy does,The sleepy doe,-18.659944534301758,-20.659944534301758,-17.913442611694336,-20.413442611694336,-19.2177734375,-20.8427734375,-18.493488311767578,-20.430988311767578,128
train,0,The bright cow,The bright cows,-7.78196907043457,-13.78196907043457,-9.268166542053223,-16.018165588378906,-8.402801513671875,-11.027801513671875,-10.002286911010742,-14.127286911010742,128
train,1,The bright cows,The bright cow,-6.27557373046875,-11.77557373046875,-7.661173343658447,-12.536172866821289,-6.900006294250488,-10.650006294250488,-8.045409202575684,-11.295409202575684,128
train,0,The quiet pup,The quiet pups,-16.330013275146484,-19.955013275146484,-17.209074020385742,-21.209074020385742,-17.325437545776367,-19.950437545776367,-18.080984115600586,-21.205984115600586,128
train,1,The quiet pups,The quiet pup,-17.70216941833496,-19.63966941833496,-16.390274047851562,-18.952774047851562,-18.580900192260742,-19.455900192260742,-17.144676208496094,-18.582176208496094,128
train,0,The nervous cow,The nervous cows,-16.387035369873047,-16.824535369873047,-17.410686492919922,-17.910686492919922,-16.572772979736328,-16.822772979736328,-17.51806640625,-17.89306640625,128
train,1,The nervous cows,The nervous cow,-16.316585540771484,-19.379085540771484,-15.336851119995117,-19.086851119995117,-16.06913948059082,-18.50663948059082,-15.409928321838379,-18.409929275512695,128
train,0,The quiet shark,The quiet sharks,-20.07467269897461,-23.16842269897461,-19.117664337158203,-22.180164337158203,-20.22382926940918,-22.34882926940918,-19.367542266845703,-21.430042266845703,128
train,1,The quiet sharks,The quiet shark,-19.954998016357422,-23.017498016357422,-18.80984115600586,-22.84109115600586,-20.12808609008789,-21.44058609008789,-19.04169273376465,-21.29169273376465,128
train,0,The calm cow,The calm cows,-17.52194595336914,-20.95944595336914,-16.143821716308594,-20.581321716308594,-17.961652755737305,-20.086652755737305,-16.518564224243164,-20.143564224243164,128
train,1,The calm cows,The calm cow,-15.486788749694824,-18.61178970336914,-15.92474365234375,-18.79974365234375,-16.110671997070312,-18.235671997070312,-16.06037712097168,-17.93537712097168,128
train,0,The nervous frog,The nervous frogs,-18.86834144592285,-19.49334144592285,-19.382801055908203,-20.257801055908203,-19.315410614013672,-18.815410614013672,-19.63277816772461,-19.75777816772461,128
train,1,The nervous frogs,The nervous frog,-18.598752975463867,-21.723752975463867,-17.992843627929688,-21.680343627929688,-18.63974952697754,-20.70224952697754,-17.969240188598633,-20.844240188598633,128
train,0,The small lion,The small lions,-16.887340545654297,-20.949840545654297,-17.5978946685791,-22.3478946685791,-17.906391143798828,-20.531391143798828,-18.392778396606445,-21.955278396606445,128
train,1,The small lions,The small lion,-15.476842880249023,-20.351842880249023,-15.839829444885254,-20.714828491210938,-16.617897033691406,-20.117897033691406,-16.60080909729004,-20.16330909729004,128
train,0,The timid dolphin,The timid dolphins,-16.824871063232422,-20.012371063232422,-16.44956398010254,-19.88706398010254,-17.888763427734375,-18.888763427734375,-17.28612518310547,-19.09862518310547,128
train,1,The timid dolphins,The timid dolphin,-15.495654106140137,-20.93315315246582,-14.50383186340332,-19.75383186340332,-15.953131675720215,-20.3281307220459,-14.849165916442871,-19.286664962768555,128
train,0,The bright bat,The bright bats,-22.542301177978516,-24.104801177978516,-23.875045776367188,-26.000045776367188,-23.18115997314453,-24.14990997314453,-24.0946102142334,-25.8758602142334,128
train,1,The bright bats,The bright bat,-21.019559860229492,-22.894559860229492,-21.86779022216797,-22.93029022216797,-21.244672775268555,-22.400922775268555,-21.723140716552734,-22.223140716552734,128
train,0,The small doe,The small does,-17.706161499023438,-19.768661499023438,-19.74243927001953,-22.05493927001953,-19.516632080078125,-20.454132080078125,-20.73052978515625,-22.23052978515625,128
train,1,The small does,The small doe,-20.445823669433594,-22.945823669433594,-17.96259880065918,-20.96259880065918,-20.766389846801758,-22.391389846801758,-18.725980758666992,-21.225980758666992,128
train,0,The small bat,The small bats,-15.13424301147461,-17.69674301147461,-18.132720947265625,-19.320220947265625,-16.162206649780273,-18.162206649780273,-18.382694244384766,-19.257694244384766,128
train,1,The small bats,The small bat,-16.532506942749023,-19.532506942749023,-15.268669128417969,-19.76866912841797,-17.071306228637695,-19.071306228637695,-15.663670539855957,-19.288671493530273,128
train,0,The quiet kitten,The quiet kittens,-17.751022338867188,-18.938522338867188,-18.955385208129883,-19.830385208129883,-18.3438777923584,-18.6563777923584,-19.439603805541992,-19.502103805541992,128
train,1,The quiet kittens,The quiet kitten,-17.705745697021484,-21.018245697021484,-17.0386962890625,-20.9761962890625,-18.680084228515625,-20.867584228515625,-17.750011444091797,-20.625011444091797,128
train,0,The nervous dolphin,The nervous dolphins,-21.12600326538086,-23.56350326538086,-20.25088119506836,-23.12588119506836,-21.201683044433594,-21.701683044433594,-20.43959617614746,-21.56459617614746,128
train,1,The nervous dolphins,The nervous dolphin,-20.214054107666016,-24.995304107666016,-18.476032257080078,-24.069782257080078,-19.725872039794922,-23.475872039794922,-18.430295944213867,-22.992795944213867,128
train,0,The small monitor,The small monitors,-20.76374626159668,-22.20124626159668,-21.813295364379883,-24.500795364379883,-20.945390701293945,-22.195390701293945,-21.949403762817383,-24.261903762817383,128
train,1,The small monitors,The small monitor,-17.934412002563477,-20.434412002563477,-18.719573974609375,-20.782073974609375,-18.957645416259766,-20.770145416259766,-19.286876678466797,-20.786876678466797,128
train,0,The bright pup,The bright pups,-10.75423812866211,-15.56673812866211,-11.50787353515625,-17.44537353515625,-11.506338119506836,-12.881338119506836,-12.8837308883667,-16.133729934692383,128
train,1,The bright pups,The bright pup,-10.131394386291504,-14.631394386291504,-8.513219833374023,-13.513219833374023,-10.635047912597656,-13.885047912597656,-9.019957542419434,-12.644957542419434,128
train,0,The sleepy panda,The sleepy pandas,-16.326448440551758,-20.763948440551758,-16.30375862121582,-21.30375862121582,-16.500804901123047,-20.188304901123047,-16.536640167236328,-20.474140167236328,128
train,1,The sleepy pandas,The sleepy panda,-16.764575958251953,-18.327075958251953,-15.764582633972168,-17.639583587646484,-18.076284408569336,-18.076284408569336,-16.475244522094727,-17.037744522094727,128
train,0,The calm chick,The calm chicks,-9.638421058654785,-14.388421058654785,-8.965142250061035,-16.02764320373535,-10.639657020568848,-13.139657020568848,-10.062570571899414,-14.812570571899414,128
train,1,The calm chicks,The calm chick,-7.824450969696045,-12.011950492858887,-6.828860282897949,-12.07886028289795,-9.438780784606934,-11.813780784606934,-7.5945281982421875,-11.219528198242188,128
train,0,The nervous shark,The nervous sharks,-21.336318969726562,-23.492568969726562,-21.46092987060547,-23.61717987060547,-20.8501033782959,-21.7876033782959,-21.53694725036621,-22.28694725036621,128
train,1,The nervous sharks,The nervous shark,-19.579633712768555,-23.392133712768555,-19.601266860961914,-23.913766860961914,-19.5029296875,-22.0029296875,-19.50834846496582,-22.72709846496582,128
train,0,The slender frog,The slender frogs,-17.884994506835938,-19.447494506835938,-19.75197982788086,-21.62697982788086,-18.514320373535156,-19.139320373535156,-20.098480224609375,-21.348480224609375,128
train,1,The slender frogs,The slender frog,-13.716798782348633,-18.716798782348633,-15.912247657775879,-20.287248611450195,-14.822038650512695,-18.322038650512695,-16.6622257232666,-19.8497257232666,128
train,0,The small pup,The small pups,-9.883033752441406,-15.070533752441406,-11.018237113952637,-18.580738067626953,-10.512948989868164,-12.012948989868164,-12.13921070098877,-17.076711654663086,128
train,1,The small pups,The small pup,-8.136160850524902,-14.448660850524902,-7.765546798706055,-14.390546798706055,-9.386509895324707,-14.136509895324707,-8.391948699951172,-13.766948699951172,128
train,0,The nervous bat,The nervous bats,-16.22467041015625,-21.03717041015625,-18.88275146484375,-23.13275146484375,-16.66172218322754,-19.66172218322754,-19.132699966430664,-22.257699966430664,128
train,1,The nervous bats,The nervous bat,-18.096220016479492,-21.533720016479492,-15.848274230957031,-19.97327423095703,-17.91280746459961,-20.47530746459961,-16.251253128051758,-19.501253128051758,128
train,0,The timid pup,The timid pups,-19.70393943786621,-21.07893943786621,-19.889331817626953,-20.514331817626953,-20.823684692382812,-21.573684692382812,-20.947317123413086,-21.197317123413086,128
train,1,The timid pups,The timid pup,-18.452457427978516,-21.452457427978516,-17.451251983642578,-21.201251983642578,-19.326946258544922,-21.701946258544922,-17.76495933532715,-20.95245933532715,128
train,0,The quiet turtle,The quiet turtles,-12.430274963378906,-16.680274963378906,-13.882866859436035,-18.00786781311035,-12.906603813171387,-16.09410285949707,-14.132829666137695,-17.445329666137695,128
train,1,The quiet turtles,The quiet turtle,-13.292311668395996,-16.167312622070312,-13.271950721740723,-16.77195167541504,-14.065738677978516,-15.565738677978516,-13.442910194396973,-15.817910194396973,128
train,0,The timid pup,The timid pups,-17.51643943786621,-21.82893943786621,-17.639331817626953,-22.764331817626953,-18.323684692382812,-21.011184692382812,-18.197317123413086,-21.947317123413086,128
train,1,The timid pups,The timid pup,-14.764957427978516,-19.764957427978516,-13.951251983642578,-19.388751983642578,-15.889446258544922,-19.639446258544922,-14.389959335327148,-18.95245933532715,128
train,0,The fuzzy rabbit,The fuzzy rabbits,-19.366247177124023,-22.303747177124023,-18.13276481628418,-21.94526481628418,-19.898168563842773,-21.648168563842773,-18.388591766357422,-21.201091766357422,128
train,1,The fuzzy rabbits,The fuzzy rabbit,-17.689054489135742,-21.064054489135742,-17.039344787597656,-20.289344787597656,-18.075220108032227,-19.950220108032227,-17.439435958862305,-19.251935958862305,128
train,0,The small chick,The small chicks,-8.896258354187012,-15.333758354187012,-9.363136291503906,-17.488136291503906,-10.262786865234375,-13.012786865234375,-10.562103271484375,-16.374603271484375,128
train,1,The small chicks,The small chick,-5.701470375061035,-12.138970375061035,-7.161130428314209,-13.53612995147705,-6.928469657897949,-11.80346965789795,-7.789549350738525,-12.789549827575684,128
train,0,The nervous whale,The nervous whales,-19.68024444580078,-22.52399444580078,-20.887157440185547,-23.137157440185547,-19.390193939208984,-21.577693939208984,-20.679079055786133,-22.304079055786133,128
train,1,The nervous whales,The nervous whale,-20.945589065551758,-22.976839065551758,-20.409446716308594,-24.190696716308594,-20.643722534179688,-21.768722534179688,-20.070945739746094,-22.789695739746094,128
train,0,The small bat,The small bats,-19.57174301147461,-24.38424301147461,-19.820220947265625,-23.445220947265625,-20.162206649780273,-23.974706649780273,-20.007694244384766,-23.007694244384766,128
train,1,The small bats,The small bat,-19.907506942749023,-23.782506942749023,-18.70616912841797,-22.83116912841797,-20.446306228637695,-23.040056228637695,-19.101171493530273,-22.163671493530273,128
train,0,The fuzzy horse,The fuzzy horses,-9.070721626281738,-15.758221626281738,-9.90645980834961,-17.09395980834961,-9.454484939575195,-13.579484939575195,-10.406404495239258,-14.656404495239258,128
train,1,The fuzzy horses,The fuzzy horse,-9.038650512695312,-14.788650512695312,-8.812732696533203,-14.562732696533203,-9.05566692352295,-12.80566692352295,-9.214694023132324,-12.714694023132324,128
train,0,The slender doe,The slender does,-18.901721954345703,-22.682971954345703,-20.830198287963867,-24.517698287963867,-20.007532119750977,-22.257532119750977,-21.499475479125977,-24.249475479125977,128
train,1,The slender does,The slender doe,-18.280790328979492,-22.030790328979492,-18.163976669311523,-21.851476669311523,-18.60588836669922,-22.04338836669922,-18.75759506225586,-22.25759506225586,128
train,0,The sleepy doe,The sleepy does,-13.537087440490723,-17.787086486816406,-17.23809242248535,-21.48809242248535,-15.139301300048828,-17.264301300048828,-17.662883758544922,-20.662883758544922,128
train,1,The sleepy does,The sleepy doe,-16.472444534301758,-20.097444534301758,-15.413443565368652,-18.850942611694336,-17.2177734375,-20.2177734375,-15.868487358093262,-18.993488311767578,128
train,0,The calm rat,The calm rats,-20.257801055908203,-23.007801055908203,-19.788631439208984,-23.132381439208984,-21.162906646728516,-23.162906646728516,-20.41333770751953,-23.10083770751953,128
train,1,The calm rats,The calm rat,-20.658830642700195,-24.096330642700195,-19.30267906188965,-23.36517906188965,-21.312156677246094,-22.874656677246094,-19.744382858276367,-22.150632858276367,128
train,0,The slender kitten,The slender kittens,-20.87714385986328,-21.37714385986328,-21.66280174255371,-22.10030174255371,-21.91032600402832,-21.66032600402832,-22.328950881958008,-22.078950881958008,128
train,1,The slender kittens,The slender kitten,-19.601438522338867,-23.663938522338867,-19.202116012573242,-23.264616012573242,-20.742679595947266,-24.023929595947266,-20.148517608642578,-23.304767608642578,128
train,0,The slender lion,The slender lions,-17.25225067138672,-19.87725067138672,-18.175559997558594,-21.050559997558594,-17.55495834350586,-19.49245834350586,-17.987991333007812,-20.300491333007812,128
train,1,The slender lions,The slender lion,-17.83138084411621,-20.08138084411621,-16.476764678955078,-19.039264678955078,-18.471616744995117,-19.846616744995117,-17.17429542541504,-18.67429542541504,128
train,0,The small horse,The small horses,-9.10080337524414,-16.47580337524414,-9.100885391235352,-17.41338539123535,-9.95417308807373,-14.32917308807373,-9.975720405578613,-15.100720405578613,128
train,1,The small horses,The small horse,-7.395435810089111,-13.64543628692627,-8.034749031066895,-14.284749031066895,-8.394100189208984,-12.144100189208984,-8.424515724182129,-12.674515724182129,128
train,0,The quiet rat,The quiet rats,-15.673791885375977,-18.923791885375977,-15.330620765686035,-18.70561981201172,-16.07012367248535,-18.44512367248535,-15.57678508758545,-18.326786041259766,128
train,1,The quiet rats,The quiet rat,-16.65899658203125,-20.15899658203125,-14.56361198425293,-19.06361198425293,-16.798864364624023,-18.986364364624023,-14.46545696258545,-17.902957916259766,128
train,0,The sleepy rat,The sleepy rats,-17.626117706298828,-19.251117706298828,-17.824703216552734,-19.824703216552734,-18.313539505004883,-19.313539505004883,-18.512123107910156,-19.824623107910156,128
train,1,The sleepy rats,The sleepy rat,-17.53434944152832,-20.34684944152832,-16.903236389160156,-19.778236389160156,-17.812498092651367,-19.937498092651367,-17.065980911254883,-19.440980911254883,128
train,0,The nervous dog,The nervous dogs,-9.176804542541504,-16.114303588867188,-10.202665328979492,-18.077665328979492,-9.921037673950195,-14.358537673950195,-11.035744667053223,-16.41074562072754,128
train,1,The nervous dogs,The nervous dog,-9.883940696716309,-14.758940696716309,-8.655686378479004,-14.030686378479004,-10.139527320861816,-13.514527320861816,-9.299230575561523,-13.174230575561523,128
train,0,The small lion,The small lions,-19.324840545654297,-20.887340545654297,-20.3478946685791,-21.8478946685791,-20.343891143798828,-20.781391143798828,-20.955278396606445,-21.642778396606445,128
train,1,The small lions,The small lion,-18.226842880249023,-21.851842880249023,-17.964828491210938,-21.902328491210938,-18.742897033691406,-21.680397033691406,-18.47580909729004,-21.72580909729004,128
train,0,The slender chick,The slender chicks,-4.664633274078369,-7.914633274078369,-11.893182754516602,-17.2681827545166,-5.495752811431885,-6.495752811431885,-12.891053199768066,-15.891053199768066,128
train,1,The slender chicks,The slender chick,-8.383785247802734,-14.133785247802734,-7.644947052001953,-13.894947052001953,-9.514601707458496,-13.514601707458496,-8.402304649353027,-13.152304649353027,128
train,0,The slender turtle,The slender turtles,-21.25755500793457,-24.22630500793457,-18.637001037597656,-22.262001037597656,-22.016477584838867,-24.203977584838867,-19.366302490234375,-22.178802490234375,128
train,1,The slender turtles,The slender turtle,-16.724411010742188,-21.474411010742188,-16.119171142578125,-20.619171142578125,-17.502696990966797,-21.315196990966797,-16.282711029052734,-19.907711029052734,128
train,0,The nervous pup,The nervous pups,-9.630090713500977,-14.067590713500977,-11.631028175354004,-17.06852912902832,-9.889134407043457,-11.139134407043457,-13.131763458251953,-15.631763458251953,128
train,1,The nervous pups,The nervous pup,-12.002544403076172,-15.877544403076172,-8.635746002197266,-14.135746002197266,-12.379128456115723,-15.129128456115723,-9.01687240600586,-13.51687240600586,128
train,0,The small dog,The small dogs,-7.7263665199279785,-16.22636604309082,-9.387372016906738,-17.949872970581055,-8.627838134765625,-14.690338134765625,-10.37716007232666,-17.002161026000977,128
train,1,The small dogs,The small dog,-6.787446975708008,-12.849946975708008,-7.656456470489502,-14.21895694732666,-7.789379596710205,-11.914380073547363,-8.405665397644043,-13.405665397644043,128
train,0,The slender dolphin,The slender dolphins,-16.637727737426758,-20.200227737426758,-17.66107749938965,-21.97357749938965,-17.076614379882812,-19.139114379882812,-18.00086212158203,-20.87586212158203,128
train,1,The slender dolphins,The slender dolphin,-16.106050491333008,-20.918550491333008,-16.32042694091797,-21.19542694091797,-16.632770538330078,-20.195270538330078,-16.413171768188477,-20.413171768188477,128
train,0,The bright dog,The bright dogs,-18.769447326660156,-19.456947326660156,-19.503616333007812,-20.253616333007812,-19.80103874206543,-19.80103874206543,-20.327096939086914,-20.577096939086914,128
train,1,The bright dogs,The bright dog,-18.70931053161621,-21.58431053161621,-18.96566390991211,-22.15316390991211,-19.339540481567383,-21.214540481567383,-19.29412078857422,-21.66912078857422,128
train,0,The nervous lion,The nervous lions,-10.350907325744629,-16.288406372070312,-10.377181053161621,-17.127182006835938,-10.535552978515625,-13.035552978515625,-10.850408554077148,-14.600408554077148,128
train,1,The nervous lions,The nervous lion,-10.511159896850586,-14.386159896850586,-8.776914596557617,-13.901914596557617,-10.64566707611084,-13.02066707611084,-9.174099922180176,-12.424099922180176,128
train,0,The timid turtle,The timid turtles,-20.01923370361328,-22.86298370361328,-20.005882263183594,-22.755882263183594,-21.457984924316406,-23.239234924316406,-20.755874633789062,-22.755874633789062,128
train,1,The timid turtles,The timid turtle,-18.036949157714844,-22.755699157714844,-17.97555923461914,-21.97555923461914,-19.01386260986328,-22.48261260986328,-18.47091293334961,-21.34591293334961,128
train,0,The bright whale,The bright whales,-15.82758617401123,-17.702585220336914,-17.28688621520996,-18.78688621520996,-15.939748764038086,-16.752248764038086,-17.38715934753418,-18.13715934753418,128
train,1,The bright whales,The bright whale,-14.352235794067383,-18.664735794067383,-14.50111198425293,-20.06361198425293,-14.441394805908203,-17.253894805908203,-14.440803527832031,-18.44080352783203,128
train,0,The slender panda,The slender pandas,-12.10023021697998,-18.600231170654297,-11.224119186401367,-19.099119186401367,-12.285253524780273,-15.035253524780273,-11.825973510742188,-16.200973510742188,128
train,1,The slender pandas,The slender panda,-9.387219429016113,-14.387219429016113,-8.252664566040039,-14.252664566040039,-10.599175453186035,-13.599175453186035,-9.598710060119629,-13.223710060119629,128
train,0,The small dog,The small dogs,-11.10136604309082,-15.66386604309082,-13.512372016906738,-17.949872970581055,-12.377838134765625,-16.127838134765625,-14.50216007232666,-18.189661026000977,128
train,1,The small dogs,The small dog,-13.349946975708008,-15.349946975708008,-14.84395694732666,-16.843955993652344,-14.601880073547363,-15.351880073547363,-15.655665397644043,-16.71816635131836,128
train,0,The quiet horse,The quiet horses,-17.668668746948242,-19.231168746948242,-17.454479217529297,-20.391979217529297,-18.47149085998535,-19.15899085998535,-18.01677894592285,-20.01677894592285,128
train,1,The quiet horses,The quiet horse,-18.14362335205078,-21.58112335205078,-17.079551696777344,-21.392051696777344,-18.583423614501953,-20.833423614501953,-17.274232864379883,-20.274232864379883,128
train,0,The small kit,The small kits,-11.043139457702637,-17.855640411376953,-10.70399284362793,-18.32899284362793,-11.913108825683594,-16.163108825683594,-11.339006423950195,-16.776506423950195,128
train,1,The small kits,The small kit,-6.792137622833252,-10.04213809967041,-9.758837699890137,-15.383837699890137,-7.932675838470459,-10.182676315307617,-10.393309593200684,-14.518309593200684,128
train,0,The nervous bat,The nervous bats,-16.41217041015625,-21.84967041015625,-19.63275146484375,-24.66400146484375,-17.03672218322754,-21.53672218322754,-19.820199966430664,-24.163949966430664,128
train,1,The nervous bats,The nervous bat,-21.096220016479492,-23.846220016479492,-19.41077423095703,-22.94202423095703,-21.22530746459961,-22.16280746459961,-20.063753128051758,-21.938753128051758,128
train,0,The sleepy turtle,The sleepy turtles,-18.940460205078125,-20.565460205078125,-19.523469924926758,-21.148469924926758,-19.47608757019043,-20.28858757019043,-19.63878059387207,-20.63878059387207,128
train,1,The sleepy turtles,The sleepy turtle,-16.855104446411133,-19.886354446411133,-17.02323341369629,-19.89823341369629,-17.705028533935547,-19.705028533935547,-17.292572021484375,-19.292572021484375,128
train,0,The sleepy whale,The sleepy whales,-8.56446361541748,-15.81446361541748,-9.38368034362793,-17.13368034362793,-8.555166244506836,-12.555166244506836,-9.576996803283691,-14.076996803283691,128
train,1,The sleepy whales,The sleepy whale,-7.841675281524658,-11.4666748046875,-7.616844177246094,-12.116844177246094,-8.306609153747559,-9.931609153747559,-7.954671859741211,-10.704671859741211,128
train,0,The timid pup,The timid pups,-21.20393943786621,-21.51643943786621,-22.014331817626953,-21.826831817626953,-22.448684692382812,-22.198684692382812,-23.197317123413086,-22.697317123413086,128
train,1,The timid pups,The timid pup,-19.889957427978516,-23.546207427978516,-19.888751983642578,-23.982501983642578,-20.701946258544922,-23.983196258544922,-20.26495933532715,-23.95245933532715,128
train,0,The small kitten,The small kittens,-18.094627380371094,-20.782127380371094,-18.76793098449707,-21.39293098449707,-19.475818634033203,-21.038318634033203,-19.787864685058594,-21.475364685058594,128
train,1,The small kittens,The small kitten,-17.907148361206055,-21.219648361206055,-19.034517288208008,-22.253267288208008,-18.840723037719727,-21.340723037719727,-19.418581008911133,-21.856081008911133,128
train,0,The small shark,The small sharks,-18.991750717163086,-21.241750717163086,-18.631196975708008,-20.881196975708008,-19.648574829101562,-20.711074829101562,-18.943647384643555,-20.318647384643555,128
train,1,The small sharks,The small shark,-16.646427154541016,-20.583927154541016,-16.716876983642578,-20.466876983642578,-17.76593017578125,-20.45343017578125,-17.191987991333008,-20.004487991333008,128
train,0,The small panda,The small pandas,-22.78525733947754,-26.50400733947754,-21.286602020263672,-25.661602020263672,-23.16097068786621,-26.03597068786621,-21.51346206665039,-25.07596206665039,128
train,1,The small pandas,The small panda,-20.57501792907715,-23.76251792907715,-19.78647232055664,-22.94272232055664,-21.960851669311523,-23.429601669311523,-20.554012298583984,-22.116512298583984,128
train,0,The small doe,The small does,-20.143661499023438,-22.174911499023438,-21.36743927001953,-23.11743927001953,-21.704132080078125,-22.766632080078125,-22.23052978515625,-23.35552978515625,128
train,1,The small does,The small doe,-20.945823669433594,-24.445823669433594,-19.33759880065918,-23.11884880065918,-21.016389846801758,-24.016389846801758,-19.975980758666992,-23.507230758666992,128
train,0,The bright rat,The bright rats,-19.20537757873535,-23.39287757873535,-19.72559356689453,-23.81934356689453,-19.72284507751465,-22.59784507751465,-19.93956184387207,-23.18956184387207,128
train,1,The bright rats,The bright rat,-17.764524459838867,-21.452024459838867,-17.312641143798828,-20.750141143798828,-18.651531219482422,-20.964031219482422,-17.527143478393555,-19.964643478393555,128
train,0,The bright turtle,The bright turtles,-16.51419448852539,-19.76419448852539,-16.826126098632812,-20.138626098632812,-17.125980377197266,-19.063480377197266,-16.945276260375977,-19.257776260375977,128
train,1,The bright turtles,The bright turtle,-14.31712532043457,-19.44212532043457,-15.039581298828125,-19.539581298828125,-15.203424453735352,-18.70342445373535,-15.431451797485352,-18.36895179748535,128
train,0,The small kitten,The small kittens,-8.40712833404541,-17.344627380371094,-10.01793098449707,-18.89293098449707,-9.475818634033203,-15.538318634033203,-10.725364685058594,-17.662864685058594,128
train,1,The small kittens,The small kitten,-6.469647407531738,-13.344647407531738,-8.284517288208008,-14.909517288208008,-7.715723514556885,-12.715723991394043,-8.918581008911133,-13.918581008911133,128
train,0,The sleepy chick,The sleepy chicks,-17.281089782714844,-19.281089782714844,-17.06491470336914,-20.06491470336914,-18.327150344848633,-19.514650344848633,-18.320178985595703,-20.320178985595703,128
train,1,The sleepy chicks,The sleepy chick,-15.591588020324707,-18.96658706665039,-16.553997039794922,-20.116497039794922,-16.699737548828125,-19.074737548828125,-16.895212173461914,-19.520212173461914,128
train,0,The bright chick,The bright chicks,-19.879047393798828,-21.941547393798828,-21.083192825317383,-23.708192825317383,-20.691884994506836,-21.254384994506836,-21.458147048950195,-23.083147048950195,128
train,1,The bright chicks,The bright chick,-16.85130500793457,-20.19505500793457,-18.61931800842285,-21.68181800842285,-17.545093536376953,-19.920093536376953,-19.184499740600586,-21.121999740600586,128
train,0,The sleepy lion,The sleepy lions,-16.887048721313477,-19.762048721313477,-15.804335594177246,-18.491836547851562,-17.28131103515625,-19.46881103515625,-16.24184226989746,-17.92934226989746,128
train,1,The sleepy lions,The sleepy lion,-17.555383682250977,-19.617883682250977,-15.802306175231934,-18.552305221557617,-18.68012237548828,-19.43012237548828,-16.411754608154297,-17.849254608154297,128
train,0,The sleepy shark,The sleepy sharks,-17.11672019958496,-21.36672019958496,-16.7741756439209,-20.7741756439209,-17.389070510864258,-20.076570510864258,-16.952219009399414,-19.514719009399414,128
train,1,The sleepy sharks,The sleepy shark,-17.503158569335938,-20.128158569335938,-16.157012939453125,-19.719512939453125,-18.03630256652832,-18.91130256652832,-16.35213851928711,-18.41463851928711,128
train,0,The fuzzy bat,The fuzzy bats,-17.881011962890625,-22.443511962890625,-18.786788940429688,-23.161788940429688,-18.507823944091797,-22.007823944091797,-18.91109275817871,-22.66109275817871,128
train,1,The fuzzy bats,The fuzzy bat,-19.21831512451172,-20.96831512451172,-19.393144607543945,-21.580644607543945,-19.527103424072266,-19.714603424072266,-19.536413192749023,-20.473913192749023,128
train,0,The nervous doe,The nervous does,-20.26849365234375,-20.95599365234375,-18.3121337890625,-19.7496337890625,-21.018232345581055,-20.268232345581055,-19.06205177307129,-19.37455177307129,128
train,1,The nervous does,The nervous doe,-16.580078125,-21.580078125,-15.027957916259766,-20.590457916259766,-17.208871841430664,-21.458871841430664,-15.843363761901855,-20.71836280822754,128
train,0,The bright frog,The bright frogs,-19.9541015625,-21.4541015625,-21.273277282714844,-22.898277282714844,-20.5965518951416,-21.0965518951416,-21.701038360595703,-22.451038360595703,128
train,1,The bright frogs,The bright frog,-15.837063789367676,-21.868314743041992,-18.13851547241211,-22.32601547241211,-16.831729888916016,-21.769229888916016,-18.850008010864258,-21.787508010864258,128
train,0,The timid panda,The timid pandas,-19.017724990844727,-23.517724990844727,-18.013477325439453,-22.950977325439453,-19.117290496826172,-22.179790496826172,-18.445133209228516,-21.695133209228516,128
train,1,The timid pandas,The timid panda,-14.85012435913086,-19.47512435913086,-14.752887725830078,-19.502887725830078,-16.349409103393555,-19.224409103393555,-15.637356758117676,-18.76235580444336,128
train,0,The bright dolphin,The bright dolphins,-17.01238250732422,-20.07488250732422,-18.223608016967773,-21.223608016967773,-17.568580627441406,-19.318580627441406,-18.324581146240234,-20.387081146240234,128
train,1,The bright dolphins,The bright dolphin,-16.881044387817383,-19.381044387817383,-17.628829956054688,-20.253829956054688,-17.846036911010742,-19.471036911010742,-17.974119186401367,-19.536619186401367,128
train,0,The fuzzy kit,The fuzzy kits,-19.355857849121094,-20.668357849121094,-19.600818634033203,-22.288318634033203,-19.855653762817383,-20.980653762817383,-20.014156341552734,-22.264156341552734,128
train,1,The fuzzy kits,The fuzzy kit,-16.39463233947754,-17.14463233947754,-20.148488998413086,-22.523488998413086,-17.31590461730957,-17.56590461730957,-20.611295700073242,-21.923795700073242,128
train,0,The calm cow,The calm cows,-9.02194595336914,-14.95944595336914,-9.01882266998291,-16.206321716308594,-9.774153709411621,-12.274153709411621,-9.643563270568848,-14.206063270568848,128
train,1,The calm cows,The calm cow,-6.424289226531982,-11.361788749694824,-6.799743175506592,-12.11224365234375,-7.548171520233154,-10.673171997070312,-7.435377597808838,-10.93537712097168,128
train,0,The sleepy dog,The sleepy dogs,-18.368751525878906,-21.962501525878906,-17.243751525878906,-21.118751525878906,-19.032094955444336,-21.782094955444336,-17.950321197509766,-20.950321197509766,128
train,1,The sleepy dogs,The sleepy dog,-18.356473922729492,-22.168973922729492,-15.802414894104004,-20.86491584777832,-18.61785888671875,-21.11785888671875,-16.143321990966797,-20.205821990966797,128
train,0,The sleepy whale,The sleepy whales,-17.501962661743164,-19.564462661743164,-18.32118034362793,-19.69618034362793,-17.992666244506836,-18.992666244506836,-18.576995849609375,-19.076995849609375,128
train,1,The sleepy whales,The sleepy whale,-16.2791748046875,-19.9666748046875,-15.991844177246094,-20.616844177246094,-16.619110107421875,-19.181610107421875,-15.954671859741211,-19.57967185974121,128
train,0,The sleepy dog,The sleepy dogs,-16.868751525878906,-17.993751525878906,-16.181251525878906,-17.306251525878906,-17.719594955444336,-18.282094955444336,-16.950321197509766,-17.450321197509766,128
train,1,The sleepy dogs,The sleepy dog,-16.981473922729492,-20.543973922729492,-14.989914894104004,-19.23991584777832,-17.49285888671875,-19.55535888671875,-15.455821990966797,-18.455821990966797,128
train,0,The sleepy cock,The sleepy cocks,-19.28893280029297,-19.89830780029297,-20.76000213623047,-23.57250213623047,-19.263269424438477,-19.888269424438477,-21.19619369506836,-23.63369369506836,128
train,1,The sleepy cocks,The sleepy cock,-16.80425262451172,-18.83550262451172,-19.388303756713867,-21.950803756713867,-17.740381240844727,-18.646631240844727,-19.21776580810547,-20.71776580810547,128
train,0,The sleepy rat,The sleepy rats,-20.063617706298828,-23.001117706298828,-19.387203216552734,-22.449703216552734,-20.501039505004883,-22.438539505004883,-19.887123107910156,-21.949623107910156,128
train,1,The sleepy rats,The sleepy rat,-19.84684944152832,-23.56559944152832,-18.153236389160156,-22.278236389160156,-20.187498092651367,-22.749998092651367,-18.503480911254883,-21.628480911254883,128
train,0,The sleepy dolphin,The sleepy dolphins,-17.304153442382812,-18.429153442382812,-17.82037353515625,-19.25787353515625,-17.69560432434082,-18.44560432434082,-17.961008071899414,-19.086008071899414,128
train,1,The sleepy dolphins,The sleepy dolphin,-17.130842208862305,-18.755842208862305,-17.287954330444336,-19.037954330444336,-17.5042781829834,-18.5667781829834,-17.556568145751953,-18.619068145751953,128
train,0,The quiet whale,The quiet whales,-19.816017150878906,-21.472267150878906,-19.900165557861328,-22.087665557861328,-19.851062774658203,-20.851062774658203,-19.726240158081055,-21.413740158081055,128
train,1,The quiet whales,The quiet whale,-19.47826385498047,-21.82201385498047,-18.835926055908203,-21.929676055908203,-19.84613800048828,-20.65863800048828,-19.352510452270508,-20.540010452270508,128
train,0,The sleepy pup,The sleepy pups,-18.966415405273438,-22.747665405273438,-19.521442413330078,-23.490192413330078,-20.437637329101562,-23.125137329101562,-20.76441192626953,-23.63941192626953,128
train,1,The sleepy pups,The sleepy pup,-19.70431137084961,-23.57931137084961,-18.026330947875977,-22.682580947875977,-20.273637771606445,-23.054887771606445,-18.41021728515625,-22.16021728515625,128
train,0,The calm rabbit,The calm rabbits,-20.201101303100586,-23.794851303100586,-19.843835830688477,-23.562585830688477,-20.849191665649414,-23.036691665649414,-20.218822479248047,-22.906322479248047,128
train,1,The calm rabbits,The calm rabbit,-18.7430477142334,-22.1805477142334,-17.974267959594727,-22.005517959594727,-19.288436889648438,-21.413436889648438,-18.180971145629883,-21.243471145629883,128
train,0,The quiet shark,The quiet sharks,-18.69967269897461,-18.82467269897461,-17.492664337158203,-17.867664337158203,-19.03632926940918,-18.53632926940918,-17.742542266845703,-17.555042266845703,128
train,1,The quiet sharks,The quiet shark,-16.892498016357422,-20.454998016357422,-15.24734115600586,-19.55984115600586,-17.31558609008789,-19.62808609008789,-15.666693687438965,-18.72919273376465,128
train,0,The bright rat,The bright rats,-17.20537757873535,-17.89287757873535,-17.91309356689453,-18.53809356689453,-18.03534507751465,-18.28534507751465,-18.31456184387207,-18.62706184387207,128
train,1,The bright rats,The bright rat,-18.327024459838867,-20.514524459838867,-17.187641143798828,-19.437641143798828,-18.901531219482422,-20.401531219482422,-17.152143478393555,-19.027143478393555,128
train,0,The nervous pup,The nervous pups,-17.942590713500977,-18.505090713500977,-19.88102912902832,-22.00602912902832,-17.13913345336914,-17.32663345336914,-20.506763458251953,-22.194263458251953,128
train,1,The nervous pups,The nervous pup,-20.752544403076172,-24.565044403076172,-18.073246002197266,-22.854496002197266,-21.12912940979004,-24.19162940979004,-18.32937240600586,-22.26687240600586,128
train,0,The fuzzy rat,The fuzzy rats,-21.187124252319336,-22.999624252319336,-20.877094268798828,-23.064594268798828,-21.71404457092285,-22.71404457092285,-21.375869750976562,-22.750869750976562,128
train,1,The fuzzy rats,The fuzzy rat,-21.641572952270508,-24.516572952270508,-20.127668380737305,-23.315168380737305,-21.89289093017578,-23.64289093017578,-20.492938995361328,-22.680438995361328,128
train,0,The slender shark,The slender sharks,-18.379159927368164,-21.754159927368164,-18.773616790771484,-22.336116790771484,-18.89469337463379,-21.01969337463379,-18.951353073120117,-21.701353073120117,128
train,1,The slender sharks,The slender shark,-18.222888946533203,-21.035388946533203,-17.4826602935791,-20.6701602935791,-18.883543014526367,-20.446043014526367,-18.090545654296875,-20.153045654296875,128
train,0,The timid pup,The timid pups,-11.016439437866211,-17.82893943786621,-11.139331817626953,-18.201831817626953,-12.136183738708496,-15.636183738708496,-12.509818077087402,-16.884817123413086,128
train,1,The timid pups,The timid pup,-8.889957427978516,-14.764957427978516,-8.013751983642578,-14.451251983642578,-10.139446258544922,-14.514446258544922,-8.639959335327148,-13.889959335327148,128
train,0,The nervous pup,The nervous pups,-16.442590713500977,-19.505090713500977,-17.81852912902832,-21.31852912902832,-16.20163345336914,-18.07663345336914,-19.006763458251953,-21.256763458251953,128
train,1,The nervous pups,The nervous pup,-19.065044403076172,-21.127544403076172,-16.010746002197266,-19.073246002197266,-19.75412940979004,-20.87912940979004,-16.57937240600586,-18.64187240600586,128
train,0,The calm pup,The calm pups,-15.825672149658203,-18.575672149658203,-15.48257827758789,-19.10757827758789,-16.512746810913086,-18.012746810913086,-16.476123809814453,-19.101123809814453,128
train,1,The calm pups,The calm pup,-15.211182594299316,-19.211183547973633,-12.778342247009277,-18.02834129333496,-16.030004501342773,-18.655004501342773,-13.353591918945312,-17.478591918945312,128
train,0,The small turtle,The small turtles,-18.32037353515625,-20.69537353515625,-18.02329444885254,-20.08579444885254,-19.002216339111328,-20.502216339111328,-18.398279190063477,-19.773279190063477,128
train,1,The small turtles,The small turtle,-14.331707954406738,-18.331708908081055,-15.119416236877441,-18.744417190551758,-15.512269973754883,-18.574769973754883,-15.664761543273926,-18.53976058959961,128
test,0,The wary [wug],The wary [wugs],-16.051294326782227,-20.426294326782227,-16.724349975585938,-21.599349975585938,-16.82024574279785,-20.00774574279785,-17.0745849609375,-20.8870849609375,128
test,1,The wary [wugs],The wary [wug],-15.6892671585083,-19.251766204833984,-15.77363395690918,-20.14863395690918,-16.06507682800293,-18.81507682800293,-16.663246154785156,-19.725746154785156,128
test,0,The tiny [wug],The tiny [wugs],-18.23788833618164,-20.92538833618164,-17.951492309570312,-21.701492309570312,-19.48784637451172,-20.92534637451172,-18.910259246826172,-21.785259246826172,128
test,1,The tiny [wugs],The tiny [wug],-16.626924514770508,-20.689424514770508,-16.76124382019043,-21.32374382019043,-17.19124984741211,-20.37874984741211,-17.330772399902344,-21.018272399902344,128
test,0,The curious [wug],The curious [wugs],-16.912681579589844,-21.787681579589844,-17.20133399963379,-21.76383399963379,-17.574687957763672,-21.074687957763672,-17.513721466064453,-20.951221466064453,128
test,1,The curious [wugs],The curious [wug],-15.260847091674805,-17.135847091674805,-16.523488998413086,-19.898488998413086,-15.583821296691895,-16.95882225036621,-17.105607986450195,-19.355607986450195,128
test,0,The gentle [wug],The gentle [wugs],-20.43970489501953,-20.31470489501953,-20.60167694091797,-21.72667694091797,-21.064525604248047,-20.377025604248047,-20.78834342956543,-21.53834342956543,128
test,1,The gentle [wugs],The gentle [wug],-18.753511428833008,-20.128511428833008,-19.947486877441406,-21.697486877441406,-19.56580924987793,-20.87830924987793,-20.333152770996094,-21.583152770996094,128
test,0,The spotted [wug],The spotted [wugs],-13.034627914428711,-14.003377914428711,-20.001937866210938,-21.751937866210938,-11.724550247192383,-12.037050247192383,-20.500764846801758,-21.875764846801758,128
test,1,The spotted [wugs],The spotted [wug],-10.489520072937012,-13.677020072937012,-19.266427993774414,-19.641427993774414,-10.434065818786621,-14.496565818786621,-19.867271423339844,-19.804771423339844,128
test,0,The wary [wug],The wary [wugs],-20.613794326782227,-21.238794326782227,-19.911849975585938,-21.161849975585938,-21.32024574279785,-21.44524574279785,-20.0120849609375,-20.8245849609375,128
test,1,The wary [wugs],The wary [wug],-20.126766204833984,-22.095516204833984,-18.52363395690918,-21.33613395690918,-19.87757682800293,-22.19007682800293,-18.913246154785156,-21.100746154785156,128
test,0,The gentle [wug],The gentle [wugs],-19.00220489501953,-18.87720489501953,-19.91417694091797,-20.35167694091797,-20.064525604248047,-19.252025604248047,-20.41334342956543,-20.47584342956543,128
test,1,The gentle [wugs],The gentle [wug],-18.628511428833008,-21.566011428833008,-18.009986877441406,-21.947486877441406,-19.69080924987793,-22.06580924987793,-18.333152770996094,-21.145652770996094,128
test,0,The clever [wug],The clever [wugs],-19.20258331298828,-23.17133331298828,-19.69352912902832,-23.69352912902832,-20.398611068725586,-23.492361068725586,-20.2578067779541,-23.5078067779541,128
test,1,The clever [wugs],The clever [wug],-21.070240020751953,-23.382740020751953,-20.026514053344727,-22.964014053344727,-21.07870101928711,-22.26620101928711,-20.413164138793945,-22.100664138793945,128
test,0,The shy [wug],The shy [wugs],-17.36676788330078,-18.99176788330078,-16.82044792175293,-19.69544792175293,-18.343788146972656,-19.593788146972656,-17.451133728027344,-19.638633728027344,128
test,1,The shy [wugs],The shy [wug],-18.691709518432617,-20.754209518432617,-16.721433639526367,-19.721433639526367,-19.134872436523438,-20.384872436523438,-17.624601364135742,-19.437101364135742,128
test,0,The wary [wug],The wary [wugs],-16.676294326782227,-19.988794326782227,-17.036849975585938,-20.849349975585938,-17.69524574279785,-19.69524574279785,-17.4495849609375,-20.1370849609375,128
test,1,The wary [wugs],The wary [wug],-14.9392671585083,-19.189266204833984,-15.58613395690918,-20.64863395690918,-14.87757682800293,-18.50257682800293,-16.288246154785156,-20.038246154785156,128
test,0,The shy [wug],The shy [wugs],-19.74176788330078,-22.99176788330078,-18.75794792175293,-22.75794792175293,-20.593788146972656,-23.468788146972656,-19.263633728027344,-22.451133728027344,128
test,1,The shy [wugs],The shy [wug],-20.254209518432617,-21.816709518432617,-19.346433639526367,-20.908933639526367,-20.697372436523438,-21.634872436523438,-19.999601364135742,-20.812101364135742,128
test,0,The fierce [wug],The fierce [wugs],-21.25225257873535,-21.87725257873535,-21.576860427856445,-21.701860427856445,-21.829042434692383,-21.954042434692383,-21.679967880249023,-21.617467880249023,128
test,1,The fierce [wugs],The fierce [wug],-20.251617431640625,-22.626617431640625,-18.8239688873291,-22.5114688873291,-20.565044403076172,-22.127544403076172,-19.33598518371582,-21.83598518371582,128
test,0,The bold [wug],The bold [wugs],-19.23813819885254,-22.17563819885254,-19.303892135620117,-22.303892135620117,-19.6895809173584,-21.6895809173584,-19.761974334716797,-21.886974334716797,128
test,1,The bold [wugs],The bold [wug],-22.564449310302734,-24.376949310302734,-19.51827621459961,-22.58077621459961,-22.690696716308594,-23.878196716308594,-19.908721923828125,-21.908721923828125,128
test,0,The strange [wug],The strange [wugs],-19.49584197998047,-21.68334197998047,-18.87710952758789,-21.25210952758789,-20.219684600830078,-21.157184600830078,-19.314937591552734,-20.689937591552734,128
test,1,The strange [wugs],The strange [wug],-20.440458297729492,-23.877958297729492,-17.773597717285156,-22.461097717285156,-20.31807518005371,-22.56807518005371,-17.66828155517578,-21.04328155517578,128
test,0,The clumsy [wug],The clumsy [wugs],-21.68020248413086,-23.74270248413086,-22.12616729736328,-24.40741729736328,-22.348709106445312,-23.536209106445312,-22.375947952270508,-23.813447952270508,128
test,1,The clumsy [wugs],The clumsy [wug],-20.131149291992188,-23.724899291992188,-20.20380210876465,-24.70380210876465,-20.448745727539062,-23.417495727539062,-20.404909133911133,-24.092409133911133,128
test,0,The fierce [wug],The fierce [wugs],-16.81475257873535,-18.37725257873535,-16.514360427856445,-18.451860427856445,-17.516542434692383,-18.641542434692383,-16.804967880249023,-18.304967880249023,128
test,1,The fierce [wugs],The fierce [wug],-18.064117431640625,-20.501617431640625,-15.386469841003418,-18.6364688873291,-18.565044403076172,-20.252544403076172,-16.27348518371582,-18.33598518371582,128
test,0,The restless [wug],The restless [wugs],-19.666229248046875,-19.916229248046875,-20.09937286376953,-20.72437286376953,-20.689640045166016,-20.127140045166016,-20.531599044799805,-20.594099044799805,128
test,1,The restless [wugs],The restless [wug],-17.940227508544922,-22.002727508544922,-18.694398880004883,-22.694398880004883,-18.128925323486328,-21.566425323486328,-18.764314651489258,-22.014314651489258,128
test,0,The sturdy [wug],The sturdy [wugs],-9.159390449523926,-15.096890449523926,-14.017744064331055,-19.580244064331055,-10.651585578918457,-13.901585578918457,-14.785257339477539,-18.22275733947754,128
test,1,The sturdy [wugs],The sturdy [wug],-12.129223823547363,-15.816723823547363,-13.381756782531738,-18.069255828857422,-12.38274097442627,-15.25774097442627,-14.141067504882812,-16.766067504882812,128
test,0,The bold [wug],The bold [wugs],-19.98813819885254,-21.86313819885254,-20.428892135620117,-21.428892135620117,-20.6270809173584,-22.3145809173584,-20.824474334716797,-21.511974334716797,128
test,1,The bold [wugs],The bold [wug],-21.626949310302734,-23.814449310302734,-19.33077621459961,-22.76827621459961,-21.690696716308594,-23.190696716308594,-19.533721923828125,-21.783721923828125,128
test,0,The graceful [wug],The graceful [wugs],-18.33682632446289,-20.14932632446289,-19.37702751159668,-22.37702751159668,-19.036476135253906,-20.036476135253906,-19.75196647644043,-22.06446647644043,128
test,1,The graceful [wugs],The graceful [wug],-15.377252578735352,-17.87725257873535,-16.00872802734375,-19.75872802734375,-17.06673812866211,-18.56673812866211,-17.213876724243164,-19.338876724243164,128
test,0,The tiny [wug],The tiny [wugs],-19.05038833618164,-21.80038833618164,-17.263992309570312,-21.388992309570312,-20.48784637451172,-21.98784637451172,-18.160259246826172,-21.535259246826172,128
test,1,The tiny [wugs],The tiny [wug],-16.876924514770508,-21.314424514770508,-15.76124382019043,-20.13624382019043,-17.31624984741211,-21.12874984741211,-16.393272399902344,-19.830772399902344,128
test,0,The restless [wug],The restless [wugs],-22.291229248046875,-24.853729248046875,-22.66187286376953,-24.59937286376953,-23.002140045166016,-24.783390045166016,-22.969099044799805,-24.219099044799805,128
test,1,The restless [wugs],The restless [wug],-22.440227508544922,-26.533977508544922,-21.631898880004883,-25.881898880004883,-23.066425323486328,-26.253925323486328,-22.014314651489258,-25.201814651489258,128
test,0,The clumsy [wug],The clumsy [wugs],-20.30520248413086,-21.18020248413086,-21.00116729736328,-22.31366729736328,-20.661209106445312,-21.161209106445312,-21.000947952270508,-22.063447952270508,128
test,1,The clumsy [wugs],The clumsy [wug],-20.068649291992188,-20.818649291992188,-20.32880210876465,-22.01630210876465,-20.073745727539062,-20.761245727539062,-20.404909133911133,-21.779909133911133,128
test,0,The restless [wug],The restless [wugs],-17.916229248046875,-21.603729248046875,-18.97437286376953,-22.72437286376953,-18.564640045166016,-21.252140045166016,-19.281599044799805,-22.281599044799805,128
test,1,The restless [wugs],The restless [wug],-21.002727508544922,-23.658977508544922,-20.256898880004883,-23.694398880004883,-21.441425323486328,-23.128925323486328,-20.514314651489258,-22.701814651489258,128
test,0,The round [wug],The round [wugs],-14.676316261291504,-16.051315307617188,-18.502132415771484,-20.127132415771484,-15.709810256958008,-16.084810256958008,-18.972814559936523,-20.410314559936523,128
test,1,The round [wugs],The round [wug],-18.3818302154541,-19.1943302154541,-18.573728561401367,-19.886228561401367,-18.82121467590332,-19.38371467590332,-18.891183853149414,-19.641183853149414,128
test,0,The sturdy [wug],The sturdy [wugs],-19.69063949584961,-21.22188949584961,-22.455244064331055,-23.892744064331055,-20.71408462524414,-21.49533462524414,-22.84775733947754,-23.72275733947754,128
test,1,The sturdy [wugs],The sturdy [wug],-19.191722869873047,-22.129222869873047,-21.319255828857422,-25.006755828857422,-19.195240020751953,-21.632740020751953,-21.703567504882812,-24.203567504882812,128
test,0,The round [wug],The round [wugs],-18.426315307617188,-18.426315307617188,-19.002132415771484,-19.314632415771484,-18.834810256958008,-18.147310256958008,-19.535314559936523,-19.785314559936523,128
test,1,The round [wugs],The round [wug],-21.2568302154541,-22.1318302154541,-19.073728561401367,-20.573728561401367,-21.13371467590332,-21.94621467590332,-19.078683853149414,-20.453683853149414,128
test,0,The wary [wug],The wary [wugs],-18.926294326782227,-19.676294326782227,-18.974349975585938,-20.036849975585938,-19.75774574279785,-19.82024574279785,-19.4495849609375,-19.8870849609375,128
test,1,The wary [wugs],The wary [wug],-19.814266204833984,-21.314266204833984,-17.14863395690918,-20.39863395690918,-19.50257682800293,-21.37757682800293,-17.538246154785156,-20.475746154785156,128
test,0,The bold [wug],The bold [wugs],-21.55063819885254,-23.73813819885254,-21.678892135620117,-23.960142135620117,-21.9395809173584,-23.5645809173584,-22.074474334716797,-23.824474334716797,128
test,1,The bold [wugs],The bold [wug],-23.564449310302734,-25.689449310302734,-20.89327621459961,-24.33077621459961,-23.565696716308594,-24.940696716308594,-21.533721923828125,-23.596221923828125,128
test,0,The round [wug],The round [wugs],-18.051315307617188,-21.926315307617188,-20.002132415771484,-23.439632415771484,-18.897310256958008,-21.147310256958008,-20.660314559936523,-23.285314559936523,128
test,1,The round [wugs],The round [wug],-20.8193302154541,-24.3193302154541,-19.011228561401367,-23.823728561401367,-20.94621467590332,-23.57121467590332,-19.078683853149414,-22.766183853149414,128
test,0,The wary [wug],The wary [wugs],-17.676294326782227,-18.738794326782227,-18.349349975585938,-19.474349975585938,-18.82024574279785,-19.13274574279785,-19.0745849609375,-19.5120849609375,128
test,1,The wary [wugs],The wary [wug],-17.689266204833984,-21.064266204833984,-16.64863395690918,-21.21113395690918,-17.69007682800293,-20.69007682800293,-17.288246154785156,-20.850746154785156,128
test,0,The spotted [wug],The spotted [wugs],-13.472127914428711,-15.909627914428711,-19.064437866210938,-22.439437866210938,-12.912050247192383,-13.724550247192383,-20.000764846801758,-22.375764846801758,128
test,1,The spotted [wugs],The spotted [wug],-18.145771026611328,-18.833271026611328,-20.703927993774414,-22.203927993774414,-17.621564865112305,-18.902814865112305,-20.804771423339844,-22.242271423339844,128
test,0,The lively [wug],The lively [wugs],-18.75592041015625,-21.38092041015625,-19.161762237548828,-22.536762237548828,-19.257726669311523,-21.445226669311523,-19.66167449951172,-22.59917449951172,128
test,1,The lively [wugs],The lively [wug],-19.754772186279297,-20.817272186279297,-21.205793380737305,-22.518293380737305,-19.884872436523438,-20.134872436523438,-21.346242904663086,-21.596242904663086,128
test,0,The curious [wug],The curious [wugs],-18.225181579589844,-20.475181579589844,-17.51383399963379,-19.76383399963379,-18.574687957763672,-20.074687957763672,-17.638721466064453,-19.201221466064453,128
test,1,The curious [wugs],The curious [wug],-17.010847091674805,-19.323347091674805,-17.523488998413086,-18.898488998413086,-17.39632225036621,-18.52132225036621,-18.105607986450195,-18.230607986450195,128
test,0,The clumsy [wug],The clumsy [wugs],-10.18020248413086,-17.43020248413086,-11.813666343688965,-18.56366729736328,-11.098709106445312,-16.036209106445312,-12.438446998596191,-16.938447952270508,128
test,1,The clumsy [wugs],The clumsy [wug],-10.631149291992188,-14.881149291992188,-10.516302108764648,-15.516302108764648,-10.886245727539062,-14.011245727539062,-11.029909133911133,-14.404909133911133,128
test,0,The clumsy [wug],The clumsy [wugs],-15.43020248413086,-18.55520248413086,-17.62616729736328,-21.12616729736328,-16.286209106445312,-18.973709106445312,-18.063447952270508,-21.125947952270508,128
test,1,The clumsy [wugs],The clumsy [wug],-19.256149291992188,-20.068649291992188,-20.51630210876465,-21.51630210876465,-19.448745727539062,-19.261245727539062,-20.529909133911133,-20.529909133911133,128
test,0,The bold [wug],The bold [wugs],-20.48813819885254,-20.80063819885254,-21.678892135620117,-21.741392135620117,-21.1270809173584,-21.3770809173584,-21.949474334716797,-22.011974334716797,128
test,1,The bold [wugs],The bold [wug],-23.439449310302734,-23.689449310302734,-22.33077621459961,-23.08077621459961,-23.565696716308594,-23.440696716308594,-22.533721923828125,-22.846221923828125,128
test,0,The gentle [wug],The gentle [wugs],-21.06470489501953,-20.62720489501953,-21.91417694091797,-22.10167694091797,-21.752025604248047,-20.752025604248047,-22.10084342956543,-21.85084342956543,128
test,1,The gentle [wugs],The gentle [wug],-18.566011428833008,-22.253511428833008,-19.759986877441406,-23.509986877441406,-19.50330924987793,-22.50330924987793,-19.708152770996094,-22.395652770996094,128
test,0,The graceful [wug],The graceful [wugs],-20.77432632446289,-19.89932632446289,-22.12702751159668,-23.56452751159668,-21.286476135253906,-20.036476135253906,-22.50196647644043,-23.56446647644043,128
test,1,The graceful [wugs],The graceful [wug],-18.68975257873535,-20.75225257873535,-20.25872802734375,-22.25872802734375,-18.94173812866211,-20.81673812866211,-20.526376724243164,-22.213876724243164,128
test,0,The clever [wug],The clever [wugs],-16.01508331298828,-19.70258331298828,-16.63102912902832,-19.94352912902832,-16.898611068725586,-19.523611068725586,-17.1328067779541,-19.6953067779541,128
test,1,The clever [wugs],The clever [wug],-20.320240020751953,-22.382740020751953,-18.651514053344727,-22.276514053344727,-20.01620101928711,-21.20370101928711,-18.850664138793945,-21.100664138793945,128
test,0,The fierce [wug],The fierce [wugs],-18.18975257873535,-21.12725257873535,-18.451860427856445,-21.701860427856445,-19.266542434692383,-21.079042434692383,-18.742467880249023,-21.242467880249023,128
test,1,The fierce [wugs],The fierce [wug],-18.314117431640625,-21.501617431640625,-17.6989688873291,-22.0114688873291,-18.502544403076172,-20.690044403076172,-18.02348518371582,-20.77348518371582,128
test,0,The clumsy [wug],The clumsy [wugs],-19.43020248413086,-19.93020248413086,-21.37616729736328,-22.50116729736328,-20.036209106445312,-20.286209106445312,-21.375947952270508,-22.313447952270508,128
test,1,The clumsy [wugs],The clumsy [wug],-21.068649291992188,-22.256149291992188,-21.01630210876465,-22.57880210876465,-21.323745727539062,-22.011245727539062,-20.967409133911133,-21.904909133911133,128
test,0,The shy [wug],The shy [wugs],-22.24176788330078,-23.67926788330078,-20.38294792175293,-23.07044792175293,-22.843788146972656,-24.156288146972656,-20.513633728027344,-22.701133728027344,128
test,1,The shy [wugs],The shy [wug],-22.504209518432617,-24.035459518432617,-21.158933639526367,-22.346433639526367,-22.572372436523438,-23.572372436523438,-21.437101364135742,-21.937101364135742,128
test,0,The restless [wug],The restless [wugs],-20.603729248046875,-21.603729248046875,-20.09937286376953,-21.59937286376953,-21.502140045166016,-21.939640045166016,-20.531599044799805,-21.656599044799805,128
test,1,The restless [wugs],The restless [wug],-21.002727508544922,-24.096477508544922,-19.881898880004883,-22.819398880004883,-21.191425323486328,-23.566425323486328,-19.826814651489258,-22.139314651489258,128
test,0,The strange [wug],The strange [wugs],-17.49584197998047,-21.43334197998047,-17.56460952758789,-21.37710952758789,-18.157184600830078,-21.094684600830078,-17.939937591552734,-20.939937591552734,128
test,1,The strange [wugs],The strange [wug],-20.127958297729492,-22.002958297729492,-18.586097717285156,-21.773597717285156,-20.44307518005371,-21.13057518005371,-18.79328155517578,-20.60578155517578,128
test,0,The graceful [wug],The graceful [wugs],-18.39932632446289,-19.71182632446289,-21.00202751159668,-22.12702751159668,-18.973976135253906,-19.786476135253906,-21.25196647644043,-22.25196647644043,128
test,1,The graceful [wugs],The graceful [wug],-19.12725257873535,-19.87725257873535,-19.44622802734375,-20.32122802734375,-20.00423812866211,-20.81673812866211,-19.651376724243164,-20.401376724243164,128
test,0,The shy [wug],The shy [wugs],-9.929266929626465,-16.67926788330078,-10.50794792175293,-18.75794792175293,-11.281289100646973,-15.781289100646973,-11.20113468170166,-17.076133728027344,128
test,1,The shy [wugs],The shy [wug],-10.629210472106934,-13.879210472106934,-9.908934593200684,-15.033934593200684,-10.759871482849121,-12.759871482849121,-10.937102317810059,-14.062102317810059,128
test,0,The spotted [wug],The spotted [wugs],-15.534627914428711,-16.75337791442871,-22.626937866210938,-22.439437866210938,-16.130800247192383,-16.068300247192383,-23.125764846801758,-22.625764846801758,128
test,1,The spotted [wugs],The spotted [wug],-18.270771026611328,-17.083271026611328,-20.328927993774414,-19.953927993774414,-18.121564865112305,-19.652814865112305,-20.117271423339844,-20.679771423339844,128
test,0,The shy [wug],The shy [wugs],-22.36676788330078,-22.55426788330078,-20.50794792175293,-21.38294792175293,-23.218788146972656,-22.968788146972656,-20.888633728027344,-21.201133728027344,128
test,1,The shy [wugs],The shy [wug],-21.754209518432617,-23.504209518432617,-19.658933639526367,-22.221433639526367,-21.634872436523438,-23.259872436523438,-19.749601364135742,-22.124601364135742,128
test,0,The restless [wug],The restless [wugs],-18.353729248046875,-21.978729248046875,-19.03687286376953,-22.16187286376953,-19.252140045166016,-22.252140045166016,-19.344099044799805,-21.969099044799805,128
test,1,The restless [wugs],The restless [wug],-19.815227508544922,-22.002727508544922,-19.194398880004883,-21.944398880004883,-20.441425323486328,-22.003925323486328,-19.451814651489258,-21.389314651489258,128
test,0,The bold [wug],The bold [wugs],-17.98813819885254,-20.17563819885254,-17.616392135620117,-21.428892135620117,-18.2520809173584,-20.1270809173584,-17.949474334716797,-21.199474334716797,128
test,1,The bold [wugs],The bold [wug],-23.064449310302734,-24.501949310302734,-20.14327621459961,-21.51827621459961,-23.128196716308594,-23.940696716308594,-20.721221923828125,-20.783721923828125,128
test,0,The shy [wug],The shy [wugs],-19.55426788330078,-20.61676788330078,-18.25794792175293,-21.38294792175293,-20.343788146972656,-20.968788146972656,-18.701133728027344,-21.013633728027344,128
test,1,The shy [wugs],The shy [wug],-19.941709518432617,-22.191709518432617,-17.846433639526367,-20.971433639526367,-19.822372436523438,-21.134872436523438,-18.374601364135742,-20.187101364135742,128
test,0,The tiny [wug],The tiny [wugs],-16.48788833618164,-19.17538833618164,-16.076492309570312,-19.951492309570312,-17.73784637451172,-19.36284637451172,-16.910259246826172,-20.097759246826172,128
test,1,The tiny [wugs],The tiny [wug],-18.251924514770508,-22.001924514770508,-16.69874382019043,-20.82374382019043,-18.75374984741211,-21.37874984741211,-17.268272399902344,-20.268272399902344,128
test,0,The wary [wug],The wary [wugs],-16.738794326782227,-20.863794326782227,-17.974349975585938,-22.536849975585938,-17.38274574279785,-20.63274574279785,-18.3870849609375,-22.2620849609375,128
test,1,The wary [wugs],The wary [wug],-19.126766204833984,-20.689266204833984,-18.83613395690918,-21.21113395690918,-19.37757682800293,-20.19007682800293,-19.850746154785156,-20.913246154785156,128
test,0,The gentle [wug],The gentle [wugs],-20.12720489501953,-21.75220489501953,-19.16417694091797,-21.41417694091797,-21.064525604248047,-21.752025604248047,-19.66334342956543,-21.16334342956543,128
test,1,The gentle [wugs],The gentle [wug],-17.878511428833008,-21.253511428833008,-17.884986877441406,-22.009986877441406,-18.81580924987793,-21.56580924987793,-18.645652770996094,-21.520652770996094,128
test,0,The shy [wug],The shy [wugs],-19.30426788330078,-21.55426788330078,-17.88294792175293,-21.19544792175293,-20.343788146972656,-21.906288146972656,-18.513633728027344,-20.888633728027344,128
test,1,The shy [wugs],The shy [wug],-18.004209518432617,-21.316709518432617,-16.721433639526367,-20.596433639526367,-18.509872436523438,-20.634872436523438,-17.812101364135742,-20.249601364135742,128
test,0,The gentle [wug],The gentle [wugs],-21.62720489501953,-23.65845489501953,-20.16417694091797,-22.85167694091797,-22.252025604248047,-23.689525604248047,-20.66334342956543,-22.78834342956543,128
test,1,The gentle [wugs],The gentle [wug],-20.753511428833008,-22.378511428833008,-20.634986877441406,-22.447486877441406,-21.94080924987793,-23.19080924987793,-21.208152770996094,-22.208152770996094,128
test,0,The fierce [wug],The fierce [wugs],-17.31475257873535,-20.18975257873535,-17.701860427856445,-20.701860427856445,-18.266542434692383,-20.016542434692383,-17.929967880249023,-20.117467880249023,128
test,1,The fierce [wugs],The fierce [wug],-17.626617431640625,-20.126617431640625,-15.261469841003418,-19.3864688873291,-18.377544403076172,-20.065044403076172,-15.96098518371582,-18.71098518371582,128
test,0,The clumsy [wug],The clumsy [wugs],-19.61770248413086,-19.49270248413086,-20.62616729736328,-21.37616729736328,-20.348709106445312,-19.786209106445312,-20.813447952270508,-21.250947952270508,128
test,1,The clumsy [wugs],The clumsy [wug],-20.318649291992188,-22.381149291992188,-21.14130210876465,-23.39130210876465,-21.011245727539062,-22.448745727539062,-21.592409133911133,-22.904909133911133,128
test,0,The wary [wug],The wary [wugs],-16.363794326782227,-21.488794326782227,-16.974349975585938,-22.786849975585938,-17.19524574279785,-21.00774574279785,-17.4495849609375,-22.1995849609375,128
test,1,The wary [wugs],The wary [wug],-17.001766204833984,-20.501766204833984,-16.52363395690918,-20.71113395690918,-17.75257682800293,-20.25257682800293,-17.538246154785156,-20.288246154785156,128
test,0,The wary [wug],The wary [wugs],-18.051294326782227,-22.270044326782227,-18.286849975585938,-22.724349975585938,-19.19524574279785,-22.25774574279785,-18.8870849609375,-22.3870849609375,128
test,1,The wary [wugs],The wary [wug],-16.126766204833984,-19.689266204833984,-17.21113395690918,-21.08613395690918,-16.56507682800293,-19.25257682800293,-17.913246154785156,-20.538246154785156,128
test,0,The graceful [wug],The graceful [wugs],-17.46182632446289,-19.58682632446289,-19.62702751159668,-23.25202751159668,-18.473976135253906,-19.911476135253906,-20.06446647644043,-23.12696647644043,128
test,1,The graceful [wugs],The graceful [wug],-19.37725257873535,-19.68975257873535,-19.19622802734375,-20.82122802734375,-20.19173812866211,-19.87923812866211,-19.838876724243164,-20.463876724243164,128
test,0,The fierce [wug],The fierce [wugs],-18.81475257873535,-21.56475257873535,-19.014360427856445,-22.201860427856445,-19.454042434692383,-21.704042434692383,-19.304967880249023,-22.117467880249023,128
test,1,The fierce [wugs],The fierce [wug],-19.564117431640625,-20.876617431640625,-19.7614688873291,-21.6364688873291,-19.940044403076172,-20.127544403076172,-20.08598518371582,-20.64848518371582,128
test,0,The lively [wug],The lively [wugs],-19.00592041015625,-21.19342041015625,-19.224262237548828,-21.599262237548828,-19.570226669311523,-21.445226669311523,-19.59917449951172,-21.66167449951172,128
test,1,The lively [wugs],The lively [wug],-19.629772186279297,-21.004772186279297,-18.955793380737305,-21.268293380737305,-20.259872436523438,-21.134872436523438,-19.408742904663086,-20.846242904663086,128
test,0,The wary [wug],The wary [wugs],-19.863794326782227,-21.176294326782227,-19.411849975585938,-21.911849975585938,-20.69524574279785,-21.32024574279785,-19.6995849609375,-21.5120849609375,128
test,1,The wary [wugs],The wary [wug],-19.439266204833984,-21.126766204833984,-18.08613395690918,-20.39863395690918,-19.62757682800293,-21.37757682800293,-18.850746154785156,-20.413246154785156,128
test,0,The round [wug],The round [wugs],-14.238816261291504,-18.926315307617188,-17.252132415771484,-22.377132415771484,-15.272310256958008,-18.209810256958008,-18.160314559936523,-22.347814559936523,128
test,1,The round [wugs],The round [wug],-19.5693302154541,-21.5693302154541,-18.198728561401367,-21.573728561401367,-19.94621467590332,-21.00871467590332,-18.516183853149414,-20.703683853149414,128
test,0,The strange [wug],The strange [wugs],-19.24584197998047,-19.93334197998047,-18.37710952758789,-19.93960952758789,-20.094684600830078,-20.469684600830078,-18.689937591552734,-20.127437591552734,128
test,1,The strange [wugs],The strange [wug],-21.065458297729492,-23.190458297729492,-18.711097717285156,-21.461097717285156,-20.94307518005371,-22.25557518005371,-18.85578155517578,-20.35578155517578,128
test,0,The strange [wug],The strange [wugs],-18.62084197998047,-20.99584197998047,-18.37710952758789,-21.18960952758789,-19.282184600830078,-20.907184600830078,-18.627437591552734,-20.877437591552734,128
test,1,The strange [wugs],The strange [wug],-22.627958297729492,-24.440458297729492,-19.648597717285156,-22.336097717285156,-22.56807518005371,-23.44307518005371,-19.85578155517578,-21.16828155517578,128
test,0,The gentle [wug],The gentle [wugs],-20.93970489501953,-21.56470489501953,-22.10167694091797,-23.03917694091797,-21.377025604248047,-21.627025604248047,-22.22584342956543,-22.97584342956543,128
test,1,The gentle [wugs],The gentle [wug],-19.003511428833008,-20.128511428833008,-20.822486877441406,-21.634986877441406,-19.69080924987793,-20.94080924987793,-20.895652770996094,-21.395652770996094,128
test,0,The curious [wug],The curious [wugs],-20.037681579589844,-23.412681579589844,-19.63883399963379,-22.63883399963379,-21.012187957763672,-23.262187957763672,-20.076221466064453,-22.138721466064453,128
test,1,The curious [wugs],The curious [wug],-18.323347091674805,-21.448347091674805,-18.710988998413086,-22.773488998413086,-18.52132225036621,-20.83382225036621,-19.355607986450195,-21.918107986450195,128
test,0,The wary [wug],The wary [wugs],-15.238794326782227,-19.363794326782227,-16.911849975585938,-21.599349975585938,-16.44524574279785,-19.57024574279785,-17.4495849609375,-21.1370849609375,128
test,1,The wary [wugs],The wary [wug],-19.314266204833984,-19.939266204833984,-17.14863395690918,-19.33613395690918,-19.31507682800293,-19.56507682800293,-17.850746154785156,-18.975746154785156,128
test,0,The gentle [wug],The gentle [wugs],-23.90845489501953,-25.62720489501953,-23.47667694091797,-25.19542694091797,-24.720775604248047,-25.439525604248047,-23.97584342956543,-24.97584342956543,128
test,1,The gentle [wugs],The gentle [wug],-22.128511428833008,-25.816011428833008,-22.384986877441406,-25.884986877441406,-23.31580924987793,-26.22205924987793,-23.145652770996094,-25.239402770996094,128
test,0,The wary [wug],The wary [wugs],-17.551294326782227,-20.051294326782227,-18.286849975585938,-21.036849975585938,-18.57024574279785,-20.13274574279785,-18.6370849609375,-20.6370849609375,128
test,1,The wary [wugs],The wary [wug],-18.376766204833984,-20.814266204833984,-16.52363395690918,-20.39863395690918,-18.62757682800293,-20.75257682800293,-17.038246154785156,-19.975746154785156,128
test,0,The shy [wug],The shy [wugs],-21.80426788330078,-22.80426788330078,-19.57044792175293,-21.63294792175293,-22.781288146972656,-23.593788146972656,-20.201133728027344,-21.701133728027344,128
test,1,The shy [wugs],The shy [wug],-19.754209518432617,-21.816709518432617,-19.471433639526367,-21.846433639526367,-19.697372436523438,-21.197372436523438,-19.749601364135742,-21.562101364135742,128
test,0,The curious [wug],The curious [wugs],-21.412681579589844,-21.350181579589844,-20.70133399963379,-21.07633399963379,-22.074687957763672,-21.512187957763672,-20.701221466064453,-20.638721466064453,128
test,1,The curious [wugs],The curious [wug],-19.823347091674805,-21.198347091674805,-20.460988998413086,-22.710988998413086,-18.89632225036621,-20.89632225036621,-20.543107986450195,-22.668107986450195,128
test,0,The sturdy [wug],The sturdy [wugs],-15.409390449523926,-18.78438949584961,-19.892744064331055,-22.517744064331055,-16.52658462524414,-19.27658462524414,-20.41025733947754,-22.53525733947754,128
test,1,The sturdy [wugs],The sturdy [wug],-19.129222869873047,-20.629222869873047,-19.819255828857422,-22.444255828857422,-19.257740020751953,-20.507740020751953,-19.953567504882812,-21.766067504882812,128
test,0,The tiny [wug],The tiny [wugs],-20.42538833618164,-22.23788833618164,-18.388992309570312,-21.138992309570312,-21.30034637451172,-22.36284637451172,-19.097759246826172,-21.222759246826172,128
test,1,The tiny [wugs],The tiny [wug],-18.626924514770508,-21.501924514770508,-17.38624382019043,-19.88624382019043,-19.06624984741211,-20.94124984741211,-17.955772399902344,-19.455772399902344,128
test,0,The wary [wug],The wary [wugs],-20.363794326782227,-22.957544326782227,-19.786849975585938,-23.161849975585938,-21.25774574279785,-22.57024574279785,-20.1995849609375,-22.4495849609375,128
test,1,The wary [wugs],The wary [wug],-18.751766204833984,-23.283016204833984,-17.58613395690918,-22.99238395690918,-19.06507682800293,-23.06507682800293,-18.350746154785156,-22.725746154785156,128
test,0,The strange [wug],The strange [wugs],-20.99584197998047,-21.80834197998047,-20.75210952758789,-22.12710952758789,-21.532184600830078,-21.844684600830078,-21.002437591552734,-21.877437591552734,128
test,1,The strange [wugs],The strange [wug],-19.440458297729492,-22.565458297729492,-19.773597717285156,-23.336097717285156,-19.50557518005371,-21.88057518005371,-19.79328155517578,-22.29328155517578,128
test,0,The clumsy [wug],The clumsy [wugs],-15.18020248413086,-19.49270248413086,-17.75116729736328,-21.81366729736328,-16.098709106445312,-19.348709106445312,-18.188447952270508,-21.188447952270508,128
test,1,The clumsy [wugs],The clumsy [wug],-16.006149291992188,-19.506149291992188,-16.82880210876465,-21.51630210876465,-16.448745727539062,-18.948745727539062,-17.029909133911133,-20.467409133911133,128
test,0,The strange [wug],The strange [wugs],-19.74584197998047,-21.37084197998047,-18.68960952758789,-21.12710952758789,-20.282184600830078,-21.532184600830078,-18.939937591552734,-21.002437591552734,128
test,1,The strange [wugs],The strange [wug],-21.565458297729492,-22.877958297729492,-20.086097717285156,-21.586097717285156,-21.69307518005371,-22.44307518005371,-20.16828155517578,-20.98078155517578,128
test,0,The tiny [wug],The tiny [wugs],-22.92538833618164,-25.05038833618164,-21.263992309570312,-24.451492309570312,-24.17534637451172,-25.17534637451172,-22.097759246826172,-24.472759246826172,128
test,1,The tiny [wugs],The tiny [wug],-19.251924514770508,-24.345674514770508,-18.76124382019043,-23.97999382019043,-19.87874984741211,-24.06624984741211,-19.393272399902344,-23.830772399902344,128
test,0,The tiny [wug],The tiny [wugs],-22.17538833618164,-23.61288833618164,-19.701492309570312,-22.576492309570312,-23.36284637451172,-23.98784637451172,-20.597759246826172,-22.722759246826172,128
test,1,The tiny [wugs],The tiny [wug],-18.189424514770508,-22.376924514770508,-17.63624382019043,-21.88624382019043,-18.69124984741211,-22.00374984741211,-18.455772399902344,-21.643272399902344,128
test,0,The clever [wug],The clever [wugs],-20.07758331298828,-23.42133331298828,-20.75602912902832,-23.69352912902832,-21.023611068725586,-23.679861068725586,-21.1328067779541,-23.4453067779541,128
test,1,The clever [wugs],The clever [wug],-22.570240020751953,-23.757740020751953,-21.089014053344727,-23.714014053344727,-22.57870101928711,-23.07870101928711,-21.475664138793945,-23.100664138793945,128
test,0,The shy [wug],The shy [wugs],-19.80426788330078,-22.80426788330078,-19.07044792175293,-23.63294792175293,-20.906288146972656,-23.343788146972656,-19.513633728027344,-23.076133728027344,128
test,1,The shy [wugs],The shy [wug],-21.316709518432617,-23.691709518432617,-20.033933639526367,-22.971433639526367,-21.134872436523438,-22.572372436523438,-20.624601364135742,-22.187101364135742,128
test,0,The restless [wug],The restless [wugs],-16.791229248046875,-21.916229248046875,-18.47437286376953,-23.34937286376953,-17.564640045166016,-21.439640045166016,-18.906599044799805,-22.656599044799805,128
test,1,The restless [wugs],The restless [wug],-18.315227508544922,-21.127727508544922,-19.194398880004883,-22.131898880004883,-18.878925323486328,-20.816425323486328,-19.639314651489258,-21.389314651489258,128
test,0,The curious [wug],The curious [wugs],-18.850181579589844,-21.600181579589844,-18.82633399963379,-21.45133399963379,-19.824687957763672,-21.574687957763672,-19.076221466064453,-21.013721466064453,128
test,1,The curious [wugs],The curious [wug],-16.323347091674805,-19.448347091674805,-17.710988998413086,-21.148488998413086,-16.83382225036621,-19.14632225036621,-18.855607986450195,-20.855607986450195,128
test,0,The restless [wug],The restless [wugs],-17.666229248046875,-21.541229248046875,-19.22437286376953,-22.91187286376953,-18.439640045166016,-21.627140045166016,-19.719099044799805,-22.781599044799805,128
test,1,The restless [wugs],The restless [wug],-19.127727508544922,-21.002727508544922,-20.569398880004883,-22.756898880004883,-19.378925323486328,-20.378925323486328,-20.639314651489258,-21.889314651489258,128
test,0,The gentle [wug],The gentle [wugs],-22.87720489501953,-24.25220489501953,-22.41417694091797,-23.94542694091797,-23.752025604248047,-24.439525604248047,-22.78834342956543,-23.91334342956543,128
test,1,The gentle [wugs],The gentle [wug],-20.878511428833008,-24.316011428833008,-21.134986877441406,-24.853736877441406,-21.81580924987793,-24.34705924987793,-21.833152770996094,-24.208152770996094,128
test,0,The graceful [wug],The graceful [wugs],-13.274327278137207,-17.27432632446289,-17.50202751159668,-21.62702751159668,-14.22397518157959,-16.848976135253906,-18.18946647644043,-20.87696647644043,128
test,1,The graceful [wugs],The graceful [wug],-13.877252578735352,-17.37725257873535,-15.633728981018066,-20.44622802734375,-15.004237174987793,-17.50423812866211,-16.026376724243164,-19.526376724243164,128
test,0,The graceful [wug],The graceful [wugs],-18.33682632446289,-18.39932632446289,-21.75202751159668,-23.31452751159668,-19.286476135253906,-18.786476135253906,-22.18946647644043,-23.18946647644043,128
test,1,The graceful [wugs],The graceful [wug],-21.62725257873535,-23.53350257873535,-21.57122802734375,-22.25872802734375,-22.12923812866211,-23.12923812866211,-21.963876724243164,-21.838876724243164,128
test,0,The clumsy [wug],The clumsy [wugs],-16.93020248413086,-20.49270248413086,-19.00116729736328,-22.62616729736328,-17.973709106445312,-20.661209106445312,-19.313447952270508,-22.188447952270508,128
test,1,The clumsy [wugs],The clumsy [wug],-18.693649291992188,-20.506149291992188,-19.95380210876465,-22.01630210876465,-19.198745727539062,-20.261245727539062,-20.217409133911133,-21.217409133911133,128
test,0,The spotted [wug],The spotted [wugs],-19.76119041442871,-22.00923728942871,-23.376937866210938,-26.001937866210938,-20.865175247192383,-21.654237747192383,-24.375764846801758,-26.063264846801758,128
test,1,The spotted [wugs],The spotted [wug],-22.192646026611328,-21.723896026611328,-22.328927993774414,-23.203927993774414,-23.105939865112305,-23.840314865112305,-22.679771423339844,-23.742271423339844,128
test,0,The tiny [wug],The tiny [wugs],-19.11288833618164,-21.05038833618164,-18.701492309570312,-21.576492309570312,-20.05034637451172,-21.17534637451172,-19.285259246826172,-21.597759246826172,128
test,1,The tiny [wugs],The tiny [wug],-17.626924514770508,-19.376924514770508,-18.69874382019043,-20.63624382019043,-18.25374984741211,-19.31624984741211,-19.268272399902344,-20.455772399902344,128
test,0,The shy [wug],The shy [wugs],-21.24176788330078,-20.42926788330078,-19.13294792175293,-20.07044792175293,-22.281288146972656,-21.093788146972656,-19.701133728027344,-19.888633728027344,128
test,1,The shy [wugs],The shy [wug],-19.254209518432617,-22.379209518432617,-18.158933639526367,-21.533933639526367,-18.884872436523438,-21.384872436523438,-18.437101364135742,-20.999601364135742,128
test,0,The strange [wug],The strange [wugs],-18.43334197998047,-22.12084197998047,-18.50210952758789,-22.75210952758789,-19.157184600830078,-21.782184600830078,-18.939937591552734,-22.252437591552734,128
test,1,The strange [wugs],The strange [wug],-20.502958297729492,-21.877958297729492,-19.898597717285156,-21.898597717285156,-20.69307518005371,-21.00557518005371,-20.29328155517578,-20.85578155517578,128
test,0,The fierce [wug],The fierce [wugs],-19.31475257873535,-19.43975257873535,-20.014360427856445,-20.014360427856445,-20.391542434692383,-20.016542434692383,-20.429967880249023,-20.117467880249023,128
test,1,The fierce [wugs],The fierce [wug],-20.126617431640625,-23.501617431640625,-18.6364688873291,-22.4489688873291,-20.502544403076172,-23.440044403076172,-19.14848518371582,-22.21098518371582,128
test,0,The wary [wug],The wary [wugs],-17.988794326782227,-22.238794326782227,-19.036849975585938,-22.286849975585938,-19.07024574279785,-22.32024574279785,-19.3870849609375,-21.9495849609375,128
test,1,The wary [wugs],The wary [wug],-19.814266204833984,-20.939266204833984,-18.89863395690918,-22.27363395690918,-20.31507682800293,-21.06507682800293,-19.413246154785156,-21.788246154785156,128
test,0,The fierce [wug],The fierce [wugs],-18.06475257873535,-22.06475257873535,-17.639360427856445,-21.326860427856445,-18.579042434692383,-21.641542434692383,-17.804967880249023,-20.804967880249023,128
test,1,The fierce [wugs],The fierce [wug],-19.376617431640625,-21.689117431640625,-17.1364688873291,-20.8239688873291,-19.940044403076172,-21.065044403076172,-17.77348518371582,-20.02348518371582,128
test,0,The bold [wug],The bold [wugs],-19.61313819885254,-21.98813819885254,-18.616392135620117,-22.178892135620117,-20.0645809173584,-21.8145809173584,-19.136974334716797,-22.011974334716797,128
test,1,The bold [wugs],The bold [wug],-24.126949310302734,-24.939449310302734,-20.64327621459961,-22.08077621459961,-23.878196716308594,-24.253196716308594,-20.783721923828125,-21.221221923828125,128
test,0,The gentle [wug],The gentle [wugs],-17.87720489501953,-21.81470489501953,-18.22667694091797,-23.03917694091797,-18.689525604248047,-21.127025604248047,-18.78834342956543,-22.53834342956543,128
test,1,The gentle [wugs],The gentle [wug],-17.941011428833008,-20.878511428833008,-19.009986877441406,-21.634986877441406,-18.87830924987793,-20.94080924987793,-19.708152770996094,-20.770652770996094,128
test,0,The strange [wug],The strange [wugs],-19.43334197998047,-19.37084197998047,-19.18960952758789,-20.56460952758789,-19.657184600830078,-19.282184600830078,-19.377437591552734,-20.439937591552734,128
test,1,The strange [wugs],The strange [wug],-20.565458297729492,-22.190458297729492,-20.273597717285156,-21.461097717285156,-20.25557518005371,-21.50557518005371,-19.98078155517578,-20.73078155517578,128
test,0,The bold [wug],The bold [wugs],-16.80063819885254,-18.42563819885254,-18.178892135620117,-19.491392135620117,-17.3770809173584,-18.6895809173584,-18.699474334716797,-19.574474334716797,128
test,1,The bold [wugs],The bold [wug],-21.251949310302734,-23.626949310302734,-18.01827621459961,-21.64327621459961,-21.315696716308594,-23.128196716308594,-18.346221923828125,-20.721221923828125,128
test,0,The bold [wug],The bold [wugs],-18.23813819885254,-20.73813819885254,-18.991392135620117,-21.491392135620117,-18.7520809173584,-20.8145809173584,-19.199474334716797,-21.324474334716797,128
test,1,The bold [wugs],The bold [wug],-20.189449310302734,-21.876949310302734,-19.08077621459961,-20.89327621459961,-20.128196716308594,-21.378196716308594,-19.533721923828125,-20.346221923828125,128
test,0,The wary [wug],The wary [wugs],-19.113794326782227,-22.301294326782227,-19.099349975585938,-22.536849975585938,-19.94524574279785,-22.32024574279785,-19.2620849609375,-22.0120849609375,128
test,1,The wary [wugs],The wary [wug],-17.939266204833984,-19.376766204833984,-18.46113395690918,-21.02363395690918,-18.25257682800293,-19.31507682800293,-19.163246154785156,-20.725746154785156,128
test,0,The gentle [wug],The gentle [wugs],-19.18970489501953,-20.68970489501953,-19.28917694091797,-21.35167694091797,-19.752025604248047,-20.564525604248047,-19.47584342956543,-21.16334342956543,128
test,1,The gentle [wugs],The gentle [wug],-16.128511428833008,-17.691011428833008,-18.884986877441406,-20.634986877441406,-17.00330924987793,-18.25330924987793,-19.208152770996094,-20.145652770996094,128
test,0,The graceful [wug],The graceful [wugs],-21.80557632446289,-20.83682632446289,-23.68952751159668,-24.18952751159668,-22.661476135253906,-21.223976135253906,-24.06446647644043,-24.18946647644043,128
test,1,The graceful [wugs],The graceful [wug],-19.68975257873535,-20.87725257873535,-20.69622802734375,-21.94622802734375,-20.00423812866211,-21.50423812866211,-21.026376724243164,-22.026376724243164,128
test,0,The shy [wug],The shy [wugs],-20.74176788330078,-23.27301788330078,-18.88294792175293,-22.19544792175293,-21.781288146972656,-23.593788146972656,-19.638633728027344,-21.888633728027344,128
test,1,The shy [wugs],The shy [wug],-19.941709518432617,-23.691709518432617,-18.908933639526367,-23.971433639526367,-20.509872436523438,-22.572372436523438,-19.874601364135742,-22.999601364135742,128
test,0,The tiny [wug],The tiny [wugs],-23.61288833618164,-24.20663833618164,-21.576492309570312,-22.951492309570312,-24.73784637451172,-24.73784637451172,-22.347759246826172,-23.285259246826172,128
test,1,The tiny [wugs],The tiny [wug],-20.064424514770508,-22.501924514770508,-19.44874382019043,-22.26124382019043,-20.19124984741211,-22.25374984741211,-19.643272399902344,-22.080772399902344,128
test,0,The curious [wug],The curious [wugs],-17.037681579589844,-21.912681579589844,-16.70133399963379,-21.20133399963379,-17.574687957763672,-21.449687957763672,-16.951221466064453,-20.576221466064453,128
test,1,The curious [wugs],The curious [wug],-17.010847091674805,-18.698347091674805,-18.148488998413086,-21.210988998413086,-17.70882225036621,-18.52132225036621,-18.918107986450195,-20.543107986450195,128
test,0,The shy [wug],The shy [wugs],-21.30426788330078,-21.92926788330078,-19.82044792175293,-21.94544792175293,-22.156288146972656,-22.593788146972656,-20.326133728027344,-21.888633728027344,128
test,1,The shy [wugs],The shy [wug],-21.566709518432617,-23.847959518432617,-19.221433639526367,-22.033933639526367,-21.447372436523438,-22.884872436523438,-19.687101364135742,-21.624601364135742,128
test,0,The spotted [wug],The spotted [wugs],-16.78462791442871,-16.78462791442871,-21.751937866210938,-22.939437866210938,-16.568300247192383,-14.849550247192383,-22.063264846801758,-22.625764846801758,128
test,1,The spotted [wugs],The spotted [wug],-15.239520072937012,-16.052021026611328,-19.766427993774414,-21.391427993774414,-14.559065818786621,-16.871564865112305,-19.867271423339844,-21.679771423339844,128
test,0,The fierce [wug],The fierce [wugs],-20.62725257873535,-22.78350257873535,-20.326860427856445,-23.076860427856445,-21.391542434692383,-22.641542434692383,-20.617467880249023,-22.492467880249023,128
test,1,The fierce [wugs],The fierce [wug],-20.251617431640625,-23.939117431640625,-18.1364688873291,-22.8239688873291,-21.002544403076172,-23.752544403076172,-18.96098518371582,-22.39848518371582,128
test,0,The clumsy [wug],The clumsy [wugs],-20.43020248413086,-22.43020248413086,-21.06366729736328,-22.75116729736328,-21.286209106445312,-22.411209106445312,-21.625947952270508,-22.563447952270508,128
test,1,The clumsy [wugs],The clumsy [wug],-19.256149291992188,-22.943649291992188,-19.26630210876465,-24.42255210876465,-19.573745727539062,-22.011245727539062,-19.717409133911133,-23.342409133911133,128
test,0,The tiny [wug],The tiny [wugs],-21.23788833618164,-23.23788833618164,-19.951492309570312,-23.076492309570312,-22.42534637451172,-23.80034637451172,-20.785259246826172,-23.285259246826172,128
test,1,The tiny [wugs],The tiny [wug],-20.939424514770508,-23.251924514770508,-19.44874382019043,-21.88624382019043,-21.44124984741211,-23.00374984741211,-20.268272399902344,-21.705772399902344,128
test,0,The restless [wug],The restless [wugs],-17.541229248046875,-18.166229248046875,-19.34937286376953,-19.97437286376953,-18.627140045166016,-18.502140045166016,-19.844099044799805,-19.906599044799805,128
test,1,The restless [wugs],The restless [wug],-20.565227508544922,-23.533977508544922,-19.381898880004883,-23.319398880004883,-20.628925323486328,-23.003925323486328,-19.451814651489258,-22.701814651489258,128
test,0,The restless [wug],The restless [wugs],-17.478729248046875,-20.291229248046875,-18.78687286376953,-21.47437286376953,-18.439640045166016,-20.502140045166016,-18.969099044799805,-21.031599044799805,128
test,1,The restless [wugs],The restless [wug],-16.440227508544922,-18.440227508544922,-18.506898880004883,-20.819398880004883,-16.816425323486328,-18.191425323486328,-18.826814651489258,-20.264314651489258,128
test,0,The sturdy [wug],The sturdy [wugs],-15.096890449523926,-17.34688949584961,-18.955244064331055,-21.830244064331055,-16.15158462524414,-17.27658462524414,-19.47275733947754,-21.53525733947754,128
test,1,The sturdy [wugs],The sturdy [wug],-18.379222869873047,-21.004222869873047,-18.506755828857422,-21.756755828857422,-18.195240020751953,-20.507740020751953,-18.703567504882812,-20.703567504882812,128
test,0,The clumsy [wug],The clumsy [wugs],-16.49270248413086,-19.93020248413086,-18.37616729736328,-22.06366729736328,-17.411209106445312,-19.973709106445312,-18.813447952270508,-21.750947952270508,128
test,1,The clumsy [wugs],The clumsy [wug],-20.631149291992188,-22.568649291992188,-18.45380210876465,-21.32880210876465,-20.448745727539062,-21.761245727539062,-18.467409133911133,-20.279909133911133,128
test,0,The gentle [wug],The gentle [wugs],-19.31470489501953,-18.12720489501953,-19.53917694091797,-19.53917694091797,-20.127025604248047,-18.377025604248047,-19.78834342956543,-19.35084342956543,128
test,1,The gentle [wugs],The gentle [wug],-16.003511428833008,-19.191011428833008,-17.509986877441406,-20.384986877441406,-16.81580924987793,-19.62830924987793,-17.708152770996094,-19.770652770996094,128
test,0,The wary [wug],The wary [wugs],-19.551294326782227,-20.863794326782227,-19.349349975585938,-22.099349975585938,-20.19524574279785,-20.94524574279785,-19.6370849609375,-21.8245849609375,128
test,1,The wary [wugs],The wary [wug],-19.376766204833984,-19.939266204833984,-19.39863395690918,-21.27363395690918,-19.56507682800293,-20.12757682800293,-19.913246154785156,-21.225746154785156,128
test,0,The sturdy [wug],The sturdy [wugs],-13.284390449523926,-18.22188949584961,-18.330244064331055,-22.517744064331055,-14.589085578918457,-18.21408462524414,-18.97275733947754,-22.22275733947754,128
test,1,The sturdy [wugs],The sturdy [wug],-19.004222869873047,-20.629222869873047,-19.819255828857422,-22.194255828857422,-18.507740020751953,-19.695240020751953,-19.578567504882812,-20.766067504882812,128
test,0,The spotted [wug],The spotted [wugs],-20.07369041442871,-24.25337791442871,-24.251937866210938,-26.814437866210938,-20.271425247192383,-23.462831497192383,-24.688264846801758,-26.500764846801758,128
test,1,The spotted [wugs],The spotted [wug],-21.583271026611328,-23.126239776611328,-22.516427993774414,-23.891427993774414,-22.340314865112305,-25.152814865112305,-22.679771423339844,-24.179771423339844,128
test,0,The tiny [wug],The tiny [wugs],-21.80038833618164,-21.98788833618164,-20.763992309570312,-22.701492309570312,-22.67534637451172,-22.30034637451172,-21.410259246826172,-22.847759246826172,128
test,1,The tiny [wugs],The tiny [wug],-19.751924514770508,-21.751924514770508,-19.76124382019043,-21.69874382019043,-19.75374984741211,-21.56624984741211,-20.205772399902344,-21.768272399902344,128
test,0,The lively [wug],The lively [wugs],-19.44342041015625,-21.19342041015625,-19.411762237548828,-21.599262237548828,-20.132726669311523,-21.320226669311523,-19.84917449951172,-21.53667449951172,128
test,1,The lively [wugs],The lively [wug],-19.504772186279297,-22.754772186279297,-18.143293380737305,-22.205793380737305,-19.572372436523438,-22.259872436523438,-18.596242904663086,-21.533742904663086,128
test,0,The curious [wug],The curious [wugs],-19.537681579589844,-20.600181579589844,-19.26383399963379,-20.88883399963379,-20.262187957763672,-20.762187957763672,-19.263721466064453,-20.638721466064453,128
test,1,The curious [wugs],The curious [wug],-19.573347091674805,-20.635847091674805,-19.398488998413086,-20.773488998413086,-19.58382225036621,-20.39632225036621,-20.043107986450195,-20.730607986450195,128
test,0,The wary [wug],The wary [wugs],-19.926294326782227,-21.613794326782227,-19.911849975585938,-22.161849975585938,-20.69524574279785,-21.75774574279785,-20.2620849609375,-21.8245849609375,128
test,1,The wary [wugs],The wary [wug],-18.189266204833984,-21.189266204833984,-18.58613395690918,-21.46113395690918,-19.19007682800293,-21.50257682800293,-19.850746154785156,-21.600746154785156,128
test,0,The tiny [wug],The tiny [wugs],-19.67538833618164,-23.55038833618164,-18.138992309570312,-22.888992309570312,-20.80034637451172,-23.61284637451172,-18.910259246826172,-22.785259246826172,128
test,1,The tiny [wugs],The tiny [wug],-18.376924514770508,-21.939424514770508,-17.57374382019043,-21.63624382019043,-19.06624984741211,-21.62874984741211,-18.143272399902344,-21.330772399902344,128
test,0,The bold [wug],The bold [wugs],-19.86313819885254,-20.55063819885254,-19.616392135620117,-20.366392135620117,-20.3770809173584,-20.7520809173584,-19.761974334716797,-20.324474334716797,128
test,1,The bold [wugs],The bold [wug],-22.189449310302734,-23.189449310302734,-19.58077621459961,-20.83077621459961,-22.378196716308594,-23.128196716308594,-19.908721923828125,-20.908721923828125,128
test,0,The round [wug],The round [wugs],-14.863816261291504,-17.363815307617188,-17.189632415771484,-20.377132415771484,-15.334810256958008,-16.397310256958008,-17.972814559936523,-20.472814559936523,128
test,1,The round [wugs],The round [wug],-18.5068302154541,-21.2568302154541,-17.323728561401367,-21.448728561401367,-18.69621467590332,-20.69621467590332,-17.516183853149414,-20.578683853149414,128
test,0,The fierce [wug],The fierce [wugs],-20.68975257873535,-21.50225257873535,-20.951860427856445,-22.139360427856445,-21.266542434692383,-21.579042434692383,-21.429967880249023,-22.179967880249023,128
test,1,The fierce [wugs],The fierce [wug],-22.314117431640625,-23.626617431640625,-20.6364688873291,-21.7614688873291,-22.440044403076172,-23.002544403076172,-21.21098518371582,-21.39848518371582,128
test,0,The shy [wug],The shy [wugs],-16.05426788330078,-17.49176788330078,-17.07044792175293,-18.63294792175293,-17.343788146972656,-18.468788146972656,-17.638633728027344,-18.576133728027344,128
test,1,The shy [wugs],The shy [wug],-17.254209518432617,-21.816709518432617,-16.096433639526367,-21.596433639526367,-17.447372436523438,-21.009872436523438,-16.562101364135742,-20.812101364135742,128
test,0,The graceful [wug],The graceful [wugs],-16.64932632446289,-19.46182632446289,-20.25202751159668,-22.93952751159668,-17.411476135253906,-19.723976135253906,-20.68946647644043,-22.93946647644043,128
test,1,The graceful [wugs],The graceful [wug],-18.37725257873535,-20.25225257873535,-19.00872802734375,-21.50872802734375,-19.31673812866211,-20.62923812866211,-19.463876724243164,-21.151376724243164,128
test,0,The round [wug],The round [wugs],-15.926316261291504,-18.238815307617188,-17.877132415771484,-20.627132415771484,-15.834810256958008,-17.272310256958008,-18.410314559936523,-20.597814559936523,128
test,1,The round [wugs],The round [wug],-18.3193302154541,-20.3818302154541,-15.011228561401367,-18.573728561401367,-18.63371467590332,-20.00871467590332,-15.766183853149414,-18.141183853149414,128
test,0,The gentle [wug],The gentle [wugs],-19.31470489501953,-18.93970489501953,-20.10167694091797,-20.28917694091797,-20.439525604248047,-19.252025604248047,-20.66334342956543,-20.35084342956543,128
test,1,The gentle [wugs],The gentle [wug],-19.128511428833008,-22.316011428833008,-18.822486877441406,-22.384986877441406,-19.75330924987793,-22.69080924987793,-19.208152770996094,-22.020652770996094,128
test,0,The tiny [wug],The tiny [wugs],-22.61288833618164,-24.23788833618164,-21.701492309570312,-24.388992309570312,-23.61284637451172,-24.55034637451172,-22.472759246826172,-24.535259246826172,128
test,1,The tiny [wugs],The tiny [wug],-22.501924514770508,-24.939424514770508,-21.63624382019043,-23.94874382019043,-22.94124984741211,-24.69124984741211,-22.268272399902344,-23.643272399902344,128
test,0,The graceful [wug],The graceful [wugs],-13.774327278137207,-16.08682632446289,-17.50202751159668,-20.50202751159668,-14.78647518157959,-16.223976135253906,-18.12696647644043,-20.31446647644043,128
test,1,The graceful [wugs],The graceful [wug],-19.93975257873535,-21.12725257873535,-17.69622802734375,-21.25872802734375,-20.56673812866211,-21.06673812866211,-18.151376724243164,-20.463876724243164,128
test,0,The strange [wug],The strange [wugs],-17.99584197998047,-20.30834197998047,-18.12710952758789,-21.25210952758789,-18.469684600830078,-20.344684600830078,-18.314937591552734,-21.127437591552734,128
test,1,The strange [wugs],The strange [wug],-22.002958297729492,-23.002958297729492,-20.211097717285156,-21.711097717285156,-22.00557518005371,-22.06807518005371,-20.29328155517578,-20.48078155517578,128
test,0,The shy [wug],The shy [wugs],-21.36676788330078,-21.74176788330078,-19.57044792175293,-21.44544792175293,-22.093788146972656,-22.093788146972656,-19.951133728027344,-21.201133728027344,128
test,1,The shy [wugs],The shy [wug],-21.504209518432617,-24.535459518432617,-20.158933639526367,-22.658933639526367,-22.259872436523438,-24.259872436523438,-21.124601364135742,-22.437101364135742,128
test,0,The bold [wug],The bold [wugs],-19.73813819885254,-22.98813819885254,-20.303892135620117,-23.053892135620117,-20.5020809173584,-22.9395809173584,-20.761974334716797,-22.886974334716797,128
test,1,The bold [wugs],The bold [wug],-23.001949310302734,-24.751949310302734,-20.95577621459961,-23.70577621459961,-23.253196716308594,-24.565696716308594,-21.346221923828125,-23.096221923828125,128
test,0,The fierce [wug],The fierce [wugs],-19.37725257873535,-20.62725257873535,-19.451860427856445,-20.639360427856445,-20.016542434692383,-20.704042434692383,-19.617467880249023,-20.492467880249023,128
test,1,The fierce [wugs],The fierce [wug],-20.626617431640625,-22.939117431640625,-18.4489688873291,-21.6989688873291,-20.815044403076172,-22.377544403076172,-18.83598518371582,-20.96098518371582,128
test,0,The bold [wug],The bold [wugs],-16.98813819885254,-20.05063819885254,-17.241392135620117,-20.491392135620117,-17.0645809173584,-19.6895809173584,-17.386974334716797,-20.011974334716797,128
test,1,The bold [wugs],The bold [wug],-18.564449310302734,-20.439449310302734,-15.51827621459961,-18.58077621459961,-19.065696716308594,-20.128196716308594,-16.596221923828125,-17.908721923828125,128
test,0,The strange [wug],The strange [wugs],-19.05834197998047,-20.62084197998047,-18.81460952758789,-21.00210952758789,-19.719684600830078,-20.532184600830078,-19.127437591552734,-20.689937591552734,128
test,1,The strange [wugs],The strange [wug],-20.565458297729492,-22.252958297729492,-18.398597717285156,-21.148597717285156,-20.44307518005371,-21.63057518005371,-18.23078155517578,-20.16828155517578,128
test,0,The bold [wug],The bold [wugs],-16.23813819885254,-17.73813819885254,-17.928892135620117,-19.616392135620117,-16.5645809173584,-17.8145809173584,-18.324474334716797,-19.636974334716797,128
test,1,The bold [wugs],The bold [wug],-18.939449310302734,-22.751949310302734,-16.76827621459961,-21.83077621459961,-19.190696716308594,-22.253196716308594,-17.283721923828125,-20.908721923828125,128
test,0,The wary [wug],The wary [wugs],-22.645044326782227,-23.801294326782227,-21.536849975585938,-22.724349975585938,-23.35149574279785,-23.78899574279785,-21.8245849609375,-22.4495849609375,128
test,1,The wary [wugs],The wary [wug],-21.595516204833984,-21.720516204833984,-19.77363395690918,-21.08613395690918,-22.06507682800293,-21.75257682800293,-20.788246154785156,-21.538246154785156,128
test,0,The lively [wug],The lively [wugs],-18.31842041015625,-21.31842041015625,-19.161762237548828,-23.036762237548828,-19.007726669311523,-21.257726669311523,-19.66167449951172,-22.78667449951172,128
test,1,The lively [wugs],The lively [wug],-19.317272186279297,-21.504772186279297,-19.893293380737305,-21.830793380737305,-20.134872436523438,-21.447372436523438,-20.658742904663086,-21.346242904663086,128
test,0,The gentle [wug],The gentle [wugs],-21.56470489501953,-20.37720489501953,-20.53917694091797,-20.35167694091797,-22.189525604248047,-20.564525604248047,-20.97584342956543,-20.53834342956543,128
test,1,The gentle [wugs],The gentle [wug],-21.316011428833008,-23.066011428833008,-20.572486877441406,-22.759986877441406,-21.56580924987793,-22.75330924987793,-20.520652770996094,-22.145652770996094,128
test,0,The gentle [wug],The gentle [wugs],-20.18970489501953,-21.31470489501953,-19.72667694091797,-20.72667694091797,-20.939525604248047,-21.502025604248047,-19.91334342956543,-20.78834342956543,128
test,1,The gentle [wugs],The gentle [wug],-20.691011428833008,-21.941011428833008,-19.572486877441406,-20.884986877441406,-21.56580924987793,-22.87830924987793,-19.583152770996094,-20.333152770996094,128
test,0,The spotted [wug],The spotted [wugs],-13.284627914428711,-16.47212791442871,-21.001937866210938,-24.064437866210938,-13.912050247192383,-15.662050247192383,-21.813264846801758,-24.125764846801758,128
test,1,The spotted [wugs],The spotted [wug],-16.677021026611328,-18.520771026611328,-20.016427993774414,-22.703927993774414,-16.059064865112305,-19.152814865112305,-20.179771423339844,-22.429771423339844,128
test,0,The restless [wug],The restless [wugs],-18.291229248046875,-20.416229248046875,-18.91187286376953,-21.41187286376953,-19.064640045166016,-20.377140045166016,-19.281599044799805,-21.156599044799805,128
test,1,The restless [wugs],The restless [wug],-19.502727508544922,-21.815227508544922,-18.881898880004883,-21.944398880004883,-19.566425323486328,-21.691425323486328,-18.951814651489258,-21.326814651489258,128
test,0,The tiny [wug],The tiny [wugs],-22.36288833618164,-22.05038833618164,-21.701492309570312,-23.013992309570312,-23.36284637451172,-22.36284637451172,-22.472759246826172,-23.222759246826172,128
test,1,The tiny [wugs],The tiny [wug],-21.439424514770508,-23.939424514770508,-20.94874382019043,-22.69874382019043,-21.94124984741211,-23.75374984741211,-21.580772399902344,-22.580772399902344,128
test,0,The bold [wug],The bold [wugs],-19.73813819885254,-21.67563819885254,-18.866392135620117,-21.991392135620117,-20.3770809173584,-22.2520809173584,-19.199474334716797,-22.074474334716797,128
test,1,The bold [wugs],The bold [wug],-22.189449310302734,-24.189449310302734,-20.01827621459961,-22.14327621459961,-22.253196716308594,-23.565696716308594,-20.533721923828125,-21.221221923828125,128
test,0,The clever [wug],The clever [wugs],-18.14008331298828,-21.20258331298828,-18.25602912902832,-21.38102912902832,-19.023611068725586,-21.148611068725586,-18.5703067779541,-21.0078067779541,128
test,1,The clever [wugs],The clever [wug],-21.570240020751953,-23.945240020751953,-20.214014053344727,-23.026514053344727,-21.32870101928711,-23.01620101928711,-20.413164138793945,-22.163164138793945,128
test,0,The graceful [wug],The graceful [wugs],-19.02432632446289,-22.52432632446289,-21.00202751159668,-24.81452751159668,-20.161476135253906,-22.848976135253906,-21.81446647644043,-24.68946647644043,128
test,1,The graceful [wugs],The graceful [wug],-20.37725257873535,-23.37725257873535,-19.69622802734375,-23.19622802734375,-21.00423812866211,-22.94173812866211,-20.151376724243164,-22.338876724243164,128
test,0,The clumsy [wug],The clumsy [wugs],-17.68020248413086,-18.61770248413086,-19.18866729736328,-20.87616729736328,-18.473709106445312,-18.848709106445312,-19.313447952270508,-20.688447952270508,128
test,1,The clumsy [wugs],The clumsy [wug],-17.131149291992188,-18.506149291992188,-18.64130210876465,-20.45380210876465,-17.136245727539062,-17.948745727539062,-18.779909133911133,-19.842409133911133,128
test,0,The tiny [wug],The tiny [wugs],-22.73788833618164,-23.48788833618164,-21.076492309570312,-23.013992309570312,-23.61284637451172,-23.98784637451172,-21.597759246826172,-23.222759246826172,128
test,1,The tiny [wugs],The tiny [wug],-20.501924514770508,-23.001924514770508,-20.38624382019043,-22.26124382019043,-20.94124984741211,-22.81624984741211,-20.830772399902344,-22.080772399902344,128
test,0,The lively [wug],The lively [wugs],-21.13092041015625,-23.44342041015625,-20.724262237548828,-23.286762237548828,-21.695226669311523,-23.445226669311523,-21.16167449951172,-23.16167449951172,128
test,1,The lively [wugs],The lively [wug],-22.504772186279297,-24.192272186279297,-21.955793380737305,-23.455793380737305,-22.947372436523438,-23.759872436523438,-22.283742904663086,-22.721242904663086,128
test,0,The restless [wug],The restless [wugs],-20.291229248046875,-24.322479248046875,-20.09937286376953,-24.19312286376953,-21.189640045166016,-24.127140045166016,-20.594099044799805,-23.594099044799805,128
test,1,The restless [wugs],The restless [wug],-20.627727508544922,-23.596477508544922,-21.194398880004883,-25.131898880004883,-20.878925323486328,-23.191425323486328,-21.139314651489258,-24.108064651489258,128
test,0,The gentle [wug],The gentle [wugs],-20.18970489501953,-21.25220489501953,-19.53917694091797,-21.60167694091797,-20.939525604248047,-21.189525604248047,-19.97584342956543,-21.41334342956543,128
test,1,The gentle [wugs],The gentle [wug],-18.816011428833008,-21.128511428833008,-19.947486877441406,-22.447486877441406,-19.81580924987793,-21.44080924987793,-20.395652770996094,-21.645652770996094,128
test,0,The bold [wug],The bold [wugs],-17.42563819885254,-19.05063819885254,-18.741392135620117,-20.553892135620117,-18.0020809173584,-18.9395809173584,-19.136974334716797,-20.324474334716797,128
test,1,The bold [wugs],The bold [wug],-21.064449310302734,-22.939449310302734,-18.14327621459961,-21.39327621459961,-21.065696716308594,-22.565696716308594,-18.471221923828125,-20.721221923828125,128
test,0,The wary [wug],The wary [wugs],-17.176294326782227,-22.207544326782227,-17.224349975585938,-22.349349975585938,-18.50774574279785,-22.44524574279785,-17.8870849609375,-22.1370849609375,128
test,1,The wary [wugs],The wary [wug],-20.814266204833984,-21.845516204833984,-18.77363395690918,-21.21113395690918,-21.12757682800293,-21.62757682800293,-19.413246154785156,-20.850746154785156,128
test,0,The clever [wug],The clever [wugs],-16.70258331298828,-21.57758331298828,-17.81852912902832,-22.50602912902832,-17.523611068725586,-21.086111068725586,-18.2578067779541,-21.8828067779541,128
test,1,The clever [wugs],The clever [wug],-18.632740020751953,-20.320240020751953,-17.651514053344727,-21.026514053344727,-18.26620101928711,-19.20370101928711,-18.038164138793945,-20.288164138793945,128
test,0,The round [wug],The round [wugs],-17.238815307617188,-20.426315307617188,-20.127132415771484,-24.002132415771484,-18.272310256958008,-20.241060256958008,-21.097814559936523,-24.472814559936523,128
test,1,The round [wugs],The round [wug],-21.6943302154541,-24.0068302154541,-19.823728561401367,-23.198728561401367,-21.88371467590332,-23.19621467590332,-20.016183853149414,-22.266183853149414,128
test,0,The lively [wug],The lively [wugs],-19.00592041015625,-20.06842041015625,-19.036762237548828,-20.349262237548828,-19.820226669311523,-20.320226669311523,-19.47417449951172,-20.34917449951172,128
test,1,The lively [wugs],The lively [wug],-18.192272186279297,-21.317272186279297,-17.768293380737305,-21.205793380737305,-18.697372436523438,-21.259872436523438,-18.346242904663086,-20.658742904663086,128
test,0,The gentle [wug],The gentle [wugs],-21.93970489501953,-24.65845489501953,-22.22667694091797,-25.60167694091797,-22.814525604248047,-24.095775604248047,-22.85084342956543,-25.03834342956543,128
test,1,The gentle [wugs],The gentle [wug],-20.878511428833008,-23.941011428833008,-22.009986877441406,-25.541236877441406,-21.56580924987793,-23.87830924987793,-22.145652770996094,-24.364402770996094,128
test,0,The strange [wug],The strange [wugs],-18.80834197998047,-21.30834197998047,-18.93960952758789,-21.75210952758789,-19.532184600830078,-20.907184600830078,-19.377437591552734,-21.377437591552734,128
test,1,The strange [wugs],The strange [wug],-19.690458297729492,-22.940458297729492,-19.086097717285156,-23.211097717285156,-19.31807518005371,-21.50557518005371,-18.79328155517578,-21.54328155517578,128
test,0,The lively [wug],The lively [wugs],-18.25592041015625,-20.69342041015625,-17.911762237548828,-20.724262237548828,-19.132726669311523,-20.695226669311523,-18.59917449951172,-20.66167449951172,128
test,1,The lively [wugs],The lively [wug],-17.442272186279297,-20.754772186279297,-17.705793380737305,-21.455793380737305,-17.759872436523438,-20.384872436523438,-18.221242904663086,-20.846242904663086,128
test,0,The clumsy [wug],The clumsy [wugs],-15.43020248413086,-19.74270248413086,-18.25116729736328,-22.12616729736328,-16.223709106445312,-19.473709106445312,-18.625947952270508,-21.438447952270508,128
test,1,The clumsy [wugs],The clumsy [wug],-16.693649291992188,-18.756149291992188,-17.07880210876465,-20.57880210876465,-16.823745727539062,-18.323745727539062,-17.154909133911133,-19.779909133911133,128
test,0,The spotted [wug],The spotted [wugs],-15.065877914428711,-16.62837791442871,-21.376937866210938,-23.751937866210938,-16.880800247192383,-17.099550247192383,-22.688264846801758,-24.375764846801758,128
test,1,The spotted [wugs],The spotted [wug],-19.458271026611328,-17.270771026611328,-22.328927993774414,-23.891427993774414,-20.090314865112305,-19.184064865112305,-22.554771423339844,-23.867271423339844,128
test,0,The curious [wug],The curious [wugs],-21.162681579589844,-22.225181579589844,-20.45133399963379,-22.13883399963379,-21.699687957763672,-22.137187957763672,-20.638721466064453,-21.763721466064453,128
test,1,The curious [wugs],The curious [wug],-19.635847091674805,-21.917097091674805,-21.273488998413086,-23.085988998413086,-20.58382225036621,-21.89632225036621,-22.355607986450195,-22.918107986450195,128
test,0,The shy [wug],The shy [wugs],-20.24176788330078,-20.55426788330078,-19.25794792175293,-20.94544792175293,-21.156288146972656,-21.031288146972656,-19.763633728027344,-20.826133728027344,128
test,1,The shy [wugs],The shy [wug],-20.879209518432617,-23.441709518432617,-18.596433639526367,-21.221433639526367,-20.634872436523438,-22.384872436523438,-19.124601364135742,-20.874601364135742,128
test,0,The restless [wug],The restless [wugs],-19.541229248046875,-21.103729248046875,-20.34937286376953,-21.91187286376953,-20.377140045166016,-21.064640045166016,-20.719099044799805,-21.719099044799805,128
test,1,The restless [wugs],The restless [wug],-19.815227508544922,-22.127727508544922,-20.569398880004883,-23.131898880004883,-20.878925323486328,-22.316425323486328,-21.264314651489258,-22.826814651489258,128
test,0,The gentle [wug],The gentle [wugs],-17.62720489501953,-20.06470489501953,-18.72667694091797,-22.10167694091797,-18.127025604248047,-20.002025604248047,-19.16334342956543,-22.03834342956543,128
test,1,The gentle [wugs],The gentle [wug],-17.816011428833008,-19.316011428833008,-20.259986877441406,-21.697486877441406,-18.44080924987793,-19.19080924987793,-20.458152770996094,-20.770652770996094,128
test,0,The bold [wug],The bold [wugs],-18.80063819885254,-21.61313819885254,-20.116392135620117,-23.241392135620117,-19.1895809173584,-21.7520809173584,-20.449474334716797,-23.074474334716797,128
test,1,The bold [wugs],The bold [wug],-22.501949310302734,-24.314449310302734,-21.89327621459961,-23.39327621459961,-22.878196716308594,-23.753196716308594,-22.283721923828125,-22.596221923828125,128
test,0,The gentle [wug],The gentle [wugs],-18.56470489501953,-19.75220489501953,-18.72667694091797,-21.10167694091797,-19.064525604248047,-19.502025604248047,-19.16334342956543,-20.78834342956543,128
test,1,The gentle [wugs],The gentle [wug],-18.191011428833008,-20.316011428833008,-18.947486877441406,-20.322486877441406,-19.31580924987793,-20.56580924987793,-19.270652770996094,-19.395652770996094,128
test,0,The fierce [wug],The fierce [wugs],-18.75225257873535,-19.50225257873535,-18.889360427856445,-20.014360427856445,-19.329042434692383,-19.329042434692383,-19.054967880249023,-19.804967880249023,128
test,1,The fierce [wugs],The fierce [wug],-17.939117431640625,-20.876617431640625,-16.4489688873291,-20.1364688873291,-18.752544403076172,-20.815044403076172,-17.21098518371582,-19.58598518371582,128
test,0,The sturdy [wug],The sturdy [wugs],-16.03438949584961,-18.97188949584961,-20.767744064331055,-23.517744064331055,-17.21408462524414,-19.08908462524414,-21.47275733947754,-23.34775733947754,128
test,1,The sturdy [wugs],The sturdy [wug],-20.691722869873047,-23.660472869873047,-21.194255828857422,-25.006755828857422,-20.382740020751953,-22.882740020751953,-21.141067504882812,-23.641067504882812,128
test,0,The sturdy [wug],The sturdy [wugs],-16.90938949584961,-17.97188949584961,-21.767744064331055,-22.580244064331055,-18.08908462524414,-18.71408462524414,-22.09775733947754,-22.66025733947754,128
test,1,The sturdy [wugs],The sturdy [wug],-20.566722869873047,-22.129222869873047,-21.444255828857422,-23.256755828857422,-20.570240020751953,-22.132740020751953,-21.516067504882812,-22.891067504882812,128
test,0,The wary [wug],The wary [wugs],-21.426294326782227,-22.738794326782227,-20.036849975585938,-22.161849975585938,-22.38274574279785,-22.69524574279785,-20.5745849609375,-22.1370849609375,128
test,1,The wary [wugs],The wary [wug],-16.251766204833984,-20.626766204833984,-16.89863395690918,-20.64863395690918,-16.75257682800293,-20.31507682800293,-17.600746154785156,-20.350746154785156,128
test,0,The fierce [wug],The fierce [wugs],-18.68975257873535,-22.12725257873535,-19.576860427856445,-22.326860427856445,-19.516542434692383,-21.954042434692383,-19.929967880249023,-21.929967880249023,128
test,1,The fierce [wugs],The fierce [wug],-20.501617431640625,-23.501617431640625,-19.0114688873291,-23.2302188873291,-20.690044403076172,-22.690044403076172,-19.39848518371582,-22.27348518371582,128
test,0,The shy [wug],The shy [wugs],-22.05426788330078,-21.99176788330078,-21.25794792175293,-23.25794792175293,-23.031288146972656,-22.718788146972656,-21.701133728027344,-23.076133728027344,128
test,1,The shy [wugs],The shy [wug],-22.691709518432617,-24.129209518432617,-21.846433639526367,-22.658933639526367,-22.697372436523438,-23.634872436523438,-22.437101364135742,-22.437101364135742,128
test,0,The clever [wug],The clever [wugs],-17.39008331298828,-20.57758331298828,-17.50602912902832,-20.13102912902832,-18.648611068725586,-20.711111068725586,-18.1328067779541,-19.9453067779541,128
test,1,The clever [wugs],The clever [wug],-18.007740020751953,-21.070240020751953,-17.526514053344727,-21.776514053344727,-17.89120101928711,-20.07870101928711,-17.975664138793945,-20.975664138793945,128
test,0,The fierce [wug],The fierce [wugs],-9.877252578735352,-15.564752578735352,-10.576861381530762,-17.389360427856445,-10.579042434692383,-13.454042434692383,-11.179967880249023,-15.429967880249023,128
test,1,The fierce [wugs],The fierce [wug],-10.626617431640625,-14.251617431640625,-8.761469841003418,-14.511469841003418,-11.377545356750488,-13.627545356750488,-9.64848518371582,-13.14848518371582,128
test,0,The gentle [wug],The gentle [wugs],-16.06470489501953,-18.00220489501953,-17.03917694091797,-19.78917694091797,-16.877025604248047,-17.377025604248047,-17.66334342956543,-19.41334342956543,128
test,1,The gentle [wugs],The gentle [wug],-15.566011428833008,-18.878511428833008,-16.822486877441406,-20.384986877441406,-16.25330924987793,-18.87830924987793,-17.395652770996094,-19.520652770996094,128
test,0,The curious [wug],The curious [wugs],-22.287681579589844,-24.850181579589844,-22.01383399963379,-24.23258399963379,-22.887187957763672,-24.949687957763672,-22.201221466064453,-23.982471466064453,128
test,1,The curious [wugs],The curious [wug],-22.635847091674805,-25.385847091674805,-21.273488998413086,-24.554738998413086,-22.64632225036621,-24.20882225036621,-21.980607986450195,-23.918107986450195,128
test,0,The curious [wug],The curious [wugs],-22.412681579589844,-23.662681579589844,-21.63883399963379,-23.20133399963379,-22.762187957763672,-23.730937957763672,-21.576221466064453,-22.826221466064453,128
test,1,The curious [wugs],The curious [wug],-21.135847091674805,-23.135847091674805,-21.648488998413086,-23.023488998413086,-21.27132225036621,-22.70882225036621,-21.730607986450195,-22.418107986450195,128
test,0,The round [wug],The round [wugs],-20.645065307617188,-24.504440307617188,-21.377132415771484,-25.002132415771484,-21.616060256958008,-23.741060256958008,-22.222814559936523,-24.972814559936523,128
test,1,The round [wugs],The round [wug],-22.1318302154541,-25.3818302154541,-20.073728561401367,-24.886228561401367,-22.44621467590332,-24.88371467590332,-20.266183853149414,-24.172433853149414,128
test,0,The clumsy [wug],The clumsy [wugs],-20.30520248413086,-21.11770248413086,-20.68866729736328,-22.50116729736328,-21.036209106445312,-21.223709106445312,-20.938447952270508,-22.063447952270508,128
test,1,The clumsy [wugs],The clumsy [wug],-19.631149291992188,-21.818649291992188,-19.45380210876465,-22.51630210876465,-19.886245727539062,-21.698745727539062,-19.467409133911133,-21.842409133911133,128
test,0,The tiny [wug],The tiny [wugs],-24.30038833618164,-26.20663833618164,-23.513992309570312,-26.045242309570312,-25.51909637451172,-26.76909637451172,-24.285259246826172,-26.254009246826172,128
test,1,The tiny [wugs],The tiny [wug],-22.189424514770508,-25.501924514770508,-21.01124382019043,-24.91749382019043,-22.81624984741211,-25.19124984741211,-21.643272399902344,-24.612022399902344,128
test,0,The shy [wug],The shy [wugs],-22.36676788330078,-24.80426788330078,-22.32044792175293,-24.69544792175293,-23.156288146972656,-25.343788146972656,-22.701133728027344,-24.482383728027344,128
test,1,The shy [wugs],The shy [wug],-23.129209518432617,-26.066709518432617,-20.408933639526367,-24.158933639526367,-23.134872436523438,-24.916122436523438,-21.124601364135742,-23.624601364135742,128
test,0,The wary [wug],The wary [wugs],-18.738794326782227,-21.301294326782227,-17.661849975585938,-21.536849975585938,-19.57024574279785,-21.00774574279785,-18.0745849609375,-20.9495849609375,128
test,1,The wary [wugs],The wary [wug],-17.626766204833984,-21.689266204833984,-16.21113395690918,-20.83613395690918,-17.75257682800293,-21.31507682800293,-17.163246154785156,-20.538246154785156,128
test,0,The lively [wug],The lively [wugs],-18.56842041015625,-19.50592041015625,-19.786762237548828,-21.411762237548828,-19.007726669311523,-19.757726669311523,-19.97417449951172,-21.47417449951172,128
test,1,The lively [wugs],The lively [wug],-19.942272186279297,-21.192272186279297,-19.330793380737305,-20.768293380737305,-20.322372436523438,-21.322372436523438,-19.783742904663086,-20.596242904663086,128
test,0,The sturdy [wug],The sturdy [wugs],-20.37813949584961,-22.03438949584961,-23.142744064331055,-23.705244064331055,-21.90158462524414,-22.43283462524414,-23.53525733947754,-23.53525733947754,128
test,1,The sturdy [wugs],The sturdy [wug],-20.066722869873047,-23.316722869873047,-19.881755828857422,-23.631755828857422,-20.070240020751953,-22.695240020751953,-19.953567504882812,-22.641067504882812,128
test,0,The curious [wug],The curious [wugs],-19.287681579589844,-22.412681579589844,-19.63883399963379,-22.82633399963379,-20.199687957763672,-22.324687957763672,-20.013721466064453,-22.388721466064453,128
test,1,The curious [wugs],The curious [wug],-17.573347091674805,-21.198347091674805,-19.523488998413086,-23.648488998413086,-17.52132225036621,-20.27132225036621,-20.105607986450195,-22.668107986450195,128
test,0,The sturdy [wug],The sturdy [wugs],-18.47188949584961,-19.97188949584961,-21.080244064331055,-23.330244064331055,-19.27658462524414,-20.40158462524414,-21.41025733947754,-23.22275733947754,128
test,1,The sturdy [wugs],The sturdy [wug],-22.004222869873047,-23.191722869873047,-22.569255828857422,-23.819255828857422,-21.882740020751953,-22.632740020751953,-22.641067504882812,-22.891067504882812,128
test,0,The fierce [wug],The fierce [wugs],-18.37725257873535,-18.37725257873535,-19.826860427856445,-20.201860427856445,-19.079042434692383,-18.579042434692383,-20.117467880249023,-20.242467880249023,128
test,1,The fierce [wugs],The fierce [wug],-18.939117431640625,-21.814117431640625,-16.9489688873291,-21.1989688873291,-19.252544403076172,-21.377544403076172,-17.39848518371582,-20.52348518371582,128
test,0,The restless [wug],The restless [wugs],-16.166229248046875,-19.041229248046875,-17.47437286376953,-20.09937286376953,-17.064640045166016,-18.689640045166016,-17.844099044799805,-19.719099044799805,128
test,1,The restless [wugs],The restless [wug],-18.190227508544922,-22.252727508544922,-17.756898880004883,-22.756898880004883,-18.066425323486328,-21.503925323486328,-17.764314651489258,-21.639314651489258,128
test,0,The clumsy [wug],The clumsy [wugs],-18.43020248413086,-20.80520248413086,-19.93866729736328,-22.18866729736328,-19.223709106445312,-20.973709106445312,-20.250947952270508,-22.063447952270508,128
test,1,The clumsy [wugs],The clumsy [wug],-19.256149291992188,-20.631149291992188,-19.39130210876465,-21.70380210876465,-19.636245727539062,-20.511245727539062,-19.592409133911133,-21.092409133911133,128
test,0,The lively [wug],The lively [wugs],-19.44342041015625,-20.69342041015625,-19.286762237548828,-21.036762237548828,-20.195226669311523,-20.820226669311523,-19.72417449951172,-20.97417449951172,128
test,1,The lively [wugs],The lively [wug],-17.692272186279297,-21.504772186279297,-17.393293380737305,-21.205793380737305,-18.259872436523438,-21.197372436523438,-18.221242904663086,-20.783742904663086,128
test,0,The clever [wug],The clever [wugs],-18.82758331298828,-21.20258331298828,-19.25602912902832,-21.75602912902832,-19.836111068725586,-21.398611068725586,-19.6328067779541,-21.5078067779541,128
test,1,The clever [wugs],The clever [wug],-19.945240020751953,-23.007740020751953,-18.464014053344727,-22.589014053344727,-19.70370101928711,-21.95370101928711,-18.975664138793945,-21.913164138793945,128
