split,inverse,eval_input,counterfactual_input,clean_logp_A,clean_logp_B,complement_ablation_logp_A,complement_ablation_logp_B,circuit_ablation_logp_A,circuit_ablation_logp_B,all_ablation_logp_A,all_ablation_logp_B,n_nodes
train,0,The timid cow,The timid cows,-13.850092887878418,-15.225092887878418,-11.962135314941406,-13.899635314941406,-14.240425109863281,-15.052925109863281,-12.033474922180176,-13.658474922180176,128
train,1,The timid cows,The timid cow,-12.154802322387695,-17.467302322387695,-10.549148559570312,-15.924148559570312,-11.757269859313965,-16.38226890563965,-10.15090560913086,-14.77590560913086,128
train,0,The small dog,The small dogs,-1.9614734649658203,-9.96147346496582,-2.5770187377929688,-10.077018737792969,-1.9207662343978882,-9.17076587677002,-2.4932336807250977,-9.368233680725098,128
train,1,The small dogs,The small dog,-2.982919931411743,-8.357919692993164,-2.8779008388519287,-8.877901077270508,-2.7277145385742188,-7.477714538574219,-2.7993686199188232,-8.049368858337402,128
train,0,The calm doe,The calm does,-5.372726917266846,-10.935226440429688,-5.064059734344482,-9.81406021118164,-6.926628112792969,-10.489128112792969,-6.246229648590088,-9.12122917175293,128
train,1,The calm does,The calm doe,-14.57888126373291,-17.641380310058594,-10.612146377563477,-13.924646377563477,-14.390373229980469,-17.45287322998047,-10.342456817626953,-13.779956817626953,128
train,0,The timid doe,The timid does,-7.120994567871094,-12.245994567871094,-8.11558723449707,-12.61558723449707,-7.32379674911499,-11.761297225952148,-8.536581993103027,-12.286581993103027,128
train,1,The timid does,The timid doe,-17.455711364746094,-20.205711364746094,-13.721189498901367,-16.596189498901367,-17.206613540649414,-20.519113540649414,-13.975237846374512,-17.037736892700195,128
train,0,The nervous bat,The nervous bats,-13.636314392089844,-14.198814392089844,-11.976963996887207,-13.101963996887207,-13.902909278869629,-14.215409278869629,-12.111848831176758,-13.049348831176758,128
train,1,The nervous bats,The nervous bat,-11.95150089263916,-13.76400089263916,-11.840982437133789,-14.028482437133789,-11.943347930908203,-13.568347930908203,-11.66085147857666,-13.66085147857666,128
train,0,The small doe,The small does,-11.401747703552246,-14.026747703552246,-10.522541999816895,-13.272541999816895,-11.775236129760742,-13.150236129760742,-10.645742416381836,-12.333242416381836,128
train,1,The small does,The small doe,-14.40359878540039,-16.77859878540039,-10.576425552368164,-13.701425552368164,-14.29862117767334,-16.798620223999023,-10.919471740722656,-14.169471740722656,128
train,0,The sleepy pup,The sleepy pups,-13.418964385986328,-16.731464385986328,-13.677545547485352,-16.30254554748535,-13.5933837890625,-16.3433837890625,-14.000774383544922,-15.938274383544922,128
train,1,The sleepy pups,The sleepy pup,-13.145707130432129,-19.020706176757812,-11.987907409667969,-18.48790740966797,-12.98828125,-17.98828125,-11.828831672668457,-17.45383071899414,128
train,0,The bright frog,The bright frogs,-14.489155769348145,-17.98915672302246,-14.021515846252441,-17.771516799926758,-14.60560131072998,-17.605600357055664,-14.270954132080078,-17.520954132080078,128
train,1,The bright frogs,The bright frog,-14.586658477783203,-17.649158477783203,-14.658475875854492,-17.720975875854492,-14.542125701904297,-16.854625701904297,-14.615687370300293,-16.99068832397461,128
train,0,The sleepy panda,The sleepy pandas,-10.689139366149902,-16.25164031982422,-11.162322998046875,-17.037322998046875,-10.449182510375977,-15.636682510375977,-11.193854331970215,-16.44385528564453,128
train,1,The sleepy pandas,The sleepy panda,-10.016736030578613,-13.204236030578613,-10.00155258178711,-13.62655258178711,-9.964920997619629,-12.714920997619629,-9.868611335754395,-13.118611335754395,128
train,0,The fuzzy horse,The fuzzy horses,-1.216976523399353,-9.341976165771484,-1.1618483066558838,-9.786848068237305,-1.3400682210922241,-8.090067863464355,-1.2565171718597412,-8.63151741027832,128
train,1,The fuzzy horses,The fuzzy horse,-1.6412614583969116,-5.516261577606201,-1.394508719444275,-5.6445088386535645,-1.7775006294250488,-4.652500629425049,-1.5105525255203247,-4.760552406311035,128
train,0,The fuzzy cock,The fuzzy cocks,-7.981267929077148,-15.168767929077148,-4.601698398590088,-11.66419792175293,-7.963366985321045,-14.400866508483887,-3.945120334625244,-9.882620811462402,128
train,1,The fuzzy cocks,The fuzzy cock,-2.4648728370666504,-3.5898728370666504,-1.6150251626968384,-3.990025043487549,-2.3900814056396484,-3.3900814056396484,-1.5139158964157104,-3.513916015625,128
train,0,The bright rat,The bright rats,-1.1224980354309082,-8.37249755859375,-1.183851957321167,-9.183852195739746,-1.078787088394165,-6.703786849975586,-1.2066699266433716,-7.581669807434082,128
train,1,The bright rats,The bright rat,-1.3472853899002075,-5.722285270690918,-1.25570809841156,-6.00570821762085,-1.3499974012374878,-5.349997520446777,-1.2235205173492432,-5.723520278930664,128
train,0,The calm cock,The calm cocks,-5.656255722045898,-13.656255722045898,-2.199204921722412,-10.38670539855957,-5.719508171081543,-12.907008171081543,-1.7460426092147827,-8.246042251586914,128
train,1,The calm cocks,The calm cock,-2.1858811378479004,-4.5608811378479,-1.3256251811981201,-5.450625419616699,-2.371835231781006,-4.246835231781006,-1.3853371143341064,-4.385336875915527,128
train,0,The sleepy dolphin,The sleepy dolphins,-1.13797128200531,-10.137970924377441,-1.1545504331588745,-10.467050552368164,-1.2176759243011475,-8.592676162719727,-1.1942452192306519,-9.069245338439941,128
train,1,The sleepy dolphins,The sleepy dolphin,-0.9624902606010437,-7.712490081787109,-0.6975921392440796,-8.447591781616211,-0.9648550748825073,-6.964855194091797,-0.781293511390686,-7.7812933921813965,128
train,0,The sleepy horse,The sleepy horses,-13.107348442077637,-13.982348442077637,-12.69294548034668,-13.88044548034668,-13.306818008422852,-13.931818008422852,-12.849194526672363,-13.786694526672363,128
train,1,The sleepy horses,The sleepy horse,-14.145647048950195,-15.520647048950195,-13.533397674560547,-15.720897674560547,-14.080306053161621,-15.080306053161621,-13.627063751220703,-15.502063751220703,128
train,0,The calm shark,The calm sharks,-12.095928192138672,-17.908428192138672,-12.174568176269531,-18.36206817626953,-12.219157218933105,-17.031658172607422,-12.259446144104004,-17.384445190429688,128
train,1,The calm sharks,The calm shark,-12.057260513305664,-16.494760513305664,-12.236413955688477,-17.236413955688477,-12.212369918823242,-15.899869918823242,-12.346911430358887,-16.659412384033203,128
train,0,The slender frog,The slender frogs,-10.802151679992676,-15.052151679992676,-11.543269157409668,-16.480770111083984,-11.088796615600586,-14.838796615600586,-11.880395889282227,-16.317895889282227,128
train,1,The slender frogs,The slender frog,-12.149054527282715,-16.71155548095703,-12.473024368286133,-17.223024368286133,-11.77739143371582,-15.58989143371582,-12.305492401123047,-16.242992401123047,128
train,0,The small shark,The small sharks,-12.230988502502441,-15.855988502502441,-11.906729698181152,-16.21923065185547,-12.508231163024902,-15.133231163024902,-12.059684753417969,-15.622184753417969,128
train,1,The small sharks,The small shark,-13.87306022644043,-17.12306022644043,-13.415607452392578,-16.540607452392578,-13.7598237991333,-16.572322845458984,-13.323892593383789,-16.13639259338379,128
train,0,The nervous dog,The nervous dogs,-1.1797560453414917,-8.804756164550781,-1.171856164932251,-9.171855926513672,-1.220831274986267,-7.345831394195557,-1.2028061151504517,-7.827805995941162,128
train,1,The nervous dogs,The nervous dog,-1.7859081029891968,-5.410908222198486,-1.613961935043335,-5.738962173461914,-1.792529582977295,-4.917529582977295,-1.6365983486175537,-5.261598587036133,128
train,0,The small monitor,The small monitors,-11.815044403076172,-13.752544403076172,-11.9637451171875,-14.4012451171875,-11.902178764343262,-14.089678764343262,-12.079561233520508,-14.829561233520508,128
train,1,The small monitors,The small monitor,-13.15159797668457,-16.02659797668457,-12.621434211730957,-15.058934211730957,-12.969059944152832,-15.344059944152832,-12.575181007385254,-14.575181007385254,128
train,0,The slender horse,The slender horses,-13.67646598815918,-17.64521598815918,-13.891599655151367,-17.891599655151367,-13.674448013305664,-17.424448013305664,-13.8637056350708,-17.488706588745117,128
train,1,The slender horses,The slender horse,-14.705253601074219,-18.01775360107422,-13.84515380859375,-17.40765380859375,-14.432463645935059,-16.932464599609375,-13.834232330322266,-16.896732330322266,128
train,0,The calm frog,The calm frogs,-8.985494613647461,-13.547994613647461,-8.978076934814453,-13.665576934814453,-9.290042877197266,-12.915042877197266,-9.155840873718262,-13.030840873718262,128
train,1,The calm frogs,The calm frog,-9.786898612976074,-14.474398612976074,-9.605937957763672,-14.980937957763672,-9.967320442199707,-13.092320442199707,-9.817726135253906,-13.942726135253906,128
train,0,The calm dolphin,The calm dolphins,-8.139618873596191,-14.202118873596191,-7.602730751037598,-13.602730751037598,-8.261512756347656,-13.261512756347656,-7.789778232574463,-12.914777755737305,128
train,1,The calm dolphins,The calm dolphin,-9.201774597167969,-15.951774597167969,-8.532057762145996,-15.719557762145996,-9.009024620056152,-14.884024620056152,-8.38859748840332,-14.76359748840332,128
train,0,The slender cow,The slender cows,-13.777129173278809,-16.620878219604492,-12.608257293701172,-14.733257293701172,-14.643357276916504,-16.98710823059082,-12.605145454406738,-14.417645454406738,128
train,1,The slender cows,The slender cow,-14.864862442016602,-17.1773624420166,-12.818947792053223,-15.318947792053223,-14.713171005249023,-16.463171005249023,-12.890350341796875,-14.827850341796875,128
train,0,The nervous dolphin,The nervous dolphins,-1.39054536819458,-9.015544891357422,-1.0943182706832886,-9.594318389892578,-1.5562031269073486,-7.0562028884887695,-1.1923696994781494,-8.06736946105957,128
train,1,The nervous dolphins,The nervous dolphin,-1.3730067014694214,-5.623006820678711,-1.0606889724731445,-5.9356889724731445,-1.3878090381622314,-5.137808799743652,-1.0468809604644775,-5.421880722045898,128
train,0,The sleepy lion,The sleepy lions,-16.460416793823242,-16.710416793823242,-17.428058624267578,-18.115558624267578,-16.606298446655273,-16.231298446655273,-17.63008689880371,-17.69258689880371,128
train,1,The sleepy lions,The sleepy lion,-16.11063575744629,-20.45438575744629,-17.315208435058594,-21.846458435058594,-16.100536346435547,-19.663036346435547,-17.172725677490234,-21.141475677490234,128
train,0,The fuzzy turtle,The fuzzy turtles,-8.701807022094727,-12.451807022094727,-9.581592559814453,-12.206592559814453,-8.905046463012695,-12.030046463012695,-9.729540824890137,-11.917040824890137,128
train,1,The fuzzy turtles,The fuzzy turtle,-8.97110652923584,-14.15860652923584,-9.626917839050293,-15.876917839050293,-9.059279441833496,-13.246779441833496,-9.605575561523438,-15.230575561523438,128
train,0,The slender chick,The slender chicks,-3.0383501052856445,-10.725850105285645,-1.0189951658248901,-10.26899528503418,-3.570209503173828,-9.320209503173828,-0.9734746217727661,-9.223474502563477,128
train,1,The slender chicks,The slender chick,-1.5986347198486328,-8.348634719848633,-1.0141017436981201,-7.764101982116699,-1.5737276077270508,-7.073727607727051,-1.0341812372207642,-6.409181118011475,128
train,0,The sleepy cock,The sleepy cocks,-18.888689041137695,-20.701189041137695,-17.196306228637695,-20.415056228637695,-17.887638092041016,-19.700138092041016,-15.443192481994629,-18.318191528320312,128
train,1,The sleepy cocks,The sleepy cock,-11.821924209594727,-15.978174209594727,-11.534544944763184,-16.784543991088867,-12.149768829345703,-15.837268829345703,-11.579957962036133,-16.329957962036133,128
train,0,The quiet kit,The quiet kits,-10.397168159484863,-10.772168159484863,-10.732190132141113,-10.357190132141113,-10.482999801635742,-10.732999801635742,-10.779866218566895,-10.279866218566895,128
train,1,The quiet kits,The quiet kit,-13.463111877441406,-16.588111877441406,-10.47402572631836,-14.41152572631836,-13.035526275634766,-16.160526275634766,-10.669977188110352,-14.482477188110352,128
train,0,The nervous kitten,The nervous kittens,-1.1157922744750977,-10.053292274475098,-0.9488810300827026,-9.948881149291992,-1.2419853210449219,-8.116985321044922,-1.0512440204620361,-8.301243782043457,128
train,1,The nervous kittens,The nervous kitten,-1.0448827743530273,-5.669882774353027,-1.1279938220977783,-6.252993583679199,-1.2133948802947998,-4.963394641876221,-1.144864797592163,-5.644864559173584,128
train,0,The slender kit,The slender kits,-12.907629013061523,-13.782629013061523,-12.340954780578613,-13.653454780578613,-12.900232315063477,-13.587732315063477,-12.26773452758789,-13.39273452758789,128
train,1,The slender kits,The slender kit,-16.767948150634766,-19.611698150634766,-11.853253364562988,-16.103252410888672,-15.860801696777344,-18.517051696777344,-12.265298843383789,-15.952798843383789,128
train,0,The quiet shark,The quiet sharks,-11.83459758758545,-15.08459758758545,-10.748495101928711,-14.560995101928711,-12.204741477966309,-14.392241477966309,-11.000082015991211,-13.875082015991211,128
train,1,The quiet sharks,The quiet shark,-10.19678020477295,-16.321779251098633,-9.545804977416992,-15.858304977416992,-10.359184265136719,-15.921684265136719,-9.621981620788574,-15.371981620788574,128
train,0,The timid pup,The timid pups,-11.092525482177734,-15.967525482177734,-12.0029296875,-16.3154296875,-11.079341888427734,-15.641841888427734,-12.100997924804688,-16.100997924804688,128
train,1,The timid pups,The timid pup,-13.050714492797852,-15.613214492797852,-13.460850715637207,-16.523351669311523,-12.598732948303223,-14.286232948303223,-12.96084976196289,-15.33584976196289,128
train,0,The timid rat,The timid rats,-7.971994876861572,-13.409494400024414,-8.907310485839844,-14.157310485839844,-8.385369300842285,-13.072869300842285,-9.191575050354004,-13.691575050354004,128
train,1,The timid rats,The timid rat,-11.228437423706055,-13.353437423706055,-11.632097244262695,-13.507097244262695,-11.307716369628906,-12.620216369628906,-11.496180534362793,-12.808680534362793,128
train,0,The small cow,The small cows,-1.2541241645812988,-10.75412368774414,-0.8557789325714111,-10.605778694152832,-1.3555049896240234,-9.105504989624023,-0.9145128726959229,-8.914512634277344,128
train,1,The small cows,The small cow,-0.8591787815093994,-5.48417854309082,-0.7345209121704102,-5.73452091217041,-0.9315499067306519,-4.556550025939941,-0.8493638038635254,-4.599363803863525,128
train,0,The timid rat,The timid rats,-11.409494400024414,-16.940744400024414,-11.969810485839844,-17.313560485839844,-11.885369300842285,-16.26036834716797,-12.254075050354004,-16.691574096679688,128
train,1,The timid rats,The timid rat,-13.103437423706055,-18.665937423706055,-13.819597244262695,-19.132097244262695,-13.182716369628906,-17.620216369628906,-13.808680534362793,-18.43368148803711,128
train,0,The small shark,The small sharks,-14.855988502502441,-15.668488502502441,-14.344229698181152,-15.781729698181152,-15.133231163024902,-15.383231163024902,-14.684684753417969,-15.684684753417969,128
train,1,The small sharks,The small shark,-15.31056022644043,-18.93556022644043,-15.415607452392578,-18.884357452392578,-15.0098237991333,-18.322322845458984,-15.323892593383789,-18.51139259338379,128
train,0,The quiet cow,The quiet cows,-15.961091041564941,-18.179841995239258,-15.170282363891602,-17.1702823638916,-16.485576629638672,-17.985576629638672,-15.437301635742188,-16.874801635742188,128
train,1,The quiet cows,The quiet cow,-15.358986854553223,-20.171485900878906,-14.661962509155273,-19.599462509155273,-15.237691879272461,-19.42519187927246,-14.465592384338379,-18.778093338012695,128
train,0,The bright doe,The bright does,-12.418702125549316,-14.231202125549316,-12.046595573425293,-14.171595573425293,-15.125767707824707,-15.250767707824707,-12.440265655517578,-13.565265655517578,128
train,1,The bright does,The bright doe,-12.954392433166504,-14.954392433166504,-11.470773696899414,-14.533273696899414,-12.817815780639648,-15.005315780639648,-11.626301765441895,-14.751301765441895,128
train,0,The nervous lion,The nervous lions,-11.068885803222656,-11.568885803222656,-11.023076057434082,-12.148076057434082,-11.333009719848633,-11.458009719848633,-11.244171142578125,-12.056671142578125,128
train,1,The nervous lions,The nervous lion,-12.019341468811035,-13.331841468811035,-13.137864112854004,-14.325364112854004,-11.832456588745117,-13.019956588745117,-12.847051620483398,-14.034551620483398,128
train,0,The sleepy dog,The sleepy dogs,-13.514934539794922,-16.014934539794922,-12.77460765838623,-14.64960765838623,-13.352861404418945,-15.602861404418945,-12.95250415802002,-14.45250415802002,128
train,1,The sleepy dogs,The sleepy dog,-11.44724178314209,-16.947240829467773,-10.943756103515625,-16.943756103515625,-11.386183738708496,-16.261184692382812,-10.875865936279297,-16.438365936279297,128
train,0,The calm horse,The calm horses,-11.476090431213379,-15.101090431213379,-11.696016311645508,-14.758516311645508,-11.719496726989746,-14.844496726989746,-11.884330749511719,-14.509330749511719,128
train,1,The calm horses,The calm horse,-10.829357147216797,-16.766857147216797,-10.448959350585938,-16.386459350585938,-10.941892623901367,-15.441892623901367,-10.5750732421875,-15.5750732421875,128
train,0,The small kitten,The small kittens,-16.085176467895508,-16.585176467895508,-15.301331520080566,-16.30133056640625,-16.109485626220703,-16.359485626220703,-15.144613265991211,-15.832113265991211,128
train,1,The small kittens,The small kitten,-14.307034492492676,-20.619535446166992,-14.133793830871582,-20.0087947845459,-13.747270584106445,-19.841020584106445,-13.370314598083496,-19.057815551757812,128
train,0,The timid turtle,The timid turtles,-16.705028533935547,-21.376903533935547,-14.144783973693848,-17.551034927368164,-16.666011810302734,-20.681636810302734,-14.57608699798584,-17.326087951660156,128
train,1,The timid turtles,The timid turtle,-16.518449783325195,-20.174699783325195,-14.210918426513672,-19.835918426513672,-15.563240051269531,-17.96949005126953,-13.727724075317383,-18.821474075317383,128
train,0,The fuzzy frog,The fuzzy frogs,-13.882168769836426,-15.382168769836426,-14.416178703308105,-17.416179656982422,-13.911991119384766,-14.849491119384766,-14.481610298156738,-16.794111251831055,128
train,1,The fuzzy frogs,The fuzzy frog,-13.524942398071289,-16.96244239807129,-15.179886817932129,-18.492385864257812,-13.579312324523926,-16.14181137084961,-15.11871337890625,-17.68121337890625,128
train,0,The small lion,The small lions,-13.347777366638184,-18.0352783203125,-11.956523895263672,-17.519023895263672,-13.88340950012207,-17.00840950012207,-12.34032917022705,-16.652828216552734,128
train,1,The small lions,The small lion,-12.60793399810791,-18.045433044433594,-12.842687606811523,-18.280187606811523,-12.62706470489502,-16.814563751220703,-12.919506072998047,-17.732006072998047,128
train,0,The fuzzy cow,The fuzzy cows,-15.184864044189453,-18.466114044189453,-14.49099349975586,-18.11599349975586,-15.378889083862305,-18.410139083862305,-14.78790283203125,-18.10040283203125,128
train,1,The fuzzy cows,The fuzzy cow,-16.724517822265625,-17.724517822265625,-16.356582641601562,-17.919082641601562,-16.552324295043945,-17.489824295043945,-16.183961868286133,-17.433961868286133,128
train,0,The nervous panda,The nervous pandas,-1.4234702587127686,-9.173470497131348,-0.9721375703811646,-9.472137451171875,-1.196560025215149,-7.821559906005859,-0.9388726949691772,-7.688872814178467,128
train,1,The nervous pandas,The nervous panda,-0.65473473072052,-4.4047346115112305,-0.5255076885223389,-5.525507926940918,-0.8186666369438171,-3.318666696548462,-0.6174421310424805,-4.6174421310424805,128
train,0,The small bat,The small bats,-13.140338897705078,-16.515338897705078,-12.225159645080566,-16.850160598754883,-13.734733581542969,-16.29723358154297,-12.533684730529785,-16.40868377685547,128
train,1,The small bats,The small bat,-14.557546615600586,-18.870046615600586,-13.297710418701172,-18.047710418701172,-14.008285522460938,-18.008285522460938,-13.137838363647461,-17.38783836364746,128
train,0,The slender horse,The slender horses,-14.80146598815918,-16.42646598815918,-14.329099655151367,-16.016599655151367,-14.799448013305664,-16.299448013305664,-14.2387056350708,-15.6762056350708,128
train,1,The slender horses,The slender horse,-14.517753601074219,-17.14275360107422,-13.59515380859375,-16.34515380859375,-14.307463645935059,-16.307464599609375,-13.646732330322266,-15.959232330322266,128
train,0,The timid panda,The timid pandas,-11.07789134979248,-15.32789134979248,-10.876343727111816,-15.313843727111816,-11.243602752685547,-14.868602752685547,-11.254581451416016,-15.129581451416016,128
train,1,The timid pandas,The timid panda,-9.40457534790039,-15.96707534790039,-9.329083442687988,-16.016582489013672,-9.450324058532715,-15.200324058532715,-9.29764175415039,-15.04764175415039,128
train,0,The timid chick,The timid chicks,-16.89114761352539,-20.42239761352539,-15.819428443908691,-18.975677490234375,-17.047666549682617,-19.828916549682617,-15.753655433654785,-18.50365447998047,128
train,1,The timid chicks,The timid chick,-15.910161972045898,-20.8164119720459,-15.196784973144531,-19.41553497314453,-15.551858901977539,-19.92685890197754,-14.810189247131348,-18.52893829345703,128
train,0,The small pup,The small pups,-14.211063385009766,-18.398563385009766,-13.656845092773438,-18.406845092773438,-14.016853332519531,-17.39185333251953,-13.473003387451172,-17.848003387451172,128
train,1,The small pups,The small pup,-14.007102966308594,-18.257102966308594,-13.823638916015625,-18.198638916015625,-13.637712478637695,-17.262712478637695,-13.335261344909668,-17.14776039123535,128
train,0,The bright kitten,The bright kittens,-11.967317581176758,-15.967317581176758,-12.270429611206055,-16.020429611206055,-12.008219718933105,-15.320719718933105,-12.247767448425293,-15.560267448425293,128
train,1,The bright kittens,The bright kitten,-12.676321983337402,-16.05132293701172,-12.957708358764648,-16.45770835876465,-12.396280288696289,-15.271280288696289,-12.772479057312012,-15.959979057312012,128
train,0,The small frog,The small frogs,-15.852921485900879,-20.415420532226562,-15.149868965148926,-19.58736801147461,-15.64482307434082,-19.80107307434082,-14.841924667358398,-18.8419246673584,128
train,1,The small frogs,The small frog,-15.030494689941406,-19.249244689941406,-14.937925338745117,-19.000425338745117,-14.904596328735352,-18.09209632873535,-14.631561279296875,-17.694061279296875,128
train,0,The small kitten,The small kittens,-0.5226757526397705,-11.960175514221191,-0.48883140087127686,-11.426331520080566,-0.5469852089881897,-10.234485626220703,-0.5196132659912109,-9.894613265991211,128
train,1,The small kittens,The small kitten,-0.43203479051589966,-8.682034492492676,-0.3837941884994507,-8.883793830871582,-0.4972708225250244,-7.372270584106445,-0.49531489610671997,-7.620315074920654,128
train,0,The nervous kit,The nervous kits,-0.7760993242263794,-8.65109920501709,-1.234641671180725,-8.609642028808594,-0.7864509224891663,-8.28645133972168,-1.281588077545166,-7.531588077545166,128
train,1,The nervous kits,The nervous kit,-1.5219436883926392,-3.2719435691833496,-1.1752984523773193,-5.175298690795898,-1.6608796119689941,-2.785879611968994,-1.2836071252822876,-4.533607006072998,128
train,0,The nervous monitor,The nervous monitors,-1.0291826725006104,-9.529182434082031,-1.2715530395507812,-9.771553039550781,-1.0258198976516724,-8.775819778442383,-1.3119832277297974,-9.061983108520508,128
train,1,The nervous monitors,The nervous monitor,-2.91172456741333,-4.66172456741333,-2.6268692016601562,-5.751869201660156,-2.744135856628418,-4.244135856628418,-2.476684331893921,-5.6016845703125,128
train,0,The calm shark,The calm sharks,-8.283428192138672,-13.845928192138672,-8.237068176269531,-13.924568176269531,-8.156657218933105,-12.469157218933105,-8.196946144104004,-12.759446144104004,128
train,1,The calm sharks,The calm shark,-7.432260513305664,-12.494760513305664,-7.548913955688477,-13.673913955688477,-7.4623703956604,-11.837369918823242,-7.534411430358887,-12.909411430358887,128
train,0,The calm lion,The calm lions,-12.441308975219727,-17.503808975219727,-12.081934928894043,-17.738183975219727,-13.004754066467285,-17.06725311279297,-12.424699783325195,-17.237199783325195,128
train,1,The calm lions,The calm lion,-11.952798843383789,-16.51529884338379,-12.550312042236328,-17.800312042236328,-11.625824928283691,-14.813324928283691,-12.380120277404785,-16.6301212310791,128
train,0,The quiet cock,The quiet cocks,-16.023202896118164,-17.054452896118164,-16.836885452270508,-15.993134498596191,-15.55998420715332,-15.87248420715332,-15.775327682495117,-14.056577682495117,128
train,1,The quiet cocks,The quiet cock,-14.720917701721191,-16.658418655395508,-14.165840148925781,-15.853340148925781,-14.836784362792969,-16.74303436279297,-14.169517517089844,-15.982017517089844,128
train,0,The sleepy horse,The sleepy horses,-13.107348442077637,-14.857348442077637,-12.88044548034668,-15.31794548034668,-13.244318008422852,-14.619318008422852,-12.974194526672363,-14.974194526672363,128
train,1,The sleepy horses,The sleepy horse,-12.895647048950195,-16.708147048950195,-12.470897674560547,-17.783397674560547,-12.767806053161621,-15.580306053161621,-12.502063751220703,-17.377063751220703,128
train,0,The quiet cow,The quiet cows,-11.148591041564941,-18.023591995239258,-11.107782363891602,-18.0140323638916,-11.360576629638672,-17.673076629638672,-11.124801635742188,-17.499801635742188,128
train,1,The quiet cows,The quiet cow,-11.233986854553223,-15.983986854553223,-11.474462509155273,-16.161962509155273,-11.175191879272461,-15.050191879272461,-11.278092384338379,-15.090592384338379,128
train,0,The small cock,The small cocks,-10.707958221435547,-17.520458221435547,-4.394472599029541,-11.2069730758667,-10.53929615020752,-16.476795196533203,-3.6930203437805176,-9.13051986694336,128
train,1,The small cocks,The small cock,-3.351407051086426,-5.476407051086426,-0.9424248337745667,-6.442424774169922,-3.5280067920684814,-5.278006553649902,-1.0160611867904663,-5.641061305999756,128
train,0,The bright whale,The bright whales,-13.018492698669434,-14.268492698669434,-12.834643363952637,-14.147143363952637,-13.021644592285156,-13.896644592285156,-12.97369384765625,-13.72369384765625,128
train,1,The bright whales,The bright whale,-11.911724090576172,-17.786724090576172,-12.208098411560059,-18.770599365234375,-11.66623592376709,-16.853736877441406,-11.890993118286133,-17.890993118286133,128
train,0,The bright chick,The bright chicks,-14.31101131439209,-15.24851131439209,-13.938677787780762,-16.563678741455078,-15.047087669372559,-14.922087669372559,-14.164982795715332,-16.352481842041016,128
train,1,The bright chicks,The bright chick,-13.185184478759766,-18.903934478759766,-13.308594703674316,-18.71484375,-12.98220443725586,-18.41970443725586,-13.062959671020508,-18.125459671020508,128
train,0,The quiet monitor,The quiet monitors,-2.5978732109069824,-11.160372734069824,-1.8879287242889404,-10.57542896270752,-2.5688486099243164,-10.443848609924316,-1.9485995769500732,-9.823599815368652,128
train,1,The quiet monitors,The quiet monitor,-1.7900482416152954,-6.165048122406006,-1.5917072296142578,-6.216707229614258,-1.9900097846984863,-5.615009784698486,-1.583809733390808,-5.958809852600098,128
train,0,The small turtle,The small turtles,-12.716646194458008,-16.841646194458008,-11.258430480957031,-15.070930480957031,-12.168840408325195,-15.418840408325195,-10.864258766174316,-13.864258766174316,128
train,1,The small turtles,The small turtle,-13.38086223602295,-17.818361282348633,-12.249217987060547,-16.874217987060547,-13.107152938842773,-16.669652938842773,-12.035223960876465,-16.03522491455078,128
train,0,The nervous shark,The nervous sharks,-12.769710540771484,-16.832210540771484,-12.403225898742676,-16.59072494506836,-13.00387954711914,-16.37887954711914,-12.632909774780273,-16.382909774780273,128
train,1,The nervous sharks,The nervous shark,-13.541359901428223,-15.791359901428223,-13.457775115966797,-15.395275115966797,-13.387733459472656,-15.387733459472656,-13.299722671508789,-14.987222671508789,128
train,0,The quiet doe,The quiet does,-12.772300720214844,-17.334800720214844,-12.000181198120117,-16.500181198120117,-13.397615432739258,-16.710115432739258,-12.264321327209473,-15.701821327209473,128
train,1,The quiet does,The quiet doe,-16.2750301361084,-20.0875301361084,-14.526535034179688,-18.276535034179688,-16.0864315032959,-19.8364315032959,-14.698966026306152,-18.38646697998047,128
train,0,The bright doe,The bright does,-13.731202125549316,-14.793702125549316,-13.171595573425293,-14.609095573425293,-15.688267707824707,-15.563267707824707,-13.627765655517578,-14.002765655517578,128
train,1,The bright does,The bright doe,-15.454392433166504,-18.329391479492188,-14.033273696899414,-17.033273696899414,-15.255315780639648,-18.25531578063965,-13.813801765441895,-17.12630271911621,128
train,0,The nervous rat,The nervous rats,-12.779240608215332,-17.904239654541016,-11.598653793334961,-17.09865379333496,-12.76897144317627,-17.331470489501953,-11.731276512145996,-16.731277465820312,128
train,1,The nervous rats,The nervous rat,-12.880378723144531,-16.19287872314453,-13.284355163574219,-16.65935516357422,-12.787351608276367,-15.724851608276367,-13.055984497070312,-16.305984497070312,128
train,0,The slender kit,The slender kits,-1.9076292514801025,-9.720129013061523,-0.9659550189971924,-9.903454780578613,-1.837731957435608,-8.962732315063477,-1.0177347660064697,-8.64273452758789,128
train,1,The slender kits,The slender kit,-4.580448150634766,-8.955448150634766,-0.978253185749054,-6.353253364562988,-4.485801696777344,-7.985801696777344,-0.95279860496521,-5.952798843383789,128
train,0,The quiet doe,The quiet does,-16.397300720214844,-17.709800720214844,-14.750181198120117,-16.062681198120117,-16.960115432739258,-17.585115432739258,-15.139321327209473,-15.764321327209473,128
train,1,The quiet does,The quiet doe,-16.2750301361084,-20.7750301361084,-16.276535034179688,-19.620285034179688,-16.3989315032959,-20.9926815032959,-16.82396697998047,-20.26146697998047,128
train,0,The bright pup,The bright pups,-12.050472259521484,-17.519222259521484,-9.592366218566895,-12.029866218566895,-13.073185920715332,-18.541934967041016,-9.336408615112305,-12.398908615112305,128
train,1,The bright pups,The bright pup,-12.104402542114258,-13.041902542114258,-12.373611450195312,-12.873611450195312,-12.018579483032227,-12.581079483032227,-12.224108695983887,-12.661608695983887,128
train,0,The sleepy rat,The sleepy rats,-12.393178939819336,-16.018178939819336,-11.15389347076416,-15.40389347076416,-12.690752983093262,-15.440752983093262,-11.401043891906738,-14.838543891906738,128
train,1,The sleepy rats,The sleepy rat,-12.752751350402832,-16.127750396728516,-12.426168441772461,-15.738668441772461,-12.537117004394531,-15.162117004394531,-12.243061065673828,-14.993061065673828,128
train,0,The sleepy bat,The sleepy bats,-11.859312057495117,-15.046812057495117,-12.261301040649414,-15.073801040649414,-11.64639663696289,-14.70889663696289,-12.316910743713379,-15.066910743713379,128
train,1,The sleepy bats,The sleepy bat,-10.76627254486084,-15.64127254486084,-12.338650703430176,-17.21364974975586,-10.899590492248535,-15.212090492248535,-12.451263427734375,-16.826263427734375,128
train,0,The sleepy turtle,The sleepy turtles,-12.677847862243652,-16.42784881591797,-11.425139427185059,-15.612639427185059,-12.614266395568848,-15.926766395568848,-11.764542579650879,-15.452042579650879,128
train,1,The sleepy turtles,The sleepy turtle,-13.49799919128418,-17.62299919128418,-12.141804695129395,-16.45430564880371,-13.124834060668945,-16.249834060668945,-12.331180572509766,-15.956180572509766,128
train,0,The timid horse,The timid horses,-7.262386322021484,-10.074886322021484,-7.03726863861084,-9.47476863861084,-7.329124450683594,-9.829124450683594,-7.016171932220459,-9.1411714553833,128
train,1,The timid horses,The timid horse,-7.813702583312988,-12.876202583312988,-6.836468696594238,-12.023968696594238,-7.659605979919434,-11.784605979919434,-6.932404041290283,-11.307403564453125,128
train,0,The small cow,The small cows,-10.12912368774414,-16.19162368774414,-9.730778694152832,-15.668278694152832,-10.668004989624023,-15.793004989624023,-9.852012634277344,-15.102012634277344,128
train,1,The small cows,The small cow,-11.73417854309082,-14.67167854309082,-10.98452091217041,-14.42202091217041,-11.869050025939941,-14.181550025939941,-11.036863327026367,-13.786863327026367,128
train,0,The bright lion,The bright lions,-12.085332870483398,-13.960332870483398,-11.1236572265625,-12.9361572265625,-12.522955894470215,-14.085455894470215,-11.377182006835938,-12.752182006835938,128
train,1,The bright lions,The bright lion,-11.683990478515625,-14.621490478515625,-10.941722869873047,-14.316722869873047,-11.60620403289795,-14.10620403289795,-10.67155933380127,-13.92155933380127,128
train,0,The bright horse,The bright horses,-1.4632030725479126,-9.400703430175781,-1.1852346658706665,-9.497735023498535,-1.5142157077789307,-8.139215469360352,-1.2627465724945068,-8.387746810913086,128
train,1,The bright horses,The bright horse,-1.8106166124343872,-6.310616493225098,-1.3325135707855225,-6.457513809204102,-1.7034088373184204,-4.828408718109131,-1.3961448669433594,-5.521144866943359,128
train,0,The nervous rabbit,The nervous rabbits,-12.333693504333496,-16.20869255065918,-12.159534454345703,-16.847034454345703,-12.594463348388672,-16.031963348388672,-12.208135604858398,-16.5206356048584,128
train,1,The nervous rabbits,The nervous rabbit,-11.790274620056152,-14.477774620056152,-12.57750415802002,-16.140003204345703,-11.880908966064453,-13.693408966064453,-12.373730659484863,-14.936230659484863,128
train,0,The timid monitor,The timid monitors,-14.212578773498535,-18.46257781982422,-11.628446578979492,-15.815946578979492,-13.454456329345703,-17.454456329345703,-11.362401962280273,-15.237401962280273,128
train,1,The timid monitors,The timid monitor,-8.344606399536133,-13.157106399536133,-8.954744338989258,-13.517244338989258,-8.58984375,-12.77734375,-8.98210620880127,-13.10710620880127,128
train,0,The sleepy rabbit,The sleepy rabbits,-13.099468231201172,-16.099468231201172,-12.772236824035645,-15.459736824035645,-13.456665992736816,-16.081666946411133,-13.18489933013916,-15.49739933013916,128
train,1,The sleepy rabbits,The sleepy rabbit,-13.768247604370117,-18.736997604370117,-13.968058586120605,-18.84305763244629,-13.241913795471191,-17.116914749145508,-13.531595230102539,-17.59409523010254,128
train,0,The small dog,The small dogs,-6.21147346496582,-10.83647346496582,-5.827018737792969,-10.327018737792969,-6.545766353607178,-10.73326587677002,-6.118233680725098,-10.180733680725098,128
train,1,The small dogs,The small dog,-8.107919692993164,-12.170419692993164,-7.62790060043335,-11.815401077270508,-7.852714538574219,-11.415214538574219,-7.424368858337402,-11.174368858337402,128
train,0,The bright shark,The bright sharks,-0.7679899334907532,-8.267990112304688,-0.7626818418502808,-9.01268196105957,-0.9655885696411133,-5.715588569641113,-0.8435550332069397,-6.968554973602295,128
train,1,The bright sharks,The bright shark,-0.7262637615203857,-5.601263999938965,-0.9022684097290039,-6.777268409729004,-0.7201253771781921,-4.720125198364258,-0.8384301066398621,-6.213429927825928,128
train,0,The sleepy dog,The sleepy dogs,-0.8274350166320801,-11.327434539794922,-1.2121076583862305,-10.33710765838623,-0.9778609275817871,-9.977861404418945,-1.3275039196014404,-9.07750415802002,128
train,1,The sleepy dogs,The sleepy dog,-1.8847414255142212,-7.009741306304932,-1.5062556266784668,-6.881255626678467,-2.011183738708496,-6.136183738708496,-1.5633658170700073,-6.188365936279297,128
train,0,The sleepy shark,The sleepy sharks,-10.876995086669922,-11.126995086669922,-10.98628044128418,-12.36128044128418,-11.143807411193848,-10.768807411193848,-11.099690437316895,-11.912190437316895,128
train,1,The sleepy sharks,The sleepy shark,-9.708343505859375,-14.270843505859375,-10.746991157531738,-15.496991157531738,-9.683226585388184,-13.683226585388184,-10.51655101776123,-14.82905101776123,128
train,0,The sleepy doe,The sleepy does,-14.487417221069336,-15.862417221069336,-13.558758735656738,-15.121258735656738,-14.676300048828125,-15.363800048828125,-13.47150707244873,-14.22150707244873,128
train,1,The sleepy does,The sleepy doe,-14.400418281555176,-17.46291732788086,-13.061051368713379,-15.998551368713379,-14.365501403808594,-17.678001403808594,-13.071029663085938,-16.383529663085938,128
train,0,The bright turtle,The bright turtles,-13.827152252197266,-17.952152252197266,-14.008231163024902,-18.00823211669922,-14.01887035369873,-17.456371307373047,-14.218748092651367,-17.593748092651367,128
train,1,The bright turtles,The bright turtle,-14.249429702758789,-17.18692970275879,-13.695995330810547,-17.570995330810547,-14.21259593963623,-16.462594985961914,-13.841365814208984,-17.341365814208984,128
train,0,The sleepy frog,The sleepy frogs,-11.00303840637207,-15.62803840637207,-11.660771369934082,-17.098270416259766,-11.349756240844727,-15.412256240844727,-12.043832778930664,-16.981332778930664,128
train,1,The sleepy frogs,The sleepy frog,-12.75236701965332,-17.12736701965332,-13.486401557922363,-17.98640251159668,-12.353618621826172,-15.478618621826172,-13.334218978881836,-16.771718978881836,128
train,0,The quiet pup,The quiet pups,-6.564603805541992,-12.377103805541992,-6.980811595916748,-11.855812072753906,-6.741022109985352,-11.991022109985352,-7.170324802398682,-11.607824325561523,128
train,1,The quiet pups,The quiet pup,-9.035331726074219,-11.722831726074219,-8.766185760498047,-11.766185760498047,-9.061541557312012,-10.499041557312012,-8.70703411102295,-10.76953411102295,128
train,0,The timid chick,The timid chicks,-11.51614761352539,-14.57864761352539,-11.319428443908691,-14.694428443908691,-11.360167503356934,-13.610167503356934,-11.066155433654785,-13.878655433654785,128
train,1,The timid chicks,The timid chick,-12.222661972045898,-17.9101619720459,-11.759284973144531,-16.88428497314453,-11.989358901977539,-17.05185890197754,-11.560189247131348,-16.12268829345703,128
train,0,The calm rat,The calm rats,-11.481011390686035,-13.168511390686035,-11.43124008178711,-12.80624008178711,-11.552238464355469,-12.864738464355469,-11.304315567016602,-12.304315567016602,128
train,1,The calm rats,The calm rat,-11.664641380310059,-13.102141380310059,-11.969396591186523,-13.906896591186523,-11.575258255004883,-12.700258255004883,-11.798419952392578,-13.485919952392578,128
train,0,The quiet monitor,The quiet monitors,-14.035372734069824,-15.160372734069824,-13.76292896270752,-14.32542896270752,-14.193848609924316,-15.131348609924316,-13.761099815368652,-14.198599815368652,128
train,1,The quiet monitors,The quiet monitor,-12.852548599243164,-14.102548599243164,-12.654207229614258,-13.904207229614258,-12.740009307861328,-13.677509307861328,-12.521309852600098,-13.583809852600098,128
train,0,The small lion,The small lions,-13.410277366638184,-15.285277366638184,-13.019023895263672,-15.581523895263672,-13.82090950012207,-14.44590950012207,-13.09032917022705,-14.46532917022705,128
train,1,The small lions,The small lion,-13.10793399810791,-17.670433044433594,-13.030187606811523,-17.467687606811523,-12.93956470489502,-16.752063751220703,-12.857006072998047,-16.982006072998047,128
train,0,The quiet kitten,The quiet kittens,-17.423166275024414,-22.095041275024414,-16.317190170288086,-20.567190170288086,-17.09593963623047,-21.06468963623047,-16.083112716674805,-19.801862716674805,128
train,1,The quiet kittens,The quiet kitten,-16.762128829956055,-21.387128829956055,-15.412378311157227,-20.037378311157227,-16.429792404174805,-19.929792404174805,-15.186365127563477,-19.092615127563477,128
train,0,The fuzzy dog,The fuzzy dogs,-10.502632141113281,-13.440132141113281,-10.441370010375977,-13.128870010375977,-10.756327629089355,-13.256327629089355,-10.548226356506348,-12.985726356506348,128
train,1,The fuzzy dogs,The fuzzy dog,-10.280802726745605,-14.780802726745605,-10.103703498840332,-15.103703498840332,-10.348783493041992,-14.411283493041992,-10.066505432128906,-14.441505432128906,128
train,0,The fuzzy whale,The fuzzy whales,-1.9475491046905518,-9.447548866271973,-0.7401033043861389,-10.115103721618652,-1.8624696731567383,-7.987469673156738,-0.847279965877533,-8.97227954864502,128
train,1,The fuzzy whales,The fuzzy whale,-0.5375484228134155,-6.037548542022705,-0.5280855298042297,-6.403085708618164,-0.5816700458526611,-5.081669807434082,-0.595236599445343,-5.845236778259277,128
train,0,The fuzzy dog,The fuzzy dogs,-12.502632141113281,-15.565132141113281,-13.691370010375977,-16.503870010375977,-12.568827629089355,-15.381327629089355,-13.735726356506348,-16.36072540283203,128
train,1,The fuzzy dogs,The fuzzy dog,-13.218302726745605,-16.40580177307129,-13.728703498840332,-17.041202545166016,-12.973783493041992,-15.848783493041992,-13.316505432128906,-16.316505432128906,128
train,0,The small kit,The small kits,-11.521703720092773,-14.146703720092773,-10.813521385192871,-14.251021385192871,-11.597305297851562,-14.097305297851562,-10.460498809814453,-13.835498809814453,128
train,1,The small kits,The small kit,-13.460371017456055,-15.647871017456055,-10.93620491027832,-14.24870491027832,-13.543596267700195,-15.356096267700195,-10.838916778564453,-13.776416778564453,128
train,0,The slender dog,The slender dogs,-15.885749816894531,-16.94824981689453,-15.999594688415527,-16.68709373474121,-16.12090492248535,-17.05840492248535,-16.22679328918457,-16.78929328918457,128
train,1,The slender dogs,The slender dog,-14.783407211303711,-15.908407211303711,-13.297140121459961,-14.672140121459961,-14.444862365722656,-15.632362365722656,-13.005446434020996,-14.442946434020996,128
train,0,The bright panda,The bright pandas,-11.723977088928223,-12.411477088928223,-11.778478622436523,-13.965978622436523,-11.907629013061523,-12.032629013061523,-11.95572280883789,-13.76822280883789,128
train,1,The bright pandas,The bright panda,-11.3430757522583,-17.593076705932617,-11.52954387664795,-17.092042922973633,-11.034476280212402,-16.846975326538086,-11.3741455078125,-16.8116455078125,128
train,0,The sleepy cow,The sleepy cows,-14.860182762145996,-15.860182762145996,-13.70959186553955,-14.52209186553955,-15.140860557556152,-15.703360557556152,-14.129596710205078,-14.442096710205078,128
train,1,The sleepy cows,The sleepy cow,-17.21151351928711,-19.83651351928711,-14.402034759521484,-18.027034759521484,-16.435043334960938,-18.872543334960938,-13.9948148727417,-17.307313919067383,128
train,0,The quiet dog,The quiet dogs,-1.3637690544128418,-10.86376953125,-1.0916221141815186,-9.966622352600098,-1.4767684936523438,-9.476768493652344,-1.1823011636734009,-8.68230152130127,128
train,1,The quiet dogs,The quiet dog,-1.3373838663101196,-6.71238374710083,-1.240017056465149,-6.865016937255859,-1.541571855545044,-5.041571617126465,-1.3043845891952515,-5.804384708404541,128
train,0,The fuzzy dog,The fuzzy dogs,-8.440132141113281,-12.440132141113281,-7.316370487213135,-11.253870010375977,-8.631327629089355,-12.193827629089355,-7.423226356506348,-11.048226356506348,128
train,1,The fuzzy dogs,The fuzzy dog,-8.405802726745605,-12.155802726745605,-7.478703022003174,-11.603703498840332,-8.223783493041992,-11.598783493041992,-7.441505432128906,-11.066505432128906,128
train,0,The fuzzy kit,The fuzzy kits,-11.083250045776367,-12.645750045776367,-11.982067108154297,-13.419567108154297,-11.36627197265625,-12.86627197265625,-12.019136428833008,-13.519136428833008,128
train,1,The fuzzy kits,The fuzzy kit,-13.319664001464844,-15.882164001464844,-11.987358093261719,-15.737358093261719,-12.901213645935059,-15.401213645935059,-11.97833251953125,-15.60333251953125,128
train,0,The small doe,The small does,-10.714247703552246,-13.089247703552246,-11.460041999816895,-13.647541999816895,-11.212736129760742,-12.275236129760742,-11.520742416381836,-12.583242416381836,128
train,1,The small does,The small doe,-17.34109878540039,-20.27859878540039,-11.888925552368164,-16.138925552368164,-16.423620223999023,-19.736120223999023,-11.919471740722656,-16.544471740722656,128
train,0,The bright pup,The bright pups,-4.300472736358643,-11.425472259521484,-1.0298664569854736,-9.404866218566895,-5.760685920715332,-11.260685920715332,-1.1489088535308838,-8.148908615112305,128
train,1,The bright pups,The bright pup,-1.2294020652770996,-5.8544020652771,-0.9986119270324707,-6.498611927032471,-1.3310799598693848,-4.831079959869385,-1.0366088151931763,-5.661608695983887,128
train,0,The slender pup,The slender pups,-14.889857292175293,-16.63985824584961,-10.515624046325684,-14.453124046325684,-16.03158187866211,-16.53158187866211,-10.879741668701172,-14.067241668701172,128
train,1,The slender pups,The slender pup,-12.691976547241211,-16.56697654724121,-11.258820533752441,-15.446320533752441,-12.139654159545898,-15.514654159545898,-11.010672569274902,-14.885672569274902,128
train,0,The slender chick,The slender chicks,-4.9133501052856445,-13.600850105285645,-2.7689952850341797,-12.20649528503418,-5.195209503173828,-12.570209503173828,-2.7234745025634766,-11.598474502563477,128
train,1,The slender chicks,The slender chick,-3.973634719848633,-9.598634719848633,-3.38910174369812,-9.1391019821167,-3.698727607727051,-8.44872760772705,-3.2841811180114746,-7.909181118011475,128
train,0,The fuzzy shark,The fuzzy sharks,-0.5273312330245972,-8.777331352233887,-0.7318436503410339,-9.481843948364258,-0.5842918157577515,-6.709291934967041,-0.7499039769172668,-7.874904155731201,128
train,1,The fuzzy sharks,The fuzzy shark,-0.6293075680732727,-6.129307746887207,-0.709708034992218,-6.709708213806152,-0.6980723142623901,-5.19807243347168,-0.7240879535675049,-5.974087715148926,128
train,0,The nervous pup,The nervous pups,-2.307861566543579,-10.120361328125,-1.1308268308639526,-9.193326950073242,-2.4971723556518555,-9.059672355651855,-1.2962093353271484,-7.921209335327148,128
train,1,The nervous pups,The nervous pup,-1.221616506576538,-4.471616744995117,-1.1342151165008545,-5.259215354919434,-1.4091267585754395,-3.7841267585754395,-1.2402448654174805,-4.6152448654174805,128
train,0,The slender cock,The slender cocks,-16.580440521240234,-17.955440521240234,-10.769586563110352,-14.394586563110352,-16.544618606567383,-17.544618606567383,-10.780820846557617,-13.780820846557617,128
train,1,The slender cocks,The slender cock,-9.078620910644531,-13.578620910644531,-6.417969226837158,-12.16796875,-8.933623313903809,-12.996123313903809,-6.246939182281494,-11.434438705444336,128
train,0,The sleepy kit,The sleepy kits,-13.732665061950684,-17.795166015625,-12.798233985900879,-16.985733032226562,-13.739240646362305,-17.395490646362305,-12.630505561828613,-16.318004608154297,128
train,1,The sleepy kits,The sleepy kit,-17.190345764160156,-20.409095764160156,-11.327672004699707,-15.702672004699707,-16.481658935546875,-19.387908935546875,-11.381032943725586,-14.818532943725586,128
train,0,The bright rabbit,The bright rabbits,-12.979798316955566,-15.917298316955566,-13.133073806762695,-15.445573806762695,-13.295148849487305,-15.857648849487305,-13.397082328796387,-15.397082328796387,128
train,1,The bright rabbits,The bright rabbit,-13.108120918273926,-17.29561996459961,-12.697559356689453,-17.072559356689453,-12.760504722595215,-16.19800567626953,-12.48531436920166,-16.485315322875977,128
train,0,The sleepy frog,The sleepy frogs,-14.44053840637207,-17.37803840637207,-14.410771369934082,-18.035770416259766,-14.474756240844727,-16.787256240844727,-14.481332778930664,-17.606332778930664,128
train,1,The sleepy frogs,The sleepy frog,-14.06486701965332,-18.25236701965332,-14.423901557922363,-18.64265251159668,-14.103618621826172,-17.103618621826172,-14.709218978881836,-17.896718978881836,128
train,0,The bright whale,The bright whales,-15.143492698669434,-15.393492698669434,-15.147143363952637,-15.772143363952637,-15.209144592285156,-15.209144592285156,-15.28619384765625,-15.53619384765625,128
train,1,The bright whales,The bright whale,-15.161724090576172,-18.161724090576172,-14.708098411560059,-18.145599365234375,-15.16623592376709,-17.728736877441406,-14.828493118286133,-17.765993118286133,128
train,0,The fuzzy kitten,The fuzzy kittens,-10.198554039001465,-11.511054039001465,-10.377619743347168,-11.877619743347168,-10.093058586120605,-11.030558586120605,-10.032238006591797,-11.344738006591797,128
train,1,The fuzzy kittens,The fuzzy kitten,-10.034974098205566,-15.034974098205566,-10.064803123474121,-14.877303123474121,-10.192266464233398,-14.567266464233398,-9.985403060913086,-14.172903060913086,128
train,0,The nervous panda,The nervous pandas,-12.985970497131348,-14.173470497131348,-12.472137451171875,-15.659637451171875,-12.94655990600586,-13.88405990600586,-12.626372337341309,-15.313872337341309,128
train,1,The nervous pandas,The nervous panda,-13.40473461151123,-16.279735565185547,-13.650507926940918,-15.900507926940918,-13.318666458129883,-15.881166458129883,-13.55494213104248,-15.42994213104248,128
train,0,The bright cow,The bright cows,-0.8845657706260681,-10.634565353393555,-1.0722644329071045,-9.947264671325684,-0.9542896747589111,-9.204289436340332,-1.0182991027832031,-8.518299102783203,128
train,1,The bright cows,The bright cow,-0.8936499953269958,-6.018650054931641,-0.9453944563865662,-5.945394515991211,-0.9530715942382812,-5.328071594238281,-0.9313287138938904,-5.431328773498535,128
train,0,The quiet pup,The quiet pups,-14.627103805541992,-15.814603805541992,-14.668312072753906,-15.168312072753906,-14.928522109985352,-15.866022109985352,-15.170324325561523,-15.482824325561523,128
train,1,The quiet pups,The quiet pup,-13.347831726074219,-18.47283172607422,-13.203685760498047,-18.234935760498047,-13.311541557312012,-17.561540603637695,-13.08203411102295,-17.457035064697266,128
train,0,The timid dolphin,The timid dolphins,-10.6472749710083,-13.8972749710083,-10.196571350097656,-14.134071350097656,-11.071568489074707,-13.446568489074707,-10.508514404296875,-13.821014404296875,128
train,1,The timid dolphins,The timid dolphin,-10.27940559387207,-18.31065559387207,-10.325241088867188,-17.637741088867188,-10.105998039245605,-17.418498992919922,-10.348722457885742,-16.786222457885742,128
train,0,The timid cow,The timid cows,-15.475092887878418,-21.1000919342041,-14.087135314941406,-19.805885314941406,-16.30292510986328,-21.17792510986328,-14.408474922180176,-19.595975875854492,128
train,1,The timid cows,The timid cow,-17.654802322387695,-21.998552322387695,-16.236648559570312,-20.205398559570312,-17.13226890563965,-20.78851890563965,-15.71340560913086,-18.61965560913086,128
train,0,The calm pup,The calm pups,-1.381218671798706,-9.756218910217285,-1.1002548933029175,-9.850255012512207,-1.445325255393982,-8.695324897766113,-1.1451444625854492,-8.64514446258545,128
train,1,The calm pups,The calm pup,-1.0199638605117798,-6.01996374130249,-0.888054370880127,-7.013054370880127,-1.2782773971557617,-4.653277397155762,-1.0686278343200684,-5.693627834320068,128
train,0,The calm shark,The calm sharks,-9.908428192138672,-12.220928192138672,-10.799568176269531,-14.549568176269531,-10.156657218933105,-11.594157218933105,-10.821946144104004,-13.759446144104004,128
train,1,The calm sharks,The calm shark,-9.807260513305664,-14.057260513305664,-10.736413955688477,-15.298913955688477,-9.962369918823242,-13.587369918823242,-10.784411430358887,-14.784411430358887,128
train,0,The sleepy kitten,The sleepy kittens,-0.5589395761489868,-11.996439933776855,-0.5253894329071045,-11.212889671325684,-0.6618231534957886,-9.911823272705078,-0.6370241045951843,-9.26202392578125,128
train,1,The sleepy kittens,The sleepy kitten,-0.5506900548934937,-8.550689697265625,-0.5137567520141602,-8.63875675201416,-0.734475314617157,-6.984475135803223,-0.6973387002944946,-7.072338581085205,128
train,0,The slender turtle,The slender turtles,-13.141973495483398,-18.0482234954834,-12.630387306213379,-18.255388259887695,-13.041522026062012,-17.604021072387695,-12.630903244018555,-17.693403244018555,128
train,1,The slender turtles,The slender turtle,-14.442878723144531,-17.63037872314453,-13.44831371307373,-16.448312759399414,-14.178152084350586,-16.428152084350586,-13.495802879333496,-15.995802879333496,128
train,0,The timid monitor,The timid monitors,-14.087578773498535,-17.77507781982422,-9.940946578979492,-14.253446578979492,-13.579456329345703,-17.141956329345703,-10.237401962280273,-14.049901962280273,128
train,1,The timid monitors,The timid monitor,-9.344606399536133,-13.032106399536133,-8.829744338989258,-12.517244338989258,-9.21484375,-12.33984375,-8.73210620880127,-11.98210620880127,128
train,0,The slender cock,The slender cocks,-21.236690521240234,-21.705440521240234,-18.89458656311035,-22.22271156311035,-21.044618606567383,-21.607118606567383,-17.843320846557617,-21.187070846557617,128
train,1,The slender cocks,The slender cock,-14.516120910644531,-18.14112091064453,-12.85546875,-17.73046875,-14.621123313903809,-17.558624267578125,-13.059438705444336,-17.246938705444336,128
train,0,The timid cow,The timid cows,-12.100092887878418,-16.2250919342041,-10.962135314941406,-15.087135314941406,-12.552925109863281,-15.802925109863281,-11.095974922180176,-14.658474922180176,128
train,1,The timid cows,The timid cow,-11.029802322387695,-17.592302322387695,-9.799148559570312,-15.799148559570312,-10.944769859313965,-16.75726890563965,-9.83840560913086,-14.77590560913086,128
train,0,The fuzzy frog,The fuzzy frogs,-14.257168769836426,-18.22591781616211,-14.603678703308105,-19.853679656982422,-14.161991119384766,-17.661991119384766,-14.669110298156738,-19.325361251831055,128
train,1,The fuzzy frogs,The fuzzy frog,-14.399942398071289,-18.02494239807129,-14.867386817932129,-18.867385864257812,-14.454312324523926,-17.07931137084961,-14.93121337890625,-18.05621337890625,128
train,0,The timid lion,The timid lions,-11.80565071105957,-14.99315071105957,-10.667614936828613,-15.167614936828613,-12.334101676940918,-14.584101676940918,-11.126375198364258,-14.813875198364258,128
train,1,The timid lions,The timid lion,-12.532831192016602,-16.0328311920166,-12.206053733825684,-16.956052780151367,-12.262332916259766,-14.887332916259766,-11.957765579223633,-15.770265579223633,128
train,0,The quiet turtle,The quiet turtles,-14.35767936706543,-19.07642936706543,-12.623536109924316,-17.12353515625,-14.27773380279541,-17.965234756469727,-12.870308876037598,-16.620309829711914,128
train,1,The quiet turtles,The quiet turtle,-13.872474670410156,-17.372474670410156,-13.597559928894043,-17.16006088256836,-13.526114463806152,-15.838614463806152,-13.447225570678711,-16.50972557067871,128
train,0,The small dolphin,The small dolphins,-1.0333043336868286,-9.783304214477539,-0.9389231204986572,-10.376422882080078,-1.0914360284805298,-8.091436386108398,-0.9448408484458923,-8.819840431213379,128
train,1,The small dolphins,The small dolphin,-0.8240103721618652,-8.199010848999023,-0.7919891476631165,-8.29198932647705,-0.8327224254608154,-7.2077226638793945,-0.8093675971031189,-7.434367656707764,128
train,0,The sleepy dog,The sleepy dogs,-12.264934539794922,-17.264934539794922,-11.52460765838623,-15.02460765838623,-12.415361404418945,-16.977861404418945,-11.76500415802002,-14.82750415802002,128
train,1,The sleepy dogs,The sleepy dog,-11.75974178314209,-16.009740829467773,-11.068756103515625,-16.193756103515625,-11.761183738708496,-15.386183738708496,-11.000865936279297,-15.813365936279297,128
train,0,The sleepy chick,The sleepy chicks,-10.639212608337402,-12.701712608337402,-10.829298973083496,-12.766798973083496,-10.48605728149414,-11.92355728149414,-10.772852897644043,-12.210352897644043,128
train,1,The sleepy chicks,The sleepy chick,-11.313919067382812,-16.688919067382812,-11.137197494506836,-16.699697494506836,-10.962814331054688,-15.587814331054688,-10.89185905456543,-15.82935905456543,128
train,0,The small bat,The small bats,-9.265338897705078,-16.265338897705078,-9.600159645080566,-17.162660598754883,-9.172233581542969,-15.234733581542969,-9.283684730529785,-15.971184730529785,128
train,1,The small bats,The small bat,-10.120046615600586,-16.182546615600586,-9.922710418701172,-15.797710418701172,-10.008285522460938,-15.320785522460938,-9.825338363647461,-15.075338363647461,128
train,0,The fuzzy panda,The fuzzy pandas,-0.8561557531356812,-8.606155395507812,-1.1204581260681152,-9.870458602905273,-0.889092206954956,-6.764092445373535,-1.1806344985961914,-8.430634498596191,128
train,1,The fuzzy pandas,The fuzzy panda,-0.9455382823944092,-3.820538282394409,-0.5397120714187622,-5.664711952209473,-0.870351254940033,-3.3703513145446777,-0.6427208781242371,-5.142720699310303,128
train,0,The nervous frog,The nervous frogs,-1.2449378967285156,-10.119937896728516,-1.1504859924316406,-9.77548599243164,-1.458172082901001,-9.083171844482422,-1.2968170642852783,-8.6718168258667,128
train,1,The nervous frogs,The nervous frog,-1.888303518295288,-5.513303756713867,-1.3434776067733765,-5.968477725982666,-2.052841901779175,-4.677842140197754,-1.3426707983016968,-5.092670917510986,128
train,0,The quiet frog,The quiet frogs,-12.078544616699219,-12.641044616699219,-12.045178413391113,-12.982678413391113,-12.324113845825195,-12.324113845825195,-12.498534202575684,-12.811034202575684,128
train,1,The quiet frogs,The quiet frog,-11.790029525756836,-15.665029525756836,-12.163400650024414,-15.725900650024414,-11.68083667755127,-14.74333667755127,-12.071084022521973,-14.946084022521973,128
train,0,The fuzzy chick,The fuzzy chicks,-1.08627450466156,-9.273774147033691,-0.8915349841117859,-10.579034805297852,-1.2717108726501465,-7.7717108726501465,-0.9478389024734497,-9.63533878326416,128
train,1,The fuzzy chicks,The fuzzy chick,-0.7286589741706848,-5.853659152984619,-0.5869986414909363,-6.586998462677002,-0.8436907529830933,-4.718690872192383,-0.7823631763458252,-5.157362937927246,128
train,0,The quiet kitten,The quiet kittens,-17.048166275024414,-17.548166275024414,-16.504690170288086,-16.629690170288086,-16.72093963623047,-16.97093963623047,-16.270612716674805,-16.083112716674805,128
train,1,The quiet kittens,The quiet kitten,-15.824628829956055,-20.293378829956055,-15.537378311157227,-20.068628311157227,-15.054792404174805,-19.086042404174805,-14.873865127563477,-19.092615127563477,128
train,0,The timid whale,The timid whales,-11.35826301574707,-14.73326301574707,-10.366281509399414,-14.491281509399414,-11.739015579223633,-14.364015579223633,-10.778855323791504,-14.091355323791504,128
train,1,The timid whales,The timid whale,-8.811668395996094,-14.749168395996094,-8.964383125305176,-15.276883125305176,-8.978281021118164,-14.040781021118164,-9.1351900100708,-14.5101900100708,128
train,0,The sleepy whale,The sleepy whales,-9.286356925964355,-12.786356925964355,-8.643482208251953,-12.518482208251953,-9.511676788330078,-12.449176788330078,-8.79554557800293,-12.17054557800293,128
train,1,The sleepy whales,The sleepy whale,-9.861214637756348,-13.861214637756348,-8.850430488586426,-12.787930488586426,-9.703835487365723,-13.203835487365723,-8.757187843322754,-12.382187843322754,128
train,0,The nervous rabbit,The nervous rabbits,-2.083693504333496,-9.833693504333496,-1.6595346927642822,-9.784534454345703,-2.094463348388672,-8.594463348388672,-1.7081360816955566,-8.458135604858398,128
train,1,The nervous rabbits,The nervous rabbit,-1.4152748584747314,-4.790274620056152,-1.14000403881073,-6.1400041580200195,-1.6309094429016113,-3.7559094429016113,-1.373731017112732,-4.9987311363220215,128
train,0,The slender lion,The slender lions,-14.081018447875977,-16.393518447875977,-13.07809829711914,-15.45309829711914,-14.10312557220459,-15.91562557220459,-13.141914367675781,-14.891914367675781,128
train,1,The slender lions,The slender lion,-10.415545463562012,-14.353045463562012,-9.950949668884277,-14.200949668884277,-10.591105461120605,-14.028605461120605,-10.196821212768555,-14.009321212768555,128
train,0,The fuzzy dolphin,The fuzzy dolphins,-0.7869879603385925,-9.036988258361816,-0.8596801161766052,-10.23468017578125,-0.9327055215835571,-7.432705402374268,-0.8947998285293579,-8.894800186157227,128
train,1,The fuzzy dolphins,The fuzzy dolphin,-0.751609206199646,-6.1266093254089355,-0.8298425674438477,-7.329842567443848,-0.7630692720413208,-5.638069152832031,-0.8212835788726807,-6.571283340454102,128
train,0,The bright whale,The bright whales,-0.8934923410415649,-9.268492698669434,-0.9596431851387024,-9.772143363952637,-0.9591441750526428,-8.334144592285156,-0.9736943244934082,-8.47369384765625,128
train,1,The bright whales,The bright whale,-0.9117240309715271,-5.161724090576172,-0.8330985903739929,-5.958098411560059,-0.9162359833717346,-4.16623592376709,-0.8909927606582642,-5.140992641448975,128
train,0,The nervous lion,The nervous lions,-11.506385803222656,-15.006385803222656,-11.273076057434082,-15.273076057434082,-11.833009719848633,-14.583009719848633,-11.806671142578125,-15.119171142578125,128
train,1,The nervous lions,The nervous lion,-10.831841468811035,-14.456841468811035,-11.137864112854004,-16.01286506652832,-11.144956588745117,-13.894956588745117,-11.222051620483398,-15.534551620483398,128
train,0,The nervous shark,The nervous sharks,-13.894710540771484,-18.644710540771484,-13.778225898742676,-18.84072494506836,-14.06637954711914,-17.75387954711914,-13.945409774780273,-18.226659774780273,128
train,1,The nervous sharks,The nervous shark,-14.228859901428223,-17.85386085510254,-14.645275115966797,-18.207775115966797,-14.075233459472656,-17.262733459472656,-14.424722671508789,-17.48722267150879,128
train,0,The timid kitten,The timid kittens,-0.9491458535194397,-12.449146270751953,-0.8094809651374817,-11.496980667114258,-1.0848448276519775,-10.334844589233398,-0.8341219425201416,-9.771621704101562,128
train,1,The timid kittens,The timid kitten,-0.6451714038848877,-9.270171165466309,-0.641528308391571,-8.766528129577637,-0.7955541610717773,-7.420554161071777,-0.7577680349349976,-7.382768154144287,128
train,0,The nervous shark,The nervous sharks,-0.769710898399353,-8.644710540771484,-0.7782257199287415,-9.153225898742676,-0.8163790702819824,-6.816379070281982,-0.8204094171524048,-7.570409297943115,128
train,1,The nervous sharks,The nervous shark,-0.7288601398468018,-4.978859901428223,-0.832775354385376,-5.707775115966797,-0.8252332210540771,-4.325233459472656,-0.8622227311134338,-4.987222671508789,128
train,0,The fuzzy shark,The fuzzy sharks,-9.527331352233887,-10.152331352233887,-9.106843948364258,-10.356843948364258,-9.709291458129883,-9.834291458129883,-9.374903678894043,-10.124903678894043,128
train,1,The fuzzy sharks,The fuzzy shark,-9.129307746887207,-14.566807746887207,-9.084708213806152,-14.522208213806152,-8.94807243347168,-13.82307243347168,-8.974087715148926,-13.974087715148926,128
train,0,The quiet panda,The quiet pandas,-0.8733948469161987,-9.873394966125488,-1.2235387563705444,-10.223538398742676,-0.9515199661254883,-8.201519966125488,-1.3120648860931396,-8.562065124511719,128
train,1,The quiet pandas,The quiet panda,-0.49835819005966187,-6.373358249664307,-0.6555513739585876,-5.905551433563232,-0.5737432241439819,-5.3237433433532715,-0.6890647411346436,-5.439064979553223,128
train,0,The bright horse,The bright horses,-13.963203430175781,-16.40070343017578,-13.060235023498535,-15.872735023498535,-14.201715469360352,-16.26421546936035,-13.200246810913086,-15.637746810913086,128
train,1,The bright horses,The bright horse,-12.748116493225098,-17.810617446899414,-11.582513809204102,-17.2700138092041,-12.703409194946289,-16.82840919494629,-11.70864486694336,-16.70864486694336,128
train,0,The slender doe,The slender does,-7.748134613037109,-13.87313461303711,-8.515052795410156,-13.327552795410156,-8.639424324035645,-12.889424324035645,-9.01034164428711,-12.19784164428711,128
train,1,The slender does,The slender doe,-12.840452194213867,-16.777952194213867,-8.319183349609375,-12.194183349609375,-12.295454025268555,-16.795454025268555,-8.483580589294434,-12.921080589294434,128
train,0,The fuzzy turtle,The fuzzy turtles,-13.264307022094727,-15.514307022094727,-12.644092559814453,-15.019092559814453,-13.342546463012695,-15.217546463012695,-12.917040824890137,-14.979540824890137,128
train,1,The fuzzy turtles,The fuzzy turtle,-12.40860652923584,-16.471105575561523,-12.126917839050293,-16.18941879272461,-12.059279441833496,-15.496779441833496,-12.168075561523438,-15.730575561523438,128
train,0,The fuzzy lion,The fuzzy lions,-10.977618217468262,-12.727618217468262,-12.131035804748535,-13.568535804748535,-11.473296165466309,-12.598296165466309,-12.688040733337402,-13.500540733337402,128
train,1,The fuzzy lions,The fuzzy lion,-11.852994918823242,-14.290494918823242,-11.877490043640137,-14.314990043640137,-11.763267517089844,-13.638267517089844,-11.988240242004395,-14.050740242004395,128
train,0,The nervous bat,The nervous bats,-1.3863139152526855,-8.886314392089844,-0.9144637584686279,-9.289463996887207,-1.5904093980789185,-8.715409278869629,-0.924348771572113,-8.049348831176758,128
train,1,The nervous bats,The nervous bat,-1.5140010118484497,-3.88900089263916,-1.15348219871521,-5.028482437133789,-1.6308475732803345,-3.755847454071045,-1.1608517169952393,-4.78585147857666,128
train,0,The sleepy bat,The sleepy bats,-0.6093117594718933,-10.359312057495117,-0.6363011002540588,-10.323801040649414,-0.6463965773582458,-9.27139663696289,-0.6294103264808655,-9.004410743713379,128
train,1,The sleepy bats,The sleepy bat,-1.0162724256515503,-6.01627254486084,-0.6511503458023071,-6.276150226593018,-0.899590253829956,-5.649590492248535,-0.7012636661529541,-5.951263427734375,128
train,0,The slender doe,The slender does,-12.24813461303711,-14.24813461303711,-11.640052795410156,-12.015052795410156,-12.826924324035645,-13.514424324035645,-11.88534164428711,-11.44784164428711,128
train,1,The slender does,The slender doe,-12.840452194213867,-18.277952194213867,-10.194183349609375,-14.881683349609375,-12.420454025268555,-18.045454025268555,-10.608580589294434,-15.483580589294434,128
train,0,The bright bat,The bright bats,-11.556234359741211,-14.306234359741211,-12.65450382232666,-16.592004776000977,-11.749397277832031,-13.999397277832031,-12.62205696105957,-16.12205696105957,128
train,1,The bright bats,The bright bat,-13.667938232421875,-15.542938232421875,-13.820514678955078,-16.133014678955078,-13.659788131713867,-15.222288131713867,-13.6868314743042,-15.7493314743042,128
train,0,The nervous chick,The nervous chicks,-14.324339866638184,-17.4493408203125,-14.476207733154297,-17.726207733154297,-14.595685958862305,-17.470685958862305,-14.470229148864746,-17.657730102539062,128
train,1,The nervous chicks,The nervous chick,-15.328916549682617,-17.578916549682617,-14.705029487609863,-17.95503044128418,-15.006678581237793,-16.506677627563477,-14.337444305419922,-17.087444305419922,128
train,0,The fuzzy lion,The fuzzy lions,-12.602618217468262,-16.102617263793945,-14.131035804748535,-16.81853485107422,-12.473296165466309,-15.535796165466309,-14.250540733337402,-16.43804168701172,128
train,1,The fuzzy lions,The fuzzy lion,-13.665494918823242,-17.415494918823242,-14.127490043640137,-18.18998908996582,-13.575767517089844,-16.450767517089844,-13.988240242004395,-17.425739288330078,128
train,0,The calm doe,The calm does,-12.310226440429688,-15.372726440429688,-12.25156021118164,-14.43906021118164,-12.051628112792969,-13.739128112792969,-12.18372917175293,-12.93372917175293,128
train,1,The calm does,The calm doe,-14.20388126373291,-18.141380310058594,-12.049646377563477,-16.674646377563477,-14.140373229980469,-18.07787322998047,-11.967456817626953,-16.717456817626953,128
train,0,The bright lion,The bright lions,-10.710332870483398,-12.522832870483398,-10.1861572265625,-13.4986572265625,-11.210455894470215,-12.585455894470215,-10.627182006835938,-13.252182006835938,128
train,1,The bright lions,The bright lion,-11.683990478515625,-13.496490478515625,-12.004222869873047,-13.941722869873047,-11.73120403289795,-12.98120403289795,-12.04655933380127,-13.60905933380127,128
train,0,The nervous doe,The nervous does,-10.509966850280762,-12.447466850280762,-9.284760475158691,-11.597260475158691,-11.344310760498047,-12.781810760498047,-9.451850891113281,-11.264350891113281,128
train,1,The nervous does,The nervous doe,-13.109050750732422,-16.171550750732422,-9.314414978027344,-13.501914978027344,-12.855079650878906,-16.230079650878906,-8.680685997009277,-13.305685997009277,128
train,0,The sleepy monitor,The sleepy monitors,-16.100181579589844,-19.350181579589844,-12.971678733825684,-15.971678733825684,-15.686555862426758,-18.749055862426758,-13.259714126586914,-16.009714126586914,128
train,1,The sleepy monitors,The sleepy monitor,-9.819063186645508,-13.256563186645508,-10.947649002075195,-14.760149002075195,-9.765321731567383,-12.827821731567383,-10.900365829467773,-14.462865829467773,128
train,0,The calm chick,The calm chicks,-12.270466804504395,-15.520466804504395,-11.953774452209473,-15.891274452209473,-12.7758150100708,-15.3383150100708,-12.073528289794922,-15.636028289794922,128
train,1,The calm chicks,The calm chick,-12.131196022033691,-16.506196975708008,-12.575301170349121,-17.575300216674805,-12.35200023651123,-15.78950023651123,-12.609912872314453,-16.484912872314453,128
train,0,The slender doe,The slender does,-12.93563461303711,-16.99813461303711,-12.702552795410156,-16.327552795410156,-13.389424324035645,-16.139423370361328,-13.19784164428711,-15.57284164428711,128
train,1,The slender does,The slender doe,-17.527952194213867,-19.902952194213867,-13.444183349609375,-15.694183349609375,-17.170454025268555,-20.045454025268555,-13.671080589294434,-16.296079635620117,128
train,0,The sleepy rat,The sleepy rats,-13.893178939819336,-14.830678939819336,-13.65389347076416,-15.46639347076416,-14.253252983093262,-14.503252983093262,-13.901043891906738,-15.088543891906738,128
train,1,The sleepy rats,The sleepy rat,-13.627751350402832,-16.940250396728516,-14.113668441772461,-17.36366844177246,-13.412117004394531,-16.09961700439453,-13.868061065673828,-16.743061065673828,128
train,0,The calm cow,The calm cows,-5.884613513946533,-12.322113037109375,-5.772255897521973,-12.022255897521973,-6.6595988273620605,-12.284598350524902,-6.275685787200928,-11.900686264038086,128
train,1,The calm cows,The calm cow,-7.102231979370117,-10.852231979370117,-6.584682464599609,-11.08468246459961,-7.413468837738037,-10.163468360900879,-7.128723621368408,-10.253724098205566,128
train,0,The small dog,The small dogs,-10.21147346496582,-16.02397346496582,-10.014518737792969,-14.827018737792969,-10.23326587677002,-15.67076587677002,-10.243233680725098,-14.743233680725098,128
train,1,The small dogs,The small dog,-11.545419692993164,-13.982919692993164,-10.940401077270508,-14.315401077270508,-11.290214538574219,-13.352714538574219,-10.799368858337402,-13.861868858337402,128
train,0,The fuzzy doe,The fuzzy does,-11.362215042114258,-14.987215042114258,-10.510517120361328,-14.698017120361328,-11.977094650268555,-14.414594650268555,-10.741065979003906,-13.866065979003906,128
train,1,The fuzzy does,The fuzzy doe,-14.112530708312988,-18.925029754638672,-11.76650619506836,-16.70400619506836,-13.67039966583252,-18.670400619506836,-11.691302299499512,-16.753801345825195,128
train,0,The timid dog,The timid dogs,-11.512551307678223,-15.387551307678223,-12.051361083984375,-15.488861083984375,-11.775838851928711,-15.275838851928711,-12.327348709106445,-15.202348709106445,128
train,1,The timid dogs,The timid dog,-13.044821739196777,-16.169822692871094,-13.35972785949707,-16.79722785949707,-13.440471649169922,-15.565471649169922,-13.562761306762695,-16.187761306762695,128
train,0,The timid rat,The timid rats,-10.346994400024414,-14.971994400024414,-10.594810485839844,-15.657310485839844,-10.447869300842285,-13.947869300842285,-10.629075050354004,-14.629075050354004,128
train,1,The timid rats,The timid rat,-10.540937423706055,-16.603437423706055,-10.944597244262695,-16.882097244262695,-10.120216369628906,-15.182716369628906,-10.496180534362793,-15.933680534362793,128
train,0,The calm panda,The calm pandas,-11.006928443908691,-14.569428443908691,-10.27374267578125,-14.89874267578125,-11.301467895507812,-14.301467895507812,-10.644864082336426,-14.644864082336426,128
train,1,The calm pandas,The calm panda,-11.933703422546387,-14.183703422546387,-11.81645393371582,-13.69145393371582,-11.823381423950195,-13.573381423950195,-11.761730194091797,-13.324230194091797,128
train,0,The slender kitten,The slender kittens,-16.055898666381836,-18.712148666381836,-15.212127685546875,-18.524627685546875,-15.758926391601562,-18.227676391601562,-15.020705223083496,-18.145706176757812,128
train,1,The slender kittens,The slender kitten,-15.136323928833008,-20.105073928833008,-15.114604949951172,-19.677104949951172,-14.65949821472168,-18.94074821472168,-14.458700180053711,-18.42745018005371,128
train,0,The timid bat,The timid bats,-12.212801933288574,-17.77530288696289,-11.379396438598633,-17.410646438598633,-12.605439186096191,-17.386690139770508,-11.568032264709473,-17.00553321838379,128
train,1,The timid bats,The timid bat,-14.44462776184082,-17.41337776184082,-13.95846939086914,-16.83346939086914,-14.424641609191895,-16.674640655517578,-13.921110153198242,-16.233610153198242,128
train,0,The bright rabbit,The bright rabbits,-1.4172981977462769,-8.917298316955566,-1.5080738067626953,-9.258073806762695,-1.4826486110687256,-7.357648849487305,-1.6470824480056763,-7.897082328796387,128
train,1,The bright rabbits,The bright rabbit,-0.7956207394599915,-6.045620918273926,-1.0100592374801636,-6.260059356689453,-1.0105047225952148,-4.760504722595215,-1.1103146076202393,-5.48531436920166,128
train,0,The bright shark,The bright sharks,-10.267990112304688,-13.142990112304688,-10.26268196105957,-14.70018196105957,-10.778088569641113,-12.590588569641113,-10.593555450439453,-14.031055450439453,128
train,1,The bright sharks,The bright shark,-10.101263999938965,-14.476263999938965,-10.714768409729004,-15.152268409729004,-10.220125198364258,-14.157625198364258,-10.775930404663086,-14.838430404663086,128
train,0,The fuzzy cow,The fuzzy cows,-1.1848640441894531,-11.434864044189453,-1.115993618965149,-10.61599349975586,-1.1288886070251465,-10.003889083862305,-1.1004033088684082,-9.47540283203125,128
train,1,The fuzzy cows,The fuzzy cow,-0.8495175838470459,-5.849517822265625,-0.8565822839736938,-5.981582164764404,-0.927323579788208,-5.177323341369629,-0.8714619874954224,-5.246461868286133,128
train,0,The fuzzy dolphin,The fuzzy dolphins,-11.349488258361816,-12.099488258361816,-10.54718017578125,-12.48468017578125,-11.307705879211426,-11.932705879211426,-10.519800186157227,-12.332300186157227,128
train,1,The fuzzy dolphins,The fuzzy dolphin,-13.751608848571777,-15.189108848571777,-13.704842567443848,-14.767342567443848,-13.700569152832031,-14.950569152832031,-13.571283340454102,-14.446283340454102,128
train,0,The calm horse,The calm horses,-1.163590669631958,-9.726090431213379,-1.0710166692733765,-9.446016311645508,-1.219496488571167,-8.344496726989746,-1.1343309879302979,-8.259330749511719,128
train,1,The calm horses,The calm horse,-1.5168572664260864,-7.891857147216797,-1.1989588737487793,-6.948958873748779,-1.5668925046920776,-5.691892623901367,-1.3875737190246582,-5.512573719024658,128
train,0,The fuzzy rabbit,The fuzzy rabbits,-10.069281578063965,-13.694281578063965,-10.233717918395996,-14.296217918395996,-10.327917098999023,-13.452917098999023,-10.50332260131836,-14.25332260131836,128
train,1,The fuzzy rabbits,The fuzzy rabbit,-10.533438682556152,-14.783438682556152,-10.670340538024902,-15.107840538024902,-10.26978588104248,-13.70728588104248,-10.306256294250488,-13.868756294250488,128
train,0,The fuzzy lion,The fuzzy lions,-0.9151178002357483,-10.290118217468262,-0.8185358047485352,-10.443535804748535,-1.1607959270477295,-8.910796165466309,-1.1255409717559814,-9.375540733337402,128
train,1,The fuzzy lions,The fuzzy lion,-0.7904953956604004,-5.7904953956604,-0.7524899244308472,-6.127490043640137,-0.9507673978805542,-4.700767517089844,-0.8632398247718811,-5.238239765167236,128
train,0,The small dolphin,The small dolphins,-11.095804214477539,-16.84580421447754,-10.313922882080078,-16.876422882080078,-11.403936386108398,-16.5289363861084,-10.569840431213379,-16.569841384887695,128
train,1,The small dolphins,The small dolphin,-13.449010848999023,-16.574010848999023,-12.66698932647705,-16.229488372802734,-13.520222663879395,-16.020221710205078,-12.684367179870605,-15.684367179870605,128
train,0,The quiet panda,The quiet pandas,-11.310894966125488,-15.060894966125488,-11.411038398742676,-15.161038398742676,-11.451519966125488,-14.576519966125488,-11.687065124511719,-14.874565124511719,128
train,1,The quiet pandas,The quiet panda,-9.498357772827148,-15.873357772827148,-9.655550956726074,-15.593050956726074,-9.573742866516113,-15.136242866516113,-9.564064979553223,-15.001564979553223,128
train,0,The slender monitor,The slender monitors,-17.865942001342773,-20.178442001342773,-16.915666580200195,-20.040666580200195,-17.31964111328125,-19.50714111328125,-16.818546295166016,-19.662296295166016,128
train,1,The slender monitors,The slender monitor,-10.995329856872559,-16.307830810546875,-11.427858352661133,-17.552858352661133,-11.07569408416748,-16.013195037841797,-11.413576126098633,-17.163576126098633,128
train,0,The quiet panda,The quiet pandas,-12.560894966125488,-15.185894966125488,-11.786038398742676,-14.911038398742676,-12.639019966125488,-14.701519966125488,-11.937065124511719,-14.624565124511719,128
train,1,The quiet pandas,The quiet panda,-13.623357772827148,-17.12335777282715,-12.593050956726074,-15.343050956726074,-13.323742866516113,-16.38624382019043,-12.501564979553223,-15.001564979553223,128
train,0,The calm bat,The calm bats,-12.735047340393066,-15.297547340393066,-11.1302490234375,-13.4427490234375,-12.619950294494629,-14.307450294494629,-10.982484817504883,-12.482484817504883,128
train,1,The calm bats,The calm bat,-12.124480247497559,-17.343229293823242,-10.69676685333252,-16.321765899658203,-12.873382568359375,-17.748382568359375,-10.540669441223145,-15.728169441223145,128
train,0,The calm monitor,The calm monitors,-12.096329689025879,-16.533828735351562,-11.715402603149414,-15.715402603149414,-11.951150894165039,-16.32615089416504,-11.93612289428711,-15.74862289428711,128
train,1,The calm monitors,The calm monitor,-12.15948486328125,-15.03448486328125,-11.346223831176758,-14.658723831176758,-11.98134708404541,-14.54384708404541,-11.285099029541016,-14.347599029541016,128
train,0,The small kitten,The small kittens,-14.397675514221191,-15.522675514221191,-13.863831520080566,-14.863831520080566,-14.359485626220703,-15.171985626220703,-13.707113265991211,-14.394613265991211,128
train,1,The small kittens,The small kitten,-13.369534492492676,-19.338285446166992,-12.883793830871582,-19.0400447845459,-12.872270584106445,-18.466020584106445,-12.182814598083496,-18.057815551757812,128
train,0,The calm dog,The calm dogs,-10.054749488830566,-14.179749488830566,-9.938637733459473,-13.813637733459473,-10.18603515625,-13.93603515625,-10.122227668762207,-13.497227668762207,128
train,1,The calm dogs,The calm dog,-10.319879531860352,-12.944879531860352,-10.143180847167969,-13.268180847167969,-10.025753021240234,-11.838253021240234,-10.020225524902344,-12.582725524902344,128
train,0,The fuzzy pup,The fuzzy pups,-12.06129264831543,-16.37379264831543,-11.455734252929688,-16.205734252929688,-12.502613067626953,-16.065113067626953,-11.791345596313477,-16.353845596313477,128
train,1,The fuzzy pups,The fuzzy pup,-11.342836380004883,-15.217836380004883,-11.105754852294922,-15.355754852294922,-11.261958122253418,-14.386958122253418,-10.888747215270996,-14.076247215270996,128
train,0,The slender kitten,The slender kittens,-7.618398666381836,-12.618398666381836,-7.337127685546875,-12.212127685546875,-7.633926868438721,-11.883926391601562,-7.333205223083496,-11.770705223083496,128
train,1,The slender kittens,The slender kitten,-7.198823928833008,-12.573823928833008,-7.11460542678833,-12.802104949951172,-7.034498691558838,-11.65949821472168,-7.021200180053711,-12.021200180053711,128
train,0,The timid shark,The timid sharks,-12.559398651123047,-13.434398651123047,-12.919017791748047,-14.356517791748047,-12.590642929077148,-12.840642929077148,-13.00692081451416,-13.88192081451416,128
train,1,The timid sharks,The timid shark,-10.13001537322998,-15.56751537322998,-11.384069442749023,-16.821569442749023,-9.745932579040527,-14.745932579040527,-10.828226089477539,-15.953226089477539,128
test,0,The strange [wug],The strange [wugs],-12.696702003479004,-16.82170295715332,-12.094812393188477,-15.594812393188477,-12.770515441894531,-16.64551544189453,-12.198662757873535,-15.198662757873535,128
test,1,The strange [wugs],The strange [wug],-12.266260147094727,-15.391260147094727,-12.266178131103516,-16.953678131103516,-11.994534492492676,-15.307034492492676,-11.954916954040527,-16.579917907714844,128
test,0,The shy [wug],The shy [wugs],-9.128630638122559,-13.066130638122559,-8.996822357177734,-12.809322357177734,-9.994911193847656,-13.182411193847656,-9.679293632507324,-12.866793632507324,128
test,1,The shy [wugs],The shy [wug],-12.652868270874023,-16.715368270874023,-13.086447715759277,-19.02394676208496,-13.989615440368652,-17.895864486694336,-13.962295532226562,-19.618545532226562,128
test,0,The wary [wug],The wary [wugs],-12.936168670654297,-17.123668670654297,-11.553438186645508,-16.303438186645508,-12.818349838256836,-16.880849838256836,-11.754804611206055,-15.942304611206055,128
test,1,The wary [wugs],The wary [wug],-17.32891082763672,-19.11016082763672,-14.490002632141113,-17.67750358581543,-17.9373779296875,-18.9061279296875,-14.465729713439941,-17.653228759765625,128
test,0,The shy [wug],The shy [wugs],-13.628630638122559,-17.722379684448242,-13.496822357177734,-17.809322357177734,-13.682411193847656,-16.494911193847656,-13.116793632507324,-17.05429458618164,128
test,1,The shy [wugs],The shy [wug],-15.340368270874023,-17.902868270874023,-13.898947715759277,-19.36769676208496,-15.302115440368652,-18.052114486694336,-14.087295532226562,-19.149795532226562,128
test,0,The curious [wug],The curious [wugs],-10.286064147949219,-14.536064147949219,-12.155888557434082,-17.718387603759766,-9.61223316192627,-13.92473316192627,-12.660323143005371,-17.660322189331055,128
test,1,The curious [wugs],The curious [wug],-16.75153160095215,-19.81403160095215,-13.398125648498535,-18.02312469482422,-16.13751792907715,-18.63751792907715,-12.733338356018066,-17.35833740234375,128
test,0,The sturdy [wug],The sturdy [wugs],-12.865114212036133,-16.677614212036133,-14.144244194030762,-18.675493240356445,-13.367536544799805,-16.867536544799805,-14.4088134765625,-18.3775634765625,128
test,1,The sturdy [wugs],The sturdy [wug],-15.45001220703125,-17.88751220703125,-14.51462173461914,-18.13962173461914,-16.424503326416016,-18.205753326416016,-14.883279800415039,-18.19577980041504,128
test,0,The clever [wug],The clever [wugs],-10.961418151855469,-12.836418151855469,-8.323308944702148,-12.198308944702148,-10.459210395812988,-12.459210395812988,-8.529160499572754,-11.841660499572754,128
test,1,The clever [wugs],The clever [wug],-16.20818328857422,-18.30193328857422,-9.687899589538574,-14.437899589538574,-15.162958145141602,-17.5692081451416,-9.805115699768066,-14.492615699768066,128
test,0,The shy [wug],The shy [wugs],-14.628630638122559,-17.191129684448242,-13.934322357177734,-17.059322357177734,-15.619911193847656,-16.869911193847656,-14.741793632507324,-17.11679458618164,128
test,1,The shy [wugs],The shy [wug],-17.309118270874023,-19.746618270874023,-17.18019676208496,-21.85207176208496,-18.052114486694336,-20.466176986694336,-17.431045532226562,-21.509170532226562,128
test,0,The lively [wug],The lively [wugs],-6.261226177215576,-11.511225700378418,-4.4700026512146,-10.845003128051758,-6.07103967666626,-10.383539199829102,-4.644952297210693,-9.769952774047852,128
test,1,The lively [wugs],The lively [wug],-6.025773048400879,-7.525773048400879,-4.1715803146362305,-8.79658031463623,-5.631440162658691,-7.256440162658691,-4.1871466636657715,-8.43714714050293,128
test,0,The fierce [wug],The fierce [wugs],-14.136635780334473,-15.636635780334473,-10.64608383178711,-14.14608383178711,-12.666617393493652,-14.541617393493652,-10.995992660522461,-13.995992660522461,128
test,1,The fierce [wugs],The fierce [wug],-13.672316551208496,-15.172316551208496,-11.973465919494629,-14.848465919494629,-14.183502197265625,-15.027252197265625,-11.819463729858398,-14.506963729858398,128
test,0,The clumsy [wug],The clumsy [wugs],-13.58416748046875,-13.89666748046875,-12.877387046813965,-12.814887046813965,-14.104859352111816,-13.542359352111816,-13.674747467041016,-12.612247467041016,128
test,1,The clumsy [wugs],The clumsy [wug],-16.680810928344727,-18.837060928344727,-14.325509071350098,-18.20050811767578,-15.845258712768555,-17.220258712768555,-14.857200622558594,-18.044700622558594,128
test,0,The spotted [wug],The spotted [wugs],-11.447606086730957,-15.260106086730957,-11.816479682922363,-17.25398063659668,-12.892144203186035,-15.767144203186035,-12.224970817565918,-17.662471771240234,128
test,1,The spotted [wugs],The spotted [wug],-15.293487548828125,-16.449737548828125,-11.280691146850586,-16.280691146850586,-16.019630432128906,-17.238380432128906,-11.658288955688477,-16.283288955688477,128
test,0,The tiny [wug],The tiny [wugs],-12.37682056427002,-14.93932056427002,-9.1793851852417,-13.6793851852417,-11.76876449584961,-14.33126449584961,-9.186311721801758,-12.998811721801758,128
test,1,The tiny [wugs],The tiny [wug],-7.990375995635986,-12.615376472473145,-8.87720775604248,-14.06470775604248,-7.775033950805664,-12.275033950805664,-8.95687484741211,-13.83187484741211,128
test,0,The wary [wug],The wary [wugs],-12.248668670654297,-12.748668670654297,-11.365938186645508,-13.240938186645508,-12.255849838256836,-13.005849838256836,-11.567304611206055,-12.942304611206055,128
test,1,The wary [wugs],The wary [wug],-13.828910827636719,-17.70391082763672,-10.990002632141113,-15.552502632141113,-14.749878883361816,-18.1248779296875,-11.465729713439941,-15.903229713439941,128
test,0,The curious [wug],The curious [wugs],-12.348564147949219,-13.973564147949219,-12.030888557434082,-15.718388557434082,-11.29973316192627,-13.04973316192627,-12.347823143005371,-15.597823143005371,128
test,1,The curious [wugs],The curious [wug],-18.93903160095215,-19.72028160095215,-13.398125648498535,-16.77312469482422,-16.98126792907715,-18.26251792907715,-12.795838356018066,-16.17083740234375,128
test,0,The graceful [wug],The graceful [wugs],-10.897686958312988,-14.835186958312988,-10.807313919067383,-14.057313919067383,-11.0790376663208,-14.3290376663208,-11.62064266204834,-14.12064266204834,128
test,1,The graceful [wugs],The graceful [wug],-14.326236724853516,-16.107486724853516,-10.996274948120117,-16.621274948120117,-14.206159591674805,-15.831159591674805,-10.874825477600098,-16.40607452392578,128
test,0,The bold [wug],The bold [wugs],-1.2292053699493408,-7.854205131530762,-1.1672642230987549,-9.292263984680176,-1.4842370748519897,-6.109237194061279,-1.295206904411316,-7.9202070236206055,128
test,1,The bold [wugs],The bold [wug],-1.902285099029541,-4.652285099029541,-1.14986252784729,-5.899862289428711,-1.6984686851501465,-4.8234686851501465,-1.2303303480148315,-5.480330467224121,128
test,0,The strange [wug],The strange [wugs],-12.321702003479004,-13.446702003479004,-11.657312393188477,-11.719812393188477,-11.645515441894531,-12.708015441894531,-11.948662757873535,-11.761162757873535,128
test,1,The strange [wugs],The strange [wug],-12.766260147094727,-15.391260147094727,-10.266178131103516,-14.703678131103516,-12.244534492492676,-15.057034492492676,-9.454916954040527,-13.892416954040527,128
test,0,The strange [wug],The strange [wugs],-12.821702003479004,-15.509202003479004,-12.157312393188477,-14.719812393188477,-12.458015441894531,-15.083015441894531,-12.323662757873535,-14.448662757873535,128
test,1,The strange [wugs],The strange [wug],-12.891260147094727,-16.641260147094727,-12.703678131103516,-18.203678131103516,-12.557034492492676,-16.18203353881836,-12.579916954040527,-18.079917907714844,128
test,0,The clumsy [wug],The clumsy [wugs],-12.20916748046875,-14.02166748046875,-11.377387046813965,-13.939887046813965,-13.104859352111816,-13.917359352111816,-12.237247467041016,-13.862247467041016,128
test,1,The clumsy [wugs],The clumsy [wug],-13.212060928344727,-20.618310928344727,-12.388009071350098,-18.54425811767578,-13.782758712768555,-20.204633712768555,-12.794700622558594,-18.607200622558594,128
test,0,The gentle [wug],The gentle [wugs],-9.694905281066895,-12.819905281066895,-6.372812747955322,-9.62281322479248,-8.178777694702148,-11.116277694702148,-6.500206470489502,-9.375205993652344,128
test,1,The gentle [wugs],The gentle [wug],-9.223687171936035,-9.848687171936035,-7.951862812042236,-11.201862335205078,-10.677162170410156,-10.552162170410156,-7.708662033081055,-10.708662033081055,128
test,0,The graceful [wug],The graceful [wugs],-16.585186004638672,-19.460186004638672,-11.619813919067383,-15.682313919067383,-17.016538619995117,-19.235288619995117,-12.30814266204834,-15.80814266204834,128
test,1,The graceful [wugs],The graceful [wug],-17.763736724853516,-20.748111724853516,-13.183774948120117,-17.840024948120117,-18.049909591674805,-21.338972091674805,-12.749825477600098,-17.53107452392578,128
test,0,The clever [wug],The clever [wugs],-16.33641815185547,-17.27391815185547,-12.385808944702148,-15.510808944702148,-15.396710395812988,-16.771709442138672,-12.404160499572754,-15.466660499572754,128
test,1,The clever [wugs],The clever [wug],-17.08318328857422,-17.77068328857422,-13.875399589538574,-15.437899589538574,-16.6317081451416,-17.4442081451416,-13.617615699768066,-15.055115699768066,128
test,0,The fierce [wug],The fierce [wugs],-13.699135780334473,-15.699135780334473,-10.89608383178711,-12.39608383178711,-13.416617393493652,-15.041617393493652,-11.495992660522461,-12.558492660522461,128
test,1,The fierce [wugs],The fierce [wug],-12.734816551208496,-14.422316551208496,-12.785965919494629,-13.348465919494629,-13.808502197265625,-14.871002197265625,-12.506963729858398,-13.131963729858398,128
test,0,The restless [wug],The restless [wugs],-13.85401439666748,-15.22901439666748,-12.554718017578125,-13.304718017578125,-13.792911529541016,-15.042911529541016,-12.717815399169922,-13.030315399169922,128
test,1,The restless [wugs],The restless [wug],-13.316512107849121,-16.254011154174805,-12.19603157043457,-16.88353157043457,-15.168540954589844,-17.324790954589844,-13.128965377807617,-17.722715377807617,128
test,0,The tiny [wug],The tiny [wugs],-13.25182056427002,-15.93932056427002,-10.3043851852417,-13.6168851852417,-12.51876449584961,-15.33126449584961,-10.498811721801758,-13.311311721801758,128
test,1,The tiny [wugs],The tiny [wug],-10.115376472473145,-14.240376472473145,-10.25220775604248,-14.56470775604248,-10.712533950805664,-14.525033950805664,-10.70687484741211,-14.83187484741211,128
test,0,The wary [wug],The wary [wugs],-12.186168670654297,-12.873668670654297,-11.803438186645508,-14.053438186645508,-11.943349838256836,-12.880849838256836,-12.129804611206055,-13.879804611206055,128
test,1,The wary [wugs],The wary [wug],-13.016410827636719,-16.14141082763672,-11.865002632141113,-15.240002632141113,-12.874878883361816,-15.374878883361816,-12.465729713439941,-15.778229713439941,128
test,0,The lively [wug],The lively [wugs],-10.198725700378418,-15.073725700378418,-9.595003128051758,-15.532503128051758,-10.258539199829102,-14.633539199829102,-9.769952774047852,-14.894952774047852,128
test,1,The lively [wugs],The lively [wug],-10.275773048400879,-12.588273048400879,-9.04658031463623,-13.54658031463623,-10.506440162658691,-13.131440162658691,-9.06214714050293,-13.62464714050293,128
test,0,The curious [wug],The curious [wugs],-9.098564147949219,-12.723564147949219,-7.905888080596924,-12.530888557434082,-8.98723316192627,-12.73723316192627,-8.035323143005371,-12.347823143005371,128
test,1,The curious [wugs],The curious [wug],-8.907780647277832,-11.470280647277832,-9.960625648498535,-12.898125648498535,-6.450018882751465,-9.200018882751465,-9.483338356018066,-12.233338356018066,128
test,0,The clever [wug],The clever [wugs],-9.836418151855469,-13.586418151855469,-7.823308944702148,-13.073308944702148,-9.896710395812988,-13.646710395812988,-7.904160499572754,-12.904160499572754,128
test,1,The clever [wugs],The clever [wug],-10.895683288574219,-12.583183288574219,-9.437899589538574,-13.062899589538574,-11.756708145141602,-13.381708145141602,-9.305115699768066,-12.555115699768066,128
test,0,The wary [wug],The wary [wugs],-10.623668670654297,-13.186168670654297,-9.678438186645508,-12.803438186645508,-10.193349838256836,-12.943349838256836,-9.817304611206055,-12.567304611206055,128
test,1,The wary [wugs],The wary [wug],-15.578910827636719,-17.32891082763672,-12.365002632141113,-15.115002632141113,-15.562378883361816,-16.4998779296875,-11.903229713439941,-14.590729713439941,128
test,0,The shy [wug],The shy [wugs],-8.503630638122559,-12.691130638122559,-7.996822357177734,-10.621822357177734,-8.932411193847656,-12.744911193847656,-8.054293632507324,-10.679293632507324,128
test,1,The shy [wugs],The shy [wug],-12.152868270874023,-12.777868270874023,-7.086447715759277,-12.273947715759277,-13.177115440368652,-13.739615440368652,-7.8372955322265625,-12.399795532226562,128
test,0,The strange [wug],The strange [wugs],-19.88420295715332,-20.54045295715332,-19.532312393188477,-18.782312393188477,-19.83301544189453,-19.95801544189453,-19.69866180419922,-18.57366180419922,128
test,1,The strange [wugs],The strange [wug],-18.141260147094727,-19.547510147094727,-17.828678131103516,-21.266178131103516,-18.86953353881836,-19.80703353881836,-18.079917907714844,-21.267417907714844,128
test,0,The bold [wug],The bold [wugs],-13.541705131530762,-17.416706085205078,-10.479763984680176,-14.917263984680176,-14.734236717224121,-18.171737670898438,-11.107707023620605,-15.045207023620605,128
test,1,The bold [wugs],The bold [wug],-14.339784622192383,-17.902284622192383,-11.712362289428711,-16.39986228942871,-14.385969161987305,-17.979719161987305,-11.480330467224121,-15.917830467224121,128
test,0,The strange [wug],The strange [wugs],-14.571702003479004,-16.00920295715332,-12.844812393188477,-13.407312393188477,-14.145515441894531,-15.145515441894531,-12.823662757873535,-13.198662757873535,128
test,1,The strange [wugs],The strange [wug],-15.828760147094727,-16.828760147094727,-16.641178131103516,-17.016178131103516,-14.807034492492676,-16.05703353881836,-15.517416954040527,-15.767416954040527,128
test,0,The curious [wug],The curious [wugs],-11.098564147949219,-12.911064147949219,-9.780888557434082,-14.155888557434082,-9.92473316192627,-12.48723316192627,-10.035323143005371,-14.097823143005371,128
test,1,The curious [wugs],The curious [wug],-13.345280647277832,-14.345280647277832,-9.960625648498535,-13.335625648498535,-13.387518882751465,-15.262518882751465,-9.608338356018066,-13.170838356018066,128
test,0,The bold [wug],The bold [wugs],-13.229205131530762,-16.791706085205078,-11.229763984680176,-14.854763984680176,-14.296736717224121,-17.234237670898438,-11.607707023620605,-14.795207023620605,128
test,1,The bold [wugs],The bold [wug],-14.652284622192383,-16.339784622192383,-12.774862289428711,-16.71236228942871,-15.198469161987305,-16.198469161987305,-12.667830467224121,-16.230329513549805,128
test,0,The graceful [wug],The graceful [wugs],-10.460186958312988,-13.460186958312988,-8.119813919067383,-12.244813919067383,-12.0165376663208,-14.0165376663208,-8.74564266204834,-12.12064266204834,128
test,1,The graceful [wugs],The graceful [wug],-13.388736724853516,-15.451236724853516,-10.058774948120117,-13.558774948120117,-14.206159591674805,-16.081159591674805,-9.749825477600098,-13.437325477600098,128
test,0,The bold [wug],The bold [wugs],-7.354205131530762,-11.416705131530762,-7.417263984680176,-11.729763984680176,-7.359237194061279,-10.859236717224121,-7.7952070236206055,-11.545207023620605,128
test,1,The bold [wugs],The bold [wug],-9.652284622192383,-11.152284622192383,-8.649862289428711,-11.774862289428711,-10.323469161987305,-11.198469161987305,-8.855330467224121,-11.542830467224121,128
test,0,The strange [wug],The strange [wugs],-16.13420295715332,-17.00920295715332,-14.344812393188477,-14.969812393188477,-15.520515441894531,-16.52051544189453,-14.323662757873535,-14.823662757873535,128
test,1,The strange [wugs],The strange [wug],-17.016260147094727,-20.141260147094727,-16.828678131103516,-19.766178131103516,-16.11953353881836,-19.55703353881836,-15.704916954040527,-18.454917907714844,128
test,0,The strange [wug],The strange [wugs],-12.696702003479004,-14.571702003479004,-10.594812393188477,-12.032312393188477,-12.458015441894531,-14.020515441894531,-10.698662757873535,-11.698662757873535,128
test,1,The strange [wugs],The strange [wug],-12.266260147094727,-15.391260147094727,-11.016178131103516,-15.953678131103516,-11.807034492492676,-14.994534492492676,-10.204916954040527,-15.017416954040527,128
test,0,The bold [wug],The bold [wugs],-16.791706085205078,-16.916706085205078,-15.167263984680176,-16.604764938354492,-17.796737670898438,-17.171737670898438,-15.607707023620605,-16.42020606994629,128
test,1,The bold [wugs],The bold [wug],-17.214784622192383,-19.089784622192383,-15.024862289428711,-19.27486228942871,-17.542219161987305,-19.667219161987305,-14.292830467224121,-18.542829513549805,128
test,0,The strange [wug],The strange [wugs],-13.571702003479004,-16.57170295715332,-12.094812393188477,-13.907312393188477,-13.458015441894531,-16.20801544189453,-12.136162757873535,-13.698662757873535,128
test,1,The strange [wugs],The strange [wug],-13.578760147094727,-16.016260147094727,-12.828678131103516,-16.141178131103516,-12.932034492492676,-15.744534492492676,-12.767416954040527,-16.267417907714844,128
test,0,The wary [wug],The wary [wugs],-12.248668670654297,-15.936168670654297,-12.553438186645508,-16.365938186645508,-11.943349838256836,-15.443349838256836,-12.692304611206055,-15.879804611206055,128
test,1,The wary [wugs],The wary [wug],-14.766410827636719,-18.48516082763672,-13.115002632141113,-17.80250358581543,-14.624878883361816,-17.6248779296875,-12.903229713439941,-17.403228759765625,128
test,0,The restless [wug],The restless [wugs],-13.97901439666748,-17.354013442993164,-14.117218017578125,-17.554718017578125,-13.917911529541016,-17.480411529541016,-14.592815399169922,-17.655315399169922,128
test,1,The restless [wugs],The restless [wug],-16.129011154174805,-17.129011154174805,-15.25853157043457,-18.25853157043457,-16.293540954589844,-16.606040954589844,-14.878965377807617,-17.785215377807617,128
test,0,The lively [wug],The lively [wugs],-18.167476654052734,-18.479976654052734,-14.907503128051758,-16.282503128051758,-18.1960391998291,-18.1647891998291,-15.207452774047852,-16.20745277404785,128
test,1,The lively [wugs],The lively [wug],-15.150773048400879,-15.900773048400879,-15.17158031463623,-16.734081268310547,-16.256439208984375,-17.318939208984375,-15.93714714050293,-17.87464714050293,128
test,0,The strange [wug],The strange [wugs],-16.82170295715332,-17.32170295715332,-14.032312393188477,-15.469812393188477,-15.958015441894531,-16.89551544189453,-13.823662757873535,-15.136162757873535,128
test,1,The strange [wugs],The strange [wug],-17.953760147094727,-18.453760147094727,-17.141178131103516,-17.891178131103516,-17.49453353881836,-18.55703353881836,-16.017417907714844,-16.954917907714844,128
test,0,The fierce [wug],The fierce [wugs],-14.136635780334473,-17.949134826660156,-13.33358383178711,-16.39608383178711,-13.666617393493652,-16.854116439819336,-13.558492660522461,-16.05849266052246,128
test,1,The fierce [wugs],The fierce [wug],-13.609816551208496,-17.297317504882812,-13.223465919494629,-18.160964965820312,-14.621002197265625,-17.808502197265625,-13.006963729858398,-17.6632137298584,128
test,0,The gentle [wug],The gentle [wugs],-12.007405281066895,-13.444905281066895,-9.49781322479248,-11.24781322479248,-10.803777694702148,-12.053777694702148,-9.750205993652344,-10.875205993652344,128
test,1,The gentle [wugs],The gentle [wug],-10.598687171936035,-12.661187171936035,-9.326862335205078,-13.014362335205078,-11.552162170410156,-13.239662170410156,-9.521162033081055,-13.021162033081055,128
test,0,The fierce [wug],The fierce [wugs],-15.011635780334473,-15.324135780334473,-11.89608383178711,-12.89608383178711,-14.479117393493652,-14.541617393493652,-12.308492660522461,-12.808492660522461,128
test,1,The fierce [wugs],The fierce [wug],-14.609816551208496,-17.734817504882812,-12.098465919494629,-16.223464965820312,-16.089752197265625,-18.839752197265625,-12.506963729858398,-16.5069637298584,128
test,0,The shy [wug],The shy [wugs],-7.378630638122559,-11.316130638122559,-7.871822357177734,-11.371822357177734,-8.182411193847656,-10.932411193847656,-8.429293632507324,-11.179293632507324,128
test,1,The shy [wugs],The shy [wug],-11.527868270874023,-13.027868270874023,-10.336447715759277,-14.836447715759277,-11.802115440368652,-13.239615440368652,-11.212295532226562,-15.274795532226562,128
test,0,The clever [wug],The clever [wugs],-15.023918151855469,-19.52391815185547,-12.635808944702148,-16.51080894470215,-14.396710395812988,-18.459209442138672,-12.779160499572754,-16.216659545898438,128
test,1,The clever [wugs],The clever [wug],-18.86443328857422,-20.38005828857422,-11.500399589538574,-17.37540054321289,-18.3504581451416,-19.6473331451416,-11.555115699768066,-17.18011474609375,128
test,0,The strange [wug],The strange [wugs],-13.821702003479004,-15.071702003479004,-11.907312393188477,-12.969812393188477,-13.395515441894531,-14.770515441894531,-11.886162757873535,-12.823662757873535,128
test,1,The strange [wugs],The strange [wug],-13.891260147094727,-14.328760147094727,-13.766178131103516,-14.391178131103516,-13.807034492492676,-14.307034492492676,-13.392416954040527,-13.954916954040527,128
test,0,The curious [wug],The curious [wugs],-10.598564147949219,-11.661064147949219,-8.780888557434082,-13.030888557434082,-9.36223316192627,-10.98723316192627,-9.160323143005371,-12.972823143005371,128
test,1,The curious [wugs],The curious [wug],-12.782780647277832,-15.407780647277832,-9.460625648498535,-13.648125648498535,-13.200018882751465,-15.075018882751465,-8.733338356018066,-12.858338356018066,128
test,0,The fierce [wug],The fierce [wugs],-14.949135780334473,-15.324135780334473,-12.77108383178711,-14.70858383178711,-14.729117393493652,-14.854117393493652,-13.183492660522461,-14.683492660522461,128
test,1,The fierce [wugs],The fierce [wug],-11.109816551208496,-13.922316551208496,-12.910965919494629,-15.410965919494629,-11.058502197265625,-13.808502197265625,-13.131963729858398,-15.506963729858398,128
test,0,The restless [wug],The restless [wugs],-10.04151439666748,-12.97901439666748,-9.679718017578125,-11.992218017578125,-9.730411529541016,-12.480411529541016,-10.030315399169922,-11.842815399169922,128
test,1,The restless [wugs],The restless [wug],-11.441512107849121,-15.379012107849121,-9.63353157043457,-14.63353157043457,-12.543540954589844,-15.668540954589844,-9.441465377807617,-14.378965377807617,128
test,0,The sturdy [wug],The sturdy [wugs],-17.490114212036133,-17.802614212036133,-17.019243240356445,-16.831743240356445,-18.055036544799805,-18.242536544799805,-17.2838134765625,-16.7838134765625,128
test,1,The sturdy [wugs],The sturdy [wug],-17.57501220703125,-18.26251220703125,-15.82712173461914,-18.57712173461914,-18.674503326416016,-19.237003326416016,-16.69577980041504,-19.03952980041504,128
test,0,The restless [wug],The restless [wugs],-9.91651439666748,-15.41651439666748,-9.179718017578125,-14.617218017578125,-9.855411529541016,-14.855411529541016,-9.155315399169922,-14.030315399169922,128
test,1,The restless [wugs],The restless [wug],-9.941512107849121,-12.316512107849121,-9.13353157043457,-12.75853157043457,-9.981040954589844,-12.168540954589844,-9.066465377807617,-12.816465377807617,128
test,0,The bold [wug],The bold [wugs],-11.916705131530762,-16.541706085205078,-11.104763984680176,-15.604763984680176,-12.609236717224121,-16.671737670898438,-11.357707023620605,-15.357707023620605,128
test,1,The bold [wugs],The bold [wug],-17.152284622192383,-18.214784622192383,-14.649862289428711,-17.86861228942871,-17.667219161987305,-18.229719161987305,-14.292830467224121,-17.167829513549805,128
test,0,The strange [wug],The strange [wugs],-15.321702003479004,-17.07170295715332,-13.407312393188477,-14.657312393188477,-15.395515441894531,-17.02051544189453,-13.636162757873535,-14.511162757873535,128
test,1,The strange [wugs],The strange [wug],-12.516260147094727,-15.578760147094727,-13.078678131103516,-17.516178131103516,-12.432034492492676,-15.307034492492676,-13.079916954040527,-17.329917907714844,128
test,0,The restless [wug],The restless [wugs],-13.29151439666748,-17.291513442993164,-11.367218017578125,-15.429718017578125,-13.167911529541016,-16.917911529541016,-11.717815399169922,-15.405315399169922,128
test,1,The restless [wugs],The restless [wug],-14.504012107849121,-18.129011154174805,-12.44603157043457,-16.50853157043457,-15.543540954589844,-19.356040954589844,-12.503965377807617,-16.566465377807617,128
test,0,The lively [wug],The lively [wugs],-10.886225700378418,-15.011225700378418,-10.970003128051758,-15.470003128051758,-10.446039199829102,-14.696039199829102,-10.957452774047852,-15.082452774047852,128
test,1,The lively [wugs],The lively [wug],-15.213273048400879,-16.213274002075195,-11.92158031463623,-15.79658031463623,-14.693940162658691,-16.006439208984375,-11.87464714050293,-15.74964714050293,128
test,0,The graceful [wug],The graceful [wugs],-10.835186958312988,-12.585186958312988,-8.869813919067383,-10.244813919067383,-11.3915376663208,-13.2665376663208,-9.12064266204834,-10.05814266204834,128
test,1,The graceful [wugs],The graceful [wug],-12.388736724853516,-14.576236724853516,-6.996274948120117,-12.308774948120117,-12.768659591674805,-14.956159591674805,-6.999825477600098,-12.312325477600098,128
test,0,The strange [wug],The strange [wugs],-16.19670295715332,-17.88420295715332,-15.407312393188477,-17.157312393188477,-16.20801544189453,-17.70801544189453,-15.698662757873535,-17.13616180419922,128
test,1,The strange [wugs],The strange [wug],-16.703760147094727,-18.203760147094727,-17.016178131103516,-20.172428131103516,-16.80703353881836,-18.05703353881836,-17.079917907714844,-20.048667907714844,128
test,0,The curious [wug],The curious [wugs],-11.848564147949219,-12.661064147949219,-9.530888557434082,-12.655888557434082,-10.67473316192627,-12.04973316192627,-9.910323143005371,-12.410323143005371,128
test,1,The curious [wugs],The curious [wug],-15.470280647277832,-17.31403160095215,-9.960625648498535,-14.898125648498535,-15.481268882751465,-17.20001792907715,-9.233338356018066,-14.108338356018066,128
test,0,The restless [wug],The restless [wugs],-13.47901439666748,-14.85401439666748,-12.804718017578125,-14.492218017578125,-13.855411529541016,-15.167911529541016,-13.217815399169922,-14.530315399169922,128
test,1,The restless [wugs],The restless [wug],-13.004012107849121,-15.379012107849121,-14.19603157043457,-17.00853157043457,-12.231040954589844,-14.731040954589844,-14.441465377807617,-17.378965377807617,128
test,0,The restless [wug],The restless [wugs],-12.85401439666748,-13.97901439666748,-11.179718017578125,-12.617218017578125,-13.042911529541016,-14.230411529541016,-11.530315399169922,-12.717815399169922,128
test,1,The restless [wugs],The restless [wug],-15.504012107849121,-15.816512107849121,-14.44603157043457,-16.75853157043457,-16.418540954589844,-15.793540954589844,-14.503965377807617,-16.691465377807617,128
test,0,The sturdy [wug],The sturdy [wugs],-8.177614212036133,-9.990114212036133,-8.456744194030762,-11.269244194030762,-8.867536544799805,-10.180036544799805,-8.5338134765625,-11.0338134765625,128
test,1,The sturdy [wugs],The sturdy [wug],-7.45001220703125,-10.51251220703125,-8.01462173461914,-12.82712173461914,-8.174504280090332,-11.112004280090332,-7.758279800415039,-12.320779800415039,128
test,0,The gentle [wug],The gentle [wugs],-11.194905281066895,-15.882405281066895,-9.12281322479248,-14.31031322479248,-10.678777694702148,-14.553777694702148,-9.125205993652344,-13.625205993652344,128
test,1,The gentle [wugs],The gentle [wug],-9.973687171936035,-11.911187171936035,-8.951862335205078,-12.514362335205078,-10.802162170410156,-12.802162170410156,-8.958662033081055,-12.333662033081055,128
test,0,The wary [wug],The wary [wugs],-10.998668670654297,-12.748668670654297,-9.303438186645508,-12.428438186645508,-10.693349838256836,-12.880849838256836,-9.567304611206055,-12.254804611206055,128
test,1,The wary [wugs],The wary [wug],-13.703910827636719,-14.641410827636719,-12.552502632141113,-13.365002632141113,-13.812378883361816,-14.812378883361816,-12.278229713439941,-13.215729713439941,128
test,0,The clever [wug],The clever [wugs],-10.711418151855469,-12.648918151855469,-8.448308944702148,-11.510808944702148,-10.271710395812988,-12.084210395812988,-8.654160499572754,-11.279160499572754,128
test,1,The clever [wugs],The clever [wug],-13.645683288574219,-14.958183288574219,-8.812899589538574,-12.875399589538574,-13.694208145141602,-14.787958145141602,-9.305115699768066,-13.055115699768066,128
test,0,The tiny [wug],The tiny [wugs],-13.87682056427002,-17.064319610595703,-13.2418851852417,-17.241886138916016,-13.26876449584961,-15.95626449584961,-13.311311721801758,-16.498811721801758,128
test,1,The tiny [wugs],The tiny [wug],-12.865376472473145,-16.490375518798828,-13.31470775604248,-17.939708709716797,-13.462533950805664,-16.587533950805664,-13.26937484741211,-17.64437484741211,128
test,0,The round [wug],The round [wugs],-2.9934887886047363,-9.618489265441895,-1.2524285316467285,-10.00242805480957,-3.174827814102173,-8.299827575683594,-1.3318672180175781,-8.706867218017578,128
test,1,The round [wugs],The round [wug],-2.2659573554992676,-5.890957355499268,-2.469372272491455,-6.344372272491455,-2.27846622467041,-5.52846622467041,-2.572709798812866,-5.447709560394287,128
test,0,The clumsy [wug],The clumsy [wugs],-8.39666748046875,-11.52166748046875,-8.752387046813965,-11.814887046813965,-9.417359352111816,-11.417359352111816,-9.674747467041016,-11.737247467041016,128
test,1,The clumsy [wugs],The clumsy [wug],-14.524560928344727,-17.430810928344727,-10.263009071350098,-15.700509071350098,-13.220258712768555,-15.657758712768555,-10.544700622558594,-15.419700622558594,128
test,0,The restless [wug],The restless [wugs],-8.66651439666748,-12.10401439666748,-9.179718017578125,-12.867218017578125,-8.480411529541016,-11.792911529541016,-9.530315399169922,-12.842815399169922,128
test,1,The restless [wugs],The restless [wug],-10.941512107849121,-13.941512107849121,-9.25853157043457,-13.57103157043457,-11.856040954589844,-14.231040954589844,-9.066465377807617,-13.316465377807617,128
test,0,The bold [wug],The bold [wugs],-12.666705131530762,-14.416705131530762,-11.354763984680176,-13.917263984680176,-13.546736717224121,-14.609236717224121,-11.670207023620605,-13.670207023620605,128
test,1,The bold [wugs],The bold [wug],-13.089784622192383,-18.839784622192383,-11.524862289428711,-17.80611228942871,-13.823469161987305,-19.260969161987305,-10.980330467224121,-16.792829513549805,128
test,0,The tiny [wug],The tiny [wugs],-13.87682056427002,-15.31432056427002,-11.1168851852417,-13.9293851852417,-13.14376449584961,-14.64376449584961,-11.373811721801758,-13.498811721801758,128
test,1,The tiny [wugs],The tiny [wug],-12.865376472473145,-13.740376472473145,-12.81470775604248,-13.68970775604248,-13.212533950805664,-13.900033950805664,-12.89437484741211,-13.51937484741211,128
test,0,The sturdy [wug],The sturdy [wugs],-13.990114212036133,-16.927614212036133,-13.019244194030762,-16.394243240356445,-13.555036544799805,-16.492536544799805,-12.9713134765625,-16.0963134765625,128
test,1,The sturdy [wugs],The sturdy [wug],-13.57501220703125,-16.13751220703125,-13.20212173461914,-17.20212173461914,-14.799504280090332,-16.549503326416016,-13.445779800415039,-17.19577980041504,128
test,0,The clumsy [wug],The clumsy [wugs],-11.45916748046875,-14.08416748046875,-10.377387046813965,-12.377387046813965,-12.167359352111816,-13.917359352111816,-11.049747467041016,-11.987247467041016,128
test,1,The clumsy [wugs],The clumsy [wug],-14.149560928344727,-16.212060928344727,-10.825509071350098,-14.950509071350098,-14.157758712768555,-15.657758712768555,-11.669700622558594,-15.482200622558594,128
test,0,The clumsy [wug],The clumsy [wugs],-9.27166748046875,-10.70916748046875,-10.752387046813965,-12.189887046813965,-9.979859352111816,-10.229859352111816,-11.424747467041016,-11.799747467041016,128
test,1,The clumsy [wugs],The clumsy [wug],-14.837060928344727,-20.852685928344727,-11.325509071350098,-18.45050811767578,-13.782758712768555,-19.048383712768555,-11.169700622558594,-17.888450622558594,128
test,0,The shy [wug],The shy [wugs],-9.128630638122559,-15.941130638122559,-8.621822357177734,-15.184322357177734,-9.307411193847656,-14.807411193847656,-8.804293632507324,-14.429293632507324,128
test,1,The shy [wugs],The shy [wug],-12.965368270874023,-14.402868270874023,-10.336447715759277,-14.586447715759277,-13.364615440368652,-14.458365440368652,-10.649795532226562,-14.399795532226562,128
test,0,The shy [wug],The shy [wugs],-7.628630638122559,-14.691130638122559,-8.371822357177734,-14.496822357177734,-8.182411193847656,-14.057411193847656,-8.429293632507324,-13.866793632507324,128
test,1,The shy [wugs],The shy [wug],-13.215368270874023,-13.527868270874023,-10.836447715759277,-14.961447715759277,-13.864615440368652,-13.677115440368652,-11.149795532226562,-14.649795532226562,128
test,0,The gentle [wug],The gentle [wugs],-13.882405281066895,-14.882405281066895,-10.93531322479248,-13.37281322479248,-12.741277694702148,-14.616277694702148,-11.250205993652344,-13.375205993652344,128
test,1,The gentle [wugs],The gentle [wug],-12.786187171936035,-13.848687171936035,-11.576862335205078,-13.826862335205078,-14.302162170410156,-15.239662170410156,-12.208662033081055,-14.208662033081055,128
test,0,The restless [wug],The restless [wugs],-13.04151439666748,-15.79151439666748,-9.679718017578125,-12.554718017578125,-13.105411529541016,-15.980411529541016,-10.155315399169922,-12.717815399169922,128
test,1,The restless [wugs],The restless [wug],-12.316512107849121,-13.816512107849121,-11.44603157043457,-13.25853157043457,-12.481040954589844,-13.356040954589844,-10.503965377807617,-12.316465377807617,128
test,0,The tiny [wug],The tiny [wugs],-15.31432056427002,-16.439319610595703,-12.1793851852417,-14.8668851852417,-14.58126449584961,-16.01876449584961,-12.498811721801758,-14.686311721801758,128
test,1,The tiny [wugs],The tiny [wug],-12.990376472473145,-15.677876472473145,-13.37720775604248,-16.252208709716797,-14.337533950805664,-16.462533950805664,-13.83187484741211,-16.83187484741211,128
test,0,The gentle [wug],The gentle [wugs],-14.319905281066895,-14.819905281066895,-11.74781322479248,-13.81031322479248,-13.178777694702148,-13.991277694702148,-12.062705993652344,-13.750205993652344,128
test,1,The gentle [wugs],The gentle [wug],-11.973687171936035,-13.598687171936035,-12.889362335205078,-15.076862335205078,-12.364662170410156,-14.427162170410156,-12.708662033081055,-15.021162033081055,128
test,0,The spotted [wug],The spotted [wugs],-11.760106086730957,-13.260106086730957,-9.441479682922363,-12.628979682922363,-12.767144203186035,-12.079644203186035,-11.787470817565918,-13.787470817565918,128
test,1,The spotted [wugs],The spotted [wug],-14.137237548828125,-14.824737548828125,-10.905691146850586,-14.530691146850586,-13.988381385803223,-14.769631385803223,-11.408288955688477,-14.845788955688477,128
test,0,The lively [wug],The lively [wugs],-10.823725700378418,-13.823725700378418,-9.845003128051758,-13.095003128051758,-10.633539199829102,-13.446039199829102,-10.144952774047852,-13.082452774047852,128
test,1,The lively [wugs],The lively [wug],-13.838273048400879,-15.588273048400879,-10.48408031463623,-14.85908031463623,-13.381440162658691,-15.381440162658691,-10.56214714050293,-14.81214714050293,128
test,0,The tiny [wug],The tiny [wugs],-13.50182056427002,-18.064319610595703,-8.8043851852417,-14.1793851852417,-12.95626449584961,-17.39376449584961,-9.061311721801758,-13.623811721801758,128
test,1,The tiny [wugs],The tiny [wug],-10.052876472473145,-13.302876472473145,-9.12720775604248,-13.18970775604248,-10.712533950805664,-13.712533950805664,-9.08187484741211,-12.76937484741211,128
test,0,The lively [wug],The lively [wugs],-11.261225700378418,-12.323725700378418,-9.970003128051758,-11.220003128051758,-11.071039199829102,-11.633539199829102,-10.019952774047852,-10.832452774047852,128
test,1,The lively [wugs],The lively [wug],-11.463273048400879,-13.588273048400879,-9.17158031463623,-13.42158031463623,-10.943940162658691,-13.068940162658691,-9.31214714050293,-13.56214714050293,128
test,0,The fierce [wug],The fierce [wugs],-11.511635780334473,-13.324135780334473,-7.396084308624268,-10.27108383178711,-10.479117393493652,-12.104117393493652,-8.058492660522461,-10.308492660522461,128
test,1,The fierce [wugs],The fierce [wug],-10.922316551208496,-13.734816551208496,-9.160965919494629,-12.910965919494629,-12.371002197265625,-14.746002197265625,-9.131963729858398,-12.756963729858398,128
test,0,The sturdy [wug],The sturdy [wugs],-9.865114212036133,-13.240114212036133,-7.7067437171936035,-9.956744194030762,-9.867536544799805,-12.805036544799805,-7.7838134765625,-9.7213134765625,128
test,1,The sturdy [wugs],The sturdy [wug],-11.70001220703125,-13.51251220703125,-8.88962173461914,-12.45212173461914,-11.362004280090332,-12.987004280090332,-9.008279800415039,-12.570779800415039,128
test,0,The restless [wug],The restless [wugs],-12.97901439666748,-15.60401439666748,-11.554718017578125,-14.492218017578125,-13.230411529541016,-15.730411529541016,-12.155315399169922,-14.717815399169922,128
test,1,The restless [wugs],The restless [wug],-13.441512107849121,-14.379012107849121,-12.19603157043457,-14.88353157043457,-14.606040954589844,-14.418540954589844,-12.691465377807617,-14.816465377807617,128
test,0,The wary [wug],The wary [wugs],-9.748668670654297,-11.186168670654297,-8.053438186645508,-10.990938186645508,-8.755849838256836,-10.693349838256836,-8.442304611206055,-11.004804611206055,128
test,1,The wary [wugs],The wary [wug],-10.266410827636719,-15.578910827636719,-10.615002632141113,-15.427502632141113,-11.312378883361816,-16.0623779296875,-10.778229713439941,-15.528229713439941,128
test,0,The strange [wug],The strange [wugs],-11.321702003479004,-15.134202003479004,-12.219812393188477,-16.094812393188477,-10.895515441894531,-14.333015441894531,-12.511162757873535,-15.948662757873535,128
test,1,The strange [wugs],The strange [wug],-14.328760147094727,-18.203760147094727,-13.516178131103516,-18.891178131103516,-14.182034492492676,-18.11953353881836,-13.517416954040527,-18.704917907714844,128
test,0,The fierce [wug],The fierce [wugs],-12.949135780334473,-14.636635780334473,-8.14608383178711,-11.89608383178711,-11.291617393493652,-13.041617393493652,-8.558492660522461,-11.870992660522461,128
test,1,The fierce [wugs],The fierce [wug],-10.922316551208496,-13.422316551208496,-8.660965919494629,-12.910965919494629,-12.246002197265625,-14.558502197265625,-8.569463729858398,-12.569463729858398,128
test,0,The bold [wug],The bold [wugs],-12.604205131530762,-14.041705131530762,-10.917263984680176,-13.979763984680176,-13.359236717224121,-14.109236717224121,-11.357707023620605,-13.920207023620605,128
test,1,The bold [wugs],The bold [wug],-15.964784622192383,-17.902284622192383,-14.149862289428711,-16.83736228942871,-15.135969161987305,-17.573469161987305,-13.480330467224121,-16.042829513549805,128
test,0,The clumsy [wug],The clumsy [wugs],-1.771667718887329,-9.14666748046875,-1.5023871660232544,-10.252387046813965,-1.7923593521118164,-6.917359352111816,-1.674747347831726,-8.299747467041016,128
test,1,The clumsy [wugs],The clumsy [wug],-4.024560928344727,-6.024560928344727,-1.3880088329315186,-6.263009071350098,-3.9702587127685547,-5.845258712768555,-1.5447007417678833,-5.919700622558594,128
test,0,The gentle [wug],The gentle [wugs],-14.069905281066895,-15.257405281066895,-10.18531322479248,-13.24781322479248,-12.428777694702148,-14.116277694702148,-10.562705993652344,-13.312705993652344,128
test,1,The gentle [wugs],The gentle [wug],-12.036187171936035,-13.286187171936035,-11.826862335205078,-13.514362335205078,-11.739662170410156,-12.802162170410156,-10.771162033081055,-12.146162033081055,128
test,0,The graceful [wug],The graceful [wugs],-6.39768648147583,-12.022686958312988,-4.494813919067383,-10.932313919067383,-6.329037666320801,-10.2040376663208,-4.62064266204834,-9.24564266204834,128
test,1,The graceful [wugs],The graceful [wug],-5.576236724853516,-6.576236724853516,-4.371274948120117,-8.433774948120117,-5.956159591674805,-6.956159591674805,-4.124825477600098,-8.124825477600098,128
test,0,The graceful [wug],The graceful [wugs],-9.897686958312988,-15.022686958312988,-8.869813919067383,-14.682313919067383,-10.2665376663208,-14.1415376663208,-9.24564266204834,-13.93314266204834,128
test,1,The graceful [wugs],The graceful [wug],-11.388736724853516,-12.701236724853516,-8.246274948120117,-12.683774948120117,-11.393659591674805,-13.081159591674805,-8.437325477600098,-12.812325477600098,128
test,0,The sturdy [wug],The sturdy [wugs],-13.365114212036133,-14.990114212036133,-10.644244194030762,-12.831744194030762,-13.805036544799805,-14.742536544799805,-10.7213134765625,-12.4713134765625,128
test,1,The sturdy [wugs],The sturdy [wug],-13.20001220703125,-16.76251220703125,-11.38962173461914,-15.95212173461914,-13.674504280090332,-16.862003326416016,-11.133279800415039,-15.383279800415039,128
test,0,The spotted [wug],The spotted [wugs],-18.26010513305664,-18.38510513305664,-17.69148063659668,-17.31648063659668,-17.95464515686035,-17.76714515686035,-18.193721771240234,-16.974971771240234,128
test,1,The spotted [wugs],The spotted [wug],-15.105987548828125,-16.324737548828125,-16.343191146850586,-19.061941146850586,-15.925881385803223,-17.238380432128906,-16.595788955688477,-19.798913955688477,128
test,0,The bold [wug],The bold [wugs],-16.229206085205078,-17.166706085205078,-14.917263984680176,-16.104764938354492,-16.921737670898438,-17.359237670898438,-15.232707023620605,-15.982707023620605,128
test,1,The bold [wugs],The bold [wug],-15.089784622192383,-15.589784622192383,-15.337362289428711,-17.39986228942871,-15.948469161987305,-16.948469161987305,-15.667830467224121,-18.167829513549805,128
test,0,The bold [wug],The bold [wugs],-9.604205131530762,-15.041705131530762,-9.167263984680176,-14.604763984680176,-10.109236717224121,-14.671736717224121,-9.295207023620605,-14.107707023620605,128
test,1,The bold [wugs],The bold [wug],-9.714784622192383,-11.589784622192383,-9.024862289428711,-12.462362289428711,-10.010969161987305,-11.823469161987305,-8.980330467224121,-12.230330467224121,128
test,0,The strange [wug],The strange [wugs],-13.759202003479004,-14.446702003479004,-12.657312393188477,-13.844812393188477,-12.833015441894531,-13.583015441894531,-12.761162757873535,-13.573662757873535,128
test,1,The strange [wugs],The strange [wug],-17.078760147094727,-19.453760147094727,-14.641178131103516,-17.891178131103516,-16.24453353881836,-18.43203353881836,-13.767416954040527,-16.829917907714844,128
test,0,The restless [wug],The restless [wugs],-9.04151439666748,-13.54151439666748,-8.804718017578125,-12.992218017578125,-8.855411529541016,-13.417911529541016,-8.905315399169922,-12.717815399169922,128
test,1,The restless [wugs],The restless [wug],-9.816512107849121,-12.754012107849121,-9.63353157043457,-14.13353157043457,-10.106040954589844,-12.543540954589844,-9.691465377807617,-14.066465377807617,128
test,0,The wary [wug],The wary [wugs],-11.748668670654297,-14.561168670654297,-10.865938186645508,-14.365938186645508,-11.130849838256836,-14.005849838256836,-11.004804611206055,-14.067304611206055,128
test,1,The wary [wugs],The wary [wug],-13.703910827636719,-16.01641082763672,-11.490002632141113,-15.865002632141113,-13.937378883361816,-14.687378883361816,-11.465729713439941,-15.653229713439941,128
test,0,The sturdy [wug],The sturdy [wugs],-2.8026137351989746,-7.552613735198975,-1.706743836402893,-9.331744194030762,-2.992536783218384,-6.117537021636963,-1.658813238143921,-7.7838134765625,128
test,1,The sturdy [wugs],The sturdy [wug],-2.82501220703125,-6.20001220703125,-1.8896217346191406,-7.014621734619141,-2.674504041671753,-5.924504280090332,-1.7582799196243286,-6.508279800415039,128
test,0,The bold [wug],The bold [wugs],-12.666705131530762,-12.729205131530762,-12.604763984680176,-13.167263984680176,-13.171736717224121,-12.359236717224121,-12.920207023620605,-12.920207023620605,128
test,1,The bold [wugs],The bold [wug],-10.589784622192383,-15.902284622192383,-10.149862289428711,-16.96236228942871,-10.698469161987305,-15.635969161987305,-10.292830467224121,-16.480329513549805,128
test,0,The shy [wug],The shy [wugs],-14.191130638122559,-16.191129684448242,-12.121822357177734,-15.121822357177734,-14.619911193847656,-16.182411193847656,-12.304293632507324,-14.491793632507324,128
test,1,The shy [wugs],The shy [wug],-13.652868270874023,-14.996618270874023,-15.461447715759277,-16.46144676208496,-14.833365440368652,-15.270865440368652,-16.337295532226562,-16.712295532226562,128
test,0,The curious [wug],The curious [wugs],-13.411064147949219,-14.661064147949219,-11.343388557434082,-13.343388557434082,-12.79973316192627,-14.73723316192627,-11.660323143005371,-13.347823143005371,128
test,1,The curious [wugs],The curious [wug],-12.845280647277832,-13.470280647277832,-12.023125648498535,-14.648125648498535,-14.200018882751465,-14.387518882751465,-11.920838356018066,-14.420838356018066,128
test,0,The clever [wug],The clever [wugs],-10.273918151855469,-12.523918151855469,-9.198308944702148,-13.260808944702148,-9.834210395812988,-12.334210395812988,-9.404160499572754,-13.154160499572754,128
test,1,The clever [wugs],The clever [wug],-15.083183288574219,-16.55193328857422,-9.812899589538574,-14.500399589538574,-14.256708145141602,-15.881708145141602,-9.867615699768066,-14.555115699768066,128
test,0,The graceful [wug],The graceful [wugs],-9.022686958312988,-13.647686958312988,-7.244813919067383,-12.557313919067383,-9.3915376663208,-13.5165376663208,-7.62064266204834,-11.87064266204834,128
test,1,The graceful [wugs],The graceful [wug],-12.201236724853516,-12.763736724853516,-7.246274948120117,-9.308774948120117,-10.581159591674805,-11.518659591674805,-7.874825477600098,-9.562325477600098,128
test,0,The round [wug],The round [wugs],-14.743489265441895,-17.180988311767578,-11.68992805480957,-15.25242805480957,-14.674827575683594,-16.987327575683594,-11.831867218017578,-15.206867218017578,128
test,1,The round [wugs],The round [wug],-11.64095687866211,-14.57845687866211,-11.594371795654297,-14.594371795654297,-11.77846622467041,-14.34096622467041,-11.572710037231445,-13.947710037231445,128
test,0,The clever [wug],The clever [wugs],-13.086418151855469,-15.648918151855469,-11.823308944702148,-15.635808944702148,-12.396710395812988,-14.896710395812988,-12.091660499572754,-15.466660499572754,128
test,1,The clever [wugs],The clever [wug],-17.33318328857422,-19.66130828857422,-12.187899589538574,-17.06290054321289,-16.3817081451416,-18.9910831451416,-11.867615699768066,-16.86761474609375,128
test,0,The wary [wug],The wary [wugs],-12.748668670654297,-16.123668670654297,-10.240938186645508,-14.928438186645508,-12.318349838256836,-15.505849838256836,-10.504804611206055,-14.692304611206055,128
test,1,The wary [wugs],The wary [wug],-15.016410827636719,-18.57891082763672,-11.990002632141113,-15.677502632141113,-15.624878883361816,-19.2498779296875,-11.590729713439941,-15.340729713439941,128
test,0,The clumsy [wug],The clumsy [wugs],-12.52166748046875,-13.64666748046875,-11.189887046813965,-12.752387046813965,-13.604859352111816,-13.604859352111816,-12.237247467041016,-12.737247467041016,128
test,1,The clumsy [wugs],The clumsy [wug],-18.930810928344727,-19.149560928344727,-16.01300811767578,-18.16925811767578,-17.876508712768555,-18.564008712768555,-15.732200622558594,-17.732200622558594,128
test,0,The restless [wug],The restless [wugs],-10.66651439666748,-13.47901439666748,-8.804718017578125,-10.804718017578125,-11.042911529541016,-13.855411529541016,-8.905315399169922,-10.655315399169922,128
test,1,The restless [wugs],The restless [wug],-12.691512107849121,-13.129012107849121,-12.13353157043457,-12.94603157043457,-13.418540954589844,-13.606040954589844,-11.753965377807617,-12.628965377807617,128
test,0,The clumsy [wug],The clumsy [wugs],-13.08416748046875,-17.92791748046875,-12.502387046813965,-16.81488800048828,-13.792359352111816,-17.6986083984375,-12.924747467041016,-16.237247467041016,128
test,1,The clumsy [wugs],The clumsy [wug],-18.837060928344727,-19.540185928344727,-16.38800811767578,-20.35675811767578,-18.923383712768555,-19.298383712768555,-16.419700622558594,-19.982200622558594,128
test,0,The clever [wug],The clever [wugs],-13.086418151855469,-17.89891815185547,-10.698308944702148,-16.07330894470215,-12.646710395812988,-17.146709442138672,-10.904160499572754,-15.841660499572754,128
test,1,The clever [wugs],The clever [wug],-13.645683288574219,-14.958183288574219,-10.000399589538574,-14.500399589538574,-14.006708145141602,-15.381708145141602,-10.117615699768066,-14.492615699768066,128
test,0,The shy [wug],The shy [wugs],-7.128630638122559,-13.566130638122559,-7.246822357177734,-12.621822357177734,-7.1824116706848145,-12.744911193847656,-7.554293632507324,-12.304293632507324,128
test,1,The shy [wugs],The shy [wug],-10.652868270874023,-10.965368270874023,-10.148947715759277,-13.023947715759277,-11.927115440368652,-11.427115440368652,-10.149795532226562,-12.462295532226562,128
test,0,The bold [wug],The bold [wugs],-13.041705131530762,-14.541705131530762,-10.792263984680176,-12.917263984680176,-14.546736717224121,-15.609236717224121,-11.482707023620605,-13.232707023620605,128
test,1,The bold [wugs],The bold [wug],-15.214784622192383,-15.714784622192383,-13.524862289428711,-14.149862289428711,-15.010969161987305,-15.260969161987305,-13.105330467224121,-13.542830467224121,128
test,0,The gentle [wug],The gentle [wugs],-10.569905281066895,-13.444905281066895,-8.37281322479248,-12.37281322479248,-9.928777694702148,-12.741277694702148,-8.500205993652344,-12.187705993652344,128
test,1,The gentle [wugs],The gentle [wug],-9.098687171936035,-11.411187171936035,-8.826862335205078,-13.139362335205078,-10.177162170410156,-12.239662170410156,-8.708662033081055,-12.646162033081055,128
test,0,The wary [wug],The wary [wugs],-12.998668670654297,-13.623668670654297,-12.240938186645508,-13.365938186645508,-12.943349838256836,-13.818349838256836,-12.567304611206055,-13.317304611206055,128
test,1,The wary [wugs],The wary [wug],-14.453910827636719,-15.828910827636719,-12.802502632141113,-14.615002632141113,-15.874878883361816,-17.2498779296875,-13.403229713439941,-14.840729713439941,128
test,0,The clumsy [wug],The clumsy [wugs],-17.77166748046875,-19.58416748046875,-16.62738800048828,-18.12738800048828,-18.5111083984375,-19.4486083984375,-17.112247467041016,-17.674747467041016,128
test,1,The clumsy [wugs],The clumsy [wug],-18.180810928344727,-19.337060928344727,-17.07550811767578,-18.70050811767578,-19.282758712768555,-20.423383712768555,-17.950950622558594,-19.419700622558594,128
test,0,The round [wug],The round [wugs],-12.868489265441895,-15.368489265441895,-11.68992805480957,-14.68992805480957,-12.799827575683594,-15.237327575683594,-11.394367218017578,-13.894367218017578,128
test,1,The round [wugs],The round [wug],-11.76595687866211,-15.01595687866211,-11.469371795654297,-14.719371795654297,-11.77846622467041,-14.46596622467041,-11.322710037231445,-14.135210037231445,128
test,0,The wary [wug],The wary [wugs],-10.561168670654297,-14.811168670654297,-9.990938186645508,-15.178438186645508,-10.005849838256836,-14.505849838256836,-10.192304611206055,-14.817304611206055,128
test,1,The wary [wugs],The wary [wug],-14.641410827636719,-16.82891082763672,-11.990002632141113,-15.615002632141113,-15.187378883361816,-16.7186279296875,-11.965729713439941,-15.528229713439941,128
test,0,The bold [wug],The bold [wugs],-9.729205131530762,-11.666705131530762,-6.542263984680176,-10.417263984680176,-10.546736717224121,-11.609236717224121,-7.2952070236206055,-10.420207023620605,128
test,1,The bold [wugs],The bold [wug],-11.964784622192383,-13.839784622192383,-9.024862289428711,-13.337362289428711,-11.635969161987305,-14.010969161987305,-8.480330467224121,-12.480330467224121,128
test,0,The sturdy [wug],The sturdy [wugs],-15.552614212036133,-17.427614212036133,-14.019244194030762,-17.081743240356445,-16.242536544799805,-17.586286544799805,-14.1588134765625,-16.9088134765625,128
test,1,The sturdy [wugs],The sturdy [wug],-17.88751220703125,-20.07501220703125,-15.38962173461914,-18.92087173461914,-18.799503326416016,-20.737003326416016,-15.133279800415039,-18.44577980041504,128
test,0,The gentle [wug],The gentle [wugs],-11.944905281066895,-12.944905281066895,-8.49781322479248,-10.87281322479248,-11.116277694702148,-12.303777694702148,-8.750205993652344,-10.875205993652344,128
test,1,The gentle [wugs],The gentle [wug],-12.536187171936035,-12.973687171936035,-11.764362335205078,-12.139362335205078,-13.927162170410156,-13.864662170410156,-11.271162033081055,-11.708662033081055,128
test,0,The lively [wug],The lively [wugs],-13.073725700378418,-15.698725700378418,-12.720003128051758,-16.220003128051758,-13.008539199829102,-15.446039199829102,-12.957452774047852,-16.01995277404785,128
test,1,The lively [wugs],The lively [wug],-18.307024002075195,-19.525774002075195,-14.60908031463623,-18.015331268310547,-16.943939208984375,-18.787689208984375,-14.06214714050293,-17.56214714050293,128
test,0,The tiny [wug],The tiny [wugs],-17.314319610595703,-18.001819610595703,-13.5543851852417,-14.5543851852417,-17.33126449584961,-17.83126449584961,-13.623811721801758,-14.248811721801758,128
test,1,The tiny [wugs],The tiny [wug],-13.990376472473145,-15.177876472473145,-14.75220775604248,-16.002208709716797,-15.025033950805664,-16.212533950805664,-14.76937484741211,-16.14437484741211,128
test,0,The clumsy [wug],The clumsy [wugs],-9.39666748046875,-13.58416748046875,-9.877387046813965,-13.689887046813965,-9.979859352111816,-13.354859352111816,-10.299747467041016,-13.237247467041016,128
test,1,The clumsy [wugs],The clumsy [wug],-14.337060928344727,-16.274560928344727,-10.950509071350098,-15.200509071350098,-13.907758712768555,-15.376508712768555,-11.294700622558594,-15.169700622558594,128
test,0,The fierce [wug],The fierce [wugs],-15.449135780334473,-16.261634826660156,-13.33358383178711,-15.33358383178711,-14.916617393493652,-15.979117393493652,-13.620992660522461,-14.995992660522461,128
test,1,The fierce [wugs],The fierce [wug],-14.734816551208496,-16.609817504882812,-13.223465919494629,-17.160964965820312,-16.402252197265625,-17.464752197265625,-13.069463729858398,-17.2569637298584,128
test,0,The clever [wug],The clever [wugs],-11.711418151855469,-14.023918151855469,-10.073308944702148,-13.073308944702148,-11.209210395812988,-13.521710395812988,-10.154160499572754,-12.904160499572754,128
test,1,The clever [wugs],The clever [wug],-13.833183288574219,-15.864433288574219,-9.937899589538574,-14.687899589538574,-12.756708145141602,-15.194208145141602,-9.367615699768066,-14.055115699768066,128
test,0,The gentle [wug],The gentle [wugs],-14.569905281066895,-15.694905281066895,-10.43531322479248,-11.68531322479248,-12.741277694702148,-13.991277694702148,-10.500205993652344,-11.375205993652344,128
test,1,The gentle [wugs],The gentle [wug],-11.411187171936035,-12.536187171936035,-12.389362335205078,-13.701862335205078,-14.052162170410156,-14.302162170410156,-12.771162033081055,-13.708662033081055,128
test,0,The clever [wug],The clever [wugs],-19.64891815185547,-21.19579315185547,-15.698308944702148,-17.88580894470215,-18.990459442138672,-20.834209442138672,-15.716660499572754,-17.716659545898438,128
test,1,The clever [wugs],The clever [wug],-20.00505828857422,-20.55193328857422,-16.00040054321289,-18.09415054321289,-20.6473331451416,-21.4832706451416,-16.86761474609375,-18.93011474609375,128
test,0,The lively [wug],The lively [wugs],-11.073725700378418,-13.448725700378418,-9.220003128051758,-11.407503128051758,-10.883539199829102,-12.883539199829102,-9.269952774047852,-11.144952774047852,128
test,1,The lively [wugs],The lively [wug],-12.213273048400879,-14.088273048400879,-10.42158031463623,-13.79658031463623,-11.568940162658691,-14.131440162658691,-9.74964714050293,-13.24964714050293,128
test,0,The tiny [wug],The tiny [wugs],-14.87682056427002,-15.18932056427002,-15.3668851852417,-14.4293851852417,-14.51876449584961,-14.76876449584961,-15.123811721801758,-14.186311721801758,128
test,1,The tiny [wugs],The tiny [wug],-14.302876472473145,-15.427876472473145,-14.68970775604248,-16.752208709716797,-15.400033950805664,-16.462533950805664,-15.20687484741211,-17.26937484741211,128
test,0,The restless [wug],The restless [wugs],-13.10401439666748,-16.604013442993164,-13.304718017578125,-16.867218017578125,-12.667911529541016,-15.980411529541016,-13.655315399169922,-16.842815399169922,128
test,1,The restless [wugs],The restless [wug],-15.816512107849121,-17.941511154174805,-14.19603157043457,-18.13353157043457,-16.543540954589844,-18.637290954589844,-14.191465377807617,-18.316465377807617,128
test,0,The fierce [wug],The fierce [wugs],-3.8241357803344727,-9.699135780334473,-1.521084189414978,-9.58358383178711,-3.2291171550750732,-8.229117393493652,-1.6834927797317505,-8.433492660522461,128
test,1,The fierce [wugs],The fierce [wug],-2.6723170280456543,-4.797317028045654,-1.4109655618667603,-5.660965442657471,-2.871002674102783,-4.996002674102783,-1.444464087486267,-5.569464206695557,128
test,0,The clumsy [wug],The clumsy [wugs],-13.83416748046875,-15.89666748046875,-11.627387046813965,-14.127387046813965,-14.854859352111816,-16.1048583984375,-12.362247467041016,-13.799747467041016,128
test,1,The clumsy [wugs],The clumsy [wug],-17.212060928344727,-19.665185928344727,-16.45050811767578,-18.20050811767578,-16.907758712768555,-19.376508712768555,-15.482200622558594,-17.325950622558594,128
test,0,The tiny [wug],The tiny [wugs],-17.314319610595703,-19.376819610595703,-14.4293851852417,-16.929386138916016,-17.58126449584961,-19.70626449584961,-14.811311721801758,-16.873811721801758,128
test,1,The tiny [wugs],The tiny [wug],-13.990376472473145,-18.334125518798828,-13.43970775604248,-17.939708709716797,-14.400033950805664,-18.337533950805664,-13.89437484741211,-18.20687484741211,128
test,0,The lively [wug],The lively [wugs],-13.573725700378418,-14.136225700378418,-14.532503128051758,-14.782503128051758,-13.758539199829102,-14.383539199829102,-14.269952774047852,-14.519952774047852,128
test,1,The lively [wugs],The lively [wug],-14.775773048400879,-16.025774002075195,-14.17158031463623,-16.171581268310547,-15.256440162658691,-16.631439208984375,-14.43714714050293,-16.56214714050293,128
test,0,The restless [wug],The restless [wugs],-10.29151439666748,-16.041513442993164,-9.679718017578125,-14.929718017578125,-10.230411529541016,-15.980411529541016,-9.905315399169922,-14.717815399169922,128
test,1,The restless [wugs],The restless [wug],-10.879012107849121,-12.691512107849121,-10.13353157043457,-13.69603157043457,-10.981040954589844,-12.606040954589844,-9.753965377807617,-13.441465377807617,128
test,0,The strange [wug],The strange [wugs],-16.50920295715332,-19.50920295715332,-13.532312393188477,-16.907312393188477,-16.39551544189453,-19.14551544189453,-13.573662757873535,-16.57366180419922,128
test,1,The strange [wugs],The strange [wug],-15.016260147094727,-18.266260147094727,-13.953678131103516,-17.703678131103516,-14.744534492492676,-18.36953353881836,-13.454916954040527,-17.329917907714844,128
test,0,The round [wug],The round [wugs],-14.493489265441895,-14.805989265441895,-13.68992805480957,-15.06492805480957,-15.049827575683594,-15.487327575683594,-14.081867218017578,-15.206867218017578,128
test,1,The round [wugs],The round [wug],-14.89095687866211,-17.39095687866211,-14.281871795654297,-17.094371795654297,-15.09096622467041,-17.278465270996094,-14.322710037231445,-16.822710037231445,128
test,0,The graceful [wug],The graceful [wugs],-17.397686004638672,-19.116436004638672,-13.994813919067383,-16.744813919067383,-17.672788619995117,-18.891538619995117,-14.74564266204834,-16.808141708374023,128
test,1,The graceful [wugs],The graceful [wug],-15.701236724853516,-17.951236724853516,-16.090024948120117,-20.433774948120117,-17.268659591674805,-19.081159591674805,-15.562325477600098,-19.87482452392578,128
test,0,The sturdy [wug],The sturdy [wugs],-12.302614212036133,-14.802614212036133,-10.831744194030762,-12.456744194030762,-12.555036544799805,-15.242536544799805,-10.9088134765625,-12.4088134765625,128
test,1,The sturdy [wugs],The sturdy [wug],-13.20001220703125,-15.57501220703125,-10.45212173461914,-14.76462173461914,-12.487004280090332,-15.549504280090332,-10.195779800415039,-14.695779800415039,128
test,0,The sturdy [wug],The sturdy [wugs],-15.802614212036133,-17.896364212036133,-12.831744194030762,-15.644244194030762,-15.180036544799805,-17.336286544799805,-12.7838134765625,-15.4088134765625,128
test,1,The sturdy [wugs],The sturdy [wug],-17.38751220703125,-18.20001220703125,-16.32712173461914,-18.54587173461914,-19.830753326416016,-19.924503326416016,-17.19577980041504,-19.25827980041504,128
test,0,The clumsy [wug],The clumsy [wugs],-8.64666748046875,-13.64666748046875,-8.877387046813965,-12.939887046813965,-8.917359352111816,-13.229859352111816,-9.174747467041016,-12.237247467041016,128
test,1,The clumsy [wugs],The clumsy [wug],-11.837060928344727,-12.337060928344727,-10.013009071350098,-13.513009071350098,-12.595258712768555,-12.220258712768555,-10.107200622558594,-12.919700622558594,128
test,0,The sturdy [wug],The sturdy [wugs],-14.365114212036133,-17.271364212036133,-14.456744194030762,-18.206743240356445,-15.242536544799805,-17.867536544799805,-14.5338134765625,-17.7525634765625,128
test,1,The sturdy [wugs],The sturdy [wug],-15.32501220703125,-18.32501220703125,-14.57712173461914,-18.85837173461914,-15.924504280090332,-18.549503326416016,-14.383279800415039,-18.32077980041504,128
test,0,The clever [wug],The clever [wugs],-15.023918151855469,-19.14891815185547,-11.823308944702148,-16.38580894470215,-14.334210395812988,-18.209209442138672,-11.904160499572754,-16.216659545898438,128
test,1,The clever [wugs],The clever [wug],-18.11443328857422,-20.77068328857422,-11.437899589538574,-16.56290054321289,-17.0692081451416,-19.9129581451416,-11.430115699768066,-16.55511474609375,128
test,0,The shy [wug],The shy [wugs],-15.003630638122559,-18.503629684448242,-14.059322357177734,-16.996822357177734,-16.432411193847656,-18.401161193847656,-14.616793632507324,-16.74179458618164,128
test,1,The shy [wugs],The shy [wug],-18.855993270874023,-22.356969833374023,-20.68019676208496,-24.86574363708496,-19.177114486694336,-22.954458236694336,-21.321670532226562,-25.696670532226562,128
test,0,The graceful [wug],The graceful [wugs],-15.272686958312988,-15.460186958312988,-11.619813919067383,-13.307313919067383,-15.8290376663208,-15.3290376663208,-12.49564266204834,-13.30814266204834,128
test,1,The graceful [wugs],The graceful [wug],-14.638736724853516,-20.263736724853516,-13.496274948120117,-20.386899948120117,-15.706159591674805,-21.385847091674805,-12.624825477600098,-19.46857452392578,128
test,0,The strange [wug],The strange [wugs],-15.571702003479004,-16.38420295715332,-14.219812393188477,-15.969812393188477,-15.020515441894531,-16.08301544189453,-14.136162757873535,-15.886162757873535,128
test,1,The strange [wugs],The strange [wug],-16.016260147094727,-17.828760147094727,-16.453678131103516,-18.828678131103516,-15.682034492492676,-17.68203353881836,-16.142417907714844,-18.454917907714844,128
test,0,The fierce [wug],The fierce [wugs],-12.824135780334473,-16.011634826660156,-10.45858383178711,-14.83358383178711,-11.979117393493652,-15.041617393493652,-10.745992660522461,-14.558492660522461,128
test,1,The fierce [wugs],The fierce [wug],-9.109816551208496,-11.047316551208496,-9.473465919494629,-13.285965919494629,-9.246002197265625,-10.746002197265625,-9.694463729858398,-13.194463729858398,128
test,0,The strange [wug],The strange [wugs],-17.75920295715332,-18.88420295715332,-16.907312393188477,-17.094812393188477,-17.58301544189453,-18.89551544189453,-16.94866180419922,-17.07366180419922,128
test,1,The strange [wugs],The strange [wug],-16.578760147094727,-18.266260147094727,-15.516178131103516,-17.953678131103516,-16.43203353881836,-18.11953353881836,-16.392417907714844,-18.642417907714844,128
test,0,The tiny [wug],The tiny [wugs],-12.06432056427002,-14.75182056427002,-8.6793851852417,-12.5543851852417,-11.39376449584961,-13.83126449584961,-9.061311721801758,-12.061311721801758,128
test,1,The tiny [wugs],The tiny [wug],-8.240376472473145,-12.677876472473145,-7.752208232879639,-12.93970775604248,-8.525033950805664,-12.712533950805664,-7.956874847412109,-12.89437484741211,128
test,0,The restless [wug],The restless [wugs],-15.47901439666748,-16.416513442993164,-13.304718017578125,-14.554718017578125,-14.792911529541016,-16.042911529541016,-13.467815399169922,-14.592815399169922,128
test,1,The restless [wugs],The restless [wug],-14.441512107849121,-15.754012107849121,-13.57103157043457,-15.63353157043457,-14.231040954589844,-15.043540954589844,-13.003965377807617,-15.441465377807617,128
test,0,The restless [wug],The restless [wugs],-13.22901439666748,-17.854013442993164,-12.304718017578125,-16.679718017578125,-13.417911529541016,-17.917911529541016,-12.467815399169922,-16.405315399169922,128
test,1,The restless [wugs],The restless [wug],-16.691511154174805,-18.535261154174805,-15.13353157043457,-18.60228157043457,-17.793540954589844,-18.887290954589844,-15.441465377807617,-18.878965377807617,128
test,0,The strange [wug],The strange [wugs],-10.321702003479004,-15.446702003479004,-9.344812393188477,-14.344812393188477,-10.270515441894531,-14.520515441894531,-9.323662757873535,-13.823662757873535,128
test,1,The strange [wugs],The strange [wug],-10.141260147094727,-12.578760147094727,-9.891178131103516,-13.391178131103516,-9.994534492492676,-12.432034492492676,-9.704916954040527,-13.204916954040527,128
test,0,The gentle [wug],The gentle [wugs],-10.694905281066895,-14.444905281066895,-8.74781322479248,-13.74781322479248,-9.803777694702148,-13.178777694702148,-9.125205993652344,-13.625205993652344,128
test,1,The gentle [wugs],The gentle [wug],-9.911187171936035,-11.411187171936035,-9.451862335205078,-12.889362335205078,-10.177162170410156,-11.802162170410156,-9.083662033081055,-12.521162033081055,128
test,0,The restless [wug],The restless [wugs],-17.354013442993164,-17.791513442993164,-17.179718017578125,-17.742218017578125,-17.730411529541016,-18.074161529541016,-17.655315399169922,-17.842815399169922,128
test,1,The restless [wugs],The restless [wug],-16.879011154174805,-18.379011154174805,-15.44603157043457,-19.13353157043457,-18.668540954589844,-18.824790954589844,-16.378965377807617,-19.816465377807617,128
test,0,The curious [wug],The curious [wugs],-13.348564147949219,-17.84856414794922,-11.905888557434082,-16.905887603759766,-12.23723316192627,-16.799732208251953,-11.972823143005371,-16.597822189331055,128
test,1,The curious [wugs],The curious [wug],-17.31403160095215,-17.97028160095215,-12.898125648498535,-16.58562469482422,-17.54376792907715,-17.13751792907715,-12.608338356018066,-16.10833740234375,128
test,0,The clumsy [wug],The clumsy [wugs],-10.27166748046875,-15.52166748046875,-11.377387046813965,-16.00238800048828,-10.979859352111816,-15.229859352111816,-11.799747467041016,-15.549747467041016,128
test,1,The clumsy [wugs],The clumsy [wug],-12.774560928344727,-15.212060928344727,-9.825509071350098,-14.575509071350098,-12.845258712768555,-15.001508712768555,-10.107200622558594,-14.544700622558594,128
test,0,The clumsy [wug],The clumsy [wugs],-12.95916748046875,-18.70916748046875,-13.189887046813965,-18.43988800048828,-13.104859352111816,-18.1048583984375,-13.549747467041016,-18.049747467041016,128
test,1,The clumsy [wugs],The clumsy [wug],-17.337060928344727,-18.087060928344727,-15.013009071350098,-18.51300811767578,-17.376508712768555,-17.376508712768555,-15.232200622558594,-17.950950622558594,128
test,0,The clumsy [wug],The clumsy [wugs],-16.14666748046875,-18.05291748046875,-15.064887046813965,-16.18988800048828,-17.2923583984375,-18.3236083984375,-15.737247467041016,-16.112247467041016,128
test,1,The clumsy [wugs],The clumsy [wug],-19.915185928344727,-24.633935928344727,-20.01300811767578,-23.05988311767578,-20.173383712768555,-24.540571212768555,-20.950950622558594,-23.904075622558594,128
test,0,The fierce [wug],The fierce [wugs],-11.324135780334473,-11.636635780334473,-9.02108383178711,-9.45858383178711,-10.666617393493652,-10.854117393493652,-9.058492660522461,-9.308492660522461,128
test,1,The fierce [wugs],The fierce [wug],-11.047316551208496,-13.984816551208496,-7.160965442657471,-12.848465919494629,-11.558502197265625,-14.058502197265625,-7.069464206695557,-12.631963729858398,128
test,0,The clumsy [wug],The clumsy [wugs],-9.64666748046875,-13.70916748046875,-9.002387046813965,-12.252387046813965,-10.479859352111816,-13.229859352111816,-10.049747467041016,-12.112247467041016,128
test,1,The clumsy [wugs],The clumsy [wug],-15.555810928344727,-17.868310928344727,-10.575509071350098,-14.888009071350098,-14.657758712768555,-16.845258712768555,-10.544700622558594,-14.482200622558594,128
test,0,The round [wug],The round [wugs],-16.243488311767578,-16.430988311767578,-9.62742805480957,-11.56492805480957,-15.924827575683594,-16.612327575683594,-9.956867218017578,-11.831867218017578,128
test,1,The round [wugs],The round [wug],-12.82845687866211,-14.64095687866211,-9.469371795654297,-11.906871795654297,-13.02846622467041,-14.59096622467041,-8.947710037231445,-10.822710037231445,128
test,0,The gentle [wug],The gentle [wugs],-15.069905281066895,-16.94490623474121,-12.43531322479248,-15.99781322479248,-14.366277694702148,-15.991277694702148,-12.750205993652344,-15.937705993652344,128
test,1,The gentle [wugs],The gentle [wug],-16.16118812561035,-17.97368812561035,-13.951862335205078,-17.576862335205078,-17.895912170410156,-19.599037170410156,-14.083662033081055,-17.521162033081055,128
test,0,The lively [wug],The lively [wugs],-10.386225700378418,-14.948725700378418,-9.720003128051758,-14.782503128051758,-10.446039199829102,-14.508539199829102,-9.769952774047852,-14.207452774047852,128
test,1,The lively [wugs],The lively [wug],-11.025773048400879,-13.400773048400879,-9.04658031463623,-12.67158031463623,-10.568940162658691,-13.131440162658691,-8.93714714050293,-12.68714714050293,128
test,0,The wary [wug],The wary [wugs],-11.623668670654297,-14.186168670654297,-11.053438186645508,-14.865938186645508,-11.068349838256836,-13.443349838256836,-11.317304611206055,-14.567304611206055,128
test,1,The wary [wugs],The wary [wug],-15.891410827636719,-17.70391082763672,-12.677502632141113,-16.11500358581543,-15.874878883361816,-17.3436279296875,-12.528229713439941,-16.028228759765625,128
test,0,The strange [wug],The strange [wugs],-13.571702003479004,-16.44670295715332,-11.907312393188477,-14.032312393188477,-12.895515441894531,-16.08301544189453,-11.886162757873535,-13.948662757873535,128
test,1,The strange [wugs],The strange [wug],-15.266260147094727,-15.953760147094727,-15.391178131103516,-18.266178131103516,-16.18203353881836,-16.30703353881836,-14.704916954040527,-17.579917907714844,128
test,0,The wary [wug],The wary [wugs],-8.498668670654297,-12.311168670654297,-8.178438186645508,-12.865938186645508,-8.255849838256836,-12.255849838256836,-8.317304611206055,-12.504804611206055,128
test,1,The wary [wugs],The wary [wug],-9.766410827636719,-12.453910827636719,-8.802502632141113,-12.990002632141113,-10.187378883361816,-12.374878883361816,-8.528229713439941,-12.653229713439941,128
test,0,The lively [wug],The lively [wugs],-10.136225700378418,-13.198725700378418,-8.595003128051758,-12.532503128051758,-10.071039199829102,-13.321039199829102,-8.894952774047852,-12.519952774047852,128
test,1,The lively [wugs],The lively [wug],-13.150773048400879,-14.650773048400879,-9.54658031463623,-12.92158031463623,-12.693940162658691,-14.506440162658691,-9.31214714050293,-12.81214714050293,128
test,0,The fierce [wug],The fierce [wugs],-16.449134826660156,-16.824134826660156,-15.20858383178711,-18.30233383178711,-16.979116439819336,-17.479116439819336,-15.620992660522461,-18.21474266052246,128
test,1,The fierce [wugs],The fierce [wug],-16.391067504882812,-17.422317504882812,-15.410965919494629,-18.285964965820312,-16.402252197265625,-17.246002197265625,-15.006963729858398,-17.9132137298584,128
test,0,The shy [wug],The shy [wugs],-15.191130638122559,-18.066129684448242,-13.684322357177734,-16.934322357177734,-15.994911193847656,-17.994911193847656,-14.116793632507324,-16.74179458618164,128
test,1,The shy [wugs],The shy [wug],-15.059118270874023,-18.980993270874023,-14.336447715759277,-19.89894676208496,-16.208364486694336,-20.052114486694336,-14.899795532226562,-19.806045532226562,128
test,0,The strange [wug],The strange [wugs],-16.00920295715332,-16.57170295715332,-13.407312393188477,-13.657312393188477,-15.270515441894531,-15.895515441894531,-13.511162757873535,-13.573662757873535,128
test,1,The strange [wugs],The strange [wug],-15.891260147094727,-17.391260147094727,-15.641178131103516,-17.891178131103516,-15.994534492492676,-17.24453353881836,-15.079916954040527,-17.267417907714844,128
test,0,The curious [wug],The curious [wugs],-14.223564147949219,-15.473564147949219,-13.968388557434082,-17.030887603759766,-13.79973316192627,-15.29973316192627,-13.972823143005371,-16.722822189331055,128
test,1,The curious [wugs],The curious [wug],-16.72028160095215,-17.06403160095215,-15.898125648498535,-17.64812469482422,-15.575018882751465,-15.293768882751465,-15.045838356018066,-16.85833740234375,128
test,0,The strange [wug],The strange [wugs],-15.759202003479004,-18.13420295715332,-13.157312393188477,-15.157312393188477,-15.333015441894531,-17.77051544189453,-13.073662757873535,-14.761162757873535,128
test,1,The strange [wugs],The strange [wug],-16.203760147094727,-16.953760147094727,-14.891178131103516,-16.828678131103516,-16.05703353881836,-16.68203353881836,-13.954916954040527,-15.892416954040527,128
test,0,The graceful [wug],The graceful [wugs],-18.335186004638672,-19.022686004638672,-14.244813919067383,-15.807313919067383,-19.172788619995117,-19.204038619995117,-15.05814266204834,-15.93314266204834,128
test,1,The graceful [wugs],The graceful [wug],-14.888736724853516,-18.482486724853516,-15.246274948120117,-19.027524948120117,-16.487409591674805,-20.534284591674805,-15.437325477600098,-18.99982452392578,128
test,0,The fierce [wug],The fierce [wugs],-13.136635780334473,-13.886635780334473,-9.58358383178711,-13.33358383178711,-13.229117393493652,-14.416617393493652,-10.183492660522461,-13.370992660522461,128
test,1,The fierce [wugs],The fierce [wug],-11.484816551208496,-13.234816551208496,-10.598465919494629,-11.723465919494629,-12.308502197265625,-13.496002197265625,-10.631963729858398,-11.381963729858398,128
test,0,The tiny [wug],The tiny [wugs],-17.939319610595703,-20.658069610595703,-13.6793851852417,-18.054386138916016,-17.45626449584961,-20.58126449584961,-14.061311721801758,-17.561311721801758,128
test,1,The tiny [wugs],The tiny [wug],-15.552876472473145,-16.927875518798828,-14.56470775604248,-16.502208709716797,-16.587533950805664,-17.025033950805664,-14.26937484741211,-15.95687484741211,128
test,0,The fierce [wug],The fierce [wugs],-10.699135780334473,-14.386635780334473,-10.77108383178711,-15.27108383178711,-10.291617393493652,-13.604117393493652,-11.183492660522461,-15.058492660522461,128
test,1,The fierce [wugs],The fierce [wug],-12.484816551208496,-16.609817504882812,-11.473465919494629,-16.535964965820312,-13.621002197265625,-17.152252197265625,-11.381963729858398,-16.2569637298584,128
test,0,The bold [wug],The bold [wugs],-11.541705131530762,-15.229205131530762,-10.604763984680176,-15.167263984680176,-12.671736717224121,-15.171736717224121,-10.857707023620605,-14.732707023620605,128
test,1,The bold [wugs],The bold [wug],-10.402284622192383,-13.027284622192383,-9.399862289428711,-13.837362289428711,-10.073469161987305,-12.885969161987305,-9.667830467224121,-13.667830467224121,128
test,0,The clumsy [wug],The clumsy [wugs],-14.14666748046875,-18.67791748046875,-13.314887046813965,-17.31488800048828,-14.417359352111816,-18.1361083984375,-13.674747467041016,-16.799747467041016,128
test,1,The clumsy [wugs],The clumsy [wug],-17.743310928344727,-19.821435928344727,-13.013009071350098,-18.32550811767578,-17.689008712768555,-18.954633712768555,-13.232200622558594,-17.825950622558594,128
test,0,The shy [wug],The shy [wugs],-9.503630638122559,-15.628630638122559,-9.746822357177734,-15.496822357177734,-9.682411193847656,-15.182411193847656,-9.929293632507324,-14.991793632507324,128
test,1,The shy [wugs],The shy [wug],-14.652868270874023,-15.184118270874023,-12.398947715759277,-16.86769676208496,-14.864615440368652,-15.458365440368652,-13.087295532226562,-17.212295532226562,128
test,0,The wary [wug],The wary [wugs],-12.248668670654297,-13.061168670654297,-11.303438186645508,-13.553438186645508,-12.318349838256836,-13.505849838256836,-11.692304611206055,-13.629804611206055,128
test,1,The wary [wugs],The wary [wug],-14.516410827636719,-17.26641082763672,-13.240002632141113,-15.927502632141113,-14.499878883361816,-17.1561279296875,-13.090729713439941,-15.965729713439941,128
test,0,The clever [wug],The clever [wugs],-13.523918151855469,-17.02391815185547,-11.948308944702148,-16.82330894470215,-13.709210395812988,-17.209209442138672,-12.216660499572754,-16.654159545898438,128
test,1,The clever [wugs],The clever [wug],-20.05193328857422,-20.77068328857422,-14.562899589538574,-18.65665054321289,-19.8973331451416,-20.7567081451416,-14.805115699768066,-18.89886474609375,128
test,0,The wary [wug],The wary [wugs],-13.623668670654297,-14.748668670654297,-12.053438186645508,-15.303438186645508,-13.443349838256836,-15.068349838256836,-12.629804611206055,-15.317304611206055,128
test,1,The wary [wugs],The wary [wug],-14.891410827636719,-15.766410827636719,-12.552502632141113,-14.865002632141113,-15.937378883361816,-15.937378883361816,-12.653229713439941,-14.653229713439941,128
test,0,The restless [wug],The restless [wugs],-10.85401439666748,-14.16651439666748,-10.492218017578125,-13.304718017578125,-10.917911529541016,-13.980411529541016,-10.592815399169922,-12.967815399169922,128
test,1,The restless [wugs],The restless [wug],-12.004012107849121,-15.629012107849121,-10.00853157043457,-15.88353157043457,-12.043540954589844,-15.106040954589844,-9.691465377807617,-15.816465377807617,128
test,0,The lively [wug],The lively [wugs],-9.261225700378418,-11.636225700378418,-6.7200026512146,-9.845003128051758,-9.071039199829102,-11.446039199829102,-7.019952297210693,-9.644952774047852,128
test,1,The lively [wugs],The lively [wug],-12.900773048400879,-13.525773048400879,-9.54658031463623,-13.17158031463623,-12.318940162658691,-13.693940162658691,-8.81214714050293,-12.49964714050293,128
test,0,The curious [wug],The curious [wugs],-15.911064147949219,-18.62981414794922,-12.843388557434082,-17.218387603759766,-15.23723316192627,-18.112232208251953,-13.285323143005371,-17.285322189331055,128
test,1,The curious [wugs],The curious [wug],-18.15778160095215,-21.18903160095215,-12.648125648498535,-16.96062469482422,-18.70001792907715,-21.60626792907715,-12.233338356018066,-16.73333740234375,128
test,0,The spotted [wug],The spotted [wugs],-12.760106086730957,-16.19760513305664,-13.628979682922363,-17.00398063659668,-13.829644203186035,-16.86089515686035,-14.912470817565918,-18.162471771240234,128
test,1,The spotted [wugs],The spotted [wug],-16.387237548828125,-16.918487548828125,-12.530691146850586,-17.218191146850586,-15.925881385803223,-16.800880432128906,-13.408288955688477,-17.377038955688477,128
test,0,The sturdy [wug],The sturdy [wugs],-12.802614212036133,-14.240114212036133,-11.956744194030762,-12.956744194030762,-12.180036544799805,-13.555036544799805,-12.2213134765625,-12.9713134765625,128
test,1,The sturdy [wugs],The sturdy [wug],-13.51251220703125,-15.45001220703125,-11.51462173461914,-14.95212173461914,-13.487004280090332,-15.237004280090332,-11.820779800415039,-15.070779800415039,128
test,0,The gentle [wug],The gentle [wugs],-3.5699055194854736,-10.319905281066895,-1.7478128671646118,-9.81031322479248,-3.3037781715393066,-8.428777694702148,-1.750206470489502,-8.625205993652344,128
test,1,The gentle [wugs],The gentle [wug],-3.2861876487731934,-4.536187648773193,-1.8268625736236572,-6.201862812042236,-3.8021626472473145,-5.4271626472473145,-1.5836619138717651,-5.708662033081055,128
test,0,The restless [wug],The restless [wugs],-11.47901439666748,-13.04151439666748,-12.054718017578125,-13.492218017578125,-10.792911529541016,-12.167911529541016,-12.280315399169922,-13.217815399169922,128
test,1,The restless [wugs],The restless [wug],-12.754012107849121,-18.129011154174805,-11.69603157043457,-17.19603157043457,-14.293540954589844,-19.356040954589844,-11.628965377807617,-17.566465377807617,128
