split,inverse,source_input,base_input,source_logp_A,source_logp_B,base_logp_A,base_logp_B,base_intervention_logp_A,base_intervention_logp_B,n_nodes
train,0,The sleepy bat,The sleepy bats,-2.084569215774536,-10.209568977355957,-8.52132797241211,-1.7713274955749512,-2.2198352813720703,-9.15733528137207,64
train,1,The sleepy bats,The sleepy bat,-1.7713274955749512,-8.52132797241211,-10.209568977355957,-2.084569215774536,-2.1094908714294434,-8.234490394592285,64
train,0,The fuzzy frog,The fuzzy frogs,-12.43608570098877,-15.24858570098877,-15.767359733581543,-11.673609733581543,-11.896392822265625,-14.708892822265625,64
train,1,The fuzzy frogs,The fuzzy frog,-11.673609733581543,-15.767359733581543,-15.24858570098877,-12.43608570098877,-12.40543270111084,-16.467933654785156,64
train,0,The bright shark,The bright sharks,-8.990523338317871,-11.615523338317871,-11.676008224487305,-9.113508224487305,-9.249519348144531,-11.874519348144531,64
train,1,The bright sharks,The bright shark,-9.113508224487305,-11.676008224487305,-11.615523338317871,-8.990523338317871,-9.000832557678223,-11.375832557678223,64
train,0,The small bat,The small bats,-8.136110305786133,-14.698610305786133,-13.318246841430664,-7.630747318267822,-7.590015411376953,-13.902515411376953,64
train,1,The small bats,The small bat,-7.630747318267822,-13.318246841430664,-14.698610305786133,-8.136110305786133,-7.65546989440918,-12.65546989440918,64
train,0,The bright chick,The bright chicks,-15.323587417602539,-17.19858741760254,-16.968647003173828,-15.062397003173828,-14.878602027893066,-16.53485107421875,64
train,1,The bright chicks,The bright chick,-15.062397003173828,-16.968647003173828,-17.19858741760254,-15.323587417602539,-16.068010330200195,-18.161760330200195,64
train,0,The nervous panda,The nervous pandas,-12.297943115234375,-13.297943115234375,-14.294737815856934,-12.169737815856934,-12.37824821472168,-13.31574821472168,64
train,1,The nervous pandas,The nervous panda,-12.169737815856934,-14.294737815856934,-13.297943115234375,-12.297943115234375,-11.818635940551758,-14.381135940551758,64
train,0,The slender turtle,The slender turtles,-12.89495849609375,-16.70745849609375,-16.898834228515625,-13.898833274841309,-12.826496124267578,-16.420246124267578,64
train,1,The slender turtles,The slender turtle,-13.898833274841309,-16.898834228515625,-16.70745849609375,-12.89495849609375,-14.179676055908203,-17.085926055908203,64
train,0,The quiet turtle,The quiet turtles,-4.0152130126953125,-11.827713012695312,-8.435529708862305,-3.0605297088623047,-3.794759750366211,-10.794759750366211,64
train,1,The quiet turtles,The quiet turtle,-3.0605297088623047,-8.435529708862305,-11.827713012695312,-4.0152130126953125,-3.962292194366455,-9.149791717529297,64
train,0,The sleepy doe,The sleepy does,-13.941704750061035,-15.316704750061035,-16.355682373046875,-14.293182373046875,-14.681477546691895,-14.931477546691895,64
train,1,The sleepy does,The sleepy doe,-14.293182373046875,-16.355682373046875,-15.316704750061035,-13.941704750061035,-12.988399505615234,-15.457149505615234,64
train,0,The timid horse,The timid horses,-3.8225247859954834,-11.260025024414062,-8.980340003967285,-2.605340003967285,-3.628922462463379,-9.816422462463379,64
train,1,The timid horses,The timid horse,-2.605340003967285,-8.980340003967285,-11.260025024414062,-3.8225247859954834,-3.5907397270202637,-9.278240203857422,64
train,0,The nervous rat,The nervous rats,-3.79487943649292,-11.107378959655762,-8.671459197998047,-3.4214587211608887,-3.9895358085632324,-9.61453628540039,64
train,1,The nervous rats,The nervous rat,-3.4214587211608887,-8.671459197998047,-11.107378959655762,-3.79487943649292,-3.63643741607666,-8.13643741607666,64
train,0,The fuzzy shark,The fuzzy sharks,-2.3093416690826416,-8.996841430664062,-5.961289405822754,-1.586289405822754,-2.3920321464538574,-7.892032146453857,64
train,1,The fuzzy sharks,The fuzzy shark,-1.586289405822754,-5.961289405822754,-8.996841430664062,-2.3093416690826416,-2.2928013801574707,-6.167801380157471,64
train,0,The timid horse,The timid horses,-11.510025024414062,-15.010025024414062,-14.667840003967285,-10.792840003967285,-11.253922462463379,-14.816422462463379,64
train,1,The timid horses,The timid horse,-10.792840003967285,-14.667840003967285,-15.010025024414062,-11.510025024414062,-11.215740203857422,-14.653240203857422,64
train,0,The timid dog,The timid dogs,-12.034515380859375,-13.659515380859375,-14.225610733032227,-10.538110733032227,-12.085173606872559,-13.710173606872559,64
train,1,The timid dogs,The timid dog,-10.538110733032227,-14.225610733032227,-13.659515380859375,-12.034515380859375,-11.176222801208496,-14.363722801208496,64
train,0,The timid rabbit,The timid rabbits,-3.6036224365234375,-11.728622436523438,-8.230484008789062,-1.9179843664169312,-3.454676389694214,-10.017176628112793,64
train,1,The timid rabbits,The timid rabbit,-1.9179843664169312,-8.230484008789062,-11.728622436523438,-3.6036224365234375,-2.877429485321045,-8.877429962158203,64
train,0,The bright panda,The bright pandas,-9.925573348999023,-11.863073348999023,-12.665308952331543,-8.915308952331543,-9.687097549438477,-11.437097549438477,64
train,1,The bright pandas,The bright panda,-8.915308952331543,-12.665308952331543,-11.863073348999023,-9.925573348999023,-9.91201400756836,-13.66201400756836,64
train,0,The fuzzy turtle,The fuzzy turtles,-11.338155746459961,-13.588155746459961,-14.933392524719238,-10.995892524719238,-11.31993293762207,-13.56993293762207,64
train,1,The fuzzy turtles,The fuzzy turtle,-10.995892524719238,-14.933392524719238,-13.588155746459961,-11.338155746459961,-11.629395484924316,-15.691895484924316,64
train,0,The sleepy monitor,The sleepy monitors,-3.7272374629974365,-11.352237701416016,-9.100686073303223,-3.4756860733032227,-5.028048515319824,-11.215548515319824,64
train,1,The sleepy monitors,The sleepy monitor,-3.4756860733032227,-9.100686073303223,-11.352237701416016,-3.7272374629974365,-4.433882713317871,-9.621382713317871,64
train,0,The calm dolphin,The calm dolphins,-8.854849815368652,-12.479849815368652,-13.952404975891113,-9.014904975891113,-9.149307250976562,-12.649307250976562,64
train,1,The calm dolphins,The calm dolphin,-9.014904975891113,-13.952404975891113,-12.479849815368652,-8.854849815368652,-8.870259284973145,-13.432759284973145,64
train,0,The small pup,The small pups,-11.62168025970459,-14.99668025970459,-15.135034561157227,-11.760034561157227,-12.150683403015137,-15.088183403015137,64
train,1,The small pups,The small pup,-11.760034561157227,-15.135034561157227,-14.99668025970459,-11.62168025970459,-11.557286262512207,-14.057286262512207,64
train,0,The quiet whale,The quiet whales,-9.82381820678711,-12.51131820678711,-13.5526762008667,-10.1151762008667,-10.025680541992188,-12.463180541992188,64
train,1,The quiet whales,The quiet whale,-10.1151762008667,-13.5526762008667,-12.51131820678711,-9.82381820678711,-9.76726245880127,-13.45476245880127,64
train,0,The slender doe,The slender does,-14.901532173156738,-18.151531219482422,-18.588115692138672,-14.900616645812988,-16.38629722595215,-16.76129722595215,64
train,1,The slender does,The slender doe,-14.900616645812988,-18.588115692138672,-18.151531219482422,-14.901532173156738,-14.24509048461914,-17.27634048461914,64
train,0,The fuzzy kitten,The fuzzy kittens,-12.878874778747559,-13.378874778747559,-15.568879127502441,-11.943879127502441,-13.175030708312988,-13.237530708312988,64
train,1,The fuzzy kittens,The fuzzy kitten,-11.943879127502441,-15.568879127502441,-13.378874778747559,-12.878874778747559,-12.244315147399902,-15.744315147399902,64
train,0,The bright dog,The bright dogs,-11.789488792419434,-12.476988792419434,-14.386468887329102,-10.636468887329102,-12.254436492919922,-12.441936492919922,64
train,1,The bright dogs,The bright dog,-10.636468887329102,-14.386468887329102,-12.476988792419434,-11.789488792419434,-10.662291526794434,-13.974791526794434,64
train,0,The slender rabbit,The slender rabbits,-11.268779754638672,-16.518779754638672,-15.606504440307617,-12.731504440307617,-11.748454093933105,-16.59220314025879,64
train,1,The slender rabbits,The slender rabbit,-12.731504440307617,-15.606504440307617,-16.518779754638672,-11.268779754638672,-13.759987831115723,-16.19748878479004,64
train,0,The fuzzy whale,The fuzzy whales,-2.2986555099487305,-8.73615550994873,-5.4147772789001465,-1.7897775173187256,-2.2388710975646973,-6.988871097564697,64
train,1,The fuzzy whales,The fuzzy whale,-1.7897775173187256,-5.4147772789001465,-8.73615550994873,-2.2986555099487305,-2.6093435287475586,-6.234343528747559,64
train,0,The quiet pup,The quiet pups,-4.756774425506592,-11.569273948669434,-8.160320281982422,-4.285320281982422,-4.697185516357422,-10.134685516357422,64
train,1,The quiet pups,The quiet pup,-4.285320281982422,-8.160320281982422,-11.569273948669434,-4.756774425506592,-4.105523586273193,-7.355523586273193,64
train,0,The timid horse,The timid horses,-13.072525024414062,-13.697525024414062,-15.167840003967285,-11.917840003967285,-12.566422462463379,-13.253922462463379,64
train,1,The timid horses,The timid horse,-11.917840003967285,-15.167840003967285,-13.697525024414062,-13.072525024414062,-12.215740203857422,-15.215740203857422,64
train,0,The timid bat,The timid bats,-10.359867095947266,-16.609867095947266,-15.312909126281738,-12.375409126281738,-11.104266166687012,-17.073017120361328,64
train,1,The timid bats,The timid bat,-12.375409126281738,-15.312909126281738,-16.609867095947266,-10.359867095947266,-12.900954246520996,-14.775954246520996,64
train,0,The quiet dolphin,The quiet dolphins,-13.546225547790527,-15.233725547790527,-16.10580062866211,-13.668299674987793,-13.7177152633667,-15.4052152633667,64
train,1,The quiet dolphins,The quiet dolphin,-13.668299674987793,-16.10580062866211,-15.233725547790527,-13.546225547790527,-13.922073364257812,-15.859573364257812,64
train,0,The slender rabbit,The slender rabbits,-11.643779754638672,-15.956279754638672,-15.606504440307617,-11.669004440307617,-11.935954093933105,-16.06095314025879,64
train,1,The slender rabbits,The slender rabbit,-11.669004440307617,-15.606504440307617,-15.956279754638672,-11.643779754638672,-12.509987831115723,-16.07248878479004,64
train,0,The sleepy dolphin,The sleepy dolphins,-3.3473691940307617,-10.284869194030762,-7.957515239715576,-3.082515239715576,-3.624018430709839,-8.874018669128418,64
train,1,The sleepy dolphins,The sleepy dolphin,-3.082515239715576,-7.957515239715576,-10.284869194030762,-3.3473691940307617,-3.073458194732666,-8.198458671569824,64
train,0,The calm horse,The calm horses,-3.8667054176330566,-10.804204940795898,-8.379096031188965,-3.191596031188965,-4.1453857421875,-9.8328857421875,64
train,1,The calm horses,The calm horse,-3.191596031188965,-8.379096031188965,-10.804204940795898,-3.8667054176330566,-3.5264739990234375,-8.338973999023438,64
train,0,The fuzzy cow,The fuzzy cows,-3.6389317512512207,-9.326432228088379,-6.124815464019775,-1.6248153448104858,-2.9735896587371826,-7.348589897155762,64
train,1,The fuzzy cows,The fuzzy cow,-1.6248153448104858,-6.124815464019775,-9.326432228088379,-3.6389317512512207,-3.1993911266326904,-7.199390888214111,64
train,0,The calm chick,The calm chicks,-12.263371467590332,-14.794621467590332,-15.914717674255371,-13.883467674255371,-13.61352252960205,-16.269773483276367,64
train,1,The calm chicks,The calm chick,-13.883467674255371,-15.914717674255371,-14.794621467590332,-12.263371467590332,-13.26487922668457,-15.01487922668457,64
train,0,The small turtle,The small turtles,-14.187716484069824,-17.06271743774414,-18.71358871459961,-13.338587760925293,-13.952211380004883,-16.795961380004883,64
train,1,The small turtles,The small turtle,-13.338587760925293,-18.71358871459961,-17.06271743774414,-14.187716484069824,-14.276741981506348,-18.93299102783203,64
train,0,The nervous kit,The nervous kits,-10.93898868560791,-12.56398868560791,-12.781917572021484,-12.094417572021484,-10.922319412231445,-12.672319412231445,64
train,1,The nervous kits,The nervous kit,-12.094417572021484,-12.781917572021484,-12.56398868560791,-10.93898868560791,-11.571308135986328,-12.571308135986328,64
train,0,The small rat,The small rats,-3.442241668701172,-10.879741668701172,-9.928621292114258,-2.678621530532837,-3.7729408740997314,-9.585440635681152,64
train,1,The small rats,The small rat,-2.678621530532837,-9.928621292114258,-10.879741668701172,-3.442241668701172,-3.3635852336883545,-9.988585472106934,64
train,0,The timid turtle,The timid turtles,-2.6830992698669434,-11.433099746704102,-8.3995943069458,-1.8370943069458008,-2.4294021129608154,-10.241902351379395,64
train,1,The timid turtles,The timid turtle,-1.8370943069458008,-8.3995943069458,-11.433099746704102,-2.6830992698669434,-2.513143301010132,-8.700643539428711,64
train,0,The nervous chick,The nervous chicks,-10.074859619140625,-12.887359619140625,-13.912323951721191,-9.974823951721191,-10.40029525756836,-12.77529525756836,64
train,1,The nervous chicks,The nervous chick,-9.974823951721191,-13.912323951721191,-12.887359619140625,-10.074859619140625,-9.924392700195312,-13.799392700195312,64
train,0,The calm doe,The calm does,-6.761684417724609,-11.82418441772461,-17.228572845458984,-12.166072845458984,-12.698212623596191,-14.260712623596191,64
train,1,The calm does,The calm doe,-12.166072845458984,-17.228572845458984,-11.82418441772461,-6.761684417724609,-7.6024885177612305,-9.35248851776123,64
train,0,The sleepy panda,The sleepy pandas,-13.011226654052734,-18.073726654052734,-14.438987731933594,-12.188987731933594,-12.843316078186035,-17.87456703186035,64
train,1,The sleepy pandas,The sleepy panda,-12.188987731933594,-14.438987731933594,-18.073726654052734,-13.011226654052734,-12.705192565917969,-14.392692565917969,64
train,0,The quiet kitten,The quiet kittens,-14.397635459899902,-18.397634506225586,-17.898120880126953,-15.585620880126953,-14.586627006530762,-17.680377960205078,64
train,1,The quiet kittens,The quiet kitten,-15.585620880126953,-17.898120880126953,-18.397634506225586,-14.397635459899902,-15.975947380065918,-17.850948333740234,64
train,0,The small frog,The small frogs,-7.831887245178223,-10.269387245178223,-14.20128345489502,-8.76378345489502,-8.436905860900879,-10.374405860900879,64
train,1,The small frogs,The small frog,-8.76378345489502,-14.20128345489502,-10.269387245178223,-7.831887245178223,-8.116795539855957,-13.116795539855957,64
train,0,The small panda,The small pandas,-14.672751426696777,-15.360251426696777,-15.334270477294922,-13.521770477294922,-14.151022911071777,-15.151022911071777,64
train,1,The small pandas,The small panda,-13.521770477294922,-15.334270477294922,-15.360251426696777,-14.672751426696777,-14.589361190795898,-16.8393611907959,64
train,0,The bright cock,The bright cocks,-19.555280685424805,-20.602155685424805,-18.24318504333496,-15.102559089660645,-15.19588851928711,-16.03963851928711,64
train,1,The bright cocks,The bright cock,-15.102559089660645,-18.24318504333496,-20.602155685424805,-19.555280685424805,-14.630425453186035,-17.69292640686035,64
train,0,The nervous lion,The nervous lions,-11.541397094726562,-15.728897094726562,-14.532730102539062,-10.970230102539062,-11.417277336120605,-14.917277336120605,64
train,1,The nervous lions,The nervous lion,-10.970230102539062,-14.532730102539062,-15.728897094726562,-11.541397094726562,-11.133138656616211,-14.633138656616211,64
train,0,The bright lion,The bright lions,-13.281126022338867,-14.156126022338867,-15.900370597839355,-14.212870597839355,-13.896368980407715,-14.583868980407715,64
train,1,The bright lions,The bright lion,-14.212870597839355,-15.900370597839355,-14.156126022338867,-13.281126022338867,-14.056421279907227,-15.681421279907227,64
train,0,The slender kitten,The slender kittens,-4.880459785461426,-13.442959785461426,-10.470351219177246,-3.970351219177246,-5.116216659545898,-12.366216659545898,64
train,1,The slender kittens,The slender kitten,-3.970351219177246,-10.470351219177246,-13.442959785461426,-4.880459785461426,-4.802408218383789,-10.927408218383789,64
train,0,The bright kitten,The bright kittens,-13.273455619812012,-15.023455619812012,-17.0670108795166,-13.567010879516602,-13.791153907775879,-15.353653907775879,64
train,1,The bright kittens,The bright kitten,-13.567010879516602,-17.0670108795166,-15.023455619812012,-13.273455619812012,-13.652525901794434,-17.09002685546875,64
train,0,The calm turtle,The calm turtles,-12.970877647399902,-15.658377647399902,-16.62087631225586,-12.214627265930176,-12.016368865966797,-14.766368865966797,64
train,1,The calm turtles,The calm turtle,-12.214627265930176,-16.62087631225586,-15.658377647399902,-12.970877647399902,-12.988030433654785,-17.0505313873291,64
train,0,The quiet lion,The quiet lions,-11.034401893615723,-12.471901893615723,-14.342596054077148,-9.967596054077148,-11.103944778442383,-12.166444778442383,64
train,1,The quiet lions,The quiet lion,-9.967596054077148,-14.342596054077148,-12.471901893615723,-11.034401893615723,-9.894007682800293,-14.331507682800293,64
train,0,The nervous dolphin,The nervous dolphins,-10.314111709594727,-12.251611709594727,-14.139062881469727,-9.889062881469727,-10.222162246704102,-11.909662246704102,64
train,1,The nervous dolphins,The nervous dolphin,-9.889062881469727,-14.139062881469727,-12.251611709594727,-10.314111709594727,-9.89787483215332,-14.33537483215332,64
train,0,The timid cow,The timid cows,-9.84440803527832,-14.03190803527832,-13.3059663772583,-8.3684663772583,-9.300939559936523,-12.925939559936523,64
train,1,The timid cows,The timid cow,-8.3684663772583,-13.3059663772583,-14.03190803527832,-9.84440803527832,-9.26528549194336,-13.39028549194336,64
train,0,The calm rat,The calm rats,-9.419692993164062,-11.294692993164062,-13.1149263381958,-11.9899263381958,-10.776400566101074,-12.338900566101074,64
train,1,The calm rats,The calm rat,-11.9899263381958,-13.1149263381958,-11.294692993164062,-9.419692993164062,-10.124201774597168,-11.436701774597168,64
train,0,The timid shark,The timid sharks,-10.66568374633789,-11.66568374633789,-13.797197341918945,-9.047197341918945,-10.844182014465332,-11.594182014465332,64
train,1,The timid sharks,The timid shark,-9.047197341918945,-13.797197341918945,-11.66568374633789,-10.66568374633789,-8.842524528503418,-13.592524528503418,64
train,0,The fuzzy monitor,The fuzzy monitors,-12.39873218536377,-16.148731231689453,-15.617432594299316,-11.992432594299316,-12.523374557495117,-15.835874557495117,64
train,1,The fuzzy monitors,The fuzzy monitor,-11.992432594299316,-15.617432594299316,-16.148731231689453,-12.39873218536377,-12.172947883605957,-15.297947883605957,64
train,0,The fuzzy whale,The fuzzy whales,-9.54865550994873,-9.98615550994873,-11.789777755737305,-8.852277755737305,-9.238871574401855,-9.801371574401855,64
train,1,The fuzzy whales,The fuzzy whale,-8.852277755737305,-11.789777755737305,-9.98615550994873,-9.54865550994873,-8.921843528747559,-12.109343528747559,64
train,0,The quiet shark,The quiet sharks,-11.860380172729492,-14.485380172729492,-15.807750701904297,-11.682750701904297,-12.521407127380371,-14.958907127380371,64
train,1,The quiet sharks,The quiet shark,-11.682750701904297,-15.807750701904297,-14.485380172729492,-11.860380172729492,-11.208836555480957,-15.146336555480957,64
train,0,The calm cock,The calm cocks,-5.978896617889404,-11.041396141052246,-7.12786340713501,-3.6278634071350098,-3.2330002784729004,-8.732999801635742,64
train,1,The calm cocks,The calm cock,-3.6278634071350098,-7.12786340713501,-11.041396141052246,-5.978896617889404,-4.099272727966309,-6.661772727966309,64
train,0,The slender dolphin,The slender dolphins,-1.9374852180480957,-9.124984741210938,-8.384766578674316,-2.5722668170928955,-2.716426134109497,-8.591425895690918,64
train,1,The slender dolphins,The slender dolphin,-2.5722668170928955,-8.384766578674316,-9.124984741210938,-1.9374852180480957,-2.886306047439575,-8.761305809020996,64
train,0,The calm dolphin,The calm dolphins,-9.917349815368652,-12.292349815368652,-13.327404975891113,-10.514904975891113,-10.024307250976562,-12.711807250976562,64
train,1,The calm dolphins,The calm dolphin,-10.514904975891113,-13.327404975891113,-12.292349815368652,-9.917349815368652,-10.745259284973145,-12.870259284973145,64
train,0,The sleepy whale,The sleepy whales,-12.279829978942871,-13.217329978942871,-15.421369552612305,-11.483869552612305,-12.486552238464355,-13.236552238464355,64
train,1,The sleepy whales,The sleepy whale,-11.483869552612305,-15.421369552612305,-13.217329978942871,-12.279829978942871,-11.693767547607422,-15.756267547607422,64
train,0,The timid rat,The timid rats,-13.228370666503906,-15.540870666503906,-15.720158576965332,-13.595158576965332,-13.569259643554688,-15.881759643554688,64
train,1,The timid rats,The timid rat,-13.595158576965332,-15.720158576965332,-15.540870666503906,-13.228370666503906,-14.015480041503906,-15.765480041503906,64
train,0,The nervous chick,The nervous chicks,-14.637359619140625,-16.949859619140625,-17.599822998046875,-14.849823951721191,-14.40029525756836,-16.46279525756836,64
train,1,The nervous chicks,The nervous chick,-14.849823951721191,-17.599822998046875,-16.949859619140625,-14.637359619140625,-15.424392700195312,-17.486892700195312,64
train,0,The sleepy frog,The sleepy frogs,-14.399466514587402,-15.555716514587402,-17.151010513305664,-12.526010513305664,-14.694328308105469,-15.538078308105469,64
train,1,The sleepy frogs,The sleepy frog,-12.526010513305664,-17.151010513305664,-15.555716514587402,-14.399466514587402,-12.56513500213623,-16.846385955810547,64
train,0,The slender chick,The slender chicks,-15.372040748596191,-15.653290748596191,-16.512943267822266,-13.76294231414795,-13.591179847717285,-15.153679847717285,64
train,1,The slender chicks,The slender chick,-13.76294231414795,-16.512943267822266,-15.653290748596191,-15.372040748596191,-14.560626983642578,-18.904376983642578,64
train,0,The slender doe,The slender does,-9.776532173156738,-10.839032173156738,-13.025616645812988,-10.338116645812988,-11.136297225952148,-11.011297225952148,64
train,1,The slender does,The slender doe,-10.338116645812988,-13.025616645812988,-10.839032173156738,-9.776532173156738,-8.87009048461914,-11.80759048461914,64
train,0,The slender cow,The slender cows,-14.910335540771484,-17.347835540771484,-16.602216720581055,-13.445966720581055,-13.361968994140625,-16.299468994140625,64
train,1,The slender cows,The slender cow,-13.445966720581055,-16.602216720581055,-17.347835540771484,-14.910335540771484,-15.29440689086914,-18.65378189086914,64
train,0,The sleepy turtle,The sleepy turtles,-12.496381759643555,-13.371381759643555,-17.07004165649414,-11.070040702819824,-13.324331283569336,-13.761831283569336,64
train,1,The sleepy turtles,The sleepy turtle,-11.070040702819824,-17.07004165649414,-13.371381759643555,-12.496381759643555,-11.130924224853516,-16.193424224853516,64
train,0,The nervous shark,The nervous sharks,-11.255663871765137,-14.568163871765137,-14.513059616088867,-10.575559616088867,-11.077973365783691,-14.015473365783691,64
train,1,The nervous sharks,The nervous shark,-10.575559616088867,-14.513059616088867,-14.568163871765137,-11.255663871765137,-10.694918632507324,-14.319918632507324,64
train,0,The calm panda,The calm pandas,-13.367040634155273,-13.929540634155273,-14.526808738708496,-12.839308738708496,-13.258428573608398,-13.945928573608398,64
train,1,The calm pandas,The calm panda,-12.839308738708496,-14.526808738708496,-13.929540634155273,-13.367040634155273,-13.308838844299316,-15.058838844299316,64
train,0,The calm frog,The calm frogs,-9.402338027954102,-12.277338027954102,-13.070575714111328,-8.758075714111328,-9.732467651367188,-12.419967651367188,64
train,1,The calm frogs,The calm frog,-8.758075714111328,-13.070575714111328,-12.277338027954102,-9.402338027954102,-8.121063232421875,-12.371063232421875,64
train,0,The small pup,The small pups,-10.93418025970459,-14.24668025970459,-17.072534561157227,-13.322534561157227,-13.213183403015137,-16.088184356689453,64
train,1,The small pups,The small pup,-13.322534561157227,-17.072534561157227,-14.24668025970459,-10.93418025970459,-11.932286262512207,-14.901036262512207,64
train,0,The nervous rat,The nervous rats,-12.232378959655762,-13.482378959655762,-14.671459197998047,-12.983959197998047,-11.80203628540039,-13.55203628540039,64
train,1,The nervous rats,The nervous rat,-12.983959197998047,-14.671459197998047,-13.482378959655762,-12.232378959655762,-12.51143741607666,-14.76143741607666,64
train,0,The timid rat,The timid rats,-11.915870666503906,-17.697120666503906,-16.688907623291016,-13.282658576965332,-11.694259643554688,-17.131759643554688,64
train,1,The timid rats,The timid rat,-13.282658576965332,-16.688907623291016,-17.697120666503906,-11.915870666503906,-13.952980041503906,-16.546730041503906,64
train,0,The timid chick,The timid chicks,-13.320462226867676,-15.414212226867676,-16.393798828125,-12.112547874450684,-12.872692108154297,-15.310192108154297,64
train,1,The timid chicks,The timid chick,-12.112547874450684,-16.393798828125,-15.414212226867676,-13.320462226867676,-12.979314804077148,-16.88556480407715,64
train,0,The quiet whale,The quiet whales,-9.69881820678711,-10.01131820678711,-13.6776762008667,-9.5526762008667,-10.213180541992188,-10.400680541992188,64
train,1,The quiet whales,The quiet whale,-9.5526762008667,-13.6776762008667,-10.01131820678711,-9.69881820678711,-9.07976245880127,-13.20476245880127,64
train,0,The timid shark,The timid sharks,-2.9781839847564697,-9.97818374633789,-7.547197341918945,-2.2971973419189453,-2.969181537628174,-8.531682014465332,64
train,1,The timid sharks,The timid shark,-2.2971973419189453,-7.547197341918945,-9.97818374633789,-2.9781839847564697,-2.842525005340576,-7.967525005340576,64
train,0,The slender whale,The slender whales,-13.924427032470703,-15.518177032470703,-14.765548706054688,-12.203048706054688,-13.307709693908691,-14.745209693908691,64
train,1,The slender whales,The slender whale,-12.203048706054688,-14.765548706054688,-15.518177032470703,-13.924427032470703,-12.64981460571289,-15.58731460571289,64
train,0,The fuzzy bat,The fuzzy bats,-10.010824203491211,-15.010824203491211,-14.988373756408691,-10.613373756408691,-9.864473342895508,-14.926973342895508,64
train,1,The fuzzy bats,The fuzzy bat,-10.613373756408691,-14.988373756408691,-15.010824203491211,-10.010824203491211,-10.727635383605957,-14.290135383605957,64
train,0,The nervous rabbit,The nervous rabbits,-10.776631355285645,-12.839131355285645,-14.691119194030762,-10.753619194030762,-11.481207847595215,-12.918707847595215,64
train,1,The nervous rabbits,The nervous rabbit,-10.753619194030762,-14.691119194030762,-12.839131355285645,-10.776631355285645,-11.157979965209961,-14.907979965209961,64
train,0,The calm whale,The calm whales,-2.7315430641174316,-9.10654354095459,-6.315929889678955,-2.815929889678955,-2.702333927154541,-8.2023344039917,64
train,1,The calm whales,The calm whale,-2.815929889678955,-6.315929889678955,-9.10654354095459,-2.7315430641174316,-2.9233288764953613,-6.548328876495361,64
train,0,The nervous kitten,The nervous kittens,-5.248438835144043,-12.560938835144043,-8.379204750061035,-4.379205226898193,-5.2998127937316895,-11.362313270568848,64
train,1,The nervous kittens,The nervous kitten,-4.379205226898193,-8.379204750061035,-12.560938835144043,-5.248438835144043,-4.764748573303223,-8.764748573303223,64
train,0,The bright kitten,The bright kittens,-14.585955619812012,-15.273455619812012,-17.0045108795166,-14.004510879516602,-15.228653907775879,-15.666153907775879,64
train,1,The bright kittens,The bright kitten,-14.004510879516602,-17.0045108795166,-15.273455619812012,-14.585955619812012,-13.777525901794434,-16.84002685546875,64
train,0,The slender horse,The slender horses,-15.201730728149414,-16.264230728149414,-16.17241859436035,-14.609918594360352,-15.037233352661133,-15.287233352661133,64
train,1,The slender horses,The slender horse,-14.609918594360352,-16.17241859436035,-16.264230728149414,-15.201730728149414,-15.533418655395508,-16.814668655395508,64
train,0,The nervous turtle,The nervous turtles,-13.128247261047363,-13.628247261047363,-15.130615234375,-12.318115234375,-12.82874584197998,-14.07874584197998,64
train,1,The nervous turtles,The nervous turtle,-12.318115234375,-15.130615234375,-13.628247261047363,-13.128247261047363,-11.853291511535645,-15.228291511535645,64
train,0,The timid lion,The timid lions,-2.94751238822937,-10.26001262664795,-8.892224311828613,-2.8297245502471924,-3.361398696899414,-8.486398696899414,64
train,1,The timid lions,The timid lion,-2.8297245502471924,-8.892224311828613,-10.26001262664795,-2.94751238822937,-2.9733622074127197,-8.59836196899414,64
train,0,The quiet bat,The quiet bats,-2.531392812728882,-9.156393051147461,-6.99532413482666,-2.24532413482666,-2.601773977279663,-8.101774215698242,64
train,1,The quiet bats,The quiet bat,-2.24532413482666,-6.99532413482666,-9.156393051147461,-2.531392812728882,-2.117603302001953,-6.742603302001953,64
train,0,The fuzzy dolphin,The fuzzy dolphins,-2.761502981185913,-9.386503219604492,-7.364805698394775,-2.4898056983947754,-2.9927687644958496,-8.430269241333008,64
train,1,The fuzzy dolphins,The fuzzy dolphin,-2.4898056983947754,-7.364805698394775,-9.386503219604492,-2.761502981185913,-2.6288843154907227,-7.628884315490723,64
train,0,The small dolphin,The small dolphins,-1.9904109239578247,-9.615410804748535,-7.992152690887451,-1.8671528100967407,-2.2325339317321777,-8.23253345489502,64
train,1,The small dolphins,The small dolphin,-1.8671528100967407,-7.992152690887451,-9.615410804748535,-1.9904109239578247,-2.2141857147216797,-8.21418571472168,64
train,0,The bright shark,The bright sharks,-11.615523338317871,-12.740523338317871,-14.988508224487305,-11.176008224487305,-11.937019348144531,-12.937019348144531,64
train,1,The bright sharks,The bright shark,-11.176008224487305,-14.988508224487305,-12.740523338317871,-11.615523338317871,-10.625832557678223,-14.313332557678223,64
train,0,The quiet rabbit,The quiet rabbits,-12.601724624633789,-12.914224624633789,-15.127870559692383,-12.440370559692383,-12.723588943481445,-13.223588943481445,64
train,1,The quiet rabbits,The quiet rabbit,-12.440370559692383,-15.127870559692383,-12.914224624633789,-12.601724624633789,-12.562214851379395,-15.249714851379395,64
train,0,The sleepy kit,The sleepy kits,-12.041253089904785,-16.3225040435791,-12.3964204788208,-11.1464204788208,-11.667683601379395,-15.511433601379395,64
train,1,The sleepy kits,The sleepy kit,-11.1464204788208,-12.3964204788208,-16.3225040435791,-12.041253089904785,-12.846087455749512,-12.971087455749512,64
train,0,The nervous turtle,The nervous turtles,-12.628247261047363,-13.690747261047363,-15.318115234375,-12.068115234375,-12.57874584197998,-13.70374584197998,64
train,1,The nervous turtles,The nervous turtle,-12.068115234375,-15.318115234375,-13.690747261047363,-12.628247261047363,-12.165791511535645,-15.290791511535645,64
train,0,The sleepy whale,The sleepy whales,-8.717329978942871,-12.654829978942871,-12.233869552612305,-10.483869552612305,-8.924052238464355,-12.486552238464355,64
train,1,The sleepy whales,The sleepy whale,-10.483869552612305,-12.233869552612305,-12.654829978942871,-8.717329978942871,-10.631267547607422,-12.443767547607422,64
train,0,The bright monitor,The bright monitors,-14.014366149902344,-14.451866149902344,-15.958246231079102,-13.645746231079102,-13.830134391784668,-15.142634391784668,64
train,1,The bright monitors,The bright monitor,-13.645746231079102,-15.958246231079102,-14.451866149902344,-14.014366149902344,-13.55041217803955,-15.61291217803955,64
train,0,The nervous rabbit,The nervous rabbits,-3.3391311168670654,-10.839131355285645,-7.25361967086792,-2.50361967086792,-3.5437076091766357,-9.856207847595215,64
train,1,The nervous rabbits,The nervous rabbit,-2.50361967086792,-7.25361967086792,-10.839131355285645,-3.3391311168670654,-3.15798020362854,-7.907980442047119,64
train,0,The timid monitor,The timid monitors,-2.2907843589782715,-8.04078483581543,-9.311990737915039,-3.061990737915039,-4.165933609008789,-9.478433609008789,64
train,1,The timid monitors,The timid monitor,-3.061990737915039,-9.311990737915039,-8.04078483581543,-2.2907843589782715,-2.968839645385742,-8.718839645385742,64
train,0,The timid kitten,The timid kittens,-4.363702297210693,-12.738702774047852,-9.582151412963867,-3.832151412963867,-4.539234161376953,-11.664234161376953,64
train,1,The timid kittens,The timid kitten,-3.832151412963867,-9.582151412963867,-12.738702774047852,-4.363702297210693,-4.624334812164307,-10.061835289001465,64
train,0,The fuzzy turtle,The fuzzy turtles,-10.213155746459961,-12.150655746459961,-15.120892524719238,-9.495892524719238,-10.13243293762207,-12.13243293762207,64
train,1,The fuzzy turtles,The fuzzy turtle,-9.495892524719238,-15.120892524719238,-12.150655746459961,-10.213155746459961,-9.629395484924316,-15.129395484924316,64
train,0,The sleepy rat,The sleepy rats,-14.46402645111084,-15.65152645111084,-16.0538272857666,-13.241328239440918,-14.173100471496582,-14.860600471496582,64
train,1,The sleepy rats,The sleepy rat,-13.241328239440918,-16.0538272857666,-15.65152645111084,-14.46402645111084,-14.691580772399902,-16.37908172607422,64
train,0,The quiet horse,The quiet horses,-11.993391990661621,-13.993391990661621,-15.05731201171875,-11.74481201171875,-12.440918922424316,-14.378418922424316,64
train,1,The quiet horses,The quiet horse,-11.74481201171875,-15.05731201171875,-13.993391990661621,-11.993391990661621,-11.427029609680176,-14.489529609680176,64
train,0,The calm horse,The calm horses,-11.116704940795898,-14.741704940795898,-15.347846031188965,-11.066596031188965,-11.6453857421875,-14.8328857421875,64
train,1,The calm horses,The calm horse,-11.066596031188965,-15.347846031188965,-14.741704940795898,-11.116704940795898,-11.151473999023438,-14.776473999023438,64
train,0,The fuzzy panda,The fuzzy pandas,-12.372529029846191,-13.747529029846191,-15.20764446258545,-13.39514446258545,-12.66049861907959,-14.03549861907959,64
train,1,The fuzzy pandas,The fuzzy panda,-13.39514446258545,-15.20764446258545,-13.747529029846191,-12.372529029846191,-13.318087577819824,-15.630587577819824,64
train,0,The sleepy horse,The sleepy horses,-4.17793083190918,-11.05293083190918,-8.60042953491211,-2.9129295349121094,-4.225203990936279,-9.850203514099121,64
train,1,The sleepy horses,The sleepy horse,-2.9129295349121094,-8.60042953491211,-11.05293083190918,-4.17793083190918,-3.687175750732422,-8.687175750732422,64
train,0,The sleepy dog,The sleepy dogs,-4.517773628234863,-12.080273628234863,-8.20321273803711,-3.4532124996185303,-4.7425761222839355,-10.992576599121094,64
train,1,The sleepy dogs,The sleepy dog,-3.4532124996185303,-8.20321273803711,-12.080273628234863,-4.517773628234863,-4.030695915222168,-8.843195915222168,64
train,0,The sleepy doe,The sleepy does,-13.816704750061035,-16.50420379638672,-14.168182373046875,-12.168182373046875,-12.868977546691895,-13.368977546691895,64
train,1,The sleepy does,The sleepy doe,-12.168182373046875,-14.168182373046875,-16.50420379638672,-13.816704750061035,-13.363399505615234,-15.519649505615234,64
train,0,The bright cow,The bright cows,-2.7095255851745605,-8.709525108337402,-7.345935344696045,-1.845935344696045,-3.3603127002716064,-7.9853129386901855,64
train,1,The bright cows,The bright cow,-1.845935344696045,-7.345935344696045,-8.709525108337402,-2.7095255851745605,-2.2307779788970947,-6.730778217315674,64
train,0,The quiet pup,The quiet pups,-10.069273948669434,-13.694273948669434,-13.160320281982422,-11.222820281982422,-10.822185516357422,-13.697185516357422,64
train,1,The quiet pups,The quiet pup,-11.222820281982422,-13.160320281982422,-13.694273948669434,-10.069273948669434,-10.668023109436035,-11.793023109436035,64
train,0,The nervous cow,The nervous cows,-9.956643104553223,-10.394143104553223,-12.68484115600586,-9.62234115600586,-10.126572608947754,-10.751572608947754,64
train,1,The nervous cows,The nervous cow,-9.62234115600586,-12.68484115600586,-10.394143104553223,-9.956643104553223,-9.017853736877441,-11.580353736877441,64
train,0,The quiet shark,The quiet sharks,-12.985380172729492,-16.079130172729492,-16.620250701904297,-13.557750701904297,-13.396407127380371,-16.302658081054688,64
train,1,The quiet sharks,The quiet shark,-13.557750701904297,-16.620250701904297,-16.079130172729492,-12.985380172729492,-13.333836555480957,-16.083837509155273,64
train,0,The calm cow,The calm cows,-12.191308975219727,-15.628808975219727,-14.628401756286621,-11.503401756286621,-11.761176109313965,-14.823676109313965,64
train,1,The calm cows,The calm cow,-11.503401756286621,-14.628401756286621,-15.628808975219727,-12.191308975219727,-12.016485214233398,-14.703985214233398,64
train,0,The nervous frog,The nervous frogs,-12.274168014526367,-12.899168014526367,-15.236295700073242,-12.111295700073242,-11.964359283447266,-12.901859283447266,64
train,1,The nervous frogs,The nervous frog,-12.111295700073242,-15.236295700073242,-12.899168014526367,-12.274168014526367,-12.1876859664917,-15.5626859664917,64
train,0,The small lion,The small lions,-10.952735900878906,-15.015235900878906,-15.409215927124023,-10.534215927124023,-11.187179565429688,-14.374679565429688,64
train,1,The small lions,The small lion,-10.534215927124023,-15.409215927124023,-15.015235900878906,-10.952735900878906,-10.923309326171875,-14.860809326171875,64
train,0,The timid dolphin,The timid dolphins,-10.015571594238281,-13.203071594238281,-15.62243366241455,-10.18493366241455,-10.36628532409668,-13.30378532409668,64
train,1,The timid dolphins,The timid dolphin,-10.18493366241455,-15.62243366241455,-13.203071594238281,-10.015571594238281,-9.931047439575195,-15.181047439575195,64
train,0,The bright bat,The bright bats,-17.00731658935547,-18.56981658935547,-17.336666107177734,-15.461665153503418,-15.60582160949707,-16.69957160949707,64
train,1,The bright bats,The bright bat,-15.461665153503418,-17.336666107177734,-18.56981658935547,-17.00731658935547,-17.707517623901367,-18.676267623901367,64
train,0,The small doe,The small does,-12.386556625366211,-14.449056625366211,-15.962080001831055,-13.462080001831055,-14.089970588684082,-14.527470588684082,64
train,1,The small does,The small doe,-13.462080001831055,-15.962080001831055,-14.449056625366211,-12.386556625366211,-11.120359420776367,-14.682859420776367,64
train,0,The small bat,The small bats,-8.948610305786133,-11.511110305786133,-13.755746841430664,-10.755746841430664,-9.652515411376953,-12.277515411376953,64
train,1,The small bats,The small bat,-10.755746841430664,-13.755746841430664,-11.511110305786133,-8.948610305786133,-10.03046989440918,-12.71796989440918,64
train,0,The quiet kitten,The quiet kittens,-12.210135459899902,-13.397635459899902,-15.773120880126953,-12.460620880126953,-13.711627006530762,-14.524127006530762,64
train,1,The quiet kittens,The quiet kitten,-12.460620880126953,-15.773120880126953,-13.397635459899902,-12.210135459899902,-12.038447380065918,-15.163447380065918,64
train,0,The nervous dolphin,The nervous dolphins,-13.751611709594727,-16.189111709594727,-17.420312881469727,-12.639062881469727,-13.972162246704102,-15.722162246704102,64
train,1,The nervous dolphins,The nervous dolphin,-12.639062881469727,-17.420312881469727,-16.189111709594727,-13.751611709594727,-12.58537483215332,-17.21037483215332,64
train,0,The small monitor,The small monitors,-14.705215454101562,-16.142715454101562,-16.269433975219727,-13.76943302154541,-14.230764389038086,-15.730764389038086,64
train,1,The small monitors,The small monitor,-13.76943302154541,-16.269433975219727,-16.142715454101562,-14.705215454101562,-14.353565216064453,-16.228565216064453,64
train,0,The bright pup,The bright pups,-3.6190245151519775,-8.431524276733398,-8.400115966796875,-3.900115728378296,-4.710729122161865,-8.773229598999023,64
train,1,The bright pups,The bright pup,-3.900115728378296,-8.400115966796875,-8.431524276733398,-3.6190245151519775,-3.373612403869629,-7.373612403869629,64
train,0,The sleepy panda,The sleepy pandas,-9.323726654052734,-13.761226654052734,-12.688987731933594,-11.126487731933594,-9.655816078186035,-14.155816078186035,64
train,1,The sleepy pandas,The sleepy panda,-11.126487731933594,-12.688987731933594,-13.761226654052734,-9.323726654052734,-11.767692565917969,-13.580192565917969,64
train,0,The calm chick,The calm chicks,-4.075871467590332,-8.825871467590332,-7.508467197418213,-3.320967197418213,-4.613523006439209,-7.926023006439209,64
train,1,The calm chicks,The calm chick,-3.320967197418213,-7.508467197418213,-8.825871467590332,-4.075871467590332,-4.514878749847412,-7.514878749847412,64
train,0,The nervous shark,The nervous sharks,-14.505663871765137,-16.661914825439453,-16.638059616088867,-12.825559616088867,-14.202973365783691,-16.109222412109375,64
train,1,The nervous sharks,The nervous shark,-12.825559616088867,-16.638059616088867,-16.661914825439453,-14.505663871765137,-13.194918632507324,-16.91366958618164,64
train,0,The slender frog,The slender frogs,-9.886344909667969,-11.448844909667969,-14.043392181396484,-9.043392181396484,-9.580976486206055,-11.518476486206055,64
train,1,The slender frogs,The slender frog,-9.043392181396484,-14.043392181396484,-11.448844909667969,-9.886344909667969,-9.170665740966797,-14.170665740966797,64
train,0,The small pup,The small pups,-2.55918025970459,-7.74668025970459,-9.635034561157227,-3.3225350379943848,-4.275683403015137,-8.775683403015137,64
train,1,The small pups,The small pup,-3.3225350379943848,-9.635034561157227,-7.74668025970459,-2.55918025970459,-2.744786262512207,-7.869786262512207,64
train,0,The nervous bat,The nervous bats,-9.655732154846191,-14.468232154846191,-12.481783866882324,-9.044283866882324,-9.923108100891113,-14.048108100891113,64
train,1,The nervous bats,The nervous bat,-9.044283866882324,-12.481783866882324,-14.468232154846191,-9.655732154846191,-9.254841804504395,-12.879841804504395,64
train,0,The timid pup,The timid pups,-12.760819435119629,-14.135819435119629,-15.643210411071777,-12.643210411071777,-13.214975357055664,-14.339975357055664,64
train,1,The timid pups,The timid pup,-12.643210411071777,-15.643210411071777,-14.135819435119629,-12.760819435119629,-12.625274658203125,-14.312774658203125,64
train,0,The quiet turtle,The quiet turtles,-6.1402130126953125,-10.390213012695312,-11.123029708862305,-8.248029708862305,-6.919759750366211,-10.794759750366211,64
train,1,The quiet turtles,The quiet turtle,-8.248029708862305,-11.123029708862305,-10.390213012695312,-6.1402130126953125,-7.837292194366455,-10.399791717529297,64
train,0,The timid pup,The timid pups,-10.573319435119629,-14.885819435119629,-13.955710411071777,-8.955710411071777,-9.902475357055664,-13.714975357055664,64
train,1,The timid pups,The timid pup,-8.955710411071777,-13.955710411071777,-14.885819435119629,-10.573319435119629,-9.750274658203125,-13.250274658203125,64
train,0,The fuzzy rabbit,The fuzzy rabbits,-11.804095268249512,-14.741595268249512,-15.051396369934082,-11.676396369934082,-12.022016525268555,-15.084516525268555,64
train,1,The fuzzy rabbits,The fuzzy rabbit,-11.676396369934082,-15.051396369934082,-14.741595268249512,-11.804095268249512,-12.310460090637207,-15.497960090637207,64
train,0,The small chick,The small chicks,-3.5007922649383545,-9.938292503356934,-9.088285446166992,-2.650784969329834,-3.7468764781951904,-8.55937671661377,64
train,1,The small chicks,The small chick,-2.650784969329834,-9.088285446166992,-9.938292503356934,-3.5007922649383545,-3.851660966873169,-9.85166072845459,64
train,0,The nervous whale,The nervous whales,-13.820631980895996,-16.66438102722168,-16.630889892578125,-14.599639892578125,-14.081260681152344,-16.643760681152344,64
train,1,The nervous whales,The nervous whale,-14.599639892578125,-16.630889892578125,-16.66438102722168,-13.820631980895996,-14.68525218963623,-16.560251235961914,64
train,0,The small bat,The small bats,-13.386110305786133,-18.198610305786133,-18.005746841430664,-14.130746841430664,-13.152515411376953,-18.058765411376953,64
train,1,The small bats,The small bat,-14.130746841430664,-18.005746841430664,-18.198610305786133,-13.386110305786133,-14.15546989440918,-17.40546989440918,64
train,0,The fuzzy horse,The fuzzy horses,-2.6878981590270996,-9.375398635864258,-8.206543922424316,-2.4565436840057373,-3.8194420337677,-9.194441795349121,64
train,1,The fuzzy horses,The fuzzy horse,-2.4565436840057373,-8.206543922424316,-9.375398635864258,-2.6878981590270996,-2.230835437774658,-7.355835437774658,64
train,0,The slender doe,The slender does,-11.526532173156738,-15.307782173156738,-15.275616645812988,-11.525616645812988,-12.386297225952148,-13.573797225952148,64
train,1,The slender does,The slender doe,-11.525616645812988,-15.275616645812988,-15.307782173156738,-11.526532173156738,-10.12009048461914,-14.24509048461914,64
train,0,The sleepy doe,The sleepy does,-7.941704273223877,-12.191704750061035,-13.605682373046875,-9.980682373046875,-11.181477546691895,-12.618977546691895,64
train,1,The sleepy does,The sleepy doe,-9.980682373046875,-13.605682373046875,-12.191704750061035,-7.941704273223877,-7.050899505615234,-11.175899505615234,64
train,0,The calm rat,The calm rats,-12.919692993164062,-15.669692993164062,-16.927425384521484,-13.4899263381958,-13.276400566101074,-15.776400566101074,64
train,1,The calm rats,The calm rat,-13.4899263381958,-16.927425384521484,-15.669692993164062,-12.919692993164062,-13.624201774597168,-16.43670082092285,64
train,0,The slender kitten,The slender kittens,-15.630459785461426,-16.13045883178711,-19.220352172851562,-15.157851219177246,-16.0537166595459,-16.1787166595459,64
train,1,The slender kittens,The slender kitten,-15.157851219177246,-19.220352172851562,-16.13045883178711,-15.630459785461426,-15.552408218383789,-19.33365821838379,64
train,0,The slender lion,The slender lions,-10.687881469726562,-13.312881469726562,-14.736273765563965,-12.486273765563965,-11.053872108459473,-12.991372108459473,64
train,1,The slender lions,The slender lion,-12.486273765563965,-14.736273765563965,-13.312881469726562,-10.687881469726562,-12.991256713867188,-14.678756713867188,64
train,0,The small horse,The small horses,-3.552980422973633,-10.927980422973633,-8.65891170501709,-2.40891170501709,-3.569436550140381,-9.944437026977539,64
train,1,The small horses,The small horse,-2.40891170501709,-8.65891170501709,-10.927980422973633,-3.552980422973633,-3.2661635875701904,-9.20366382598877,64
train,0,The quiet rat,The quiet rats,-7.822334289550781,-11.072334289550781,-13.247380256652832,-9.747380256652832,-9.466804504394531,-12.279304504394531,64
train,1,The quiet rats,The quiet rat,-9.747380256652832,-13.247380256652832,-11.072334289550781,-7.822334289550781,-8.135262489318848,-11.760262489318848,64
train,0,The sleepy rat,The sleepy rats,-11.15152645111084,-12.77652645111084,-13.991328239440918,-11.178828239440918,-11.235600471496582,-12.673100471496582,64
train,1,The sleepy rats,The sleepy rat,-11.178828239440918,-13.991328239440918,-12.77652645111084,-11.15152645111084,-11.441580772399902,-13.941580772399902,64
train,0,The nervous dog,The nervous dogs,-4.529360771179199,-11.4668607711792,-7.812612533569336,-2.937612295150757,-3.9028725624084473,-9.777872085571289,64
train,1,The nervous dogs,The nervous dog,-2.937612295150757,-7.812612533569336,-11.4668607711792,-4.529360771179199,-3.542774200439453,-8.042774200439453,64
train,0,The small lion,The small lions,-13.390235900878906,-14.952735900878906,-16.909215927124023,-13.284215927124023,-13.499679565429688,-14.687179565429688,64
train,1,The small lions,The small lion,-13.284215927124023,-16.909215927124023,-14.952735900878906,-13.390235900878906,-13.923309326171875,-16.860809326171875,64
train,0,The slender chick,The slender chicks,-3.1220409870147705,-6.37204122543335,-8.70044231414795,-2.9504427909851074,-4.216179847717285,-6.716179847717285,64
train,1,The slender chicks,The slender chick,-2.9504427909851074,-8.70044231414795,-6.37204122543335,-3.1220409870147705,-1.68562650680542,-7.31062650680542,64
train,0,The slender turtle,The slender turtles,-13.58245849609375,-16.55120849609375,-15.773833274841309,-11.023833274841309,-12.701496124267578,-15.701496124267578,64
train,1,The slender turtles,The slender turtle,-11.023833274841309,-15.773833274841309,-16.55120849609375,-13.58245849609375,-12.304676055908203,-17.179676055908203,64
train,0,The nervous pup,The nervous pups,-3.386359930038452,-7.823860168457031,-7.580671787261963,-3.705671787261963,-4.441863059997559,-6.941863059997559,64
train,1,The nervous pups,The nervous pup,-3.705671787261963,-7.580671787261963,-7.823860168457031,-3.386359930038452,-3.6805689334869385,-5.930568695068359,64
train,0,The small dog,The small dogs,-2.859927177429199,-11.3599271774292,-8.31239128112793,-2.249891757965088,-3.083137273788452,-9.958137512207031,64
train,1,The small dogs,The small dog,-2.249891757965088,-8.31239128112793,-11.3599271774292,-2.859927177429199,-2.927757740020752,-8.55275821685791,64
train,0,The slender dolphin,The slender dolphins,-10.187484741210938,-13.749984741210938,-14.447266578674316,-9.634766578674316,-10.403925895690918,-13.966425895690918,64
train,1,The slender dolphins,The slender dolphin,-9.634766578674316,-14.447266578674316,-13.749984741210938,-10.187484741210938,-10.136305809020996,-14.761305809020996,64
train,0,The bright dog,The bright dogs,-13.039488792419434,-13.726988792419434,-15.573968887329102,-12.698968887329102,-13.129436492919922,-14.129436492919922,64
train,1,The bright dogs,The bright dog,-12.698968887329102,-15.573968887329102,-13.726988792419434,-13.039488792419434,-12.974791526794434,-16.037290573120117,64
train,0,The nervous lion,The nervous lions,-3.6663970947265625,-9.603897094726562,-7.282729625701904,-3.4077296257019043,-3.9172770977020264,-7.4172773361206055,64
train,1,The nervous lions,The nervous lion,-3.4077296257019043,-7.282729625701904,-9.603897094726562,-3.6663970947265625,-3.508138656616211,-7.133138656616211,64
train,0,The timid turtle,The timid turtles,-14.870599746704102,-17.7143497467041,-18.805843353271484,-14.0870943069458,-13.366902351379395,-16.304401397705078,64
train,1,The timid turtles,The timid turtle,-14.0870943069458,-18.805843353271484,-17.7143497467041,-14.870599746704102,-14.575643539428711,-19.20064353942871,64
train,0,The bright whale,The bright whales,-9.44146728515625,-11.31646728515625,-12.888714790344238,-8.576214790344238,-9.42944049835205,-10.99194049835205,64
train,1,The bright whales,The bright whale,-8.576214790344238,-12.888714790344238,-11.31646728515625,-9.44146728515625,-8.771900177001953,-13.146900177001953,64
train,0,The slender panda,The slender pandas,-4.820800304412842,-11.32080078125,-8.15822982788086,-3.1582300662994385,-4.399893283843994,-10.212392807006836,64
train,1,The slender pandas,The slender panda,-3.1582300662994385,-8.15822982788086,-11.32080078125,-4.820800304412842,-5.000718593597412,-10.25071907043457,64
train,0,The small dog,The small dogs,-6.234927177429199,-10.7974271774292,-10.81239128112793,-8.81239128112793,-6.833137035369873,-11.270637512207031,64
train,1,The small dogs,The small dog,-8.81239128112793,-10.81239128112793,-10.7974271774292,-6.234927177429199,-8.86525821685791,-10.55275821685791,64
train,0,The quiet horse,The quiet horses,-11.430891990661621,-12.993391990661621,-14.74481201171875,-11.30731201171875,-11.690918922424316,-13.753418922424316,64
train,1,The quiet horses,The quiet horse,-11.30731201171875,-14.74481201171875,-12.993391990661621,-11.430891990661621,-10.552029609680176,-14.177029609680176,64
train,0,The small kit,The small kits,-4.4169158935546875,-11.229415893554688,-5.5613813400268555,-2.3113815784454346,-3.435072183609009,-9.62257194519043,64
train,1,The small kits,The small kit,-2.3113815784454346,-5.5613813400268555,-11.229415893554688,-4.4169158935546875,-3.814133405685425,-7.314133644104004,64
train,0,The nervous bat,The nervous bats,-9.843232154846191,-15.280732154846191,-14.794283866882324,-12.044283866882324,-10.423108100891113,-14.798108100891113,64
train,1,The nervous bats,The nervous bat,-12.044283866882324,-14.794283866882324,-15.280732154846191,-9.843232154846191,-12.754841804504395,-14.379841804504395,64
train,0,The sleepy turtle,The sleepy turtles,-13.246381759643555,-14.871381759643555,-15.788790702819824,-12.757540702819824,-12.824331283569336,-14.699331283569336,64
train,1,The sleepy turtles,The sleepy turtle,-12.757540702819824,-15.788790702819824,-14.871381759643555,-13.246381759643555,-12.943424224853516,-16.130924224853516,64
train,0,The sleepy whale,The sleepy whales,-2.717329502105713,-9.967329978942871,-6.296370029449463,-2.671370029449463,-2.8615522384643555,-8.424052238464355,64
train,1,The sleepy whales,The sleepy whale,-2.671370029449463,-6.296370029449463,-9.967329978942871,-2.717329502105713,-3.006267547607422,-6.506267547607422,64
train,0,The timid pup,The timid pups,-14.260819435119629,-14.573319435119629,-17.736961364746094,-14.080710411071777,-14.964975357055664,-15.089975357055664,64
train,1,The timid pups,The timid pup,-14.080710411071777,-17.736961364746094,-14.573319435119629,-14.260819435119629,-13.125274658203125,-15.812774658203125,64
train,0,The small kitten,The small kittens,-13.491533279418945,-16.179033279418945,-18.15922737121582,-14.84672737121582,-13.651931762695312,-16.339431762695312,64
train,1,The small kittens,The small kitten,-14.84672737121582,-18.15922737121582,-16.179033279418945,-13.491533279418945,-15.205423355102539,-18.48667335510254,64
train,0,The small shark,The small sharks,-12.399778366088867,-14.649778366088867,-15.43988037109375,-11.50238037109375,-12.401656150817871,-14.651656150817871,64
train,1,The small sharks,The small shark,-11.50238037109375,-15.43988037109375,-14.649778366088867,-12.399778366088867,-11.90173625946045,-15.65173625946045,64
train,0,The small panda,The small pandas,-15.860251426696777,-19.57900047302246,-18.146770477294922,-14.959270477294922,-15.713522911071777,-18.77602195739746,64
train,1,The small pandas,The small panda,-14.959270477294922,-18.146770477294922,-19.57900047302246,-15.860251426696777,-16.9018611907959,-19.9018611907959,64
train,0,The small doe,The small does,-14.824056625366211,-16.85530662536621,-17.462080001831055,-13.962080001831055,-15.964970588684082,-14.714970588684082,64
train,1,The small does,The small doe,-13.962080001831055,-17.462080001831055,-16.85530662536621,-14.824056625366211,-14.995359420776367,-17.682859420776367,64
train,0,The bright rat,The bright rats,-11.45695972442627,-15.64445972442627,-14.478379249572754,-10.790879249572754,-12.366636276245117,-15.991636276245117,64
train,1,The bright rats,The bright rat,-10.790879249572754,-14.478379249572754,-15.64445972442627,-11.45695972442627,-10.900516510009766,-13.400516510009766,64
train,0,The bright turtle,The bright turtles,-9.687362670898438,-12.937362670898438,-13.892719268798828,-8.767719268798828,-9.88898754119873,-13.07648754119873,64
train,1,The bright turtles,The bright turtle,-8.767719268798828,-13.892719268798828,-12.937362670898438,-9.687362670898438,-9.05929946899414,-13.68429946899414,64
train,0,The small kitten,The small kittens,-3.8040337562561035,-12.741533279418945,-10.28422737121582,-3.409226894378662,-4.2144317626953125,-12.151931762695312,64
train,1,The small kittens,The small kitten,-3.409226894378662,-10.28422737121582,-12.741533279418945,-3.8040337562561035,-4.080423355102539,-10.642923355102539,64
train,0,The sleepy chick,The sleepy chicks,-11.87273120880127,-13.87273120880127,-15.39810848236084,-12.02310848236084,-11.840068817138672,-14.152568817138672,64
train,1,The sleepy chicks,The sleepy chick,-12.02310848236084,-15.39810848236084,-13.87273120880127,-11.87273120880127,-12.386794090270996,-15.199294090270996,64
train,0,The bright chick,The bright chicks,-13.573587417602539,-15.636087417602539,-16.593647003173828,-13.249897003173828,-13.316102027893066,-16.00360107421875,64
train,1,The bright chicks,The bright chick,-13.249897003173828,-16.593647003173828,-15.636087417602539,-13.573587417602539,-12.943010330200195,-16.849260330200195,64
train,0,The sleepy lion,The sleepy lions,-10.321903228759766,-13.196903228759766,-13.773493766784668,-11.710993766784668,-10.555234909057617,-13.555234909057617,64
train,1,The sleepy lions,The sleepy lion,-11.710993766784668,-13.773493766784668,-13.196903228759766,-10.321903228759766,-11.905204772949219,-14.030204772949219,64
train,0,The sleepy shark,The sleepy sharks,-10.517419815063477,-14.767419815063477,-13.975516319274902,-11.350516319274902,-10.666097640991211,-14.791097640991211,64
train,1,The sleepy sharks,The sleepy shark,-11.350516319274902,-13.975516319274902,-14.767419815063477,-10.517419815063477,-11.453210830688477,-13.890710830688477,64
train,0,The fuzzy bat,The fuzzy bats,-10.948324203491211,-15.510824203491211,-14.300873756408691,-12.550873756408691,-9.864473342895508,-14.989473342895508,64
train,1,The fuzzy bats,The fuzzy bat,-12.550873756408691,-14.300873756408691,-15.510824203491211,-10.948324203491211,-13.290135383605957,-15.165135383605957,64
train,0,The nervous doe,The nervous does,-12.361082077026367,-13.048582077026367,-15.216732025146484,-10.216732025146484,-12.658849716186523,-12.658849716186523,64
train,1,The nervous does,The nervous doe,-10.216732025146484,-15.216732025146484,-13.048582077026367,-12.361082077026367,-10.619668960571289,-15.057168960571289,64
train,0,The bright frog,The bright frogs,-12.885025024414062,-14.385025024414062,-19.11265754699707,-13.08140754699707,-13.380576133728027,-15.411826133728027,64
train,1,The bright frogs,The bright frog,-13.08140754699707,-19.11265754699707,-14.385025024414062,-12.885025024414062,-12.081975936889648,-17.23822593688965,64
train,0,The timid panda,The timid pandas,-12.488667488098145,-16.98866844177246,-13.739913940429688,-9.114913940429688,-11.001751899719238,-15.064251899719238,64
train,1,The timid pandas,The timid panda,-9.114913940429688,-13.739913940429688,-16.98866844177246,-12.488667488098145,-10.780529022216797,-15.218029022216797,64
train,0,The bright dolphin,The bright dolphins,-10.03974437713623,-13.10224437713623,-14.376142501831055,-11.876142501831055,-10.66878604888916,-13.66878604888916,64
train,1,The bright dolphins,The bright dolphin,-11.876142501831055,-14.376142501831055,-13.10224437713623,-10.03974437713623,-11.437691688537598,-13.375191688537598,64
train,0,The fuzzy kit,The fuzzy kits,-11.710165023803711,-13.022665023803711,-11.591642379760742,-10.841642379760742,-10.856643676757812,-11.919143676757812,64
train,1,The fuzzy kits,The fuzzy kit,-10.841642379760742,-11.591642379760742,-13.022665023803711,-11.710165023803711,-11.504902839660645,-12.442402839660645,64
train,0,The calm cow,The calm cows,-3.6913092136383057,-9.628808975219727,-7.378401756286621,-2.440901756286621,-3.8236756324768066,-8.511176109313965,64
train,1,The calm cows,The calm cow,-2.440901756286621,-7.378401756286621,-9.628808975219727,-3.6913092136383057,-2.7664847373962402,-6.76648473739624,64
train,0,The sleepy dog,The sleepy dogs,-13.205273628234863,-16.799022674560547,-16.20321273803711,-12.39071273803711,-12.992576599121094,-16.523826599121094,64
train,1,The sleepy dogs,The sleepy dog,-12.39071273803711,-16.20321273803711,-16.799022674560547,-13.205273628234863,-12.905695915222168,-16.59319496154785,64
train,0,The sleepy whale,The sleepy whales,-11.654829978942871,-13.717329978942871,-14.796369552612305,-11.108869552612305,-11.611552238464355,-13.236552238464355,64
train,1,The sleepy whales,The sleepy whale,-11.108869552612305,-14.796369552612305,-13.717329978942871,-11.654829978942871,-12.068767547607422,-15.756267547607422,64
train,0,The sleepy dog,The sleepy dogs,-11.705273628234863,-12.830273628234863,-14.57821273803711,-11.01571273803711,-11.555076599121094,-12.742576599121094,64
train,1,The sleepy dogs,The sleepy dog,-11.01571273803711,-14.57821273803711,-12.830273628234863,-11.705273628234863,-11.155695915222168,-14.780695915222168,64
train,0,The sleepy cock,The sleepy cocks,-18.045507431030273,-18.654882431030273,-16.22711753845215,-14.195868492126465,-13.213178634643555,-14.369428634643555,64
train,1,The sleepy cocks,The sleepy cock,-14.195868492126465,-16.22711753845215,-18.654882431030273,-18.045507431030273,-13.990265846252441,-16.771514892578125,64
train,0,The sleepy rat,The sleepy rats,-13.58902645111084,-16.526525497436523,-17.2100772857666,-13.491328239440918,-13.485600471496582,-16.110599517822266,64
train,1,The sleepy rats,The sleepy rat,-13.491328239440918,-17.2100772857666,-16.526525497436523,-13.58902645111084,-14.066580772399902,-17.31658172607422,64
train,0,The sleepy dolphin,The sleepy dolphins,-10.722369194030762,-11.847369194030762,-13.582514762878418,-11.957514762878418,-10.999018669128418,-12.061518669128418,64
train,1,The sleepy dolphins,The sleepy dolphin,-11.957514762878418,-13.582514762878418,-11.847369194030762,-10.722369194030762,-11.823458671569824,-13.260958671569824,64
train,0,The quiet whale,The quiet whales,-14.51131820678711,-16.16756820678711,-16.583927154541016,-14.2401762008667,-14.275680541992188,-15.838180541992188,64
train,1,The quiet whales,The quiet whale,-14.2401762008667,-16.583927154541016,-16.16756820678711,-14.51131820678711,-14.70476245880127,-16.861011505126953,64
train,0,The sleepy pup,The sleepy pups,-13.312684059143066,-17.09393310546875,-17.763193130493164,-13.888193130493164,-13.918224334716797,-17.293224334716797,64
train,1,The sleepy pups,The sleepy pup,-13.888193130493164,-17.763193130493164,-17.09393310546875,-13.312684059143066,-13.833465576171875,-16.864715576171875,64
train,0,The calm rabbit,The calm rabbits,-13.671196937561035,-17.26494789123535,-16.428142547607422,-12.990642547607422,-13.568102836608887,-16.755603790283203,64
train,1,The calm rabbits,The calm rabbit,-12.990642547607422,-16.428142547607422,-17.26494789123535,-13.671196937561035,-13.772903442382812,-17.085403442382812,64
train,0,The quiet shark,The quiet sharks,-11.610380172729492,-11.735380172729492,-14.057750701904297,-10.495250701904297,-12.021407127380371,-12.396407127380371,64
train,1,The quiet sharks,The quiet shark,-10.495250701904297,-14.057750701904297,-11.735380172729492,-11.610380172729492,-9.958836555480957,-13.583836555480957,64
train,0,The bright rat,The bright rats,-9.45695972442627,-10.14445972442627,-13.540879249572754,-11.353379249572754,-11.304136276245117,-11.866636276245117,64
train,1,The bright rats,The bright rat,-11.353379249572754,-13.540879249572754,-10.14445972442627,-9.45695972442627,-9.963016510009766,-11.650516510009766,64
train,0,The nervous pup,The nervous pups,-11.698860168457031,-12.261360168457031,-16.268171310424805,-12.455672264099121,-13.879363059997559,-14.066863059997559,64
train,1,The nervous pups,The nervous pup,-12.455672264099121,-16.268171310424805,-12.261360168457031,-11.698860168457031,-10.43056869506836,-13.49306869506836,64
train,0,The fuzzy rat,The fuzzy rats,-12.64987850189209,-14.46237850189209,-17.290508270263672,-14.415508270263672,-14.036483764648438,-15.848983764648438,64
train,1,The fuzzy rats,The fuzzy rat,-14.415508270263672,-17.290508270263672,-14.46237850189209,-12.64987850189209,-13.423059463500977,-15.891809463500977,64
train,0,The slender shark,The slender sharks,-12.482305526733398,-15.857305526733398,-14.996818542480469,-12.184318542480469,-12.237031936645508,-15.549531936645508,64
train,1,The slender sharks,The slender shark,-12.184318542480469,-14.996818542480469,-15.857305526733398,-12.482305526733398,-12.408151626586914,-14.970651626586914,64
train,0,The timid pup,The timid pups,-4.073318958282471,-10.885819435119629,-8.955710411071777,-3.0807108879089355,-4.214975357055664,-9.464975357055664,64
train,1,The timid pups,The timid pup,-3.0807108879089355,-8.955710411071777,-10.885819435119629,-4.073318958282471,-3.125275135040283,-8.312774658203125,64
train,0,The nervous pup,The nervous pups,-10.198860168457031,-13.261360168457031,-12.830672264099121,-10.768172264099121,-10.629363059997559,-13.191863059997559,64
train,1,The nervous pups,The nervous pup,-10.768172264099121,-12.830672264099121,-13.261360168457031,-10.198860168457031,-10.36806869506836,-11.93056869506836,64
train,0,The calm pup,The calm pups,-8.839423179626465,-11.589423179626465,-12.865320205688477,-8.865320205688477,-9.417109489440918,-12.104609489440918,64
train,1,The calm pups,The calm pup,-8.865320205688477,-12.865320205688477,-11.589423179626465,-8.839423179626465,-6.725815296173096,-10.475814819335938,64
train,0,The small turtle,The small turtles,-11.875216484069824,-14.250216484069824,-14.338587760925293,-10.338587760925293,-9.889711380004883,-12.577211380004883,64
train,1,The small turtles,The small turtle,-10.338587760925293,-14.338587760925293,-14.250216484069824,-11.875216484069824,-11.776741981506348,-15.401741981506348,64
test,0,The wary [wug],The wary [wugs],-9.465331077575684,-13.902831077575684,-14.967703819274902,-11.467703819274902,-12.366897583007812,-16.054397583007812,64
test,1,The wary [wugs],The wary [wug],-11.467703819274902,-14.967703819274902,-13.902831077575684,-9.465331077575684,-9.31775951385498,-13.94275951385498,64
test,0,The tiny [wug],The tiny [wugs],-13.499119758605957,-16.811620712280273,-15.510687828063965,-11.510687828063965,-13.229493141174316,-16.291994094848633,64
test,1,The tiny [wugs],The tiny [wug],-11.510687828063965,-15.510687828063965,-16.811620712280273,-13.499119758605957,-12.727974891662598,-17.102975845336914,64
test,0,The curious [wug],The curious [wugs],-11.74511432647705,-16.182613372802734,-14.356046676635742,-11.293546676635742,-13.650588035583496,-17.775588989257812,64
test,1,The curious [wugs],The curious [wug],-11.293546676635742,-14.356046676635742,-16.182613372802734,-11.74511432647705,-10.968594551086426,-13.718594551086426,64
test,0,The gentle [wug],The gentle [wugs],-14.312807083129883,-16.437807083129883,-14.753316879272461,-13.128316879272461,-13.812456130981445,-14.624956130981445,64
test,1,The gentle [wugs],The gentle [wug],-13.128316879272461,-14.753316879272461,-16.437807083129883,-14.312807083129883,-13.827796936035156,-15.452796936035156,64
test,0,The spotted [wug],The spotted [wugs],-14.473386764526367,-14.598386764526367,-13.572940826416016,-11.385440826416016,-11.738824844360352,-12.926324844360352,64
test,1,The spotted [wugs],The spotted [wug],-11.385440826416016,-13.572940826416016,-14.598386764526367,-14.473386764526367,-9.06824779510498,-14.38074779510498,64
test,0,The wary [wug],The wary [wugs],-14.840331077575684,-15.465331077575684,-16.84270477294922,-13.780203819274902,-15.616897583007812,-15.304397583007812,64
test,1,The wary [wugs],The wary [wug],-13.780203819274902,-16.84270477294922,-15.465331077575684,-14.840331077575684,-14.13025951385498,-17.255260467529297,64
test,0,The gentle [wug],The gentle [wugs],-14.125307083129883,-14.500307083129883,-17.19081687927246,-13.315816879272461,-14.812456130981445,-15.749956130981445,64
test,1,The gentle [wugs],The gentle [wug],-13.315816879272461,-17.19081687927246,-14.500307083129883,-14.125307083129883,-11.640296936035156,-16.702796936035156,64
test,0,The clever [wug],The clever [wugs],-14.352203369140625,-17.039703369140625,-18.124475479125977,-14.28072452545166,-16.044586181640625,-18.544586181640625,64
test,1,The clever [wugs],The clever [wug],-14.28072452545166,-18.124475479125977,-17.039703369140625,-14.352203369140625,-15.629610061645508,-18.629610061645508,64
test,0,The shy [wug],The shy [wugs],-12.366605758666992,-14.741605758666992,-13.415074348449707,-10.727574348449707,-11.365891456604004,-13.240891456604004,64
test,1,The shy [wugs],The shy [wug],-10.727574348449707,-13.415074348449707,-14.741605758666992,-12.366605758666992,-11.944327354431152,-15.131827354431152,64
test,0,The wary [wug],The wary [wugs],-11.465331077575684,-15.027831077575684,-15.342703819274902,-10.967703819274902,-11.991897583007812,-14.554397583007812,64
test,1,The wary [wugs],The wary [wug],-10.967703819274902,-15.342703819274902,-15.027831077575684,-11.465331077575684,-11.00525951385498,-16.130260467529297,64
test,0,The shy [wug],The shy [wugs],-13.429105758666992,-17.179105758666992,-14.540074348449707,-12.790074348449707,-13.303391456604004,-15.115891456604004,64
test,1,The shy [wugs],The shy [wug],-12.790074348449707,-14.540074348449707,-17.179105758666992,-13.429105758666992,-14.131827354431152,-15.756827354431152,64
test,0,The fierce [wug],The fierce [wugs],-15.491844177246094,-16.116844177246094,-16.418481826782227,-13.543481826782227,-13.90878963470459,-14.97128963470459,64
test,1,The fierce [wugs],The fierce [wug],-13.543481826782227,-16.418481826782227,-16.116844177246094,-15.491844177246094,-14.873311042785645,-18.43581199645996,64
test,0,The bold [wug],The bold [wugs],-13.950972557067871,-16.325973510742188,-16.059152603149414,-13.996652603149414,-14.094768524169922,-16.282268524169922,64
test,1,The bold [wugs],The bold [wug],-13.996652603149414,-16.059152603149414,-16.325973510742188,-13.950972557067871,-13.340752601623535,-16.15325355529785,64
test,0,The strange [wug],The strange [wugs],-15.392756462097168,-17.39275550842285,-17.86420440673828,-13.614204406738281,-15.613007545471191,-17.175508499145508,64
test,1,The strange [wugs],The strange [wug],-13.614204406738281,-17.86420440673828,-17.39275550842285,-15.392756462097168,-13.562337875366211,-18.84358787536621,64
test,0,The clumsy [wug],The clumsy [wugs],-17.957178115844727,-19.769678115844727,-19.036935806274414,-14.599435806274414,-16.57089614868164,-17.82089614868164,64
test,1,The clumsy [wugs],The clumsy [wug],-14.599435806274414,-19.036935806274414,-19.769678115844727,-17.957178115844727,-16.912479400634766,-21.881229400634766,64
test,0,The fierce [wug],The fierce [wugs],-12.116844177246094,-13.741844177246094,-13.355981826782227,-10.293481826782227,-11.40878963470459,-12.47128963470459,64
test,1,The fierce [wugs],The fierce [wug],-10.293481826782227,-13.355981826782227,-13.741844177246094,-12.116844177246094,-11.310811042785645,-14.623311042785645,64
test,0,The restless [wug],The restless [wugs],-16.417583465576172,-16.730083465576172,-18.038684844970703,-14.28868579864502,-16.10738182067871,-16.10738182067871,64
test,1,The restless [wugs],The restless [wug],-14.28868579864502,-18.038684844970703,-16.730083465576172,-16.417583465576172,-15.220404624938965,-19.31415367126465,64
test,0,The sturdy [wug],The sturdy [wugs],-5.472930908203125,-10.410430908203125,-10.383108139038086,-5.758108139038086,-7.924049377441406,-10.674049377441406,64
test,1,The sturdy [wugs],The sturdy [wug],-5.758108139038086,-10.383108139038086,-10.410430908203125,-5.472930908203125,-4.976865768432617,-10.789365768432617,64
test,0,The bold [wug],The bold [wugs],-14.325972557067871,-14.763472557067871,-16.559152603149414,-14.059152603149414,-14.219768524169922,-15.344768524169922,64
test,1,The bold [wugs],The bold [wug],-14.059152603149414,-16.559152603149414,-14.763472557067871,-14.325972557067871,-13.653252601623535,-16.90325355529785,64
test,0,The graceful [wug],The graceful [wugs],-10.915597915649414,-13.353097915649414,-14.018007278442383,-10.705507278442383,-12.647207260131836,-15.272207260131836,64
test,1,The graceful [wugs],The graceful [wug],-10.705507278442383,-14.018007278442383,-13.353097915649414,-10.915597915649414,-10.094916343688965,-13.907416343688965,64
test,0,The tiny [wug],The tiny [wugs],-12.686619758605957,-15.811619758605957,-14.760687828063965,-10.698187828063965,-11.729493141174316,-14.291993141174316,64
test,1,The tiny [wugs],The tiny [wug],-10.698187828063965,-14.760687828063965,-15.811619758605957,-12.686619758605957,-12.227974891662598,-16.477975845336914,64
test,0,The restless [wug],The restless [wugs],-18.480083465576172,-20.448833465576172,-21.163684844970703,-16.663684844970703,-19.20113182067871,-20.51363182067871,64
test,1,The restless [wugs],The restless [wug],-16.663684844970703,-21.163684844970703,-20.448833465576172,-18.480083465576172,-16.47040367126465,-21.09540367126465,64
test,0,The clumsy [wug],The clumsy [wugs],-14.95717716217041,-16.394678115844727,-15.724435806274414,-14.411935806274414,-14.82089614868164,-15.63339614868164,64
test,1,The clumsy [wugs],The clumsy [wug],-14.411935806274414,-15.724435806274414,-16.394678115844727,-14.95717716217041,-16.974979400634766,-17.849979400634766,64
test,0,The restless [wug],The restless [wugs],-14.230083465576172,-17.230083465576172,-18.413684844970703,-16.101184844970703,-15.607382774353027,-18.73238182067871,64
test,1,The restless [wugs],The restless [wug],-16.101184844970703,-18.413684844970703,-17.230083465576172,-14.230083465576172,-14.782904624938965,-17.78290367126465,64
test,0,The round [wug],The round [wugs],-10.989198684692383,-12.551698684692383,-13.84352970123291,-12.78102970123291,-12.342466354370117,-13.404966354370117,64
test,1,The round [wugs],The round [wug],-12.78102970123291,-13.84352970123291,-12.551698684692383,-10.989198684692383,-12.296390533447266,-13.608890533447266,64
test,0,The sturdy [wug],The sturdy [wugs],-15.910430908203125,-17.004180908203125,-16.383108139038086,-11.945608139038086,-15.486549377441406,-15.799049377441406,64
test,1,The sturdy [wugs],The sturdy [wug],-11.945608139038086,-16.383108139038086,-17.004180908203125,-15.910430908203125,-14.039365768432617,-19.289365768432617,64
test,0,The round [wug],The round [wugs],-15.489198684692383,-16.239198684692383,-15.09352970123291,-14.40602970123291,-14.342466354370117,-14.342466354370117,64
test,1,The round [wugs],The round [wug],-14.40602970123291,-15.09352970123291,-16.239198684692383,-15.489198684692383,-15.671390533447266,-15.858890533447266,64
test,0,The wary [wug],The wary [wugs],-15.027831077575684,-16.34033203125,-16.84270477294922,-14.342703819274902,-15.491897583007812,-15.054397583007812,64
test,1,The wary [wugs],The wary [wug],-14.342703819274902,-16.84270477294922,-16.34033203125,-15.027831077575684,-14.88025951385498,-17.224010467529297,64
test,0,The bold [wug],The bold [wugs],-15.450972557067871,-16.575973510742188,-17.621652603149414,-15.246652603149414,-15.157268524169922,-17.469768524169922,64
test,1,The bold [wugs],The bold [wug],-15.246652603149414,-17.621652603149414,-16.575973510742188,-15.450972557067871,-13.965752601623535,-18.15325355529785,64
test,0,The round [wug],The round [wugs],-11.926698684692383,-15.926698684692383,-18.781028747558594,-13.71852970123291,-15.092466354370117,-16.779966354370117,64
test,1,The round [wugs],The round [wug],-13.71852970123291,-18.781028747558594,-15.926698684692383,-11.926698684692383,-11.233890533447266,-16.733890533447266,64
test,0,The wary [wug],The wary [wugs],-12.027831077575684,-12.402831077575684,-15.905203819274902,-12.717703819274902,-13.804397583007812,-13.804397583007812,64
test,1,The wary [wugs],The wary [wug],-12.717703819274902,-15.905203819274902,-12.402831077575684,-12.027831077575684,-11.44275951385498,-15.88025951385498,64
test,0,The spotted [wug],The spotted [wugs],-14.192136764526367,-17.364011764526367,-14.322940826416016,-10.135440826416016,-11.113824844360352,-13.426324844360352,64
test,1,The spotted [wugs],The spotted [wug],-10.135440826416016,-14.322940826416016,-17.364011764526367,-14.192136764526367,-13.44324779510498,-22.536998748779297,64
test,0,The lively [wug],The lively [wugs],-12.682669639587402,-14.995169639587402,-16.056129455566406,-13.868629455566406,-13.11534309387207,-15.05284309387207,64
test,1,The lively [wugs],The lively [wug],-13.868629455566406,-16.056129455566406,-14.995169639587402,-12.682669639587402,-13.923428535461426,-16.36092758178711,64
test,0,The curious [wug],The curious [wugs],-12.68261432647705,-12.99511432647705,-17.356046676635742,-14.231046676635742,-15.025588035583496,-16.150588989257812,64
test,1,The curious [wugs],The curious [wug],-14.231046676635742,-17.356046676635742,-12.99511432647705,-12.68261432647705,-10.406094551086426,-13.593594551086426,64
test,0,The clumsy [wug],The clumsy [wugs],-5.58217716217041,-11.70717716217041,-10.099435806274414,-5.099435806274414,-6.945896148681641,-11.19589614868164,64
test,1,The clumsy [wugs],The clumsy [wug],-5.099435806274414,-10.099435806274414,-11.70717716217041,-5.58217716217041,-6.037479400634766,-11.412479400634766,64
test,0,The clumsy [wug],The clumsy [wugs],-12.08217716217041,-14.20717716217041,-16.161935806274414,-14.411935806274414,-14.07089614868164,-16.57089614868164,64
test,1,The clumsy [wugs],The clumsy [wug],-14.411935806274414,-16.161935806274414,-14.20717716217041,-12.08217716217041,-14.287479400634766,-16.599979400634766,64
test,0,The bold [wug],The bold [wugs],-15.700972557067871,-15.825972557067871,-15.996652603149414,-14.621652603149414,-14.657268524169922,-14.719768524169922,64
test,1,The bold [wugs],The bold [wug],-14.621652603149414,-15.996652603149414,-15.825972557067871,-15.700972557067871,-15.340752601623535,-17.02825355529785,64
test,0,The gentle [wug],The gentle [wugs],-16.875307083129883,-17.312807083129883,-16.62831687927246,-13.690816879272461,-14.187456130981445,-14.874956130981445,64
test,1,The gentle [wugs],The gentle [wug],-13.690816879272461,-16.62831687927246,-17.312807083129883,-16.875307083129883,-15.327796936035156,-19.140296936035156,64
test,0,The graceful [wug],The graceful [wugs],-14.103097915649414,-15.665597915649414,-14.955507278442383,-14.143007278442383,-14.897207260131836,-15.772207260131836,64
test,1,The graceful [wugs],The graceful [wug],-14.143007278442383,-14.955507278442383,-15.665597915649414,-14.103097915649414,-15.157416343688965,-16.96991729736328,64
test,0,The clever [wug],The clever [wugs],-11.352203369140625,-13.602203369140625,-17.093225479125977,-12.84322452545166,-14.169587135314941,-15.857087135314941,64
test,1,The clever [wugs],The clever [wug],-12.84322452545166,-17.093225479125977,-13.602203369140625,-11.352203369140625,-14.567110061645508,-17.567110061645508,64
test,0,The fierce [wug],The fierce [wugs],-12.054344177246094,-14.616844177246094,-16.105981826782227,-11.918481826782227,-12.15878963470459,-14.90878963470459,64
test,1,The fierce [wugs],The fierce [wug],-11.918481826782227,-16.105981826782227,-14.616844177246094,-12.054344177246094,-12.060811042785645,-17.06081199645996,64
test,0,The clumsy [wug],The clumsy [wugs],-14.39467716217041,-15.95717716217041,-15.599435806274414,-14.849435806274414,-14.69589614868164,-16.88339614868164,64
test,1,The clumsy [wugs],The clumsy [wug],-14.849435806274414,-15.599435806274414,-15.95717716217041,-14.39467716217041,-15.912479400634766,-16.537479400634766,64
test,0,The shy [wug],The shy [wugs],-15.241605758666992,-17.741605758666992,-16.85257339477539,-16.22757339477539,-15.240891456604004,-17.77214241027832,64
test,1,The shy [wugs],The shy [wug],-16.22757339477539,-16.85257339477539,-17.741605758666992,-15.241605758666992,-16.25682830810547,-17.38182830810547,64
test,0,The restless [wug],The restless [wugs],-15.792583465576172,-16.730083465576172,-18.444934844970703,-15.16368579864502,-16.41988182067871,-17.48238182067871,64
test,1,The restless [wugs],The restless [wug],-15.16368579864502,-18.444934844970703,-16.730083465576172,-15.792583465576172,-14.782904624938965,-18.25165367126465,64
test,0,The strange [wug],The strange [wugs],-13.767756462097168,-18.01775550842285,-16.05170440673828,-13.551704406738281,-13.988007545471191,-17.488008499145508,64
test,1,The strange [wugs],The strange [wug],-13.551704406738281,-16.05170440673828,-18.01775550842285,-13.767756462097168,-13.749837875366211,-16.93733787536621,64
test,0,The graceful [wug],The graceful [wugs],-12.415597915649414,-13.290597915649414,-14.518007278442383,-14.018007278442383,-15.084707260131836,-15.709707260131836,64
test,1,The graceful [wugs],The graceful [wug],-14.018007278442383,-14.518007278442383,-13.290597915649414,-12.415597915649414,-13.219916343688965,-13.532416343688965,64
test,0,The shy [wug],The shy [wugs],-5.054105281829834,-12.616605758666992,-8.227574348449707,-4.102574348449707,-5.303391456604004,-11.053391456604004,64
test,1,The shy [wugs],The shy [wug],-4.102574348449707,-8.227574348449707,-12.616605758666992,-5.054105281829834,-4.631827354431152,-8.631827354431152,64
test,0,The spotted [wug],The spotted [wugs],-17.051511764526367,-17.301511764526367,-14.010440826416016,-11.697940826416016,-12.613824844360352,-12.738824844360352,64
test,1,The spotted [wugs],The spotted [wug],-11.697940826416016,-14.010440826416016,-17.301511764526367,-17.051511764526367,-21.974498748779297,-24.204967498779297,64
test,0,The shy [wug],The shy [wugs],-17.054105758666992,-17.960355758666992,-18.10257339477539,-15.665074348449707,-16.61589241027832,-16.11589241027832,64
test,1,The shy [wugs],The shy [wug],-15.665074348449707,-18.10257339477539,-17.960355758666992,-17.054105758666992,-16.44432830810547,-18.97557830810547,64
test,0,The restless [wug],The restless [wugs],-14.167583465576172,-16.980083465576172,-16.038684844970703,-13.78868579864502,-14.357382774353027,-17.35738182067871,64
test,1,The restless [wugs],The restless [wug],-13.78868579864502,-16.038684844970703,-16.980083465576172,-14.167583465576172,-13.720404624938965,-16.53290367126465,64
test,0,The bold [wug],The bold [wugs],-12.950972557067871,-14.513472557067871,-15.246652603149414,-13.559152603149414,-12.719768524169922,-14.594768524169922,64
test,1,The bold [wugs],The bold [wug],-13.559152603149414,-15.246652603149414,-14.513472557067871,-12.950972557067871,-12.965752601623535,-16.02825355529785,64
test,0,The shy [wug],The shy [wugs],-13.491605758666992,-16.366605758666992,-16.47757339477539,-13.477574348449707,-13.678391456604004,-15.615891456604004,64
test,1,The shy [wugs],The shy [wug],-13.477574348449707,-16.47757339477539,-16.366605758666992,-13.491605758666992,-13.756827354431152,-17.00682830810547,64
test,0,The tiny [wug],The tiny [wugs],-11.186619758605957,-14.124119758605957,-15.385687828063965,-11.885687828063965,-11.916993141174316,-15.166993141174316,64
test,1,The tiny [wugs],The tiny [wug],-11.885687828063965,-15.385687828063965,-14.124119758605957,-11.186619758605957,-11.352974891662598,-15.602974891662598,64
test,0,The wary [wug],The wary [wugs],-12.027831077575684,-15.527831077575684,-15.217703819274902,-13.342703819274902,-12.554397583007812,-15.241897583007812,64
test,1,The wary [wugs],The wary [wug],-13.342703819274902,-15.217703819274902,-15.527831077575684,-12.027831077575684,-13.44275951385498,-16.630260467529297,64
test,0,The gentle [wug],The gentle [wugs],-15.625307083129883,-17.625307083129883,-16.12831687927246,-12.253316879272461,-13.687456130981445,-15.062456130981445,64
test,1,The gentle [wugs],The gentle [wug],-12.253316879272461,-16.12831687927246,-17.625307083129883,-15.625307083129883,-13.890296936035156,-18.577796936035156,64
test,0,The shy [wug],The shy [wugs],-12.804105758666992,-15.929105758666992,-14.040074348449707,-10.540074348449707,-12.428391456604004,-14.553391456604004,64
test,1,The shy [wugs],The shy [wug],-10.540074348449707,-14.040074348449707,-15.929105758666992,-12.804105758666992,-11.694327354431152,-15.381827354431152,64
test,0,The gentle [wug],The gentle [wugs],-15.625307083129883,-17.937807083129883,-15.878316879272461,-14.003316879272461,-14.562456130981445,-15.687456130981445,64
test,1,The gentle [wugs],The gentle [wug],-14.003316879272461,-15.878316879272461,-17.937807083129883,-15.625307083129883,-14.952796936035156,-17.015296936035156,64
test,0,The fierce [wug],The fierce [wugs],-11.304344177246094,-14.179344177246094,-13.543481826782227,-9.543481826782227,-10.78378963470459,-13.40878963470459,64
test,1,The fierce [wugs],The fierce [wug],-9.543481826782227,-13.543481826782227,-14.179344177246094,-11.304344177246094,-10.435811042785645,-14.873311042785645,64
test,0,The clumsy [wug],The clumsy [wugs],-16.832178115844727,-17.707178115844727,-17.411935806274414,-15.474435806274414,-16.32089614868164,-17.63339614868164,64
test,1,The clumsy [wugs],The clumsy [wug],-15.474435806274414,-17.411935806274414,-17.707178115844727,-16.832178115844727,-17.724979400634766,-20.412479400634766,64
test,0,The wary [wug],The wary [wugs],-12.152831077575684,-16.93408203125,-15.905203819274902,-12.530203819274902,-12.491897583007812,-16.429397583007812,64
test,1,The wary [wugs],The wary [wug],-12.530203819274902,-15.905203819274902,-16.93408203125,-12.152831077575684,-12.94275951385498,-17.411510467529297,64
test,0,The wary [wug],The wary [wugs],-12.215331077575684,-16.52783203125,-15.842703819274902,-12.217703819274902,-13.054397583007812,-16.179397583007812,64
test,1,The wary [wugs],The wary [wug],-12.217703819274902,-15.842703819274902,-16.52783203125,-12.215331077575684,-12.25525951385498,-16.005260467529297,64
test,0,The graceful [wug],The graceful [wugs],-12.040597915649414,-14.228097915649414,-13.768007278442383,-11.705507278442383,-13.459707260131836,-15.397207260131836,64
test,1,The graceful [wugs],The graceful [wug],-11.705507278442383,-13.768007278442383,-14.228097915649414,-12.040597915649414,-12.344916343688965,-15.594916343688965,64
test,0,The fierce [wug],The fierce [wugs],-12.929344177246094,-15.366844177246094,-15.918481826782227,-14.168481826782227,-12.78378963470459,-15.28378963470459,64
test,1,The fierce [wugs],The fierce [wug],-14.168481826782227,-15.918481826782227,-15.366844177246094,-12.929344177246094,-14.123311042785645,-16.62331199645996,64
test,0,The lively [wug],The lively [wugs],-13.120169639587402,-15.495169639587402,-13.993629455566406,-12.181129455566406,-13.55284309387207,-15.61534309387207,64
test,1,The lively [wugs],The lively [wug],-12.181129455566406,-13.993629455566406,-15.495169639587402,-13.120169639587402,-12.548428535461426,-14.860928535461426,64
test,0,The wary [wug],The wary [wugs],-13.527831077575684,-16.52783203125,-15.842703819274902,-14.217703819274902,-14.554397583007812,-15.679397583007812,64
test,1,The wary [wugs],The wary [wug],-14.217703819274902,-15.842703819274902,-16.52783203125,-13.527831077575684,-14.56775951385498,-16.192760467529297,64
test,0,The round [wug],The round [wugs],-10.989198684692383,-14.614198684692383,-15.46852970123291,-12.40602970123291,-11.842466354370117,-15.217466354370117,64
test,1,The round [wugs],The round [wug],-12.40602970123291,-15.46852970123291,-14.614198684692383,-10.989198684692383,-11.108890533447266,-16.046390533447266,64
test,0,The strange [wug],The strange [wugs],-14.455256462097168,-15.580256462097168,-17.05170440673828,-14.364204406738281,-15.175507545471191,-15.988007545471191,64
test,1,The strange [wugs],The strange [wug],-14.364204406738281,-17.05170440673828,-15.580256462097168,-14.455256462097168,-14.437337875366211,-17.24983787536621,64
test,0,The strange [wug],The strange [wugs],-15.017756462097168,-17.45525550842285,-18.23920440673828,-16.36420440673828,-15.863007545471191,-17.988008499145508,64
test,1,The strange [wugs],The strange [wug],-16.36420440673828,-18.23920440673828,-17.45525550842285,-15.017756462097168,-16.24983787536621,-18.71858787536621,64
test,0,The gentle [wug],The gentle [wugs],-15.687807083129883,-17.625307083129883,-15.378316879272461,-14.878316879272461,-14.874956130981445,-16.124956130981445,64
test,1,The gentle [wugs],The gentle [wug],-14.878316879272461,-15.378316879272461,-17.625307083129883,-15.687807083129883,-15.202796936035156,-15.890296936035156,64
test,0,The curious [wug],The curious [wugs],-14.80761432647705,-18.120113372802734,-20.606046676635742,-16.043546676635742,-17.900588989257812,-20.338088989257812,64
test,1,The curious [wugs],The curious [wug],-16.043546676635742,-20.606046676635742,-18.120113372802734,-14.80761432647705,-13.593594551086426,-17.687345504760742,64
test,0,The wary [wug],The wary [wugs],-11.652831077575684,-15.902831077575684,-15.280203819274902,-14.592703819274902,-12.616897583007812,-16.554397583007812,64
test,1,The wary [wugs],The wary [wug],-14.592703819274902,-15.280203819274902,-15.902831077575684,-11.652831077575684,-13.19275951385498,-15.31775951385498,64
test,0,The gentle [wug],The gentle [wugs],-17.875307083129883,-19.719057083129883,-19.56581687927246,-15.565816879272461,-17.562456130981445,-18.843706130981445,64
test,1,The gentle [wugs],The gentle [wug],-15.565816879272461,-19.56581687927246,-19.719057083129883,-17.875307083129883,-15.265296936035156,-19.859046936035156,64
test,0,The wary [wug],The wary [wugs],-12.777831077575684,-15.090331077575684,-15.030203819274902,-12.342703819274902,-12.929397583007812,-14.804397583007812,64
test,1,The wary [wugs],The wary [wug],-12.342703819274902,-15.030203819274902,-15.090331077575684,-12.777831077575684,-12.81775951385498,-16.505260467529297,64
test,0,The shy [wug],The shy [wugs],-15.991605758666992,-17.929105758666992,-15.852574348449707,-13.602574348449707,-14.803391456604004,-15.615891456604004,64
test,1,The shy [wugs],The shy [wug],-13.602574348449707,-15.852574348449707,-17.929105758666992,-15.991605758666992,-15.694327354431152,-17.88182830810547,64
test,0,The curious [wug],The curious [wugs],-17.557613372802734,-17.776363372802734,-19.918546676635742,-17.668546676635742,-19.119338989257812,-18.400588989257812,64
test,1,The curious [wugs],The curious [wug],-17.668546676635742,-19.918546676635742,-17.776363372802734,-17.557613372802734,-16.906095504760742,-19.249845504760742,64
test,0,The sturdy [wug],The sturdy [wugs],-11.222930908203125,-14.035430908203125,-14.758108139038086,-12.633108139038086,-13.861549377441406,-15.799049377441406,64
test,1,The sturdy [wugs],The sturdy [wug],-12.633108139038086,-14.758108139038086,-14.035430908203125,-11.222930908203125,-11.914365768432617,-14.164365768432617,64
test,0,The tiny [wug],The tiny [wugs],-12.499119758605957,-15.124119758605957,-16.69818878173828,-14.448187828063965,-14.854493141174316,-16.604494094848633,64
test,1,The tiny [wugs],The tiny [wug],-14.448187828063965,-16.69818878173828,-15.124119758605957,-12.499119758605957,-11.852974891662598,-14.102974891662598,64
test,0,The wary [wug],The wary [wugs],-15.027831077575684,-17.84033203125,-18.56145477294922,-14.280203819274902,-15.491897583007812,-17.741897583007812,64
test,1,The wary [wugs],The wary [wug],-14.280203819274902,-18.56145477294922,-17.84033203125,-15.027831077575684,-13.50525951385498,-18.880260467529297,64
test,0,The strange [wug],The strange [wugs],-16.83025550842285,-17.64275550842285,-16.80170440673828,-13.676704406738281,-14.613007545471191,-15.550507545471191,64
test,1,The strange [wugs],The strange [wug],-13.676704406738281,-16.80170440673828,-17.64275550842285,-16.83025550842285,-15.499837875366211,-19.68733787536621,64
test,0,The clumsy [wug],The clumsy [wugs],-11.64467716217041,-15.76967716217041,-16.224435806274414,-11.411935806274414,-13.07089614868164,-15.88339614868164,64
test,1,The clumsy [wugs],The clumsy [wug],-11.411935806274414,-16.224435806274414,-15.76967716217041,-11.64467716217041,-12.037479400634766,-17.099979400634766,64
test,0,The strange [wug],The strange [wugs],-14.705256462097168,-16.70525550842285,-16.23920440673828,-14.426704406738281,-15.113007545471191,-15.550507545471191,64
test,1,The strange [wugs],The strange [wug],-14.426704406738281,-16.23920440673828,-16.70525550842285,-14.705256462097168,-14.999837875366211,-16.68733787536621,64
test,0,The tiny [wug],The tiny [wugs],-17.061620712280273,-19.780370712280273,-18.91693878173828,-14.510687828063965,-15.916993141174316,-18.166994094848633,64
test,1,The tiny [wugs],The tiny [wug],-14.510687828063965,-18.91693878173828,-19.780370712280273,-17.061620712280273,-15.352974891662598,-20.352975845336914,64
test,0,The tiny [wug],The tiny [wugs],-14.374119758605957,-16.686620712280273,-15.948187828063965,-12.323187828063965,-13.979493141174316,-16.041994094848633,64
test,1,The tiny [wugs],The tiny [wug],-12.323187828063965,-15.948187828063965,-16.686620712280273,-14.374119758605957,-12.352974891662598,-16.665475845336914,64
test,0,The clever [wug],The clever [wugs],-11.727203369140625,-16.289703369140625,-17.843225479125977,-15.90572452545166,-16.482086181640625,-19.450836181640625,64
test,1,The clever [wugs],The clever [wug],-15.90572452545166,-17.843225479125977,-16.289703369140625,-11.727203369140625,-13.879610061645508,-14.817110061645508,64
test,0,The shy [wug],The shy [wugs],-14.804105758666992,-18.179105758666992,-17.41507339477539,-15.165074348449707,-14.803391456604004,-17.55339241027832,64
test,1,The shy [wugs],The shy [wug],-15.165074348449707,-17.41507339477539,-18.179105758666992,-14.804105758666992,-15.631827354431152,-18.50682830810547,64
test,0,The restless [wug],The restless [wugs],-13.230083465576172,-17.730083465576172,-16.226184844970703,-13.78868579864502,-14.044882774353027,-17.85738182067871,64
test,1,The restless [wugs],The restless [wug],-13.78868579864502,-16.226184844970703,-17.730083465576172,-13.230083465576172,-13.907904624938965,-16.72040367126465,64
test,0,The curious [wug],The curious [wugs],-13.62011432647705,-15.74511432647705,-16.106046676635742,-11.981046676635742,-14.838088035583496,-16.588088989257812,64
test,1,The curious [wugs],The curious [wug],-11.981046676635742,-16.106046676635742,-15.74511432647705,-13.62011432647705,-12.031094551086426,-16.031095504760742,64
test,0,The restless [wug],The restless [wugs],-12.542583465576172,-15.855083465576172,-17.163684844970703,-15.28868579864502,-13.857382774353027,-16.79488182067871,64
test,1,The restless [wugs],The restless [wug],-15.28868579864502,-17.163684844970703,-15.855083465576172,-12.542583465576172,-14.470404624938965,-16.53290367126465,64
test,0,The gentle [wug],The gentle [wugs],-16.312807083129883,-17.437807083129883,-17.44081687927246,-14.878316879272461,-15.312456130981445,-17.812456130981445,64
test,1,The gentle [wugs],The gentle [wug],-14.878316879272461,-17.44081687927246,-17.437807083129883,-16.312807083129883,-13.765296936035156,-18.702796936035156,64
test,0,The graceful [wug],The graceful [wugs],-8.978097915649414,-13.665597915649414,-14.018007278442383,-9.018007278442383,-11.834707260131836,-15.709707260131836,64
test,1,The graceful [wugs],The graceful [wug],-9.018007278442383,-14.018007278442383,-13.665597915649414,-8.978097915649414,-8.094916343688965,-13.282416343688965,64
test,0,The graceful [wug],The graceful [wugs],-12.978097915649414,-14.228097915649414,-18.611757278442383,-17.268007278442383,-16.834707260131836,-18.084707260131836,64
test,1,The graceful [wugs],The graceful [wug],-17.268007278442383,-18.611757278442383,-14.228097915649414,-12.978097915649414,-13.844916343688965,-15.907416343688965,64
test,0,The clumsy [wug],The clumsy [wugs],-12.51967716217041,-16.457178115844727,-15.911935806274414,-13.536935806274414,-13.82089614868164,-16.94589614868164,64
test,1,The clumsy [wugs],The clumsy [wug],-13.536935806274414,-15.911935806274414,-16.457178115844727,-12.51967716217041,-14.162479400634766,-16.849979400634766,64
test,0,The spotted [wug],The spotted [wugs],-16.629636764526367,-24.035886764526367,-15.510440826416016,-13.010440826416016,-13.363824844360352,-14.738824844360352,64
test,1,The spotted [wugs],The spotted [wug],-13.010440826416016,-15.510440826416016,-24.035886764526367,-16.629636764526367,-22.255748748779297,-23.445690155029297,64
test,0,The tiny [wug],The tiny [wugs],-12.811619758605957,-15.811619758605957,-14.573187828063965,-12.573187828063965,-12.604493141174316,-14.729493141174316,64
test,1,The tiny [wugs],The tiny [wug],-12.573187828063965,-14.573187828063965,-15.811619758605957,-12.811619758605957,-12.915474891662598,-14.602974891662598,64
test,0,The shy [wug],The shy [wugs],-14.991605758666992,-15.866605758666992,-16.91507339477539,-13.915074348449707,-14.678391456604004,-15.178391456604004,64
test,1,The shy [wugs],The shy [wug],-13.915074348449707,-16.91507339477539,-15.866605758666992,-14.991605758666992,-14.569327354431152,-17.81932830810547,64
test,0,The strange [wug],The strange [wugs],-14.517756462097168,-18.33025550842285,-16.48920440673828,-14.739204406738281,-14.425507545471191,-17.863008499145508,64
test,1,The strange [wugs],The strange [wug],-14.739204406738281,-16.48920440673828,-18.33025550842285,-14.517756462097168,-15.187337875366211,-17.87483787536621,64
test,0,The fierce [wug],The fierce [wugs],-14.304344177246094,-14.554344177246094,-16.949731826782227,-13.293481826782227,-14.28378963470459,-13.72128963470459,64
test,1,The fierce [wugs],The fierce [wug],-13.293481826782227,-16.949731826782227,-14.554344177246094,-14.304344177246094,-13.685811042785645,-17.96706199645996,64
test,0,The wary [wug],The wary [wugs],-10.215331077575684,-15.590331077575684,-15.467703819274902,-13.717703819274902,-13.554397583007812,-16.429397583007812,64
test,1,The wary [wugs],The wary [wug],-13.717703819274902,-15.467703819274902,-15.590331077575684,-10.215331077575684,-12.56775951385498,-13.63025951385498,64
test,0,The fierce [wug],The fierce [wugs],-12.054344177246094,-15.929344177246094,-15.043481826782227,-11.855981826782227,-12.34628963470459,-15.97128963470459,64
test,1,The fierce [wugs],The fierce [wug],-11.855981826782227,-15.043481826782227,-15.929344177246094,-12.054344177246094,-11.748311042785645,-15.623311042785645,64
test,0,The bold [wug],The bold [wugs],-14.575972557067871,-16.513473510742188,-16.309152603149414,-15.684152603149414,-14.469768524169922,-17.032268524169922,64
test,1,The bold [wugs],The bold [wug],-15.684152603149414,-16.309152603149414,-16.513473510742188,-14.575972557067871,-14.528252601623535,-16.65325355529785,64
test,0,The gentle [wug],The gentle [wugs],-13.625307083129883,-18.375307083129883,-15.378316879272461,-12.565816879272461,-12.687456130981445,-16.312456130981445,64
test,1,The gentle [wugs],The gentle [wug],-12.565816879272461,-15.378316879272461,-18.375307083129883,-13.625307083129883,-14.265296936035156,-17.640296936035156,64
test,0,The strange [wug],The strange [wugs],-13.892756462097168,-14.017756462097168,-16.05170440673828,-15.301704406738281,-14.550507545471191,-15.113007545471191,64
test,1,The strange [wugs],The strange [wug],-15.301704406738281,-16.05170440673828,-14.017756462097168,-13.892756462097168,-14.437337875366211,-16.24983787536621,64
test,0,The bold [wug],The bold [wugs],-12.325972557067871,-13.013472557067871,-15.871652603149414,-12.559152603149414,-13.532268524169922,-14.657268524169922,64
test,1,The bold [wugs],The bold [wug],-12.559152603149414,-15.871652603149414,-13.013472557067871,-12.325972557067871,-11.153252601623535,-15.028252601623535,64
test,0,The bold [wug],The bold [wugs],-11.388472557067871,-13.200972557067871,-15.309152603149414,-12.809152603149414,-12.969768524169922,-13.719768524169922,64
test,1,The bold [wugs],The bold [wug],-12.809152603149414,-15.309152603149414,-13.200972557067871,-11.388472557067871,-11.590752601623535,-13.778252601623535,64
test,0,The wary [wug],The wary [wugs],-11.152831077575684,-14.340331077575684,-15.092703819274902,-13.405203819274902,-13.054397583007812,-15.304397583007812,64
test,1,The wary [wugs],The wary [wug],-13.405203819274902,-15.092703819274902,-14.340331077575684,-11.152831077575684,-11.69275951385498,-14.25525951385498,64
test,0,The gentle [wug],The gentle [wugs],-12.375307083129883,-14.312807083129883,-13.628316879272461,-11.628316879272461,-11.937456130981445,-13.249956130981445,64
test,1,The gentle [wugs],The gentle [wug],-11.628316879272461,-13.628316879272461,-14.312807083129883,-12.375307083129883,-11.890296936035156,-14.390296936035156,64
test,0,The graceful [wug],The graceful [wugs],-15.290597915649414,-16.728097915649414,-16.330507278442383,-15.518007278442383,-16.334707260131836,-17.459707260131836,64
test,1,The graceful [wugs],The graceful [wug],-15.518007278442383,-16.330507278442383,-16.728097915649414,-15.290597915649414,-14.719916343688965,-15.719916343688965,64
test,0,The shy [wug],The shy [wugs],-13.679105758666992,-16.929105758666992,-17.47757339477539,-12.540074348449707,-14.053391456604004,-16.36589241027832,64
test,1,The shy [wugs],The shy [wug],-12.540074348449707,-17.47757339477539,-16.929105758666992,-13.679105758666992,-12.819327354431152,-17.88182830810547,64
test,0,The tiny [wug],The tiny [wugs],-17.811620712280273,-18.561620712280273,-16.94818878173828,-14.573187828063965,-15.666993141174316,-16.479494094848633,64
test,1,The tiny [wugs],The tiny [wug],-14.573187828063965,-16.94818878173828,-18.561620712280273,-17.811620712280273,-16.477975845336914,-19.352975845336914,64
test,0,The curious [wug],The curious [wugs],-11.93261432647705,-16.370113372802734,-16.418546676635742,-13.356046676635742,-14.338088035583496,-18.713088989257812,64
test,1,The curious [wugs],The curious [wug],-13.356046676635742,-16.418546676635742,-16.370113372802734,-11.93261432647705,-12.281094551086426,-15.281094551086426,64
test,0,The shy [wug],The shy [wugs],-15.179105758666992,-17.241605758666992,-16.85257339477539,-14.352574348449707,-15.115891456604004,-16.42839241027832,64
test,1,The shy [wugs],The shy [wug],-14.352574348449707,-16.85257339477539,-17.241605758666992,-15.179105758666992,-15.006827354431152,-17.63182830810547,64
test,0,The spotted [wug],The spotted [wugs],-15.035886764526367,-17.942136764526367,-14.197940826416016,-11.447940826416016,-12.363824844360352,-13.801324844360352,64
test,1,The spotted [wugs],The spotted [wug],-11.447940826416016,-14.197940826416016,-17.942136764526367,-15.035886764526367,-16.818248748779297,-21.505748748779297,64
test,0,The fierce [wug],The fierce [wugs],-14.866844177246094,-17.273094177246094,-17.074731826782227,-12.980981826782227,-14.53378963470459,-16.596290588378906,64
test,1,The fierce [wugs],The fierce [wug],-12.980981826782227,-17.074731826782227,-17.273094177246094,-14.866844177246094,-13.248311042785645,-18.06081199645996,64
test,0,The clumsy [wug],The clumsy [wugs],-14.51967716217041,-16.832178115844727,-17.974435806274414,-12.411935806274414,-15.32089614868164,-16.25839614868164,64
test,1,The clumsy [wugs],The clumsy [wug],-12.411935806274414,-17.974435806274414,-16.832178115844727,-14.51967716217041,-14.099979400634766,-19.412479400634766,64
test,0,The tiny [wug],The tiny [wugs],-13.811619758605957,-15.874119758605957,-15.948187828063965,-13.510687828063965,-13.854493141174316,-15.729493141174316,64
test,1,The tiny [wugs],The tiny [wug],-13.510687828063965,-15.948187828063965,-15.874119758605957,-13.811619758605957,-13.540474891662598,-16.915475845336914,64
test,0,The restless [wug],The restless [wugs],-14.792583465576172,-15.355083465576172,-17.851184844970703,-13.85118579864502,-15.044882774353027,-14.919882774353027,64
test,1,The restless [wugs],The restless [wug],-13.85118579864502,-17.851184844970703,-15.355083465576172,-14.792583465576172,-14.407904624938965,-18.87665367126465,64
test,0,The restless [wug],The restless [wugs],-11.292583465576172,-13.605083465576172,-14.66368579864502,-12.41368579864502,-12.857382774353027,-14.919882774353027,64
test,1,The restless [wugs],The restless [wug],-12.41368579864502,-14.66368579864502,-13.605083465576172,-11.292583465576172,-11.470404624938965,-14.157904624938965,64
test,0,The sturdy [wug],The sturdy [wugs],-12.472930908203125,-14.597930908203125,-13.383108139038086,-9.633108139038086,-11.361549377441406,-13.174049377441406,64
test,1,The sturdy [wugs],The sturdy [wug],-9.633108139038086,-13.383108139038086,-14.597930908203125,-12.472930908203125,-12.414365768432617,-17.570615768432617,64
test,0,The clumsy [wug],The clumsy [wugs],-13.83217716217041,-18.238428115844727,-16.411935806274414,-13.536935806274414,-13.88339614868164,-16.32089614868164,64
test,1,The clumsy [wugs],The clumsy [wug],-13.536935806274414,-16.411935806274414,-18.238428115844727,-13.83217716217041,-17.099979400634766,-18.849979400634766,64
test,0,The gentle [wug],The gentle [wugs],-14.250307083129883,-14.875307083129883,-16.00331687927246,-12.878316879272461,-13.874956130981445,-13.937456130981445,64
test,1,The gentle [wugs],The gentle [wug],-12.878316879272461,-16.00331687927246,-14.875307083129883,-14.250307083129883,-13.077796936035156,-16.515296936035156,64
test,0,The wary [wug],The wary [wugs],-12.777831077575684,-15.340331077575684,-14.530203819274902,-14.155203819274902,-13.366897583007812,-14.929397583007812,64
test,1,The wary [wugs],The wary [wug],-14.155203819274902,-14.530203819274902,-15.340331077575684,-12.777831077575684,-14.19275951385498,-15.31775951385498,64
test,0,The sturdy [wug],The sturdy [wugs],-9.847930908203125,-14.160430908203125,-14.945608139038086,-12.570608139038086,-12.424049377441406,-15.299049377441406,64
test,1,The sturdy [wugs],The sturdy [wug],-12.570608139038086,-14.945608139038086,-14.160430908203125,-9.847930908203125,-13.101865768432617,-15.851865768432617,64
test,0,The spotted [wug],The spotted [wugs],-18.043699264526367,-19.903074264526367,-14.572940826416016,-12.697940826416016,-12.801324844360352,-13.863824844360352,64
test,1,The spotted [wugs],The spotted [wug],-12.697940826416016,-14.572940826416016,-19.903074264526367,-18.043699264526367,-20.146373748779297,-24.079967498779297,64
test,0,The tiny [wug],The tiny [wugs],-15.249119758605957,-16.686620712280273,-15.448187828063965,-14.573187828063965,-13.666993141174316,-14.729493141174316,64
test,1,The tiny [wugs],The tiny [wug],-14.573187828063965,-15.448187828063965,-16.686620712280273,-15.249119758605957,-15.602974891662598,-17.102975845336914,64
test,0,The lively [wug],The lively [wugs],-15.307669639587402,-16.49517059326172,-16.243629455566406,-11.868629455566406,-14.67784309387207,-15.30284309387207,64
test,1,The lively [wugs],The lively [wug],-11.868629455566406,-16.243629455566406,-16.49517059326172,-15.307669639587402,-13.485928535461426,-18.29842758178711,64
test,0,The curious [wug],The curious [wugs],-14.74511432647705,-16.557613372802734,-16.981046676635742,-15.356046676635742,-16.025588989257812,-16.838088989257812,64
test,1,The curious [wugs],The curious [wug],-15.356046676635742,-16.981046676635742,-16.557613372802734,-14.74511432647705,-14.718594551086426,-16.093595504760742,64
test,0,The wary [wug],The wary [wugs],-14.215331077575684,-16.59033203125,-16.78020477294922,-14.467703819274902,-14.991897583007812,-16.304397583007812,64
test,1,The wary [wugs],The wary [wug],-14.467703819274902,-16.78020477294922,-16.59033203125,-14.215331077575684,-14.63025951385498,-17.286510467529297,64
test,0,The tiny [wug],The tiny [wugs],-13.249119758605957,-17.811620712280273,-16.07318878173828,-12.698187828063965,-13.604493141174316,-17.666994094848633,64
test,1,The tiny [wugs],The tiny [wug],-12.698187828063965,-16.07318878173828,-17.811620712280273,-13.249119758605957,-12.665474891662598,-16.540475845336914,64
test,0,The bold [wug],The bold [wugs],-13.388472557067871,-14.075972557067871,-15.809152603149414,-14.684152603149414,-14.782268524169922,-15.094768524169922,64
test,1,The bold [wugs],The bold [wug],-14.684152603149414,-15.809152603149414,-14.075972557067871,-13.388472557067871,-13.715752601623535,-14.965752601623535,64
test,0,The round [wug],The round [wugs],-11.801698684692383,-14.489198684692383,-15.15602970123291,-11.46852970123291,-11.779966354370117,-13.842466354370117,64
test,1,The round [wugs],The round [wug],-11.46852970123291,-15.15602970123291,-14.489198684692383,-11.801698684692383,-11.296390533447266,-16.358890533447266,64
test,0,The fierce [wug],The fierce [wugs],-14.179344177246094,-15.679344177246094,-17.043481826782227,-15.043481826782227,-15.34628963470459,-16.158790588378906,64
test,1,The fierce [wugs],The fierce [wug],-15.043481826782227,-17.043481826782227,-15.679344177246094,-14.179344177246094,-14.623311042785645,-16.37331199645996,64
test,0,The shy [wug],The shy [wugs],-11.366605758666992,-12.366605758666992,-14.415074348449707,-10.165074348449707,-11.490891456604004,-13.115891456604004,64
test,1,The shy [wugs],The shy [wug],-10.165074348449707,-14.415074348449707,-12.366605758666992,-11.366605758666992,-9.631827354431152,-15.006827354431152,64
test,0,The graceful [wug],The graceful [wugs],-11.290597915649414,-14.790597915649414,-14.830507278442383,-13.018007278442383,-13.834707260131836,-16.584707260131836,64
test,1,The graceful [wugs],The graceful [wug],-13.018007278442383,-14.830507278442383,-14.790597915649414,-11.290597915649414,-11.469916343688965,-13.907416343688965,64
test,0,The round [wug],The round [wugs],-13.551698684692383,-15.239198684692383,-13.15602970123291,-10.28102970123291,-10.279966354370117,-11.779966354370117,64
test,1,The round [wugs],The round [wug],-10.28102970123291,-13.15602970123291,-15.239198684692383,-13.551698684692383,-11.921390533447266,-15.358890533447266,64
test,0,The gentle [wug],The gentle [wugs],-14.562807083129883,-14.875307083129883,-16.75331687927246,-13.065816879272461,-14.124956130981445,-13.624956130981445,64
test,1,The gentle [wugs],The gentle [wug],-13.065816879272461,-16.75331687927246,-14.875307083129883,-14.562807083129883,-13.577796936035156,-17.952796936035156,64
test,0,The tiny [wug],The tiny [wugs],-15.999119758605957,-18.499120712280273,-17.88568878173828,-16.26068878173828,-15.979493141174316,-17.729494094848633,64
test,1,The tiny [wugs],The tiny [wug],-16.26068878173828,-17.88568878173828,-18.499120712280273,-15.999119758605957,-17.040475845336914,-18.477975845336914,64
test,0,The graceful [wug],The graceful [wugs],-10.665597915649414,-13.603097915649414,-14.955507278442383,-10.955507278442383,-12.334707260131836,-14.459707260131836,64
test,1,The graceful [wugs],The graceful [wug],-10.955507278442383,-14.955507278442383,-13.603097915649414,-10.665597915649414,-12.282416343688965,-15.969916343688965,64
test,0,The strange [wug],The strange [wugs],-12.267756462097168,-15.017756462097168,-15.989204406738281,-14.676704406738281,-13.988007545471191,-15.988007545471191,64
test,1,The strange [wugs],The strange [wug],-14.676704406738281,-15.989204406738281,-15.017756462097168,-12.267756462097168,-13.437337875366211,-15.187337875366211,64
test,0,The shy [wug],The shy [wugs],-15.616605758666992,-17.116605758666992,-17.35257339477539,-14.602574348449707,-15.365891456604004,-16.36589241027832,64
test,1,The shy [wugs],The shy [wug],-14.602574348449707,-17.35257339477539,-17.116605758666992,-15.616605758666992,-15.694327354431152,-18.63182830810547,64
test,0,The bold [wug],The bold [wugs],-13.575972557067871,-16.825973510742188,-15.746652603149414,-13.934152603149414,-14.657268524169922,-16.407268524169922,64
test,1,The bold [wugs],The bold [wug],-13.934152603149414,-15.746652603149414,-16.825973510742188,-13.575972557067871,-13.528252601623535,-15.340752601623535,64
test,0,The fierce [wug],The fierce [wugs],-14.179344177246094,-15.991844177246094,-16.855981826782227,-13.293481826782227,-14.22128963470459,-15.34628963470459,64
test,1,The fierce [wugs],The fierce [wug],-13.293481826782227,-16.855981826782227,-15.991844177246094,-14.179344177246094,-13.935811042785645,-17.65456199645996,64
test,0,The bold [wug],The bold [wugs],-10.263472557067871,-12.513472557067871,-13.746652603149414,-10.934152603149414,-11.407268524169922,-13.782268524169922,64
test,1,The bold [wugs],The bold [wug],-10.934152603149414,-13.746652603149414,-12.513472557067871,-10.263472557067871,-9.465752601623535,-12.965752601623535,64
test,0,The strange [wug],The strange [wugs],-15.330256462097168,-16.76775550842285,-15.551704406738281,-13.301704406738281,-14.175507545471191,-15.238007545471191,64
test,1,The strange [wugs],The strange [wug],-13.301704406738281,-15.551704406738281,-16.76775550842285,-15.330256462097168,-14.687337875366211,-17.56233787536621,64
test,0,The bold [wug],The bold [wugs],-10.700972557067871,-10.950972557067871,-13.871652603149414,-9.809152603149414,-11.219768524169922,-12.469768524169922,64
test,1,The bold [wugs],The bold [wug],-9.809152603149414,-13.871652603149414,-10.950972557067871,-10.700972557067871,-8.340752601623535,-13.778252601623535,64
test,0,The wary [wug],The wary [wugs],-16.99658203125,-18.15283203125,-17.56145477294922,-16.03020477294922,-17.429397583007812,-17.741897583007812,64
test,1,The wary [wugs],The wary [wug],-16.03020477294922,-17.56145477294922,-18.15283203125,-16.99658203125,-16.067760467529297,-17.536510467529297,64
test,0,The lively [wug],The lively [wugs],-12.682669639587402,-16.49517059326172,-14.681129455566406,-12.931129455566406,-13.55284309387207,-16.99034309387207,64
test,1,The lively [wugs],The lively [wug],-12.931129455566406,-14.681129455566406,-16.49517059326172,-12.682669639587402,-13.173428535461426,-15.735928535461426,64
test,0,The gentle [wug],The gentle [wugs],-15.062807083129883,-15.562807083129883,-16.69081687927246,-14.315816879272461,-14.937456130981445,-14.937456130981445,64
test,1,The gentle [wugs],The gentle [wug],-14.315816879272461,-16.69081687927246,-15.562807083129883,-15.062807083129883,-14.265296936035156,-17.265296936035156,64
test,0,The gentle [wug],The gentle [wugs],-15.000307083129883,-15.875307083129883,-16.12831687927246,-13.315816879272461,-15.249956130981445,-14.999956130981445,64
test,1,The gentle [wugs],The gentle [wug],-13.315816879272461,-16.12831687927246,-15.875307083129883,-15.000307083129883,-13.827796936035156,-16.202796936035156,64
test,0,The spotted [wug],The spotted [wugs],-15.098386764526367,-17.410886764526367,-16.760440826416016,-11.885440826416016,-12.988824844360352,-13.988824844360352,64
test,1,The spotted [wugs],The spotted [wug],-11.885440826416016,-16.760440826416016,-17.410886764526367,-15.098386764526367,-17.318248748779297,-24.583873748779297,64
test,0,The restless [wug],The restless [wugs],-14.730083465576172,-16.542583465576172,-16.288684844970703,-13.72618579864502,-15.107382774353027,-16.98238182067871,64
test,1,The restless [wugs],The restless [wug],-13.72618579864502,-16.288684844970703,-16.542583465576172,-14.730083465576172,-14.032904624938965,-17.34540367126465,64
test,0,The tiny [wug],The tiny [wugs],-15.874119758605957,-16.686620712280273,-19.07318878173828,-16.94818878173828,-17.416994094848633,-17.916994094848633,64
test,1,The tiny [wugs],The tiny [wug],-16.94818878173828,-19.07318878173828,-16.686620712280273,-15.874119758605957,-15.415474891662598,-17.727975845336914,64
test,0,The bold [wug],The bold [wugs],-14.950972557067871,-16.263473510742188,-16.621652603149414,-13.996652603149414,-14.407268524169922,-15.469768524169922,64
test,1,The bold [wugs],The bold [wug],-13.996652603149414,-16.621652603149414,-16.263473510742188,-14.950972557067871,-14.840752601623535,-17.59075355529785,64
test,0,The clever [wug],The clever [wugs],-10.227203369140625,-11.102203369140625,-17.593225479125977,-14.84322452545166,-14.919587135314941,-16.232086181640625,64
test,1,The clever [wugs],The clever [wug],-14.84322452545166,-17.593225479125977,-11.102203369140625,-10.227203369140625,-13.442110061645508,-16.754610061645508,64
test,0,The graceful [wug],The graceful [wugs],-14.103097915649414,-17.509347915649414,-18.674257278442383,-14.705507278442383,-16.522207260131836,-18.803457260131836,64
test,1,The graceful [wugs],The graceful [wug],-14.705507278442383,-18.674257278442383,-17.509347915649414,-14.103097915649414,-14.407416343688965,-18.31366729736328,64
test,0,The clumsy [wug],The clumsy [wugs],-12.14467716217041,-13.39467716217041,-14.911935806274414,-12.536935806274414,-13.50839614868164,-14.75839614868164,64
test,1,The clumsy [wugs],The clumsy [wug],-12.536935806274414,-14.911935806274414,-13.39467716217041,-12.14467716217041,-12.349979400634766,-14.849979400634766,64
test,0,The tiny [wug],The tiny [wugs],-15.499119758605957,-17.686620712280273,-17.07318878173828,-15.948187828063965,-15.416993141174316,-17.354494094848633,64
test,1,The tiny [wugs],The tiny [wug],-15.948187828063965,-17.07318878173828,-17.686620712280273,-15.499119758605957,-15.915474891662598,-17.102975845336914,64
test,0,The lively [wug],The lively [wugs],-14.682669639587402,-17.62017059326172,-17.118629455566406,-15.743629455566406,-16.24034309387207,-17.74034309387207,64
test,1,The lively [wugs],The lively [wug],-15.743629455566406,-17.118629455566406,-17.62017059326172,-14.682669639587402,-16.48592758178711,-17.29842758178711,64
test,0,The restless [wug],The restless [wugs],-16.542583465576172,-20.261333465576172,-18.757434844970703,-15.22618579864502,-16.29488182067871,-19.41988182067871,64
test,1,The restless [wugs],The restless [wug],-15.22618579864502,-18.757434844970703,-20.261333465576172,-16.542583465576172,-16.47040367126465,-20.22040367126465,64
test,0,The gentle [wug],The gentle [wugs],-14.812807083129883,-17.062807083129883,-15.690816879272461,-13.190816879272461,-13.624956130981445,-15.624956130981445,64
test,1,The gentle [wugs],The gentle [wug],-13.190816879272461,-15.690816879272461,-17.062807083129883,-14.812807083129883,-14.015296936035156,-17.515296936035156,64
test,0,The bold [wug],The bold [wugs],-12.825972557067871,-13.888472557067871,-14.121652603149414,-11.871652603149414,-12.282268524169922,-13.719768524169922,64
test,1,The bold [wugs],The bold [wug],-11.871652603149414,-14.121652603149414,-13.888472557067871,-12.825972557067871,-12.028252601623535,-15.215752601623535,64
test,0,The wary [wug],The wary [wugs],-12.277831077575684,-16.90283203125,-15.092703819274902,-13.467703819274902,-12.616897583007812,-16.679397583007812,64
test,1,The wary [wugs],The wary [wug],-13.467703819274902,-15.092703819274902,-16.90283203125,-12.277831077575684,-13.88025951385498,-16.317760467529297,64
test,0,The clever [wug],The clever [wugs],-10.789703369140625,-14.914703369140625,-14.84322452545166,-11.53072452545166,-13.669587135314941,-17.107086181640625,64
test,1,The clever [wugs],The clever [wug],-11.53072452545166,-14.84322452545166,-14.914703369140625,-10.789703369140625,-11.692110061645508,-14.692110061645508,64
test,0,The round [wug],The round [wugs],-16.926698684692383,-19.582948684692383,-17.812278747558594,-14.96852970123291,-13.717466354370117,-16.217466354370117,64
test,1,The round [wugs],The round [wug],-14.96852970123291,-17.812278747558594,-19.582948684692383,-16.926698684692383,-16.858890533447266,-20.733890533447266,64
test,0,The lively [wug],The lively [wugs],-14.182669639587402,-14.745169639587402,-14.681129455566406,-10.806129455566406,-13.30284309387207,-13.67784309387207,64
test,1,The lively [wugs],The lively [wug],-10.806129455566406,-14.681129455566406,-14.745169639587402,-14.182669639587402,-13.173428535461426,-17.42342758178711,64
test,0,The gentle [wug],The gentle [wugs],-16.375307083129883,-19.656557083129883,-18.25331687927246,-14.878316879272461,-15.624956130981445,-18.281206130981445,64
test,1,The gentle [wugs],The gentle [wug],-14.878316879272461,-18.25331687927246,-19.656557083129883,-16.375307083129883,-15.765296936035156,-19.796546936035156,64
test,0,The strange [wug],The strange [wugs],-15.455256462097168,-17.95525550842285,-17.36420440673828,-13.489204406738281,-14.488007545471191,-16.675508499145508,64
test,1,The strange [wugs],The strange [wug],-13.489204406738281,-17.36420440673828,-17.95525550842285,-15.455256462097168,-14.562337875366211,-19.15608787536621,64
test,0,The lively [wug],The lively [wugs],-12.870169639587402,-15.557669639587402,-14.681129455566406,-10.556129455566406,-12.99034309387207,-15.05284309387207,64
test,1,The lively [wugs],The lively [wug],-10.556129455566406,-14.681129455566406,-15.557669639587402,-12.870169639587402,-11.610928535461426,-15.735928535461426,64
test,0,The clumsy [wug],The clumsy [wugs],-11.39467716217041,-15.45717716217041,-14.161935806274414,-10.786935806274414,-12.63339614868164,-15.38339614868164,64
test,1,The clumsy [wugs],The clumsy [wug],-10.786935806274414,-14.161935806274414,-15.45717716217041,-11.39467716217041,-12.037479400634766,-15.412479400634766,64
test,0,The spotted [wug],The spotted [wugs],-12.098386764526367,-13.410886764526367,-16.572940826416016,-12.135440826416016,-12.676324844360352,-14.113824844360352,64
test,1,The spotted [wugs],The spotted [wug],-12.135440826416016,-16.572940826416016,-13.410886764526367,-12.098386764526367,-10.94324779510498,-19.318248748779297,64
test,0,The curious [wug],The curious [wugs],-15.24511432647705,-16.370113372802734,-18.606046676635742,-15.918546676635742,-16.900588989257812,-18.150588989257812,64
test,1,The curious [wugs],The curious [wug],-15.918546676635742,-18.606046676635742,-16.370113372802734,-15.24511432647705,-15.406094551086426,-17.937345504760742,64
test,0,The shy [wug],The shy [wugs],-15.304105758666992,-16.866605758666992,-16.22757339477539,-14.040074348449707,-13.928391456604004,-14.553391456604004,64
test,1,The shy [wugs],The shy [wug],-14.040074348449707,-16.22757339477539,-16.866605758666992,-15.304105758666992,-15.069327354431152,-17.97557830810547,64
test,0,The restless [wug],The restless [wugs],-15.667583465576172,-17.355083465576172,-17.351184844970703,-14.66368579864502,-15.607382774353027,-16.79488182067871,64
test,1,The restless [wugs],The restless [wug],-14.66368579864502,-17.351184844970703,-17.355083465576172,-15.667583465576172,-15.407904624938965,-17.97040367126465,64
test,0,The gentle [wug],The gentle [wugs],-12.062807083129883,-15.187807083129883,-15.003316879272461,-13.378316879272461,-11.999956130981445,-14.312456130981445,64
test,1,The gentle [wugs],The gentle [wug],-13.378316879272461,-15.003316879272461,-15.187807083129883,-12.062807083129883,-13.265296936035156,-15.452796936035156,64
test,0,The bold [wug],The bold [wugs],-13.263472557067871,-15.513472557067871,-16.371652603149414,-13.934152603149414,-14.594768524169922,-15.094768524169922,64
test,1,The bold [wugs],The bold [wug],-13.934152603149414,-16.371652603149414,-15.513472557067871,-13.263472557067871,-14.028252601623535,-15.403252601623535,64
test,0,The gentle [wug],The gentle [wugs],-11.812807083129883,-14.250307083129883,-15.440816879272461,-13.503316879272461,-13.374956130981445,-14.999956130981445,64
test,1,The gentle [wugs],The gentle [wug],-13.503316879272461,-15.440816879272461,-14.250307083129883,-11.812807083129883,-10.827796936035156,-12.890296936035156,64
test,0,The fierce [wug],The fierce [wugs],-12.741844177246094,-13.929344177246094,-14.293481826782227,-10.543481826782227,-11.97128963470459,-12.97128963470459,64
test,1,The fierce [wugs],The fierce [wug],-10.543481826782227,-14.293481826782227,-13.929344177246094,-12.741844177246094,-11.873311042785645,-16.12331199645996,64
test,0,The sturdy [wug],The sturdy [wugs],-12.972930908203125,-15.910430908203125,-16.945608139038086,-13.133108139038086,-14.861549377441406,-16.799049377441406,64
test,1,The sturdy [wugs],The sturdy [wug],-13.133108139038086,-16.945608139038086,-15.910430908203125,-12.972930908203125,-13.601865768432617,-18.476865768432617,64
test,0,The sturdy [wug],The sturdy [wugs],-14.160430908203125,-14.597930908203125,-15.695608139038086,-13.883108139038086,-14.924049377441406,-15.236549377441406,64
test,1,The sturdy [wugs],The sturdy [wug],-13.883108139038086,-15.695608139038086,-14.597930908203125,-14.160430908203125,-14.101865768432617,-16.601865768432617,64
test,0,The wary [wug],The wary [wugs],-13.840331077575684,-15.215331077575684,-16.03020477294922,-13.280203819274902,-14.741897583007812,-15.304397583007812,64
test,1,The wary [wugs],The wary [wug],-13.280203819274902,-16.03020477294922,-15.215331077575684,-13.840331077575684,-13.06775951385498,-16.567760467529297,64
test,0,The fierce [wug],The fierce [wugs],-13.991844177246094,-16.991844177246094,-17.512231826782227,-13.543481826782227,-14.15878963470459,-16.846290588378906,64
test,1,The fierce [wugs],The fierce [wug],-13.543481826782227,-17.512231826782227,-16.991844177246094,-13.991844177246094,-13.873311042785645,-18.21706199645996,64
test,0,The shy [wug],The shy [wugs],-15.491605758666992,-16.991605758666992,-18.19632339477539,-16.66507339477539,-16.61589241027832,-17.36589241027832,64
test,1,The shy [wugs],The shy [wug],-16.66507339477539,-18.19632339477539,-16.991605758666992,-15.491605758666992,-15.881827354431152,-17.50682830810547,64
test,0,The clever [wug],The clever [wugs],-12.539703369140625,-14.664703369140625,-16.655725479125977,-12.28072452545166,-14.294587135314941,-16.357086181640625,64
test,1,The clever [wugs],The clever [wug],-12.28072452545166,-16.655725479125977,-14.664703369140625,-12.539703369140625,-12.442110061645508,-16.379610061645508,64
test,0,The fierce [wug],The fierce [wugs],-4.7418437004089355,-11.304344177246094,-8.543481826782227,-3.4184815883636475,-4.783790111541748,-10.09628963470459,64
test,1,The fierce [wugs],The fierce [wug],-3.4184815883636475,-8.543481826782227,-11.304344177246094,-4.7418437004089355,-3.9983112812042236,-9.248311042785645,64
test,0,The gentle [wug],The gentle [wugs],-12.062807083129883,-15.375307083129883,-14.565816879272461,-10.940816879272461,-11.749956130981445,-14.249956130981445,64
test,1,The gentle [wugs],The gentle [wug],-10.940816879272461,-14.565816879272461,-15.375307083129883,-12.062807083129883,-11.140296936035156,-15.327796936035156,64
test,0,The curious [wug],The curious [wugs],-16.932613372802734,-18.588863372802734,-21.762296676635742,-18.106046676635742,-18.713088989257812,-21.306838989257812,64
test,1,The curious [wugs],The curious [wug],-18.106046676635742,-21.762296676635742,-18.588863372802734,-16.932613372802734,-16.218595504760742,-20.593595504760742,64
test,0,The curious [wug],The curious [wugs],-14.80761432647705,-16.182613372802734,-19.231046676635742,-17.824796676635742,-17.463088989257812,-19.088088989257812,64
test,1,The curious [wugs],The curious [wug],-17.824796676635742,-19.231046676635742,-16.182613372802734,-14.80761432647705,-15.281094551086426,-16.281095504760742,64
test,0,The round [wug],The round [wugs],-16.832948684692383,-21.114198684692383,-18.749778747558594,-14.59352970123291,-15.029966354370117,-17.279966354370117,64
test,1,The round [wugs],The round [wug],-14.59352970123291,-18.749778747558594,-21.114198684692383,-16.832948684692383,-16.483890533447266,-21.218265533447266,64
test,0,The clumsy [wug],The clumsy [wugs],-14.64467716217041,-15.95717716217041,-15.036935806274414,-12.224435806274414,-14.25839614868164,-15.88339614868164,64
test,1,The clumsy [wugs],The clumsy [wug],-12.224435806274414,-15.036935806274414,-15.95717716217041,-14.64467716217041,-13.974979400634766,-17.787479400634766,64
test,0,The tiny [wug],The tiny [wugs],-17.749120712280273,-19.655370712280273,-18.47943878173828,-15.698187828063965,-16.666994094848633,-19.448244094848633,64
test,1,The tiny [wugs],The tiny [wug],-15.698187828063965,-18.47943878173828,-19.655370712280273,-17.749120712280273,-15.977974891662598,-20.415475845336914,64
test,0,The shy [wug],The shy [wugs],-17.554105758666992,-18.960355758666992,-18.85257339477539,-16.22757339477539,-16.86589241027832,-19.55339241027832,64
test,1,The shy [wugs],The shy [wug],-16.22757339477539,-18.85257339477539,-18.960355758666992,-17.554105758666992,-15.756827354431152,-20.22557830810547,64
test,0,The wary [wug],The wary [wugs],-13.527831077575684,-15.840331077575684,-16.71770477294922,-12.405203819274902,-13.866897583007812,-15.241897583007812,64
test,1,The wary [wugs],The wary [wug],-12.405203819274902,-16.71770477294922,-15.840331077575684,-13.527831077575684,-12.25525951385498,-17.630260467529297,64
test,0,The lively [wug],The lively [wugs],-14.182669639587402,-16.30767059326172,-13.806129455566406,-12.618629455566406,-13.67784309387207,-14.67784309387207,64
test,1,The lively [wugs],The lively [wug],-12.618629455566406,-13.806129455566406,-16.30767059326172,-14.182669639587402,-14.048428535461426,-15.423428535461426,64
test,0,The sturdy [wug],The sturdy [wugs],-13.972930908203125,-15.035430908203125,-16.508108139038086,-14.133108139038086,-15.986549377441406,-16.361549377441406,64
test,1,The sturdy [wugs],The sturdy [wug],-14.133108139038086,-16.508108139038086,-15.035430908203125,-13.972930908203125,-14.601865768432617,-18.039365768432617,64
test,0,The curious [wug],The curious [wugs],-14.80761432647705,-16.370113372802734,-17.949796676635742,-12.981046676635742,-15.213088035583496,-17.713088989257812,64
test,1,The curious [wugs],The curious [wug],-12.981046676635742,-17.949796676635742,-16.370113372802734,-14.80761432647705,-14.031094551086426,-19.093595504760742,64
test,0,The sturdy [wug],The sturdy [wugs],-14.972930908203125,-15.222930908203125,-15.883108139038086,-13.820608139038086,-14.361549377441406,-15.799049377441406,64
test,1,The sturdy [wugs],The sturdy [wug],-13.820608139038086,-15.883108139038086,-15.222930908203125,-14.972930908203125,-14.414365768432617,-18.695615768432617,64
test,0,The fierce [wug],The fierce [wugs],-13.741844177246094,-14.054344177246094,-15.980981826782227,-11.918481826782227,-13.47128963470459,-14.34628963470459,64
test,1,The fierce [wugs],The fierce [wug],-11.918481826782227,-15.980981826782227,-14.054344177246094,-13.741844177246094,-11.748311042785645,-16.81081199645996,64
test,0,The restless [wug],The restless [wugs],-12.480083465576172,-14.855083465576172,-16.101184844970703,-11.72618579864502,-12.732382774353027,-15.169882774353027,64
test,1,The restless [wugs],The restless [wug],-11.72618579864502,-16.101184844970703,-14.855083465576172,-12.480083465576172,-12.032904624938965,-17.15790367126465,64
test,0,The clumsy [wug],The clumsy [wugs],-13.26967716217041,-16.082178115844727,-15.599435806274414,-12.786935806274414,-13.82089614868164,-15.19589614868164,64
test,1,The clumsy [wugs],The clumsy [wug],-12.786935806274414,-15.599435806274414,-16.082178115844727,-13.26967716217041,-14.349979400634766,-16.287479400634766,64
test,0,The lively [wug],The lively [wugs],-13.995169639587402,-15.557669639587402,-14.118629455566406,-10.056129455566406,-13.67784309387207,-14.36534309387207,64
test,1,The lively [wugs],The lively [wug],-10.056129455566406,-14.118629455566406,-15.557669639587402,-13.995169639587402,-11.235928535461426,-15.673428535461426,64
test,0,The clever [wug],The clever [wugs],-16.539703369140625,-16.852203369140625,-18.061975479125977,-13.15572452545166,-16.357086181640625,-16.607086181640625,64
test,1,The clever [wugs],The clever [wug],-13.15572452545166,-18.061975479125977,-16.852203369140625,-16.539703369140625,-15.004610061645508,-20.660860061645508,64
