split,inverse,eval_input,counterfactual_input,clean_logp_A,clean_logp_B,complement_ablation_logp_A,complement_ablation_logp_B,circuit_ablation_logp_A,circuit_ablation_logp_B,all_ablation_logp_A,all_ablation_logp_B,n_nodes
train,0,The fuzzy frog behind the plants past the logs beneath the columns,The fuzzy frogs behind the plant past the log beneath the column,-2.679633378982544,-9.179633140563965,-2.6206626892089844,-9.495662689208984,-2.7893712520599365,-8.039371490478516,-2.846057176589966,-8.346056938171387,128
train,1,The fuzzy frogs behind the plant past the log beneath the column,The fuzzy frog behind the plants past the logs beneath the columns,-2.762540817260742,-3.512540817260742,-2.7367875576019287,-4.86178731918335,-3.3834497928619385,-2.8834497928619385,-3.222990036010742,-3.722990036010742,128
train,0,The quiet horse past the barrels beneath the statues around the stools,The quiet horses past the barrel beneath the statue around the stool,-17.45608139038086,-17.95608139038086,-16.381364822387695,-18.006364822387695,-17.61284637451172,-17.61284637451172,-16.509889602661133,-17.572389602661133,128
train,1,The quiet horses past the barrel beneath the statue around the stool,The quiet horse past the barrels beneath the statues around the stools,-15.50131893157959,-16.751319885253906,-16.121360778808594,-17.558860778808594,-15.72519588470459,-16.537696838378906,-16.369047164916992,-17.369047164916992,128
train,0,The sleepy panda around the towers outside the cabins behind the signs,The sleepy pandas around the tower outside the cabin behind the sign,-2.793872356414795,-5.293872356414795,-2.592139482498169,-7.46713924407959,-3.133235454559326,-4.633235454559326,-2.8377456665039062,-6.087745666503906,128
train,1,The sleepy pandas around the tower outside the cabin behind the sign,The sleepy panda around the towers outside the cabins behind the signs,-3.4661474227905273,-4.966147422790527,-2.692019462585449,-6.067019462585449,-3.6866259574890137,-4.186625957489014,-3.010467052459717,-4.885467052459717,128
train,0,The slender lion past the logs beneath the columns around the towers,The slender lions past the log beneath the column around the tower,-13.333135604858398,-13.895635604858398,-13.640369415283203,-14.077869415283203,-13.590898513793945,-13.653398513793945,-13.670652389526367,-13.608152389526367,128
train,1,The slender lions past the log beneath the column around the tower,The slender lion past the logs beneath the columns around the towers,-10.705988883972168,-13.643488883972168,-11.310822486877441,-15.123322486877441,-10.976225852966309,-13.601225852966309,-11.60440731048584,-14.97940731048584,128
train,0,The fuzzy dog around the tanks outside the pipes behind the valves,The fuzzy dogs around the tank outside the pipe behind the valve,-15.04075813293457,-16.97825813293457,-15.685831069946289,-18.24833106994629,-15.291762351989746,-16.22926139831543,-15.727219581604004,-17.477218627929688,128
train,1,The fuzzy dogs around the tank outside the pipe behind the valve,The fuzzy dog around the tanks outside the pipes behind the valves,-14.434969902038574,-16.55997085571289,-15.432476997375488,-17.807476043701172,-14.65880298614502,-16.033803939819336,-15.63835620880127,-17.263357162475586,128
train,0,The quiet rabbit behind the windows past the crates beneath the barrels,The quiet rabbits behind the window past the crate beneath the barrel,-3.109407424926758,-9.484407424926758,-2.0716800689697266,-9.196680068969727,-3.5000128746032715,-8.75001335144043,-2.270336151123047,-8.020336151123047,128
train,1,The quiet rabbits behind the window past the crate beneath the barrel,The quiet rabbit behind the windows past the crates beneath the barrels,-2.8886497020721436,-5.388649940490723,-2.060858726501465,-6.060858726501465,-3.631845474243164,-4.381845474243164,-2.5602145195007324,-5.060214519500732,128
train,0,The calm rabbit beneath the boxes around the walls outside the tables,The calm rabbits beneath the box around the wall outside the table,-17.0172176361084,-19.8922176361084,-17.1429500579834,-21.4554500579834,-17.380542755126953,-18.943042755126953,-17.376476287841797,-20.688976287841797,128
train,1,The calm rabbits beneath the box around the wall outside the table,The calm rabbit beneath the boxes around the walls outside the tables,-17.822690963745117,-20.322690963745117,-18.858917236328125,-20.983917236328125,-18.319005966186523,-19.631505966186523,-18.9294376373291,-20.1169376373291,128
train,0,The quiet chick outside the pipes behind the valves past the cables,The quiet chicks outside the pipe behind the valve past the cable,-15.895118713378906,-17.707618713378906,-14.958821296691895,-18.52132225036621,-16.227216720581055,-17.102216720581055,-15.335124015808105,-17.960124969482422,128
train,1,The quiet chicks outside the pipe behind the valve past the cable,The quiet chick outside the pipes behind the valves past the cables,-14.461494445800781,-15.461494445800781,-15.491854667663574,-16.55435562133789,-14.612404823303223,-15.237404823303223,-15.79763126373291,-16.235132217407227,128
train,0,The small frog beneath the trenches around the dams outside the pots,The small frogs beneath the trench around the dam outside the pot,-4.082150459289551,-7.957150459289551,-3.8084323406219482,-9.808432579040527,-3.973101854324341,-6.59810209274292,-3.814699649810791,-8.31470012664795,128
train,1,The small frogs beneath the trench around the dam outside the pot,The small frog beneath the trenches around the dams outside the pots,-2.8658790588378906,-4.865879058837891,-1.4876261949539185,-5.612626075744629,-3.657827854156494,-3.657827854156494,-1.764379858970642,-4.014379978179932,128
train,0,The nervous panda behind the windows past the crates beneath the barrels,The nervous pandas behind the window past the crate beneath the barrel,-3.099963665008545,-8.849964141845703,-2.4839186668395996,-8.858919143676758,-3.477046012878418,-8.102046012878418,-2.6964855194091797,-7.69648551940918,128
train,1,The nervous pandas behind the window past the crate beneath the barrel,The nervous panda behind the windows past the crates beneath the barrels,-3.996528148651123,-4.621528148651123,-1.8413262367248535,-5.2163262367248535,-4.772217273712158,-4.022217273712158,-2.293396472930908,-4.418396472930908,128
train,0,The timid rat behind the signs past the nests beneath the milestones,The timid rats behind the sign past the nest beneath the milestone,-3.563345432281494,-9.063344955444336,-3.373425245285034,-9.498425483703613,-3.8249807357788086,-8.324980735778809,-3.712209701538086,-8.712209701538086,128
train,1,The timid rats behind the sign past the nest beneath the milestone,The timid rat behind the signs past the nests beneath the milestones,-4.360926628112793,-6.485926628112793,-4.231529712677002,-6.231529712677002,-5.009699821472168,-5.884699821472168,-4.504160404205322,-5.504160404205322,128
train,0,The fuzzy frog behind the crates past the barrels beneath the statues,The fuzzy frogs behind the crate past the barrel beneath the statue,-17.214265823364258,-20.558015823364258,-17.800498962402344,-20.800498962402344,-17.50963020324707,-20.16588020324707,-17.829082489013672,-20.329082489013672,128
train,1,The fuzzy frogs behind the crate past the barrel beneath the statue,The fuzzy frog behind the crates past the barrels beneath the statues,-17.8045711517334,-19.0545711517334,-17.79461097717285,-19.66961097717285,-18.172971725463867,-18.172971725463867,-18.37123680114746,-18.87123680114746,128
train,0,The quiet rabbit past the cars beneath the boxes around the walls,The quiet rabbits past the car beneath the box around the wall,-5.894685745239258,-9.769685745239258,-4.781280517578125,-10.531280517578125,-6.24424934387207,-9.11924934387207,-5.026666641235352,-9.776666641235352,128
train,1,The quiet rabbits past the car beneath the box around the wall,The quiet rabbit past the cars beneath the boxes around the walls,-5.991388320922852,-6.866388320922852,-6.606755256652832,-7.231755256652832,-6.38857364654541,-6.13857364654541,-6.881920337677002,-6.631920337677002,128
train,0,The timid kitten outside the towers behind the cabins past the signs,The timid kittens outside the tower behind the cabin past the sign,-3.545793056488037,-8.045793533325195,-3.1531167030334473,-9.153116226196289,-3.903966188430786,-6.903965950012207,-3.3966989517211914,-7.646698951721191,128
train,1,The timid kittens outside the tower behind the cabin past the sign,The timid kitten outside the towers behind the cabins past the signs,-5.514957904815674,-7.889957904815674,-3.569585084915161,-7.81958532333374,-5.8643717765808105,-7.1143717765808105,-3.714315176010132,-6.589314937591553,128
train,0,The fuzzy panda around the tanks outside the pipes behind the valves,The fuzzy pandas around the tank outside the pipe behind the valve,-16.490480422973633,-18.115480422973633,-15.396832466125488,-18.959333419799805,-16.789371490478516,-17.414371490478516,-15.668673515319824,-18.35617446899414,128
train,1,The fuzzy pandas around the tank outside the pipe behind the valve,The fuzzy panda around the tanks outside the pipes behind the valves,-16.197202682495117,-16.572202682495117,-16.46846580505371,-17.28096580505371,-16.425256729125977,-16.175256729125977,-16.707664489746094,-16.770164489746094,128
train,0,The calm monitor past the logs beneath the columns around the towers,The calm monitors past the log beneath the column around the tower,-5.244415283203125,-9.244415283203125,-3.2586793899536133,-8.508679389953613,-5.844404220581055,-8.594404220581055,-3.4979918003082275,-7.497991561889648,128
train,1,The calm monitors past the log beneath the column around the tower,The calm monitor past the logs beneath the columns around the towers,-7.500648021697998,-8.75064754486084,-5.190602779388428,-7.815602779388428,-7.963855266571045,-8.588855743408203,-5.44998836517334,-7.19998836517334,128
train,0,The slender dolphin past the logs beneath the columns around the towers,The slender dolphins past the log beneath the column around the tower,-15.164153099060059,-17.039154052734375,-13.453733444213867,-17.078733444213867,-15.410690307617188,-16.223190307617188,-13.806026458740234,-16.306026458740234,128
train,1,The slender dolphins past the log beneath the column around the tower,The slender dolphin past the logs beneath the columns around the towers,-13.479544639587402,-15.917044639587402,-13.033933639526367,-16.658933639526367,-13.768423080444336,-15.705923080444336,-13.362276077270508,-16.237276077270508,128
train,0,The small kitten behind the houses past the rocks beneath the chairs,The small kittens behind the house past the rock beneath the chair,-15.740326881408691,-18.615325927734375,-15.56080150604248,-19.060802459716797,-16.044979095458984,-18.357479095458984,-15.8255615234375,-18.8255615234375,128
train,1,The small kittens behind the house past the rock beneath the chair,The small kitten behind the houses past the rocks beneath the chairs,-16.09050750732422,-18.71550750732422,-16.045520782470703,-19.233020782470703,-16.327054977416992,-18.327054977416992,-16.005929946899414,-18.505929946899414,128
train,0,The small turtle around the tanks outside the pipes behind the valves,The small turtles around the tank outside the pipe behind the valve,-1.2646381855010986,-4.1396379470825195,-0.9114683866500854,-5.661468505859375,-1.4704220294952393,-3.2204220294952393,-1.2497868537902832,-4.124786853790283,128
train,1,The small turtles around the tank outside the pipe behind the valve,The small turtle around the tanks outside the pipes behind the valves,-1.205276370048523,-3.3302764892578125,-1.033438801765442,-4.908438682556152,-1.6202962398529053,-2.2452962398529053,-1.1975798606872559,-3.322579860687256,128
train,0,The slender cow past the logs beneath the columns around the towers,The slender cows past the log beneath the column around the tower,-18.827072143554688,-20.920822143554688,-16.489913940429688,-20.052413940429688,-19.121978759765625,-20.496978759765625,-16.67804527282715,-19.36554527282715,128
train,1,The slender cows past the log beneath the column around the tower,The slender cow past the logs beneath the columns around the towers,-19.129371643066406,-20.504371643066406,-18.293460845947266,-19.855960845947266,-19.346736907958984,-20.002986907958984,-18.772493362426758,-19.334993362426758,128
train,0,The quiet rat around the dams outside the pots behind the pans,The quiet rats around the dam outside the pot behind the pan,-15.55870246887207,-18.37120246887207,-16.32706069946289,-19.63956069946289,-15.622153282165527,-17.872154235839844,-16.397151947021484,-18.959651947021484,128
train,1,The quiet rats around the dam outside the pot behind the pan,The quiet rat around the dams outside the pots behind the pans,-12.999069213867188,-13.936569213867188,-13.802958488464355,-17.052959442138672,-13.393586158752441,-13.831086158752441,-13.969789505004883,-16.469789505004883,128
train,0,The calm rabbit behind the bolts past the screws beneath the boilers,The calm rabbits behind the bolt past the screw beneath the boiler,-2.111315965652466,-8.736315727233887,-1.4836801290512085,-8.23367977142334,-2.3376150131225586,-7.587615013122559,-1.751335620880127,-7.126335620880127,128
train,1,The calm rabbits behind the bolt past the screw beneath the boiler,The calm rabbit behind the bolts past the screws beneath the boilers,-2.9558005332946777,-4.080800533294678,-2.149221181869507,-4.149221420288086,-3.4207940101623535,-3.4207940101623535,-2.662750244140625,-3.412750244140625,128
train,0,The timid doe beneath the columns around the towers outside the cabins,The timid does beneath the column around the tower outside the cabin,-17.273822784423828,-19.836322784423828,-18.430002212524414,-20.617502212524414,-17.520450592041016,-19.457950592041016,-18.727407455444336,-20.414907455444336,128
train,1,The timid does beneath the column around the tower outside the cabin,The timid doe beneath the columns around the towers outside the cabins,-19.710168838500977,-20.460168838500977,-20.239776611328125,-20.989776611328125,-19.64126968383789,-20.32876968383789,-20.115453720092773,-20.927953720092773,128
train,0,The bright kit behind the valves past the cables beneath the chains,The bright kits behind the valve past the cable beneath the chain,-20.04515266418457,-20.95140266418457,-19.593578338623047,-20.781078338623047,-20.148984909057617,-20.773984909057617,-19.560894012451172,-20.467144012451172,128
train,1,The bright kits behind the valve past the cable beneath the chain,The bright kit behind the valves past the cables beneath the chains,-17.271255493164062,-19.240005493164062,-17.60692596435547,-18.91942596435547,-17.25465202331543,-19.22340202331543,-17.539752960205078,-18.727252960205078,128
train,0,The slender frog around the towers outside the cabins behind the signs,The slender frogs around the tower outside the cabin behind the sign,-2.4900529384613037,-5.240053176879883,-2.3910930156707764,-7.516092777252197,-2.6896886825561523,-4.439688682556152,-2.52841854095459,-6.27841854095459,128
train,1,The slender frogs around the tower outside the cabin behind the sign,The slender frog around the towers outside the cabins behind the signs,-3.5885934829711914,-5.463593482971191,-2.6651010513305664,-6.040101051330566,-3.8662962913513184,-4.616296291351318,-3.015260696411133,-5.015260696411133,128
train,0,The small bat outside the stools behind the clocks past the plants,The small bats outside the stool behind the clock past the plant,-18.953113555908203,-19.890613555908203,-17.95967674255371,-20.08467674255371,-19.142765045166016,-19.580265045166016,-18.022083282470703,-19.709583282470703,128
train,1,The small bats outside the stool behind the clock past the plant,The small bat outside the stools behind the clocks past the plants,-18.24212074279785,-19.80462074279785,-18.56633186340332,-20.31633186340332,-18.201780319213867,-19.139280319213867,-18.862300872802734,-19.987300872802734,128
train,0,The calm kitten outside the benches behind the windows past the crates,The calm kittens outside the bench behind the window past the crate,-3.0821566581726074,-7.332156658172607,-2.584848642349243,-8.334848403930664,-3.4816393852233887,-6.231639385223389,-2.6936137676239014,-6.8186140060424805,128
train,1,The calm kittens outside the bench behind the window past the crate,The calm kitten outside the benches behind the windows past the crates,-3.5796492099761963,-6.079648971557617,-3.633176803588867,-8.008176803588867,-3.9268269538879395,-5.4268269538879395,-3.998936176300049,-6.998936176300049,128
train,0,The small frog around the tanks outside the pipes behind the valves,The small frogs around the tank outside the pipe behind the valve,-1.1798386573791504,-4.17983865737915,-1.015470027923584,-5.640470027923584,-1.4831660985946655,-3.233166217803955,-1.293809413909912,-4.168809413909912,128
train,1,The small frogs around the tank outside the pipe behind the valve,The small frog around the tanks outside the pipes behind the valves,-1.0133938789367676,-3.8883938789367676,-1.1588554382324219,-4.158855438232422,-1.2878172397613525,-2.6628172397613525,-1.4478414058685303,-2.9478414058685303,128
train,0,The slender pup beneath the carts around the benches outside the windows,The slender pups beneath the cart around the bench outside the window,-15.347990989685059,-16.035491943359375,-15.09695816040039,-17.15945816040039,-15.588640213012695,-15.651140213012695,-15.431745529174805,-16.806745529174805,128
train,1,The slender pups beneath the cart around the bench outside the window,The slender pup beneath the carts around the benches outside the windows,-15.88560962677002,-17.198110580444336,-16.53377342224121,-17.78377342224121,-16.114166259765625,-16.926666259765625,-16.66925048828125,-17.60675048828125,128
train,0,The timid lion outside the tables behind the houses past the rocks,The timid lions outside the table behind the house past the rock,-18.27960968017578,-18.96710968017578,-17.583467483520508,-19.395967483520508,-18.597583770751953,-18.722583770751953,-17.838590621948242,-19.151090621948242,128
train,1,The timid lions outside the table behind the house past the rock,The timid lion outside the tables behind the houses past the rocks,-18.117630004882812,-19.961380004882812,-18.858068466186523,-20.858068466186523,-18.322704315185547,-19.760204315185547,-19.07940673828125,-20.57940673828125,128
train,0,The slender panda past the crates beneath the barrels around the statues,The slender pandas past the crate beneath the barrel around the statue,-3.6459343433380127,-8.145934104919434,-2.648749351501465,-8.773749351501465,-4.054201602935791,-7.179201602935791,-2.8652942180633545,-7.865294456481934,128
train,1,The slender pandas past the crate beneath the barrel around the statue,The slender panda past the crates beneath the barrels around the statues,-4.181771278381348,-5.806771278381348,-2.942077159881592,-4.817077159881592,-4.2936296463012695,-5.0436296463012695,-3.362067461013794,-4.112067222595215,128
train,0,The timid panda past the barrels beneath the statues around the stools,The timid pandas past the barrel beneath the statue around the stool,-6.072030544281006,-9.322030067443848,-3.7614011764526367,-9.261401176452637,-6.315680027008057,-8.690679550170898,-4.002190589904785,-8.127190589904785,128
train,1,The timid pandas past the barrel beneath the statue around the stool,The timid panda past the barrels beneath the statues around the stools,-4.9688334465026855,-6.7188334465026855,-4.209805011749268,-7.209805011749268,-5.706178188323975,-6.206178188323975,-4.493432521820068,-6.243432521820068,128
train,0,The sleepy dolphin beneath the milestones around the thresholds outside the drums,The sleepy dolphins beneath the milestone around the threshold outside the drum,-18.90047264099121,-19.40047264099121,-21.062461853027344,-21.968711853027344,-18.605396270751953,-18.980396270751953,-20.836034774780273,-21.398534774780273,128
train,1,The sleepy dolphins beneath the milestone around the threshold outside the drum,The sleepy dolphin beneath the milestones around the thresholds outside the drums,-15.10245132446289,-15.85245132446289,-19.346115112304688,-21.517990112304688,-15.199183464050293,-15.886683464050293,-19.12670135498047,-21.15795135498047,128
train,0,The timid dolphin outside the tables behind the houses past the rocks,The timid dolphins outside the table behind the house past the rock,-16.940956115722656,-17.690956115722656,-16.90036964416504,-18.33786964416504,-17.177959442138672,-17.302959442138672,-17.00398063659668,-17.87898063659668,128
train,1,The timid dolphins outside the table behind the house past the rock,The timid dolphin outside the tables behind the houses past the rocks,-15.480217933654785,-18.0739688873291,-16.545482635498047,-19.139232635498047,-15.457427978515625,-17.769927978515625,-16.785799026489258,-18.910799026489258,128
train,0,The small kit outside the piles behind the rushes past the vines,The small kits outside the pile behind the rush past the vine,-3.938720703125,-7.438720703125,-3.1798205375671387,-8.17982006072998,-4.1724982261657715,-6.7974982261657715,-3.4173641204833984,-7.042364120483398,128
train,1,The small kits outside the pile behind the rush past the vine,The small kit outside the piles behind the rushes past the vines,-7.623821258544922,-8.373821258544922,-4.9217329025268555,-8.671732902526855,-7.632458686828613,-7.632458686828613,-5.162473678588867,-7.662473678588867,128
train,0,The small turtle past the rocks beneath the chairs around the carts,The small turtles past the rock beneath the chair around the cart,-5.269108295440674,-8.269108772277832,-3.3574700355529785,-8.357470512390137,-5.650887966156006,-7.650887966156006,-3.835348606109619,-7.460348606109619,128
train,1,The small turtles past the rock beneath the chair around the cart,The small turtle past the rocks beneath the chairs around the carts,-4.533798694610596,-5.908798694610596,-3.3708176612854004,-7.3708176612854,-4.852580547332764,-5.352580547332764,-3.6037962436676025,-6.603796482086182,128
train,0,The slender turtle beneath the boilers around the tanks outside the pipes,The slender turtles beneath the boiler around the tank outside the pipe,-1.7529454231262207,-5.752945423126221,-1.3122138977050781,-8.062213897705078,-2.060607671737671,-4.81060791015625,-1.5493906736373901,-6.67439079284668,128
train,1,The slender turtles beneath the boiler around the tank outside the pipe,The slender turtle beneath the boilers around the tanks outside the pipes,-2.4267733097076416,-2.8017733097076416,-2.10081148147583,-4.22581148147583,-2.8300461769104004,-2.3300461769104004,-2.4736807346343994,-3.3486807346343994,128
train,0,The timid cock outside the tables behind the houses past the rocks,The timid cocks outside the table behind the house past the rock,-4.594893932342529,-7.219893932342529,-4.571141242980957,-8.696141242980957,-5.008367538452148,-6.383367538452148,-4.95261287689209,-7.32761287689209,128
train,1,The timid cocks outside the table behind the house past the rock,The timid cock outside the tables behind the houses past the rocks,-4.743514537811279,-5.993514537811279,-5.23204231262207,-7.73204231262207,-5.376803398132324,-5.126803398132324,-5.727019786834717,-6.727019786834717,128
train,0,The small dolphin beneath the boilers around the tanks outside the pipes,The small dolphins beneath the boiler around the tank outside the pipe,-13.011404991149902,-14.011404991149902,-13.484002113342285,-16.79650115966797,-13.214776039123535,-13.277276039123535,-13.68690299987793,-15.87440299987793,128
train,1,The small dolphins beneath the boiler around the tank outside the pipe,The small dolphin beneath the boilers around the tanks outside the pipes,-12.105751037597656,-13.043251037597656,-13.577585220336914,-14.640085220336914,-12.344038963317871,-13.031538963317871,-13.891156196594238,-14.578656196594238,128
train,0,The small panda past the logs beneath the columns around the towers,The small pandas past the log beneath the column around the tower,-3.811877489089966,-8.561877250671387,-2.0107829570770264,-8.135783195495605,-4.174896717071533,-7.424896717071533,-2.4300050735473633,-6.680005073547363,128
train,1,The small pandas past the log beneath the column around the tower,The small panda past the logs beneath the columns around the towers,-5.967388153076172,-6.467388153076172,-2.2440199851989746,-5.369019985198975,-6.496642589569092,-6.121642589569092,-2.5957300662994385,-4.220729827880859,128
train,0,The fuzzy dog past the boxes beneath the walls around the tables,The fuzzy dogs past the box beneath the wall around the table,-15.317891120910645,-17.56789207458496,-11.284022331237793,-15.534022331237793,-15.694580078125,-17.069580078125,-11.642049789428711,-14.767049789428711,128
train,1,The fuzzy dogs past the box beneath the wall around the table,The fuzzy dog past the boxes beneath the walls around the tables,-15.935881614685059,-17.123380661010742,-12.693601608276367,-15.756101608276367,-16.276369094848633,-16.963869094848633,-12.949671745300293,-15.199671745300293,128
train,0,The calm pup around the belts outside the piles behind the rushes,The calm pups around the belt outside the pile behind the rush,-15.970112800598145,-18.34511375427246,-17.849994659423828,-19.599994659423828,-16.129314422607422,-18.066814422607422,-18.017793655395508,-19.517793655395508,128
train,1,The calm pups around the belt outside the pile behind the rush,The calm pup around the belts outside the piles behind the rushes,-17.67392349243164,-17.98642349243164,-18.530797958374023,-19.780797958374023,-17.65882682800293,-17.87757682800293,-18.740013122558594,-19.677513122558594,128
train,0,The bright frog behind the bolts past the screws beneath the boilers,The bright frogs behind the bolt past the screw beneath the boiler,-1.3198238611221313,-7.819823741912842,-1.6210200786590576,-7.621020317077637,-1.567041039466858,-6.942040920257568,-1.9165263175964355,-6.7915263175964355,128
train,1,The bright frogs behind the bolt past the screw beneath the boiler,The bright frog behind the bolts past the screws beneath the boilers,-2.3691885471343994,-3.3691885471343994,-2.716580390930176,-3.466580390930176,-2.863527536392212,-2.738527536392212,-3.191899299621582,-2.941899299621582,128
train,0,The sleepy kitten past the cables beneath the chains around the belts,The sleepy kittens past the cable beneath the chain around the belt,-17.469940185546875,-18.719940185546875,-15.918251991271973,-19.35575294494629,-17.626426696777344,-17.938926696777344,-16.209049224853516,-18.771549224853516,128
train,1,The sleepy kittens past the cable beneath the chain around the belt,The sleepy kitten past the cables beneath the chains around the belts,-17.325424194335938,-18.044174194335938,-16.28106689453125,-18.59356689453125,-17.17828941345215,-17.74078941345215,-16.40743064880371,-18.21993064880371,128
train,0,The bright rabbit beneath the trenches around the dams outside the pots,The bright rabbits beneath the trench around the dam outside the pot,-5.078444480895996,-9.578444480895996,-4.442381858825684,-10.317381858825684,-4.967442035675049,-8.21744155883789,-4.457178592681885,-8.707179069519043,128
train,1,The bright rabbits beneath the trench around the dam outside the pot,The bright rabbit beneath the trenches around the dams outside the pots,-4.768394947052002,-4.893394947052002,-2.497866153717041,-6.747866153717041,-5.35231351852417,-3.97731351852417,-3.067467212677002,-5.567467212677002,128
train,0,The sleepy panda outside the benches behind the windows past the crates,The sleepy pandas outside the bench behind the window past the crate,-17.080652236938477,-17.830652236938477,-16.562829971313477,-17.750329971313477,-17.408321380615234,-17.595821380615234,-16.99092674255371,-17.61592674255371,128
train,1,The sleepy pandas outside the bench behind the window past the crate,The sleepy panda outside the benches behind the windows past the crates,-17.2648868560791,-19.6398868560791,-16.775135040283203,-20.087635040283203,-17.439315795898438,-19.251815795898438,-16.734365463256836,-19.296865463256836,128
train,0,The small lion around the walls outside the tables behind the houses,The small lions around the wall outside the table behind the house,-3.842137575149536,-5.592137813568115,-3.256380796432495,-8.256381034851074,-4.184594631195068,-5.059594631195068,-3.378129005432129,-7.128129005432129,128
train,1,The small lions around the wall outside the table behind the house,The small lion around the walls outside the tables behind the houses,-3.593458890914917,-4.843458652496338,-4.659121990203857,-7.159121990203857,-4.087466716766357,-4.087466716766357,-4.790170192718506,-5.915170192718506,128
train,0,The timid cow beneath the columns around the towers outside the cabins,The timid cows beneath the column around the tower outside the cabin,-16.495555877685547,-19.745555877685547,-16.8945255279541,-21.1445255279541,-16.705137252807617,-18.642637252807617,-16.921884536743164,-20.234384536743164,128
train,1,The timid cows beneath the column around the tower outside the cabin,The timid cow beneath the columns around the towers outside the cabins,-15.42064094543457,-18.60814094543457,-16.794391632080078,-19.606891632080078,-15.581562042236328,-17.831562042236328,-17.110017776489258,-18.735017776489258,128
train,0,The bright rabbit behind the crates past the barrels beneath the statues,The bright rabbits behind the crate past the barrel beneath the statue,-3.313974142074585,-9.438974380493164,-2.252453565597534,-8.627453804016113,-3.472372055053711,-8.097372055053711,-2.4929394721984863,-7.492939472198486,128
train,1,The bright rabbits behind the crate past the barrel beneath the statue,The bright rabbit behind the crates past the barrels beneath the statues,-3.033848524093628,-5.533848285675049,-2.9814701080322266,-5.606470108032227,-3.3686349391937256,-4.4936347007751465,-3.4634804725646973,-4.588480472564697,128
train,0,The slender turtle around the towers outside the cabins behind the signs,The slender turtles around the tower outside the cabin behind the sign,-2.169203996658325,-5.294203758239746,-2.127389907836914,-7.752389907836914,-2.4082260131835938,-4.408226013183594,-2.2362780570983887,-6.361278057098389,128
train,1,The slender turtles around the tower outside the cabin behind the sign,The slender turtle around the towers outside the cabins behind the signs,-3.4198179244995117,-5.419817924499512,-2.664459228515625,-6.039459228515625,-3.6508350372314453,-4.525835037231445,-2.9894349575042725,-4.989435195922852,128
train,0,The slender cock around the walls outside the tables behind the houses,The slender cocks around the wall outside the table behind the house,-13.408365249633789,-13.783365249633789,-13.594820022583008,-15.719820022583008,-13.885475158691406,-13.447975158691406,-13.785375595092773,-14.972875595092773,128
train,1,The slender cocks around the wall outside the table behind the house,The slender cock around the walls outside the tables behind the houses,-13.309476852416992,-15.621976852416992,-14.22709846496582,-16.16459846496582,-13.813345909118652,-14.813345909118652,-14.910991668701172,-15.723491668701172,128
train,0,The timid cow outside the tables behind the houses past the rocks,The timid cows outside the table behind the house past the rock,-16.29957389831543,-16.79957389831543,-15.75407886505127,-17.441579818725586,-16.454233169555664,-16.454233169555664,-15.99992847442627,-17.124927520751953,128
train,1,The timid cows outside the table behind the house past the rock,The timid cow outside the tables behind the houses past the rocks,-15.113938331604004,-16.98893928527832,-15.553492546081543,-17.80349349975586,-15.3667573928833,-16.991756439208984,-15.672780990600586,-17.422780990600586,128
train,0,The slender dolphin past the crates beneath the barrels around the statues,The slender dolphins past the crate beneath the barrel around the statue,-4.534502983093262,-8.534502983093262,-2.8688063621520996,-9.368806838989258,-5.063864231109619,-7.813864231109619,-3.1503746509552,-8.150374412536621,128
train,1,The slender dolphins past the crate beneath the barrel around the statue,The slender dolphin past the crates beneath the barrels around the statues,-5.401447772979736,-6.401447772979736,-4.7078328132629395,-6.0828328132629395,-5.870447158813477,-6.120447158813477,-5.0800886154174805,-5.5800886154174805,128
train,0,The sleepy whale behind the valves past the cables beneath the chains,The sleepy whales behind the valve past the cable beneath the chain,-4.105220794677734,-7.980220794677734,-1.5081112384796143,-7.633111000061035,-4.21306037902832,-6.96306037902832,-1.654736876487732,-6.1547369956970215,128
train,1,The sleepy whales behind the valve past the cable beneath the chain,The sleepy whale behind the valves past the cables beneath the chains,-3.8041481971740723,-4.429148197174072,-2.2433176040649414,-4.368317604064941,-4.177301406860352,-3.9273014068603516,-2.512563467025757,-3.512563467025757,128
train,0,The timid cow around the benches outside the windows behind the crates,The timid cows around the bench outside the window behind the crate,-3.513333320617676,-6.888333320617676,-2.6485416889190674,-7.898541450500488,-3.837545871734619,-6.212545871734619,-2.6799581050872803,-6.804958343505859,128
train,1,The timid cows around the bench outside the window behind the crate,The timid cow around the benches outside the windows behind the crates,-2.613450288772583,-5.863450050354004,-2.6841344833374023,-6.059134483337402,-2.876260280609131,-5.001260280609131,-2.995476007461548,-5.120475769042969,128
train,0,The small frog past the vines beneath the trenches around the dams,The small frogs past the vine beneath the trench around the dam,-15.474935531616211,-16.53743553161621,-15.260053634643555,-17.447553634643555,-15.448565483093262,-16.136066436767578,-15.614705085754395,-17.052204132080078,128
train,1,The small frogs past the vine beneath the trench around the dam,The small frog past the vines beneath the trenches around the dams,-13.685084342956543,-16.122583389282227,-16.405799865722656,-18.905799865722656,-14.043036460876465,-15.980536460876465,-16.318073272705078,-18.318073272705078,128
train,0,The calm chick outside the drums behind the bolts past the screws,The calm chicks outside the drum behind the bolt past the screw,-17.258140563964844,-19.258140563964844,-16.051620483398438,-18.801620483398438,-17.523706436157227,-18.961206436157227,-16.24095344543457,-18.30345344543457,128
train,1,The calm chicks outside the drum behind the bolt past the screw,The calm chick outside the drums behind the bolts past the screws,-18.74836540222168,-19.21711540222168,-17.417308807373047,-19.354808807373047,-18.81551170349121,-18.84676170349121,-17.787742614746094,-18.912742614746094,128
train,0,The small turtle beneath the boilers around the tanks outside the pipes,The small turtles beneath the boiler around the tank outside the pipe,-14.468505859375,-15.156005859375,-15.289762496948242,-17.102262496948242,-14.711670875549316,-15.024170875549316,-15.509671211242676,-17.00967025756836,128
train,1,The small turtles beneath the boiler around the tank outside the pipe,The small turtle beneath the boilers around the tanks outside the pipes,-12.515090942382812,-13.327590942382812,-15.245832443237305,-16.058332443237305,-12.690052032470703,-13.502552032470703,-15.43191146850586,-16.05691146850586,128
train,0,The sleepy horse beneath the boxes around the walls outside the tables,The sleepy horses beneath the box around the wall outside the table,-3.77316951751709,-6.39816951751709,-4.0681986808776855,-8.568198204040527,-4.238349914550781,-5.613349914550781,-4.216588020324707,-7.466588020324707,128
train,1,The sleepy horses beneath the box around the wall outside the table,The sleepy horse beneath the boxes around the walls outside the tables,-5.9702935218811035,-7.2202935218811035,-5.087993144989014,-7.337993144989014,-6.33247184753418,-6.70747184753418,-5.229250431060791,-6.354250431060791,128
train,0,The fuzzy kitten past the rocks beneath the chairs around the carts,The fuzzy kittens past the rock beneath the chair around the cart,-15.935993194580078,-17.248493194580078,-15.225512504577637,-18.03801155090332,-16.091262817382812,-16.716262817382812,-15.706772804260254,-17.64427375793457,128
train,1,The fuzzy kittens past the rock beneath the chair around the cart,The fuzzy kitten past the rocks beneath the chairs around the carts,-14.83944034576416,-16.339439392089844,-14.914169311523438,-17.414169311523438,-15.020779609680176,-16.14577865600586,-15.216116905212402,-17.02861785888672,128
train,0,The timid dolphin around the dams outside the pots behind the pans,The timid dolphins around the dam outside the pot behind the pan,-3.5623695850372314,-9.687369346618652,-3.956702947616577,-10.081703186035156,-3.5152735710144043,-8.265273094177246,-3.965933322906494,-8.965932846069336,128
train,1,The timid dolphins around the dam outside the pot behind the pan,The timid dolphin around the dams outside the pots behind the pans,-1.400923490524292,-2.525923490524292,-3.0096774101257324,-5.759677410125732,-1.7144083976745605,-2.0894083976745605,-3.216310977935791,-5.091310977935791,128
train,0,The sleepy kit behind the pans past the cars beneath the boxes,The sleepy kits behind the pan past the car beneath the box,-16.451988220214844,-17.326988220214844,-15.984237670898438,-17.796737670898438,-16.638654708862305,-17.076154708862305,-16.206239700317383,-17.456239700317383,128
train,1,The sleepy kits behind the pan past the car beneath the box,The sleepy kit behind the pans past the cars beneath the boxes,-17.217798233032227,-18.592798233032227,-16.150184631347656,-18.775184631347656,-17.468393325805664,-18.093393325805664,-16.22066307067871,-17.65816307067871,128
train,0,The calm turtle beneath the boxes around the walls outside the tables,The calm turtles beneath the box around the wall outside the table,-19.05727767944336,-19.61977767944336,-20.554641723632812,-21.992141723632812,-19.43039321899414,-19.05539321899414,-20.91936683654785,-21.54436683654785,128
train,1,The calm turtles beneath the box around the wall outside the table,The calm turtle beneath the boxes around the walls outside the tables,-18.725858688354492,-21.725858688354492,-19.884403228759766,-23.165653228759766,-19.2216854095459,-21.3466854095459,-20.191802978515625,-22.910552978515625,128
train,0,The timid lion beneath the walls around the tables outside the houses,The timid lions beneath the wall around the table outside the house,-4.9906907081604,-7.9906907081604,-4.2457122802734375,-9.495712280273438,-5.463204383850098,-7.213204383850098,-4.496125221252441,-8.496125221252441,128
train,1,The timid lions beneath the wall around the table outside the house,The timid lion beneath the walls around the tables outside the houses,-4.3508124351501465,-5.3508124351501465,-4.450319290161133,-7.450319290161133,-4.854774475097656,-4.729774475097656,-4.7001633644104,-6.3251633644104,128
train,0,The bright cow outside the pots behind the pans past the cars,The bright cows outside the pot behind the pan past the car,-18.029020309448242,-21.154020309448242,-17.646196365356445,-21.271196365356445,-18.21634864807129,-20.65384864807129,-17.71274757385254,-20.71274757385254,128
train,1,The bright cows outside the pot behind the pan past the car,The bright cow outside the pots behind the pans past the cars,-16.424345016479492,-19.549345016479492,-16.92859649658203,-20.30359649658203,-16.86686134338379,-19.11686134338379,-17.179153442382812,-19.679153442382812,128
train,0,The calm dolphin beneath the trenches around the dams outside the pots,The calm dolphins beneath the trench around the dam outside the pot,-5.270812034606934,-9.020812034606934,-4.485620975494385,-10.110621452331543,-5.0608811378479,-7.8108811378479,-4.387764930725098,-8.262764930725098,128
train,1,The calm dolphins beneath the trench around the dam outside the pot,The calm dolphin beneath the trenches around the dams outside the pots,-3.3506834506988525,-4.600683212280273,-3.258798122406006,-6.258798122406006,-3.9340686798095703,-3.4340686798095703,-3.7529706954956055,-5.1279706954956055,128
train,0,The calm doe around the belts outside the piles behind the rushes,The calm does around the belt outside the pile behind the rush,-14.98201847076416,-15.48201847076416,-15.781412124633789,-15.781412124633789,-15.069382667541504,-15.256882667541504,-16.013980865478516,-15.701480865478516,128
train,1,The calm does around the belt outside the pile behind the rush,The calm doe around the belts outside the piles behind the rushes,-16.021682739257812,-18.459182739257812,-16.633647918701172,-19.258647918701172,-16.175790786743164,-18.488290786743164,-16.99894905090332,-19.56144905090332,128
train,0,The timid cock outside the tables behind the houses past the rocks,The timid cocks outside the table behind the house past the rock,-15.407393455505371,-16.157394409179688,-15.696141242980957,-17.50864028930664,-15.570867538452148,-15.570867538452148,-15.76511287689209,-16.765111923217773,128
train,1,The timid cocks outside the table behind the house past the rock,The timid cock outside the tables behind the houses past the rocks,-11.993515014648438,-14.368515014648438,-14.04454231262207,-16.48204231262207,-12.376803398132324,-14.064303398132324,-14.664520263671875,-16.352020263671875,128
train,0,The timid kitten beneath the chains around the belts outside the piles,The timid kittens beneath the chain around the belt outside the pile,-6.420657634735107,-9.79565715789795,-3.9035730361938477,-9.403573036193848,-6.668352127075195,-9.168352127075195,-4.030290126800537,-8.280290603637695,128
train,1,The timid kittens beneath the chain around the belt outside the pile,The timid kitten beneath the chains around the belts outside the piles,-6.445522785186768,-8.32052230834961,-4.842264175415039,-7.342264175415039,-6.741557598114014,-7.741557598114014,-5.0534586906433105,-6.5534586906433105,128
train,0,The slender dog outside the windows behind the crates past the barrels,The slender dogs outside the window behind the crate past the barrel,-2.02718448638916,-8.27718448638916,-1.419069766998291,-8.169069290161133,-2.2706284523010254,-7.145628452301025,-1.603611707687378,-6.853611946105957,128
train,1,The slender dogs outside the window behind the crate past the barrel,The slender dog outside the windows behind the crates past the barrels,-1.9668991565704346,-5.8418989181518555,-1.8425490856170654,-7.2175493240356445,-2.263587236404419,-4.76358699798584,-1.9780033826828003,-5.97800350189209,128
train,0,The small kit around the walls outside the tables behind the houses,The small kits around the wall outside the table behind the house,-2.254727363586426,-3.504727363586426,-3.150108575820923,-7.525108337402344,-2.6005547046661377,-3.1005547046661377,-3.499340057373047,-6.624340057373047,128
train,1,The small kits around the wall outside the table behind the house,The small kit around the walls outside the tables behind the houses,-2.9940125942230225,-4.244012832641602,-4.293449878692627,-7.418449878692627,-3.4861977100372314,-3.6111977100372314,-4.419884204864502,-6.544884204864502,128
train,0,The slender pup outside the piles behind the rushes past the vines,The slender pups outside the pile behind the rush past the vine,-17.704572677612305,-18.204572677612305,-16.189125061035156,-18.814125061035156,-17.808740615844727,-18.058740615844727,-16.406599044799805,-18.406599044799805,128
train,1,The slender pups outside the pile behind the rush past the vine,The slender pup outside the piles behind the rushes past the vines,-18.53422737121582,-19.84672737121582,-18.234628677368164,-19.359628677368164,-18.48488426208496,-19.48488426208496,-18.1700496673584,-18.7325496673584,128
train,0,The timid horse outside the tables behind the houses past the rocks,The timid horses outside the table behind the house past the rock,-3.609567880630493,-8.234567642211914,-3.5789427757263184,-9.328943252563477,-4.083919525146484,-7.458919525146484,-3.815300703048706,-8.190300941467285,128
train,1,The timid horses outside the table behind the house past the rock,The timid horse outside the tables behind the houses past the rocks,-3.7517688274383545,-6.626768589019775,-4.271065711975098,-8.021065711975098,-3.934169054031372,-5.434168815612793,-4.524777889251709,-6.649777889251709,128
train,0,The calm cow around the walls outside the tables behind the houses,The calm cows around the wall outside the table behind the house,-3.8527414798736572,-6.852741241455078,-3.799546957015991,-8.92454719543457,-4.138976097106934,-6.263976097106934,-4.147219181060791,-8.02221965789795,128
train,1,The calm cows around the wall outside the table behind the house,The calm cow around the walls outside the tables behind the houses,-3.098445177078247,-5.848445415496826,-4.5592122077941895,-7.4342122077941895,-3.2507810592651367,-4.750781059265137,-4.695289611816406,-6.320289611816406,128
train,0,The timid pup past the screws beneath the boilers around the tanks,The timid pups past the screw beneath the boiler around the tank,-6.737787246704102,-10.987787246704102,-2.7271957397460938,-9.227195739746094,-7.342953205108643,-10.3429536819458,-3.080842971801758,-8.080842971801758,128
train,1,The timid pups past the screw beneath the boiler around the tank,The timid pup past the screws beneath the boilers around the tanks,-7.532427787780762,-8.157427787780762,-4.300450325012207,-7.425450325012207,-7.8721022605896,-7.7471022605896,-4.515040874481201,-6.640040874481201,128
train,0,The quiet rat beneath the columns around the towers outside the cabins,The quiet rats beneath the column around the tower outside the cabin,-3.0973634719848633,-8.222363471984863,-3.699172019958496,-9.949172019958496,-3.33835768699646,-6.838357448577881,-3.8281612396240234,-8.578161239624023,128
train,1,The quiet rats beneath the column around the tower outside the cabin,The quiet rat beneath the columns around the towers outside the cabins,-3.272151470184326,-6.022151470184326,-4.50508451461792,-7.13008451461792,-3.423973321914673,-5.173973083496094,-5.0106611251831055,-6.2606611251831055,128
train,0,The small cow outside the windows behind the crates past the barrels,The small cows outside the window behind the crate past the barrel,-17.093647003173828,-17.968647003173828,-16.558231353759766,-18.620731353759766,-17.3564453125,-17.5439453125,-16.75482177734375,-17.87982177734375,128
train,1,The small cows outside the window behind the crate past the barrel,The small cow outside the windows behind the crates past the barrels,-14.731611251831055,-18.044111251831055,-14.43065071105957,-18.93065071105957,-15.114487648010254,-17.48948860168457,-14.570865631103516,-18.008365631103516,128
train,0,The sleepy dolphin beneath the boilers around the tanks outside the pipes,The sleepy dolphins beneath the boiler around the tank outside the pipe,-3.1060564517974854,-7.481056213378906,-2.078531265258789,-7.828531265258789,-3.429112672805786,-6.429112911224365,-2.3023529052734375,-6.4273529052734375,128
train,1,The sleepy dolphins beneath the boiler around the tank outside the pipe,The sleepy dolphin beneath the boilers around the tanks outside the pipes,-4.007688522338867,-4.132688522338867,-3.9035604000091553,-4.903560638427734,-4.379393100738525,-3.7543931007385254,-4.168202877044678,-4.293202877044678,128
train,0,The slender monitor behind the bolts past the screws beneath the boilers,The slender monitors behind the bolt past the screw beneath the boiler,-14.28052806854248,-15.03052806854248,-13.608153343200684,-15.358153343200684,-14.419790267944336,-14.669790267944336,-13.684572219848633,-15.059572219848633,128
train,1,The slender monitors behind the bolt past the screw beneath the boiler,The slender monitor behind the bolts past the screws beneath the boilers,-12.4246187210083,-15.8621187210083,-11.75240707397461,-15.62740707397461,-12.798846244812012,-15.736346244812012,-11.950175285339355,-15.387675285339355,128
train,0,The timid panda around the statues outside the stools behind the clocks,The timid pandas around the statue outside the stool behind the clock,-15.402754783630371,-16.652753829956055,-15.40565013885498,-17.843151092529297,-15.533802032470703,-16.533802032470703,-15.690472602844238,-17.690471649169922,128
train,1,The timid pandas around the statue outside the stool behind the clock,The timid panda around the statues outside the stools behind the clocks,-14.112090110778809,-15.487090110778809,-14.774473190307617,-17.399473190307617,-14.795148849487305,-15.107648849487305,-15.43957805633545,-17.127079010009766,128
train,0,The small turtle outside the stools behind the clocks past the plants,The small turtles outside the stool behind the clock past the plant,-14.497354507446289,-16.62235450744629,-15.668224334716797,-18.855724334716797,-14.707209587097168,-16.01970863342285,-15.66454029083252,-18.164539337158203,128
train,1,The small turtles outside the stool behind the clock past the plant,The small turtle outside the stools behind the clocks past the plants,-12.826008796691895,-14.888508796691895,-14.993965148925781,-17.93146514892578,-13.045050621032715,-14.170050621032715,-15.279549598693848,-17.21704864501953,128
train,0,The timid cow around the benches outside the windows behind the crates,The timid cows around the bench outside the window behind the crate,-16.82583236694336,-18.01333236694336,-15.773541450500488,-17.523542404174805,-16.96254539489746,-17.83754539489746,-15.92995834350586,-17.11745834350586,128
train,1,The timid cows around the bench outside the window behind the crate,The timid cow around the benches outside the windows behind the crates,-15.113450050354004,-16.48845100402832,-14.434134483337402,-16.684133529663086,-15.313759803771973,-16.37626075744629,-14.682975769042969,-16.55797576904297,128
train,0,The timid cow beneath the columns around the towers outside the cabins,The timid cows beneath the column around the tower outside the cabin,-2.870555877685547,-8.370555877685547,-4.144525051116943,-10.269524574279785,-3.2051374912261963,-6.955137252807617,-4.296885013580322,-8.921884536743164,128
train,1,The timid cows beneath the column around the tower outside the cabin,The timid cow beneath the columns around the towers outside the cabins,-2.6081411838531494,-5.4831414222717285,-3.9193918704986572,-6.919392108917236,-2.769062042236328,-4.394062042236328,-4.2975172996521,-5.7975172996521,128
train,0,The small cow outside the houses behind the rocks past the chairs,The small cows outside the house behind the rock past the chair,-3.243725538253784,-7.868725299835205,-2.7465481758117676,-9.121548652648926,-3.605388641357422,-6.730388641357422,-2.870746612548828,-7.495746612548828,128
train,1,The small cows outside the house behind the rock past the chair,The small cow outside the houses behind the rocks past the chairs,-3.2330214977264404,-4.8580217361450195,-3.5645108222961426,-6.689510822296143,-3.6113827228546143,-3.9863827228546143,-3.815627098083496,-5.315627098083496,128
train,0,The timid chick around the thresholds outside the drums behind the bolts,The timid chicks around the threshold outside the drum behind the bolt,-5.887990474700928,-8.01298999786377,-4.636190891265869,-9.261191368103027,-6.046009063720703,-7.421009063720703,-4.664645195007324,-8.289645195007324,128
train,1,The timid chicks around the threshold outside the drum behind the bolt,The timid chick around the thresholds outside the drums behind the bolts,-5.182210922241211,-6.682210922241211,-4.813358783721924,-8.313359260559082,-5.41096830368042,-6.16096830368042,-4.919722080230713,-7.419722080230713,128
train,0,The small panda outside the stools behind the clocks past the plants,The small pandas outside the stool behind the clock past the plant,-15.624985694885254,-16.499984741210938,-15.529335021972656,-17.466835021972656,-15.884682655334473,-15.947182655334473,-15.464799880981445,-16.902299880981445,128
train,1,The small pandas outside the stool behind the clock past the plant,The small panda outside the stools behind the clocks past the plants,-13.620290756225586,-16.370290756225586,-14.569228172302246,-17.31922721862793,-13.737176895141602,-15.862176895141602,-14.747040748596191,-16.684541702270508,128
train,0,The small dolphin beneath the barrels around the statues outside the stools,The small dolphins beneath the barrel around the statue outside the stool,-3.130244493484497,-5.505244255065918,-2.233154535293579,-7.358154773712158,-3.373495578765869,-4.748495578765869,-2.452515125274658,-6.202515125274658,128
train,1,The small dolphins beneath the barrel around the statue outside the stool,The small dolphin beneath the barrels around the statues outside the stools,-4.753803730010986,-5.253803730010986,-4.01814079284668,-5.26814079284668,-5.005910873413086,-4.755910873413086,-4.165805339813232,-4.540805339813232,128
train,0,The small shark outside the stools behind the clocks past the plants,The small sharks outside the stool behind the clock past the plant,-11.620438575744629,-15.932938575744629,-11.345857620239258,-16.908357620239258,-11.884343147277832,-15.196843147277832,-11.346979141235352,-16.15947914123535,128
train,1,The small sharks outside the stool behind the clock past the plant,The small shark outside the stools behind the clocks past the plants,-7.523345470428467,-10.273344993591309,-8.486592292785645,-11.111592292785645,-7.929251670837402,-9.804251670837402,-9.099916458129883,-10.849916458129883,128
train,0,The fuzzy rat behind the valves past the cables beneath the chains,The fuzzy rats behind the valve past the cable beneath the chain,-3.600055694580078,-7.225055694580078,-2.6852657794952393,-8.56026554107666,-3.819162368774414,-6.319162368774414,-2.724203586578369,-7.349203586578369,128
train,1,The fuzzy rats behind the valve past the cable beneath the chain,The fuzzy rat behind the valves past the cables beneath the chains,-3.423358917236328,-4.423358917236328,-2.713078498840332,-5.088078498840332,-3.8392016887664795,-3.8392016887664795,-3.163419008255005,-4.288419246673584,128
train,0,The nervous lion behind the rocks past the chairs beneath the carts,The nervous lions behind the rock past the chair beneath the cart,-20.134872436523438,-21.072372436523438,-19.65268898010254,-21.52768898010254,-20.22541618347168,-20.72541618347168,-19.638004302978516,-20.950504302978516,128
train,1,The nervous lions behind the rock past the chair beneath the cart,The nervous lion behind the rocks past the chairs beneath the carts,-21.45551109313965,-23.86957359313965,-20.437204360961914,-22.468454360961914,-21.315410614013672,-23.440410614013672,-20.33190155029297,-22.11315155029297,128
train,0,The quiet monitor outside the towers behind the cabins past the signs,The quiet monitors outside the tower behind the cabin past the sign,-4.650643825531006,-7.775643825531006,-2.812613010406494,-8.437613487243652,-5.034627437591553,-7.159627437591553,-3.0459189414978027,-7.420918941497803,128
train,1,The quiet monitors outside the tower behind the cabin past the sign,The quiet monitor outside the towers behind the cabins past the signs,-6.129023551940918,-8.879023551940918,-4.331500053405762,-7.456500053405762,-6.454134464263916,-8.329133987426758,-4.371845722198486,-6.746845722198486,128
train,0,The small pup behind the houses past the rocks beneath the chairs,The small pups behind the house past the rock beneath the chair,-16.34870719909668,-19.09870719909668,-17.0023193359375,-20.5648193359375,-16.590845108032227,-18.528345108032227,-17.1064510345459,-20.1064510345459,128
train,1,The small pups behind the house past the rock beneath the chair,The small pup behind the houses past the rocks beneath the chairs,-16.60509490966797,-18.41759490966797,-17.83236312866211,-20.14486312866211,-16.829492568969727,-17.891992568969727,-18.19196319580078,-19.69196319580078,128
train,0,The calm dolphin around the belts outside the piles behind the rushes,The calm dolphins around the belt outside the pile behind the rush,-14.027725219726562,-15.277725219726562,-16.94539451599121,-17.75789451599121,-13.956731796264648,-15.019231796264648,-16.648155212402344,-17.273155212402344,128
train,1,The calm dolphins around the belt outside the pile behind the rush,The calm dolphin around the belts outside the piles behind the rushes,-8.760627746582031,-10.510627746582031,-12.870016098022461,-14.557516098022461,-8.70920467376709,-10.39670467376709,-13.326658248901367,-14.951658248901367,128
train,0,The timid kitten past the cars beneath the boxes around the walls,The timid kittens past the car beneath the box around the wall,-7.648172855377197,-10.398173332214355,-4.687015056610107,-10.81201457977295,-7.85959529876709,-9.73459529876709,-4.920790195465088,-9.920790672302246,128
train,1,The timid kittens past the car beneath the box around the wall,The timid kitten past the cars beneath the boxes around the walls,-7.637147903442383,-8.262147903442383,-6.368956089019775,-8.618956565856934,-8.15737247467041,-8.28237247467041,-6.52159309387207,-7.89659309387207,128
train,0,The small bat around the walls outside the tables behind the houses,The small bats around the wall outside the table behind the house,-3.4661951065063477,-5.716195106506348,-3.617058515548706,-8.742058753967285,-3.815389633178711,-5.065389633178711,-3.8516812324523926,-7.726681232452393,128
train,1,The small bats around the wall outside the table behind the house,The small bat around the walls outside the tables behind the houses,-3.228616237640381,-5.978616237640381,-4.189873695373535,-6.814873695373535,-3.4777424335479736,-4.9777421951293945,-4.437167167663574,-6.062167167663574,128
train,0,The timid rat outside the tables behind the houses past the rocks,The timid rats outside the table behind the house past the rock,-14.628839492797852,-15.503839492797852,-14.838855743408203,-16.776355743408203,-15.072291374206543,-15.009791374206543,-15.196381568908691,-16.196382522583008,128
train,1,The timid rats outside the table behind the house past the rock,The timid rat outside the tables behind the houses past the rocks,-13.897008895874023,-16.584508895874023,-14.665876388549805,-19.353376388549805,-14.250081062316895,-16.250080108642578,-14.917131423950195,-18.667131423950195,128
train,0,The fuzzy dog beneath the boxes around the walls outside the tables,The fuzzy dogs beneath the box around the wall outside the table,-3.9640815258026123,-6.839081764221191,-3.2726049423217773,-8.647604942321777,-4.448118209838867,-6.073118209838867,-3.404024839401245,-7.279025077819824,128
train,1,The fuzzy dogs beneath the box around the wall outside the table,The fuzzy dog beneath the boxes around the walls outside the tables,-4.558553218841553,-6.808553218841553,-4.311013221740723,-6.811013221740723,-4.686206340789795,-6.061206340789795,-4.438759803771973,-5.938759803771973,128
train,0,The slender rabbit behind the valves past the cables beneath the chains,The slender rabbits behind the valve past the cable beneath the chain,-3.849057197570801,-8.2240571975708,-2.8205015659332275,-9.195501327514648,-3.91127872467041,-7.16127872467041,-2.9436962604522705,-8.068696022033691,128
train,1,The slender rabbits behind the valve past the cable beneath the chain,The slender rabbit behind the valves past the cables beneath the chains,-3.3032796382904053,-5.678279876708984,-3.0589351654052734,-5.933935165405273,-3.600344657897949,-4.725344657897949,-3.5247788429260254,-5.024778842926025,128
train,0,The nervous shark behind the windows past the crates beneath the barrels,The nervous sharks behind the window past the crate beneath the barrel,-14.21706485748291,-18.467065811157227,-13.337844848632812,-18.337844848632812,-14.305622100830078,-17.680622100830078,-13.543621063232422,-17.668621063232422,128
train,1,The nervous sharks behind the window past the crate beneath the barrel,The nervous shark behind the windows past the crates beneath the barrels,-14.86660099029541,-15.36660099029541,-13.532193183898926,-15.594693183898926,-15.475197792053223,-14.912697792053223,-14.024296760559082,-15.086796760559082,128
train,0,The fuzzy dog behind the plants past the logs beneath the columns,The fuzzy dogs behind the plant past the log beneath the column,-2.6279101371765137,-9.127910614013672,-2.5938289165496826,-9.093829154968262,-2.6481263637542725,-7.898126125335693,-2.7234950065612793,-7.973495006561279,128
train,1,The fuzzy dogs behind the plant past the log beneath the column,The fuzzy dog behind the plants past the logs beneath the columns,-3.041250228881836,-4.666250228881836,-2.881248950958252,-5.756248950958252,-3.0772838592529297,-3.9522838592529297,-3.25018572807312,-4.750185966491699,128
train,0,The nervous rat past the cars beneath the boxes around the walls,The nervous rats past the car beneath the box around the wall,-19.6513671875,-20.5888671875,-17.400869369506836,-19.963369369506836,-19.796171188354492,-20.483671188354492,-17.563018798828125,-19.938018798828125,128
train,1,The nervous rats past the car beneath the box around the wall,The nervous rat past the cars beneath the boxes around the walls,-19.512189865112305,-20.074689865112305,-18.697500228881836,-18.635000228881836,-19.804401397705078,-20.179401397705078,-18.918344497680664,-18.480844497680664,128
train,0,The slender rabbit around the carts outside the benches behind the windows,The slender rabbits around the cart outside the bench behind the window,-2.6505703926086426,-6.275570392608643,-2.686842918395996,-7.186842918395996,-2.8412017822265625,-5.3412017822265625,-3.009610652923584,-6.259610652923584,128
train,1,The slender rabbits around the cart outside the bench behind the window,The slender rabbit around the carts outside the benches behind the windows,-2.6421926021575928,-6.017192363739014,-3.4846882820129395,-6.9846882820129395,-2.9919986724853516,-4.991998672485352,-3.739405632019043,-5.739405632019043,128
train,0,The slender turtle past the vines beneath the trenches around the dams,The slender turtles past the vine beneath the trench around the dam,-2.5458695888519287,-6.670869827270508,-3.74039888381958,-10.115398406982422,-2.9794437885284424,-5.354443550109863,-4.226682662963867,-9.101682662963867,128
train,1,The slender turtles past the vine beneath the trench around the dam,The slender turtle past the vines beneath the trenches around the dams,-1.5962930917739868,-4.971292972564697,-4.410665512084961,-8.410665512084961,-1.8165510892868042,-4.066551208496094,-4.603792190551758,-7.353792190551758,128
train,0,The fuzzy chick past the chairs beneath the carts around the benches,The fuzzy chicks past the chair beneath the cart around the bench,-5.3102288246154785,-8.56022834777832,-3.56626558303833,-8.316265106201172,-5.553299903869629,-7.928299903869629,-3.8682074546813965,-7.4932074546813965,128
train,1,The fuzzy chicks past the chair beneath the cart around the bench,The fuzzy chick past the chairs beneath the carts around the benches,-5.275729656219482,-6.400729656219482,-4.818516731262207,-7.068516731262207,-5.701386451721191,-6.201386451721191,-5.209865570068359,-6.334865570068359,128
train,0,The slender panda beneath the barrels around the statues outside the stools,The slender pandas beneath the barrel around the statue outside the stool,-13.322879791259766,-15.385379791259766,-13.197827339172363,-17.13532829284668,-13.69766616821289,-14.57266616821289,-13.437108039855957,-16.37460708618164,128
train,1,The slender pandas beneath the barrel around the statue outside the stool,The slender panda beneath the barrels around the statues outside the stools,-13.027602195739746,-14.340102195739746,-13.736838340759277,-16.174339294433594,-13.291254997253418,-13.978754997253418,-14.19510555267334,-15.25760555267334,128
train,0,The small frog behind the crates past the barrels beneath the statues,The small frogs behind the crate past the barrel beneath the statue,-1.7978205680847168,-7.922820568084717,-1.4141886234283447,-8.289188385009766,-2.0052380561828613,-6.755238056182861,-1.5273089408874512,-6.902308940887451,128
train,1,The small frogs behind the crate past the barrel beneath the statue,The small frog behind the crates past the barrels beneath the statues,-1.4794796705245972,-4.604479789733887,-1.6823662519454956,-4.932366371154785,-1.7006031274795532,-3.5756030082702637,-1.92116117477417,-3.54616117477417,128
train,0,The slender dolphin behind the plants past the logs beneath the columns,The slender dolphins behind the plant past the log beneath the column,-1.4847238063812256,-8.984724044799805,-1.9460830688476562,-9.696083068847656,-1.5912587642669678,-7.466258525848389,-2.054805040359497,-8.304804801940918,128
train,1,The slender dolphins behind the plant past the log beneath the column,The slender dolphin behind the plants past the logs beneath the columns,-1.8579657077789307,-3.3579657077789307,-2.3731906414031982,-4.748190402984619,-2.180661201477051,-2.680661201477051,-2.723896026611328,-4.098896026611328,128
train,0,The fuzzy whale beneath the boxes around the walls outside the tables,The fuzzy whales beneath the box around the wall outside the table,-4.252509117126465,-6.502509117126465,-3.4066009521484375,-8.531600952148438,-4.502845764160156,-5.627845764160156,-3.6419384479522705,-7.391938209533691,128
train,1,The fuzzy whales beneath the box around the wall outside the table,The fuzzy whale beneath the boxes around the walls outside the tables,-4.524214744567871,-5.024214744567871,-4.461963653564453,-6.461963653564453,-5.024997711181641,-4.649997711181641,-4.715066432952881,-5.715066432952881,128
train,0,The timid turtle around the thresholds outside the drums behind the bolts,The timid turtles around the threshold outside the drum behind the bolt,-6.408355712890625,-8.283355712890625,-4.023094177246094,-9.023094177246094,-6.492859363555908,-7.617859363555908,-4.155759811401367,-8.030759811401367,128
train,1,The timid turtles around the threshold outside the drum behind the bolt,The timid turtle around the thresholds outside the drums behind the bolts,-5.802457332611084,-7.177457332611084,-4.407172679901123,-8.407173156738281,-6.316354751586914,-6.441354751586914,-4.633648872375488,-7.383648872375488,128
train,0,The bright monitor behind the clocks past the plants beneath the logs,The bright monitors behind the clock past the plant beneath the log,-5.872856616973877,-9.622857093811035,-4.044282913208008,-9.919282913208008,-6.119950294494629,-9.119950294494629,-4.1779255867004395,-8.802926063537598,128
train,1,The bright monitors behind the clock past the plant beneath the log,The bright monitor behind the clocks past the plants beneath the logs,-5.194258213043213,-6.194258213043213,-3.8883726596832275,-7.013372898101807,-5.234304904937744,-5.484304904937744,-4.09731912612915,-6.22231912612915,128
train,0,The slender dog behind the cars past the boxes beneath the walls,The slender dogs behind the car past the box beneath the wall,-3.1083908081054688,-8.483390808105469,-2.491722345352173,-9.366722106933594,-3.219655990600586,-7.469655990600586,-2.598299980163574,-8.223299980163574,128
train,1,The slender dogs behind the car past the box beneath the wall,The slender dog behind the cars past the boxes beneath the walls,-2.8321990966796875,-5.7071990966796875,-4.592519283294678,-6.842519283294678,-2.866098403930664,-4.991098403930664,-4.846126079559326,-5.971126079559326,128
train,0,The slender dog around the towers outside the cabins behind the signs,The slender dogs around the tower outside the cabin behind the sign,-2.339527130126953,-5.214527130126953,-2.2386791706085205,-7.7386794090271,-2.461716651916504,-4.586716651916504,-2.3572654724121094,-6.482265472412109,128
train,1,The slender dogs around the tower outside the cabin behind the sign,The slender dog around the towers outside the cabins behind the signs,-3.1742491722106934,-5.299249172210693,-3.171874523162842,-6.546874523162842,-3.4311676025390625,-4.6811676025390625,-3.409893751144409,-5.40989351272583,128
train,0,The bright monitor around the tanks outside the pipes behind the valves,The bright monitors around the tank outside the pipe behind the valve,-1.0880109071731567,-5.588010787963867,-1.2900025844573975,-6.790002822875977,-1.2539714574813843,-4.628971576690674,-1.4733937978744507,-5.47339391708374,128
train,1,The bright monitors around the tank outside the pipe behind the valve,The bright monitor around the tanks outside the pipes behind the valves,-1.9523036479949951,-3.577303647994995,-2.1031811237335205,-4.728180885314941,-2.178703784942627,-2.803703784942627,-2.304870128631592,-3.929870128631592,128
train,0,The bright bat around the columns outside the towers behind the cabins,The bright bats around the column outside the tower behind the cabin,-3.5721840858459473,-6.947184085845947,-4.3861165046691895,-9.761116027832031,-3.7119827270507812,-5.961982727050781,-4.642102241516113,-8.517102241516113,128
train,1,The bright bats around the column outside the tower behind the cabin,The bright bat around the columns outside the towers behind the cabins,-4.711847305297852,-5.961847305297852,-5.443748474121094,-7.068748474121094,-5.092236042022705,-5.092236042022705,-5.820137977600098,-6.445137977600098,128
train,0,The small rabbit around the stools outside the clocks behind the plants,The small rabbits around the stool outside the clock behind the plant,-4.145573139190674,-7.520573139190674,-3.601825714111328,-8.976825714111328,-4.289273738861084,-6.664273738861084,-3.6138525009155273,-7.863852500915527,128
train,1,The small rabbits around the stool outside the clock behind the plant,The small rabbit around the stools outside the clocks behind the plants,-2.348318576812744,-4.598318576812744,-3.1671338081359863,-5.917133808135986,-2.710723876953125,-3.835723876953125,-3.417236328125,-4.792236328125,128
train,0,The bright rabbit outside the cabins behind the signs past the nests,The bright rabbits outside the cabin behind the sign past the nest,-4.388458251953125,-7.513458251953125,-3.409545421600342,-8.1595458984375,-4.966728210449219,-6.841728210449219,-3.8902714252471924,-7.0152716636657715,128
train,1,The bright rabbits outside the cabin behind the sign past the nest,The bright rabbit outside the cabins behind the signs past the nests,-4.048187255859375,-5.798187255859375,-3.865812063217163,-6.990811824798584,-4.56464958190918,-5.31464958190918,-4.121532440185547,-5.996532440185547,128
train,0,The nervous pup outside the pipes behind the valves past the cables,The nervous pups outside the pipe behind the valve past the cable,-3.5392978191375732,-7.414298057556152,-2.720611095428467,-8.220610618591309,-3.7338967323303223,-6.483896732330322,-3.0611655712127686,-6.936165809631348,128
train,1,The nervous pups outside the pipe behind the valve past the cable,The nervous pup outside the pipes behind the valves past the cables,-3.764333724975586,-4.889333724975586,-3.099475383758545,-5.099475383758545,-4.1749796867370605,-4.2999796867370605,-3.488581895828247,-4.363581657409668,128
train,0,The fuzzy turtle outside the cabins behind the signs past the nests,The fuzzy turtles outside the cabin behind the sign past the nest,-15.15467643737793,-16.46717643737793,-13.997512817382812,-17.185012817382812,-15.684783935546875,-16.184783935546875,-14.279899597167969,-16.59239959716797,128
train,1,The fuzzy turtles outside the cabin behind the sign past the nest,The fuzzy turtle outside the cabins behind the signs past the nests,-15.21263599395752,-16.900136947631836,-14.804421424865723,-18.054420471191406,-15.508899688720703,-16.446399688720703,-15.208072662353516,-17.583072662353516,128
train,0,The slender monitor around the carts outside the benches behind the windows,The slender monitors around the cart outside the bench behind the window,-1.9183480739593506,-3.4183480739593506,-2.127140522003174,-6.127140522003174,-2.2016618251800537,-2.9516618251800537,-2.30783748626709,-5.18283748626709,128
train,1,The slender monitors around the cart outside the bench behind the window,The slender monitor around the carts outside the benches behind the windows,-1.9926831722259521,-4.242682933807373,-3.2601513862609863,-6.385151386260986,-2.394426107406616,-3.644426107406616,-3.162860870361328,-5.537860870361328,128
train,0,The small shark outside the benches behind the windows past the crates,The small sharks outside the bench behind the window past the crate,-1.6221110820770264,-6.1221113204956055,-1.3639214038848877,-7.613921165466309,-2.009753704071045,-4.634753704071045,-1.574967384338379,-5.949967384338379,128
train,1,The small sharks outside the bench behind the window past the crate,The small shark outside the benches behind the windows past the crates,-2.3263261318206787,-5.201326370239258,-1.96919584274292,-5.71919584274292,-2.427032947540283,-4.302032947540283,-1.9719810485839844,-4.721981048583984,128
train,0,The nervous rabbit beneath the chairs around the carts outside the benches,The nervous rabbits beneath the chair around the cart outside the bench,-3.245386838912964,-6.870386600494385,-3.418076753616333,-8.543076515197754,-3.6144485473632812,-5.864448547363281,-3.558570384979248,-7.433570384979248,128
train,1,The nervous rabbits beneath the chair around the cart outside the bench,The nervous rabbit beneath the chairs around the carts outside the benches,-4.245019912719727,-4.995019912719727,-4.136302947998047,-6.886302947998047,-4.755921840667725,-4.505921840667725,-4.518321990966797,-6.018321990966797,128
train,0,The timid monitor outside the tables behind the houses past the rocks,The timid monitors outside the table behind the house past the rock,-14.47457218170166,-15.03707218170166,-13.92349624633789,-15.54849624633789,-14.80516529083252,-14.61766529083252,-13.991811752319336,-14.866811752319336,128
train,1,The timid monitors outside the table behind the house past the rock,The timid monitor outside the tables behind the houses past the rocks,-11.197531700134277,-15.197531700134277,-10.910898208618164,-15.098398208618164,-11.324503898620605,-15.199503898620605,-11.385289192199707,-15.197789192199707,128
train,0,The nervous rabbit beneath the chains around the belts outside the piles,The nervous rabbits beneath the chain around the belt outside the pile,-16.665782928466797,-17.228282928466797,-15.879515647888184,-17.817014694213867,-16.70395278930664,-16.89145278930664,-16.006074905395508,-17.568574905395508,128
train,1,The nervous rabbits beneath the chain around the belt outside the pile,The nervous rabbit beneath the chains around the belts outside the piles,-15.847517967224121,-16.972518920898438,-16.532020568847656,-18.282020568847656,-16.01359748840332,-16.76359748840332,-16.8230037689209,-17.8855037689209,128
train,0,The small doe beneath the boilers around the tanks outside the pipes,The small does beneath the boiler around the tank outside the pipe,-13.921429634094238,-14.608929634094238,-13.534835815429688,-15.909835815429688,-14.254963874816895,-14.317463874816895,-13.72372055053711,-15.28622055053711,128
train,1,The small does beneath the boiler around the tank outside the pipe,The small doe beneath the boilers around the tanks outside the pipes,-14.832473754882812,-16.519973754882812,-14.756868362426758,-15.506868362426758,-14.693056106567383,-16.380556106567383,-14.588150024414062,-15.650650024414062,128
train,0,The bright turtle outside the pots behind the pans past the cars,The bright turtles outside the pot behind the pan past the car,-18.35734748840332,-21.91984748840332,-17.96565818786621,-22.52815818786621,-18.625844955444336,-21.063344955444336,-18.26504135131836,-21.89004135131836,128
train,1,The bright turtles outside the pot behind the pan past the car,The bright turtle outside the pots behind the pans past the cars,-15.76018238067627,-18.885181427001953,-17.18773651123047,-21.56273651123047,-16.174358367919922,-18.111858367919922,-17.318805694580078,-20.693805694580078,128
train,0,The bright cow around the tanks outside the pipes behind the valves,The bright cows around the tank outside the pipe behind the valve,-1.8885613679885864,-5.763561248779297,-1.4991121292114258,-6.749112129211426,-2.1318371295928955,-4.381836891174316,-1.8398878574371338,-5.089887619018555,128
train,1,The bright cows around the tank outside the pipe behind the valve,The bright cow around the tanks outside the pipes behind the valves,-1.9206615686416626,-3.295661449432373,-2.2548227310180664,-4.004822731018066,-2.259028911590576,-2.384028911590576,-2.8279969692230225,-3.2029969692230225,128
train,0,The timid chick past the screws beneath the boilers around the tanks,The timid chicks past the screw beneath the boiler around the tank,-13.991161346435547,-16.366161346435547,-12.459646224975586,-17.022146224975586,-14.262635231018066,-15.825135231018066,-12.62394905090332,-16.49894905090332,128
train,1,The timid chicks past the screw beneath the boiler around the tank,The timid chick past the screws beneath the boilers around the tanks,-16.758848190307617,-16.946348190307617,-14.904361724853516,-16.154361724853516,-16.842058181762695,-16.654558181762695,-15.038488388061523,-15.538488388061523,128
train,0,The slender kitten behind the houses past the rocks beneath the chairs,The slender kittens behind the house past the rock beneath the chair,-4.459371566772461,-9.334371566772461,-2.7602663040161133,-9.510266304016113,-4.828848361968994,-8.203848838806152,-2.9888973236083984,-8.363897323608398,128
train,1,The slender kittens behind the house past the rock beneath the chair,The slender kitten behind the houses past the rocks beneath the chairs,-3.612415075302124,-6.612415313720703,-3.5755202770233154,-7.3255205154418945,-3.9767487049102783,-5.851748943328857,-3.703549385070801,-6.328549385070801,128
train,0,The small whale behind the houses past the rocks beneath the chairs,The small whales behind the house past the rock beneath the chair,-17.72979736328125,-20.22979736328125,-18.07508659362793,-21.82508659362793,-17.777420043945312,-19.777420043945312,-18.154390335083008,-21.341890335083008,128
train,1,The small whales behind the house past the rock beneath the chair,The small whale behind the houses past the rocks beneath the chairs,-16.6971435546875,-18.6971435546875,-19.49673843383789,-21.68423843383789,-17.17093849182129,-18.35843849182129,-19.629579544067383,-20.817079544067383,128
train,0,The quiet dog beneath the walls around the tables outside the houses,The quiet dogs beneath the wall around the table outside the house,-3.6515605449676514,-7.0265607833862305,-4.004831314086914,-9.379831314086914,-3.8960540294647217,-6.146054267883301,-4.020322799682617,-8.145322799682617,128
train,1,The quiet dogs beneath the wall around the table outside the house,The quiet dog beneath the walls around the tables outside the houses,-2.459712505340576,-4.959712505340576,-3.792172431945801,-6.667172431945801,-2.47706937789917,-4.10206937789917,-4.023434162139893,-5.898434162139893,128
train,0,The fuzzy lion outside the cabins behind the signs past the nests,The fuzzy lions outside the cabin behind the sign past the nest,-16.431779861450195,-16.681779861450195,-16.79480743408203,-17.79480743408203,-16.787582397460938,-16.537582397460938,-17.01811981201172,-17.39311981201172,128
train,1,The fuzzy lions outside the cabin behind the sign past the nest,The fuzzy lion outside the cabins behind the signs past the nests,-14.096579551696777,-16.78407859802246,-14.621726989746094,-18.121726989746094,-14.340032577514648,-16.77753257751465,-14.719696044921875,-17.969696044921875,128
train,0,The nervous turtle behind the windows past the crates beneath the barrels,The nervous turtles behind the window past the crate beneath the barrel,-5.54581880569458,-11.045818328857422,-5.726595878601074,-11.976595878601074,-5.732857704162598,-9.982857704162598,-5.863568305969238,-10.863568305969238,128
train,1,The nervous turtles behind the window past the crate beneath the barrel,The nervous turtle behind the windows past the crates beneath the barrels,-5.738889694213867,-7.363889694213867,-5.131275177001953,-9.131275177001953,-6.48283052444458,-6.48283052444458,-5.439085006713867,-8.314085006713867,128
train,0,The fuzzy kit behind the crates past the barrels beneath the statues,The fuzzy kits behind the crate past the barrel beneath the statue,-14.796235084533691,-16.171236038208008,-14.386301040649414,-16.011301040649414,-15.179333686828613,-15.866833686828613,-14.622139930725098,-15.559639930725098,128
train,1,The fuzzy kits behind the crate past the barrel beneath the statue,The fuzzy kit behind the crates past the barrels beneath the statues,-14.465241432189941,-15.402741432189941,-12.560628890991211,-16.37312889099121,-15.0650053024292,-14.8775053024292,-12.898509979248047,-15.461009979248047,128
train,0,The slender turtle past the logs beneath the columns around the towers,The slender turtles past the log beneath the column around the tower,-16.179319381713867,-18.866819381713867,-15.405289649963379,-18.717790603637695,-16.57484245300293,-18.32484245300293,-15.72249984741211,-18.09749984741211,128
train,1,The slender turtles past the log beneath the column around the tower,The slender turtle past the logs beneath the columns around the towers,-16.078886032104492,-19.266386032104492,-16.28523063659668,-19.94148063659668,-16.202192306518555,-18.702192306518555,-16.31706428527832,-19.25456428527832,128
train,0,The small dog outside the windows behind the crates past the barrels,The small dogs outside the window behind the crate past the barrel,-14.549392700195312,-15.049392700195312,-13.640824317932129,-14.890824317932129,-14.787611961364746,-14.725111961364746,-13.90467643737793,-14.40467643737793,128
train,1,The small dogs outside the window behind the crate past the barrel,The small dog outside the windows behind the crates past the barrels,-12.712124824523926,-17.337125778198242,-11.703394889831543,-17.015893936157227,-12.876084327697754,-16.876083374023438,-11.8203763961792,-16.757875442504883,128
train,0,The bright shark behind the clocks past the plants beneath the logs,The bright sharks behind the clock past the plant beneath the log,-6.287670135498047,-10.412670135498047,-3.40832257270813,-8.90832233428955,-6.768647193908691,-9.518647193908691,-3.843939781188965,-7.593939781188965,128
train,1,The bright sharks behind the clock past the plant beneath the log,The bright shark behind the clocks past the plants beneath the logs,-5.854567527770996,-6.979567527770996,-4.03428840637207,-7.03428840637207,-6.285644054412842,-6.410644054412842,-4.510764122009277,-6.135764122009277,128
train,0,The small whale outside the stools behind the clocks past the plants,The small whales outside the stool behind the clock past the plant,-18.76418685913086,-21.13918685913086,-18.124250411987305,-21.374250411987305,-18.893983840942383,-20.581483840942383,-18.186187744140625,-20.873687744140625,128
train,1,The small whales outside the stool behind the clock past the plant,The small whale outside the stools behind the clocks past the plants,-17.543569564819336,-18.606069564819336,-18.249610900878906,-19.687110900878906,-17.937395095825195,-18.249895095825195,-18.561019897460938,-19.061019897460938,128
train,0,The sleepy kitten outside the pots behind the pans past the cars,The sleepy kittens outside the pot behind the pan past the car,-4.608961582183838,-11.10896110534668,-3.1126599311828613,-9.987659454345703,-4.869250297546387,-9.744250297546387,-3.4680798053741455,-8.593079566955566,128
train,1,The sleepy kittens outside the pot behind the pan past the car,The sleepy kitten outside the pots behind the pans past the cars,-3.5466346740722656,-5.296634674072266,-3.635286331176758,-7.135286331176758,-3.8769688606262207,-4.751968860626221,-3.766655206680298,-6.141655445098877,128
train,0,The timid dog around the thresholds outside the drums behind the bolts,The timid dogs around the threshold outside the drum behind the bolt,-6.036362648010254,-8.411362648010254,-4.09190559387207,-8.96690559387207,-6.177809715270996,-7.677809715270996,-4.210928916931152,-7.960928916931152,128
train,1,The timid dogs around the threshold outside the drum behind the bolt,The timid dog around the thresholds outside the drums behind the bolts,-5.590174674987793,-7.215174674987793,-5.247444152832031,-8.247444152832031,-6.031455039978027,-6.656455039978027,-5.608524322509766,-7.483524322509766,128
train,0,The calm rabbit beneath the barrels around the statues outside the stools,The calm rabbits beneath the barrel around the statue outside the stool,-4.507959842681885,-6.757959842681885,-3.4189534187316895,-8.543952941894531,-4.8835954666137695,-6.1335954666137695,-3.5748462677001953,-7.199846267700195,128
train,1,The calm rabbits beneath the barrel around the statue outside the stool,The calm rabbit beneath the barrels around the statues outside the stools,-5.916975975036621,-5.916975975036621,-4.222958564758301,-6.347958564758301,-6.334969997406006,-5.334969997406006,-4.834787845611572,-5.584787845611572,128
train,0,The slender rat past the chairs beneath the carts around the benches,The slender rats past the chair beneath the cart around the bench,-5.293505668640137,-9.293505668640137,-2.894752025604248,-8.769752502441406,-5.772701263427734,-8.522701263427734,-3.1397957801818848,-7.639795780181885,128
train,1,The slender rats past the chair beneath the cart around the bench,The slender rat past the chairs beneath the carts around the benches,-5.3908586502075195,-7.0158586502075195,-4.426692485809326,-6.551692485809326,-5.663352966308594,-6.663352966308594,-4.697504997253418,-5.822504997253418,128
train,0,The quiet dog past the barrels beneath the statues around the stools,The quiet dogs past the barrel beneath the statue around the stool,-15.076973915100098,-17.639474868774414,-14.07190227508545,-17.696901321411133,-15.325628280639648,-17.13812828063965,-14.219632148742676,-17.157133102416992,128
train,1,The quiet dogs past the barrel beneath the statue around the stool,The quiet dog past the barrels beneath the statues around the stools,-14.616801261901855,-16.05430030822754,-14.798199653625488,-16.548200607299805,-15.04804515838623,-15.79804515838623,-15.104609489440918,-16.1671085357666,128
train,0,The slender shark outside the pots behind the pans past the cars,The slender sharks outside the pot behind the pan past the car,-3.1446480751037598,-9.769648551940918,-2.7669949531555176,-9.64199447631836,-3.167142391204834,-8.292142868041992,-3.000215768814087,-8.500215530395508,128
train,1,The slender sharks outside the pot behind the pan past the car,The slender shark outside the pots behind the pans past the cars,-1.8060976266860962,-2.9310975074768066,-3.035318374633789,-6.410318374633789,-2.220287799835205,-2.345287799835205,-3.283956527709961,-5.408956527709961,128
train,0,The sleepy dolphin past the vines beneath the trenches around the dams,The sleepy dolphins past the vine beneath the trench around the dam,-3.7430737018585205,-7.493073463439941,-4.333463668823242,-10.333463668823242,-4.406280517578125,-6.156280517578125,-4.842729091644287,-9.217729568481445,128
train,1,The sleepy dolphins past the vine beneath the trench around the dam,The sleepy dolphin past the vines beneath the trenches around the dams,-5.138957977294922,-6.638957977294922,-6.404722213745117,-8.279722213745117,-5.200162887573242,-6.075162887573242,-6.30817174911499,-7.80817174911499,128
train,0,The sleepy whale around the carts outside the benches behind the windows,The sleepy whales around the cart outside the bench behind the window,-3.2719759941101074,-6.021975994110107,-2.7719147205352783,-7.146914482116699,-3.55582857131958,-5.43082857131958,-3.0010809898376465,-6.1260809898376465,128
train,1,The sleepy whales around the cart outside the bench behind the window,The sleepy whale around the carts outside the benches behind the windows,-3.3333396911621094,-4.458339691162109,-3.579516649246216,-6.204516410827637,-3.836181879043579,-3.836181879043579,-3.747009515762329,-5.24700927734375,128
train,0,The fuzzy shark outside the stools behind the clocks past the plants,The fuzzy sharks outside the stool behind the clock past the plant,-5.090726852416992,-8.840726852416992,-3.7234554290771484,-8.473455429077148,-5.227949619293213,-7.727949619293213,-3.8422069549560547,-7.467206954956055,128
train,1,The fuzzy sharks outside the stool behind the clock past the plant,The fuzzy shark outside the stools behind the clocks past the plants,-3.9114632606506348,-5.661463260650635,-4.199196815490723,-6.574196815490723,-4.184743881225586,-4.684743881225586,-4.329063892364502,-5.579063892364502,128
train,0,The fuzzy cow behind the houses past the rocks beneath the chairs,The fuzzy cows behind the house past the rock beneath the chair,-3.4841678142547607,-8.73416805267334,-3.112082004547119,-9.237081527709961,-3.729581356048584,-7.604581356048584,-3.4714150428771973,-8.096415519714355,128
train,1,The fuzzy cows behind the house past the rock beneath the chair,The fuzzy cow behind the houses past the rocks beneath the chairs,-2.9288179874420166,-5.0538177490234375,-3.689544439315796,-6.814544677734375,-3.1715290546417236,-4.1715288162231445,-3.933478355407715,-5.808478355407715,128
train,0,The small dolphin past the logs beneath the columns around the towers,The small dolphins past the log beneath the column around the tower,-4.937133312225342,-10.187132835388184,-2.241176128387451,-8.491175651550293,-5.438748359680176,-9.063748359680176,-2.666989326477051,-7.166989326477051,128
train,1,The small dolphins past the log beneath the column around the tower,The small dolphin past the logs beneath the columns around the towers,-6.56455135345459,-7.56455135345459,-3.600855588912964,-6.225855827331543,-6.712162017822266,-6.962162017822266,-3.9086503982543945,-5.5336503982543945,128
train,0,The slender whale past the logs beneath the columns around the towers,The slender whales past the log beneath the column around the tower,-14.450567245483398,-16.0755672454834,-13.456084251403809,-16.331085205078125,-14.78964900970459,-15.53964900970459,-13.766066551208496,-15.891066551208496,128
train,1,The slender whales past the log beneath the column around the tower,The slender whale past the logs beneath the columns around the towers,-12.470525741577148,-14.970525741577148,-12.36561107635498,-15.42811107635498,-12.822126388549805,-14.697126388549805,-12.708331108093262,-15.083331108093262,128
train,0,The quiet turtle behind the signs past the nests beneath the milestones,The quiet turtles behind the sign past the nest beneath the milestone,-4.123502731323242,-9.623502731323242,-3.158125877380371,-9.408125877380371,-4.4318976402282715,-8.806897163391113,-3.335623025894165,-8.335622787475586,128
train,1,The quiet turtles behind the sign past the nest beneath the milestone,The quiet turtle behind the signs past the nests beneath the milestones,-4.802457809448242,-6.302457809448242,-3.8630518913269043,-5.863051891326904,-5.4020676612854,-5.4020676612854,-4.211367607116699,-5.086367607116699,128
train,0,The sleepy rat around the stools outside the clocks behind the plants,The sleepy rats around the stool outside the clock behind the plant,-17.79936981201172,-19.73686981201172,-17.425884246826172,-20.300884246826172,-17.95247459411621,-19.20247459411621,-17.727819442749023,-19.852819442749023,128
train,1,The sleepy rats around the stool outside the clock behind the plant,The sleepy rat around the stools outside the clocks behind the plants,-16.337844848632812,-18.150344848632812,-17.49810218811035,-19.62310218811035,-16.53847885131836,-17.66347885131836,-17.679819107055664,-19.179819107055664,128
train,0,The small dolphin past the vines beneath the trenches around the dams,The small dolphins past the vine beneath the trench around the dam,-16.89106559753418,-18.57856559753418,-16.540279388427734,-19.102779388427734,-16.927350997924805,-17.927350997924805,-16.80744743347168,-18.55744743347168,128
train,1,The small dolphins past the vine beneath the trench around the dam,The small dolphin past the vines beneath the trenches around the dams,-15.378724098205566,-17.816225051879883,-19.40825843811035,-21.00200843811035,-15.268299102783203,-17.455799102783203,-19.5650634765625,-21.0338134765625,128
train,0,The fuzzy dog outside the drums behind the bolts past the screws,The fuzzy dogs outside the drum behind the bolt past the screw,-3.416015386581421,-8.291015625,-1.8198740482330322,-7.569874286651611,-3.5233800411224365,-7.398380279541016,-1.8753454685211182,-6.500345230102539,128
train,1,The fuzzy dogs outside the drum behind the bolt past the screw,The fuzzy dog outside the drums behind the bolts past the screws,-4.747882843017578,-4.872882843017578,-2.652986764907837,-5.027986526489258,-5.270855903625488,-4.395855903625488,-2.954230785369873,-3.954230785369873,128
train,0,The bright turtle outside the piles behind the rushes past the vines,The bright turtles outside the pile behind the rush past the vine,-5.784972190856934,-8.909972190856934,-4.356226921081543,-9.481226921081543,-5.835666179656982,-8.08566665649414,-4.506795883178711,-8.256795883178711,128
train,1,The bright turtles outside the pile behind the rush past the vine,The bright turtle outside the piles behind the rushes past the vines,-8.553945541381836,-9.928945541381836,-5.90454626083374,-9.654546737670898,-8.560126304626465,-9.060126304626465,-6.025382041931152,-8.525382041931152,128
train,0,The nervous frog beneath the chains around the belts outside the piles,The nervous frogs beneath the chain around the belt outside the pile,-16.263864517211914,-17.138864517211914,-15.393601417541504,-17.64360237121582,-16.303180694580078,-16.615680694580078,-15.577610969543457,-17.140111923217773,128
train,1,The nervous frogs beneath the chain around the belt outside the pile,The nervous frog beneath the chains around the belts outside the piles,-13.413908958435059,-15.413908958435059,-15.012834548950195,-17.200334548950195,-13.69537353515625,-15.19537353515625,-15.319245338439941,-16.756744384765625,128
train,0,The small panda behind the bolts past the screws beneath the boilers,The small pandas behind the bolt past the screw beneath the boiler,-0.23486542701721191,-7.359865188598633,-0.4770547151565552,-7.352054595947266,-0.34539538621902466,-5.720395565032959,-0.6236082315444946,-5.873608112335205,128
train,1,The small pandas behind the bolt past the screw beneath the boiler,The small panda behind the bolts past the screws beneath the boilers,-0.5732680559158325,-2.948267936706543,-0.9045922160148621,-3.154592275619507,-0.6957693099975586,-2.1957693099975586,-1.2588826417922974,-2.133882522583008,128
train,0,The slender chick outside the windows behind the crates past the barrels,The slender chicks outside the window behind the crate past the barrel,-2.1035351753234863,-7.478535175323486,-1.579292893409729,-7.3292927742004395,-2.3211092948913574,-6.321109294891357,-1.887872338294983,-5.887872219085693,128
train,1,The slender chicks outside the window behind the crate past the barrel,The slender chick outside the windows behind the crates past the barrels,-1.6535017490386963,-4.528501510620117,-1.394376516342163,-6.269376754760742,-2.0205347537994385,-3.2705347537994385,-1.5867576599121094,-5.086757659912109,128
train,0,The nervous dog past the cars beneath the boxes around the walls,The nervous dogs past the car beneath the box around the wall,-20.390005111694336,-20.702505111694336,-17.55390167236328,-19.92890167236328,-20.739051818847656,-20.364051818847656,-17.926210403442383,-19.613710403442383,128
train,1,The nervous dogs past the car beneath the box around the wall,The nervous dog past the cars beneath the boxes around the walls,-19.631973266601562,-20.881973266601562,-18.8775691986084,-20.5650691986084,-19.753971099853516,-20.941471099853516,-18.980777740478516,-20.230777740478516,128
train,0,The sleepy dog behind the valves past the cables beneath the chains,The sleepy dogs behind the valve past the cable beneath the chain,-3.755105495452881,-7.880105495452881,-2.4208521842956543,-8.045851707458496,-3.953129768371582,-6.828129768371582,-2.3489725589752197,-6.598972797393799,128
train,1,The sleepy dogs behind the valve past the cable beneath the chain,The sleepy dog behind the valves past the cables beneath the chains,-3.806042432785034,-5.806042194366455,-3.1691811084747314,-5.669180870056152,-4.091721057891846,-5.341721057891846,-3.2977709770202637,-4.672770977020264,128
train,0,The timid dog outside the clocks behind the plants past the logs,The timid dogs outside the clock behind the plant past the log,-6.887385845184326,-10.262385368347168,-5.574247360229492,-10.574247360229492,-7.003659248352051,-9.62865924835205,-5.688798904418945,-9.563798904418945,128
train,1,The timid dogs outside the clock behind the plant past the log,The timid dog outside the clocks behind the plants past the logs,-5.3016557693481445,-7.3016557693481445,-5.446824073791504,-8.946824073791504,-5.919489860534668,-6.544489860534668,-6.054797649383545,-8.054798126220703,128
train,0,The quiet rat beneath the chairs around the carts outside the benches,The quiet rats beneath the chair around the cart outside the bench,-14.47633171081543,-15.22633171081543,-13.965649604797363,-16.278148651123047,-14.703104019165039,-14.515604019165039,-14.242074966430664,-15.679574966430664,128
train,1,The quiet rats beneath the chair around the cart outside the bench,The quiet rat beneath the chairs around the carts outside the benches,-12.690526962280273,-14.628026962280273,-13.67612075805664,-16.30112075805664,-12.863201141357422,-14.363201141357422,-13.990945816040039,-15.865945816040039,128
train,0,The sleepy rat around the towers outside the cabins behind the signs,The sleepy rats around the tower outside the cabin behind the sign,-3.3491673469543457,-5.974167346954346,-3.0780906677246094,-8.07809066772461,-3.6391329765319824,-5.264132976531982,-3.227123260498047,-6.727123260498047,128
train,1,The sleepy rats around the tower outside the cabin behind the sign,The sleepy rat around the towers outside the cabins behind the signs,-4.650900363922119,-5.650900363922119,-3.6865720748901367,-6.186572074890137,-5.179076194763184,-4.929076194763184,-3.9454097747802734,-5.195409774780273,128
train,0,The small frog outside the windows behind the crates past the barrels,The small frogs outside the window behind the crate past the barrel,-13.667269706726074,-14.479769706726074,-13.807243347167969,-14.744743347167969,-13.861761093139648,-14.361761093139648,-13.974860191345215,-14.537360191345215,128
train,1,The small frogs outside the window behind the crate past the barrel,The small frog outside the windows behind the crates past the barrels,-14.281607627868652,-17.469106674194336,-13.42085075378418,-17.60835075378418,-14.279061317443848,-16.84156036376953,-13.485395431518555,-17.172895431518555,128
train,0,The sleepy monitor beneath the boxes around the walls outside the tables,The sleepy monitors beneath the box around the wall outside the table,-2.7872495651245117,-5.287249565124512,-3.4081764221191406,-7.783176422119141,-3.1021711826324463,-4.727170944213867,-3.7542669773101807,-7.004266738891602,128
train,1,The sleepy monitors beneath the box around the wall outside the table,The sleepy monitor beneath the boxes around the walls outside the tables,-3.738492250442505,-6.613492012023926,-4.551516056060791,-7.301516056060791,-3.979055404663086,-5.979055404663086,-4.553792953491211,-6.553792953491211,128
train,0,The bright monitor beneath the logs around the columns outside the towers,The bright monitors beneath the log around the column outside the tower,-12.898392677307129,-13.710892677307129,-13.267096519470215,-14.767096519470215,-13.211442947387695,-13.148942947387695,-13.4771146774292,-14.2896146774292,128
train,1,The bright monitors beneath the log around the column outside the tower,The bright monitor beneath the logs around the columns outside the towers,-11.127452850341797,-14.877452850341797,-12.490537643432617,-15.303037643432617,-11.21668815612793,-14.71668815612793,-12.600693702697754,-15.038193702697754,128
train,0,The small dolphin around the towers outside the cabins behind the signs,The small dolphins around the tower outside the cabin behind the sign,-15.296942710876465,-16.10944366455078,-14.569746971130371,-17.132247924804688,-15.789466857910156,-15.914466857910156,-14.795583724975586,-16.733083724975586,128
train,1,The small dolphins around the tower outside the cabin behind the sign,The small dolphin around the towers outside the cabins behind the signs,-15.932548522949219,-17.12004852294922,-15.781718254089355,-17.78171730041504,-16.061168670654297,-16.686168670654297,-15.938190460205078,-17.125690460205078,128
train,0,The calm chick behind the plants past the logs beneath the columns,The calm chicks behind the plant past the log beneath the column,-21.384729385375977,-21.759729385375977,-21.790851593017578,-22.947101593017578,-21.613035202026367,-21.738035202026367,-21.842199325561523,-22.748449325561523,128
train,1,The calm chicks behind the plant past the log beneath the column,The calm chick behind the plants past the logs beneath the columns,-20.96415138244629,-22.18290138244629,-21.037660598754883,-22.912660598754883,-20.91925048828125,-21.88800048828125,-21.25912857055664,-22.69662857055664,128
train,0,The fuzzy rabbit beneath the trenches around the dams outside the pots,The fuzzy rabbits beneath the trench around the dam outside the pot,-16.875104904174805,-18.312604904174805,-16.939584732055664,-20.252084732055664,-16.81662940979004,-17.50412940979004,-16.88490867614746,-19.44740867614746,128
train,1,The fuzzy rabbits beneath the trench around the dam outside the pot,The fuzzy rabbit beneath the trenches around the dams outside the pots,-15.445488929748535,-16.19548797607422,-14.172759056091309,-17.235260009765625,-16.06169319152832,-16.24919319152832,-14.377629280090332,-16.565128326416016,128
train,0,The slender dolphin around the walls outside the tables behind the houses,The slender dolphins around the wall outside the table behind the house,-15.94635009765625,-18.50885009765625,-16.866422653198242,-20.928922653198242,-16.234519958496094,-17.922019958496094,-17.041318893432617,-20.416318893432617,128
train,1,The slender dolphins around the wall outside the table behind the house,The slender dolphin around the walls outside the tables behind the houses,-15.7949857711792,-18.482486724853516,-19.031982421875,-21.344482421875,-15.87336254119873,-17.748361587524414,-19.219545364379883,-20.907045364379883,128
train,0,The nervous turtle outside the tables behind the houses past the rocks,The nervous turtles outside the table behind the house past the rock,-4.3976640701293945,-8.272664070129395,-3.473273992538452,-9.098274230957031,-4.645385265350342,-7.395385265350342,-3.825216293334961,-7.950216293334961,128
train,1,The nervous turtles outside the table behind the house past the rock,The nervous turtle outside the tables behind the houses past the rocks,-3.7621493339538574,-6.012149333953857,-4.046783924102783,-7.671783924102783,-4.259245872497559,-5.009245872497559,-4.408792972564697,-6.533792972564697,128
train,0,The slender rat around the walls outside the tables behind the houses,The slender rats around the wall outside the table behind the house,-14.888313293457031,-17.13831329345703,-15.139793395996094,-18.889793395996094,-15.23865032196045,-16.426149368286133,-15.326464653015137,-18.013965606689453,128
train,1,The slender rats around the wall outside the table behind the house,The slender rat around the walls outside the tables behind the houses,-15.508118629455566,-18.69561767578125,-17.15128517150879,-20.15128517150879,-15.63327693939209,-18.008275985717773,-17.155338287353516,-19.217838287353516,128
train,0,The small monitor outside the benches behind the windows past the crates,The small monitors outside the bench behind the window past the crate,-1.4934370517730713,-5.868436813354492,-1.6125898361206055,-7.6125898361206055,-1.775312900543213,-5.025312900543213,-1.8131598234176636,-6.563159942626953,128
train,1,The small monitors outside the bench behind the window past the crate,The small monitor outside the benches behind the windows past the crates,-1.7803279161453247,-5.155327796936035,-2.288857936859131,-6.538857936859131,-2.1014609336853027,-4.351460933685303,-2.5214219093322754,-5.646421909332275,128
train,0,The quiet panda behind the signs past the nests beneath the milestones,The quiet pandas behind the sign past the nest beneath the milestone,-15.923707962036133,-17.611207962036133,-15.33573055267334,-17.773231506347656,-15.985039710998535,-17.23504066467285,-15.269790649414062,-17.144790649414062,128
train,1,The quiet pandas behind the sign past the nest beneath the milestone,The quiet panda behind the signs past the nests beneath the milestones,-14.841548919677734,-16.904048919677734,-13.616020202636719,-16.30352020263672,-15.044859886169434,-16.669858932495117,-13.891622543334961,-15.891622543334961,128
train,0,The slender panda beneath the boxes around the walls outside the tables,The slender pandas beneath the box around the wall outside the table,-3.0043842792510986,-6.1293840408325195,-2.9018776416778564,-8.526877403259277,-3.3643970489501953,-4.864397048950195,-3.132185935974121,-7.257185935974121,128
train,1,The slender pandas beneath the box around the wall outside the table,The slender panda beneath the boxes around the walls outside the tables,-2.635686159133911,-5.760685920715332,-3.326547384262085,-6.326547622680664,-2.8707759380340576,-4.9957756996154785,-3.6900246143341064,-5.440024375915527,128
train,0,The sleepy kitten beneath the logs around the columns outside the towers,The sleepy kittens beneath the log around the column outside the tower,-3.4950239658355713,-9.495023727416992,-2.6654393672943115,-9.16543960571289,-3.8385982513427734,-7.838598251342773,-2.9793028831481934,-7.604302883148193,128
train,1,The sleepy kittens beneath the log around the column outside the tower,The sleepy kitten beneath the logs around the columns outside the towers,-3.0241198539733887,-7.399119853973389,-3.2232964038848877,-7.598296165466309,-3.2084927558898926,-6.208492755889893,-3.3547592163085938,-6.354759216308594,128
train,0,The quiet horse around the thresholds outside the drums behind the bolts,The quiet horses around the threshold outside the drum behind the bolt,-5.943652153015137,-8.068652153015137,-3.6479380130767822,-8.272937774658203,-6.058587551116943,-7.558587551116943,-3.9976859092712402,-7.24768590927124,128
train,1,The quiet horses around the threshold outside the drum behind the bolt,The quiet horse around the thresholds outside the drums behind the bolts,-5.845512866973877,-6.720512866973877,-5.6416015625,-7.6416015625,-6.270549774169922,-6.145549774169922,-5.895413875579834,-6.895413875579834,128
train,0,The bright monitor outside the cabins behind the signs past the nests,The bright monitors outside the cabin behind the sign past the nest,-3.7163050174713135,-6.841304779052734,-3.3298909664154053,-8.204891204833984,-4.161653518676758,-6.286653518676758,-3.5668389797210693,-7.19183874130249,128
train,1,The bright monitors outside the cabin behind the sign past the nest,The bright monitor outside the cabins behind the signs past the nests,-5.499225616455078,-6.499225616455078,-4.894614219665527,-7.644614219665527,-5.68804407119751,-6.06304407119751,-5.141396999359131,-7.141396999359131,128
train,0,The bright rabbit outside the pots behind the pans past the cars,The bright rabbits outside the pot behind the pan past the car,-20.440349578857422,-20.690349578857422,-20.37506675720215,-21.43756675720215,-20.562864303588867,-20.437864303588867,-20.42892837524414,-21.11642837524414,128
train,1,The bright rabbits outside the pot behind the pan past the car,The bright rabbit outside the pots behind the pans past the cars,-17.883729934692383,-21.133729934692383,-18.801828384399414,-22.395578384399414,-18.06542205810547,-20.69042205810547,-18.866893768310547,-21.866893768310547,128
train,0,The quiet turtle around the dams outside the pots behind the pans,The quiet turtles around the dam outside the pot behind the pan,-4.069854259490967,-9.444854736328125,-3.693899393081665,-9.943899154663086,-3.869719982147217,-8.244720458984375,-3.9334981441497803,-8.55849838256836,128
train,1,The quiet turtles around the dam outside the pot behind the pan,The quiet turtle around the dams outside the pots behind the pans,-1.6022629737854004,-2.4772629737854004,-2.323904514312744,-5.323904514312744,-2.217270851135254,-1.9672707319259644,-2.5460705757141113,-4.421070575714111,128
train,0,The sleepy dog outside the houses behind the rocks past the chairs,The sleepy dogs outside the house behind the rock past the chair,-15.61434268951416,-17.989341735839844,-14.767509460449219,-17.95500946044922,-15.810783386230469,-17.37328338623047,-15.062348365783691,-17.499849319458008,128
train,1,The sleepy dogs outside the house behind the rock past the chair,The sleepy dog outside the houses behind the rocks past the chairs,-15.394803047180176,-17.894804000854492,-14.797368049621582,-18.109867095947266,-15.528627395629883,-17.528627395629883,-14.986979484558105,-17.674480438232422,128
train,0,The sleepy panda behind the pans past the cars beneath the boxes,The sleepy pandas behind the pan past the car beneath the box,-19.02584457397461,-20.46334457397461,-17.581127166748047,-19.956127166748047,-19.140317916870117,-20.265317916870117,-17.70625114440918,-19.70625114440918,128
train,1,The sleepy pandas behind the pan past the car beneath the box,The sleepy panda behind the pans past the cars beneath the boxes,-18.0214900970459,-22.0839900970459,-17.52285385131836,-21.46035385131836,-17.964426040649414,-21.464426040649414,-17.465557098388672,-20.840557098388672,128
train,0,The nervous dolphin behind the windows past the crates beneath the barrels,The nervous dolphins behind the window past the crate beneath the barrel,-2.845407485961914,-8.845407485961914,-2.6130003929138184,-9.113000869750977,-3.1001405715942383,-7.600140571594238,-2.8004839420318604,-7.800483703613281,128
train,1,The nervous dolphins behind the window past the crate beneath the barrel,The nervous dolphin behind the windows past the crates beneath the barrels,-3.7222204208374023,-5.097220420837402,-2.7637810707092285,-5.5137810707092285,-4.082841873168945,-4.582841873168945,-3.1992673873901367,-4.949267387390137,128
train,0,The small cow behind the houses past the rocks beneath the chairs,The small cows behind the house past the rock beneath the chair,-18.06529998779297,-20.19029998779297,-18.519819259643555,-21.332319259643555,-18.0518798828125,-19.3643798828125,-18.6158390045166,-20.7408390045166,128
train,1,The small cows behind the house past the rock beneath the chair,The small cow behind the houses past the rocks beneath the chairs,-16.914424896240234,-19.164424896240234,-18.029829025268555,-20.967329025268555,-17.023988723754883,-18.461488723754883,-18.506267547607422,-20.318767547607422,128
train,0,The timid pup past the screws beneath the boilers around the tanks,The timid pups past the screw beneath the boiler around the tank,-15.737787246704102,-16.9877872467041,-12.977195739746094,-16.664695739746094,-16.342952728271484,-16.655452728271484,-13.018342971801758,-15.893342971801758,128
train,1,The timid pups past the screw beneath the boiler around the tank,The timid pup past the screws beneath the boilers around the tanks,-14.782427787780762,-16.719926834106445,-12.550450325012207,-16.48794937133789,-15.122102737426758,-16.497102737426758,-12.89004135131836,-16.01504135131836,128
train,0,The slender frog behind the bolts past the screws beneath the boilers,The slender frogs behind the bolt past the screw beneath the boiler,-15.010234832763672,-17.947734832763672,-15.639193534851074,-18.139192581176758,-14.99307632446289,-17.80557632446289,-15.56943130493164,-17.88193130493164,128
train,1,The slender frogs behind the bolt past the screw beneath the boiler,The slender frog behind the bolts past the screws beneath the boilers,-15.709707260131836,-16.584707260131836,-15.485215187072754,-16.985214233398438,-15.850295066833496,-16.47529411315918,-15.473644256591797,-16.536144256591797,128
train,0,The sleepy panda outside the stools behind the clocks past the plants,The sleepy pandas outside the stool behind the clock past the plant,-5.749483108520508,-9.124483108520508,-3.8250033855438232,-8.575003623962402,-6.01023530960083,-8.135235786437988,-3.9540092945098877,-7.454009532928467,128
train,1,The sleepy pandas outside the stool behind the clock past the plant,The sleepy panda outside the stools behind the clocks past the plants,-3.8066349029541016,-6.306634902954102,-3.485386371612549,-6.735386371612549,-4.075976848602295,-5.325976848602295,-3.7391021251678467,-5.614101886749268,128
train,0,The small rat beneath the carts around the benches outside the windows,The small rats beneath the cart around the bench outside the window,-2.6281423568725586,-5.003142356872559,-2.6511459350585938,-6.651145935058594,-2.9492735862731934,-4.199273586273193,-2.9580063819885254,-5.708006381988525,128
train,1,The small rats beneath the cart around the bench outside the window,The small rat beneath the carts around the benches outside the windows,-2.355893135070801,-5.855893135070801,-3.4332118034362793,-6.683211803436279,-2.5980608463287354,-4.9730610847473145,-3.5664286613464355,-5.6914286613464355,128
train,0,The small panda beneath the barrels around the statues outside the stools,The small pandas beneath the barrel around the statue outside the stool,-2.1689679622650146,-4.7939677238464355,-1.628010869026184,-7.1280107498168945,-2.6194441318511963,-3.8694441318511963,-1.8365416526794434,-5.711541652679443,128
train,1,The small pandas beneath the barrel around the statue outside the stool,The small panda beneath the barrels around the statues outside the stools,-3.051868438720703,-4.551868438720703,-2.59865140914917,-4.97365140914917,-3.201094388961792,-3.826094388961792,-3.0697109699249268,-4.194711208343506,128
train,0,The calm pup behind the plants past the logs beneath the columns,The calm pups behind the plant past the log beneath the column,-16.97019386291504,-18.78269386291504,-18.670045852661133,-21.170045852661133,-17.200069427490234,-18.512569427490234,-18.959651947021484,-20.959651947021484,128
train,1,The calm pups behind the plant past the log beneath the column,The calm pup behind the plants past the logs beneath the columns,-17.137290954589844,-18.824790954589844,-18.766178131103516,-20.078678131103516,-17.381961822509766,-18.756961822509766,-18.89364242553711,-19.89364242553711,128
train,0,The bright rat around the carts outside the benches behind the windows,The bright rats around the cart outside the bench behind the window,-15.971251487731934,-17.408750534057617,-16.224336624145508,-17.724336624145508,-16.258264541625977,-17.070764541625977,-16.39048957824707,-17.45298957824707,128
train,1,The bright rats around the cart outside the bench behind the window,The bright rat around the carts outside the benches behind the windows,-13.731637954711914,-16.919137954711914,-14.527681350708008,-17.340181350708008,-13.809962272644043,-16.74746322631836,-14.715677261352539,-17.27817726135254,128
train,0,The timid dolphin outside the pipes behind the valves past the cables,The timid dolphins outside the pipe behind the valve past the cable,-2.7982025146484375,-8.173202514648438,-2.0610880851745605,-8.561088562011719,-2.952153444290161,-6.952153205871582,-2.165886878967285,-6.915886878967285,128
train,1,The timid dolphins outside the pipe behind the valve past the cable,The timid dolphin outside the pipes behind the valves past the cables,-3.361175298690796,-4.986175537109375,-2.8343961238861084,-5.459395885467529,-3.6604537963867188,-4.160453796386719,-3.076669216156006,-4.451669216156006,128
train,0,The quiet rabbit around the thresholds outside the drums behind the bolts,The quiet rabbits around the threshold outside the drum behind the bolt,-6.151315212249756,-8.651314735412598,-4.032720565795898,-8.782720565795898,-6.2248101234436035,-7.9748101234436035,-4.189095497131348,-7.689095497131348,128
train,1,The quiet rabbits around the threshold outside the drum behind the bolt,The quiet rabbit around the thresholds outside the drums behind the bolts,-5.896263122558594,-7.021263122558594,-5.017646789550781,-7.767646789550781,-6.4685468673706055,-6.3435468673706055,-5.378018379211426,-6.878018379211426,128
train,0,The bright rat behind the pans past the cars beneath the boxes,The bright rats behind the pan past the car beneath the box,-4.754822254180908,-10.25482177734375,-3.28365421295166,-9.53365421295166,-4.989609241485596,-9.364609718322754,-3.631561279296875,-8.631561279296875,128
train,1,The bright rats behind the pan past the car beneath the box,The bright rat behind the pans past the cars beneath the boxes,-6.554635047912598,-7.929635047912598,-5.6635637283325195,-7.5385637283325195,-6.691279888153076,-6.941279888153076,-5.794743537902832,-6.544743537902832,128
train,0,The quiet shark past the plants beneath the logs around the columns,The quiet sharks past the plant beneath the log around the column,-18.68754005432129,-20.37504005432129,-17.407367706298828,-19.657367706298828,-19.107044219970703,-19.857044219970703,-17.61092185974121,-18.86092185974121,128
train,1,The quiet sharks past the plant beneath the log around the column,The quiet shark past the plants beneath the logs around the columns,-16.557308197021484,-18.369808197021484,-15.714543342590332,-19.33954429626465,-17.021291732788086,-18.271291732788086,-15.937223434448242,-18.812223434448242,128
train,0,The timid turtle outside the clocks behind the plants past the logs,The timid turtles outside the clock behind the plant past the log,-5.981956958770752,-9.856956481933594,-5.193829536437988,-10.068829536437988,-6.462370872497559,-9.212370872497559,-5.449337482452393,-8.94933795928955,128
train,1,The timid turtles outside the clock behind the plant past the log,The timid turtle outside the clocks behind the plants past the logs,-4.313209056854248,-6.313209056854248,-4.713350296020508,-8.963350296020508,-5.047685623168945,-5.297685623168945,-5.089199066162109,-7.839199066162109,128
train,0,The bright bat behind the valves past the cables beneath the chains,The bright bats behind the valve past the cable beneath the chain,-15.893016815185547,-18.268016815185547,-15.681328773498535,-19.36882972717285,-16.136856079101562,-18.199356079101562,-15.929698944091797,-18.929698944091797,128
train,1,The bright bats behind the valve past the cable beneath the chain,The bright bat behind the valves past the cables beneath the chains,-15.329934120178223,-16.76743507385254,-16.244277954101562,-17.619277954101562,-15.555910110473633,-16.493410110473633,-16.481454849243164,-17.293954849243164,128
train,0,The quiet turtle beneath the chairs around the carts outside the benches,The quiet turtles beneath the chair around the cart outside the bench,-2.5545382499694824,-6.554538249969482,-2.636888027191162,-8.38688850402832,-2.9800264835357666,-5.6050262451171875,-2.9825599193573,-7.232560157775879,128
train,1,The quiet turtles beneath the chair around the cart outside the bench,The quiet turtle beneath the chairs around the carts outside the benches,-4.123282432556152,-4.623282432556152,-3.9423913955688477,-6.567391395568848,-4.930137634277344,-4.180137634277344,-4.31178617477417,-5.68678617477417,128
train,0,The small shark past the vines beneath the trenches around the dams,The small sharks past the vine beneath the trench around the dam,-16.689157485961914,-17.376657485961914,-14.55183219909668,-16.11433219909668,-16.499143600463867,-17.061643600463867,-14.581228256225586,-15.768728256225586,128
train,1,The small sharks past the vine beneath the trench around the dam,The small shark past the vines beneath the trenches around the dams,-12.517641067504883,-14.955141067504883,-12.487723350524902,-13.987723350524902,-12.546944618225098,-14.796944618225098,-12.364267349243164,-13.739267349243164,128
train,0,The small chick past the rocks beneath the chairs around the carts,The small chicks past the rock beneath the chair around the cart,-4.236547470092773,-8.361547470092773,-3.649183988571167,-9.149184226989746,-4.585536003112793,-7.585536003112793,-3.9057281017303467,-8.155728340148926,128
train,1,The small chicks past the rock beneath the chair around the cart,The small chick past the rocks beneath the chairs around the carts,-4.264475345611572,-5.514475345611572,-3.7183096408843994,-6.84330940246582,-4.475047588348389,-5.100047588348389,-3.995821714401245,-6.245821475982666,128
train,0,The calm panda outside the drums behind the bolts past the screws,The calm pandas outside the drum behind the bolt past the screw,-17.235822677612305,-18.110822677612305,-16.46101188659668,-17.96101188659668,-17.487199783325195,-17.862199783325195,-16.439002990722656,-17.626502990722656,128
train,1,The calm pandas outside the drum behind the bolt past the screw,The calm panda outside the drums behind the bolts past the screws,-15.800603866577148,-19.20685386657715,-16.08734130859375,-19.11859130859375,-15.833608627319336,-19.052358627319336,-16.20216178894043,-18.79591178894043,128
test,0,The round [wug] near the gates beside the fences under the lamps,The round [wugs] near the gate beside the fence under the lamp,-2.624269485473633,-6.749269485473633,-3.043611526489258,-8.793611526489258,-2.851654291152954,-5.976654529571533,-3.353743553161621,-7.978743553161621,128
test,1,The round [wugs] near the gate beside the fence under the lamp,The round [wug] near the gates beside the fences under the lamps,-3.2719900608062744,-3.8969900608062744,-5.334610939025879,-6.209610939025879,-3.506237506866455,-3.131237506866455,-5.604232311248779,-5.354232311248779,128
test,0,The round [wug] alongside the ropes near the cords beside the straps,The round [wugs] alongside the rope near the cord beside the strap,-15.124884605407715,-16.87488555908203,-15.522454261779785,-17.7099552154541,-15.586578369140625,-16.649078369140625,-15.95329475402832,-17.39079475402832,128
test,1,The round [wugs] alongside the rope near the cord beside the strap,The round [wug] alongside the ropes near the cords beside the straps,-15.103368759155273,-16.103368759155273,-15.270695686340332,-17.02069664001465,-15.482922554016113,-15.795422554016113,-15.428452491760254,-16.49095344543457,128
test,0,The sturdy [wug] alongside the lamps near the sheds beside the posts,The sturdy [wugs] alongside the lamp near the shed beside the post,-17.39826202392578,-18.64826202392578,-17.308969497680664,-19.121469497680664,-17.39834976196289,-18.58584976196289,-17.289859771728516,-18.977359771728516,128
test,1,The sturdy [wugs] alongside the lamp near the shed beside the post,The sturdy [wug] alongside the lamps near the sheds beside the posts,-19.187429428100586,-21.468679428100586,-17.74032211303711,-19.49032211303711,-18.986024856567383,-21.142274856567383,-17.965824127197266,-19.528324127197266,128
test,0,The round [wug] near the bridges beside the gates under the fences,The round [wugs] near the bridge beside the gate under the fence,-2.077451705932617,-5.452451705932617,-2.131680488586426,-8.631680488586426,-2.355957508087158,-4.480957508087158,-2.3904619216918945,-7.3904619216918945,128
test,1,The round [wugs] near the bridge beside the gate under the fence,The round [wug] near the bridges beside the gates under the fences,-2.8346190452575684,-3.8346190452575684,-4.203948020935059,-4.953948020935059,-3.0920724868774414,-3.3420724868774414,-4.502838134765625,-4.127838134765625,128
test,0,The round [wug] under the lamps by the sheds above the posts,The round [wugs] under the lamp by the shed above the post,-20.880264282226562,-22.099014282226562,-20.01035499572754,-23.01035499572754,-21.303442001342773,-21.834692001342773,-20.191761016845703,-22.660511016845703,128
test,1,The round [wugs] under the lamp by the shed above the post,The round [wug] under the lamps by the sheds above the posts,-21.583293914794922,-23.223918914794922,-21.271339416503906,-22.583839416503906,-21.649362564086914,-23.149362564086914,-21.589645385742188,-22.402145385742188,128
test,0,The strange [wug] below the locks between the jars atop the trees,The strange [wugs] below the lock between the jar atop the tree,-15.161626815795898,-15.536626815795898,-16.58196449279785,-16.26946449279785,-15.294921875,-15.169921875,-16.6682071685791,-16.0432071685791,128
test,1,The strange [wugs] below the lock between the jar atop the tree,The strange [wug] below the locks between the jars atop the trees,-15.783326148986816,-17.470827102661133,-15.332752227783203,-18.770252227783203,-15.625630378723145,-17.06313133239746,-15.703165054321289,-18.76566505432129,128
test,0,The restless [wug] beside the pillars under the wells by the cabinets,The restless [wugs] beside the pillar under the well by the cabinet,-18.428497314453125,-18.615997314453125,-18.26543617248535,-19.32793617248535,-18.598308563232422,-18.160808563232422,-18.353092193603516,-18.665592193603516,128
test,1,The restless [wugs] beside the pillar under the well by the cabinet,The restless [wug] beside the pillars under the wells by the cabinets,-17.0944766998291,-18.5944766998291,-16.7137451171875,-18.9012451171875,-17.268096923828125,-18.393096923828125,-16.968551635742188,-18.531051635742188,128
test,0,The clever [wug] alongside the locks near the jars beside the trees,The clever [wugs] alongside the lock near the jar beside the tree,-17.042282104492188,-17.354782104492188,-15.244336128234863,-15.681836128234863,-17.042564392089844,-16.980064392089844,-15.222894668579102,-15.160394668579102,128
test,1,The clever [wugs] alongside the lock near the jar beside the tree,The clever [wug] alongside the locks near the jars beside the trees,-17.10322380065918,-18.10322380065918,-15.02285099029541,-17.397850036621094,-17.477495193481445,-17.914995193481445,-15.151103019714355,-16.838603973388672,128
test,0,The round [wug] below the mirrors between the bushes atop the tents,The round [wugs] below the mirror between the bush atop the tent,-2.332186460494995,-4.457186698913574,-2.8208796977996826,-6.6958794593811035,-2.695385456085205,-4.070385456085205,-2.992267608642578,-5.992267608642578,128
test,1,The round [wugs] below the mirror between the bush atop the tent,The round [wug] below the mirrors between the bushes atop the tents,-2.872135639190674,-3.372135639190674,-3.576537609100342,-4.326537609100342,-3.0933609008789062,-2.9683609008789062,-3.906789541244507,-3.906789541244507,128
test,0,The tiny [wug] opposite the doors alongside the baskets near the pillars,The tiny [wugs] opposite the door alongside the basket near the pillar,-16.400177001953125,-17.400177001953125,-16.460769653320312,-17.460769653320312,-16.52292823791504,-16.96042823791504,-16.520782470703125,-17.020782470703125,128
test,1,The tiny [wugs] opposite the door alongside the basket near the pillar,The tiny [wug] opposite the doors alongside the baskets near the pillars,-15.660947799682617,-18.098447799682617,-15.820304870605469,-18.69530487060547,-15.657065391540527,-17.594566345214844,-15.741777420043945,-18.366777420043945,128
test,0,The tiny [wug] beside the fences under the lamps by the sheds,The tiny [wugs] beside the fence under the lamp by the shed,-2.1711244583129883,-4.296124458312988,-2.720980167388916,-7.345980167388916,-2.630666732788086,-3.380666732788086,-3.285327672958374,-6.035327911376953,128
test,1,The tiny [wugs] beside the fence under the lamp by the shed,The tiny [wug] beside the fences under the lamps by the sheds,-2.425264358520508,-2.925264358520508,-4.052267074584961,-7.177267074584961,-3.040696859359741,-2.415696859359741,-4.176994323730469,-6.426994323730469,128
test,0,The wary [wug] by the cabinets above the desks below the sofas,The wary [wugs] by the cabinet above the desk below the sofa,-17.165285110473633,-18.290285110473633,-17.350147247314453,-19.100147247314453,-17.304590225219727,-18.054590225219727,-17.450748443603516,-18.763248443603516,128
test,1,The wary [wugs] by the cabinet above the desk below the sofa,The wary [wug] by the cabinets above the desks below the sofas,-15.760748863220215,-16.19824981689453,-16.128551483154297,-18.003551483154297,-16.152833938598633,-16.027833938598633,-16.252687454223633,-17.815187454223633,128
test,0,The tiny [wug] below the hooks between the knobs atop the hinges,The tiny [wugs] below the hook between the knob atop the hinge,-1.641330599784851,-5.391330718994141,-1.2723993062973022,-7.147399425506592,-1.8737553358078003,-4.37375545501709,-1.4431378841400146,-5.943138122558594,128
test,1,The tiny [wugs] below the hook between the knob atop the hinge,The tiny [wug] below the hooks between the knobs atop the hinges,-2.5550951957702637,-3.4300951957702637,-2.70184063911438,-3.57684063911438,-2.738201141357422,-2.863201141357422,-2.866271734237671,-3.241271734237671,128
test,0,The sturdy [wug] between the jars atop the trees opposite the ponds,The sturdy [wugs] between the jar atop the tree opposite the pond,-20.736215591430664,-21.986215591430664,-20.64698028564453,-23.33448028564453,-20.927785873413086,-21.240285873413086,-20.61627197265625,-22.24127197265625,128
test,1,The sturdy [wugs] between the jar atop the tree opposite the pond,The sturdy [wug] between the jars atop the trees opposite the ponds,-18.86330223083496,-20.11330223083496,-19.875158309936523,-22.125158309936523,-19.42391014099121,-19.92391014099121,-20.188119888305664,-21.938119888305664,128
test,0,The wary [wug] opposite the ponds alongside the bridges near the gates,The wary [wugs] opposite the pond alongside the bridge near the gate,-15.909997940063477,-17.534997940063477,-17.28993797302246,-18.41493797302246,-16.171443939208984,-16.921443939208984,-17.33816909790039,-17.71316909790039,128
test,1,The wary [wugs] opposite the pond alongside the bridge near the gate,The wary [wug] opposite the ponds alongside the bridges near the gates,-15.851079940795898,-16.8510799407959,-15.797551155090332,-18.610050201416016,-16.151777267456055,-16.339277267456055,-15.765729904174805,-18.265729904174805,128
test,0,The fierce [wug] near the buckets beside the sacks under the bins,The fierce [wugs] near the bucket beside the sack under the bin,-13.460931777954102,-15.335931777954102,-13.704123497009277,-16.266624450683594,-13.635872840881348,-14.760872840881348,-13.778602600097656,-15.653602600097656,128
test,1,The fierce [wugs] near the bucket beside the sack under the bin,The fierce [wug] near the buckets beside the sacks under the bins,-12.710014343261719,-14.397514343261719,-14.036684036254883,-16.036684036254883,-13.048107147216797,-13.985607147216797,-14.363208770751953,-15.613208770751953,128
test,0,The round [wug] atop the baskets opposite the pillars alongside the wells,The round [wugs] atop the basket opposite the pillar alongside the well,-13.029995918273926,-14.779995918273926,-14.0254545211792,-17.650455474853516,-13.053313255310059,-13.803313255310059,-14.067789077758789,-16.75528907775879,128
test,1,The round [wugs] atop the basket opposite the pillar alongside the well,The round [wug] atop the baskets opposite the pillars alongside the wells,-10.95788860321045,-13.52038860321045,-11.81091022491455,-13.99841022491455,-11.12047290802002,-12.99547290802002,-11.959612846374512,-13.459612846374512,128
test,0,The strange [wug] beside the desks under the sofas by the mirrors,The strange [wugs] beside the desk under the sofa by the mirror,-2.665104389190674,-5.915104389190674,-2.399484634399414,-7.399484634399414,-3.173900604248047,-5.048900604248047,-2.3915534019470215,-6.2665534019470215,128
test,1,The strange [wugs] beside the desk under the sofa by the mirror,The strange [wug] beside the desks under the sofas by the mirrors,-3.133474349975586,-3.758474349975586,-3.0517210960388184,-4.301721096038818,-3.505566120147705,-3.255566120147705,-3.263796806335449,-3.638796806335449,128
test,0,The strange [wug] below the roots between the cliffs atop the slopes,The strange [wugs] below the root between the cliff atop the slope,-12.9702730178833,-14.8452730178833,-14.210760116577148,-16.21076011657715,-13.10843276977539,-14.42093276977539,-14.322192192077637,-15.884692192077637,128
test,1,The strange [wugs] below the root between the cliff atop the slope,The strange [wug] below the roots between the cliffs atop the slopes,-13.335140228271484,-14.022640228271484,-14.324383735656738,-15.636883735656738,-13.448235511779785,-13.823235511779785,-14.413660049438477,-15.413660049438477,128
test,0,The restless [wug] near the buckets beside the sacks under the bins,The restless [wugs] near the bucket beside the sack under the bin,-11.496306419372559,-13.246306419372559,-13.35240364074707,-16.10240364074707,-11.684432983398438,-12.809432983398438,-13.52521800994873,-15.65021800994873,128
test,1,The restless [wugs] near the bucket beside the sack under the bin,The restless [wug] near the buckets beside the sacks under the bins,-10.54957103729248,-12.98707103729248,-13.297554016113281,-15.360054016113281,-10.969334602355957,-12.719334602355957,-13.436088562011719,-14.998588562011719,128
test,0,The clumsy [wug] alongside the lamps near the sheds beside the posts,The clumsy [wugs] alongside the lamp near the shed beside the post,-19.20676040649414,-19.95676040649414,-17.43947982788086,-19.31447982788086,-19.35295295715332,-19.72795295715332,-17.53300666809082,-19.15800666809082,128
test,1,The clumsy [wugs] alongside the lamp near the shed beside the post,The clumsy [wug] alongside the lamps near the sheds beside the posts,-19.946725845336914,-21.196725845336914,-16.26749038696289,-18.20499038696289,-19.855533599853516,-20.949283599853516,-16.400962829589844,-17.900962829589844,128
test,0,The bold [wug] near the cords beside the straps under the heaps,The bold [wugs] near the cord beside the strap under the heap,-17.218732833862305,-18.093732833862305,-16.078248977661133,-18.453248977661133,-17.421279907226562,-17.858779907226562,-16.2735652923584,-18.1485652923584,128
test,1,The bold [wugs] near the cord beside the strap under the heap,The bold [wug] near the cords beside the straps under the heaps,-16.253036499023438,-16.565536499023438,-14.093643188476562,-15.718643188476562,-16.297012329101562,-16.359512329101562,-14.300580978393555,-15.425580978393555,128
test,0,The lively [wug] below the nails between the switches atop the sockets,The lively [wugs] below the nail between the switch atop the socket,-12.753161430358887,-13.253161430358887,-14.198752403259277,-15.261252403259277,-12.979363441467285,-12.729363441467285,-14.313153266906738,-14.813153266906738,128
test,1,The lively [wugs] below the nail between the switch atop the socket,The lively [wug] below the nails between the switches atop the sockets,-10.908954620361328,-12.471454620361328,-12.388197898864746,-14.200697898864746,-11.34038257598877,-12.46538257598877,-12.88949203491211,-14.13949203491211,128
test,0,The gentle [wug] above the hinges below the nails between the switches,The gentle [wugs] above the hinge below the nail between the switch,-18.456445693969727,-18.456445693969727,-17.055784225463867,-17.868284225463867,-18.70429801940918,-18.20429801940918,-17.208852767944336,-17.646352767944336,128
test,1,The gentle [wugs] above the hinge below the nail between the switch,The gentle [wug] above the hinges below the nails between the switches,-19.854476928710938,-20.541976928710938,-18.118152618408203,-19.618152618408203,-19.796480178833008,-20.421480178833008,-18.12098503112793,-19.30848503112793,128
test,0,The tiny [wug] below the ponds between the bridges atop the gates,The tiny [wugs] below the pond between the bridge atop the gate,-13.757172584533691,-15.507172584533691,-13.630859375,-15.255859375,-13.865583419799805,-15.053083419799805,-13.750310897827148,-14.812810897827148,128
test,1,The tiny [wugs] below the pond between the bridge atop the gate,The tiny [wug] below the ponds between the bridges atop the gates,-15.837047576904297,-16.087047576904297,-15.201554298400879,-16.889055252075195,-15.686949729919434,-15.561949729919434,-15.273816108703613,-16.586315155029297,128
test,0,The clumsy [wug] near the baskets beside the pillars under the wells,The clumsy [wugs] near the basket beside the pillar under the well,-15.913355827331543,-18.850854873657227,-16.87150001525879,-19.18400001525879,-16.112516403198242,-18.550016403198242,-17.049606323242188,-19.049606323242188,128
test,1,The clumsy [wugs] near the basket beside the pillar under the well,The clumsy [wug] near the baskets beside the pillars under the wells,-14.990053176879883,-14.927553176879883,-16.313810348510742,-17.813810348510742,-15.471839904785156,-14.721839904785156,-16.447694778442383,-17.447694778442383,128
test,0,The sturdy [wug] above the sheds below the posts between the doors,The sturdy [wugs] above the shed below the post between the door,-16.195049285888672,-16.882549285888672,-15.789127349853516,-16.664127349853516,-16.623327255249023,-16.623327255249023,-16.043107986450195,-16.480607986450195,128
test,1,The sturdy [wugs] above the shed below the post between the door,The sturdy [wug] above the sheds below the posts between the doors,-16.735475540161133,-17.360475540161133,-16.086299896240234,-17.586299896240234,-16.803129196166992,-17.178129196166992,-16.297962188720703,-17.547962188720703,128
test,0,The tiny [wug] near the desks beside the sofas under the mirrors,The tiny [wugs] near the desk beside the sofa under the mirror,-1.9064711332321167,-5.406471252441406,-2.2106564044952393,-8.21065616607666,-2.2981252670288086,-4.048125267028809,-2.335268259048462,-7.085268020629883,128
test,1,The tiny [wugs] near the desk beside the sofa under the mirror,The tiny [wug] near the desks beside the sofas under the mirrors,-2.2806761264801025,-3.1556761264801025,-3.11505126953125,-6.11505126953125,-2.5490760803222656,-2.4240760803222656,-3.1585168838500977,-5.033516883850098,128
test,0,The sturdy [wug] alongside the wells near the cabinets beside the desks,The sturdy [wugs] alongside the well near the cabinet beside the desk,-15.313688278198242,-16.251188278198242,-15.087961196899414,-16.212961196899414,-15.582806587219238,-15.957806587219238,-15.304891586303711,-15.992391586303711,128
test,1,The sturdy [wugs] alongside the well near the cabinet beside the desk,The sturdy [wug] alongside the wells near the cabinets beside the desks,-15.863014221191406,-16.675514221191406,-16.008438110351562,-17.508438110351562,-16.147197723388672,-16.272197723388672,-16.074798583984375,-17.012298583984375,128
test,0,The sturdy [wug] near the baskets beside the pillars under the wells,The sturdy [wugs] near the basket beside the pillar under the well,-1.7554904222488403,-5.130490303039551,-2.37762713432312,-7.627626895904541,-2.062631607055664,-3.937631607055664,-2.489058017730713,-6.364058017730713,128
test,1,The sturdy [wugs] near the basket beside the pillar under the well,The sturdy [wug] near the baskets beside the pillars under the wells,-0.8605093359947205,-1.9855093955993652,-2.583688259124756,-3.958688259124756,-1.467048168182373,-1.217048168182373,-2.965630054473877,-3.465630054473877,128
test,0,The round [wug] above the trees below the ponds between the bridges,The round [wugs] above the tree below the pond between the bridge,-16.50752067565918,-19.38252067565918,-17.183256149291992,-20.370756149291992,-16.731529235839844,-18.731529235839844,-17.325162887573242,-19.887662887573242,128
test,1,The round [wugs] above the tree below the pond between the bridge,The round [wug] above the trees below the ponds between the bridges,-18.539962768554688,-18.977462768554688,-18.383838653564453,-19.633838653564453,-18.615983963012695,-18.615983963012695,-18.532690048217773,-19.157690048217773,128
test,0,The wary [wug] alongside the knobs near the hinges beside the nails,The wary [wugs] alongside the knob near the hinge beside the nail,-20.041587829589844,-22.541587829589844,-20.0974063873291,-23.0974063873291,-20.140810012817383,-22.234560012817383,-20.33548355102539,-23.02298355102539,128
test,1,The wary [wugs] alongside the knob near the hinge beside the nail,The wary [wug] alongside the knobs near the hinges beside the nails,-22.200443267822266,-23.137943267822266,-21.764331817626953,-22.108081817626953,-22.384580612182617,-23.165830612182617,-21.862998962402344,-21.956748962402344,128
test,0,The restless [wug] under the ponds by the bridges above the gates,The restless [wugs] under the pond by the bridge above the gate,-13.425431251525879,-13.487931251525879,-14.222467422485352,-14.909967422485352,-13.397747993469238,-12.897747993469238,-14.34346866607666,-14.46846866607666,128
test,1,The restless [wugs] under the pond by the bridge above the gate,The restless [wug] under the ponds by the bridges above the gates,-12.107767105102539,-12.982767105102539,-12.609057426452637,-14.921557426452637,-12.345172882080078,-12.657672882080078,-12.616020202636719,-14.428520202636719,128
test,0,The round [wug] opposite the straps alongside the heaps near the pens,The round [wugs] opposite the strap alongside the heap near the pen,-14.206123352050781,-14.393623352050781,-14.932315826416016,-16.932315826416016,-14.66181468963623,-13.84931468963623,-15.081531524658203,-16.269031524658203,128
test,1,The round [wugs] opposite the strap alongside the heap near the pen,The round [wug] opposite the straps alongside the heaps near the pens,-12.706798553466797,-15.206798553466797,-13.0393648147583,-16.539363861083984,-13.043192863464355,-15.105692863464355,-13.51427936553955,-16.326778411865234,128
test,0,The round [wug] by the buckets above the sacks below the bins,The round [wugs] by the bucket above the sack below the bin,-2.5651164054870605,-7.8151164054870605,-2.0580942630767822,-7.808094024658203,-2.8240485191345215,-7.0740485191345215,-2.2739500999450684,-7.148950099945068,128
test,1,The round [wugs] by the bucket above the sack below the bin,The round [wug] by the buckets above the sacks below the bins,-2.2892892360687256,-3.1642892360687256,-2.6625144481658936,-3.6625144481658936,-2.4768362045288086,-2.8518362045288086,-2.9311752319335938,-3.1811752319335938,128
test,0,The shy [wug] beside the wells under the cabinets by the desks,The shy [wugs] beside the well under the cabinet by the desk,-16.01057243347168,-17.19807243347168,-17.512344360351562,-18.512344360351562,-16.51610565185547,-16.70360565185547,-17.837709426879883,-18.087709426879883,128
test,1,The shy [wugs] beside the well under the cabinet by the desk,The shy [wug] beside the wells under the cabinets by the desks,-15.941370010375977,-15.753870010375977,-16.199012756347656,-19.199012756347656,-16.854248046875,-15.604247093200684,-16.539676666259766,-18.477176666259766,128
test,0,The strange [wug] near the sockets beside the wires under the ropes,The strange [wugs] near the socket beside the wire under the rope,-6.530186653137207,-9.280186653137207,-6.469241142272949,-10.59424114227295,-6.778018951416016,-8.653018951416016,-6.5827956199646,-9.832796096801758,128
test,1,The strange [wugs] near the socket beside the wire under the rope,The strange [wug] near the sockets beside the wires under the ropes,-7.8963236808776855,-8.146323204040527,-6.294012069702148,-7.544012069702148,-8.074678421020508,-7.699678897857666,-6.707334995269775,-7.082334995269775,128
test,0,The tiny [wug] beside the fences under the lamps by the sheds,The tiny [wugs] beside the fence under the lamp by the shed,-14.983624458312988,-15.796124458312988,-15.220980644226074,-17.845979690551758,-15.318166732788086,-15.505666732788086,-15.785327911376953,-17.472827911376953,128
test,1,The tiny [wugs] beside the fence under the lamp by the shed,The tiny [wug] beside the fences under the lamps by the sheds,-14.425264358520508,-15.487764358520508,-16.42726707458496,-18.80226707458496,-14.54069709777832,-14.97819709777832,-16.36449432373047,-18.42699432373047,128
test,0,The shy [wug] below the nails between the switches atop the sockets,The shy [wugs] below the nail between the switch atop the socket,-17.008831024169922,-17.196331024169922,-16.706859588623047,-17.144359588623047,-17.40803337097168,-16.97053337097168,-16.873693466186523,-16.936193466186523,128
test,1,The shy [wugs] below the nail between the switch atop the socket,The shy [wug] below the nails between the switches atop the sockets,-14.929059982299805,-16.804059982299805,-15.660613059997559,-17.660612106323242,-15.076065063476562,-16.576065063476562,-15.64941120147705,-17.274410247802734,128
test,0,The round [wug] opposite the pillars alongside the wells near the cabinets,The round [wugs] opposite the pillar alongside the well near the cabinet,-18.825969696044922,-19.263469696044922,-19.148588180541992,-20.836088180541992,-19.08201789855957,-18.76951789855957,-19.364727020263672,-20.427227020263672,128
test,1,The round [wugs] opposite the pillar alongside the well near the cabinet,The round [wug] opposite the pillars alongside the wells near the cabinets,-18.003028869628906,-20.628028869628906,-19.205354690551758,-21.236604690551758,-18.237808227539062,-20.206558227539062,-19.47069549560547,-20.84569549560547,128
test,0,The bold [wug] below the tents between the poles atop the buckets,The bold [wugs] below the tent between the pole atop the bucket,-14.859582901000977,-16.422082901000977,-14.711466789245605,-17.21146583557129,-14.972593307495117,-16.160093307495117,-15.153326034545898,-17.1533260345459,128
test,1,The bold [wugs] below the tent between the pole atop the bucket,The bold [wug] below the tents between the poles atop the buckets,-13.809015274047852,-14.996515274047852,-15.064101219177246,-15.751601219177246,-13.90342903137207,-14.96592903137207,-15.257461547851562,-15.569961547851562,128
test,0,The lively [wug] by the lamps above the sheds below the posts,The lively [wugs] by the lamp above the shed below the post,-16.813196182250977,-17.625696182250977,-16.580419540405273,-18.267919540405273,-17.010650634765625,-17.323150634765625,-16.719127655029297,-17.969127655029297,128
test,1,The lively [wugs] by the lamp above the shed below the post,The lively [wug] by the lamps above the sheds below the posts,-18.002490997314453,-18.627490997314453,-16.06298065185547,-18.68798065185547,-18.07973289489746,-18.45473289489746,-16.358747482299805,-18.421247482299805,128
test,0,The bold [wug] under the mirrors by the bushes above the tents,The bold [wugs] under the mirror by the bush above the tent,-18.423675537109375,-18.236175537109375,-18.12795639038086,-20.00295639038086,-18.732675552368164,-17.857675552368164,-18.34984588623047,-19.59984588623047,128
test,1,The bold [wugs] under the mirror by the bush above the tent,The bold [wug] under the mirrors by the bushes above the tents,-16.73676300048828,-18.48676300048828,-16.873092651367188,-20.123092651367188,-16.98682975769043,-18.29932975769043,-17.282005310058594,-19.782005310058594,128
test,0,The round [wug] atop the posts opposite the doors alongside the baskets,The round [wugs] atop the post opposite the door alongside the basket,-2.839975118637085,-3.839975118637085,-3.4922773838043213,-6.6172776222229,-3.3086347579956055,-3.4336347579956055,-3.7707369327545166,-5.7707366943359375,128
test,1,The round [wugs] atop the post opposite the door alongside the basket,The round [wug] atop the posts opposite the doors alongside the baskets,-5.500490188598633,-7.125490188598633,-4.274544715881348,-6.399544715881348,-5.890067100524902,-6.140067100524902,-4.536757946014404,-5.661757946014404,128
test,0,The clever [wug] below the ponds between the bridges atop the gates,The clever [wugs] below the pond between the bridge atop the gate,-15.890713691711426,-16.70321273803711,-15.825005531311035,-17.13750648498535,-16.009355545043945,-16.446855545043945,-15.899636268615723,-16.712135314941406,128
test,1,The clever [wugs] below the pond between the bridge atop the gate,The clever [wug] below the ponds between the bridges atop the gates,-16.502412796020508,-17.002412796020508,-17.462373733520508,-18.274873733520508,-16.5909366607666,-16.7784366607666,-17.52503204345703,-18.08753204345703,128
test,0,The tiny [wug] between the jars atop the trees opposite the ponds,The tiny [wugs] between the jar atop the tree opposite the pond,-18.62275505065918,-20.24775505065918,-18.562286376953125,-21.249786376953125,-18.45381736755371,-19.57881736755371,-18.507925033569336,-20.757925033569336,128
test,1,The tiny [wugs] between the jar atop the tree opposite the pond,The tiny [wug] between the jars atop the trees opposite the ponds,-17.853958129882812,-19.041458129882812,-18.496707916259766,-20.559207916259766,-18.101476669311523,-18.851476669311523,-18.436765670776367,-20.249265670776367,128
test,0,The spotted [wug] atop the bulbs opposite the roots alongside the cliffs,The spotted [wugs] atop the bulb opposite the root alongside the cliff,-17.55263900756836,-18.61513900756836,-16.45954132080078,-17.70954132080078,-17.873132705688477,-18.185632705688477,-16.90329360961914,-17.40329360961914,128
test,1,The spotted [wugs] atop the bulb opposite the root alongside the cliff,The spotted [wug] atop the bulbs opposite the roots alongside the cliffs,-17.520944595336914,-18.708444595336914,-16.496788024902344,-19.121788024902344,-17.832948684692383,-18.520448684692383,-16.693904876708984,-18.506404876708984,128
test,0,The lively [wug] near the sheds beside the posts under the doors,The lively [wugs] near the shed beside the post under the door,-17.028160095214844,-17.465660095214844,-16.835756301879883,-17.585756301879883,-17.032121658325195,-16.969621658325195,-16.726173400878906,-17.101173400878906,128
test,1,The lively [wugs] near the shed beside the post under the door,The lively [wug] near the sheds beside the posts under the doors,-16.373382568359375,-18.435882568359375,-15.963874816894531,-19.02637481689453,-16.683486938476562,-18.120986938476562,-16.103866577148438,-18.478866577148438,128
test,0,The strange [wug] opposite the roots alongside the cliffs near the slopes,The strange [wugs] opposite the root alongside the cliff near the slope,-17.65814781188965,-18.40814781188965,-17.01496696472168,-17.82746696472168,-17.797595977783203,-18.047595977783203,-17.108808517456055,-17.421308517456055,128
test,1,The strange [wugs] opposite the root alongside the cliff near the slope,The strange [wug] opposite the roots alongside the cliffs near the slopes,-17.026264190673828,-17.588764190673828,-15.175460815429688,-16.925460815429688,-17.091760635375977,-17.341760635375977,-15.292862892150879,-16.605363845825195,128
test,0,The curious [wug] opposite the trees alongside the ponds near the bridges,The curious [wugs] opposite the tree alongside the pond near the bridge,-19.00346565246582,-19.69096565246582,-19.772409439086914,-20.522409439086914,-19.216136932373047,-18.966136932373047,-20.08707046508789,-20.08707046508789,128
test,1,The curious [wugs] opposite the tree alongside the pond near the bridge,The curious [wug] opposite the trees alongside the ponds near the bridges,-18.281818389892578,-19.844318389892578,-17.861129760742188,-21.486129760742188,-19.077211380004883,-19.452211380004883,-18.11530113220215,-21.08405113220215,128
test,0,The clumsy [wug] opposite the roots alongside the cliffs near the slopes,The clumsy [wugs] opposite the root alongside the cliff near the slope,-17.25473976135254,-17.44223976135254,-15.988780975341797,-16.613780975341797,-17.524959564208984,-16.962459564208984,-16.160675048828125,-16.035675048828125,128
test,1,The clumsy [wugs] opposite the root alongside the cliff near the slope,The clumsy [wug] opposite the roots alongside the cliffs near the slopes,-15.75467300415039,-16.00467300415039,-14.00404167175293,-16.56654167175293,-16.184171676635742,-15.996671676635742,-14.387014389038086,-16.012014389038086,128
test,0,The tiny [wug] between the doors atop the baskets opposite the pillars,The tiny [wugs] between the door atop the basket opposite the pillar,-17.37424087524414,-18.74924087524414,-18.073196411132812,-20.698196411132812,-17.563627243041992,-18.063627243041992,-18.239904403686523,-20.114904403686523,128
test,1,The tiny [wugs] between the door atop the basket opposite the pillar,The tiny [wug] between the doors atop the baskets opposite the pillars,-16.0295467376709,-17.7170467376709,-17.744455337524414,-20.900705337524414,-16.289592742919922,-17.477092742919922,-17.924312591552734,-20.424312591552734,128
test,0,The gentle [wug] under the doors by the baskets above the pillars,The gentle [wugs] under the door by the basket above the pillar,-14.199604034423828,-13.824604034423828,-13.891092300415039,-15.703592300415039,-14.416842460632324,-13.354342460632324,-14.130852699279785,-14.880852699279785,128
test,1,The gentle [wugs] under the door by the basket above the pillar,The gentle [wug] under the doors by the baskets above the pillars,-11.288347244262695,-13.163347244262695,-12.745872497558594,-15.183372497558594,-11.640144348144531,-12.890144348144531,-13.11016845703125,-14.79766845703125,128
test,0,The gentle [wug] opposite the fences alongside the lamps near the sheds,The gentle [wugs] opposite the fence alongside the lamp near the shed,-16.663915634155273,-16.851415634155273,-17.722829818725586,-19.785329818725586,-17.174259185791016,-16.486759185791016,-18.059736251831055,-19.059736251831055,128
test,1,The gentle [wugs] opposite the fence alongside the lamp near the shed,The gentle [wug] opposite the fences alongside the lamps near the sheds,-16.712188720703125,-17.462188720703125,-18.780282974243164,-20.967782974243164,-17.257335662841797,-17.069835662841797,-18.793806076049805,-20.231306076049805,128
test,0,The sturdy [wug] alongside the buckets near the sacks beside the bins,The sturdy [wugs] alongside the bucket near the sack beside the bin,-16.548398971557617,-17.798398971557617,-15.733707427978516,-18.171207427978516,-16.527706146240234,-17.465206146240234,-15.830117225646973,-17.830116271972656,128
test,1,The sturdy [wugs] alongside the bucket near the sack beside the bin,The sturdy [wug] alongside the buckets near the sacks beside the bins,-15.074393272399902,-16.32439422607422,-15.68166446685791,-16.681663513183594,-15.458795547485352,-16.20879554748535,-15.90835189819336,-16.53335189819336,128
test,0,The wary [wug] opposite the trees alongside the ponds near the bridges,The wary [wugs] opposite the tree alongside the pond near the bridge,-15.27357292175293,-16.77357292175293,-15.78438663482666,-17.159385681152344,-15.568737983703613,-16.131237030029297,-15.897431373596191,-16.584932327270508,128
test,1,The wary [wugs] opposite the tree alongside the pond near the bridge,The wary [wug] opposite the trees alongside the ponds near the bridges,-14.853472709655762,-16.353471755981445,-14.891779899597168,-17.204280853271484,-15.486595153808594,-15.861595153808594,-14.853814125061035,-16.72881317138672,128
test,0,The tiny [wug] between the baskets atop the pillars opposite the wells,The tiny [wugs] between the basket atop the pillar opposite the well,-1.7781085968017578,-6.153108596801758,-3.0485849380493164,-7.673584938049316,-2.181525707244873,-5.056525707244873,-3.18508243560791,-6.68508243560791,128
test,1,The tiny [wugs] between the basket atop the pillar opposite the well,The tiny [wug] between the baskets atop the pillars opposite the wells,-1.3802132606506348,-3.1302132606506348,-3.2316205501556396,-5.9816203117370605,-1.773230791091919,-2.523230791091919,-3.375593423843384,-5.375593662261963,128
test,0,The strange [wug] alongside the beams near the braces beside the panels,The strange [wugs] alongside the beam near the brace beside the panel,-18.284738540649414,-19.284738540649414,-18.735004425048828,-20.391254425048828,-18.464496612548828,-18.401996612548828,-18.956798553466797,-19.769298553466797,128
test,1,The strange [wugs] alongside the beam near the brace beside the panel,The strange [wug] alongside the beams near the braces beside the panels,-18.32469367980957,-18.88719367980957,-17.752233505249023,-19.377233505249023,-18.758758544921875,-18.821258544921875,-18.059261322021484,-19.059261322021484,128
test,0,The lively [wug] atop the sheds opposite the posts alongside the doors,The lively [wugs] atop the shed opposite the post alongside the door,-16.075136184692383,-16.512636184692383,-16.02321434020996,-17.46071434020996,-16.413654327392578,-16.101154327392578,-16.37969207763672,-17.19219207763672,128
test,1,The lively [wugs] atop the shed opposite the post alongside the door,The lively [wug] atop the sheds opposite the posts alongside the doors,-15.462177276611328,-16.899677276611328,-15.89074420928955,-18.328243255615234,-15.597456932067871,-16.534955978393555,-16.14904022216797,-18.02404022216797,128
test,0,The round [wug] atop the bushes opposite the tents alongside the poles,The round [wugs] atop the bush opposite the tent alongside the pole,-0.7822803258895874,-4.532280445098877,-1.9646859169006348,-7.964685916900635,-0.9173442125320435,-3.292344093322754,-2.202363967895508,-6.827363967895508,128
test,1,The round [wugs] atop the bush opposite the tent alongside the pole,The round [wug] atop the bushes opposite the tents alongside the poles,-2.708003282546997,-2.833003282546997,-4.329681396484375,-4.454681396484375,-3.0342371463775635,-2.5342371463775635,-4.89423942565918,-4.01923942565918,128
test,0,The lively [wug] below the heaps between the pens atop the bulbs,The lively [wugs] below the heap between the pen atop the bulb,-20.437952041625977,-21.094202041625977,-19.719411849975586,-20.656911849975586,-20.487117767333984,-20.893367767333984,-19.900415420532227,-20.712915420532227,128
test,1,The lively [wugs] below the heap between the pen atop the bulb,The lively [wug] below the heaps between the pens atop the bulbs,-17.07390594482422,-19.23015594482422,-18.610048294067383,-20.891298294067383,-17.264263153076172,-19.139263153076172,-18.968076705932617,-20.843076705932617,128
test,0,The shy [wug] alongside the wells near the cabinets beside the desks,The shy [wugs] alongside the well near the cabinet beside the desk,-14.592426300048828,-15.529926300048828,-16.28965950012207,-17.22715950012207,-14.926092147827148,-14.863592147827148,-16.398826599121094,-16.773826599121094,128
test,1,The shy [wugs] alongside the well near the cabinet beside the desk,The shy [wug] alongside the wells near the cabinets beside the desks,-14.943072319030762,-15.443072319030762,-14.599223136901855,-17.661724090576172,-15.262950897216797,-15.137950897216797,-14.85364055633545,-17.041139602661133,128
test,0,The wary [wug] by the desks above the sofas below the mirrors,The wary [wugs] by the desk above the sofa below the mirror,-20.5690860748291,-21.0690860748291,-17.11589813232422,-18.80339813232422,-20.71830177307129,-21.09330177307129,-17.46435546875,-18.83935546875,128
test,1,The wary [wugs] by the desk above the sofa below the mirror,The wary [wug] by the desks above the sofas below the mirrors,-17.260242462158203,-18.447742462158203,-16.59731674194336,-18.53481674194336,-17.83657455444336,-18.33657455444336,-17.078916549682617,-18.453916549682617,128
test,0,The spotted [wug] opposite the trees alongside the ponds near the bridges,The spotted [wugs] opposite the tree alongside the pond near the bridge,-14.658878326416016,-16.158878326416016,-14.504239082336426,-15.316739082336426,-14.816335678100586,-15.191335678100586,-14.742317199707031,-14.679817199707031,128
test,1,The spotted [wugs] opposite the tree alongside the pond near the bridge,The spotted [wug] opposite the trees alongside the ponds near the bridges,-13.639729499816895,-16.389728546142578,-13.034119606018066,-16.84661865234375,-14.259761810302734,-15.884761810302734,-13.259514808654785,-16.3220157623291,128
test,0,The tiny [wug] beside the tents under the poles by the buckets,The tiny [wugs] beside the tent under the pole by the bucket,-20.483503341674805,-21.608503341674805,-19.277944564819336,-21.965444564819336,-20.85417938232422,-21.04167938232422,-19.531728744506836,-21.219228744506836,128
test,1,The tiny [wugs] beside the tent under the pole by the bucket,The tiny [wug] beside the tents under the poles by the buckets,-19.620933532714844,-20.120933532714844,-17.172182083129883,-20.265932083129883,-19.92715835571289,-19.98965835571289,-17.371328353881836,-19.902578353881836,128
test,0,The gentle [wug] beside the pillars under the wells by the cabinets,The gentle [wugs] beside the pillar under the well by the cabinet,-16.859384536743164,-17.296884536743164,-16.789405822753906,-17.039405822753906,-16.91531753540039,-16.97781753540039,-17.037418365478516,-16.849918365478516,128
test,1,The gentle [wugs] beside the pillar under the well by the cabinet,The gentle [wug] beside the pillars under the wells by the cabinets,-16.11083221435547,-18.48583221435547,-15.787435531616211,-18.97493553161621,-16.052444458007812,-18.302444458007812,-16.094472885131836,-18.906972885131836,128
test,0,The tiny [wug] between the mirrors atop the bushes opposite the tents,The tiny [wugs] between the mirror atop the bush opposite the tent,-15.239157676696777,-16.114158630371094,-15.076812744140625,-17.826812744140625,-15.448087692260742,-15.698087692260742,-15.375726699829102,-17.5007266998291,128
test,1,The tiny [wugs] between the mirror atop the bush opposite the tent,The tiny [wug] between the mirrors atop the bushes opposite the tents,-13.458495140075684,-16.208494186401367,-14.150680541992188,-17.400680541992188,-13.59652042388916,-15.72152042388916,-14.393381118774414,-17.018381118774414,128
test,0,The tiny [wug] atop the baskets opposite the pillars alongside the wells,The tiny [wugs] atop the basket opposite the pillar alongside the well,-17.74193000793457,-19.05443000793457,-19.275928497314453,-21.182178497314453,-17.726886749267578,-18.664386749267578,-19.458290100097656,-21.052040100097656,128
test,1,The tiny [wugs] atop the basket opposite the pillar alongside the well,The tiny [wug] atop the baskets opposite the pillars alongside the wells,-14.265379905700684,-17.640378952026367,-17.58527946472168,-20.64777946472168,-14.37768268585205,-17.565181732177734,-17.71238899230957,-20.61863899230957,128
test,0,The curious [wug] under the nails by the switches above the sockets,The curious [wugs] under the nail by the switch above the socket,-16.46159553527832,-16.89909553527832,-15.874163627624512,-15.999163627624512,-16.47782325744629,-16.79032325744629,-15.833610534667969,-15.896110534667969,128
test,1,The curious [wugs] under the nail by the switch above the socket,The curious [wug] under the nails by the switches above the sockets,-15.946061134338379,-17.258560180664062,-13.865483283996582,-15.990483283996582,-15.979022026062012,-17.229022979736328,-13.85670280456543,-15.98170280456543,128
test,0,The gentle [wug] below the nails between the switches atop the sockets,The gentle [wugs] below the nail between the switch atop the socket,-17.662893295288086,-18.600393295288086,-17.320871353149414,-18.820871353149414,-17.689226150512695,-18.314226150512695,-17.362937927246094,-18.612937927246094,128
test,1,The gentle [wugs] below the nail between the switch atop the socket,The gentle [wug] below the nails between the switches atop the sockets,-17.051490783691406,-17.895240783691406,-17.651473999023438,-17.588973999023438,-17.145240783691406,-17.770240783691406,-17.77557373046875,-17.58807373046875,128
test,0,The tiny [wug] alongside the poles near the buckets beside the sacks,The tiny [wugs] alongside the pole near the bucket beside the sack,-21.3424129486084,-22.3111629486084,-20.538171768188477,-21.975671768188477,-21.344463348388672,-21.875713348388672,-20.542314529418945,-21.698564529418945,128
test,1,The tiny [wugs] alongside the pole near the bucket beside the sack,The tiny [wug] alongside the poles near the buckets beside the sacks,-20.38728904724121,-22.35603904724121,-20.22153663635254,-22.59653663635254,-20.52765464782715,-22.24640464782715,-20.25345230102539,-22.34720230102539,128
test,0,The round [wug] alongside the doors near the baskets beside the pillars,The round [wugs] alongside the door near the basket beside the pillar,-1.1016944646835327,-5.726694583892822,-2.3699867725372314,-6.744986534118652,-1.4348243474960327,-4.309824466705322,-2.6062350273132324,-5.856235027313232,128
test,1,The round [wugs] alongside the door near the basket beside the pillar,The round [wug] alongside the doors near the baskets beside the pillars,-1.4641942977905273,-3.0891942977905273,-2.940162181854248,-3.940162181854248,-1.6935298442840576,-2.5685298442840576,-3.4012441635131836,-3.5262441635131836,128
test,0,The round [wug] below the wells between the cabinets atop the desks,The round [wugs] below the well between the cabinet atop the desk,-2.3981404304504395,-4.7731404304504395,-2.219066619873047,-6.469066619873047,-2.603149652481079,-3.978149652481079,-2.4634451866149902,-5.46344518661499,128
test,1,The round [wugs] below the well between the cabinet atop the desk,The round [wug] below the wells between the cabinets atop the desks,-3.730710506439209,-4.230710506439209,-3.141170024871826,-4.641170024871826,-3.792891025543213,-3.792891025543213,-3.5144529342651367,-4.264452934265137,128
test,0,The sturdy [wug] beside the panels under the boards by the shelves,The sturdy [wugs] beside the panel under the board by the shelf,-17.617855072021484,-18.555355072021484,-16.40259552001953,-18.02759552001953,-17.943492889404297,-18.255992889404297,-16.573755264282227,-17.511255264282227,128
test,1,The sturdy [wugs] beside the panel under the board by the shelf,The sturdy [wug] beside the panels under the boards by the shelves,-17.524171829223633,-18.461671829223633,-16.81955909729004,-18.00705909729004,-17.868072509765625,-18.368072509765625,-17.029396057128906,-17.779396057128906,128
test,0,The tiny [wug] between the jars atop the trees opposite the ponds,The tiny [wugs] between the jar atop the tree opposite the pond,-4.31025505065918,-8.06025505065918,-4.187285900115967,-9.562286376953125,-4.328817367553711,-6.828817367553711,-4.3204240798950195,-8.19542407989502,128
test,1,The tiny [wugs] between the jar atop the tree opposite the pond,The tiny [wug] between the jars atop the trees opposite the ponds,-4.353957653045654,-4.603957653045654,-4.434207916259766,-7.184207916259766,-4.851476192474365,-4.226476192474365,-4.561765670776367,-6.561765670776367,128
test,0,The tiny [wug] near the sockets beside the wires under the ropes,The tiny [wugs] near the socket beside the wire under the rope,-11.98468017578125,-12.85968017578125,-14.101944923400879,-15.351944923400879,-12.35097885131836,-12.47597885131836,-14.09949779510498,-14.91199779510498,128
test,1,The tiny [wugs] near the socket beside the wire under the rope,The tiny [wug] near the sockets beside the wires under the ropes,-11.476994514465332,-13.476994514465332,-12.20781421661377,-15.58281421661377,-11.802297592163086,-13.302297592163086,-12.350223541259766,-14.975223541259766,128
test,0,The graceful [wug] opposite the posts alongside the doors near the baskets,The graceful [wugs] opposite the post alongside the door near the basket,-16.393102645874023,-16.955602645874023,-16.096160888671875,-17.658660888671875,-16.644351959228516,-16.581851959228516,-16.287771224975586,-17.287771224975586,128
test,1,The graceful [wugs] opposite the post alongside the door near the basket,The graceful [wug] opposite the posts alongside the doors near the baskets,-14.857284545898438,-16.732284545898438,-16.04141616821289,-18.10391616821289,-15.115952491760254,-16.615951538085938,-16.348485946655273,-17.910985946655273,128
test,0,The restless [wug] near the cords beside the straps under the heaps,The restless [wugs] near the cord beside the strap under the heap,-17.368955612182617,-18.181455612182617,-17.220195770263672,-18.470195770263672,-17.124162673950195,-17.936662673950195,-17.06513214111328,-18.12763214111328,128
test,1,The restless [wugs] near the cord beside the strap under the heap,The restless [wug] near the cords beside the straps under the heaps,-16.823598861694336,-16.886098861694336,-16.04855728149414,-16.36105728149414,-16.83504295349121,-16.71004295349121,-16.08797264099121,-16.08797264099121,128
test,0,The restless [wug] opposite the tents alongside the poles near the buckets,The restless [wugs] opposite the tent alongside the pole near the bucket,-15.07001781463623,-16.007518768310547,-15.250316619873047,-17.500316619873047,-15.265816688537598,-15.703316688537598,-15.262163162231445,-17.074663162231445,128
test,1,The restless [wugs] opposite the tent alongside the pole near the bucket,The restless [wug] opposite the tents alongside the poles near the buckets,-13.986700057983398,-15.799200057983398,-14.426121711730957,-15.676121711730957,-14.27721881866455,-15.71471881866455,-14.694183349609375,-15.506683349609375,128
test,0,The lively [wug] under the ponds by the bridges above the gates,The lively [wugs] under the pond by the bridge above the gate,-16.44540786743164,-16.75790786743164,-15.966279029846191,-17.278778076171875,-16.70389175415039,-16.45389175415039,-16.190135955810547,-16.815135955810547,128
test,1,The lively [wugs] under the pond by the bridge above the gate,The lively [wug] under the ponds by the bridges above the gates,-17.542360305786133,-17.917360305786133,-16.419017791748047,-18.794017791748047,-17.735368728637695,-17.735368728637695,-16.494544982910156,-18.244544982910156,128
test,0,The round [wug] under the poles by the buckets above the sacks,The round [wugs] under the pole by the bucket above the sack,-3.045365333557129,-6.670365333557129,-2.5866551399230957,-7.461655139923096,-3.2889957427978516,-5.788995742797852,-2.79333233833313,-6.543332099914551,128
test,1,The round [wugs] under the pole by the bucket above the sack,The round [wug] under the poles by the buckets above the sacks,-4.211688041687012,-4.461688041687012,-4.693901062011719,-4.943901062011719,-4.6919050216674805,-4.3169050216674805,-4.993151664733887,-4.493151664733887,128
test,0,The tiny [wug] near the bushes beside the tents under the poles,The tiny [wugs] near the bush beside the tent under the pole,-13.269871711730957,-16.26987075805664,-13.166585922241211,-16.10408592224121,-13.22878646850586,-15.47878646850586,-13.183226585388184,-15.433226585388184,128
test,1,The tiny [wugs] near the bush beside the tent under the pole,The tiny [wug] near the bushes beside the tents under the poles,-14.470848083496094,-14.970848083496094,-13.102558135986328,-15.352558135986328,-14.664018630981445,-14.914018630981445,-13.222518920898438,-15.035018920898438,128
test,0,The spotted [wug] beside the bins under the beams by the braces,The spotted [wugs] beside the bin under the beam by the brace,-15.783284187316895,-16.03328514099121,-16.03487205505371,-15.972373008728027,-15.678766250610352,-15.866266250610352,-16.052677154541016,-15.927678108215332,128
test,1,The spotted [wugs] beside the bin under the beam by the brace,The spotted [wug] beside the bins under the beams by the braces,-13.577817916870117,-15.952817916870117,-15.060542106628418,-16.248043060302734,-13.771122932434082,-16.0836238861084,-15.11326789855957,-16.30076789855957,128
test,0,The round [wug] beside the roots under the cliffs by the slopes,The round [wugs] beside the root under the cliff by the slope,-16.880985260009766,-18.068485260009766,-15.969724655151367,-17.032224655151367,-16.94810676574707,-17.57310676574707,-16.171607971191406,-16.734107971191406,128
test,1,The round [wugs] beside the root under the cliff by the slope,The round [wug] beside the roots under the cliffs by the slopes,-16.640399932861328,-18.077899932861328,-16.165903091430664,-17.165903091430664,-16.68445587158203,-17.87195587158203,-16.080270767211914,-16.830270767211914,128
test,0,The tiny [wug] atop the braces opposite the panels alongside the boards,The tiny [wugs] atop the brace opposite the panel alongside the board,-2.247464418411255,-4.247464179992676,-3.096628189086914,-7.346628189086914,-2.5306363105773926,-3.5306363105773926,-3.2166240215301514,-6.341623783111572,128
test,1,The tiny [wugs] atop the brace opposite the panel alongside the board,The tiny [wug] atop the braces opposite the panels alongside the boards,-4.192631721496582,-3.567631721496582,-4.474870681762695,-5.974870681762695,-4.350521087646484,-3.1005213260650635,-4.606704235076904,-5.356704235076904,128
test,0,The sturdy [wug] by the baskets above the pillars below the wells,The sturdy [wugs] by the basket above the pillar below the well,-3.0745487213134766,-5.574548721313477,-2.5074830055236816,-6.882483005523682,-3.462902545928955,-5.087902545928955,-2.932878255844116,-5.932878494262695,128
test,1,The sturdy [wugs] by the basket above the pillar below the well,The sturdy [wug] by the baskets above the pillars below the wells,-2.205994129180908,-2.080994129180908,-2.371877670288086,-3.746877670288086,-2.7683448791503906,-1.7683449983596802,-2.5834431648254395,-3.3334431648254395,128
test,0,The gentle [wug] opposite the trees alongside the ponds near the bridges,The gentle [wugs] opposite the tree alongside the pond near the bridge,-17.920848846435547,-18.545848846435547,-19.75113296508789,-21.06363296508789,-18.224390029907227,-17.661890029907227,-20.08455467224121,-20.27205467224121,128
test,1,The gentle [wugs] opposite the tree alongside the pond near the bridge,The gentle [wug] opposite the trees alongside the ponds near the bridges,-17.396894454956055,-18.709394454956055,-18.07281494140625,-20.76031494140625,-18.110137939453125,-18.485137939453125,-18.493152618408203,-20.430652618408203,128
test,0,The strange [wug] near the desks beside the sofas under the mirrors,The strange [wugs] near the desk beside the sofa under the mirror,-2.1685657501220703,-6.16856575012207,-2.743133306503296,-8.493133544921875,-2.5186800956726074,-4.893680095672607,-2.9064104557037354,-7.656410217285156,128
test,1,The strange [wugs] near the desk beside the sofa under the mirror,The strange [wug] near the desks beside the sofas under the mirrors,-3.1127707958221436,-3.7377707958221436,-3.5880517959594727,-4.963051795959473,-3.3829448223114014,-3.0079448223114014,-3.7782647609710693,-4.278264999389648,128
test,0,The strange [wug] opposite the banks alongside the locks near the jars,The strange [wugs] opposite the bank alongside the lock near the jar,-4.0468902587890625,-7.2968902587890625,-2.817047357559204,-7.567047119140625,-4.176390171051025,-6.426390171051025,-2.9507761001586914,-6.575776100158691,128
test,1,The strange [wugs] opposite the bank alongside the lock near the jar,The strange [wug] opposite the banks alongside the locks near the jars,-4.218719482421875,-4.968719482421875,-2.3970770835876465,-5.0220770835876465,-4.616806507110596,-4.491806507110596,-2.689389705657959,-4.189389705657959,128
test,0,The bold [wug] near the hinges beside the nails under the switches,The bold [wugs] near the hinge beside the nail under the switch,-17.799041748046875,-17.986541748046875,-17.293548583984375,-19.293548583984375,-18.00674057006836,-17.75674057006836,-17.35102081298828,-18.72602081298828,128
test,1,The bold [wugs] near the hinge beside the nail under the switch,The bold [wug] near the hinges beside the nails under the switches,-18.825620651245117,-19.731870651245117,-16.688081741333008,-18.938081741333008,-19.269691467285156,-19.800941467285156,-16.927541732788086,-18.427541732788086,128
test,0,The round [wug] near the braces beside the panels under the boards,The round [wugs] near the brace beside the panel under the board,-16.14668083190918,-17.58418083190918,-16.359086990356445,-21.046586990356445,-16.356287002563477,-16.918787002563477,-16.45308494567871,-20.20308494567871,128
test,1,The round [wugs] near the brace beside the panel under the board,The round [wug] near the braces beside the panels under the boards,-14.522244453430176,-16.022245407104492,-15.375497817993164,-16.687997817993164,-14.717650413513184,-15.717650413513184,-15.756054878234863,-16.256053924560547,128
test,0,The strange [wug] atop the slopes opposite the banks alongside the locks,The strange [wugs] atop the slope opposite the bank alongside the lock,-15.441522598266602,-16.0040225982666,-16.722110748291016,-17.534610748291016,-15.484922409057617,-15.672422409057617,-16.74631690979004,-17.24631690979004,128
test,1,The strange [wugs] atop the slope opposite the bank alongside the lock,The strange [wug] atop the slopes opposite the banks alongside the locks,-11.84469985961914,-13.21969985961914,-12.989082336425781,-15.364082336425781,-12.166216850280762,-13.228716850280762,-13.603014945983887,-15.540514945983887,128
test,0,The round [wug] near the bushes beside the tents under the poles,The round [wugs] near the bush beside the tent under the pole,-4.253333568572998,-8.62833309173584,-4.499865531921387,-9.499865531921387,-4.209769248962402,-7.584769248962402,-4.568914890289307,-8.818915367126465,128
test,1,The round [wugs] near the bush beside the tent under the pole,The round [wug] near the bushes beside the tents under the poles,-4.4303131103515625,-4.5553131103515625,-6.039529323577881,-6.539529323577881,-4.797025203704834,-4.297025203704834,-6.525601387023926,-6.150601387023926,128
test,0,The strange [wug] opposite the tents alongside the poles near the buckets,The strange [wugs] opposite the tent alongside the pole near the bucket,-17.277250289916992,-17.839750289916992,-17.242280960083008,-18.992280960083008,-17.56740379333496,-17.44240379333496,-17.184547424316406,-18.559547424316406,128
test,1,The strange [wugs] opposite the tent alongside the pole near the bucket,The strange [wug] opposite the tents alongside the poles near the buckets,-15.741342544555664,-17.241342544555664,-16.140228271484375,-18.077728271484375,-15.9790620803833,-17.041561126708984,-16.262540817260742,-17.700040817260742,128
test,0,The round [wug] atop the bushes opposite the tents alongside the poles,The round [wugs] atop the bush opposite the tent alongside the pole,-14.907279968261719,-15.594779968261719,-16.214685440063477,-17.652185440063477,-15.104844093322754,-15.167344093322754,-16.327363967895508,-17.327363967895508,128
test,1,The round [wugs] atop the bush opposite the tent alongside the pole,The round [wug] atop the bushes opposite the tents alongside the poles,-15.270503044128418,-15.395503044128418,-16.892181396484375,-17.517181396484375,-15.409236907958984,-15.346736907958984,-17.14423942565918,-17.20673942565918,128
test,0,The tiny [wug] by the slopes above the banks below the locks,The tiny [wugs] by the slope above the bank below the lock,-16.843618392944336,-17.343618392944336,-16.188472747802734,-17.625972747802734,-17.101518630981445,-16.976518630981445,-16.529640197753906,-17.404640197753906,128
test,1,The tiny [wugs] by the slope above the bank below the lock,The tiny [wug] by the slopes above the banks below the locks,-16.651762008666992,-18.526762008666992,-15.837126731872559,-19.274625778198242,-16.61764907836914,-18.14889907836914,-15.89893913269043,-18.83643913269043,128
test,0,The round [wug] between the mirrors atop the bushes opposite the tents,The round [wugs] between the mirror atop the bush opposite the tent,-0.9166727066040039,-4.416672706604004,-2.7715604305267334,-7.521560192108154,-1.0128211975097656,-3.6378211975097656,-2.826174736022949,-6.826174736022949,128
test,1,The round [wugs] between the mirror atop the bush opposite the tent,The round [wug] between the mirrors atop the bushes opposite the tents,-2.4011597633361816,-4.026159763336182,-4.662141799926758,-5.537141799926758,-2.6134085655212402,-3.4884085655212402,-5.261738300323486,-5.011738300323486,128
test,0,The tiny [wug] atop the jars opposite the trees alongside the ponds,The tiny [wugs] atop the jar opposite the tree alongside the pond,-3.2399041652679443,-6.864904403686523,-3.479022264480591,-7.979022026062012,-3.256504535675049,-5.506504535675049,-3.61326265335083,-6.36326265335083,128
test,1,The tiny [wugs] atop the jar opposite the tree alongside the pond,The tiny [wug] atop the jars opposite the trees alongside the ponds,-4.001470565795898,-3.0014705657958984,-3.941887378692627,-6.566887378692627,-4.767093658447266,-2.6420936584472656,-3.95304012298584,-5.70304012298584,128
test,0,The tiny [wug] under the lamps by the sheds above the posts,The tiny [wugs] under the lamp by the shed above the post,-14.790557861328125,-16.665557861328125,-15.085864067077637,-18.460865020751953,-15.394071578979492,-16.394071578979492,-15.658933639526367,-18.283933639526367,128
test,1,The tiny [wugs] under the lamp by the shed above the post,The tiny [wug] under the lamps by the sheds above the posts,-15.430845260620117,-17.680845260620117,-15.927237510681152,-18.48973846435547,-15.263701438903809,-17.388702392578125,-16.20463752746582,-18.39213752746582,128
test,0,The bold [wug] below the wells between the cabinets atop the desks,The bold [wugs] below the well between the cabinet atop the desk,-16.25026512145996,-16.68776512145996,-16.80005645751953,-17.98755645751953,-16.308969497680664,-16.371469497680664,-16.864439010620117,-17.614439010620117,128
test,1,The bold [wugs] below the well between the cabinet atop the desk,The bold [wug] below the wells between the cabinets atop the desks,-14.252878189086914,-15.252878189086914,-16.204666137695312,-18.204666137695312,-14.290033340454102,-15.165033340454102,-16.245277404785156,-17.932777404785156,128
test,0,The strange [wug] below the roots between the cliffs atop the slopes,The strange [wugs] below the root between the cliff atop the slope,-3.282773494720459,-6.782773494720459,-2.8982601165771484,-7.648260116577148,-3.4209325313568115,-5.795932292938232,-3.1346921920776367,-6.634692192077637,128
test,1,The strange [wugs] below the root between the cliff atop the slope,The strange [wug] below the roots between the cliffs atop the slopes,-2.8976402282714844,-3.3976402282714844,-3.3243842124938965,-4.3243842124938965,-3.1982357501983643,-3.1982357501983643,-3.4761600494384766,-3.8511600494384766,128
test,0,The sturdy [wug] between the mirrors atop the bushes opposite the tents,The sturdy [wugs] between the mirror atop the bush opposite the tent,-19.715805053710938,-19.715805053710938,-18.91082763671875,-20.09832763671875,-20.03299331665039,-19.28299331665039,-19.32178497314453,-19.75928497314453,128
test,1,The sturdy [wugs] between the mirror atop the bush opposite the tent,The sturdy [wug] between the mirrors atop the bushes opposite the tents,-16.930831909179688,-20.305831909179688,-16.84425926208496,-20.00050926208496,-17.2002010345459,-20.1064510345459,-17.204113006591797,-19.891613006591797,128
test,0,The sturdy [wug] above the trees below the ponds between the bridges,The sturdy [wugs] above the tree below the pond between the bridge,-17.135421752929688,-18.322921752929688,-17.7473087310791,-18.8723087310791,-17.176990509033203,-18.114490509033203,-17.824235916137695,-18.636735916137695,128
test,1,The sturdy [wugs] above the tree below the pond between the bridge,The sturdy [wug] above the trees below the ponds between the bridges,-17.81540870666504,-17.87790870666504,-18.012435913085938,-19.387435913085938,-17.743249893188477,-17.680749893188477,-18.04486656188965,-19.29486656188965,128
test,0,The shy [wug] above the wires below the ropes between the cords,The shy [wugs] above the wire below the rope between the cord,-16.770809173583984,-17.270809173583984,-15.808889389038086,-16.183889389038086,-16.974706649780273,-16.599706649780273,-16.04935073852539,-15.67435073852539,128
test,1,The shy [wugs] above the wire below the rope between the cord,The shy [wug] above the wires below the ropes between the cords,-17.15165138244629,-18.77665138244629,-15.785999298095703,-18.223499298095703,-17.163536071777344,-18.476036071777344,-16.188426971435547,-17.938426971435547,128
test,0,The tiny [wug] opposite the straps alongside the heaps near the pens,The tiny [wugs] opposite the strap alongside the heap near the pen,-15.262237548828125,-16.512237548828125,-14.81325912475586,-16.62575912475586,-15.607237815856934,-16.294736862182617,-15.191629409790039,-16.62912940979004,128
test,1,The tiny [wugs] opposite the strap alongside the heap near the pen,The tiny [wug] opposite the straps alongside the heaps near the pens,-15.57114315032959,-17.133642196655273,-13.947689056396484,-17.072689056396484,-15.772916793823242,-17.147916793823242,-14.20218276977539,-17.01468276977539,128
test,0,The wary [wug] opposite the doors alongside the baskets near the pillars,The wary [wugs] opposite the door alongside the basket near the pillar,-2.5540175437927246,-5.554017543792725,-3.0186994075775146,-8.018699645996094,-2.9790029525756836,-4.604002952575684,-3.377297878265381,-6.752297878265381,128
test,1,The wary [wugs] opposite the door alongside the basket near the pillar,The wary [wug] opposite the doors alongside the baskets near the pillars,-2.4203004837036133,-3.7953004837036133,-3.0704598426818848,-4.945459842681885,-2.969923496246338,-2.844923496246338,-3.2801647186279297,-4.28016471862793,128
test,0,The bold [wug] between the jars atop the trees opposite the ponds,The bold [wugs] between the jar atop the tree opposite the pond,-20.77539825439453,-20.71289825439453,-20.004961013793945,-20.442461013793945,-20.777420043945312,-20.277420043945312,-19.771347045898438,-19.896347045898438,128
test,1,The bold [wugs] between the jar atop the tree opposite the pond,The bold [wug] between the jars atop the trees opposite the ponds,-18.99729347229004,-20.87229347229004,-18.356412887573242,-21.981412887573242,-19.23659324645996,-20.98659324645996,-18.607999801635742,-21.857999801635742,128
test,0,The tiny [wug] alongside the poles near the buckets beside the sacks,The tiny [wugs] alongside the pole near the bucket beside the sack,-18.0924129486084,-19.5924129486084,-18.538171768188477,-20.788171768188477,-18.469463348388672,-19.031963348388672,-18.854814529418945,-20.292314529418945,128
test,1,The tiny [wugs] alongside the pole near the bucket beside the sack,The tiny [wug] alongside the poles near the buckets beside the sacks,-18.73103904724121,-19.48103904724121,-18.12778663635254,-20.47153663635254,-19.02765464782715,-19.21515464782715,-18.44095230102539,-20.12845230102539,128
test,0,The clever [wug] between the pens atop the bulbs opposite the roots,The clever [wugs] between the pen atop the bulb opposite the root,-19.29875373840332,-20.67375373840332,-19.84912109375,-21.81787109375,-19.4522647857666,-20.5772647857666,-19.956119537353516,-21.549869537353516,128
test,1,The clever [wugs] between the pen atop the bulb opposite the root,The clever [wug] between the pens atop the bulbs opposite the roots,-18.649093627929688,-19.867843627929688,-20.29702377319336,-21.10952377319336,-18.64558982849121,-19.77058982849121,-20.305906295776367,-20.899656295776367,128
test,0,The round [wug] opposite the sacks alongside the bins near the beams,The round [wugs] opposite the sack alongside the bin near the beam,-1.6756173372268677,-6.300617218017578,-2.56567645072937,-8.06567668914795,-1.7919394969940186,-5.166939735412598,-2.6837656497955322,-7.058765888214111,128
test,1,The round [wugs] opposite the sack alongside the bin near the beam,The round [wug] opposite the sacks alongside the bins near the beams,-3.1443979740142822,-3.8943979740142822,-3.725421667098999,-4.225421905517578,-3.6136016845703125,-3.2386016845703125,-4.160863399505615,-3.6608633995056152,128
test,0,The wary [wug] atop the sheds opposite the posts alongside the doors,The wary [wugs] atop the shed opposite the post alongside the door,-16.22298812866211,-17.53548812866211,-17.35846519470215,-19.48346519470215,-16.580842971801758,-17.080842971801758,-17.5460147857666,-18.9210147857666,128
test,1,The wary [wugs] atop the shed opposite the post alongside the door,The wary [wug] atop the sheds opposite the posts alongside the doors,-16.382387161254883,-16.882387161254883,-16.750564575195312,-19.125564575195312,-16.770822525024414,-16.458322525024414,-16.962257385253906,-18.837257385253906,128
test,0,The lively [wug] alongside the switches near the sockets beside the wires,The lively [wugs] alongside the switch near the socket beside the wire,-19.944503784179688,-21.100753784179688,-18.74497413635254,-21.93247413635254,-20.291549682617188,-21.104049682617188,-18.957468032836914,-21.488718032836914,128
test,1,The lively [wugs] alongside the switch near the socket beside the wire,The lively [wug] alongside the switches near the sockets beside the wires,-19.017288208007812,-20.111038208007812,-20.58234405517578,-20.36359405517578,-18.93148422241211,-19.80648422241211,-20.948429107666016,-20.260929107666016,128
test,0,The spotted [wug] between the locks atop the jars opposite the trees,The spotted [wugs] between the lock atop the jar opposite the tree,-21.362632751464844,-21.675132751464844,-20.650222778320312,-21.212722778320312,-21.619646072387695,-21.307146072387695,-20.84148406982422,-20.96648406982422,128
test,1,The spotted [wugs] between the lock atop the jar opposite the tree,The spotted [wug] between the locks atop the jars opposite the trees,-21.26618766784668,-23.01618766784668,-20.51467514038086,-23.57717514038086,-21.457090377807617,-22.738340377807617,-20.827489852905273,-23.327489852905273,128
test,0,The tiny [wug] near the baskets beside the pillars under the wells,The tiny [wugs] near the basket beside the pillar under the well,-1.1301153898239136,-5.630115509033203,-2.579935312271118,-8.454935073852539,-1.3975615501403809,-4.147561550140381,-2.4842987060546875,-7.1092987060546875,128
test,1,The tiny [wugs] near the basket beside the pillar under the well,The tiny [wug] near the baskets beside the pillars under the wells,-0.9551715850830078,-2.455171585083008,-2.159229278564453,-5.784229278564453,-1.2231638431549072,-1.8481638431549072,-2.185542583465576,-4.685542583465576,128
test,0,The strange [wug] opposite the pillars alongside the wells near the cabinets,The strange [wugs] opposite the pillar alongside the well near the cabinet,-2.71445894241333,-6.08945894241333,-3.1343488693237305,-7.1343488693237305,-3.0461721420288086,-5.421172142028809,-3.365532875061035,-6.365532875061035,128
test,1,The strange [wugs] opposite the pillar alongside the well near the cabinet,The strange [wug] opposite the pillars alongside the wells near the cabinets,-3.5789153575897217,-4.328915119171143,-3.363346815109253,-5.613347053527832,-4.139506816864014,-3.8895068168640137,-3.714719772338867,-5.089719772338867,128
test,0,The round [wug] atop the jars opposite the trees alongside the ponds,The round [wugs] atop the jar opposite the tree alongside the pond,-2.1857705116271973,-5.685770511627197,-3.894256591796875,-8.769256591796875,-2.5275142192840576,-4.652514457702637,-3.935257911682129,-7.060257911682129,128
test,1,The round [wugs] atop the jar opposite the tree alongside the pond,The round [wug] atop the jars opposite the trees alongside the ponds,-2.40356183052063,-4.028562068939209,-4.31782341003418,-5.81782341003418,-2.884061574935913,-3.384061574935913,-4.701282978057861,-5.076282978057861,128
test,0,The wary [wug] opposite the wells alongside the cabinets near the desks,The wary [wugs] opposite the well alongside the cabinet near the desk,-13.925572395324707,-15.050572395324707,-15.957748413085938,-17.895248413085938,-14.393667221069336,-14.456167221069336,-16.260807037353516,-17.510807037353516,128
test,1,The wary [wugs] opposite the well alongside the cabinet near the desk,The wary [wug] opposite the wells alongside the cabinets near the desks,-14.279388427734375,-15.404388427734375,-15.610254287719727,-18.297754287719727,-14.773458480834961,-14.898458480834961,-15.732072830200195,-17.857072830200195,128
