split,inverse,eval_input,counterfactual_input,clean_logp_A,clean_logp_B,complement_ablation_logp_A,complement_ablation_logp_B,circuit_ablation_logp_A,circuit_ablation_logp_B,all_ablation_logp_A,all_ablation_logp_B,n_nodes
train,0,The timid dolphin outside the pipes behind the valves,The timid dolphins outside the pipe behind the valve,-1.1143678426742554,-7.239367961883545,-1.151654601097107,-7.4016547203063965,-1.1810731887817383,-5.431073188781738,-1.1474640369415283,-5.647463798522949,128
train,1,The timid dolphins outside the pipe behind the valve,The timid dolphin outside the pipes behind the valves,-0.8146556615829468,-4.439655780792236,-1.1116533279418945,-4.6116533279418945,-1.0550397634506226,-3.055039882659912,-1.240294337272644,-3.3652944564819336,128
train,0,The nervous rat outside the clocks behind the plants,The nervous rats outside the clock behind the plant,-4.040234088897705,-7.540234088897705,-3.0064735412597656,-7.631473541259766,-4.109015464782715,-6.609015464782715,-3.1830930709838867,-6.308093070983887,128
train,1,The nervous rats outside the clock behind the plant,The nervous rat outside the clocks behind the plants,-2.8753864765167236,-3.6253864765167236,-2.525735378265381,-4.150735378265381,-3.470311164855957,-3.220311164855957,-2.889221668243408,-3.639221668243408,128
train,0,The sleepy whale behind the pans past the cars,The sleepy whales behind the pan past the car,-15.169631004333496,-16.482131958007812,-14.678155899047852,-16.49065589904785,-15.201274871826172,-16.138774871826172,-14.774246215820312,-16.274246215820312,128
train,1,The sleepy whales behind the pan past the car,The sleepy whale behind the pans past the cars,-17.161090850830078,-18.942340850830078,-14.766732215881348,-17.329233169555664,-17.221683502197266,-18.659183502197266,-14.80572509765625,-16.93072509765625,128
train,0,The small cow behind the houses past the rocks,The small cows behind the house past the rock,-15.846162796020508,-18.783662796020508,-16.013469696044922,-19.325969696044922,-16.148101806640625,-18.148101806640625,-16.07663917541504,-18.70163917541504,128
train,1,The small cows behind the house past the rock,The small cow behind the houses past the rocks,-16.588350296020508,-17.588350296020508,-16.31233787536621,-17.87483787536621,-16.83702278137207,-16.96202278137207,-16.51926040649414,-17.20676040649414,128
train,0,The small shark outside the benches behind the windows,The small sharks outside the bench behind the window,-1.879241943359375,-5.879241943359375,-1.6213107109069824,-6.496310710906982,-2.061964750289917,-4.311964988708496,-1.8240015506744385,-4.949001312255859,128
train,1,The small sharks outside the bench behind the window,The small shark outside the benches behind the windows,-0.8171567320823669,-4.442156791687012,-0.9495888948440552,-5.324588775634766,-1.0792819261550903,-3.329281806945801,-1.0387444496154785,-4.4137444496154785,128
train,0,The calm rabbit past the logs beneath the columns,The calm rabbits past the log beneath the column,-3.7082748413085938,-9.333274841308594,-2.1303858757019043,-8.505386352539062,-3.7506797313690186,-8.125679969787598,-2.117009162902832,-7.117009162902832,128
train,1,The calm rabbits past the log beneath the column,The calm rabbit past the logs beneath the columns,-3.3075873851776123,-3.8075873851776123,-2.335597038269043,-4.710597038269043,-3.779952049255371,-3.404952049255371,-2.649653196334839,-4.024653434753418,128
train,0,The small panda outside the stools behind the clocks,The small pandas outside the stool behind the clock,-13.858139991760254,-15.108139991760254,-13.714010238647461,-15.901510238647461,-13.893805503845215,-14.393805503845215,-13.56488037109375,-15.00238037109375,128
train,1,The small pandas outside the stool behind the clock,The small panda outside the stools behind the clocks,-12.319228172302246,-14.569228172302246,-12.695561408996582,-15.320561408996582,-12.446547508239746,-13.759047508239746,-12.81408977508545,-14.43908977508545,128
train,0,The sleepy rabbit beneath the milestones around the thresholds,The sleepy rabbits beneath the milestone around the threshold,-14.448850631713867,-15.948850631713867,-13.709864616394043,-16.522363662719727,-14.576598167419434,-15.389098167419434,-13.594733238220215,-15.719733238220215,128
train,1,The sleepy rabbits beneath the milestone around the threshold,The sleepy rabbit beneath the milestones around the thresholds,-12.020339012145996,-14.895339012145996,-11.844742774963379,-16.032243728637695,-12.33870792388916,-14.52620792388916,-11.96074390411377,-15.21074390411377,128
train,0,The timid chick around the benches outside the windows,The timid chicks around the bench outside the window,-15.84002685546875,-17.40252685546875,-15.20801830291748,-17.208017349243164,-16.119905471801758,-17.307405471801758,-15.188849449157715,-16.8138484954834,128
train,1,The timid chicks around the bench outside the window,The timid chick around the benches outside the windows,-15.310632705688477,-18.060632705688477,-15.127692222595215,-17.37769317626953,-15.470600128173828,-17.595600128173828,-15.163185119628906,-17.038185119628906,128
train,0,The calm kitten beneath the milestones around the thresholds,The calm kittens beneath the milestone around the threshold,-5.0812153816223145,-9.081214904785156,-3.7792859077453613,-9.029285430908203,-5.327981948852539,-8.202981948852539,-3.794931411743164,-7.794931411743164,128
train,1,The calm kittens beneath the milestone around the threshold,The calm kitten beneath the milestones around the thresholds,-4.9330339431762695,-5.6830339431762695,-3.7728934288024902,-5.77289342880249,-5.120853424072266,-5.245853424072266,-4.1003875732421875,-5.1003875732421875,128
train,0,The small dolphin around the towers outside the cabins,The small dolphins around the tower outside the cabin,-8.993722915649414,-11.493722915649414,-9.120325088500977,-12.495325088500977,-9.464607238769531,-10.839607238769531,-9.503255844116211,-11.878255844116211,128
train,1,The small dolphins around the tower outside the cabin,The small dolphin around the towers outside the cabins,-10.395034790039062,-12.895034790039062,-10.595099449157715,-12.720099449157715,-10.514100074768066,-12.326600074768066,-10.7122802734375,-12.2747802734375,128
train,0,The small horse around the towers outside the cabins,The small horses around the tower outside the cabin,-14.986191749572754,-16.11119270324707,-16.35104751586914,-17.35104751586914,-15.18655014038086,-15.43655014038086,-16.38520622253418,-16.82270622253418,128
train,1,The small horses around the tower outside the cabin,The small horse around the towers outside the cabins,-13.841915130615234,-17.029415130615234,-14.020136833190918,-16.770137786865234,-13.937511444091797,-16.562511444091797,-14.20063304901123,-16.513134002685547,128
train,0,The small rabbit beneath the milestones around the thresholds,The small rabbits beneath the milestone around the threshold,-4.850088596343994,-9.100088119506836,-3.1711325645446777,-8.796133041381836,-4.977194786071777,-8.102194786071777,-3.1734118461608887,-7.673411846160889,128
train,1,The small rabbits beneath the milestone around the threshold,The small rabbit beneath the milestones around the thresholds,-4.076467990875244,-5.951467990875244,-2.2983880043029785,-4.7983880043029785,-4.493243217468262,-5.368243217468262,-2.7428464889526367,-3.9928464889526367,128
train,0,The sleepy chick around the stools outside the clocks,The sleepy chicks around the stool outside the clock,-16.268434524536133,-16.393434524536133,-16.4072208404541,-18.1572208404541,-16.16488265991211,-15.852383613586426,-16.370386123657227,-17.682886123657227,128
train,1,The sleepy chicks around the stool outside the clock,The sleepy chick around the stools outside the clocks,-20.14200782775879,-22.29825782775879,-15.510726928710938,-18.104476928710938,-20.019649505615234,-21.707149505615234,-15.631582260131836,-17.444082260131836,128
train,0,The quiet dog beneath the walls around the tables,The quiet dogs beneath the wall around the table,-12.212281227111816,-12.962281227111816,-12.578042030334473,-14.578042030334473,-12.507162094116211,-12.319662094116211,-12.7880859375,-14.0380859375,128
train,1,The quiet dogs beneath the wall around the table,The quiet dog beneath the walls around the tables,-10.136026382446289,-14.636026382446289,-11.663744926452637,-14.851244926452637,-10.197972297668457,-13.947972297668457,-11.8911714553833,-14.4536714553833,128
train,0,The fuzzy monitor past the rocks beneath the chairs,The fuzzy monitors past the rock beneath the chair,-15.69013500213623,-18.690135955810547,-11.714593887329102,-16.7770938873291,-15.848920822143555,-18.223920822143555,-11.77624225616455,-16.213743209838867,128
train,1,The fuzzy monitors past the rock beneath the chair,The fuzzy monitor past the rocks beneath the chairs,-16.122291564941406,-17.309791564941406,-11.708630561828613,-14.708630561828613,-16.553083419799805,-17.115583419799805,-11.870841979980469,-14.120841979980469,128
train,0,The nervous shark outside the clocks behind the plants,The nervous sharks outside the clock behind the plant,-17.569210052490234,-18.756710052490234,-17.428936004638672,-19.616436004638672,-17.491497039794922,-18.053997039794922,-17.70256805419922,-19.07756805419922,128
train,1,The nervous sharks outside the clock behind the plant,The nervous shark outside the clocks behind the plants,-16.963293075561523,-17.775793075561523,-17.110244750976562,-18.391494750976562,-17.26921272277832,-17.39421272277832,-17.215322494506836,-17.840322494506836,128
train,0,The small dog beneath the trenches around the dams,The small dogs beneath the trench around the dam,-0.6208404302597046,-5.620840549468994,-0.9147589206695557,-7.289758682250977,-0.7266454100608826,-3.9766454696655273,-1.0472326278686523,-5.797232627868652,128
train,1,The small dogs beneath the trench around the dam,The small dog beneath the trenches around the dams,-0.41150790452957153,-4.161508083343506,-1.1454551219940186,-5.395455360412598,-0.4993883967399597,-3.1243884563446045,-1.3798177242279053,-4.629817962646484,128
train,0,The fuzzy cow around the towers outside the cabins,The fuzzy cows around the tower outside the cabin,-1.186874508857727,-6.1868743896484375,-2.4193363189697266,-7.669336318969727,-1.3582262992858887,-4.608226299285889,-2.7286221981048584,-6.3536224365234375,128
train,1,The fuzzy cows around the tower outside the cabin,The fuzzy cow around the towers outside the cabins,-1.1189221143722534,-4.618922233581543,-1.743237853050232,-5.2432379722595215,-1.3549598455429077,-3.4799599647521973,-2.0370144844055176,-4.162014484405518,128
train,0,The timid doe outside the tables behind the houses,The timid does outside the table behind the house,-17.765785217285156,-19.265785217285156,-17.86155891418457,-18.98655891418457,-17.886817932128906,-19.074317932128906,-18.014223098754883,-19.014223098754883,128
train,1,The timid does outside the table behind the house,The timid doe outside the tables behind the houses,-18.496885299682617,-18.996885299682617,-18.865161895751953,-19.052661895751953,-18.486175537109375,-19.173675537109375,-19.039886474609375,-19.602386474609375,128
train,0,The slender shark past the logs beneath the columns,The slender sharks past the log beneath the column,-10.404542922973633,-14.154542922973633,-9.361835479736328,-13.549335479736328,-10.668941497802734,-13.168941497802734,-9.523984909057617,-12.523984909057617,128
train,1,The slender sharks past the log beneath the column,The slender shark past the logs beneath the columns,-10.10381031036377,-11.85381031036377,-8.613219261169434,-12.175719261169434,-10.411029815673828,-11.286029815673828,-8.774046897888184,-11.399046897888184,128
train,0,The nervous rat past the cars beneath the boxes,The nervous rats past the car beneath the box,-16.62059783935547,-18.43309783935547,-15.632256507873535,-18.31975746154785,-16.931835174560547,-18.244335174560547,-15.795289993286133,-18.107789993286133,128
train,1,The nervous rats past the car beneath the box,The nervous rat past the cars beneath the boxes,-18.227577209472656,-18.790077209472656,-16.216644287109375,-16.841644287109375,-18.343908309936523,-18.781408309936523,-16.452136993408203,-16.702136993408203,128
train,0,The fuzzy panda around the tanks outside the pipes,The fuzzy pandas around the tank outside the pipe,-14.310562133789062,-14.935562133789062,-13.504332542419434,-16.629331588745117,-14.611255645751953,-14.423755645751953,-13.87782096862793,-15.81532096862793,128
train,1,The fuzzy pandas around the tank outside the pipe,The fuzzy panda around the tanks outside the pipes,-13.10858154296875,-14.35858154296875,-14.224621772766113,-14.724621772766113,-13.291236877441406,-14.291236877441406,-14.597397804260254,-14.534897804260254,128
train,0,The sleepy dolphin outside the benches behind the windows,The sleepy dolphins outside the bench behind the window,-13.420231819152832,-17.232730865478516,-13.124990463256836,-16.624990463256836,-13.601712226867676,-16.226713180541992,-13.347709655761719,-15.785209655761719,128
train,1,The sleepy dolphins outside the bench behind the window,The sleepy dolphin outside the benches behind the windows,-12.06871509552002,-17.068714141845703,-11.864190101623535,-16.42669105529785,-12.325017929077148,-16.01251792907715,-12.14858627319336,-16.02358627319336,128
train,0,The bright pup outside the cabins behind the signs,The bright pups outside the cabin behind the sign,-1.8087635040283203,-4.80876350402832,-1.611872673034668,-6.736872673034668,-2.098594903945923,-3.598594903945923,-1.8826152086257935,-5.007615089416504,128
train,1,The bright pups outside the cabin behind the sign,The bright pup outside the cabins behind the signs,-2.5904946327209473,-4.840494632720947,-1.884475827217102,-5.1344757080078125,-3.0421316623687744,-4.042131423950195,-2.084458827972412,-4.084458827972412,128
train,0,The small rat behind the houses past the rocks,The small rats behind the house past the rock,-14.196207046508789,-14.696207046508789,-14.063593864440918,-14.438593864440918,-14.265889167785645,-14.328389167785645,-14.131427764892578,-14.068927764892578,128
train,1,The small rats behind the house past the rock,The small rat behind the houses past the rocks,-13.332621574401855,-17.207622528076172,-12.36761474609375,-15.99261474609375,-13.193593978881836,-16.818593978881836,-12.36536979675293,-15.80286979675293,128
train,0,The slender pup beneath the carts around the benches,The slender pups beneath the cart around the bench,-14.706901550292969,-15.269401550292969,-13.946414947509766,-16.321414947509766,-15.108481407165527,-14.608481407165527,-14.19092845916748,-15.62842845916748,128
train,1,The slender pups beneath the cart around the bench,The slender pup beneath the carts around the benches,-13.81086254119873,-14.74836254119873,-13.99498176574707,-14.86998176574707,-13.82472038269043,-14.57472038269043,-14.108792304992676,-14.608792304992676,128
train,0,The quiet rabbit past the cars beneath the boxes,The quiet rabbits past the car beneath the box,-2.413822889328003,-7.788823127746582,-1.8576797246932983,-7.982679843902588,-2.5874624252319336,-6.962462425231934,-1.9408900737762451,-6.815890312194824,128
train,1,The quiet rabbits past the car beneath the box,The quiet rabbit past the cars beneath the boxes,-2.7791249752044678,-3.9041249752044678,-2.401709794998169,-4.40170955657959,-3.4503371715545654,-2.9503371715545654,-2.7937662601470947,-3.5437662601470947,128
train,0,The small dog outside the windows behind the crates,The small dogs outside the window behind the crate,-13.694723129272461,-15.069723129272461,-13.661492347717285,-14.911492347717285,-14.149921417236328,-14.899921417236328,-14.078916549682617,-14.516416549682617,128
train,1,The small dogs outside the window behind the crate,The small dog outside the windows behind the crates,-13.668411254882812,-16.793411254882812,-12.074801445007324,-16.387300491333008,-13.769515991210938,-16.394515991210938,-12.198275566101074,-16.13577651977539,128
train,0,The sleepy panda outside the benches behind the windows,The sleepy pandas outside the bench behind the window,-15.872891426086426,-17.06039047241211,-16.05878448486328,-16.80878448486328,-16.18986701965332,-16.75236701965332,-16.223285675048828,-16.473285675048828,128
train,1,The sleepy pandas outside the bench behind the window,The sleepy panda outside the benches behind the windows,-14.741193771362305,-18.741193771362305,-14.662433624267578,-18.537433624267578,-14.732856750488281,-17.98285675048828,-14.564671516418457,-17.877172470092773,128
train,0,The calm rabbit beneath the boxes around the walls,The calm rabbits beneath the box around the wall,-14.054027557373047,-16.304027557373047,-14.285216331481934,-17.660215377807617,-14.266868591308594,-15.704368591308594,-14.330032348632812,-17.205032348632812,128
train,1,The calm rabbits beneath the box around the wall,The calm rabbit beneath the boxes around the walls,-14.905399322509766,-16.655399322509766,-14.842084884643555,-17.217084884643555,-15.212695121765137,-16.21269416809082,-15.051182746887207,-16.61368179321289,128
train,0,The bright monitor behind the clocks past the plants,The bright monitors behind the clock past the plant,-3.634166717529297,-7.509166717529297,-2.38423752784729,-7.884237289428711,-3.8681511878967285,-6.8681511878967285,-2.4099743366241455,-6.784974575042725,128
train,1,The bright monitors behind the clock past the plant,The bright monitor behind the clocks past the plants,-3.1717801094055176,-4.421780109405518,-1.8967572450637817,-4.521757125854492,-3.5707430839538574,-3.8207430839538574,-2.112865447998047,-3.737865447998047,128
train,0,The calm cow around the walls outside the tables,The calm cows around the wall outside the table,-2.7258591651916504,-4.85085916519165,-2.071371555328369,-5.946371555328369,-2.9543943405151367,-4.079394340515137,-2.197230100631714,-4.822230339050293,128
train,1,The calm cows around the wall outside the table,The calm cow around the walls outside the tables,-1.3907830715179443,-4.640783309936523,-1.5290824174880981,-3.6540822982788086,-1.6206434965133667,-3.7456436157226562,-1.7532973289489746,-2.8782973289489746,128
train,0,The fuzzy rabbit beneath the trenches around the dams,The fuzzy rabbits beneath the trench around the dam,-15.085770606994629,-17.835769653320312,-15.065754890441895,-17.81575584411621,-15.347517013549805,-16.972517013549805,-15.07784366607666,-17.202842712402344,128
train,1,The fuzzy rabbits beneath the trench around the dam,The fuzzy rabbit beneath the trenches around the dams,-15.42676830291748,-18.426769256591797,-13.704727172851562,-16.767227172851562,-15.55959701538086,-17.68459701538086,-13.795888900756836,-16.108388900756836,128
train,0,The timid cow beneath the columns around the towers,The timid cows beneath the column around the tower,-14.427838325500488,-17.927837371826172,-13.901985168457031,-17.58948516845703,-14.496723175048828,-16.496723175048828,-14.024086952209473,-16.399085998535156,128
train,1,The timid cows beneath the column around the tower,The timid cow beneath the columns around the towers,-13.295655250549316,-16.108154296875,-13.073136329650879,-16.260635375976562,-13.534360885620117,-15.534360885620117,-13.387939453125,-15.575439453125,128
train,0,The quiet cow around the dams outside the pots,The quiet cows around the dam outside the pot,-13.542068481445312,-15.417068481445312,-12.9494047164917,-15.5119047164917,-13.664056777954102,-15.164056777954102,-12.933473587036133,-14.995973587036133,128
train,1,The quiet cows around the dam outside the pot,The quiet cow around the dams outside the pots,-15.884895324707031,-17.79114532470703,-13.76378059387207,-14.26378059387207,-15.60413932800293,-17.19788932800293,-13.758695602416992,-13.633695602416992,128
train,0,The fuzzy chick around the belts outside the piles,The fuzzy chicks around the belt outside the pile,-3.5200207233428955,-6.020020961761475,-3.1373212337493896,-7.512321472167969,-3.531296968460083,-5.156297206878662,-3.185150623321533,-6.435150623321533,128
train,1,The fuzzy chicks around the belt outside the pile,The fuzzy chick around the belts outside the piles,-3.0523736476898193,-4.552373886108398,-3.6926043033599854,-5.067604064941406,-3.294732093811035,-4.044732093811035,-4.313721656799316,-4.438721656799316,128
train,0,The quiet cow past the cars beneath the boxes,The quiet cows past the car beneath the box,-2.4438400268554688,-7.943840026855469,-1.7801069021224976,-7.905107021331787,-2.643306255340576,-7.268306255340576,-1.8628391027450562,-7.112839221954346,128
train,1,The quiet cows past the car beneath the box,The quiet cow past the cars beneath the boxes,-2.9356131553649902,-3.8106131553649902,-2.3736929893493652,-4.373692989349365,-3.4180784225463867,-3.1680784225463867,-2.7526016235351562,-3.6276016235351562,128
train,0,The sleepy rat beneath the boilers around the tanks,The sleepy rats beneath the boiler around the tank,-2.896192789077759,-7.27119255065918,-1.6056058406829834,-7.8556060791015625,-3.1574079990386963,-5.907408237457275,-1.6843903064727783,-6.434390068054199,128
train,1,The sleepy rats beneath the boiler around the tank,The sleepy rat beneath the boilers around the tanks,-3.2843496799468994,-4.90934944152832,-2.0079517364501953,-5.007951736450195,-3.7889022827148438,-4.163902282714844,-2.341378688812256,-3.841378688812256,128
train,0,The timid panda outside the tables behind the houses,The timid pandas outside the table behind the house,-16.171674728393555,-17.296674728393555,-15.824585914611816,-16.262086868286133,-16.297456741333008,-16.859956741333008,-16.06729507446289,-16.12979507446289,128
train,1,The timid pandas outside the table behind the house,The timid panda outside the tables behind the houses,-13.508934020996094,-18.258934020996094,-14.959388732910156,-18.865638732910156,-13.550808906555176,-17.80080795288086,-14.971946716308594,-18.409446716308594,128
train,0,The fuzzy chick outside the drums behind the bolts,The fuzzy chicks outside the drum behind the bolt,-2.9350621700286865,-6.310062408447266,-2.691777229309082,-7.316777229309082,-2.9708147048950195,-5.4708147048950195,-2.735281467437744,-6.235281467437744,128
train,1,The fuzzy chicks outside the drum behind the bolt,The fuzzy chick outside the drums behind the bolts,-2.2019829750061035,-3.8269829750061035,-2.123237133026123,-4.873237133026123,-2.4541547298431396,-3.2041547298431396,-2.4572248458862305,-3.9572248458862305,128
train,0,The sleepy rabbit behind the plants past the logs,The sleepy rabbits behind the plant past the log,-2.297427177429199,-8.7974271774292,-2.389232635498047,-8.764232635498047,-2.3838706016540527,-7.508870601654053,-2.3496272563934326,-7.5996270179748535,128
train,1,The sleepy rabbits behind the plant past the log,The sleepy rabbit behind the plants past the logs,-1.2108769416809082,-4.835876941680908,-1.6023178100585938,-6.227317810058594,-1.5729055404663086,-3.6979055404663086,-2.031223773956299,-4.906223773956299,128
train,0,The slender kitten behind the houses past the rocks,The slender kittens behind the house past the rock,-2.5667245388031006,-8.06672477722168,-1.5440549850463867,-8.169054985046387,-2.8181357383728027,-6.693135738372803,-1.9051240682601929,-7.030124187469482,128
train,1,The slender kittens behind the house past the rock,The slender kitten behind the houses past the rocks,-1.7023627758026123,-5.952363014221191,-1.6865005493164062,-6.186500549316406,-2.0440917015075684,-4.794091701507568,-1.842240333557129,-5.092240333557129,128
train,0,The fuzzy rat behind the valves past the cables,The fuzzy rats behind the valve past the cable,-2.2414917945861816,-7.491491794586182,-1.2111815214157104,-7.711181640625,-2.44748592376709,-6.44748592376709,-1.3476078510284424,-6.472607612609863,128
train,1,The fuzzy rats behind the valve past the cable,The fuzzy rat behind the valves past the cables,-3.0377631187438965,-3.7877631187438965,-1.8572229146957397,-3.8572230339050293,-3.541151762008667,-3.166151762008667,-2.1605939865112305,-3.0355939865112305,128
train,0,The sleepy frog behind the valves past the cables,The sleepy frogs behind the valve past the cable,-2.5519931316375732,-8.051993370056152,-1.391379475593567,-7.641379356384277,-2.7853667736053467,-7.035367012023926,-1.4910475015640259,-6.366047382354736,128
train,1,The sleepy frogs behind the valve past the cable,The sleepy frog behind the valves past the cables,-2.80867600440979,-5.058675765991211,-2.0307111740112305,-4.7807111740112305,-3.2823479175567627,-4.032347679138184,-2.328766345977783,-3.953766345977783,128
train,0,The slender rabbit around the carts outside the benches,The slender rabbits around the cart outside the bench,-2.745955467224121,-5.995955467224121,-2.093008518218994,-7.218008518218994,-3.11820125579834,-4.61820125579834,-2.415534019470215,-5.915534019470215,128
train,1,The slender rabbits around the cart outside the bench,The slender rabbit around the carts outside the benches,-1.540343165397644,-4.915343284606934,-1.3999886512756348,-4.649988651275635,-1.9247548580169678,-4.049755096435547,-1.7785205841064453,-3.6535205841064453,128
train,0,The nervous shark around the thresholds outside the drums,The nervous sharks around the threshold outside the drum,-14.278133392333984,-15.028133392333984,-15.378046989440918,-17.0655460357666,-14.438693046569824,-14.438693046569824,-15.33873462677002,-16.276233673095703,128
train,1,The nervous sharks around the threshold outside the drum,The nervous shark around the thresholds outside the drums,-15.231779098510742,-16.169279098510742,-13.924284934997559,-15.549284934997559,-15.509748458862305,-15.853498458862305,-14.319150924682617,-15.131650924682617,128
train,0,The sleepy bat beneath the boilers around the tanks,The sleepy bats beneath the boiler around the tank,-2.8105640411376953,-7.310564041137695,-1.6585750579833984,-7.658575057983398,-3.123229503631592,-6.248229503631592,-1.7978434562683105,-6.2978434562683105,128
train,1,The sleepy bats beneath the boiler around the tank,The sleepy bat beneath the boilers around the tanks,-3.064876079559326,-3.814876079559326,-1.7942959070205688,-3.9192957878112793,-3.502232074737549,-3.252232074737549,-2.0616817474365234,-2.9366817474365234,128
train,0,The timid rabbit around the statues outside the stools,The timid rabbits around the statue outside the stool,-10.147026062011719,-11.647026062011719,-10.068201065063477,-12.693201065063477,-10.535571098327637,-10.910571098327637,-10.183382034301758,-11.558382034301758,128
train,1,The timid rabbits around the statue outside the stool,The timid rabbit around the statues outside the stools,-8.926383972167969,-11.676383972167969,-9.00494384765625,-12.31744384765625,-9.317144393920898,-11.129644393920898,-9.124883651733398,-11.624883651733398,128
train,0,The sleepy horse beneath the boxes around the walls,The sleepy horses beneath the box around the wall,-2.9566667079925537,-6.081666946411133,-2.125157356262207,-7.625157356262207,-3.056709051132202,-5.056709289550781,-2.2595980167388916,-6.5095977783203125,128
train,1,The sleepy horses beneath the box around the wall,The sleepy horse beneath the boxes around the walls,-4.053993225097656,-4.803993225097656,-3.0128183364868164,-4.512818336486816,-4.529512405395508,-4.404512405395508,-3.271224021911621,-3.896224021911621,128
train,0,The timid horse behind the rushes past the vines,The timid horses behind the rush past the vine,-14.25398063659668,-16.69148063659668,-12.257026672363281,-15.132026672363281,-14.365408897399902,-16.36540985107422,-12.319599151611328,-14.694599151611328,128
train,1,The timid horses behind the rush past the vine,The timid horse behind the rushes past the vines,-12.8956298828125,-13.2081298828125,-12.379590034484863,-12.192090034484863,-13.025681495666504,-13.150681495666504,-12.524029731750488,-12.086529731750488,128
train,0,The bright turtle past the nests beneath the milestones,The bright turtles past the nest beneath the milestone,-16.838924407958984,-17.401424407958984,-15.162315368652344,-16.474815368652344,-16.939783096313477,-16.877283096313477,-15.395983695983887,-16.02098274230957,128
train,1,The bright turtles past the nest beneath the milestone,The bright turtle past the nests beneath the milestones,-14.606032371520996,-17.043533325195312,-13.526761054992676,-15.901761054992676,-14.82021713256836,-16.69521713256836,-13.831932067871094,-15.831932067871094,128
train,0,The timid dog beneath the columns around the towers,The timid dogs beneath the column around the tower,-15.112489700317383,-18.112489700317383,-15.218527793884277,-18.156028747558594,-15.284428596496582,-17.284427642822266,-15.265551567077637,-17.453052520751953,128
train,1,The timid dogs beneath the column around the tower,The timid dog beneath the columns around the towers,-14.578407287597656,-17.015907287597656,-14.711864471435547,-17.024364471435547,-14.84566593170166,-16.783164978027344,-15.031906127929688,-16.781906127929688,128
train,0,The slender turtle behind the houses past the rocks,The slender turtles behind the house past the rock,-2.3223934173583984,-7.447393417358398,-1.2443450689315796,-8.369344711303711,-2.353909969329834,-6.228909969329834,-1.437833547592163,-6.937833309173584,128
train,1,The slender turtles behind the house past the rock,The slender turtle behind the houses past the rocks,-1.5203014612197876,-5.520301342010498,-1.2577788829803467,-5.632779121398926,-1.6996650695800781,-4.324665069580078,-1.4035484790802002,-4.528548240661621,128
train,0,The sleepy cow around the belts outside the piles,The sleepy cows around the belt outside the pile,-4.638900279998779,-7.888900279998779,-2.7705469131469727,-7.770546913146973,-4.744661331176758,-6.869661331176758,-2.933260202407837,-6.558259963989258,128
train,1,The sleepy cows around the belt outside the pile,The sleepy cow around the belts outside the piles,-3.44673228263855,-6.071732044219971,-3.1782398223876953,-4.928239822387695,-3.8139634132385254,-5.313963413238525,-3.3256936073303223,-4.075693607330322,128
train,0,The calm pup around the walls outside the tables,The calm pups around the wall outside the table,-2.6050376892089844,-4.355037689208984,-1.8607113361358643,-5.485711097717285,-2.928959369659424,-3.428959369659424,-2.0262680053710938,-4.276268005371094,128
train,1,The calm pups around the wall outside the table,The calm pup around the walls outside the tables,-1.6807833909988403,-4.930783271789551,-1.5732581615447998,-4.323258399963379,-1.849910020828247,-4.099909782409668,-1.8059959411621094,-3.4309959411621094,128
train,0,The nervous rabbit behind the windows past the crates,The nervous rabbits behind the window past the crate,-18.88457679748535,-20.44707679748535,-17.30311393737793,-19.74061393737793,-19.090085983276367,-19.902585983276367,-17.342458724975586,-19.092458724975586,128
train,1,The nervous rabbits behind the window past the crate,The nervous rabbit behind the windows past the crates,-16.23409080505371,-18.23409080505371,-14.336372375488281,-17.33637237548828,-16.594196319580078,-18.094196319580078,-14.580946922302246,-17.08094596862793,128
train,0,The small rat behind the bolts past the screws,The small rats behind the bolt past the screw,-1.6793079376220703,-7.92930793762207,-0.8407402634620667,-7.215740203857422,-1.8672363758087158,-6.867236614227295,-0.8798679113388062,-6.129868030548096,128
train,1,The small rats behind the bolt past the screw,The small rat behind the bolts past the screws,-4.0101542472839355,-4.5101542472839355,-2.1208701133728027,-3.4958701133728027,-4.253183841705322,-3.8781838417053223,-2.479245185852051,-2.854245185852051,128
train,0,The timid doe past the screws beneath the boilers,The timid does past the screw beneath the boiler,-14.716691017150879,-15.466691017150879,-14.692333221435547,-16.004833221435547,-14.955863952636719,-15.205863952636719,-14.777976036071777,-15.652976036071777,128
train,1,The timid does past the screw beneath the boiler,The timid doe past the screws beneath the boilers,-17.22930145263672,-18.54180145263672,-17.059194564819336,-18.434194564819336,-17.193504333496094,-18.506004333496094,-17.019508361816406,-18.457008361816406,128
train,0,The bright rat beneath the milestones around the thresholds,The bright rats beneath the milestone around the threshold,-5.977612495422363,-9.727612495422363,-3.7898128032684326,-9.164813041687012,-6.101880073547363,-8.851880073547363,-3.919522762298584,-7.919522762298584,128
train,1,The bright rats beneath the milestone around the threshold,The bright rat beneath the milestones around the thresholds,-5.750430107116699,-6.250430107116699,-4.193973064422607,-5.068973064422607,-6.182936191558838,-5.932936191558838,-4.540040016174316,-4.665040016174316,128
train,0,The timid doe beneath the columns around the towers,The timid does beneath the column around the tower,-15.610991477966309,-17.735992431640625,-15.119414329528809,-16.994413375854492,-15.734481811523438,-16.984481811523438,-15.233235359191895,-16.233234405517578,128
train,1,The timid does beneath the column around the tower,The timid doe beneath the columns around the towers,-17.3331241607666,-18.3956241607666,-16.333114624023438,-17.333114624023438,-17.390052795410156,-18.452552795410156,-16.17556381225586,-17.48806381225586,128
train,0,The quiet chick outside the pipes behind the valves,The quiet chicks outside the pipe behind the valve,-1.2853986024856567,-6.535398483276367,-1.6509952545166016,-7.525995254516602,-1.396560549736023,-5.0215606689453125,-1.6447808742523193,-6.019781112670898,128
train,1,The quiet chicks outside the pipe behind the valve,The quiet chick outside the pipes behind the valves,-1.6022671461105347,-3.227267265319824,-1.5040298700332642,-4.004029750823975,-2.0578556060791016,-2.3078556060791016,-1.8132976293563843,-3.063297748565674,128
train,0,The fuzzy panda outside the pots behind the pans,The fuzzy pandas outside the pot behind the pan,-1.555999755859375,-7.305999755859375,-1.0616722106933594,-6.936672210693359,-1.5872243642807007,-5.83722448348999,-1.1020429134368896,-5.477043151855469,128
train,1,The fuzzy pandas outside the pot behind the pan,The fuzzy panda outside the pots behind the pans,-1.4688234329223633,-2.0938234329223633,-0.5983330607414246,-3.4733331203460693,-1.882338285446167,-1.757338285446167,-0.7696447968482971,-2.5196447372436523,128
train,0,The fuzzy rabbit outside the cabins behind the signs,The fuzzy rabbits outside the cabin behind the sign,-10.909509658813477,-12.784509658813477,-10.913488388061523,-14.163488388061523,-11.041545867919922,-12.041545867919922,-11.026662826538086,-13.276662826538086,128
train,1,The fuzzy rabbits outside the cabin behind the sign,The fuzzy rabbit outside the cabins behind the signs,-11.762731552124023,-13.575231552124023,-10.678926467895508,-13.991426467895508,-12.161590576171875,-13.099090576171875,-10.865781784057617,-13.428281784057617,128
train,0,The small monitor past the vines beneath the trenches,The small monitors past the vine beneath the trench,-18.070955276489258,-20.258455276489258,-17.698884963989258,-20.230134963989258,-18.098468780517578,-19.817218780517578,-17.836015701293945,-19.867265701293945,128
train,1,The small monitors past the vine beneath the trench,The small monitor past the vines beneath the trenches,-19.181507110595703,-20.525257110595703,-20.24053382873535,-21.58428382873535,-18.955455780029297,-20.142955780029297,-19.97572135925293,-21.16322135925293,128
train,0,The slender dolphin past the crates beneath the barrels,The slender dolphins past the crate beneath the barrel,-1.8223412036895752,-7.822340965270996,-1.4375625848770142,-8.562562942504883,-2.1908605098724365,-6.440860271453857,-1.6559996604919434,-7.155999660491943,128
train,1,The slender dolphins past the crate beneath the barrel,The slender dolphin past the crates beneath the barrels,-3.107218027114868,-5.107217788696289,-2.932992935180664,-5.807992935180664,-3.509510040283203,-4.634510040283203,-3.091311454772949,-5.466311454772949,128
train,0,The nervous turtle outside the tables behind the houses,The nervous turtles outside the table behind the house,-4.234901428222656,-8.109901428222656,-3.050239086151123,-8.050239562988281,-4.24894380569458,-6.74894380569458,-3.2544915676116943,-6.754491329193115,128
train,1,The nervous turtles outside the table behind the house,The nervous turtle outside the tables behind the houses,-1.7169123888015747,-4.216912269592285,-1.4780396223068237,-4.728039741516113,-2.1835763454437256,-3.4335763454437256,-1.6633366346359253,-3.913336753845215,128
train,0,The bright cow around the tanks outside the pipes,The bright cows around the tank outside the pipe,-1.571138858795166,-4.196138858795166,-1.3206111192703247,-5.695611000061035,-1.8844667673110962,-3.1344666481018066,-1.5483169555664062,-4.048316955566406,128
train,1,The bright cows around the tank outside the pipe,The bright cow around the tanks outside the pipes,-1.7331197261810303,-2.6081197261810303,-2.1095447540283203,-3.1095447540283203,-2.1949613094329834,-2.0699613094329834,-2.4195823669433594,-2.6695823669433594,128
train,0,The nervous frog behind the rocks past the chairs,The nervous frogs behind the rock past the chair,-13.061450004577637,-14.561450004577637,-12.511079788208008,-14.198579788208008,-12.99118423461914,-14.05368423461914,-12.332969665527344,-13.582969665527344,128
train,1,The nervous frogs behind the rock past the chair,The nervous frog behind the rocks past the chairs,-11.620793342590332,-14.370793342590332,-10.535598754882812,-14.473098754882812,-11.778221130371094,-13.590721130371094,-10.67144775390625,-13.79644775390625,128
train,0,The fuzzy pup outside the windows behind the crates,The fuzzy pups outside the window behind the crate,-1.9255263805389404,-6.4255266189575195,-1.7150237560272217,-7.340023994445801,-2.1530325412750244,-5.2780327796936035,-1.6923288106918335,-5.817328929901123,128
train,1,The fuzzy pups outside the window behind the crate,The fuzzy pup outside the windows behind the crates,-0.5252975821495056,-4.15029764175415,-0.7434890270233154,-5.3684892654418945,-0.6963680386543274,-3.1963679790496826,-0.9278991222381592,-4.177899360656738,128
train,0,The calm turtle beneath the boxes around the walls,The calm turtles beneath the box around the wall,-14.833914756774902,-15.896414756774902,-15.72283935546875,-17.91033935546875,-14.97395133972168,-15.47395133972168,-15.948079109191895,-17.760578155517578,128
train,1,The calm turtles beneath the box around the wall,The calm turtle beneath the boxes around the walls,-14.195472717285156,-16.632972717285156,-15.32311725616455,-17.510618209838867,-14.354605674743652,-16.354604721069336,-15.60063648223877,-17.350635528564453,128
train,0,The timid turtle outside the clocks behind the plants,The timid turtles outside the clock behind the plant,-3.3772387504577637,-7.252238750457764,-2.35662841796875,-7.23162841796875,-3.3575403690338135,-6.232540130615234,-2.4868550300598145,-6.2368550300598145,128
train,1,The timid turtles outside the clock behind the plant,The timid turtle outside the clocks behind the plants,-2.102935314178467,-3.727935314178467,-1.6357550621032715,-4.7607550621032715,-2.7171294689178467,-2.8421294689178467,-1.8892523050308228,-3.764252185821533,128
train,0,The calm chick outside the drums behind the bolts,The calm chicks outside the drum behind the bolt,-15.933836936950684,-17.433837890625,-15.135056495666504,-17.322555541992188,-16.180191040039062,-16.992691040039062,-15.276315689086914,-16.838815689086914,128
train,1,The calm chicks outside the drum behind the bolt,The calm chick outside the drums behind the bolts,-15.068145751953125,-16.130645751953125,-14.7787504196167,-16.903749465942383,-15.123309135437012,-15.748309135437012,-14.957331657409668,-16.519832611083984,128
train,0,The calm whale outside the benches behind the windows,The calm whales outside the bench behind the window,-3.6165666580200195,-7.9915666580200195,-2.885347843170166,-7.635347843170166,-3.5286405086517334,-6.7786407470703125,-3.00931978225708,-6.50931978225708,128
train,1,The calm whales outside the bench behind the window,The calm whale outside the benches behind the windows,-2.6078712940216064,-3.3578712940216064,-1.8571343421936035,-5.1071343421936035,-3.392012119293213,-2.892012119293213,-2.2326152324676514,-4.2326154708862305,128
train,0,The timid dog outside the clocks behind the plants,The timid dogs outside the clock behind the plant,-3.1005053520202637,-7.100505352020264,-2.0367250442504883,-7.411725044250488,-3.2853174209594727,-6.410317420959473,-2.077436923980713,-6.327436923980713,128
train,1,The timid dogs outside the clock behind the plant,The timid dog outside the clocks behind the plants,-2.538275718688965,-4.163275718688965,-2.190791368484497,-4.565791130065918,-3.169674873352051,-3.669674873352051,-2.6393465995788574,-3.7643465995788574,128
train,0,The small turtle past the rocks beneath the chairs,The small turtles past the rock beneath the chair,-3.5368010997772217,-7.911801338195801,-1.0414717197418213,-7.541471481323242,-3.8878979682922363,-7.012897968292236,-1.1262881755828857,-6.251288414001465,128
train,1,The small turtles past the rock beneath the chair,The small turtle past the rocks beneath the chairs,-2.383439540863037,-5.133439540863037,-1.0951321125030518,-5.470131874084473,-2.7813472747802734,-4.156347274780273,-1.3042714595794678,-4.304271697998047,128
train,0,The quiet rat beneath the columns around the towers,The quiet rats beneath the column around the tower,-3.7549641132354736,-8.754963874816895,-2.144315719604492,-7.769315719604492,-3.8674001693725586,-7.242400169372559,-2.145434856414795,-6.145434856414795,128
train,1,The quiet rats beneath the column around the tower,The quiet rat beneath the columns around the towers,-2.822192668914795,-6.072192668914795,-1.7438668012619019,-4.743866920471191,-3.0056495666503906,-5.255649566650391,-2.1375553607940674,-3.8875553607940674,128
train,0,The fuzzy monitor behind the clocks past the plants,The fuzzy monitors behind the clock past the plant,-15.557475090026855,-15.869975090026855,-13.40727424621582,-15.65727424621582,-15.900534629821777,-15.713034629821777,-13.527779579162598,-15.402779579162598,128
train,1,The fuzzy monitors behind the clock past the plant,The fuzzy monitor behind the clocks past the plants,-13.284984588623047,-15.034984588623047,-11.895143508911133,-14.207643508911133,-13.687923431396484,-15.000423431396484,-12.026023864746094,-13.776023864746094,128
train,0,The sleepy frog behind the pans past the cars,The sleepy frogs behind the pan past the car,-11.709294319152832,-14.646794319152832,-11.565089225769043,-15.565089225769043,-11.977889060974121,-14.290389060974121,-11.707118034362793,-15.082118034362793,128
train,1,The sleepy frogs behind the pan past the car,The sleepy frog behind the pans past the cars,-12.893448829650879,-14.455948829650879,-11.670673370361328,-14.483173370361328,-13.298741340637207,-14.173741340637207,-11.951414108276367,-14.076414108276367,128
train,0,The slender whale around the towers outside the cabins,The slender whales around the tower outside the cabin,-1.7275376319885254,-6.477537631988525,-1.4979186058044434,-8.122918128967285,-1.9665216207504272,-5.216521739959717,-1.8448708057403564,-6.7198710441589355,128
train,1,The slender whales around the tower outside the cabin,The slender whale around the towers outside the cabins,-1.8364136219024658,-3.711413621902466,-2.207143545150757,-4.582143306732178,-2.1383605003356934,-2.8883605003356934,-2.5495593547821045,-3.6745593547821045,128
train,0,The fuzzy frog behind the crates past the barrels,The fuzzy frogs behind the crate past the barrel,-16.491981506347656,-18.429481506347656,-16.49858283996582,-19.43608283996582,-16.784914016723633,-18.097414016723633,-16.626220703125,-18.938720703125,128
train,1,The fuzzy frogs behind the crate past the barrel,The fuzzy frog behind the crates past the barrels,-15.514018058776855,-17.32651710510254,-15.76518440246582,-17.89018440246582,-15.905275344848633,-16.655275344848633,-16.133136749267578,-17.320636749267578,128
train,0,The small kit around the towers outside the cabins,The small kits around the tower outside the cabin,-13.791369438171387,-14.916369438171387,-13.368938446044922,-16.868938446044922,-14.416934967041016,-14.166934967041016,-13.851142883300781,-16.16364288330078,128
train,1,The small kits around the tower outside the cabin,The small kit around the towers outside the cabins,-13.940688133239746,-16.128189086914062,-13.339509963989258,-16.339509963989258,-14.17838191986084,-15.55338191986084,-13.673588752746582,-16.0485897064209,128
train,0,The bright turtle outside the pots behind the pans,The bright turtles outside the pot behind the pan,-14.723073959350586,-18.223073959350586,-14.1597900390625,-18.4097900390625,-15.048577308654785,-17.2360782623291,-14.402957916259766,-17.527957916259766,128
train,1,The bright turtles outside the pot behind the pan,The bright turtle outside the pots behind the pans,-14.780181884765625,-16.655181884765625,-14.199087142944336,-18.199087142944336,-15.300878524780273,-16.175878524780273,-14.241841316223145,-17.429340362548828,128
train,0,The timid rat around the benches outside the windows,The timid rats around the bench outside the window,-15.279947280883789,-16.71744728088379,-14.83146858215332,-17.01896858215332,-15.444947242736816,-16.5699462890625,-14.97875690460205,-16.603755950927734,128
train,1,The timid rats around the bench outside the window,The timid rat around the benches outside the windows,-12.610053062438965,-15.110053062438965,-13.3781156539917,-15.5031156539917,-12.810129165649414,-14.685129165649414,-13.474900245666504,-15.162400245666504,128
train,0,The calm dog outside the houses behind the rocks,The calm dogs outside the house behind the rock,-1.4240601062774658,-6.924059867858887,-1.8723031282424927,-7.997303009033203,-1.5271377563476562,-5.527137756347656,-2.010704517364502,-6.885704517364502,128
train,1,The calm dogs outside the house behind the rock,The calm dog outside the houses behind the rocks,-1.9230966567993164,-5.048096656799316,-1.7474417686462402,-5.12244176864624,-2.1016716957092285,-4.1016716957092285,-2.0739498138427734,-4.323949813842773,128
train,0,The slender dolphin outside the drums behind the bolts,The slender dolphins outside the drum behind the bolt,-1.7662209272384644,-5.891221046447754,-1.3446241617202759,-7.094624042510986,-1.8221790790557861,-4.822178840637207,-1.5436612367630005,-5.793661117553711,128
train,1,The slender dolphins outside the drum behind the bolt,The slender dolphin outside the drums behind the bolts,-2.13169527053833,-4.13169527053833,-1.7984166145324707,-4.423416614532471,-2.469811201095581,-3.344811201095581,-1.8963449001312256,-3.6463449001312256,128
train,0,The fuzzy turtle past the crates beneath the barrels,The fuzzy turtles past the crate beneath the barrel,-2.5061962604522705,-7.881196022033691,-1.3135380744934082,-8.06353759765625,-2.950756549835205,-6.950756549835205,-1.5560321807861328,-6.806032180786133,128
train,1,The fuzzy turtles past the crate beneath the barrel,The fuzzy turtle past the crates beneath the barrels,-4.694230079650879,-5.319230079650879,-1.6879702806472778,-5.687970161437988,-5.271369934082031,-4.646369934082031,-1.7538237571716309,-4.878823757171631,128
train,0,The sleepy rat around the stools outside the clocks,The sleepy rats around the stool outside the clock,-10.441606521606445,-11.879106521606445,-11.432233810424805,-13.807233810424805,-10.474637031555176,-11.349637031555176,-11.4956636428833,-13.3081636428833,128
train,1,The sleepy rats around the stool outside the clock,The sleepy rat around the stools outside the clocks,-14.699949264526367,-16.637449264526367,-10.017187118530273,-12.079687118530273,-13.794565200805664,-15.357065200805664,-10.038100242614746,-11.288100242614746,128
train,0,The timid panda outside the pipes behind the valves,The timid pandas outside the pipe behind the valve,-0.9436537027359009,-6.193653583526611,-1.0897538661956787,-7.214754104614258,-0.9807659387588501,-4.7307658195495605,-1.102244257926941,-5.4772443771362305,128
train,1,The timid pandas outside the pipe behind the valve,The timid panda outside the pipes behind the valves,-0.6308025121688843,-3.880802631378174,-0.6443275809288025,-4.394327640533447,-0.875525712966919,-2.625525712966919,-0.911650538444519,-3.0366506576538086,128
train,0,The small kit past the vines beneath the trenches,The small kits past the vine beneath the trench,-14.471935272216797,-15.971935272216797,-14.299432754516602,-16.5494327545166,-14.912667274475098,-15.662667274475098,-14.495590209960938,-16.183090209960938,128
train,1,The small kits past the vine beneath the trench,The small kit past the vines beneath the trenches,-19.15943145751953,-20.44068145751953,-18.574037551879883,-19.636537551879883,-19.279329299926758,-20.279329299926758,-18.656579971313477,-19.312829971313477,128
train,0,The small dog outside the cabins behind the signs,The small dogs outside the cabin behind the sign,-1.6417715549468994,-5.26677131652832,-1.0486117601394653,-6.673611640930176,-1.736391544342041,-4.361391544342041,-1.093300223350525,-5.3433003425598145,128
train,1,The small dogs outside the cabin behind the sign,The small dog outside the cabins behind the signs,-2.1517417430877686,-5.776741981506348,-1.3247977495193481,-5.824797630310059,-2.391244888305664,-4.641244888305664,-1.4580397605895996,-4.5830397605896,128
train,0,The slender rat outside the drums behind the bolts,The slender rats outside the drum behind the bolt,-2.4678702354431152,-6.467870235443115,-1.8039462566375732,-6.928946495056152,-2.6635353565216064,-5.413535118103027,-1.7858786582946777,-5.660878658294678,128
train,1,The slender rats outside the drum behind the bolt,The slender rat outside the drums behind the bolts,-3.0071732997894287,-5.132173538208008,-2.1856093406677246,-4.435609340667725,-3.304103136062622,-4.429103374481201,-2.3657422065734863,-3.6157422065734863,128
train,0,The slender shark outside the pots behind the pans,The slender sharks outside the pot behind the pan,-1.0535244941711426,-7.303524494171143,-1.0333884954452515,-7.158388614654541,-1.124204397201538,-5.874204635620117,-1.1265652179718018,-5.626564979553223,128
train,1,The slender sharks outside the pot behind the pan,The slender shark outside the pots behind the pans,-0.8412550091743469,-1.9662549495697021,-0.6248441338539124,-2.9998440742492676,-1.1026954650878906,-1.6026954650878906,-0.7668685913085938,-2.3918685913085938,128
train,0,The sleepy kit behind the pans past the cars,The sleepy kits behind the pan past the car,-15.040550231933594,-15.603050231933594,-13.986367225646973,-15.298867225646973,-15.291163444519043,-15.291163444519043,-14.032744407653809,-14.470244407653809,128
train,1,The sleepy kits behind the pan past the car,The sleepy kit behind the pans past the cars,-13.350750923156738,-15.288250923156738,-11.682807922363281,-14.807807922363281,-13.630796432495117,-14.693296432495117,-12.226902961730957,-14.101902961730957,128
train,0,The calm dog beneath the milestones around the thresholds,The calm dogs beneath the milestone around the threshold,-4.971696376800537,-8.971695899963379,-3.220104455947876,-8.470104217529297,-5.022253036499023,-7.897253036499023,-3.2289113998413086,-7.353911399841309,128
train,1,The calm dogs beneath the milestone around the threshold,The calm dog beneath the milestones around the thresholds,-5.894003868103027,-6.644003868103027,-3.8642706871032715,-5.7392706871032715,-6.039389133453369,-6.164389133453369,-4.2222466468811035,-5.0972466468811035,128
train,0,The calm rat around the tanks outside the pipes,The calm rats around the tank outside the pipe,-2.161466360092163,-4.536466598510742,-1.654344916343689,-5.7793450355529785,-2.4100518226623535,-3.5350518226623535,-1.8486979007720947,-4.098697662353516,128
train,1,The calm rats around the tank outside the pipe,The calm rat around the tanks outside the pipes,-2.3159730434417725,-3.5659730434417725,-2.1309218406677246,-3.7559218406677246,-2.705650806427002,-2.955650806427002,-2.372178077697754,-3.247178077697754,128
train,0,The timid chick beneath the chains around the belts,The timid chicks beneath the chain around the belt,-4.339975833892822,-6.589975833892822,-3.107776165008545,-7.732776165008545,-4.424855709075928,-5.799855709075928,-3.189490556716919,-6.81449031829834,128
train,1,The timid chicks beneath the chain around the belt,The timid chick beneath the chains around the belts,-4.122406959533691,-4.497406959533691,-3.3046069145202637,-4.679606914520264,-4.228341579437256,-4.228341579437256,-3.5488853454589844,-4.298885345458984,128
train,0,The small kitten beneath the boilers around the tanks,The small kittens beneath the boiler around the tank,-13.594148635864258,-14.281648635864258,-13.532835960388184,-14.907835960388184,-13.773003578186035,-13.835503578186035,-13.498390197753906,-14.435890197753906,128
train,1,The small kittens beneath the boiler around the tank,The small kitten beneath the boilers around the tanks,-11.549635887145996,-13.862135887145996,-12.411643981933594,-14.536643981933594,-11.573127746582031,-13.885627746582031,-12.393889427185059,-14.393889427185059,128
train,0,The small whale outside the stools behind the clocks,The small whales outside the stool behind the clock,-17.07210350036621,-19.63460350036621,-16.915760040283203,-20.165760040283203,-17.048227310180664,-19.048227310180664,-16.74077606201172,-19.36577606201172,128
train,1,The small whales outside the stool behind the clock,The small whale outside the stools behind the clocks,-16.00580596923828,-16.94330596923828,-16.347644805908203,-18.191394805908203,-16.45958709716797,-16.39708709716797,-16.60103988647461,-17.53853988647461,128
train,0,The sleepy shark behind the plants past the logs,The sleepy sharks behind the plant past the log,-2.270322799682617,-8.145322799682617,-1.9320820569992065,-8.682082176208496,-2.487790107727051,-6.737790107727051,-2.136748790740967,-7.261748790740967,128
train,1,The sleepy sharks behind the plant past the log,The sleepy shark behind the plants past the logs,-1.9058419466018677,-4.155841827392578,-1.8842406272888184,-5.509240627288818,-2.3647022247314453,-3.1147022247314453,-2.3327674865722656,-4.332767486572266,128
train,0,The slender bat outside the drums behind the bolts,The slender bats outside the drum behind the bolt,-2.409853458404541,-6.159853458404541,-1.585669755935669,-7.210669994354248,-2.4936063289642334,-5.243606090545654,-1.6510579586029053,-6.026058197021484,128
train,1,The slender bats outside the drum behind the bolt,The slender bat outside the drums behind the bolts,-3.294630765914917,-4.044631004333496,-1.8283907175064087,-3.953390598297119,-3.9202399253845215,-3.4202399253845215,-2.0518670082092285,-3.1768670082092285,128
train,0,The bright monitor around the tanks outside the pipes,The bright monitors around the tank outside the pipe,-0.8952940702438354,-4.770294189453125,-0.9682197570800781,-5.968219757080078,-1.0176036357879639,-3.767603635787964,-1.1143479347229004,-4.3643479347229,128
train,1,The bright monitors around the tank outside the pipe,The bright monitor around the tanks outside the pipes,-2.1709342002868652,-3.1709342002868652,-1.617687463760376,-3.617687463760376,-2.529127597808838,-2.654127597808838,-1.8240399360656738,-3.074039936065674,128
train,0,The fuzzy panda outside the cabins behind the signs,The fuzzy pandas outside the cabin behind the sign,-10.650218963623047,-12.837718963623047,-10.679511070251465,-14.054511070251465,-10.776542663574219,-12.026542663574219,-10.898879051208496,-13.211379051208496,128
train,1,The fuzzy pandas outside the cabin behind the sign,The fuzzy panda outside the cabins behind the signs,-11.773747444152832,-12.023747444152832,-10.342367172241211,-13.467367172241211,-12.495878219604492,-11.433378219604492,-10.744847297668457,-12.682347297668457,128
train,0,The timid panda past the barrels beneath the statues,The timid pandas past the barrel beneath the statue,-2.9071362018585205,-7.5321364402771,-2.1505308151245117,-7.775530815124512,-3.1167168617248535,-6.6167168617248535,-2.328178882598877,-6.578178882598877,128
train,1,The timid pandas past the barrel beneath the statue,The timid panda past the barrels beneath the statues,-2.9980382919311523,-5.248038291931152,-2.2983322143554688,-5.298332214355469,-3.4709532260894775,-4.470952987670898,-2.5881786346435547,-4.338178634643555,128
train,0,The quiet chick past the barrels beneath the statues,The quiet chicks past the barrel beneath the statue,-2.221986770629883,-7.721986770629883,-2.5765604972839355,-8.326560974121094,-2.2993030548095703,-6.54930305480957,-2.831801414489746,-7.331801414489746,128
train,1,The quiet chicks past the barrel beneath the statue,The quiet chick past the barrels beneath the statues,-3.4993436336517334,-4.999343395233154,-3.2162094116210938,-4.341209411621094,-3.9232444763183594,-4.298244476318359,-3.662264347076416,-3.912264347076416,128
train,0,The nervous panda beneath the chains around the belts,The nervous pandas beneath the chain around the belt,-17.751110076904297,-18.251110076904297,-15.861749649047852,-17.54924964904785,-17.89959144592285,-18.02459144592285,-15.96996784210205,-17.094966888427734,128
train,1,The nervous pandas beneath the chain around the belt,The nervous panda beneath the chains around the belts,-15.876104354858398,-16.6261043548584,-16.195648193359375,-17.070648193359375,-15.969164848327637,-16.656665802001953,-16.225313186645508,-16.850313186645508,128
train,0,The timid cock outside the tables behind the houses,The timid cocks outside the table behind the house,-4.236542701721191,-6.986542701721191,-3.8256518840789795,-7.825652122497559,-4.5034499168396,-5.6284499168396,-4.065921306610107,-6.315921306610107,128
train,1,The timid cocks outside the table behind the house,The timid cock outside the tables behind the houses,-1.5057390928268433,-3.755739212036133,-1.9717035293579102,-4.59670352935791,-1.967878818511963,-2.717878818511963,-2.4005799293518066,-3.6505799293518066,128
train,0,The calm kitten outside the benches behind the windows,The calm kittens outside the bench behind the window,-2.4228568077087402,-6.29785680770874,-2.10553240776062,-6.105532646179199,-2.559687614440918,-5.184687614440918,-2.2319931983947754,-4.731993198394775,128
train,1,The calm kittens outside the bench behind the window,The calm kitten outside the benches behind the windows,-1.8411669731140137,-4.466166973114014,-1.3197500705718994,-5.69474983215332,-2.1400716304779053,-3.7650716304779053,-1.6311131715774536,-4.506113052368164,128
train,0,The sleepy chick past the cables beneath the chains,The sleepy chicks past the cable beneath the chain,-14.335220336914062,-15.897720336914062,-12.359492301940918,-14.671992301940918,-14.548298835754395,-15.860798835754395,-12.638168334960938,-14.575668334960938,128
train,1,The sleepy chicks past the cable beneath the chain,The sleepy chick past the cables beneath the chains,-13.125911712646484,-14.313411712646484,-13.110414505004883,-13.422914505004883,-13.300227165222168,-14.362727165222168,-13.251325607299805,-13.313825607299805,128
train,0,The calm frog past the chairs beneath the carts,The calm frogs past the chair beneath the cart,-18.049177169799805,-18.611677169799805,-16.888633728027344,-17.951133728027344,-18.36989974975586,-18.61989974975586,-17.215328216552734,-17.715328216552734,128
train,1,The calm frogs past the chair beneath the cart,The calm frog past the chairs beneath the carts,-18.168588638305664,-20.012338638305664,-17.438026428222656,-19.406776428222656,-18.254440307617188,-19.941940307617188,-17.427669525146484,-19.427669525146484,128
train,0,The calm lion beneath the trenches around the dams,The calm lions beneath the trench around the dam,-2.4185431003570557,-6.543542861938477,-2.3680474758148193,-7.86804723739624,-2.7068800926208496,-5.45688009262085,-2.5355658531188965,-6.5355658531188965,128
train,1,The calm lions beneath the trench around the dam,The calm lion beneath the trenches around the dams,-1.9246138334274292,-2.6746139526367188,-2.9368553161621094,-4.936855316162109,-2.630406379699707,-2.130406379699707,-3.5858042240142822,-4.335803985595703,128
train,0,The sleepy bat behind the pans past the cars,The sleepy bats behind the pan past the car,-17.81545639038086,-19.50295639038086,-16.72905921936035,-18.54155921936035,-17.918132781982422,-19.105632781982422,-16.6910343170166,-18.1910343170166,128
train,1,The sleepy bats behind the pan past the car,The sleepy bat behind the pans past the cars,-16.49102210998535,-18.24102210998535,-14.728307723999023,-17.665807723999023,-16.809703826904297,-18.122203826904297,-14.928081512451172,-17.490581512451172,128
train,0,The fuzzy turtle outside the drums behind the bolts,The fuzzy turtles outside the drum behind the bolt,-2.3324427604675293,-6.082442760467529,-1.6715898513793945,-7.0465898513793945,-2.3180813789367676,-5.068081378936768,-1.8209612369537354,-5.820960998535156,128
train,1,The fuzzy turtles outside the drum behind the bolt,The fuzzy turtle outside the drums behind the bolts,-1.5220649242401123,-3.6470649242401123,-1.1612720489501953,-4.786272048950195,-1.9709527492523193,-2.5959527492523193,-1.421059489250183,-3.6710596084594727,128
train,0,The timid rat outside the tables behind the houses,The timid rats outside the table behind the house,-13.32563304901123,-14.88813304901123,-13.13914966583252,-14.51414966583252,-13.529162406921387,-13.841662406921387,-13.317014694213867,-13.817014694213867,128
train,1,The timid rats outside the table behind the house,The timid rat outside the tables behind the houses,-10.522482872009277,-16.14748191833496,-11.363039016723633,-16.613039016723633,-10.667533874511719,-15.417533874511719,-11.489076614379883,-15.926576614379883,128
train,0,The small turtle outside the stools behind the clocks,The small turtles outside the stool behind the clock,-12.442020416259766,-15.317020416259766,-12.181868553161621,-16.056867599487305,-12.348174095153809,-14.410674095153809,-12.137601852416992,-15.200101852416992,128
train,1,The small turtles outside the stool behind the clock,The small turtle outside the stools behind the clocks,-11.78996467590332,-13.28996467590332,-12.209569931030273,-15.272069931030273,-11.938039779663086,-12.188039779663086,-12.364070892333984,-14.426570892333984,128
train,0,The sleepy panda around the towers outside the cabins,The sleepy pandas around the tower outside the cabin,-1.3693838119506836,-5.869383811950684,-1.985497236251831,-7.36049747467041,-1.725128412246704,-4.475128650665283,-2.2108325958251953,-5.710832595825195,128
train,1,The sleepy pandas around the tower outside the cabin,The sleepy panda around the towers outside the cabins,-1.0438387393951416,-4.9188385009765625,-1.5562535524368286,-5.931253433227539,-1.231368899345398,-3.8563690185546875,-1.7281547784805298,-4.85315465927124,128
train,0,The small pup around the towers outside the cabins,The small pups around the tower outside the cabin,-18.237411499023438,-19.112411499023438,-17.579681396484375,-18.642181396484375,-18.428834915161133,-18.678834915161133,-17.759614944458008,-18.322114944458008,128
train,1,The small pups around the tower outside the cabin,The small pup around the towers outside the cabins,-16.884395599365234,-19.446895599365234,-16.49371337890625,-18.61871337890625,-16.968406677246094,-19.343406677246094,-16.5585994720459,-18.4960994720459,128
train,0,The slender dolphin past the logs beneath the columns,The slender dolphins past the log beneath the column,-12.656148910522461,-15.281148910522461,-11.927738189697266,-15.740238189697266,-12.874329566955566,-14.499329566955566,-12.013154983520508,-14.825654983520508,128
train,1,The slender dolphins past the log beneath the column,The slender dolphin past the logs beneath the columns,-11.565267562866211,-13.690267562866211,-11.167259216308594,-14.604759216308594,-11.973607063293457,-13.473607063293457,-11.288634300231934,-14.288634300231934,128
train,0,The bright cow outside the pots behind the pans,The bright cows outside the pot behind the pan,-14.092446327209473,-16.467445373535156,-13.947320938110352,-16.63482093811035,-14.013866424560547,-15.763866424560547,-14.011341094970703,-16.136341094970703,128
train,1,The bright cows outside the pot behind the pan,The bright cow outside the pots behind the pans,-11.280250549316406,-14.217750549316406,-11.445463180541992,-14.070463180541992,-11.40363597869873,-14.09113597869873,-11.705056190490723,-13.830056190490723,128
train,0,The small rabbit beneath the boilers around the tanks,The small rabbits beneath the boiler around the tank,-12.83102798461914,-14.39352798461914,-13.394350051879883,-16.081850051879883,-12.924827575683594,-13.487327575683594,-13.3302640914917,-15.2677640914917,128
train,1,The small rabbits beneath the boiler around the tank,The small rabbit beneath the boilers around the tanks,-10.532553672790527,-14.407553672790527,-10.998369216918945,-15.185869216918945,-10.744230270385742,-13.869230270385742,-11.258552551269531,-14.258552551269531,128
train,0,The sleepy bat outside the benches behind the windows,The sleepy bats outside the bench behind the window,-18.07013702392578,-20.00763702392578,-18.76714324951172,-20.64214324951172,-18.25706672668457,-19.56956672668457,-18.7941951751709,-19.9816951751709,128
train,1,The sleepy bats outside the bench behind the window,The sleepy bat outside the benches behind the windows,-16.643142700195312,-19.143142700195312,-17.529138565063477,-19.654138565063477,-16.944124221801758,-18.944124221801758,-17.692276000976562,-19.473526000976562,128
train,0,The bright monitor outside the cabins behind the signs,The bright monitors outside the cabin behind the sign,-2.558535099029541,-5.933535099029541,-1.7717461585998535,-6.5217461585998535,-2.719855308532715,-5.219855308532715,-1.8571168184280396,-5.23211669921875,128
train,1,The bright monitors outside the cabin behind the sign,The bright monitor outside the cabins behind the signs,-4.293570041656494,-7.668570041656494,-1.9099946022033691,-5.159994602203369,-4.57204008102417,-6.69704008102417,-2.218294143676758,-4.343294143676758,128
train,0,The bright horse around the tables outside the houses,The bright horses around the table outside the house,-12.25857925415039,-13.75857925415039,-12.830455780029297,-14.892955780029297,-12.563509941101074,-12.501009941101074,-12.795475006103516,-13.982975006103516,128
train,1,The bright horses around the table outside the house,The bright horse around the tables outside the houses,-9.099688529968262,-13.162188529968262,-10.335531234741211,-13.773031234741211,-9.335624694824219,-12.648124694824219,-10.582890510559082,-13.457890510559082,128
train,0,The bright shark behind the clocks past the plants,The bright sharks behind the clock past the plant,-4.117501258850098,-7.992501258850098,-1.900034785270691,-6.9000349044799805,-4.453447341918945,-6.953447341918945,-2.2519733905792236,-5.7519731521606445,128
train,1,The bright sharks behind the clock past the plant,The bright shark behind the clocks past the plants,-3.9967832565307617,-5.621783256530762,-1.874286413192749,-3.999286413192749,-4.358360767364502,-4.858360767364502,-2.2119245529174805,-3.0869245529174805,128
train,0,The sleepy dolphin beneath the boilers around the tanks,The sleepy dolphins beneath the boiler around the tank,-3.2149407863616943,-7.589940547943115,-1.9544206857681274,-7.579420566558838,-3.2594714164733887,-6.384471416473389,-2.040876865386963,-6.165876865386963,128
train,1,The sleepy dolphins beneath the boiler around the tank,The sleepy dolphin beneath the boilers around the tanks,-3.1904406547546387,-4.565440654754639,-2.120605707168579,-4.49560546875,-3.5673818588256836,-3.8173818588256836,-2.3213891983032227,-3.8213891983032227,128
train,0,The sleepy lion outside the windows behind the crates,The sleepy lions outside the window behind the crate,-2.644843101501465,-7.269843101501465,-1.9328217506408691,-7.557821750640869,-2.8749217987060547,-6.124921798706055,-2.062117576599121,-6.312117576599121,128
train,1,The sleepy lions outside the window behind the crate,The sleepy lion outside the windows behind the crates,-2.2370893955230713,-4.36208963394165,-1.9244060516357422,-5.174406051635742,-2.6462759971618652,-3.3962759971618652,-2.2439346313476562,-4.118934631347656,128
train,0,The fuzzy whale around the belts outside the piles,The fuzzy whales around the belt outside the pile,-3.462872266769409,-6.587872505187988,-2.5271167755126953,-7.402116775512695,-3.6339008808135986,-5.633901119232178,-2.763519763946533,-6.388519763946533,128
train,1,The fuzzy whales around the belt outside the pile,The fuzzy whale around the belts outside the piles,-3.0153236389160156,-3.6403236389160156,-2.7521700859069824,-3.8771700859069824,-3.530341863632202,-3.030341863632202,-3.0554771423339844,-3.3054771423339844,128
train,0,The nervous dolphin behind the windows past the crates,The nervous dolphins behind the window past the crate,-3.7897419929504395,-8.164741516113281,-3.299468755722046,-8.674468994140625,-4.146439075469971,-7.021439075469971,-3.430779218673706,-7.305779457092285,128
train,1,The nervous dolphins behind the window past the crate,The nervous dolphin behind the windows past the crates,-4.448697090148926,-6.573697090148926,-3.1249217987060547,-5.374921798706055,-4.6440253257751465,-6.0190253257751465,-3.3773746490478516,-4.877374649047852,128
train,0,The slender rat behind the plants past the logs,The slender rats behind the plant past the log,-1.9752298593521118,-7.850229740142822,-1.511857271194458,-8.261857032775879,-2.1171538829803467,-6.617154121398926,-1.4672929048538208,-6.967292785644531,128
train,1,The slender rats behind the plant past the log,The slender rat behind the plants past the logs,-1.9012203216552734,-4.776220321655273,-1.8418681621551514,-4.9668684005737305,-2.3472437858581543,-3.9722437858581543,-2.205829381942749,-3.955829381942749,128
train,0,The timid cow around the benches outside the windows,The timid cows around the bench outside the window,-3.1207141876220703,-4.87071418762207,-2.911942720413208,-5.911942481994629,-3.4324731826782227,-4.182473182678223,-3.0372414588928223,-4.912241458892822,128
train,1,The timid cows around the bench outside the window,The timid cow around the benches outside the windows,-0.893358588218689,-6.3933587074279785,-1.0459847450256348,-5.920984745025635,-0.9849917888641357,-5.234992027282715,-1.3425061702728271,-4.842506408691406,128
train,0,The sleepy dog beneath the milestones around the thresholds,The sleepy dogs beneath the milestone around the threshold,-17.374103546142578,-19.999103546142578,-15.203875541687012,-19.016374588012695,-17.280447006225586,-19.030447006225586,-15.328495025634766,-18.078495025634766,128
train,1,The sleepy dogs beneath the milestone around the threshold,The sleepy dog beneath the milestones around the thresholds,-16.326690673828125,-17.451690673828125,-14.091496467590332,-16.466495513916016,-16.341703414916992,-17.154203414916992,-14.269378662109375,-15.956878662109375,128
train,0,The bright horse beneath the trenches around the dams,The bright horses beneath the trench around the dam,-1.9785337448120117,-6.728533744812012,-2.4049761295318604,-7.779975891113281,-2.269484519958496,-5.144484519958496,-2.693742036819458,-6.568741798400879,128
train,1,The bright horses beneath the trench around the dam,The bright horse beneath the trenches around the dams,-1.4680720567703247,-3.468071937561035,-3.2223215103149414,-5.597321510314941,-1.7351927757263184,-2.7351927757263184,-3.6082963943481445,-4.9832963943481445,128
train,0,The calm dog around the stools outside the clocks,The calm dogs around the stool outside the clock,-3.6522340774536133,-5.902234077453613,-3.183823347091675,-6.433823585510254,-3.633570909500122,-5.258570671081543,-3.0964066982269287,-5.346406936645508,128
train,1,The calm dogs around the stool outside the clock,The calm dog around the stools outside the clocks,-7.913046836853027,-8.163046836853027,-2.5277175903320312,-5.027717590332031,-8.076705932617188,-7.076705455780029,-2.6568875312805176,-3.9068875312805176,128
train,0,The calm chick around the belts outside the piles,The calm chicks around the belt outside the pile,-16.75782012939453,-18.50782012939453,-16.493358612060547,-19.055858612060547,-16.804475784301758,-17.804475784301758,-16.54964256286621,-18.36214256286621,128
train,1,The calm chicks around the belt outside the pile,The calm chick around the belts outside the piles,-16.29948616027832,-17.54948616027832,-17.38637351989746,-18.44887351989746,-16.483469009399414,-17.045969009399414,-17.62892723083496,-18.00392723083496,128
train,0,The small rabbit around the towers outside the cabins,The small rabbits around the tower outside the cabin,-14.9964599609375,-17.9964599609375,-15.893196105957031,-20.01819610595703,-15.271544456481934,-17.02154541015625,-16.061681747436523,-19.186681747436523,128
train,1,The small rabbits around the tower outside the cabin,The small rabbit around the towers outside the cabins,-15.132444381713867,-18.913694381713867,-15.643209457397461,-18.95570945739746,-15.353764533996582,-18.228763580322266,-15.821834564208984,-18.196834564208984,128
train,0,The small cock around the columns outside the towers,The small cocks around the column outside the tower,-1.7174206972122192,-3.3424205780029297,-1.4805359840393066,-5.855535984039307,-2.012938976287842,-2.387938976287842,-1.8398982286453247,-3.964898109436035,128
train,1,The small cocks around the column outside the tower,The small cock around the columns outside the towers,-1.3392657041549683,-2.964265823364258,-1.0793044567108154,-4.5793046951293945,-1.925455093383789,-2.175455093383789,-1.4305224418640137,-3.3055224418640137,128
train,0,The slender monitor past the logs beneath the columns,The slender monitors past the log beneath the column,-13.171624183654785,-13.921624183654785,-12.915267944335938,-14.352767944335938,-13.500702857971191,-13.500702857971191,-12.927002906799316,-13.802002906799316,128
train,1,The slender monitors past the log beneath the column,The slender monitor past the logs beneath the columns,-11.970405578613281,-14.220405578613281,-11.222149848937988,-14.034649848937988,-12.243768692016602,-14.181268692016602,-11.345314025878906,-14.032814025878906,128
train,0,The calm bat outside the cabins behind the signs,The calm bats outside the cabin behind the sign,-2.9739091396331787,-5.7239089012146,-2.0882339477539062,-7.088233947753906,-2.968193531036377,-4.843193531036377,-2.254600763320923,-5.629600524902344,128
train,1,The calm bats outside the cabin behind the sign,The calm bat outside the cabins behind the signs,-4.266911506652832,-4.766911506652832,-2.2248144149780273,-4.349814414978027,-4.89536190032959,-4.14536190032959,-2.5774455070495605,-3.4524455070495605,128
train,0,The timid pup past the screws beneath the boilers,The timid pups past the screw beneath the boiler,-12.326053619384766,-15.701053619384766,-11.15683364868164,-15.53183364868164,-12.42502498626709,-15.05002498626709,-11.235061645507812,-14.797561645507812,128
train,1,The timid pups past the screw beneath the boiler,The timid pup past the screws beneath the boilers,-10.564483642578125,-12.814483642578125,-10.410476684570312,-14.097976684570312,-11.09611701965332,-12.59611701965332,-10.664722442626953,-13.602222442626953,128
train,0,The fuzzy lion outside the pots behind the pans,The fuzzy lions outside the pot behind the pan,-1.7964431047439575,-7.921442985534668,-1.2575091123580933,-7.257509231567383,-1.885101556777954,-6.760101795196533,-1.4114748239517212,-6.036474704742432,128
train,1,The fuzzy lions outside the pot behind the pan,The fuzzy lion outside the pots behind the pans,-1.6899023056030273,-1.9399023056030273,-0.6773403882980347,-3.052340507507324,-2.343447685241699,-1.5934476852416992,-0.9154655933380127,-2.2904655933380127,128
train,0,The small panda behind the bolts past the screws,The small pandas behind the bolt past the screw,-0.5463646054267883,-6.796364784240723,-0.4227347671985626,-6.67273473739624,-0.6102409362792969,-5.485240936279297,-0.4886578917503357,-5.4886579513549805,128
train,1,The small pandas behind the bolt past the screw,The small panda behind the bolts past the screws,-2.0512380599975586,-2.5512380599975586,-0.9701924324035645,-2.9701924324035645,-2.3947033882141113,-1.8947033882141113,-1.4016083478927612,-2.026608467102051,128
train,0,The nervous horse behind the rocks past the chairs,The nervous horses behind the rock past the chair,-18.739992141723633,-19.927492141723633,-18.508756637573242,-20.008756637573242,-18.733118057250977,-19.733118057250977,-18.48882293701172,-19.73882293701172,128
train,1,The nervous horses behind the rock past the chair,The nervous horse behind the rocks past the chairs,-17.331037521362305,-18.143537521362305,-16.540075302124023,-18.352575302124023,-17.6043701171875,-17.7293701171875,-16.95816421508789,-18.27066421508789,128
train,0,The fuzzy dog outside the drums behind the bolts,The fuzzy dogs outside the drum behind the bolt,-2.4150290489196777,-5.915029048919678,-1.7542212009429932,-6.754220962524414,-2.574087619781494,-5.074087619781494,-1.90366792678833,-5.52866792678833,128
train,1,The fuzzy dogs outside the drum behind the bolt,The fuzzy dog outside the drums behind the bolts,-2.1294307708740234,-4.129430770874023,-2.000882625579834,-4.500882625579834,-2.4232261180877686,-3.4232261180877686,-2.2414917945861816,-3.6164917945861816,128
train,0,The timid frog behind the rocks past the chairs,The timid frogs behind the rock past the chair,-2.73420786857605,-8.859208106994629,-1.81244695186615,-9.187446594238281,-2.776533603668213,-7.526533603668213,-1.8612315654754639,-7.736231327056885,128
train,1,The timid frogs behind the rock past the chair,The timid frog behind the rocks past the chairs,-1.3926634788513184,-6.517663478851318,-1.1346101760864258,-6.509610176086426,-1.6568132638931274,-4.906813144683838,-1.4609310626983643,-4.960930824279785,128
train,0,The nervous shark outside the pipes behind the valves,The nervous sharks outside the pipe behind the valve,-1.494612455368042,-6.494612693786621,-1.4138845205307007,-7.41388463973999,-1.6063348054885864,-4.856334686279297,-1.448490023612976,-5.698490142822266,128
train,1,The nervous sharks outside the pipe behind the valve,The nervous shark outside the pipes behind the valves,-1.5852025747299194,-3.210202693939209,-1.318855881690979,-3.8188557624816895,-2.0735390186309814,-2.3235390186309814,-1.712245225906372,-2.837245225906372,128
train,0,The fuzzy cow behind the houses past the rocks,The fuzzy cows behind the house past the rock,-2.178044557571411,-8.053044319152832,-2.241976261138916,-8.241976737976074,-2.425947904586792,-6.800948143005371,-2.368464231491089,-6.99346399307251,128
train,1,The fuzzy cows behind the house past the rock,The fuzzy cow behind the houses past the rocks,-1.473556399345398,-4.9735565185546875,-1.2085537910461426,-5.583553791046143,-1.7297728061676025,-3.8547728061676025,-1.4458441734313965,-4.3208441734313965,128
train,0,The fuzzy turtle outside the cabins behind the signs,The fuzzy turtles outside the cabin behind the sign,-13.764017105102539,-15.639017105102539,-13.258988380432129,-15.946488380432129,-14.020395278930664,-15.207895278930664,-13.409036636352539,-15.409036636352539,128
train,1,The fuzzy turtles outside the cabin behind the sign,The fuzzy turtle outside the cabins behind the signs,-14.78503704071045,-16.160036087036133,-13.702271461486816,-16.8272705078125,-14.874312400817871,-15.186812400817871,-13.752917289733887,-15.877917289733887,128
train,0,The calm kitten around the columns outside the towers,The calm kittens around the column outside the tower,-2.2962944507598877,-7.421294212341309,-1.8813798427581787,-7.131380081176758,-2.528174877166748,-5.528174877166748,-2.0219171047210693,-5.146917343139648,128
train,1,The calm kittens around the column outside the tower,The calm kitten around the columns outside the towers,-1.493817687034607,-6.1188178062438965,-1.4740538597106934,-5.474053859710693,-1.6959975957870483,-4.820997714996338,-1.7210103273391724,-4.346010208129883,128
train,0,The fuzzy kit beneath the trenches around the dams,The fuzzy kits beneath the trench around the dam,-15.229935646057129,-18.042436599731445,-14.661272048950195,-17.911272048950195,-15.14421272277832,-17.14421272277832,-14.765433311462402,-17.390432357788086,128
train,1,The fuzzy kits beneath the trench around the dam,The fuzzy kit beneath the trenches around the dams,-14.820135116577148,-16.32013511657715,-16.126995086669922,-16.001995086669922,-14.905475616455078,-15.842975616455078,-16.283952713012695,-15.815202713012695,128
train,0,The nervous turtle around the thresholds outside the drums,The nervous turtles around the threshold outside the drum,-15.931131362915039,-16.55613136291504,-15.334454536437988,-17.021955490112305,-16.067127227783203,-16.254627227783203,-15.189165115356445,-16.501665115356445,128
train,1,The nervous turtles around the threshold outside the drum,The nervous turtle around the thresholds outside the drums,-16.89353370666504,-18.04978370666504,-16.510112762451172,-17.353862762451172,-16.811201095581055,-17.623701095581055,-16.242019653320312,-16.679519653320312,128
train,0,The fuzzy lion outside the cabins behind the signs,The fuzzy lions outside the cabin behind the sign,-14.49769115447998,-15.18519115447998,-14.57901382446289,-16.39151382446289,-14.62872314453125,-14.69122314453125,-14.649345397949219,-15.836845397949219,128
train,1,The fuzzy lions outside the cabin behind the sign,The fuzzy lion outside the cabins behind the signs,-14.050420761108398,-16.5504207611084,-12.753787994384766,-15.941287994384766,-14.37593936920166,-16.188440322875977,-12.858915328979492,-15.546415328979492,128
train,0,The slender dog beneath the boilers around the tanks,The slender dogs beneath the boiler around the tank,-1.9095536470413208,-6.409553527832031,-0.9754055738449097,-7.350405693054199,-2.0896244049072266,-5.089624404907227,-1.0483105182647705,-5.923310279846191,128
train,1,The slender dogs beneath the boiler around the tank,The slender dog beneath the boilers around the tanks,-2.382420063018799,-4.257420063018799,-1.8706893920898438,-4.745689392089844,-2.6221120357513428,-3.6221120357513428,-1.8964314460754395,-3.6464314460754395,128
train,0,The sleepy rat around the towers outside the cabins,The sleepy rats around the tower outside the cabin,-1.6403359174728394,-6.890336036682129,-2.380316734313965,-8.505316734313965,-1.768201470375061,-4.8932013511657715,-2.736088275909424,-6.736088275909424,128
train,1,The sleepy rats around the tower outside the cabin,The sleepy rat around the towers outside the cabins,-1.7908096313476562,-6.165809631347656,-2.052398681640625,-6.177398681640625,-1.966090440750122,-5.091090202331543,-2.3127267360687256,-4.937726974487305,128
train,0,The slender whale outside the stools behind the clocks,The slender whales outside the stool behind the clock,-3.0467793941497803,-7.171779155731201,-1.636989951133728,-7.011990070343018,-3.0634448528289795,-6.1884446144104,-1.6292622089385986,-5.8792619705200195,128
train,1,The slender whales outside the stool behind the clock,The slender whale outside the stools behind the clocks,-1.944509506225586,-2.319509506225586,-1.4256255626678467,-2.9256255626678467,-2.6629137992858887,-1.6629136800765991,-1.7391709089279175,-2.114171028137207,128
train,0,The quiet panda past the screws beneath the boilers,The quiet pandas past the screw beneath the boiler,-0.772295355796814,-8.022294998168945,-1.288394808769226,-7.788394927978516,-0.9050737023353577,-6.905073642730713,-1.4064199924468994,-6.65641975402832,128
train,1,The quiet pandas past the screw beneath the boiler,The quiet panda past the screws beneath the boilers,-1.740051031112671,-2.615051031112671,-2.161651134490967,-2.911651134490967,-2.2544963359832764,-2.1294963359832764,-2.3134608268737793,-2.5634608268737793,128
train,0,The slender horse past the logs beneath the columns,The slender horses past the log beneath the column,-16.553600311279297,-20.178600311279297,-15.975507736206055,-19.881757736206055,-16.66307258605957,-19.69432258605957,-16.144929885864258,-19.332429885864258,128
train,1,The slender horses past the log beneath the column,The slender horse past the logs beneath the columns,-17.58455467224121,-19.92830467224121,-16.715726852416992,-19.684476852416992,-17.76498794555664,-19.38998794555664,-16.855907440185547,-19.168407440185547,128
train,0,The small bat outside the stools behind the clocks,The small bats outside the stool behind the clock,-16.929960250854492,-17.867460250854492,-15.76455020904541,-17.952049255371094,-16.70854949951172,-17.14604949951172,-15.645744323730469,-17.45824432373047,128
train,1,The small bats outside the stool behind the clock,The small bat outside the stools behind the clocks,-14.76600456237793,-17.51600456237793,-15.679535865783691,-18.585784912109375,-15.022523880004883,-16.710023880004883,-15.793366432189941,-17.855867385864258,128
train,0,The bright frog past the nests beneath the milestones,The bright frogs past the nest beneath the milestone,-17.009963989257812,-18.134963989257812,-16.868778228759766,-17.743778228759766,-17.029090881347656,-17.779090881347656,-16.905431747436523,-17.467931747436523,128
train,1,The bright frogs past the nest beneath the milestone,The bright frog past the nests beneath the milestones,-16.420387268066406,-18.670387268066406,-15.374619483947754,-17.687118530273438,-16.53049659729004,-18.40549659729004,-15.624861717224121,-17.687360763549805,128
train,0,The sleepy whale around the columns outside the towers,The sleepy whales around the column outside the tower,-12.5768404006958,-13.9518404006958,-14.11276626586914,-14.98776626586914,-12.80538558959961,-13.11788558959961,-14.369659423828125,-14.244659423828125,128
train,1,The sleepy whales around the column outside the tower,The sleepy whale around the columns outside the towers,-12.039356231689453,-15.414356231689453,-12.357189178466797,-16.169689178466797,-12.334457397460938,-14.959457397460938,-12.656805038452148,-15.906805038452148,128
train,0,The timid cock outside the tables behind the houses,The timid cocks outside the table behind the house,-16.111541748046875,-18.611541748046875,-16.450651168823242,-18.763151168823242,-16.253450393676758,-17.315950393676758,-16.565921783447266,-17.940921783447266,128
train,1,The timid cocks outside the table behind the house,The timid cock outside the tables behind the houses,-12.943239212036133,-15.255739212036133,-13.97170352935791,-16.534202575683594,-13.405378341674805,-14.405378341674805,-14.275579452514648,-16.08807945251465,128
train,0,The sleepy monitor around the belts outside the piles,The sleepy monitors around the belt outside the pile,-4.265813827514648,-6.765813827514648,-2.884106159210205,-7.759106159210205,-4.2738165855407715,-6.0238165855407715,-2.913867235183716,-6.663866996765137,128
train,1,The sleepy monitors around the belt outside the pile,The sleepy monitor around the belts outside the piles,-3.050240993499756,-5.675240993499756,-2.634384870529175,-4.884385108947754,-3.387298107147217,-5.012298107147217,-2.979503870010376,-4.354504108428955,128
train,0,The calm lion behind the plants past the logs,The calm lions behind the plant past the log,-13.965694427490234,-16.215694427490234,-13.374725341796875,-15.562225341796875,-14.220840454101562,-15.783340454101562,-13.402860641479492,-14.840360641479492,128
train,1,The calm lions behind the plant past the log,The calm lion behind the plants past the logs,-14.833842277526855,-15.083842277526855,-12.935916900634766,-14.935916900634766,-15.415975570678711,-14.540975570678711,-13.41409683227539,-14.41409683227539,128
train,0,The bright rabbit outside the cabins behind the signs,The bright rabbits outside the cabin behind the sign,-2.233201026916504,-5.858201026916504,-2.021254062652588,-6.896254062652588,-2.3293795585632324,-4.704379558563232,-2.1285786628723145,-5.5035786628723145,128
train,1,The bright rabbits outside the cabin behind the sign,The bright rabbit outside the cabins behind the signs,-2.6293768882751465,-4.8793768882751465,-1.5434887409210205,-4.918488502502441,-3.124332904815674,-3.999332904815674,-1.9168167114257812,-3.6668167114257812,128
train,0,The small panda past the vines beneath the trenches,The small pandas past the vine beneath the trench,-14.035540580749512,-15.035540580749512,-13.039100646972656,-15.726600646972656,-14.307694435119629,-14.370194435119629,-13.287991523742676,-14.912991523742676,128
train,1,The small pandas past the vine beneath the trench,The small panda past the vines beneath the trenches,-15.84099292755127,-16.153491973876953,-12.899360656738281,-15.149360656738281,-15.633105278015137,-15.758105278015137,-12.945551872253418,-14.695551872253418,128
train,0,The quiet bat outside the pipes behind the valves,The quiet bats outside the pipe behind the valve,-13.51196002960205,-14.19946002960205,-12.853212356567383,-13.978212356567383,-13.53697681427002,-13.59947681427002,-12.920241355895996,-13.357741355895996,128
train,1,The quiet bats outside the pipe behind the valve,The quiet bat outside the pipes behind the valves,-10.617307662963867,-14.242307662963867,-10.991436004638672,-14.303936004638672,-10.755250930786133,-13.755250930786133,-11.15524673461914,-13.96774673461914,128
train,0,The bright kitten past the signs beneath the nests,The bright kittens past the sign beneath the nest,-2.8771286010742188,-7.127128601074219,-1.7213447093963623,-7.346344947814941,-3.293346881866455,-6.043346881866455,-1.9692806005477905,-6.09428071975708,128
train,1,The bright kittens past the sign beneath the nest,The bright kitten past the signs beneath the nests,-3.9141108989715576,-5.164111137390137,-2.157356023788452,-5.282356262207031,-4.2763752937316895,-4.9013752937316895,-2.434377670288086,-4.559377670288086,128
train,0,The slender chick around the towers outside the cabins,The slender chicks around the tower outside the cabin,-1.7847790718078613,-5.159779071807861,-2.3897743225097656,-7.389774322509766,-2.096930980682373,-3.846930980682373,-2.716094493865967,-5.966094493865967,128
train,1,The slender chicks around the tower outside the cabin,The slender chick around the towers outside the cabins,-1.4334642887115479,-5.433464050292969,-1.5410332679748535,-4.9160332679748535,-1.6117873191833496,-4.48678731918335,-1.8519291877746582,-4.101929187774658,128
train,0,The bright kitten behind the valves past the cables,The bright kittens behind the valve past the cable,-13.741776466369629,-16.866777420043945,-11.68316650390625,-15.93316650390625,-13.98755931854248,-16.175060272216797,-11.885320663452148,-15.322820663452148,128
train,1,The bright kittens behind the valve past the cable,The bright kitten behind the valves past the cables,-14.19102668762207,-15.75352668762207,-13.658182144165039,-15.095682144165039,-14.328797340393066,-15.516297340393066,-13.71753978729248,-14.65503978729248,128
train,0,The timid kitten outside the tables behind the houses,The timid kittens outside the table behind the house,-11.420354843139648,-14.107854843139648,-12.007682800292969,-14.570182800292969,-11.574039459228516,-13.324039459228516,-12.190340995788574,-14.127840995788574,128
train,1,The timid kittens outside the table behind the house,The timid kitten outside the tables behind the houses,-9.392773628234863,-14.705273628234863,-11.633687973022461,-16.13368797302246,-9.444673538208008,-13.882173538208008,-11.736034393310547,-15.611034393310547,128
train,0,The bright shark behind the valves past the cables,The bright sharks behind the valve past the cable,-18.187320709228516,-18.687320709228516,-16.414491653442383,-18.101991653442383,-18.41097068786621,-17.78597068786621,-16.611064910888672,-17.111064910888672,128
train,1,The bright sharks behind the valve past the cable,The bright shark behind the valves past the cables,-17.314563751220703,-20.095813751220703,-15.510279655456543,-19.10403060913086,-17.59946632385254,-19.84946632385254,-15.819348335266113,-18.75684928894043,128
train,0,The calm rabbit past the crates beneath the barrels,The calm rabbits past the crate beneath the barrel,-17.10243034362793,-20.63368034362793,-15.79965591430664,-20.14340591430664,-17.268638610839844,-19.956138610839844,-16.068655014038086,-19.506155014038086,128
train,1,The calm rabbits past the crate beneath the barrel,The calm rabbit past the crates beneath the barrels,-15.977859497070312,-17.915359497070312,-15.837700843811035,-19.05644989013672,-16.493661880493164,-17.243661880493164,-15.999234199523926,-18.43673324584961,128
train,0,The quiet dolphin past the screws beneath the boilers,The quiet dolphins past the screw beneath the boiler,-1.3582042455673218,-8.108203887939453,-1.8201299905776978,-8.320130348205566,-1.5388473272323608,-6.66384744644165,-1.9648065567016602,-7.08980655670166,128
train,1,The quiet dolphins past the screw beneath the boiler,The quiet dolphin past the screws beneath the boilers,-2.942803382873535,-3.442803382873535,-2.9886460304260254,-3.7386460304260254,-3.2743234634399414,-3.1493234634399414,-3.124622344970703,-3.374622344970703,128
train,0,The bright bat behind the valves past the cables,The bright bats behind the valve past the cable,-13.906698226928711,-16.40669822692871,-12.811174392700195,-16.061174392700195,-14.058450698852539,-15.683450698852539,-13.020858764648438,-15.395858764648438,128
train,1,The bright bats behind the valve past the cable,The bright bat behind the valves past the cables,-11.851409912109375,-13.851409912109375,-12.22159194946289,-13.90909194946289,-12.099091529846191,-13.911591529846191,-12.454468727111816,-13.766968727111816,128
train,0,The timid kitten past the cars beneath the boxes,The timid kittens past the car beneath the box,-3.9944491386413574,-8.8694486618042,-1.8173482418060303,-8.31734848022461,-4.032861232757568,-7.782861232757568,-1.8409488201141357,-7.090949058532715,128
train,1,The timid kittens past the car beneath the box,The timid kitten past the cars beneath the boxes,-4.600325584411621,-6.100325584411621,-2.463932752609253,-5.838932991027832,-4.980391025543213,-5.480391025543213,-2.700718879699707,-5.200718879699707,128
train,0,The slender dolphin behind the plants past the logs,The slender dolphins behind the plant past the log,-0.835561990737915,-7.085561752319336,-1.0126667022705078,-8.137666702270508,-0.9667055606842041,-5.841705322265625,-1.011220097541809,-6.8862199783325195,128
train,1,The slender dolphins behind the plant past the log,The slender dolphin behind the plants past the logs,-1.2551367282867432,-3.755136728286743,-1.579098105430603,-4.704098224639893,-1.540934443473816,-2.7909345626831055,-2.095740795135498,-3.720740795135498,128
train,0,The timid pup behind the rushes past the vines,The timid pups behind the rush past the vine,-16.574474334716797,-16.949474334716797,-15.14905071258545,-16.024051666259766,-16.876930236816406,-16.876930236816406,-15.585615158081055,-15.960615158081055,128
train,1,The timid pups behind the rush past the vine,The timid pup behind the rushes past the vines,-15.876855850219727,-18.283105850219727,-15.299822807312012,-16.924823760986328,-15.840579986572266,-18.153079986572266,-15.258193969726562,-16.695693969726562,128
train,0,The timid dolphin around the statues outside the stools,The timid dolphins around the statue outside the stool,-16.370391845703125,-17.995391845703125,-17.55866050720215,-19.05866050720215,-16.622852325439453,-17.560352325439453,-17.621089935302734,-18.433589935302734,128
train,1,The timid dolphins around the statue outside the stool,The timid dolphin around the statues outside the stools,-15.367485046386719,-16.55498504638672,-16.333282470703125,-17.395782470703125,-15.68093490600586,-16.55593490600586,-16.57462501525879,-17.44962501525879,128
train,0,The slender monitor outside the piles behind the rushes,The slender monitors outside the pile behind the rush,-15.187989234924316,-17.81298828125,-15.689888000488281,-18.25238800048828,-15.338422775268555,-17.150922775268555,-15.696907043457031,-17.63440704345703,128
train,1,The slender monitors outside the pile behind the rush,The slender monitor outside the piles behind the rushes,-16.1307315826416,-17.3807315826416,-16.956817626953125,-18.081817626953125,-15.664291381835938,-16.726791381835938,-16.739131927490234,-17.614131927490234,128
train,0,The quiet shark past the plants beneath the logs,The quiet sharks past the plant beneath the log,-16.719127655029297,-18.156627655029297,-16.173439025878906,-18.235939025878906,-16.961917877197266,-17.399417877197266,-16.358623504638672,-17.358623504638672,128
train,1,The quiet sharks past the plant beneath the log,The quiet shark past the plants beneath the logs,-15.48266887664795,-18.607669830322266,-15.224854469299316,-19.006105422973633,-15.718218803405762,-18.155719757080078,-15.563838005065918,-18.751338958740234,128
train,0,The timid cow outside the tables behind the houses,The timid cows outside the table behind the house,-15.073845863342285,-18.26134490966797,-14.306392669677734,-17.181392669677734,-15.189367294311523,-17.626867294311523,-14.306739807128906,-16.744239807128906,128
train,1,The timid cows outside the table behind the house,The timid cow outside the tables behind the houses,-14.872275352478027,-16.622276306152344,-14.608198165893555,-16.170698165893555,-15.024370193481445,-16.211870193481445,-14.673298835754395,-15.673298835754395,128
train,0,The quiet lion past the barrels beneath the statues,The quiet lions past the barrel beneath the statue,-15.886977195739746,-18.19947624206543,-15.08948040008545,-18.276981353759766,-16.03512954711914,-17.72262954711914,-15.385703086853027,-17.760704040527344,128
train,1,The quiet lions past the barrel beneath the statue,The quiet lion past the barrels beneath the statues,-16.10247039794922,-17.22747039794922,-15.757366180419922,-16.819866180419922,-16.46462631225586,-16.71462631225586,-15.92740249633789,-16.42740249633789,128
train,0,The slender rat around the walls outside the tables,The slender rats around the wall outside the table,-12.727182388305664,-13.352182388305664,-12.234858512878418,-14.922358512878418,-13.179417610168457,-12.366917610168457,-12.323760986328125,-13.636260986328125,128
train,1,The slender rats around the wall outside the table,The slender rat around the walls outside the tables,-9.543115615844727,-14.230615615844727,-11.110657691955566,-14.735657691955566,-9.716093063354492,-13.716093063354492,-11.304244995117188,-14.054244995117188,128
train,0,The slender whale past the logs beneath the columns,The slender whales past the log beneath the column,-12.627092361450195,-14.752092361450195,-11.458279609680176,-14.770779609680176,-12.936315536499023,-14.311315536499023,-11.614301681518555,-14.239301681518555,128
train,1,The slender whales past the log beneath the column,The slender whale past the logs beneath the columns,-13.147749900817871,-14.710249900817871,-11.13524341583252,-13.69774341583252,-13.23896598815918,-14.42646598815918,-11.262919425964355,-13.387919425964355,128
train,0,The slender rabbit around the walls outside the tables,The slender rabbits around the wall outside the table,-12.467443466186523,-13.154943466186523,-11.687318801879883,-14.187318801879883,-13.04896068572998,-12.23646068572998,-12.001131057739258,-13.313631057739258,128
train,1,The slender rabbits around the wall outside the table,The slender rabbit around the walls outside the tables,-9.761274337768555,-15.136274337768555,-10.32896614074707,-14.89146614074707,-9.84370231628418,-14.40620231628418,-10.440389633178711,-14.127889633178711,128
train,0,The fuzzy dog around the tanks outside the pipes,The fuzzy dogs around the tank outside the pipe,-14.624698638916016,-15.562198638916016,-15.086490631103516,-17.148990631103516,-15.019179344177246,-14.894179344177246,-15.267009735107422,-16.267009735107422,128
train,1,The fuzzy dogs around the tank outside the pipe,The fuzzy dog around the tanks outside the pipes,-14.11672306060791,-15.74172306060791,-14.502347946166992,-16.564847946166992,-14.316610336303711,-15.566610336303711,-14.73432731628418,-16.29682731628418,128
train,0,The small rabbit around the stools outside the clocks,The small rabbits around the stool outside the clock,-3.3454413414001465,-5.3454413414001465,-2.6694486141204834,-6.294448375701904,-3.3858931064605713,-4.51089334487915,-2.7518465518951416,-5.5018463134765625,128
train,1,The small rabbits around the stool outside the clock,The small rabbit around the stools outside the clocks,-6.97950553894043,-8.85450553894043,-1.2700597047805786,-4.770059585571289,-6.992955207824707,-7.242955207824707,-1.260301113128662,-3.260301113128662,128
train,0,The calm pup behind the plants past the logs,The calm pups behind the plant past the log,-17.43362808227539,-19.43362808227539,-17.64430046081543,-20.30055046081543,-17.7012939453125,-19.0762939453125,-17.755887985229492,-19.880887985229492,128
train,1,The calm pups behind the plant past the log,The calm pup behind the plants past the logs,-15.956002235412598,-17.51850128173828,-18.367918014526367,-19.180418014526367,-15.969411849975586,-17.344411849975586,-18.42993927001953,-18.92993927001953,128
train,0,The calm frog around the stools outside the clocks,The calm frogs around the stool outside the clock,-4.393777370452881,-5.893777370452881,-3.5465524196624756,-6.2965521812438965,-4.514948844909668,-5.139948844909668,-3.70680570602417,-5.45680570602417,128
train,1,The calm frogs around the stool outside the clock,The calm frog around the stools outside the clocks,-7.907143592834473,-8.782143592834473,-2.1799604892730713,-5.054960250854492,-8.07840633392334,-7.45340633392334,-2.3028852939605713,-3.9278852939605713,128
train,0,The timid dolphin past the plants beneath the logs,The timid dolphins past the plant beneath the log,-2.7264835834503174,-8.476483345031738,-2.8268966674804688,-8.951896667480469,-3.1808791160583496,-7.43087911605835,-3.0656793117523193,-7.81567907333374,128
train,1,The timid dolphins past the plant beneath the log,The timid dolphin past the plants beneath the logs,-3.9341392517089844,-6.684139251708984,-3.966003894805908,-7.341003894805908,-4.3155388832092285,-5.9405388832092285,-4.136489391326904,-6.511489391326904,128
train,0,The slender monitor around the carts outside the benches,The slender monitors around the cart outside the bench,-2.083376169204712,-3.083376169204712,-1.8940248489379883,-6.269024848937988,-2.414271593093872,-2.414271593093872,-2.0395827293395996,-4.7895827293396,128
train,1,The slender monitors around the cart outside the bench,The slender monitor around the carts outside the benches,-1.4231611490249634,-3.923161029815674,-1.1790941953659058,-4.429094314575195,-1.9194105863571167,-3.0444107055664062,-1.465317726135254,-3.715317726135254,128
train,0,The fuzzy cow beneath the boilers around the tanks,The fuzzy cows beneath the boiler around the tank,-2.2162957191467285,-6.8412957191467285,-1.263983130455017,-7.138983249664307,-2.3938868045806885,-5.643886566162109,-1.4434382915496826,-5.943438529968262,128
train,1,The fuzzy cows beneath the boiler around the tank,The fuzzy cow beneath the boilers around the tanks,-3.368267059326172,-3.868267059326172,-1.8932013511657715,-4.0182013511657715,-3.970418691635132,-3.345418691635132,-2.110374689102173,-3.110374689102173,128
train,0,The slender lion past the logs beneath the columns,The slender lions past the log beneath the column,-14.693338394165039,-15.505838394165039,-13.84599781036377,-14.47099781036377,-14.698896408081055,-15.073896408081055,-13.863292694091797,-13.988292694091797,128
train,1,The slender lions past the log beneath the column,The slender lion past the logs beneath the columns,-12.755558013916016,-15.193058013916016,-11.672821044921875,-15.235321044921875,-12.89095687866211,-15.01595687866211,-11.810664176940918,-15.123164176940918,128
train,0,The small shark past the vines beneath the trenches,The small sharks past the vine beneath the trench,-15.273335456848145,-15.523335456848145,-12.827981948852539,-13.702981948852539,-15.047091484069824,-15.172091484069824,-12.890571594238281,-13.390571594238281,128
train,1,The small sharks past the vine beneath the trench,The small shark past the vines beneath the trenches,-13.290053367614746,-13.852553367614746,-13.309815406799316,-13.872315406799316,-13.51246166229248,-13.94996166229248,-13.323623657226562,-13.886123657226562,128
train,0,The quiet chick outside the pipes behind the valves,The quiet chicks outside the pipe behind the valve,-12.410398483276367,-15.035398483276367,-12.275995254516602,-15.650995254516602,-12.646560668945312,-13.959060668945312,-12.457281112670898,-14.832281112670898,128
train,1,The quiet chicks outside the pipe behind the valve,The quiet chick outside the pipes behind the valves,-12.664767265319824,-14.289767265319824,-12.691530227661133,-15.066530227661133,-12.995355606079102,-13.745355606079102,-13.000797271728516,-14.563297271728516,128
train,0,The timid pup around the benches outside the windows,The timid pups around the bench outside the window,-3.700226306915283,-4.825226306915283,-2.8016510009765625,-5.5516510009765625,-3.82155704498291,-4.32155704498291,-2.922027111053467,-4.422027111053467,128
train,1,The timid pups around the bench outside the window,The timid pup around the benches outside the windows,-1.546858310699463,-7.296858310699463,-1.5859495401382446,-6.585949420928955,-1.6429567337036133,-6.142956733703613,-1.7848548889160156,-5.659854888916016,128
train,0,The calm cock around the walls outside the tables,The calm cocks around the wall outside the table,-3.3430638313293457,-3.9680638313293457,-2.4845757484436035,-5.4845757484436035,-3.6465234756469727,-3.5215234756469727,-2.7502007484436035,-4.5002007484436035,128
train,1,The calm cocks around the wall outside the table,The calm cock around the walls outside the tables,-2.6541965007781982,-3.9041965007781982,-1.8318634033203125,-3.4568634033203125,-3.2301340103149414,-3.2301340103149414,-2.2898173332214355,-2.7898173332214355,128
train,0,The small dolphin beneath the barrels around the statues,The small dolphins beneath the barrel around the statue,-1.4946002960205078,-5.994600296020508,-1.1035585403442383,-6.978558540344238,-1.7808283567428589,-4.905828475952148,-1.2765185832977295,-5.526518821716309,128
train,1,The small dolphins beneath the barrel around the statue,The small dolphin beneath the barrels around the statues,-2.7864067554473877,-4.161406517028809,-1.8604671955108643,-3.6104671955108643,-3.1664958000183105,-3.6664958000183105,-2.161562919616699,-2.911562919616699,128
train,0,The small bat beneath the barrels around the statues,The small bats beneath the barrel around the statue,-1.4191052913665771,-5.669105529785156,-1.22467041015625,-6.97467041015625,-1.5738697052001953,-4.573869705200195,-1.3270628452301025,-5.702063083648682,128
train,1,The small bats beneath the barrel around the statue,The small bat beneath the barrels around the statues,-1.907362937927246,-4.282362937927246,-1.2324825525283813,-3.732482433319092,-2.2477166652679443,-3.4977166652679443,-1.5844073295593262,-2.834407329559326,128
train,0,The calm chick outside the benches behind the windows,The calm chicks outside the bench behind the window,-3.080747604370117,-6.330747604370117,-2.5854341983795166,-6.4604339599609375,-3.3300883769989014,-5.3300886154174805,-2.68949294090271,-5.314492702484131,128
train,1,The calm chicks outside the bench behind the window,The calm chick outside the benches behind the windows,-1.9226930141448975,-4.172693252563477,-1.5952458381652832,-5.220245838165283,-2.3441548347473145,-3.5941548347473145,-1.880955457687378,-4.380955696105957,128
train,0,The timid kit outside the tables behind the houses,The timid kits outside the table behind the house,-16.23408317565918,-17.42158317565918,-16.216127395629883,-16.966127395629883,-16.42227554321289,-16.79727554321289,-16.295740127563477,-16.545740127563477,128
train,1,The timid kits outside the table behind the house,The timid kit outside the tables behind the houses,-12.100708961486816,-16.0382080078125,-12.80919361114502,-16.934192657470703,-12.392224311828613,-15.454724311828613,-12.987539291381836,-16.737539291381836,128
test,0,The round [wug] near the gates beside the fences,The round [wugs] near the gate beside the fence,-1.5591001510620117,-5.934100151062012,-1.7703028917312622,-7.895302772521973,-1.6768652200698853,-4.426865100860596,-1.921907901763916,-6.546907901763916,128
test,1,The round [wugs] near the gate beside the fence,The round [wug] near the gates beside the fences,-1.111295223236084,-1.986295223236084,-2.191399097442627,-2.441399097442627,-1.4970167875289917,-1.4970167875289917,-2.745018720626831,-1.995018720626831,128
test,0,The round [wug] above the shelves below the racks,The round [wugs] above the shelf below the rack,-1.2773489952087402,-4.27734899520874,-1.1908032894134521,-4.940803527832031,-1.8398997783660889,-3.464899778366089,-1.384210467338562,-3.8842105865478516,128
test,1,The round [wugs] above the shelf below the rack,The round [wug] above the shelves below the racks,-2.092243194580078,-1.4672433137893677,-1.274106502532959,-2.024106502532959,-2.563323497772217,-1.1883234977722168,-1.6140129566192627,-1.6140129566192627,128
test,0,The sturdy [wug] alongside the locks near the jars,The sturdy [wugs] alongside the lock near the jar,-2.3060109615325928,-5.806011199951172,-1.607769250869751,-5.982769012451172,-2.663147449493408,-4.538147449493408,-1.786344051361084,-4.536344051361084,128
test,1,The sturdy [wugs] alongside the lock near the jar,The sturdy [wug] alongside the locks near the jars,-2.749530076980591,-3.874530076980591,-2.4914121627807617,-3.9914121627807617,-3.2084789276123047,-3.4584789276123047,-2.8441717624664307,-3.3441717624664307,128
test,0,The round [wug] alongside the ropes near the cords,The round [wugs] alongside the rope near the cord,-15.883769989013672,-17.321269989013672,-15.062234878540039,-16.87473487854004,-16.117908477783203,-16.555408477783203,-15.183837890625,-16.371337890625,128
test,1,The round [wugs] alongside the rope near the cord,The round [wug] alongside the ropes near the cords,-13.893351554870605,-14.768351554870605,-13.992704391479492,-14.555204391479492,-13.980245590209961,-14.605245590209961,-14.117140769958496,-14.367140769958496,128
test,0,The clever [wug] below the wells between the cabinets,The clever [wugs] below the well between the cabinet,-13.181915283203125,-15.619415283203125,-12.285795211791992,-15.160795211791992,-13.422894477844238,-15.047894477844238,-12.615775108337402,-14.490775108337402,128
test,1,The clever [wugs] below the well between the cabinet,The clever [wug] below the wells between the cabinets,-18.072660446166992,-18.322660446166992,-14.80390453338623,-16.428903579711914,-17.906579971313477,-18.094079971313477,-14.804292678833008,-16.116792678833008,128
test,0,The round [wug] near the bridges beside the gates,The round [wugs] near the bridge beside the gate,-1.72991144657135,-5.2299113273620605,-1.8374474048614502,-6.837447166442871,-1.9323081970214844,-4.057308197021484,-2.007204532623291,-5.632204532623291,128
test,1,The round [wugs] near the bridge beside the gate,The round [wug] near the bridges beside the gates,-0.9638147354125977,-2.0888147354125977,-2.2130446434020996,-2.5880446434020996,-1.4217153787612915,-1.5467153787612915,-2.7586498260498047,-2.1336498260498047,128
test,0,The round [wug] under the lamps by the sheds,The round [wugs] under the lamp by the shed,-18.06305503845215,-19.50055503845215,-17.561357498168945,-18.998857498168945,-18.352880477905273,-19.102880477905273,-17.84443473815918,-18.90693473815918,128
test,1,The round [wugs] under the lamp by the shed,The round [wug] under the lamps by the sheds,-18.515151977539062,-19.358901977539062,-16.881114959716797,-18.318614959716797,-18.642684936523438,-19.205184936523438,-16.859529495239258,-18.047029495239258,128
test,0,The curious [wug] above the hinges below the nails,The curious [wugs] above the hinge below the nail,-18.533870697021484,-19.346370697021484,-17.199058532714844,-19.011558532714844,-18.258407592773438,-18.820907592773438,-17.13275909423828,-18.69525909423828,128
test,1,The curious [wugs] above the hinge below the nail,The curious [wug] above the hinges below the nails,-17.648937225341797,-19.180187225341797,-16.327425003051758,-18.014925003051758,-17.41948699951172,-18.60698699951172,-16.000072479248047,-17.375072479248047,128
test,0,The curious [wug] beside the wires under the ropes,The curious [wugs] beside the wire under the rope,-16.12999153137207,-17.94249153137207,-15.292226791381836,-18.042226791381836,-16.342758178710938,-17.342758178710938,-15.587852478027344,-17.650352478027344,128
test,1,The curious [wugs] beside the wire under the rope,The curious [wug] beside the wires under the ropes,-15.161802291870117,-17.536802291870117,-14.483817100524902,-18.108816146850586,-15.47319507598877,-17.098194122314453,-14.657478332519531,-17.53247833251953,128
test,0,The round [wug] above the desks below the sofas,The round [wugs] above the desk below the sofa,-15.576189041137695,-16.701189041137695,-15.832540512084961,-17.27004051208496,-15.861924171447754,-15.861924171447754,-15.894942283630371,-16.519943237304688,128
test,1,The round [wugs] above the desk below the sofa,The round [wug] above the desks below the sofas,-13.474469184875488,-14.724469184875488,-12.157936096191406,-15.532936096191406,-13.752193450927734,-14.439693450927734,-12.104572296142578,-14.854572296142578,128
test,0,The tiny [wug] under the panels by the boards,The tiny [wugs] under the panel by the board,-1.3339953422546387,-5.708995342254639,-1.2652121782302856,-6.015212059020996,-1.6028811931610107,-4.22788143157959,-1.4684098958969116,-4.843410015106201,128
test,1,The tiny [wugs] under the panel by the board,The tiny [wug] under the panels by the boards,-6.289956092834473,-7.914956092834473,-3.2761428356170654,-5.776142597198486,-5.809865951538086,-6.809865951538086,-3.1347081661224365,-4.759707927703857,128
test,0,The strange [wug] below the locks between the jars,The strange [wugs] below the lock between the jar,-14.445497512817383,-15.070497512817383,-15.129281997680664,-14.941781997680664,-14.479086875915527,-14.916586875915527,-14.95809268951416,-14.70809268951416,128
test,1,The strange [wugs] below the lock between the jar,The strange [wug] below the locks between the jars,-13.790844917297363,-14.415844917297363,-13.697277069091797,-14.947277069091797,-13.970120429992676,-14.657620429992676,-13.74858570098877,-15.06108570098877,128
test,0,The restless [wug] beside the pillars under the wells,The restless [wugs] beside the pillar under the well,-18.390830993652344,-19.640830993652344,-15.612607955932617,-17.300107955932617,-18.71162986755371,-19.61787986755371,-15.796096801757812,-17.108596801757812,128
test,1,The restless [wugs] beside the pillar under the well,The restless [wug] beside the pillars under the wells,-15.693410873413086,-17.568410873413086,-14.700074195861816,-17.4500732421875,-16.13709259033203,-17.32459259033203,-14.92416000366211,-16.98666000366211,128
test,0,The gentle [wug] alongside the boards near the shelves,The gentle [wugs] alongside the board near the shelf,-14.185802459716797,-14.435802459716797,-14.36894416809082,-14.43144416809082,-14.493927001953125,-13.618927001953125,-14.400901794433594,-13.713401794433594,128
test,1,The gentle [wugs] alongside the board near the shelf,The gentle [wug] alongside the boards near the shelves,-13.920676231384277,-14.733176231384277,-13.252472877502441,-14.752472877502441,-14.038116455078125,-14.538116455078125,-13.315254211425781,-14.440254211425781,128
test,0,The spotted [wug] near the shelves beside the racks,The spotted [wugs] near the shelf beside the rack,-18.944822311401367,-19.257322311401367,-17.85867691040039,-18.60867691040039,-18.756803512573242,-18.819303512573242,-17.846464157104492,-18.471464157104492,128
test,1,The spotted [wugs] near the shelf beside the rack,The spotted [wug] near the shelves beside the racks,-17.628114700317383,-18.065614700317383,-16.633607864379883,-17.383607864379883,-18.0684871673584,-18.0059871673584,-16.74489974975586,-17.05739974975586,128
test,0,The tiny [wug] beside the fences under the lamps,The tiny [wugs] beside the fence under the lamp,-2.299506664276123,-4.924506664276123,-1.567426085472107,-6.6924262046813965,-2.6248419284820557,-4.124841690063477,-1.6820225715637207,-5.057022571563721,128
test,1,The tiny [wugs] beside the fence under the lamp,The tiny [wug] beside the fences under the lamps,-2.0107617378234863,-3.8857617378234863,-1.032362461090088,-4.407362461090088,-2.318535327911377,-3.318535327911377,-1.1743433475494385,-3.2993433475494385,128
test,0,The tiny [wug] beside the panels under the boards,The tiny [wugs] beside the panel under the board,-8.050268173217773,-11.175268173217773,-8.014540672302246,-12.389540672302246,-8.32369613647461,-9.94869613647461,-8.29146671295166,-11.41646671295166,128
test,1,The tiny [wugs] beside the panel under the board,The tiny [wug] beside the panels under the boards,-10.045491218566895,-11.357991218566895,-9.595760345458984,-11.658260345458984,-9.912412643432617,-10.912412643432617,-9.601876258850098,-10.914376258850098,128
test,0,The wary [wug] by the cabinets above the desks,The wary [wugs] by the cabinet above the desk,-9.452335357666016,-13.139835357666016,-12.441694259643555,-15.879194259643555,-9.938514709472656,-12.126014709472656,-12.592657089233398,-15.030157089233398,128
test,1,The wary [wugs] by the cabinet above the desk,The wary [wug] by the cabinets above the desks,-8.691816329956055,-12.879316329956055,-11.499402046203613,-15.624402046203613,-8.79590129852295,-12.35840129852295,-11.51362419128418,-15.20112419128418,128
test,0,The round [wug] below the poles between the buckets,The round [wugs] below the pole between the bucket,-13.810097694396973,-14.560097694396973,-13.900943756103516,-15.213443756103516,-14.117112159729004,-14.179612159729004,-14.087844848632812,-14.837844848632812,128
test,1,The round [wugs] below the pole between the bucket,The round [wug] below the poles between the buckets,-18.351078033447266,-19.476078033447266,-15.926294326782227,-16.426294326782227,-18.53546905517578,-19.53546905517578,-16.0471134185791,-16.2971134185791,128
test,0,The round [wug] under the sofas by the mirrors,The round [wugs] under the sofa by the mirror,-10.02897834777832,-12.02897834777832,-10.860363006591797,-14.610363006591797,-10.102497100830078,-11.352497100830078,-10.812725067138672,-13.875225067138672,128
test,1,The round [wugs] under the sofa by the mirror,The round [wug] under the sofas by the mirrors,-8.76941967010498,-11.26941967010498,-9.40528678894043,-10.40528678894043,-9.043636322021484,-10.668636322021484,-10.030932426452637,-10.030932426452637,128
test,0,The sturdy [wug] between the jars atop the trees,The sturdy [wugs] between the jar atop the tree,-15.72911262512207,-16.54161262512207,-15.72238540649414,-17.65988540649414,-15.891735076904297,-15.704235076904297,-15.902546882629395,-16.777545928955078,128
test,1,The sturdy [wugs] between the jar atop the tree,The sturdy [wug] between the jars atop the trees,-14.522420883178711,-15.397420883178711,-15.166933059692383,-17.104433059692383,-14.880931854248047,-15.130931854248047,-15.447303771972656,-16.697303771972656,128
test,0,The wary [wug] opposite the ponds alongside the bridges,The wary [wugs] opposite the pond alongside the bridge,-16.301408767700195,-18.363908767700195,-16.350536346435547,-17.850536346435547,-16.550273895263672,-17.425273895263672,-16.37834358215332,-17.06584358215332,128
test,1,The wary [wugs] opposite the pond alongside the bridge,The wary [wug] opposite the ponds alongside the bridges,-14.585908889770508,-17.585908889770508,-14.71830940246582,-17.90580940246582,-14.784486770629883,-17.096986770629883,-14.865171432495117,-17.490171432495117,128
test,0,The round [wug] between the pens atop the bulbs,The round [wugs] between the pen atop the bulb,-1.9958077669143677,-4.120807647705078,-2.645033597946167,-6.270033836364746,-2.2198984622955322,-3.4698984622955322,-2.726902484893799,-5.476902484893799,128
test,1,The round [wugs] between the pen atop the bulb,The round [wug] between the pens atop the bulbs,-2.558840751647949,-3.183840751647949,-3.6886048316955566,-3.1886048316955566,-2.9050183296203613,-2.7800183296203613,-4.309661865234375,-2.934661865234375,128
test,0,The round [wug] atop the baskets opposite the pillars,The round [wugs] atop the basket opposite the pillar,-13.878135681152344,-15.253135681152344,-13.670549392700195,-17.233049392700195,-14.259799003601074,-14.009799003601074,-13.741291046142578,-15.991291046142578,128
test,1,The round [wugs] atop the basket opposite the pillar,The round [wug] atop the baskets opposite the pillars,-12.356372833251953,-14.481372833251953,-12.72763442993164,-13.85263442993164,-12.731433868408203,-14.106433868408203,-13.46938705444336,-13.34438705444336,128
test,0,The tiny [wug] near the knobs beside the hinges,The tiny [wugs] near the knob beside the hinge,-1.52194344997406,-6.39694356918335,-1.2953615188598633,-7.670361518859863,-1.8127942085266113,-4.812794208526611,-1.3433877229690552,-6.468387603759766,128
test,1,The tiny [wugs] near the knob beside the hinge,The tiny [wug] near the knobs beside the hinges,-1.4681569337844849,-3.4681568145751953,-1.9572153091430664,-3.3322153091430664,-1.537154197692871,-3.162154197692871,-2.2152578830718994,-2.8402578830718994,128
test,0,The shy [wug] by the pens above the bulbs,The shy [wugs] by the pen above the bulb,-17.1621150970459,-18.1621150970459,-16.186965942382812,-17.999465942382812,-17.276060104370117,-17.838560104370117,-16.39606475830078,-17.77106475830078,128
test,1,The shy [wugs] by the pen above the bulb,The shy [wug] by the pens above the bulbs,-15.777021408081055,-17.714521408081055,-15.070030212402344,-17.945030212402344,-15.99122428894043,-17.42872428894043,-15.132135391235352,-17.44463539123535,128
test,0,The strange [wug] beside the desks under the sofas,The strange [wugs] beside the desk under the sofa,-3.6459550857543945,-6.3959550857543945,-1.7847068309783936,-7.159707069396973,-4.013741970062256,-5.638741970062256,-1.8911609649658203,-5.89116096496582,128
test,1,The strange [wugs] beside the desk under the sofa,The strange [wug] beside the desks under the sofas,-2.298182725906372,-2.673182725906372,-1.3190124034881592,-3.819012403488159,-2.955130100250244,-2.205130100250244,-1.7463328838348389,-3.121332883834839,128
test,0,The tiny [wug] between the hooks atop the knobs,The tiny [wugs] between the hook atop the knob,-11.400012016296387,-13.837512016296387,-11.149567604064941,-14.337067604064941,-11.635817527770996,-13.260817527770996,-11.10660457611084,-13.79410457611084,128
test,1,The tiny [wugs] between the hook atop the knob,The tiny [wug] between the hooks atop the knobs,-13.264836311340332,-14.764836311340332,-11.660773277282715,-13.348273277282715,-13.307893753051758,-14.495393753051758,-11.900588989257812,-13.025588989257812,128
test,0,The restless [wug] near the buckets beside the sacks,The restless [wugs] near the bucket beside the sack,-13.725227355957031,-16.10022735595703,-14.54127025604248,-16.603769302368164,-13.937154769897461,-15.749654769897461,-14.698652267456055,-16.323652267456055,128
test,1,The restless [wugs] near the bucket beside the sack,The restless [wug] near the buckets beside the sacks,-14.068153381347656,-16.068153381347656,-14.523377418518066,-16.58587646484375,-14.360145568847656,-15.860145568847656,-14.786722183227539,-16.22422218322754,128
test,0,The clever [wug] by the sockets above the wires,The clever [wugs] by the socket above the wire,-12.71219539642334,-13.14969539642334,-12.862208366394043,-15.237208366394043,-12.776881217956543,-12.714381217956543,-12.975272178649902,-14.600272178649902,128
test,1,The clever [wugs] by the socket above the wire,The clever [wug] by the sockets above the wires,-11.048657417297363,-12.173657417297363,-12.405007362365723,-12.842507362365723,-11.072346687316895,-11.884846687316895,-12.1723051071167,-12.3598051071167,128
test,0,The clumsy [wug] below the hooks between the knobs,The clumsy [wugs] below the hook between the knob,-16.56368064880371,-18.62618064880371,-16.69490623474121,-19.19490623474121,-16.683313369750977,-18.308313369750977,-16.85428237915039,-19.04178237915039,128
test,1,The clumsy [wugs] below the hook between the knob,The clumsy [wug] below the hooks between the knobs,-18.342443466186523,-18.279943466186523,-19.802263259887695,-19.239763259887695,-18.50828742980957,-18.38328742980957,-19.865520477294922,-19.115520477294922,128
test,0,The tiny [wug] below the ponds between the bridges,The tiny [wugs] below the pond between the bridge,-15.26036548614502,-16.885366439819336,-14.154266357421875,-15.779266357421875,-15.522589683532715,-16.14759063720703,-14.08724594116211,-15.08724594116211,128
test,1,The tiny [wugs] below the pond between the bridge,The tiny [wug] below the ponds between the bridges,-19.886322021484375,-21.323822021484375,-16.351999282836914,-18.726999282836914,-19.575807571411133,-20.950807571411133,-16.232418060302734,-18.419918060302734,128
test,0,The wary [wug] near the knobs beside the hinges,The wary [wugs] near the knob beside the hinge,-16.768461227416992,-17.330961227416992,-16.193702697753906,-17.568702697753906,-16.939767837524414,-17.189767837524414,-16.331565856933594,-17.519065856933594,128
test,1,The wary [wugs] near the knob beside the hinge,The wary [wug] near the knobs beside the hinges,-15.912424087524414,-17.474924087524414,-15.971465110778809,-16.908964157104492,-15.841639518737793,-17.279138565063477,-16.146427154541016,-16.771427154541016,128
test,0,The sturdy [wug] above the sheds below the posts,The sturdy [wugs] above the shed below the post,-16.861906051635742,-18.486906051635742,-15.567117691040039,-18.37961769104004,-17.208267211914062,-18.083267211914062,-15.64246940612793,-17.76746940612793,128
test,1,The sturdy [wugs] above the shed below the post,The sturdy [wug] above the sheds below the posts,-19.288028717041016,-20.538028717041016,-16.035419464111328,-17.785419464111328,-19.178955078125,-20.116455078125,-16.178340911865234,-17.303340911865234,128
test,0,The sturdy [wug] under the nails by the switches,The sturdy [wugs] under the nail by the switch,-11.648764610290527,-12.523764610290527,-11.967802047729492,-12.842802047729492,-11.615958213806152,-11.740958213806152,-12.08066463470459,-12.08066463470459,128
test,1,The sturdy [wugs] under the nail by the switch,The sturdy [wug] under the nails by the switches,-12.145358085632324,-14.207858085632324,-9.257074356079102,-12.444574356079102,-12.179093360900879,-13.804093360900879,-9.610380172729492,-12.110380172729492,128
test,0,The strange [wug] near the bulbs beside the roots,The strange [wugs] near the bulb beside the root,-18.740129470825195,-19.802629470825195,-18.440114974975586,-19.440114974975586,-18.771177291870117,-19.583677291870117,-18.350444793701172,-19.162944793701172,128
test,1,The strange [wugs] near the bulb beside the root,The strange [wug] near the bulbs beside the roots,-18.537885665893555,-19.412885665893555,-18.14335823059082,-19.08085823059082,-18.670974731445312,-19.420974731445312,-18.192974090576172,-18.880474090576172,128
test,0,The clumsy [wug] above the sheds below the posts,The clumsy [wugs] above the shed below the post,-13.469646453857422,-16.969646453857422,-12.391865730285645,-16.391864776611328,-13.700536727905273,-16.763036727905273,-12.549056053161621,-16.049055099487305,128
test,1,The clumsy [wugs] above the shed below the post,The clumsy [wug] above the sheds below the posts,-19.5290470123291,-20.8415470123291,-14.340437889099121,-16.277938842773438,-19.474544525146484,-20.599544525146484,-14.410265922546387,-15.847765922546387,128
test,0,The curious [wug] near the switches beside the sockets,The curious [wugs] near the switch beside the socket,-19.146608352661133,-20.146608352661133,-18.42116928100586,-19.63991928100586,-19.22783660888672,-19.85283660888672,-18.360271453857422,-19.454021453857422,128
test,1,The curious [wugs] near the switch beside the socket,The curious [wug] near the switches beside the sockets,-18.120189666748047,-19.401439666748047,-17.18297576904297,-18.77672576904297,-18.052532196044922,-19.083782196044922,-17.113178253173828,-18.581928253173828,128
test,0,The graceful [wug] alongside the cliffs near the slopes,The graceful [wugs] alongside the cliff near the slope,-16.372220993041992,-16.622220993041992,-14.562654495239258,-15.562654495239258,-16.629117965698242,-15.879118919372559,-14.829930305480957,-14.829930305480957,128
test,1,The graceful [wugs] alongside the cliff near the slope,The graceful [wug] alongside the cliffs near the slopes,-13.518024444580078,-14.518024444580078,-12.80090618133545,-14.86340618133545,-14.146181106567383,-14.521181106567383,-13.521659851074219,-14.646659851074219,128
test,0,The tiny [wug] above the desks below the sofas,The tiny [wugs] above the desk below the sofa,-2.1200342178344727,-6.495034217834473,-0.7949923872947693,-6.419992446899414,-2.546555995941162,-5.046555995941162,-0.9410553574562073,-4.8160552978515625,128
test,1,The tiny [wugs] above the desk below the sofa,The tiny [wug] above the desks below the sofas,-2.037834644317627,-3.037834644317627,-0.7161619663238525,-4.341161727905273,-2.2392306327819824,-2.7392306327819824,-0.7994455099105835,-3.549445629119873,128
test,0,The tiny [wug] near the desks beside the sofas,The tiny [wugs] near the desk beside the sofa,-2.080510139465332,-6.330510139465332,-1.693420171737671,-7.56842041015625,-2.519047975540161,-4.144047737121582,-1.8050706386566162,-6.055070877075195,128
test,1,The tiny [wugs] near the desk beside the sofa,The tiny [wug] near the desks beside the sofas,-0.8925881385803223,-3.7675881385803223,-1.0142390727996826,-5.014239311218262,-1.0272204875946045,-3.0272204875946045,-1.1780729293823242,-4.178072929382324,128
test,0,The sturdy [wug] alongside the wells near the cabinets,The sturdy [wugs] alongside the well near the cabinet,-16.29692840576172,-17.29692840576172,-15.92795181274414,-16.49045181274414,-16.45052719116211,-16.70052719116211,-16.047544479370117,-16.172544479370117,128
test,1,The sturdy [wugs] alongside the well near the cabinet,The sturdy [wug] alongside the wells near the cabinets,-14.948768615722656,-16.511268615722656,-15.123916625976562,-16.436416625976562,-15.198862075805664,-16.323862075805664,-15.371315002441406,-16.183815002441406,128
test,0,The sturdy [wug] near the baskets beside the pillars,The sturdy [wugs] near the basket beside the pillar,-0.8526111245155334,-6.227611064910889,-1.259628176689148,-7.3846282958984375,-1.0881003141403198,-4.463100433349609,-1.3955984115600586,-5.645598411560059,128
test,1,The sturdy [wugs] near the basket beside the pillar,The sturdy [wug] near the baskets beside the pillars,-0.9876924157142639,-2.987692356109619,-1.9958312511444092,-3.245831251144409,-1.5218169689178467,-2.1468169689178467,-2.4286279678344727,-2.5536279678344727,128
test,0,The bold [wug] opposite the posts alongside the doors,The bold [wugs] opposite the post alongside the door,-18.241687774658203,-18.866687774658203,-17.792131423950195,-18.042131423950195,-18.238311767578125,-18.363311767578125,-17.75055503845215,-17.81305503845215,128
test,1,The bold [wugs] opposite the post alongside the door,The bold [wug] opposite the posts alongside the doors,-16.300071716308594,-18.800071716308594,-15.39643669128418,-18.02143669128418,-16.28704071044922,-18.66204071044922,-15.524542808532715,-17.8995418548584,128
test,0,The strange [wug] above the banks below the locks,The strange [wugs] above the bank below the lock,-15.24448013305664,-16.80698013305664,-16.28217315673828,-17.40717315673828,-14.99992561340332,-16.31242561340332,-16.14920425415039,-16.96170425415039,128
test,1,The strange [wugs] above the bank below the lock,The strange [wug] above the banks below the locks,-16.190370559692383,-17.565370559692383,-15.256122589111328,-17.443622589111328,-16.285194396972656,-17.222694396972656,-15.366717338562012,-16.741716384887695,128
test,0,The bold [wug] under the sofas by the mirrors,The bold [wugs] under the sofa by the mirror,-16.4027099609375,-16.6527099609375,-15.738723754882812,-17.113723754882812,-16.507843017578125,-16.320343017578125,-15.750309944152832,-16.81281089782715,128
test,1,The bold [wugs] under the sofa by the mirror,The bold [wug] under the sofas by the mirrors,-14.72783088684082,-17.22783088684082,-15.120615005493164,-17.183115005493164,-14.8688325881958,-16.868833541870117,-15.368217468261719,-16.74321746826172,128
test,0,The round [wug] above the trees below the ponds,The round [wugs] above the tree below the pond,-16.32268524169922,-19.13518524169922,-16.342912673950195,-19.842912673950195,-16.518037796020508,-17.955537796020508,-16.456485748291016,-18.768985748291016,128
test,1,The round [wugs] above the tree below the pond,The round [wug] above the trees below the ponds,-15.9827880859375,-17.7952880859375,-15.499497413635254,-17.68699836730957,-16.237287521362305,-17.362287521362305,-15.713407516479492,-17.088407516479492,128
test,0,The clever [wug] between the beams atop the braces,The clever [wugs] between the beam atop the brace,-13.081027030944824,-13.393527030944824,-11.794746398925781,-12.982246398925781,-13.134299278259277,-12.884299278259277,-12.02747917175293,-12.65247917175293,128
test,1,The clever [wugs] between the beam atop the brace,The clever [wug] between the beams atop the braces,-11.157258987426758,-13.407258987426758,-10.385931015014648,-13.198431015014648,-11.248861312866211,-13.186361312866211,-10.505016326904297,-12.942516326904297,128
test,0,The bold [wug] below the hooks between the knobs,The bold [wugs] below the hook between the knob,-17.08513069152832,-16.27263069152832,-14.941012382507324,-16.25351333618164,-17.447933197021484,-16.072933197021484,-15.033452033996582,-15.970952033996582,128
test,1,The bold [wugs] below the hook between the knob,The bold [wug] below the hooks between the knobs,-17.01263999938965,-18.45013999938965,-16.764122009277344,-17.451622009277344,-16.93244743347168,-18.36994743347168,-16.980539321899414,-17.418039321899414,128
test,0,The graceful [wug] above the pillars below the wells,The graceful [wugs] above the pillar below the well,-12.071927070617676,-14.071927070617676,-11.862821578979492,-14.300321578979492,-12.472113609313965,-14.034613609313965,-11.775670051574707,-13.713170051574707,128
test,1,The graceful [wugs] above the pillar below the well,The graceful [wug] above the pillars below the wells,-13.802928924560547,-14.802928924560547,-12.221290588378906,-13.971290588378906,-13.787052154541016,-14.474552154541016,-12.194986343383789,-13.382486343383789,128
test,0,The restless [wug] under the ponds by the bridges,The restless [wugs] under the pond by the bridge,-16.405269622802734,-17.655269622802734,-15.15024185180664,-16.65024185180664,-16.281917572021484,-16.594417572021484,-15.171056747436523,-15.921056747436523,128
test,1,The restless [wugs] under the pond by the bridge,The restless [wug] under the ponds by the bridges,-13.401784896850586,-16.714284896850586,-13.292814254760742,-16.855314254760742,-13.694268226623535,-16.25676727294922,-13.425021171569824,-16.362520217895508,128
test,0,The sturdy [wug] beside the gates under the fences,The sturdy [wugs] beside the gate under the fence,-16.154550552368164,-17.279550552368164,-15.572423934936523,-17.447423934936523,-16.249631881713867,-16.624631881713867,-15.803104400634766,-17.053104400634766,128
test,1,The sturdy [wugs] beside the gate under the fence,The sturdy [wug] beside the gates under the fences,-15.857644081115723,-16.857643127441406,-15.397109985351562,-16.959609985351562,-16.031391143798828,-16.531391143798828,-15.453081130981445,-16.453081130981445,128
test,0,The spotted [wug] alongside the poles near the buckets,The spotted [wugs] alongside the pole near the bucket,-15.203530311584473,-17.20353126525879,-14.378201484680176,-16.690702438354492,-15.33918285369873,-16.651681900024414,-14.66015625,-16.34765625,128
test,1,The spotted [wugs] alongside the pole near the bucket,The spotted [wug] alongside the poles near the buckets,-14.899465560913086,-16.024465560913086,-14.526033401489258,-15.963533401489258,-15.347305297851562,-15.784805297851562,-14.820130348205566,-15.445130348205566,128
test,0,The round [wug] by the buckets above the sacks,The round [wugs] by the bucket above the sack,-1.7265018224716187,-6.351501941680908,-1.5542709827423096,-6.5542707443237305,-1.85096275806427,-5.2259626388549805,-1.8337711095809937,-5.458771228790283,128
test,1,The round [wugs] by the bucket above the sack,The round [wug] by the buckets above the sacks,-1.5528782606124878,-2.0528783798217773,-2.657719612121582,-2.282719612121582,-1.8224283456802368,-1.6974283456802368,-3.1222286224365234,-1.9972286224365234,128
test,0,The restless [wug] opposite the pillars alongside the wells,The restless [wugs] opposite the pillar alongside the well,-19.832721710205078,-20.988971710205078,-18.43689727783203,-18.99939727783203,-19.89585304260254,-20.61460304260254,-18.577362060546875,-18.889862060546875,128
test,1,The restless [wugs] opposite the pillar alongside the well,The restless [wug] opposite the pillars alongside the wells,-17.43170928955078,-18.80670928955078,-16.3499813079834,-17.9749813079834,-17.607933044433594,-18.701683044433594,-16.325620651245117,-17.763120651245117,128
test,0,The shy [wug] beside the wells under the cabinets,The shy [wugs] beside the well under the cabinet,-16.417606353759766,-19.167606353759766,-16.14495086669922,-18.45745086669922,-16.90384292602539,-18.15384292602539,-16.303499221801758,-17.553499221801758,128
test,1,The shy [wugs] beside the well under the cabinet,The shy [wug] beside the wells under the cabinets,-15.700096130371094,-18.012596130371094,-14.657865524291992,-17.720365524291992,-16.261388778686523,-17.448888778686523,-15.037135124206543,-17.16213607788086,128
test,0,The strange [wug] opposite the panels alongside the boards,The strange [wugs] opposite the panel alongside the board,-5.553593635559082,-7.178593635559082,-5.247387886047363,-7.622387886047363,-5.905048847198486,-6.530048847198486,-5.440577030181885,-6.940577030181885,128
test,1,The strange [wugs] opposite the panel alongside the board,The strange [wug] opposite the panels alongside the boards,-4.498680591583252,-5.373680591583252,-4.321196556091309,-6.196196556091309,-4.675969123840332,-4.925969123840332,-4.3968963623046875,-5.7718963623046875,128
test,0,The spotted [wug] beside the pillars under the wells,The spotted [wugs] beside the pillar under the well,-17.721710205078125,-19.534210205078125,-16.24060821533203,-18.30310821533203,-17.784564971923828,-19.159564971923828,-16.253196716308594,-18.065696716308594,128
test,1,The spotted [wugs] beside the pillar under the well,The spotted [wug] beside the pillars under the wells,-16.82463264465332,-18.19963264465332,-15.801436424255371,-17.551437377929688,-16.97663116455078,-17.47663116455078,-15.842037200927734,-17.154537200927734,128
test,0,The tiny [wug] beside the fences under the lamps,The tiny [wugs] beside the fence under the lamp,-13.674506187438965,-16.36200714111328,-12.817425727844238,-16.754926681518555,-14.249841690063477,-16.062341690063477,-13.182022094726562,-16.182022094726562,128
test,1,The tiny [wugs] beside the fence under the lamp,The tiny [wug] beside the fences under the lamps,-13.698262214660645,-14.323262214660645,-13.46986198425293,-14.59486198425293,-14.131035804748535,-14.318535804748535,-13.79934310913086,-14.54934310913086,128
test,0,The clever [wug] opposite the sacks alongside the bins,The clever [wugs] opposite the sack alongside the bin,-14.040777206420898,-15.665777206420898,-12.595541000366211,-15.158041000366211,-14.280021667480469,-15.217521667480469,-12.812822341918945,-14.687822341918945,128
test,1,The clever [wugs] opposite the sack alongside the bin,The clever [wug] opposite the sacks alongside the bins,-11.88531494140625,-14.19781494140625,-11.309112548828125,-14.559112548828125,-12.346446990966797,-13.721446990966797,-11.59986686706543,-14.03736686706543,128
test,0,The shy [wug] below the nails between the switches,The shy [wugs] below the nail between the switch,-16.53929328918457,-17.97679328918457,-15.843461036682129,-17.093461990356445,-16.51896095275879,-17.51896095275879,-15.929409980773926,-16.804410934448242,128
test,1,The shy [wugs] below the nail between the switch,The shy [wug] below the nails between the switches,-17.282936096191406,-19.564186096191406,-16.1196231842041,-18.3383731842041,-17.260971069335938,-19.479721069335938,-15.890393257141113,-18.015392303466797,128
test,0,The round [wug] opposite the pillars alongside the wells,The round [wugs] opposite the pillar alongside the well,-17.054933547973633,-19.054933547973633,-17.19554328918457,-19.57054328918457,-17.057390213012695,-18.432390213012695,-17.27486801147461,-19.21236801147461,128
test,1,The round [wugs] opposite the pillar alongside the well,The round [wug] opposite the pillars alongside the wells,-15.818764686584473,-17.006263732910156,-16.550233840942383,-17.175233840942383,-15.871221542358398,-16.4962215423584,-16.78003692626953,-16.84253692626953,128
test,0,The round [wug] atop the posts opposite the doors,The round [wugs] atop the post opposite the door,-0.49644091725349426,-4.371440887451172,-1.616748332977295,-6.241748332977295,-0.6358896493911743,-2.8858895301818848,-1.7106454372406006,-4.71064567565918,128
test,1,The round [wugs] atop the post opposite the door,The round [wug] atop the posts opposite the doors,-0.5540285706520081,-1.6790285110473633,-1.3631975650787354,-2.4881975650787354,-0.7749488949775696,-1.2749488353729248,-1.9249343872070312,-1.7999343872070312,128
test,0,The spotted [wug] atop the bulbs opposite the roots,The spotted [wugs] atop the bulb opposite the root,-14.90802001953125,-15.97052001953125,-14.800816535949707,-16.05081558227539,-15.148947715759277,-15.461447715759277,-14.862318992614746,-15.612318992614746,128
test,1,The spotted [wugs] atop the bulb opposite the root,The spotted [wug] atop the bulbs opposite the roots,-13.766263961791992,-15.391263961791992,-12.189103126525879,-14.626603126525879,-13.82684326171875,-15.26434326171875,-12.584772109985352,-14.584772109985352,128
test,0,The restless [wug] near the cabinets beside the desks,The restless [wugs] near the cabinet beside the desk,-2.057636022567749,-7.682636260986328,-1.7921557426452637,-7.167155742645264,-2.2808356285095215,-5.6558356285095215,-1.8513004779815674,-5.851300239562988,128
test,1,The restless [wugs] near the cabinet beside the desk,The restless [wug] near the cabinets beside the desks,-1.5331377983093262,-3.908137798309326,-1.1647177934646606,-4.664717674255371,-1.9486820697784424,-2.9486820697784424,-1.509097695350647,-3.6340975761413574,128
test,0,The round [wug] under the beams by the braces,The round [wugs] under the beam by the brace,-13.581161499023438,-14.331161499023438,-12.984277725219727,-14.234277725219727,-13.534616470336914,-13.534616470336914,-13.043132781982422,-13.668132781982422,128
test,1,The round [wugs] under the beam by the brace,The round [wug] under the beams by the braces,-11.342177391052246,-13.779677391052246,-11.02761173248291,-13.40261173248291,-11.356199264526367,-13.418699264526367,-11.219557762145996,-13.157057762145996,128
test,0,The clumsy [wug] opposite the ponds alongside the bridges,The clumsy [wugs] opposite the pond alongside the bridge,-15.53935432434082,-17.60185432434082,-16.407291412353516,-18.219791412353516,-15.773094177246094,-16.898094177246094,-16.5637264251709,-17.5637264251709,128
test,1,The clumsy [wugs] opposite the pond alongside the bridge,The clumsy [wug] opposite the ponds alongside the bridges,-15.117321968078613,-17.242321014404297,-15.499716758728027,-18.37471580505371,-15.259779930114746,-16.509780883789062,-15.638891220092773,-18.013891220092773,128
test,0,The strange [wug] opposite the roots alongside the cliffs,The strange [wugs] opposite the root alongside the cliff,-13.350893020629883,-14.913393020629883,-14.784423828125,-15.221923828125,-13.539753913879395,-14.352253913879395,-14.771954536437988,-14.709454536437988,128
test,1,The strange [wugs] opposite the root alongside the cliff,The strange [wug] opposite the roots alongside the cliffs,-13.20502758026123,-13.95502758026123,-12.853960990905762,-14.478960990905762,-13.285682678222656,-13.723182678222656,-12.910015106201172,-14.285015106201172,128
test,0,The curious [wug] opposite the trees alongside the ponds,The curious [wugs] opposite the tree alongside the pond,-16.922643661499023,-17.860143661499023,-16.059988021850586,-16.559988021850586,-17.298494338989258,-17.110994338989258,-16.29659080505371,-15.671590805053711,128
test,1,The curious [wugs] opposite the tree alongside the pond,The curious [wug] opposite the trees alongside the ponds,-13.514738082885742,-18.202238082885742,-12.68523120880127,-18.497730255126953,-13.75625991821289,-17.50625991821289,-12.700329780578613,-18.262828826904297,128
test,0,The tiny [wug] between the doors atop the baskets,The tiny [wugs] between the door atop the basket,-17.303266525268555,-18.678266525268555,-17.295364379882812,-19.420364379882812,-17.433847427368164,-17.996347427368164,-17.33446502685547,-18.58446502685547,128
test,1,The tiny [wugs] between the door atop the basket,The tiny [wug] between the doors atop the baskets,-16.106279373168945,-17.168779373168945,-15.593847274780273,-18.281347274780273,-16.231718063354492,-17.044218063354492,-15.914643287658691,-18.102142333984375,128
test,0,The gentle [wug] under the doors by the baskets,The gentle [wugs] under the door by the basket,-16.207151412963867,-16.019651412963867,-14.424662590026855,-15.737162590026855,-16.325613021850586,-15.638113975524902,-14.683783531188965,-15.183783531188965,128
test,1,The gentle [wugs] under the door by the basket,The gentle [wug] under the doors by the baskets,-13.286972045898438,-15.599472045898438,-11.501336097717285,-15.126336097717285,-13.586471557617188,-15.523971557617188,-11.741267204284668,-14.866267204284668,128
test,0,The round [wug] above the banks below the locks,The round [wugs] above the bank below the lock,-17.606447219848633,-18.356447219848633,-16.49597930908203,-17.49597930908203,-17.595916748046875,-17.720916748046875,-16.4799747467041,-16.9799747467041,128
test,1,The round [wugs] above the bank below the lock,The round [wug] above the banks below the locks,-16.638004302978516,-17.638004302978516,-15.022979736328125,-17.022979736328125,-16.37521743774414,-16.75021743774414,-15.07248592376709,-16.384984970092773,128
test,0,The clever [wug] near the cabinets beside the desks,The clever [wugs] near the cabinet beside the desk,-12.601938247680664,-14.226938247680664,-13.222497940063477,-16.659997940063477,-12.915480613708496,-13.102980613708496,-13.152472496032715,-15.714972496032715,128
test,1,The clever [wugs] near the cabinet beside the desk,The clever [wug] near the cabinets beside the desks,-8.933817863464355,-13.308817863464355,-9.86056900024414,-14.86056900024414,-9.593421936035156,-12.343421936035156,-10.088757514953613,-14.338757514953613,128
test,0,The sturdy [wug] alongside the buckets near the sacks,The sturdy [wugs] alongside the bucket near the sack,-17.391489028930664,-19.266489028930664,-15.563383102416992,-17.625883102416992,-17.467580795288086,-18.842580795288086,-15.486434936523438,-17.423934936523438,128
test,1,The sturdy [wugs] alongside the bucket near the sack,The sturdy [wug] alongside the buckets near the sacks,-15.200187683105469,-16.13768768310547,-15.36815071105957,-15.68065071105957,-15.437874794006348,-16.125375747680664,-15.51157283782959,-15.44907283782959,128
test,0,The tiny [wug] by the knobs above the hinges,The tiny [wugs] by the knob above the hinge,-15.385269165039062,-16.697769165039062,-14.978825569152832,-16.916324615478516,-15.614236831665039,-16.11423683166504,-15.02963638305664,-16.52963638305664,128
test,1,The tiny [wugs] by the knob above the hinge,The tiny [wug] by the knobs above the hinges,-15.237863540649414,-17.175363540649414,-14.629237174987793,-16.004236221313477,-15.118227005004883,-16.930727005004883,-14.726898193359375,-15.789398193359375,128
test,0,The tiny [wug] between the baskets atop the pillars,The tiny [wugs] between the basket atop the pillar,-1.1243796348571777,-5.749379634857178,-1.4740815162658691,-7.224081516265869,-1.1912848949432373,-4.441285133361816,-1.5338603258132935,-5.783860206604004,128
test,1,The tiny [wugs] between the basket atop the pillar,The tiny [wug] between the baskets atop the pillars,-3.2680234909057617,-4.393023490905762,-2.7604687213897705,-3.6354687213897705,-3.445317268371582,-4.195317268371582,-3.0158376693725586,-3.2658376693725586,128
test,0,The curious [wug] between the bushes atop the tents,The curious [wugs] between the bush atop the tent,-16.335372924804688,-16.710372924804688,-15.01502513885498,-16.702526092529297,-16.42716407775879,-16.48966407775879,-15.241809844970703,-16.429309844970703,128
test,1,The curious [wugs] between the bush atop the tent,The curious [wug] between the bushes atop the tents,-14.90752124786377,-16.032520294189453,-16.318830490112305,-17.787580490112305,-14.929903984069824,-15.929903984069824,-16.3062801361084,-17.6187801361084,128
test,0,The lively [wug] atop the sheds opposite the posts,The lively [wugs] atop the shed opposite the post,-16.23919677734375,-17.92669677734375,-14.922420501708984,-17.672420501708984,-16.71186065673828,-17.27436065673828,-15.097272872924805,-17.159772872924805,128
test,1,The lively [wugs] atop the shed opposite the post,The lively [wug] atop the sheds opposite the posts,-23.59781837463379,-24.97281837463379,-17.608123779296875,-18.608123779296875,-23.4423770904541,-24.5986270904541,-17.822172164916992,-18.134672164916992,128
test,0,The round [wug] atop the bushes opposite the tents,The round [wugs] atop the bush opposite the tent,-0.2605152428150177,-4.135515213012695,-0.6720674633979797,-6.547067642211914,-0.3699127733707428,-2.61991286277771,-0.7799347639083862,-5.279934883117676,128
test,1,The round [wugs] atop the bush opposite the tent,The round [wug] atop the bushes opposite the tents,-0.311670184135437,-2.6866703033447266,-1.4695181846618652,-2.0945181846618652,-0.5493035316467285,-1.6743035316467285,-2.23539400100708,-1.48539400100708,128
test,0,The lively [wug] above the sheds below the posts,The lively [wugs] above the shed below the post,-13.6967134475708,-17.009212493896484,-13.65967845916748,-17.659679412841797,-14.216221809387207,-16.71622085571289,-13.721895217895508,-17.284395217895508,128
test,1,The lively [wugs] above the shed below the post,The lively [wug] above the sheds below the posts,-18.372554779052734,-20.185054779052734,-15.810742378234863,-17.248241424560547,-18.497663497924805,-20.122663497924805,-15.9379243850708,-16.750423431396484,128
test,0,The round [wug] under the sofas by the mirrors,The round [wugs] under the sofa by the mirror,-19.59147834777832,-20.02897834777832,-19.797863006591797,-20.172863006591797,-19.852497100830078,-19.852497100830078,-19.875225067138672,-20.062725067138672,128
test,1,The round [wugs] under the sofa by the mirror,The round [wug] under the sofas by the mirrors,-18.894418716430664,-20.644418716430664,-18.53028678894043,-20.31153678894043,-19.043636322021484,-20.106136322021484,-18.905933380126953,-19.968433380126953,128
test,0,The shy [wug] alongside the wells near the cabinets,The shy [wugs] alongside the well near the cabinet,-14.851530075073242,-15.851530075073242,-15.551344871520996,-16.05134391784668,-15.341343879699707,-15.278843879699707,-15.656428337097168,-15.531428337097168,128
test,1,The shy [wugs] alongside the well near the cabinet,The shy [wug] alongside the wells near the cabinets,-13.29580307006836,-16.60830307006836,-14.03403377532959,-16.409032821655273,-13.792224884033203,-16.167224884033203,-14.224885940551758,-16.037385940551758,128
test,0,The wary [wug] by the desks above the sofas,The wary [wugs] by the desk above the sofa,-18.382038116455078,-20.069538116455078,-17.32951545715332,-19.01701545715332,-18.94147491455078,-19.62897491455078,-17.700254440307617,-18.700254440307617,128
test,1,The wary [wugs] by the desk above the sofa,The wary [wug] by the desks above the sofas,-17.643156051635742,-20.049406051635742,-16.513797760009766,-18.576297760009766,-17.8773136138916,-19.7210636138916,-16.64222526550293,-18.45472526550293,128
test,0,The spotted [wug] opposite the trees alongside the ponds,The spotted [wugs] opposite the tree alongside the pond,-11.765715599060059,-14.203215599060059,-12.88751220703125,-14.20001220703125,-11.95848560333252,-13.14598560333252,-13.057862281799316,-13.245362281799316,128
test,1,The spotted [wugs] opposite the tree alongside the pond,The spotted [wug] opposite the trees alongside the ponds,-11.962627410888672,-14.837627410888672,-10.647940635681152,-14.772940635681152,-12.921006202697754,-14.171006202697754,-10.887714385986328,-14.325214385986328,128
test,0,The fierce [wug] atop the slopes opposite the banks,The fierce [wugs] atop the slope opposite the bank,-18.31420135498047,-19.75170135498047,-16.897748947143555,-17.522748947143555,-18.56904411315918,-19.31904411315918,-17.20209503173828,-17.26459503173828,128
test,1,The fierce [wugs] atop the slope opposite the bank,The fierce [wug] atop the slopes opposite the banks,-16.97243309020996,-18.19118309020996,-15.620711326599121,-18.339462280273438,-17.22243881225586,-17.72243881225586,-15.469703674316406,-17.813453674316406,128
test,0,The tiny [wug] beside the tents under the poles,The tiny [wugs] beside the tent under the pole,-16.209247589111328,-18.771747589111328,-16.094234466552734,-18.969234466552734,-16.293275833129883,-17.418275833129883,-16.276403427124023,-17.838903427124023,128
test,1,The tiny [wugs] beside the tent under the pole,The tiny [wug] beside the tents under the poles,-14.626629829406738,-17.126630783081055,-14.049066543579102,-17.3615665435791,-14.698310852050781,-16.69831085205078,-14.16771125793457,-16.73021125793457,128
test,0,The tiny [wug] near the cabinets beside the desks,The tiny [wugs] near the cabinet beside the desk,-15.871331214904785,-16.80883026123047,-15.497832298278809,-16.435331344604492,-16.222946166992188,-16.410446166992188,-15.600387573242188,-16.100387573242188,128
test,1,The tiny [wugs] near the cabinet beside the desk,The tiny [wug] near the cabinets beside the desks,-14.603958129882812,-16.041458129882812,-14.571617126464844,-15.821617126464844,-14.580409049987793,-15.767909049987793,-14.359397888183594,-15.546897888183594,128
test,0,The clumsy [wug] above the slopes below the banks,The clumsy [wugs] above the slope below the bank,-14.421608924865723,-16.29660987854004,-13.054747581481934,-14.679747581481934,-15.052236557006836,-15.489736557006836,-13.382681846618652,-13.820181846618652,128
test,1,The clumsy [wugs] above the slope below the bank,The clumsy [wug] above the slopes below the banks,-13.380779266357422,-15.505779266357422,-11.113814353942871,-16.051315307617188,-13.47166919708252,-14.90916919708252,-11.155109405517578,-15.217609405517578,128
test,0,The wary [wug] beside the fences under the lamps,The wary [wugs] beside the fence under the lamp,-15.236762046813965,-16.29926109313965,-13.326351165771484,-15.451351165771484,-15.855194091796875,-16.480194091796875,-14.023517608642578,-15.461017608642578,128
test,1,The wary [wugs] beside the fence under the lamp,The wary [wug] beside the fences under the lamps,-13.358659744262695,-15.608659744262695,-12.619145393371582,-14.369145393371582,-14.36072063446045,-16.048221588134766,-13.521580696105957,-14.709080696105957,128
test,0,The tiny [wug] atop the baskets opposite the pillars,The tiny [wugs] atop the basket opposite the pillar,-17.150896072387695,-18.338396072387695,-17.840227127075195,-18.840227127075195,-17.160432815551758,-17.660432815551758,-17.77596092224121,-18.33846092224121,128
test,1,The tiny [wugs] atop the basket opposite the pillar,The tiny [wug] atop the baskets opposite the pillars,-15.35152816772461,-18.78902816772461,-16.31972312927246,-19.41347312927246,-15.573969841003418,-18.698970794677734,-16.4581298828125,-19.2081298828125,128
test,0,The tiny [wug] by the cords above the straps,The tiny [wugs] by the cord above the strap,-2.291555404663086,-5.791555404663086,-1.1989636421203613,-5.948963642120361,-2.476227283477783,-4.851227283477783,-1.2759246826171875,-4.7759246826171875,128
test,1,The tiny [wugs] by the cord above the strap,The tiny [wug] by the cords above the straps,-1.9919878244400024,-3.116987705230713,-1.535507321357727,-3.5355072021484375,-2.289240837097168,-2.539240837097168,-1.9061851501464844,-2.7811851501464844,128
test,0,The round [wug] alongside the doors near the baskets,The round [wugs] alongside the door near the basket,-1.5251795053482056,-5.025179386138916,-2.152590036392212,-5.652589797973633,-1.8900996446609497,-3.76509952545166,-2.3052265644073486,-4.8052263259887695,128
test,1,The round [wugs] alongside the door near the basket,The round [wug] alongside the doors near the baskets,-2.0205845832824707,-3.7705845832824707,-2.7705163955688477,-4.145516395568848,-2.4487674236297607,-3.0737674236297607,-3.3322510719299316,-3.4572510719299316,128
test,0,The restless [wug] below the boards between the shelves,The restless [wugs] below the board between the shelf,-12.817014694213867,-14.004514694213867,-13.75036334991455,-14.93786334991455,-12.86682415008545,-13.42932415008545,-13.769938468933105,-14.519938468933105,128
test,1,The restless [wugs] below the board between the shelf,The restless [wug] below the boards between the shelves,-15.105560302734375,-15.793060302734375,-14.420190811157227,-15.420190811157227,-15.23602294921875,-15.92352294921875,-14.533835411071777,-15.471335411071777,128
test,0,The sturdy [wug] by the bridges above the gates,The sturdy [wugs] by the bridge above the gate,-3.836695909500122,-7.711696147918701,-1.8523231744766235,-6.102323055267334,-3.9537625312805176,-6.703762531280518,-1.9422438144683838,-4.942243576049805,128
test,1,The sturdy [wugs] by the bridge above the gate,The sturdy [wug] by the bridges above the gates,-2.5626416206359863,-3.3126416206359863,-1.6798887252807617,-3.6798887252807617,-2.84660005569458,-2.72160005569458,-1.9405597448349,-3.0655598640441895,128
test,0,The round [wug] near the cabinets beside the desks,The round [wugs] near the cabinet beside the desk,-16.1727237701416,-16.7352237701416,-15.92429256439209,-16.799291610717773,-16.272192001342773,-15.95969295501709,-15.86177921295166,-16.236780166625977,128
test,1,The round [wugs] near the cabinet beside the desk,The round [wug] near the cabinets beside the desks,-14.936514854431152,-18.18651580810547,-13.777758598327637,-16.965259552001953,-15.125455856323242,-17.625455856323242,-14.09433650970459,-16.219337463378906,128
test,0,The sturdy [wug] beside the panels under the boards,The sturdy [wugs] beside the panel under the board,-16.940887451171875,-18.003387451171875,-15.518610954284668,-17.143611907958984,-17.172626495361328,-17.360126495361328,-15.786709785461426,-16.849210739135742,128
test,1,The sturdy [wugs] beside the panel under the board,The sturdy [wug] beside the panels under the boards,-14.168439865112305,-15.918439865112305,-14.054234504699707,-16.05423355102539,-14.555564880371094,-15.868064880371094,-14.376974105834961,-15.939474105834961,128
test,0,The clumsy [wug] beside the bulbs under the roots,The clumsy [wugs] beside the bulb under the root,-14.44478702545166,-16.069787979125977,-13.058879852294922,-14.621379852294922,-14.70529556274414,-15.64279556274414,-13.178482055664062,-14.178482055664062,128
test,1,The clumsy [wugs] beside the bulb under the root,The clumsy [wug] beside the bulbs under the roots,-14.088233947753906,-15.088233947753906,-12.810208320617676,-15.122708320617676,-14.281759262084961,-14.969259262084961,-12.919073104858398,-14.731573104858398,128
test,0,The graceful [wug] atop the pillars opposite the wells,The graceful [wugs] atop the pillar opposite the well,-14.719590187072754,-15.657090187072754,-15.359552383422852,-16.85955238342285,-14.853153228759766,-14.915653228759766,-15.330092430114746,-15.892592430114746,128
test,1,The graceful [wugs] atop the pillar opposite the well,The graceful [wug] atop the pillars opposite the wells,-15.04533863067627,-17.232839584350586,-14.905153274536133,-18.342653274536133,-16.22420310974121,-16.84920310974121,-15.375157356262207,-17.37515640258789,128
test,0,The graceful [wug] opposite the posts alongside the doors,The graceful [wugs] opposite the post alongside the door,-13.874479293823242,-16.124479293823242,-13.968876838684082,-15.718876838684082,-14.221488952636719,-15.471488952636719,-14.095585823059082,-15.283085823059082,128
test,1,The graceful [wugs] opposite the post alongside the door,The graceful [wug] opposite the posts alongside the doors,-12.571449279785156,-13.446449279785156,-11.546936988830566,-13.796936988830566,-13.21328067779541,-13.33828067779541,-11.77876091003418,-13.34126091003418,128
test,0,The round [wug] below the heaps between the pens,The round [wugs] below the heap between the pen,-17.529621124267578,-17.842121124267578,-17.06867790222168,-17.06867790222168,-17.718233108520508,-17.593233108520508,-17.02072525024414,-16.89572525024414,128
test,1,The round [wugs] below the heap between the pen,The round [wug] below the heaps between the pens,-14.861879348754883,-15.861879348754883,-13.29865837097168,-15.29865837097168,-14.916362762451172,-15.978862762451172,-13.410078048706055,-15.472578048706055,128
test,0,The shy [wug] alongside the ropes near the cords,The shy [wugs] alongside the rope near the cord,-14.904637336730957,-15.967137336730957,-14.919065475463867,-15.856565475463867,-15.299556732177734,-15.737056732177734,-15.116978645324707,-15.679478645324707,128
test,1,The shy [wugs] alongside the rope near the cord,The shy [wug] alongside the ropes near the cords,-16.25193977355957,-17.15818977355957,-15.203864097595215,-16.64136505126953,-16.017925262451172,-16.580425262451172,-15.165617942810059,-16.290616989135742,128
test,0,The sturdy [wug] beside the sacks under the bins,The sturdy [wugs] beside the sack under the bin,-14.005725860595703,-15.443225860595703,-14.72596263885498,-16.475961685180664,-14.012664794921875,-14.762664794921875,-14.637264251708984,-15.949764251708984,128
test,1,The sturdy [wugs] beside the sack under the bin,The sturdy [wug] beside the sacks under the bins,-12.846290588378906,-13.533790588378906,-12.92369556427002,-14.23619556427002,-13.042964935302734,-13.230464935302734,-13.143924713134766,-13.956424713134766,128
test,0,The gentle [wug] opposite the poles alongside the buckets,The gentle [wugs] opposite the pole alongside the bucket,-14.2125244140625,-14.5875244140625,-14.407537460327148,-15.720037460327148,-14.276443481445312,-14.276443481445312,-14.56899642944336,-15.56899642944336,128
test,1,The gentle [wugs] opposite the pole alongside the bucket,The gentle [wug] opposite the poles alongside the buckets,-13.384129524230957,-14.696629524230957,-13.685877799987793,-14.498377799987793,-13.46263599395752,-14.58763599395752,-13.817060470581055,-14.192060470581055,128
test,0,The shy [wug] under the heaps by the pens,The shy [wugs] under the heap by the pen,-13.17638111114502,-14.80138111114502,-13.012636184692383,-16.075136184692383,-13.46700668334961,-14.27950668334961,-13.096817970275879,-15.721817970275879,128
test,1,The shy [wugs] under the heap by the pen,The shy [wug] under the heaps by the pens,-11.05167293548584,-13.86417293548584,-11.946348190307617,-15.758848190307617,-11.51788330078125,-13.51788330078125,-12.396191596984863,-15.271191596984863,128
test,0,The tiny [wug] atop the baskets opposite the pillars,The tiny [wugs] atop the basket opposite the pillar,-1.3383960723876953,-5.213396072387695,-1.090226411819458,-6.840226173400879,-1.660433053970337,-3.660433053970337,-1.2759604454040527,-5.150960445404053,128
test,1,The tiny [wugs] atop the basket opposite the pillar,The tiny [wug] atop the baskets opposite the pillars,-1.3515276908874512,-3.476527690887451,-1.5072224140167236,-3.2572224140167236,-1.698970079421997,-2.948970079421997,-1.8956302404403687,-2.520630359649658,128
test,0,The sturdy [wug] near the gates beside the fences,The sturdy [wugs] near the gate beside the fence,-15.005606651306152,-15.880606651306152,-13.442042350769043,-16.00454330444336,-15.355679512023926,-14.980679512023926,-13.627742767333984,-15.065242767333984,128
test,1,The sturdy [wugs] near the gate beside the fence,The sturdy [wug] near the gates beside the fences,-12.332746505737305,-15.582746505737305,-11.072465896606445,-14.447465896606445,-12.6786470413208,-14.9911470413208,-11.354032516479492,-13.916532516479492,128
test,0,The graceful [wug] alongside the wells near the cabinets,The graceful [wugs] alongside the well near the cabinet,-13.121651649475098,-14.746651649475098,-13.274027824401855,-14.836527824401855,-13.493402481079102,-13.993402481079102,-13.441349983215332,-14.253849983215332,128
test,1,The graceful [wugs] alongside the well near the cabinet,The graceful [wug] alongside the wells near the cabinets,-13.153040885925293,-14.403040885925293,-12.171663284301758,-14.046663284301758,-13.479822158813477,-13.979822158813477,-12.48539924621582,-13.54789924621582,128
test,0,The lively [wug] under the ponds by the bridges,The lively [wugs] under the pond by the bridge,-14.88090991973877,-16.505910873413086,-14.39877700805664,-16.39877700805664,-14.924118995666504,-15.361618995666504,-14.46288013458252,-15.52538013458252,128
test,1,The lively [wugs] under the pond by the bridge,The lively [wug] under the ponds by the bridges,-14.769551277160645,-16.64455223083496,-14.133922576904297,-17.133922576904297,-15.19692325592041,-16.134422302246094,-14.412588119506836,-16.537588119506836,128
test,0,The strange [wug] opposite the sofas alongside the mirrors,The strange [wugs] opposite the sofa alongside the mirror,-12.79067611694336,-15.66567611694336,-12.450779914855957,-15.200779914855957,-12.902749061584473,-15.027749061584473,-12.350090980529785,-14.600090980529785,128
test,1,The strange [wugs] opposite the sofa alongside the mirror,The strange [wug] opposite the sofas alongside the mirrors,-12.766027450561523,-14.078527450561523,-12.331141471862793,-13.831141471862793,-13.124895095825195,-13.437395095825195,-12.532411575317383,-13.282411575317383,128
test,0,The tiny [wug] near the bushes beside the tents,The tiny [wugs] near the bush beside the tent,-12.735990524291992,-15.485990524291992,-11.653871536254883,-14.403871536254883,-12.723119735717773,-14.035619735717773,-11.659196853637695,-13.471696853637695,128
test,1,The tiny [wugs] near the bush beside the tent,The tiny [wug] near the bushes beside the tents,-11.2113676071167,-16.398866653442383,-10.000082969665527,-15.187582969665527,-11.28048038482666,-16.030479431152344,-10.103796005249023,-14.978796005249023,128
test,0,The restless [wug] opposite the ponds alongside the bridges,The restless [wugs] opposite the pond alongside the bridge,-2.43489146232605,-7.809891223907471,-1.7744309902191162,-6.774431228637695,-2.4696927070617676,-5.719692707061768,-1.8721857070922852,-5.247185707092285,128
test,1,The restless [wugs] opposite the pond alongside the bridge,The restless [wug] opposite the ponds alongside the bridges,-1.3021163940429688,-3.8021163940429688,-1.4498752355575562,-3.6998753547668457,-1.6944389343261719,-2.944438934326172,-1.6943910121917725,-2.9443910121917725,128
test,0,The graceful [wug] atop the sacks opposite the bins,The graceful [wugs] atop the sack opposite the bin,-17.219512939453125,-18.469512939453125,-16.021278381347656,-18.083778381347656,-17.412696838378906,-17.975196838378906,-16.089797973632812,-17.714797973632812,128
test,1,The graceful [wugs] atop the sack opposite the bin,The graceful [wug] atop the sacks opposite the bins,-18.148588180541992,-18.804838180541992,-16.651233673095703,-17.776233673095703,-18.76543426513672,-18.92168426513672,-17.05910301208496,-17.62160301208496,128
test,0,The clever [wug] below the posts between the doors,The clever [wugs] below the post between the door,-17.878190994262695,-19.253190994262695,-17.59255027770996,-19.03005027770996,-17.881067276000977,-18.818567276000977,-17.672683715820312,-18.797683715820312,128
test,1,The clever [wugs] below the post between the door,The clever [wug] below the posts between the doors,-17.34101676940918,-19.71601676940918,-18.605812072753906,-20.824562072753906,-17.324840545654297,-19.574840545654297,-18.360729217529297,-20.391979217529297,128
test,0,The shy [wug] beside the fences under the lamps,The shy [wugs] beside the fence under the lamp,-8.810456275939941,-11.185456275939941,-8.599096298217773,-11.724096298217773,-9.361337661743164,-10.736337661743164,-9.031925201416016,-11.156925201416016,128
test,1,The shy [wugs] beside the fence under the lamp,The shy [wug] beside the fences under the lamps,-8.556385040283203,-10.431385040283203,-8.14519214630127,-10.64519214630127,-9.185245513916016,-9.685245513916016,-8.36689567565918,-9.99189567565918,128
test,0,The sturdy [wug] by the baskets above the pillars,The sturdy [wugs] by the basket above the pillar,-1.6760830879211426,-5.801083087921143,-1.3587017059326172,-6.608701705932617,-1.9710564613342285,-4.7210564613342285,-1.4978119134902954,-5.497811794281006,128
test,1,The sturdy [wugs] by the basket above the pillar,The sturdy [wug] by the baskets above the pillars,-1.8503113985061646,-2.975311279296875,-2.004033088684082,-2.879033088684082,-2.1681699752807617,-2.4181699752807617,-2.4203248023986816,-2.4203248023986816,128
test,0,The gentle [wug] opposite the trees alongside the ponds,The gentle [wugs] opposite the tree alongside the pond,-18.04604721069336,-18.85854721069336,-18.094789505004883,-19.532289505004883,-18.31140899658203,-17.74890899658203,-18.325246810913086,-18.450246810913086,128
test,1,The gentle [wugs] opposite the tree alongside the pond,The gentle [wug] opposite the trees alongside the ponds,-15.675169944763184,-18.8626708984375,-15.536857604980469,-19.59935760498047,-15.979469299316406,-18.229469299316406,-15.712896347045898,-19.0253963470459,128
test,0,The strange [wug] near the desks beside the sofas,The strange [wugs] near the desk beside the sofa,-2.9843392372131348,-8.234338760375977,-2.3688290119171143,-7.618829250335693,-3.251926898956299,-6.501926898956299,-2.4731132984161377,-6.473113059997559,128
test,1,The strange [wugs] near the desk beside the sofa,The strange [wug] near the desks beside the sofas,-1.8968552350997925,-2.646855354309082,-1.57097589969635,-4.1959757804870605,-2.587183952331543,-1.962183952331543,-1.8475812673568726,-3.597581386566162,128
test,0,The bold [wug] beside the banks under the locks,The bold [wugs] beside the bank under the lock,-18.854455947875977,-20.541955947875977,-18.100326538085938,-20.037826538085938,-18.82175064086914,-20.07175064086914,-18.021652221679688,-19.584152221679688,128
test,1,The bold [wugs] beside the bank under the lock,The bold [wug] beside the banks under the locks,-18.14212989807129,-20.57962989807129,-17.547880172729492,-19.454130172729492,-18.104412078857422,-20.166912078857422,-17.621095657348633,-18.964845657348633,128
test,0,The round [wug] beside the bins under the beams,The round [wugs] beside the bin under the beam,-0.48610836267471313,-6.236108303070068,-1.186070203781128,-7.686070442199707,-0.64609694480896,-4.521097183227539,-1.280403733253479,-6.5304036140441895,128
test,1,The round [wugs] beside the bin under the beam,The round [wug] beside the bins under the beams,-1.3278173208236694,-1.9528173208236694,-2.3011579513549805,-2.0511579513549805,-1.7357007265090942,-1.3607007265090942,-3.1657159328460693,-1.5407159328460693,128
test,0,The shy [wug] near the jars beside the trees,The shy [wugs] near the jar beside the tree,-8.898237228393555,-13.585737228393555,-8.867859840393066,-12.680359840393066,-9.076910972595215,-12.326910972595215,-8.760370254516602,-11.760370254516602,128
test,1,The shy [wugs] near the jar beside the tree,The shy [wug] near the jars beside the trees,-8.470022201538086,-11.782522201538086,-8.40695571899414,-11.65695571899414,-8.961286544799805,-10.586286544799805,-8.496857643127441,-10.871857643127441,128
test,0,The round [wug] under the switches by the sockets,The round [wugs] under the switch by the socket,-19.695777893066406,-20.070777893066406,-18.25273323059082,-19.19023323059082,-19.799226760864258,-19.924226760864258,-18.276844024658203,-18.964344024658203,128
test,1,The round [wugs] under the switch by the socket,The round [wug] under the switches by the sockets,-20.01951026916504,-20.64451026916504,-17.60666847229004,-17.48166847229004,-19.887222290039062,-20.418472290039062,-17.679718017578125,-17.304718017578125,128
test,0,The strange [wug] near the bushes beside the tents,The strange [wugs] near the bush beside the tent,-0.8037611246109009,-7.678761005401611,-0.7263289093971252,-6.7263288497924805,-0.8909454345703125,-5.7659454345703125,-0.7690111398696899,-5.3940110206604,128
test,1,The strange [wugs] near the bush beside the tent,The strange [wug] near the bushes beside the tents,-1.2013447284698486,-2.4513447284698486,-0.9218063354492188,-4.171806335449219,-1.723605990409851,-1.598605990409851,-1.1033921241760254,-3.3533921241760254,128
test,0,The strange [wug] above the hinges below the nails,The strange [wugs] above the hinge below the nail,-14.057004928588867,-15.994504928588867,-13.516984939575195,-15.579484939575195,-14.074129104614258,-15.324129104614258,-13.642366409301758,-15.079866409301758,128
test,1,The strange [wugs] above the hinge below the nail,The strange [wug] above the hinges below the nails,-13.993330955505371,-14.930830955505371,-12.740866661071777,-15.303366661071777,-13.992783546447754,-14.492783546447754,-12.895698547363281,-14.770698547363281,128
test,0,The tiny [wug] atop the trees opposite the ponds,The tiny [wugs] atop the tree opposite the pond,-13.354832649230957,-14.979832649230957,-13.445943832397461,-15.258443832397461,-13.657758712768555,-14.157758712768555,-13.61512279510498,-14.55262279510498,128
test,1,The tiny [wugs] atop the tree opposite the pond,The tiny [wug] atop the trees opposite the ponds,-12.153599739074707,-14.903599739074707,-12.597227096557617,-15.784727096557617,-12.334657669067383,-14.459657669067383,-12.724641799926758,-15.537141799926758,128
test,0,The round [wug] atop the buckets opposite the sacks,The round [wugs] atop the bucket opposite the sack,-14.353867530822754,-14.478867530822754,-13.544631004333496,-15.044631004333496,-14.799175262451172,-13.736675262451172,-13.615531921386719,-14.490531921386719,128
test,1,The round [wugs] atop the bucket opposite the sack,The round [wug] atop the buckets opposite the sacks,-12.304544448852539,-14.054544448852539,-11.867435455322266,-13.367435455322266,-12.505775451660156,-13.630775451660156,-12.12123966217041,-12.62123966217041,128
test,0,The clever [wug] below the doors between the baskets,The clever [wugs] below the door between the basket,-12.471576690673828,-14.596576690673828,-12.467811584472656,-15.092811584472656,-12.52614974975586,-14.02614974975586,-12.40831470489502,-14.72081470489502,128
test,1,The clever [wugs] below the door between the basket,The clever [wug] below the doors between the baskets,-14.764633178710938,-14.764633178710938,-15.313005447387695,-15.313005447387695,-14.903520584106445,-14.966020584106445,-15.432361602783203,-15.369861602783203,128
test,0,The strange [wug] atop the slopes opposite the banks,The strange [wugs] atop the slope opposite the bank,-15.932037353515625,-18.307037353515625,-14.610372543334961,-16.86037254333496,-15.89995288848877,-17.524953842163086,-14.757484436035156,-16.382484436035156,128
test,1,The strange [wugs] atop the slope opposite the bank,The strange [wug] atop the slopes opposite the banks,-14.028814315795898,-14.278814315795898,-13.736417770385742,-15.361417770385742,-14.440319061279297,-13.877819061279297,-13.993193626403809,-15.055693626403809,128
test,0,The curious [wug] opposite the tents alongside the poles,The curious [wugs] opposite the tent alongside the pole,-13.659107208251953,-15.096607208251953,-13.279974937438965,-14.529974937438965,-13.926589012145996,-14.426589012145996,-13.498579978942871,-14.123579978942871,128
test,1,The curious [wugs] opposite the tent alongside the pole,The curious [wug] opposite the tents alongside the poles,-11.387321472167969,-14.199821472167969,-12.94465446472168,-15.44465446472168,-11.711054801940918,-13.961054801940918,-13.174111366271973,-15.361611366271973,128
test,0,The spotted [wug] under the ponds by the bridges,The spotted [wugs] under the pond by the bridge,-2.0563106536865234,-6.931310653686523,-2.0802526473999023,-7.205252647399902,-2.0818393230438232,-5.331839561462402,-2.126702070236206,-5.626702308654785,128
test,1,The spotted [wugs] under the pond by the bridge,The spotted [wug] under the ponds by the bridges,-1.496771216392517,-2.2467713356018066,-1.5180842876434326,-3.5180842876434326,-2.4292924404144287,-1.5542924404144287,-1.9658961296081543,-2.7158961296081543,128
test,0,The round [wug] near the bushes beside the tents,The round [wugs] near the bush beside the tent,-3.2548704147338867,-7.254870414733887,-3.164548397064209,-7.164548397064209,-3.3069827556610107,-6.05698299407959,-3.2795135974884033,-6.154513359069824,128
test,1,The round [wugs] near the bush beside the tent,The round [wug] near the bushes beside the tents,-3.069739818572998,-5.694739818572998,-2.9290242195129395,-5.0540242195129395,-3.308809280395508,-4.808809280395508,-3.1720962524414062,-4.297096252441406,128
test,0,The strange [wug] opposite the tents alongside the poles,The strange [wugs] opposite the tent alongside the pole,-15.769986152648926,-16.26998519897461,-15.399466514587402,-16.39946746826172,-15.95058536529541,-15.82558536529541,-15.588032722473145,-16.02553367614746,128
test,1,The strange [wugs] opposite the tent alongside the pole,The strange [wug] opposite the tents alongside the poles,-12.90815544128418,-14.15815544128418,-13.450892448425293,-15.200892448425293,-13.138213157653809,-14.200713157653809,-13.487641334533691,-14.987641334533691,128
test,0,The round [wug] atop the bushes opposite the tents,The round [wugs] atop the bush opposite the tent,-14.885515213012695,-15.635515213012695,-13.797067642211914,-15.609567642211914,-15.244913101196289,-14.807413101196289,-13.904934883117676,-15.217434883117676,128
test,1,The round [wugs] atop the bush opposite the tent,The round [wug] atop the bushes opposite the tents,-13.249170303344727,-17.311670303344727,-13.344518661499023,-15.532018661499023,-13.23680305480957,-16.79930305480957,-13.860393524169922,-14.985393524169922,128
test,0,The tiny [wug] by the slopes above the banks,The tiny [wugs] by the slope above the bank,-15.613770484924316,-17.42626953125,-14.131189346313477,-15.693689346313477,-16.0869083404541,-17.0244083404541,-14.33592414855957,-15.14842414855957,128
test,1,The tiny [wugs] by the slope above the bank,The tiny [wug] by the slopes above the banks,-14.911962509155273,-17.724462509155273,-13.252456665039062,-16.877456665039062,-14.913829803466797,-17.476329803466797,-13.243024826049805,-16.430524826049805,128
test,0,The strange [wug] above the hinges below the nails,The strange [wugs] above the hinge below the nail,-18.619504928588867,-19.119504928588867,-19.829484939575195,-19.829484939575195,-18.574129104614258,-18.636629104614258,-19.829866409301758,-19.329866409301758,128
test,1,The strange [wugs] above the hinge below the nail,The strange [wug] above the hinges below the nails,-17.055830001831055,-19.368330001831055,-16.36586570739746,-19.55336570739746,-17.117782592773438,-19.305282592773438,-16.45819854736328,-19.39569854736328,128
test,0,The spotted [wug] opposite the banks alongside the locks,The spotted [wugs] opposite the bank alongside the lock,-13.987845420837402,-15.237845420837402,-15.33910083770752,-16.026601791381836,-14.241816520690918,-14.929316520690918,-15.554557800292969,-15.992057800292969,128
test,1,The spotted [wugs] opposite the bank alongside the lock,The spotted [wug] opposite the banks alongside the locks,-13.188885688781738,-14.501385688781738,-11.712509155273438,-13.525009155273438,-13.682565689086914,-14.932565689086914,-12.21143913269043,-13.64893913269043,128
test,0,The round [wug] between the mirrors atop the bushes,The round [wugs] between the mirror atop the bush,-1.0002319812774658,-5.125231742858887,-2.103994369506836,-7.478994369506836,-1.0677869319915771,-4.067787170410156,-2.0904006958007812,-6.465400695800781,128
test,1,The round [wugs] between the mirror atop the bush,The round [wug] between the mirrors atop the bushes,-2.7871994972229004,-2.9121994972229004,-2.8266794681549072,-2.9516794681549072,-3.030385971069336,-2.655385971069336,-3.4047439098358154,-2.6547439098358154,128
test,0,The tiny [wug] atop the jars opposite the trees,The tiny [wugs] atop the jar opposite the tree,-1.9666577577590942,-5.716657638549805,-1.392284870147705,-6.767284870147705,-2.2509608268737793,-4.125960826873779,-1.5288822650909424,-4.903882026672363,128
test,1,The tiny [wugs] atop the jar opposite the tree,The tiny [wug] atop the jars opposite the trees,-1.5430951118469238,-3.043095111846924,-1.1115957498550415,-3.736595630645752,-2.1236634254455566,-2.6236634254455566,-1.3495492935180664,-2.8495492935180664,128
test,0,The tiny [wug] under the lamps by the sheds,The tiny [wugs] under the lamp by the shed,-14.74489974975586,-16.24489974975586,-14.342674255371094,-16.655174255371094,-15.063199996948242,-15.813199996948242,-14.75027847290039,-16.43777847290039,128
test,1,The tiny [wugs] under the lamp by the shed,The tiny [wug] under the lamps by the sheds,-13.44166374206543,-16.56666374206543,-14.463979721069336,-17.026479721069336,-13.61859130859375,-16.49359130859375,-14.511103630065918,-16.761104583740234,128
test,0,The bold [wug] below the wells between the cabinets,The bold [wugs] below the well between the cabinet,-16.145551681518555,-16.895551681518555,-16.355558395385742,-17.668058395385742,-16.352676391601562,-16.602676391601562,-16.453832626342773,-17.391332626342773,128
test,1,The bold [wugs] below the well between the cabinet,The bold [wug] below the wells between the cabinets,-16.86349105834961,-17.55099105834961,-16.75446891784668,-17.06696891784668,-16.876401901245117,-17.501401901245117,-16.631942749023438,-16.881942749023438,128
test,0,The lively [wug] under the cabinets by the desks,The lively [wugs] under the cabinet by the desk,-15.257009506225586,-18.069509506225586,-15.61999225616455,-18.494991302490234,-15.774908065795898,-16.6499080657959,-15.835420608520508,-17.647920608520508,128
test,1,The lively [wugs] under the cabinet by the desk,The lively [wug] under the cabinets by the desks,-14.25442123413086,-16.06692123413086,-14.271960258483887,-18.334461212158203,-14.911917686462402,-15.474417686462402,-14.451632499694824,-17.389131546020508,128
test,0,The tiny [wug] between the bridges atop the gates,The tiny [wugs] between the bridge atop the gate,-12.982949256896973,-14.920449256896973,-13.527490615844727,-15.402490615844727,-12.985651016235352,-14.610651016235352,-13.596723556518555,-15.034223556518555,128
test,1,The tiny [wugs] between the bridge atop the gate,The tiny [wug] between the bridges atop the gates,-13.14920711517334,-13.58670711517334,-13.423592567443848,-14.611092567443848,-13.272442817687988,-13.584942817687988,-13.496241569519043,-14.621241569519043,128
test,0,The sturdy [wug] between the mirrors atop the bushes,The sturdy [wugs] between the mirror atop the bush,-17.803327560424805,-19.147077560424805,-16.263214111328125,-17.763214111328125,-18.075502395629883,-18.450502395629883,-16.312175750732422,-17.312175750732422,128
test,1,The sturdy [wugs] between the mirror atop the bush,The sturdy [wug] between the mirrors atop the bushes,-16.00657081604004,-18.06907081604004,-14.998329162597656,-17.279579162597656,-16.191694259643555,-17.972944259643555,-15.241657257080078,-17.116657257080078,128
test,0,The sturdy [wug] above the trees below the ponds,The sturdy [wugs] above the tree below the pond,-16.699283599853516,-17.574283599853516,-16.811141967773438,-17.561141967773438,-16.68332862854004,-16.74582862854004,-16.86265754699707,-17.11265754699707,128
test,1,The sturdy [wugs] above the tree below the pond,The sturdy [wug] above the trees below the ponds,-15.067219734191895,-17.942218780517578,-14.763578414916992,-18.076078414916992,-15.398902893066406,-17.898902893066406,-14.867472648620605,-17.86747169494629,128
test,0,The bold [wug] between the buckets atop the sacks,The bold [wugs] between the bucket atop the sack,-16.945697784423828,-16.945697784423828,-16.9954891204834,-16.9329891204834,-16.842910766601562,-16.717910766601562,-16.770475387573242,-16.457975387573242,128
test,1,The bold [wugs] between the bucket atop the sack,The bold [wug] between the buckets atop the sacks,-13.33144474029541,-15.64394474029541,-13.6455659866333,-16.145566940307617,-13.411962509155273,-15.536962509155273,-13.738166809082031,-16.05066680908203,128
test,0,The lively [wug] above the fences below the lamps,The lively [wugs] above the fence below the lamp,-20.50847053527832,-21.32097053527832,-19.19974136352539,-20.32474136352539,-20.703977584838867,-21.203977584838867,-19.04206657409668,-19.85456657409668,128
test,1,The lively [wugs] above the fence below the lamp,The lively [wug] above the fences below the lamps,-20.11773681640625,-20.49273681640625,-18.45321273803711,-19.92196273803711,-19.85993003845215,-20.10993003845215,-18.31972885131836,-19.50722885131836,128
test,0,The shy [wug] by the cords above the straps,The shy [wugs] by the cord above the strap,-13.866954803466797,-14.241954803466797,-12.708065032958984,-13.895565032958984,-14.000897407531738,-14.000897407531738,-12.83855152130127,-13.52605152130127,128
test,1,The shy [wugs] by the cord above the strap,The shy [wug] by the cords above the straps,-11.782261848449707,-13.782261848449707,-10.888823509216309,-13.451323509216309,-11.987242698669434,-13.487242698669434,-10.94610595703125,-13.00860595703125,128
test,0,The lively [wug] between the poles atop the buckets,The lively [wugs] between the pole atop the bucket,-13.460180282592773,-14.835180282592773,-13.895454406738281,-15.457954406738281,-13.530374526977539,-14.530374526977539,-13.97097110748291,-15.22097110748291,128
test,1,The lively [wugs] between the pole atop the bucket,The lively [wug] between the poles atop the buckets,-14.639010429382324,-15.076510429382324,-13.757133483886719,-14.257133483886719,-14.663047790527344,-14.913047790527344,-13.92357063293457,-13.98607063293457,128
test,0,The tiny [wug] opposite the straps alongside the heaps,The tiny [wugs] opposite the strap alongside the heap,-18.82758903503418,-19.70258903503418,-14.911348342895508,-17.411348342895508,-18.96148681640625,-19.58648681640625,-15.13467025756836,-17.32217025756836,128
test,1,The tiny [wugs] opposite the strap alongside the heap,The tiny [wug] opposite the straps alongside the heaps,-17.5849552154541,-18.5849552154541,-14.621213912963867,-15.808713912963867,-17.826221466064453,-18.513721466064453,-14.837299346923828,-15.587299346923828,128
test,0,The wary [wug] opposite the doors alongside the baskets,The wary [wugs] opposite the door alongside the basket,-5.137251377105713,-6.887251377105713,-2.7311182022094727,-7.106118202209473,-5.394402980804443,-6.144402980804443,-3.088427782058716,-6.088427543640137,128
test,1,The wary [wugs] opposite the door alongside the basket,The wary [wug] opposite the doors alongside the baskets,-4.523784160614014,-6.648784160614014,-2.330106496810913,-5.580106735229492,-4.922287464141846,-6.047287464141846,-2.567753791809082,-4.942753791809082,128
test,0,The tiny [wug] alongside the poles near the buckets,The tiny [wugs] alongside the pole near the bucket,-16.643468856811523,-18.705968856811523,-16.527597427368164,-18.902597427368164,-16.686830520629883,-17.811830520629883,-16.59939956665039,-18.47439956665039,128
test,1,The tiny [wugs] alongside the pole near the bucket,The tiny [wug] alongside the poles near the buckets,-16.565763473510742,-18.784513473510742,-16.02667236328125,-18.15167236328125,-16.72361946105957,-18.34861946105957,-16.15604019165039,-17.71854019165039,128
test,0,The wary [wug] atop the pillars opposite the wells,The wary [wugs] atop the pillar opposite the well,-13.993335723876953,-15.243335723876953,-12.798239707946777,-14.235739707946777,-14.165759086608887,-14.415759086608887,-12.883800506591797,-13.321300506591797,128
test,1,The wary [wugs] atop the pillar opposite the well,The wary [wug] atop the pillars opposite the wells,-12.0537109375,-15.9287109375,-11.712658882141113,-15.837658882141113,-12.39259147644043,-15.08009147644043,-11.947534561157227,-15.072534561157227,128
test,0,The clever [wug] between the pens atop the bulbs,The clever [wugs] between the pen atop the bulb,-17.378387451171875,-18.315887451171875,-17.867639541625977,-18.617639541625977,-17.56266212463379,-18.25016212463379,-18.135385513305664,-18.572885513305664,128
test,1,The clever [wugs] between the pen atop the bulb,The clever [wug] between the pens atop the bulbs,-15.72836971282959,-17.228368759155273,-16.995914459228516,-18.589664459228516,-15.818244934082031,-17.19324493408203,-17.23882293701172,-18.55132293701172,128
test,0,The round [wug] opposite the sacks alongside the bins,The round [wugs] opposite the sack alongside the bin,-0.9865121841430664,-4.361512184143066,-1.596172571182251,-6.096172332763672,-1.1070061922073364,-3.482006072998047,-1.6592669486999512,-5.034266948699951,128
test,1,The round [wugs] opposite the sack alongside the bin,The round [wug] opposite the sacks alongside the bins,-1.341792345046997,-2.841792345046997,-2.1984739303588867,-2.8234739303588867,-1.742594599723816,-2.2425947189331055,-2.7256460189819336,-2.2256460189819336,128
test,0,The round [wug] above the pillars below the wells,The round [wugs] above the pillar below the well,-19.388397216796875,-20.075897216796875,-18.639049530029297,-18.764049530029297,-19.433887481689453,-19.652637481689453,-18.668949127197266,-18.481449127197266,128
test,1,The round [wugs] above the pillar below the well,The round [wug] above the pillars below the wells,-19.095565795898438,-21.126815795898438,-16.793325424194336,-20.137075424194336,-19.003978729248047,-20.816478729248047,-16.864736557006836,-19.927236557006836,128
test,0,The wary [wug] atop the slopes opposite the banks,The wary [wugs] atop the slope opposite the bank,-17.251853942871094,-18.564353942871094,-16.040956497192383,-17.853456497192383,-17.455238342285156,-17.830238342285156,-16.219663619995117,-17.094663619995117,128
test,1,The wary [wugs] atop the slope opposite the bank,The wary [wug] atop the slopes opposite the banks,-14.472832679748535,-17.47283172607422,-15.106302261352539,-18.26255226135254,-14.708426475524902,-17.02092742919922,-15.21126937866211,-17.93001937866211,128
test,0,The tiny [wug] near the baskets beside the pillars,The tiny [wugs] near the basket beside the pillar,-0.7653923630714417,-6.640392303466797,-1.2658493518829346,-8.015849113464355,-0.9213880896568298,-4.546388149261475,-1.340407371520996,-6.340407371520996,128
test,1,The tiny [wugs] near the basket beside the pillar,The tiny [wug] near the baskets beside the pillars,-0.7876653075218201,-4.162665367126465,-1.2212852239608765,-4.471285343170166,-1.0031282901763916,-3.3781282901763916,-1.5178526639938354,-3.642852783203125,128
test,0,The strange [wug] opposite the pillars alongside the wells,The strange [wugs] opposite the pillar alongside the well,-1.3126792907714844,-6.187679290771484,-1.6123578548431396,-5.737358093261719,-1.4802557229995728,-4.980255603790283,-1.8114184141159058,-4.811418533325195,128
test,1,The strange [wugs] opposite the pillar alongside the well,The strange [wug] opposite the pillars alongside the wells,-1.6944935321807861,-1.9444935321807861,-1.432945966720581,-3.682945966720581,-2.3213672637939453,-1.5713672637939453,-1.7188735008239746,-3.0938735008239746,128
test,0,The round [wug] atop the jars opposite the trees,The round [wugs] atop the jar opposite the tree,-0.9031369686126709,-4.52813720703125,-1.617419719696045,-6.617419719696045,-1.1359009742736816,-3.1359009742736816,-1.7363522052764893,-4.861352443695068,128
test,1,The round [wugs] atop the jar opposite the tree,The round [wug] atop the jars opposite the trees,-0.5593435764312744,-2.0593435764312744,-1.4418541193008423,-2.9418540000915527,-0.9830524921417236,-1.3580524921417236,-2.1022377014160156,-2.2272377014160156,128
test,0,The wary [wug] opposite the wells alongside the cabinets,The wary [wugs] opposite the well alongside the cabinet,-15.44654369354248,-16.634044647216797,-14.95904541015625,-16.89654541015625,-15.79925537109375,-15.98675537109375,-15.224445343017578,-16.474445343017578,128
test,1,The wary [wugs] opposite the well alongside the cabinet,The wary [wug] opposite the wells alongside the cabinets,-14.811323165893555,-16.561323165893555,-14.48126220703125,-16.35626220703125,-14.949922561645508,-16.387422561645508,-14.645073890686035,-16.08257293701172,128
test,0,The lively [wug] near the cabinets beside the desks,The lively [wugs] near the cabinet beside the desk,-16.41874885559082,-18.29374885559082,-17.360599517822266,-18.610599517822266,-16.7710018157959,-17.7710018157959,-17.45834732055664,-18.39584732055664,128
test,1,The lively [wugs] near the cabinet beside the desk,The lively [wug] near the cabinets beside the desks,-15.86500072479248,-17.365001678466797,-15.915240287780762,-19.102739334106445,-16.604663848876953,-17.167163848876953,-16.01133155822754,-18.26133155822754,128
test,0,The sturdy [wug] between the shelves atop the racks,The sturdy [wugs] between the shelf atop the rack,-14.449565887451172,-14.449565887451172,-14.58273696899414,-15.14523696899414,-14.501688957214355,-13.876688957214355,-14.732257843017578,-14.669757843017578,128
test,1,The sturdy [wugs] between the shelf atop the rack,The sturdy [wug] between the shelves atop the racks,-14.081315994262695,-14.768815994262695,-13.219574928283691,-14.282074928283691,-14.234128952026367,-14.609128952026367,-13.386421203613281,-14.136421203613281,128
