split,inverse,eval_input,counterfactual_input,clean_logp_A,clean_logp_B,complement_ablation_logp_A,complement_ablation_logp_B,circuit_ablation_logp_A,circuit_ablation_logp_B,all_ablation_logp_A,all_ablation_logp_B,n_nodes
train,0,The fuzzy turtle past the crates,The fuzzy turtles past the crate,-3.4738450050354004,-7.7238450050354,-3.0455117225646973,-9.295512199401855,-3.710730791091919,-6.835731029510498,-3.1813881397247314,-7.9313883781433105,128
train,1,The fuzzy turtles past the crate,The fuzzy turtle past the crates,-6.122733116149902,-7.247733116149902,-4.7945237159729,-8.919523239135742,-6.384360313415527,-6.509360313415527,-4.80177116394043,-7.92677116394043,128
train,0,The small kit around the towers,The small kits around the tower,-12.3637113571167,-14.6762113571167,-13.855510711669922,-17.480510711669922,-12.91137409210205,-13.72387409210205,-14.275578498840332,-16.650577545166016,128
train,1,The small kits around the tower,The small kit around the towers,-13.832780838012695,-17.082780838012695,-15.833941459655762,-19.271440505981445,-13.953186988830566,-16.51568603515625,-15.896940231323242,-18.896940231323242,128
train,0,The slender bat behind the cabins,The slender bats behind the cabin,-3.316732883453369,-9.816733360290527,-3.1988441944122314,-10.698843955993652,-3.7939062118530273,-8.418906211853027,-3.6752209663391113,-9.175220489501953,128
train,1,The slender bats behind the cabin,The slender bat behind the cabins,-4.544536113739014,-8.544535636901855,-4.6568732261657715,-8.90687370300293,-4.7865142822265625,-7.6615142822265625,-4.782452583312988,-7.782452583312988,128
train,0,The fuzzy shark behind the clocks,The fuzzy sharks behind the clock,-17.082767486572266,-18.145267486572266,-18.101543426513672,-19.664043426513672,-17.357160568237305,-18.107160568237305,-18.252573013305664,-19.440073013305664,128
train,1,The fuzzy sharks behind the clock,The fuzzy shark behind the clocks,-16.52755355834961,-18.46505355834961,-16.984601974487305,-19.672101974487305,-16.66274070739746,-17.91274070739746,-16.985382080078125,-19.110382080078125,128
train,0,The sleepy dolphin past the vines,The sleepy dolphins past the vine,-4.446723461151123,-9.321723937988281,-3.996546506881714,-10.246546745300293,-4.5836567878723145,-7.9586567878723145,-4.027487754821777,-8.527487754821777,128
train,1,The sleepy dolphins past the vine,The sleepy dolphin past the vines,-11.575641632080078,-12.075641632080078,-7.023602485656738,-11.523602485656738,-11.749227523803711,-11.624227523803711,-7.026840686798096,-10.651841163635254,128
train,0,The nervous lion behind the rocks,The nervous lions behind the rock,-16.780561447143555,-17.405561447143555,-17.415735244750977,-18.165735244750977,-16.838333129882812,-17.213333129882812,-17.480327606201172,-17.855327606201172,128
train,1,The nervous lions behind the rock,The nervous lion behind the rocks,-16.85178565979004,-17.47678565979004,-18.437192916870117,-20.249692916870117,-16.861534118652344,-17.486534118652344,-18.325340270996094,-19.887840270996094,128
train,0,The calm dog outside the houses,The calm dogs outside the house,-3.103713035583496,-7.853713035583496,-4.2889509201049805,-9.91395092010498,-3.935042381286621,-6.685042381286621,-4.902100563049316,-8.277100563049316,128
train,1,The calm dogs outside the house,The calm dog outside the houses,-1.4287738800048828,-5.928773880004883,-3.333456039428711,-8.208456039428711,-1.759811520576477,-5.0098114013671875,-3.5742335319519043,-7.449233531951904,128
train,0,The nervous panda behind the windows,The nervous pandas behind the window,-2.916623592376709,-6.666623592376709,-2.3200080394744873,-6.570007801055908,-3.0493412017822266,-6.049341201782227,-2.7354929447174072,-5.610493183135986,128
train,1,The nervous pandas behind the window,The nervous panda behind the windows,-4.717061996459961,-7.842061996459961,-3.5740482807159424,-8.199048042297363,-4.744272708892822,-6.619272708892822,-3.704153537750244,-7.204153537750244,128
train,0,The sleepy kit beneath the boilers,The sleepy kits beneath the boiler,-1.5593583583831787,-7.9343581199646,-1.7557947635650635,-8.130794525146484,-2.0675735473632812,-6.317573547363281,-2.2767820358276367,-6.651782035827637,128
train,1,The sleepy kits beneath the boiler,The sleepy kit beneath the boilers,-3.4039089679718018,-4.028908729553223,-3.0259780883789062,-5.275978088378906,-4.144020080566406,-3.2690203189849854,-3.714259147644043,-4.089259147644043,128
train,0,The small bat around the walls,The small bats around the wall,-3.4002230167388916,-7.0252227783203125,-4.433751106262207,-9.558751106262207,-3.932605504989624,-5.932605743408203,-4.911142826080322,-8.41114330291748,128
train,1,The small bats around the wall,The small bat around the walls,-5.266558647155762,-9.266558647155762,-6.381589412689209,-10.00658893585205,-5.269061088562012,-8.394061088562012,-6.507840633392334,-9.132840156555176,128
train,0,The fuzzy pup around the tanks,The fuzzy pups around the tank,-15.252943992614746,-15.815443992614746,-15.821669578552246,-17.19666862487793,-15.801941871643066,-15.301941871643066,-15.870922088623047,-16.370922088623047,128
train,1,The fuzzy pups around the tank,The fuzzy pup around the tanks,-15.198407173156738,-17.698408126831055,-15.281670570373535,-17.21916961669922,-15.248013496398926,-17.560514450073242,-15.034260749816895,-16.90926170349121,128
train,0,The small doe beneath the boilers,The small does beneath the boiler,-12.45909595489502,-14.83409595489502,-12.544661521911621,-15.232161521911621,-13.161623001098633,-14.349123001098633,-13.032007217407227,-14.719507217407227,128
train,1,The small does beneath the boiler,The small doe beneath the boilers,-14.03168773651123,-15.28168773651123,-13.60738468170166,-14.41988468170166,-13.716452598571777,-15.278952598571777,-13.210916519165039,-14.835916519165039,128
train,0,The slender panda past the crates,The slender pandas past the crate,-1.7334904670715332,-6.733490467071533,-2.6283726692199707,-8.878372192382812,-1.8338940143585205,-5.3338942527771,-2.749837875366211,-7.499837875366211,128
train,1,The slender pandas past the crate,The slender panda past the crates,-2.4233222007751465,-6.5483222007751465,-4.563175678253174,-7.438175678253174,-2.6138343811035156,-6.113834381103516,-4.563999176025391,-6.938999176025391,128
train,0,The sleepy panda outside the benches,The sleepy pandas outside the bench,-15.06082534790039,-17.31082534790039,-15.198862075805664,-17.386362075805664,-15.355502128601074,-16.418001174926758,-15.698214530944824,-16.76071548461914,128
train,1,The sleepy pandas outside the bench,The sleepy panda outside the benches,-14.798059463500977,-18.235559463500977,-15.03194522857666,-18.219444274902344,-15.21302318572998,-17.838024139404297,-15.359572410583496,-17.92207145690918,128
train,0,The bright rabbit beneath the trenches,The bright rabbits beneath the trench,-4.815925598144531,-10.815925598144531,-4.0626115798950195,-10.18761157989502,-5.178304672241211,-9.428304672241211,-4.424596786499023,-8.924596786499023,128
train,1,The bright rabbits beneath the trench,The bright rabbit beneath the trenches,-6.4372100830078125,-6.8122100830078125,-4.914199352264404,-7.789199352264404,-7.435076713562012,-6.435076713562012,-5.4152913093566895,-6.7902913093566895,128
train,0,The small chick past the rocks,The small chicks past the rock,-3.1492340564727783,-9.7742338180542,-3.105663776397705,-10.230663299560547,-3.197383165359497,-8.572382926940918,-3.2423768043518066,-9.367376327514648,128
train,1,The small chicks past the rock,The small chick past the rocks,-3.329819917678833,-6.829819679260254,-4.056236743927002,-8.30623722076416,-3.649014472961426,-6.024014472961426,-4.183041095733643,-7.683041095733643,128
train,0,The slender cock around the walls,The slender cocks around the wall,-13.678173065185547,-14.115673065185547,-13.780572891235352,-15.655572891235352,-14.348565101623535,-14.036065101623535,-14.271642684936523,-15.084142684936523,128
train,1,The slender cocks around the wall,The slender cock around the walls,-14.379514694213867,-16.942014694213867,-14.878705024719238,-16.878704071044922,-14.380339622497559,-16.317840576171875,-15.004652976989746,-16.192153930664062,128
train,0,The nervous shark behind the windows,The nervous sharks behind the window,-12.183050155639648,-15.995550155639648,-11.621548652648926,-15.871548652648926,-12.197075843811035,-15.572075843811035,-11.895559310913086,-15.333059310913086,128
train,1,The nervous sharks behind the window,The nervous shark behind the windows,-13.673663139343262,-16.423664093017578,-12.202738761901855,-15.765238761901855,-13.556882858276367,-15.806882858276367,-12.325145721435547,-15.262645721435547,128
train,0,The small pup past the vines,The small pups past the vine,-14.195003509521484,-14.945003509521484,-13.482027053833008,-15.419527053833008,-14.209782600402832,-14.459782600402832,-13.382536888122559,-14.820036888122559,128
train,1,The small pups past the vine,The small pup past the vines,-17.01763916015625,-19.70513916015625,-15.07145881652832,-17.75895881652832,-17.00562286376953,-19.56812286376953,-15.185418128967285,-17.68541717529297,128
train,0,The calm shark outside the piles,The calm sharks outside the pile,-4.721887588500977,-9.721887588500977,-3.383087635040283,-9.383088111877441,-5.155561923980713,-8.530561447143555,-3.768216609954834,-7.893216609954834,128
train,1,The calm sharks outside the pile,The calm shark outside the piles,-3.6931474208831787,-6.0681471824646,-3.7825393676757812,-7.157539367675781,-4.091086387634277,-4.966086387634277,-4.268586158752441,-6.518586158752441,128
train,0,The fuzzy kit beneath the statues,The fuzzy kits beneath the statue,-1.3598344326019287,-5.234834671020508,-1.7991855144500732,-6.924185276031494,-1.587859869003296,-4.087860107421875,-2.1142385005950928,-5.364238262176514,128
train,1,The fuzzy kits beneath the statue,The fuzzy kit beneath the statues,-1.9903905391693115,-4.490390300750732,-1.4939110279083252,-6.243910789489746,-2.3333234786987305,-3.3333234786987305,-1.666313648223877,-4.916313648223877,128
train,0,The sleepy panda outside the stools,The sleepy pandas outside the stool,-5.6344218254089355,-9.509421348571777,-4.892868995666504,-9.017868995666504,-5.884802341461182,-8.134801864624023,-5.2645440101623535,-7.7645440101623535,128
train,1,The sleepy pandas outside the stool,The sleepy panda outside the stools,-5.016576766967773,-9.141576766967773,-5.139613628387451,-9.014613151550293,-5.141282081604004,-8.141282081604004,-5.512219429016113,-8.262219429016113,128
train,0,The bright pup outside the cabins,The bright pups outside the cabin,-2.3983230590820312,-8.273323059082031,-2.977402925491333,-9.977402687072754,-2.977163314819336,-5.602163314819336,-3.4465625286102295,-7.32156229019165,128
train,1,The bright pups outside the cabin,The bright pup outside the cabins,-2.101405143737793,-6.976405143737793,-4.055613040924072,-9.305612564086914,-2.2552480697631836,-5.880248069763184,-4.176037311553955,-8.301037788391113,128
train,0,The slender pup beneath the carts,The slender pups beneath the cart,-12.395195960998535,-14.270195960998535,-12.710587501525879,-16.023086547851562,-13.401679992675781,-13.464179992675781,-13.422998428344727,-14.985498428344727,128
train,1,The slender pups beneath the cart,The slender pup beneath the carts,-15.557804107666016,-16.682804107666016,-15.567169189453125,-16.942169189453125,-15.576275825500488,-16.388776779174805,-15.622395515441895,-16.747394561767578,128
train,0,The calm cow around the walls,The calm cows around the wall,-6.075223445892334,-8.950223922729492,-5.66422176361084,-10.16422176361084,-6.306246757507324,-8.431246757507324,-5.664310455322266,-9.164310455322266,128
train,1,The calm cows around the wall,The calm cow around the walls,-4.927633762359619,-8.302633285522461,-5.154460430145264,-8.654459953308105,-5.300631046295166,-7.425631046295166,-5.651400566101074,-7.776400566101074,128
train,0,The quiet bat beneath the chairs,The quiet bats beneath the chair,-11.38684368133545,-15.69934368133545,-10.263734817504883,-15.451234817504883,-11.621722221374512,-15.434222221374512,-10.610424995422363,-15.422924995422363,128
train,1,The quiet bats beneath the chair,The quiet bat beneath the chairs,-12.952742576599121,-15.390242576599121,-13.645719528198242,-14.833219528198242,-13.075215339660645,-14.762715339660645,-13.772054672241211,-14.397054672241211,128
train,0,The nervous bat around the thresholds,The nervous bats around the threshold,-15.59842586517334,-17.660926818847656,-15.720122337341309,-18.595121383666992,-15.977992057800293,-17.60299301147461,-15.837800979614258,-18.025300979614258,128
train,1,The nervous bats around the threshold,The nervous bat around the thresholds,-16.29448890686035,-16.48198890686035,-17.257829666137695,-17.757829666137695,-16.644317626953125,-16.519317626953125,-17.19816780090332,-17.51066780090332,128
train,0,The small bat beneath the barrels,The small bats beneath the barrel,-0.7401208281517029,-8.365120887756348,-1.009183645248413,-9.009183883666992,-0.8641711473464966,-6.364171028137207,-1.144002914428711,-7.269002914428711,128
train,1,The small bats beneath the barrel,The small bat beneath the barrels,-2.226167917251587,-7.101167678833008,-2.363478660583496,-7.238478660583496,-2.440741539001465,-6.190741539001465,-2.4752542972564697,-6.475254535675049,128
train,0,The timid cock outside the tables,The timid cocks outside the table,-4.809544563293457,-6.934544563293457,-4.6734843254089355,-8.173484802246094,-6.153445243835449,-6.403445243835449,-5.529890060424805,-6.779890060424805,128
train,1,The timid cocks outside the table,The timid cock outside the tables,-4.0683369636535645,-7.4433369636535645,-4.782063007354736,-7.907063007354736,-4.6718597412109375,-6.6718597412109375,-5.274339199066162,-7.274339199066162,128
train,0,The bright lion around the tables,The bright lions around the table,-14.642827033996582,-17.1428279876709,-16.48649024963379,-19.11149024963379,-15.608478546142578,-16.545978546142578,-17.345802307128906,-18.720802307128906,128
train,1,The bright lions around the table,The bright lion around the tables,-13.499603271484375,-17.124603271484375,-18.261438369750977,-20.136438369750977,-13.96446704864502,-16.839468002319336,-18.32292938232422,-19.94792938232422,128
train,0,The sleepy monitor around the belts,The sleepy monitors around the belt,-5.111649513244629,-6.736649513244629,-3.988603115081787,-8.238602638244629,-5.114904880523682,-5.989904880523682,-4.223928451538086,-7.348928451538086,128
train,1,The sleepy monitors around the belt,The sleepy monitor around the belts,-3.745941638946533,-6.120941638946533,-4.5043816566467285,-7.0043816566467285,-3.9407730102539062,-5.565773010253906,-4.6261396408081055,-6.6261396408081055,128
train,0,The nervous bat behind the windows,The nervous bats behind the window,-3.202766180038452,-5.952766418457031,-3.3645944595336914,-7.489594459533691,-3.305978298187256,-5.555978298187256,-3.9055604934692383,-6.780560493469238,128
train,1,The nervous bats behind the window,The nervous bat behind the windows,-5.783246040344238,-8.408246040344238,-5.157240390777588,-8.53223991394043,-5.789469242095947,-7.539469242095947,-5.040184497833252,-7.915184497833252,128
train,0,The fuzzy lion behind the valves,The fuzzy lions behind the valve,-1.5498685836791992,-8.5498685836792,-1.8497238159179688,-8.599723815917969,-1.684208631515503,-7.434208869934082,-1.9508882761001587,-7.075888156890869,128
train,1,The fuzzy lions behind the valve,The fuzzy lion behind the valves,-3.6179356575012207,-5.617935657501221,-3.3511202335357666,-7.2261199951171875,-4.239859580993652,-4.364859580993652,-3.709203004837036,-6.084202766418457,128
train,0,The quiet cow around the dams,The quiet cows around the dam,-16.32342529296875,-18.07342529296875,-16.45160675048828,-19.01410675048828,-16.92138671875,-18.35888671875,-16.88803482055664,-18.70053482055664,128
train,1,The quiet cows around the dam,The quiet cow around the dams,-15.376155853271484,-17.188655853271484,-18.619909286499023,-19.057409286499023,-15.639932632446289,-16.63993263244629,-18.75992202758789,-18.50992202758789,128
train,0,The sleepy panda around the towers,The sleepy pandas around the tower,-4.587226390838623,-9.712225914001465,-4.438005447387695,-9.313005447387695,-4.950327396392822,-8.45032787322998,-4.803411483764648,-7.928411483764648,128
train,1,The sleepy pandas around the tower,The sleepy panda around the towers,-2.8233375549316406,-8.07333755493164,-4.417908668518066,-9.917908668518066,-3.1566696166992188,-7.031669616699219,-4.782350063323975,-9.032350540161133,128
train,0,The nervous rat around the thresholds,The nervous rats around the threshold,-5.323583602905273,-10.448583602905273,-5.453691482543945,-10.453691482543945,-5.392559051513672,-9.392559051513672,-5.804187297821045,-9.554187774658203,128
train,1,The nervous rats around the threshold,The nervous rat around the thresholds,-5.4283647537231445,-7.8033647537231445,-7.513829708099365,-10.013830184936523,-5.693209171295166,-7.318209171295166,-7.514593124389648,-9.264593124389648,128
train,0,The sleepy cock behind the cabins,The sleepy cocks behind the cabin,-5.40390157699585,-10.528902053833008,-5.4108076095581055,-11.910807609558105,-5.5315070152282715,-8.906506538391113,-5.65757417678833,-10.157574653625488,128
train,1,The sleepy cocks behind the cabin,The sleepy cock behind the cabins,-7.152944564819336,-8.902944564819336,-6.5186285972595215,-10.14362907409668,-7.529385089874268,-7.904385089874268,-6.768717288970947,-9.268717765808105,128
train,0,The slender dog around the towers,The slender dogs around the tower,-4.230945110321045,-8.980945587158203,-3.8118481636047363,-9.561848640441895,-4.346793174743652,-7.471793174743652,-4.17448616027832,-8.04948616027832,128
train,1,The slender dogs around the tower,The slender dog around the towers,-2.9808568954467773,-8.480856895446777,-4.41387939453125,-9.66387939453125,-3.5286974906921387,-7.778697490692139,-4.9012250900268555,-9.026225090026855,128
train,0,The small pup around the towers,The small pups around the tower,-17.887605667114258,-18.575105667114258,-18.20663070678711,-19.14413070678711,-18.22532081604004,-18.16282081604004,-18.626808166503906,-18.876808166503906,128
train,1,The small pups around the tower,The small pup around the towers,-16.122413635253906,-18.434913635253906,-17.544157028198242,-19.919157028198242,-16.487422943115234,-18.612422943115234,-18.029367446899414,-20.154367446899414,128
train,0,The fuzzy lion outside the cabins,The fuzzy lions outside the cabin,-15.26627254486084,-17.703771591186523,-17.04572105407715,-19.42072105407715,-15.425431251525879,-16.925432205200195,-17.09888458251953,-18.66138458251953,128
train,1,The fuzzy lions outside the cabin,The fuzzy lion outside the cabins,-13.838558197021484,-17.213558197021484,-15.676854133605957,-18.55185317993164,-14.180643081665039,-16.93064308166504,-15.79572582244873,-18.358226776123047,128
train,0,The fuzzy rat past the rocks,The fuzzy rats past the rock,-17.834604263305664,-19.334604263305664,-16.872295379638672,-19.997295379638672,-18.124818801879883,-19.062318801879883,-16.995405197143555,-19.620405197143555,128
train,1,The fuzzy rats past the rock,The fuzzy rat past the rocks,-17.85053062438965,-20.28803062438965,-17.591625213623047,-20.779125213623047,-18.258161544799805,-20.195661544799805,-17.71451187133789,-20.46451187133789,128
train,0,The small cock around the columns,The small cocks around the column,-2.38297438621521,-5.132974624633789,-3.2492589950561523,-8.499258995056152,-2.7663557529449463,-4.266355514526367,-3.482079029083252,-6.982079029083252,128
train,1,The small cocks around the column,The small cock around the columns,-3.0656018257141113,-4.440601825714111,-3.59368634223938,-6.343686103820801,-3.645073413848877,-3.770073413848877,-4.074883937835693,-5.699883937835693,128
train,0,The bright turtle past the nests,The bright turtles past the nest,-15.390586853027344,-16.328086853027344,-15.274572372436523,-17.962072372436523,-16.135854721069336,-15.82335376739502,-15.40130615234375,-17.08880615234375,128
train,1,The bright turtles past the nest,The bright turtle past the nests,-12.517914772033691,-15.330414772033691,-14.353842735290527,-17.603843688964844,-12.959785461425781,-15.272285461425781,-14.658610343933105,-17.596111297607422,128
train,0,The slender rat around the walls,The slender rats around the wall,-15.194795608520508,-17.069795608520508,-15.342733383178711,-18.46773338317871,-15.922630310058594,-16.422630310058594,-15.524017333984375,-17.524017333984375,128
train,1,The slender rats around the wall,The slender rat around the walls,-15.56738567352295,-19.692384719848633,-15.817349433898926,-19.06734848022461,-15.568022727966309,-19.255521774291992,-16.067426681518555,-18.504926681518555,128
train,0,The slender dog behind the cars,The slender dogs behind the car,-1.4914870262145996,-7.7414870262146,-1.9993298053741455,-8.624329566955566,-1.7822341918945312,-5.907234191894531,-2.417971611022949,-6.917971611022949,128
train,1,The slender dogs behind the car,The slender dog behind the cars,-1.8713319301605225,-5.996332168579102,-3.029635429382324,-7.404635429382324,-2.0106358528137207,-5.135635852813721,-3.261800527572632,-6.511800765991211,128
train,0,The timid shark behind the rushes,The timid sharks behind the rush,-14.16938591003418,-15.98188591003418,-17.399438858032227,-17.461938858032227,-14.116705894470215,-15.679205894470215,-17.091154098510742,-16.966154098510742,128
train,1,The timid sharks behind the rush,The timid shark behind the rushes,-19.336204528808594,-20.023704528808594,-17.2100772857666,-19.3663272857666,-19.050432205200195,-19.831682205200195,-17.20511245727539,-19.39261245727539,128
train,0,The calm shark behind the bolts,The calm sharks behind the bolt,-3.8202688694000244,-8.195268630981445,-3.3193421363830566,-8.819342613220215,-3.9641590118408203,-7.21415901184082,-3.3330092430114746,-7.333009243011475,128
train,1,The calm sharks behind the bolt,The calm shark behind the bolts,-6.626140117645264,-7.251140117645264,-5.442562580108643,-7.692562580108643,-7.156951904296875,-7.031951904296875,-5.836860656738281,-7.086860656738281,128
train,0,The nervous rabbit around the dams,The nervous rabbits around the dam,-6.34965705871582,-6.84965705871582,-7.630392074584961,-12.130392074584961,-6.42288875579834,-6.17288875579834,-7.880144119262695,-10.755144119262695,128
train,1,The nervous rabbits around the dam,The nervous rabbit around the dams,-3.261873722076416,-7.136873722076416,-7.148630142211914,-9.773630142211914,-3.5098931789398193,-6.13489294052124,-8.151445388793945,-9.401445388793945,128
train,0,The sleepy whale outside the pots,The sleepy whales outside the pot,-6.63846492767334,-10.51346492767334,-5.762201309204102,-11.262201309204102,-6.8886027336120605,-8.888603210449219,-6.259634494781494,-9.634634017944336,128
train,1,The sleepy whales outside the pot,The sleepy whale outside the pots,-3.7452616691589355,-4.2452616691589355,-2.1246845722198486,-4.8746843338012695,-4.881866931915283,-3.631866931915283,-2.6405065059661865,-4.265506744384766,128
train,0,The nervous cock outside the pipes,The nervous cocks outside the pipe,-2.7492432594299316,-6.999243259429932,-3.795635938644409,-8.420636177062988,-2.9210572242736816,-5.796057224273682,-4.016388893127441,-7.016388893127441,128
train,1,The nervous cocks outside the pipe,The nervous cock outside the pipes,-3.5858304500579834,-4.3358306884765625,-4.029108047485352,-5.779108047485352,-4.033294677734375,-3.783294439315796,-4.45958137512207,-5.20958137512207,128
train,0,The quiet dog past the barrels,The quiet dogs past the barrel,-13.765252113342285,-17.2027530670166,-12.882767677307129,-16.507766723632812,-14.135692596435547,-16.760692596435547,-13.078630447387695,-15.828630447387695,128
train,1,The quiet dogs past the barrel,The quiet dog past the barrels,-14.329703330993652,-17.89220428466797,-13.78715991973877,-16.787160873413086,-14.667677879333496,-17.29267692565918,-14.20665454864502,-16.831653594970703,128
train,0,The timid rat around the benches,The timid rats around the bench,-11.827467918395996,-16.889968872070312,-13.305893898010254,-17.43089485168457,-12.472524642944336,-16.035024642944336,-13.88645076751709,-17.011449813842773,128
train,1,The timid rats around the bench,The timid rat around the benches,-13.781824111938477,-15.469324111938477,-15.965965270996094,-16.965965270996094,-14.405081748962402,-15.530081748962402,-16.523645401000977,-17.023645401000977,128
train,0,The calm panda past the rocks,The calm pandas past the rock,-3.242967367172241,-9.36796760559082,-3.526245594024658,-9.901246070861816,-3.3088066577911377,-8.058806419372559,-3.668701171875,-8.168701171875,128
train,1,The calm pandas past the rock,The calm panda past the rocks,-3.7346723079681396,-6.859672546386719,-5.277809143066406,-9.152809143066406,-4.0642852783203125,-5.8142852783203125,-5.281200408935547,-8.281200408935547,128
train,0,The sleepy bat beneath the boilers,The sleepy bats beneath the boiler,-1.8625259399414062,-9.112525939941406,-2.047004222869873,-8.797003746032715,-2.064556121826172,-7.814556121826172,-2.480120897293091,-7.730120658874512,128
train,1,The sleepy bats beneath the boiler,The sleepy bat beneath the boilers,-2.5944392681121826,-4.719439506530762,-2.9361228942871094,-5.186122894287109,-2.837843179702759,-4.08784294128418,-3.178659200668335,-4.553659439086914,128
train,0,The calm dog around the stools,The calm dogs around the stool,-3.157097578048706,-7.782097816467285,-3.6879799365997314,-8.687979698181152,-3.507045269012451,-6.632045269012451,-4.049660682678223,-7.549660682678223,128
train,1,The calm dogs around the stool,The calm dog around the stools,-3.374164342880249,-7.12416410446167,-6.010222911834717,-9.135223388671875,-3.8439342975616455,-6.218934535980225,-6.632632255554199,-8.7576322555542,128
train,0,The slender kitten behind the houses,The slender kittens behind the house,-4.060752868652344,-10.185752868652344,-3.5640153884887695,-10.18901538848877,-4.544886112213135,-8.544885635375977,-4.048285007476807,-8.673284530639648,128
train,1,The slender kittens behind the house,The slender kitten behind the houses,-3.4541163444519043,-9.329116821289062,-4.285192966461182,-10.410192489624023,-3.93571400642395,-8.185713768005371,-4.407691955566406,-9.282691955566406,128
train,0,The timid whale around the thresholds,The timid whales around the threshold,-6.508615970611572,-11.38361644744873,-5.8150248527526855,-11.440025329589844,-6.433740615844727,-10.308740615844727,-6.053487300872803,-10.178487777709961,128
train,1,The timid whales around the threshold,The timid whale around the thresholds,-5.152154445648193,-7.152154445648193,-6.320040702819824,-9.070040702819824,-5.568767547607422,-6.443767547607422,-6.452455043792725,-8.202455520629883,128
train,0,The quiet chick around the dams,The quiet chicks around the dam,-4.390039443969727,-6.015039443969727,-6.016571521759033,-10.891571044921875,-4.628796100616455,-5.503796100616455,-6.389534950256348,-9.764534950256348,128
train,1,The quiet chicks around the dam,The quiet chick around the dams,-2.9055840969085693,-7.15558385848999,-5.907283306121826,-8.657282829284668,-3.257692813873291,-6.257692813873291,-6.296624660491943,-7.796624660491943,128
train,0,The slender chick beneath the carts,The slender chicks beneath the cart,-16.846479415893555,-17.658979415893555,-17.309511184692383,-19.122011184692383,-17.652196884155273,-17.027196884155273,-18.155563354492188,-18.530563354492188,128
train,1,The slender chicks beneath the cart,The slender chick beneath the carts,-18.427600860595703,-23.115100860595703,-16.311853408813477,-21.186853408813477,-18.857324600219727,-22.872949600219727,-16.32478904724121,-20.98103904724121,128
train,0,The quiet rabbit behind the windows,The quiet rabbits behind the window,-2.976901054382324,-7.226901054382324,-1.8783600330352783,-6.378360271453857,-3.183269500732422,-6.558269500732422,-2.1634607315063477,-5.538460731506348,128
train,1,The quiet rabbits behind the window,The quiet rabbit behind the windows,-5.646978855133057,-10.146978378295898,-4.289953231811523,-9.539953231811523,-5.651006698608398,-8.651006698608398,-4.4162726402282715,-8.166272163391113,128
train,0,The bright turtle outside the piles,The bright turtles outside the pile,-5.737839221954346,-10.237839698791504,-5.187884330749512,-11.062884330749512,-6.336231708526611,-8.83623218536377,-5.202164173126221,-9.452163696289062,128
train,1,The bright turtles outside the pile,The bright turtle outside the piles,-4.423583507537842,-8.298583984375,-5.197144508361816,-9.572144508361816,-4.902153491973877,-7.277153491973877,-5.5572004318237305,-8.55720043182373,128
train,0,The slender panda beneath the boxes,The slender pandas beneath the box,-0.9203676581382751,-7.29536771774292,-2.0644476413726807,-9.689447402954102,-1.3098750114440918,-5.434875011444092,-2.276853084564209,-8.02685260772705,128
train,1,The slender pandas beneath the box,The slender panda beneath the boxes,-4.270849227905273,-9.145849227905273,-4.515923023223877,-9.765923500061035,-4.270875453948975,-8.020874977111816,-4.516785621643066,-8.391785621643066,128
train,0,The small shark outside the stools,The small sharks outside the stool,-10.304036140441895,-14.866536140441895,-10.294211387634277,-15.544211387634277,-10.544608116149902,-13.794608116149902,-10.659402847290039,-14.784402847290039,128
train,1,The small sharks outside the stool,The small shark outside the stools,-10.703426361083984,-13.890926361083984,-11.527297019958496,-14.214797019958496,-10.939318656921387,-13.376818656921387,-11.773754119873047,-13.898754119873047,128
train,0,The nervous shark around the thresholds,The nervous sharks around the threshold,-15.5245943069458,-16.837095260620117,-16.360450744628906,-17.735450744628906,-15.809468269348145,-16.246967315673828,-16.601572036743164,-17.226572036743164,128
train,1,The nervous sharks around the threshold,The nervous shark around the thresholds,-14.29779052734375,-19.17279052734375,-16.512117385864258,-20.949617385864258,-14.381613731384277,-18.69411277770996,-16.514575958251953,-20.452075958251953,128
train,0,The bright shark outside the cabins,The bright sharks outside the cabin,-2.1228199005126953,-7.997819900512695,-2.751842737197876,-9.626842498779297,-2.6724305152893066,-5.672430515289307,-2.9848153591156006,-7.10981559753418,128
train,1,The bright sharks outside the cabin,The bright shark outside the cabins,-2.7374720573425293,-7.112472057342529,-3.9237008094787598,-8.798700332641602,-2.8314731121063232,-5.956472873687744,-4.165857791900635,-8.165857315063477,128
train,0,The timid chick around the thresholds,The timid chicks around the threshold,-4.444139003753662,-10.56913948059082,-5.422391414642334,-11.547391891479492,-4.356451034545898,-9.231451034545898,-5.420069217681885,-10.295069694519043,128
train,1,The timid chicks around the threshold,The timid chick around the thresholds,-2.7617015838623047,-8.136701583862305,-5.179816246032715,-9.929816246032715,-2.923966884613037,-6.923966884613037,-5.302854537963867,-8.927854537963867,128
train,0,The fuzzy cow around the towers,The fuzzy cows around the tower,-3.5882625579833984,-9.338262557983398,-3.9670774936676025,-9.342077255249023,-3.589076519012451,-7.714076519012451,-4.206525802612305,-7.956525802612305,128
train,1,The fuzzy cows around the tower,The fuzzy cow around the towers,-2.56498646736145,-7.189986705780029,-4.063078880310059,-8.438078880310059,-3.080613613128662,-6.455613613128662,-4.670520305633545,-7.795520305633545,128
train,0,The slender dog outside the windows,The slender dogs outside the window,-1.8705041408538818,-6.370504379272461,-2.026041030883789,-6.151041030883789,-2.056623935699463,-5.306623935699463,-2.3041393756866455,-5.054139137268066,128
train,1,The slender dogs outside the window,The slender dog outside the windows,-2.2727088928222656,-7.522708892822266,-3.207566499710083,-8.957566261291504,-2.2705559730529785,-6.5205559730529785,-3.3320467472076416,-7.957046985626221,128
train,0,The bright kitten past the signs,The bright kittens past the sign,-3.343554973602295,-8.468554496765137,-3.3203279972076416,-9.195327758789062,-3.4680206775665283,-7.218020439147949,-3.335264205932617,-7.960264205932617,128
train,1,The bright kittens past the sign,The bright kitten past the signs,-3.967893600463867,-6.967893600463867,-3.8495678901672363,-7.724567890167236,-4.511693477630615,-6.136693477630615,-4.181207656860352,-7.056207656860352,128
train,0,The bright rabbit behind the crates,The bright rabbits behind the crate,-1.569946050643921,-8.0699462890625,-2.3411784172058105,-8.841177940368652,-1.6044403314590454,-6.229440212249756,-2.453324556350708,-7.203324317932129,128
train,1,The bright rabbits behind the crate,The bright rabbit behind the crates,-2.898963451385498,-6.773963451385498,-3.809103012084961,-8.059103012084961,-3.2510321140289307,-5.626031875610352,-3.8142988681793213,-7.064298629760742,128
train,0,The small cow outside the windows,The small cows outside the window,-11.61612319946289,-14.36612319946289,-13.723200798034668,-15.285700798034668,-11.799783706665039,-13.987283706665039,-13.873641967773438,-14.561141967773438,128
train,1,The small cows outside the window,The small cow outside the windows,-11.238460540771484,-15.925960540771484,-12.119367599487305,-17.181867599487305,-11.244738578796387,-15.244738578796387,-12.020597457885742,-16.270597457885742,128
train,0,The fuzzy cock outside the cabins,The fuzzy cocks outside the cabin,-16.185157775878906,-18.372657775878906,-16.60502052307129,-19.54252052307129,-16.55568504333496,-17.30568504333496,-16.84637451171875,-18.72137451171875,128
train,1,The fuzzy cocks outside the cabin,The fuzzy cock outside the cabins,-14.132132530212402,-17.00713348388672,-16.342815399169922,-18.967815399169922,-14.184447288513184,-16.184446334838867,-16.40302276611328,-18.52802276611328,128
train,0,The timid dolphin around the dams,The timid dolphins around the dam,-3.8520829677581787,-5.727083206176758,-5.162174224853516,-10.537174224853516,-4.2225022315979,-4.8475022315979,-5.285614013671875,-8.910614013671875,128
train,1,The timid dolphins around the dam,The timid dolphin around the dams,-1.733876347541809,-7.1088762283325195,-4.384426593780518,-7.509426593780518,-1.9364075660705566,-6.186407566070557,-5.502747058868408,-7.002747058868408,128
train,0,The quiet rat past the barrels,The quiet rats past the barrel,-15.26572036743164,-17.95322036743164,-14.147656440734863,-16.39765739440918,-15.398324012756348,-17.33582305908203,-14.314552307128906,-15.752052307128906,128
train,1,The quiet rats past the barrel,The quiet rat past the barrels,-14.789728164672852,-18.28972816467285,-14.03689193725586,-17.97439193725586,-15.2767915725708,-18.026790618896484,-14.404888153076172,-17.842388153076172,128
train,0,The nervous lion past the cars,The nervous lions past the car,-17.533855438232422,-18.846355438232422,-15.729644775390625,-18.042144775390625,-17.925724029541016,-18.550724029541016,-15.976082801818848,-17.601083755493164,128
train,1,The nervous lions past the car,The nervous lion past the cars,-14.535629272460938,-16.848129272460938,-13.337541580200195,-15.962541580200195,-14.633064270019531,-16.75806427001953,-13.625205039978027,-15.937705039978027,128
train,0,The nervous shark beneath the chairs,The nervous sharks beneath the chair,-3.6231470108032227,-8.873147010803223,-3.2594685554504395,-9.134469032287598,-3.854010581970215,-7.479010581970215,-3.484429359436035,-7.609429359436035,128
train,1,The nervous sharks beneath the chair,The nervous shark beneath the chairs,-4.193643093109131,-6.943643093109131,-4.657989978790283,-8.407990455627441,-4.322443008422852,-6.322443008422852,-4.783720970153809,-7.533720970153809,128
train,0,The nervous shark beneath the chains,The nervous sharks beneath the chain,-13.490506172180176,-14.928006172180176,-14.109432220458984,-15.859432220458984,-14.370719909667969,-14.683219909667969,-14.571295738220215,-15.696295738220215,128
train,1,The nervous sharks beneath the chain,The nervous shark beneath the chains,-15.888191223144531,-17.07569122314453,-18.346027374267578,-19.408527374267578,-15.86592960357666,-16.990928649902344,-18.165912628173828,-19.009662628173828,128
train,0,The small panda outside the stools,The small pandas outside the stool,-13.044144630432129,-14.294144630432129,-13.68310260772705,-15.55810260772705,-13.287616729736328,-13.412616729736328,-13.800427436828613,-14.675427436828613,128
train,1,The small pandas outside the stool,The small panda outside the stools,-12.182628631591797,-16.682628631591797,-13.040576934814453,-17.040576934814453,-12.066672325134277,-16.12917137145996,-13.407977104187012,-16.907978057861328,128
train,0,The calm bat outside the cabins,The calm bats outside the cabin,-3.585671901702881,-8.710671424865723,-3.927483320236206,-10.302483558654785,-3.9485483169555664,-7.073548316955566,-4.291105270385742,-8.291105270385742,128
train,1,The calm bats outside the cabin,The calm bat outside the cabins,-2.953493356704712,-5.703493595123291,-4.425954818725586,-8.550954818725586,-3.279984712600708,-5.029984474182129,-4.669593811035156,-7.794593811035156,128
train,0,The timid dog around the thresholds,The timid dogs around the threshold,-4.813369274139404,-10.188368797302246,-5.409067153930664,-11.284067153930664,-5.005812168121338,-9.00581169128418,-5.531168460845947,-9.906168937683105,128
train,1,The timid dogs around the threshold,The timid dog around the thresholds,-3.0521316528320312,-7.677131652832031,-6.517627716064453,-10.642627716064453,-3.3623201847076416,-6.487320423126221,-6.644561767578125,-9.394561767578125,128
train,0,The nervous rat outside the clocks,The nervous rats outside the clock,-14.3037748336792,-14.6162748336792,-14.001009941101074,-15.251009941101074,-14.340641021728516,-14.153141021728516,-14.084096908569336,-14.459096908569336,128
train,1,The nervous rats outside the clock,The nervous rat outside the clocks,-16.368898391723633,-17.431398391723633,-14.296398162841797,-16.233898162841797,-15.807291030883789,-16.49479103088379,-13.683648109436035,-15.121148109436035,128
train,0,The nervous rabbit behind the windows,The nervous rabbits behind the window,-16.14588737487793,-17.20838737487793,-15.024550437927246,-17.08704948425293,-16.278995513916016,-16.966495513916016,-15.304244041442871,-16.679244995117188,128
train,1,The nervous rabbits behind the window,The nervous rabbit behind the windows,-16.727731704711914,-20.415231704711914,-15.52763843536377,-19.902637481689453,-16.916627883911133,-20.166627883911133,-15.469998359680176,-19.407499313354492,128
train,0,The fuzzy rabbit past the vines,The fuzzy rabbits past the vine,-4.958107948303223,-10.208107948303223,-3.97135591506958,-10.221355438232422,-4.850569248199463,-8.850569725036621,-4.099716663360596,-8.724716186523438,128
train,1,The fuzzy rabbits past the vine,The fuzzy rabbit past the vines,-6.455966949462891,-8.45596694946289,-5.1598944664001465,-10.909894943237305,-6.839100360870361,-7.714100360870361,-5.534550189971924,-9.659549713134766,128
train,0,The calm lion behind the plants,The calm lions behind the plant,-14.291361808776855,-15.916361808776855,-14.174198150634766,-16.174198150634766,-14.356504440307617,-15.169004440307617,-14.300819396972656,-15.300819396972656,128
train,1,The calm lions behind the plant,The calm lion behind the plants,-14.561728477478027,-16.87422752380371,-13.276573181152344,-17.401573181152344,-15.058175086975098,-16.43317413330078,-14.00367259979248,-17.066171646118164,128
train,0,The slender turtle beneath the boilers,The slender turtles beneath the boiler,-1.1536704301834106,-8.403670310974121,-1.635932445526123,-9.135931968688965,-1.3161027431488037,-6.941102981567383,-1.9937723875045776,-7.868772506713867,128
train,1,The slender turtles beneath the boiler,The slender turtle beneath the boilers,-1.7606743574142456,-5.260674476623535,-2.297334671020508,-6.422334671020508,-1.9284071922302246,-4.428407192230225,-2.4558489322662354,-5.2058491706848145,128
train,0,The calm pup around the walls,The calm pups around the wall,-5.922582626342773,-9.047582626342773,-5.53668212890625,-10.28668212890625,-6.527271270751953,-8.402271270751953,-5.779367446899414,-9.154367446899414,128
train,1,The calm pups around the wall,The calm pup around the walls,-6.759093761444092,-10.50909423828125,-6.7589898109436035,-10.383989334106445,-7.008477687835693,-9.758478164672852,-7.008454322814941,-9.383454322814941,128
train,0,The quiet turtle behind the signs,The quiet turtles behind the sign,-1.9393959045410156,-8.189395904541016,-2.912905693054199,-9.1629056930542,-2.0516834259033203,-7.05168342590332,-3.031571865081787,-7.781571865081787,128
train,1,The quiet turtles behind the sign,The quiet turtle behind the signs,-2.6178746223449707,-5.617874622344971,-3.1481070518493652,-7.273107051849365,-2.8433406352996826,-4.7183403968811035,-3.3838255405426025,-6.383825302124023,128
train,0,The bright horse around the tables,The bright horses around the table,-13.691574096679688,-14.441574096679688,-14.549158096313477,-15.799158096313477,-14.412320137023926,-13.912320137023926,-14.912890434265137,-15.100390434265137,128
train,1,The bright horses around the table,The bright horse around the tables,-10.60216999053955,-16.039670944213867,-13.51545238494873,-17.577953338623047,-10.720839500427246,-15.658339500427246,-13.88866901397705,-17.576169967651367,128
train,0,The quiet whale around the dams,The quiet whales around the dam,-4.121582984924316,-7.371582984924316,-4.919590950012207,-10.294590950012207,-4.319312572479248,-6.319312572479248,-5.409176349639893,-9.03417682647705,128
train,1,The quiet whales around the dam,The quiet whale around the dams,-2.150777578353882,-4.275777816772461,-5.099780082702637,-6.849780082702637,-2.606862783432007,-3.731862783432007,-5.980044841766357,-6.480044841766357,128
train,0,The quiet doe past the barrels,The quiet does past the barrel,-22.291688919067383,-23.354188919067383,-19.830394744873047,-21.705394744873047,-22.518718719482422,-23.331218719482422,-19.96750831604004,-21.59250831604004,128
train,1,The quiet does past the barrel,The quiet doe past the barrels,-19.534255981445312,-20.253005981445312,-20.283203125,-21.064453125,-19.737655639648438,-20.487655639648438,-20.530303955078125,-21.499053955078125,128
train,0,The timid turtle outside the clocks,The timid turtles outside the clock,-4.106775760650635,-5.606775760650635,-4.222453594207764,-8.222454071044922,-4.246246337890625,-5.121246337890625,-4.945542335510254,-7.195542335510254,128
train,1,The timid turtles outside the clock,The timid turtle outside the clocks,-7.635557651519775,-9.010557174682617,-2.840998649597168,-8.215998649597168,-8.66550064086914,-7.790500640869141,-2.6694583892822266,-6.419458389282227,128
train,0,The quiet monitor behind the windows,The quiet monitors behind the window,-2.264540433883667,-8.014540672302246,-2.1960620880126953,-7.571062088012695,-2.4169986248016357,-7.291998863220215,-2.4790823459625244,-6.729082107543945,128
train,1,The quiet monitors behind the window,The quiet monitor behind the windows,-4.082356929779053,-8.457357406616211,-4.192990779876709,-8.942991256713867,-3.731633424758911,-7.606633186340332,-4.080712795257568,-8.45571231842041,128
train,0,The slender pup behind the bolts,The slender pups behind the bolt,-12.740910530090332,-15.990910530090332,-12.649640083312988,-17.774641036987305,-13.089753150939941,-15.339753150939941,-12.546282768249512,-16.608781814575195,128
train,1,The slender pups behind the bolt,The slender pup behind the bolts,-14.619417190551758,-15.744417190551758,-13.806727409362793,-16.18172836303711,-15.507363319396973,-15.757363319396973,-14.233169555664062,-15.858169555664062,128
train,0,The slender turtle past the vines,The slender turtles past the vine,-2.694277286529541,-8.5692777633667,-3.636610984802246,-10.136610984802246,-2.8103630542755127,-7.185363292694092,-3.6718690395355225,-8.796869277954102,128
train,1,The slender turtles past the vine,The slender turtle past the vines,-5.333407878875732,-10.333407402038574,-5.531047344207764,-10.781047821044922,-5.625298976898193,-9.375299453735352,-5.658653259277344,-9.908653259277344,128
train,0,The bright shark behind the valves,The bright sharks behind the valve,-14.574615478515625,-16.512115478515625,-14.007482528686523,-16.882482528686523,-14.787784576416016,-15.600284576416016,-14.145269393920898,-15.957769393920898,128
train,1,The bright sharks behind the valve,The bright shark behind the valves,-15.040675163269043,-18.35317611694336,-14.123929977416992,-18.623929977416992,-15.349735260009766,-17.724735260009766,-14.3020601272583,-17.989561080932617,128
train,0,The slender cock beneath the logs,The slender cocks beneath the log,-4.352794170379639,-9.977794647216797,-4.552106857299805,-10.427106857299805,-4.5898566246032715,-8.58985710144043,-4.675638198852539,-8.800638198852539,128
train,1,The slender cocks beneath the log,The slender cock beneath the logs,-5.429607391357422,-7.054607391357422,-6.513531684875488,-8.888531684875488,-5.9333038330078125,-6.1833038330078125,-6.88874626159668,-8.01374626159668,128
train,0,The quiet rat beneath the columns,The quiet rats beneath the column,-3.3308823108673096,-10.95588207244873,-2.790039539337158,-10.040040016174316,-3.3461570739746094,-9.34615707397461,-2.7823386192321777,-8.40733814239502,128
train,1,The quiet rats beneath the column,The quiet rat beneath the columns,-3.8601484298706055,-6.4851484298706055,-2.598295211791992,-6.098295211791992,-4.091008186340332,-5.716008186340332,-3.028510808944702,-5.528510570526123,128
train,0,The fuzzy dog beneath the boxes,The fuzzy dogs beneath the box,-0.8628275990486145,-7.612827777862549,-1.660169243812561,-8.91016960144043,-1.3118975162506104,-5.936897277832031,-1.8610693216323853,-7.361069202423096,128
train,1,The fuzzy dogs beneath the box,The fuzzy dog beneath the boxes,-5.63531494140625,-9.26031494140625,-5.014718532562256,-9.139718055725098,-5.635499954223633,-8.135499954223633,-5.385789394378662,-8.26078987121582,128
train,0,The quiet cow beneath the chairs,The quiet cows beneath the chair,-15.971233367919922,-17.908733367919922,-15.856404304504395,-18.356403350830078,-16.177547454833984,-17.677547454833984,-16.198606491088867,-18.323606491088867,128
train,1,The quiet cows beneath the chair,The quiet cow beneath the chairs,-16.676006317138672,-18.863506317138672,-17.460914611816406,-19.273414611816406,-16.870006561279297,-18.682506561279297,-17.64844512939453,-19.21094512939453,128
train,0,The small dolphin around the towers,The small dolphins around the tower,-11.974571228027344,-14.974571228027344,-11.683079719543457,-15.058079719543457,-12.457579612731934,-14.395079612731934,-11.77729320526123,-14.21479320526123,128
train,1,The small dolphins around the tower,The small dolphin around the towers,-12.935948371887207,-15.935948371887207,-12.636634826660156,-16.136634826660156,-13.072795867919922,-15.322795867919922,-13.00691032409668,-15.88191032409668,128
train,0,The fuzzy panda outside the cabins,The fuzzy pandas outside the cabin,-12.225793838500977,-15.475793838500977,-12.568788528442383,-16.443788528442383,-12.4651460647583,-13.9651460647583,-12.922019004821777,-15.484519004821777,128
train,1,The fuzzy pandas outside the cabin,The fuzzy panda outside the cabins,-10.835474014282227,-14.522974014282227,-12.419194221496582,-17.169193267822266,-11.085536003112793,-13.398036003112793,-12.418183326721191,-16.293184280395508,128
train,0,The quiet monitor outside the towers,The quiet monitors outside the tower,-2.68611216545105,-9.311112403869629,-2.70721697807312,-9.3322172164917,-3.284011125564575,-8.034010887145996,-3.1453945636749268,-7.895394802093506,128
train,1,The quiet monitors outside the tower,The quiet monitor outside the towers,-2.521772623062134,-8.271772384643555,-3.2627174854278564,-8.887717247009277,-2.7028231620788574,-7.452823162078857,-3.3766930103302,-8.376692771911621,128
train,0,The small whale outside the stools,The small whales outside the stool,-16.552783966064453,-20.240283966064453,-17.357831954956055,-21.107831954956055,-16.79009246826172,-19.41509246826172,-17.53464698791504,-20.15964698791504,128
train,1,The small whales outside the stool,The small whale outside the stools,-17.156261444091797,-19.031261444091797,-17.342557907104492,-19.717557907104492,-17.217939376831055,-18.342939376831055,-17.650678634643555,-19.275678634643555,128
train,0,The bright monitor beneath the logs,The bright monitors beneath the log,-16.66376304626465,-17.60126304626465,-15.768019676208496,-17.58051872253418,-17.014259338378906,-17.326759338378906,-15.812105178833008,-17.124605178833008,128
train,1,The bright monitors beneath the log,The bright monitor beneath the logs,-19.2348575592041,-20.7348575592041,-16.008853912353516,-17.977603912353516,-19.254512786865234,-20.723262786865234,-16.221481323242188,-18.190231323242188,128
train,0,The fuzzy chick behind the crates,The fuzzy chicks behind the crate,-14.091341972351074,-14.778841972351074,-14.391744613647461,-14.766744613647461,-14.211463928222656,-14.398963928222656,-14.50257396697998,-14.50257396697998,128
train,1,The fuzzy chicks behind the crate,The fuzzy chick behind the crates,-13.60643196105957,-15.73143196105957,-12.829120635986328,-15.766620635986328,-13.669958114624023,-15.607458114624023,-12.724237442016602,-15.411737442016602,128
train,0,The bright kitten behind the valves,The bright kittens behind the valve,-14.1260347366333,-18.626035690307617,-13.261099815368652,-17.88610076904297,-14.470556259155273,-18.095556259155273,-13.28528881072998,-17.285289764404297,128
train,1,The bright kittens behind the valve,The bright kitten behind the valves,-15.392217636108398,-17.2047176361084,-14.847206115722656,-17.409706115722656,-15.682272911071777,-16.93227195739746,-15.084874153137207,-17.14737319946289,128
train,0,The fuzzy cock outside the stools,The fuzzy cocks outside the stool,-6.134997844696045,-8.634998321533203,-5.142236709594727,-8.642236709594727,-6.3856987953186035,-7.7606987953186035,-5.637956142425537,-7.762956142425537,128
train,1,The fuzzy cocks outside the stool,The fuzzy cock outside the stools,-5.157866477966309,-6.282866477966309,-6.0138983726501465,-7.5138983726501465,-5.5381646156311035,-5.5381646156311035,-6.266530990600586,-6.641530990600586,128
train,0,The slender pup outside the piles,The slender pups outside the pile,-15.986348152160645,-18.42384910583496,-15.677192687988281,-19.17719268798828,-16.472063064575195,-18.097063064575195,-15.893763542175293,-18.58126449584961,128
train,1,The slender pups outside the pile,The slender pup outside the piles,-16.62333106994629,-18.12333106994629,-16.931568145751953,-18.806568145751953,-16.766986846923828,-17.704486846923828,-16.932140350341797,-18.369640350341797,128
train,0,The sleepy panda beneath the boilers,The sleepy pandas beneath the boiler,-1.545877456665039,-8.420877456665039,-1.6439285278320312,-8.393928527832031,-1.7778499126434326,-7.027850151062012,-2.0142109394073486,-6.8892107009887695,128
train,1,The sleepy pandas beneath the boiler,The sleepy panda beneath the boilers,-2.243248701095581,-5.493248462677002,-2.987916946411133,-7.487916946411133,-2.5348076820373535,-4.5348076820373535,-2.927173137664795,-6.177173137664795,128
train,0,The small dolphin beneath the boilers,The small dolphins beneath the boiler,-11.481951713562012,-14.919451713562012,-11.868633270263672,-15.618633270263672,-11.696588516235352,-13.884088516235352,-12.0077486038208,-14.7577486038208,128
train,1,The small dolphins beneath the boiler,The small dolphin beneath the boilers,-11.209946632385254,-13.022446632385254,-11.5101318359375,-14.0101318359375,-11.471589088439941,-12.971589088439941,-11.902754783630371,-13.840254783630371,128
train,0,The nervous chick beneath the chains,The nervous chicks beneath the chain,-12.498665809631348,-14.061165809631348,-15.511777877807617,-14.449277877807617,-13.646921157836914,-13.959421157836914,-15.865994453430176,-14.303494453430176,128
train,1,The nervous chicks beneath the chain,The nervous chick beneath the chains,-13.456546783447266,-18.237796783447266,-15.002604484558105,-19.94010353088379,-13.589141845703125,-18.089141845703125,-14.922567367553711,-19.51631736755371,128
train,0,The timid rabbit around the statues,The timid rabbits around the statue,-10.075194358825684,-13.762694358825684,-9.681366920471191,-13.681366920471191,-10.355627059936523,-12.355627059936523,-10.029596328735352,-12.654596328735352,128
train,1,The timid rabbits around the statue,The timid rabbit around the statues,-9.68101692199707,-15.18101692199707,-9.300745010375977,-14.488245010375977,-9.479866981506348,-13.792366981506348,-9.453228950500488,-13.578228950500488,128
train,0,The calm kit around the tanks,The calm kits around the tank,-2.7868289947509766,-6.036828994750977,-4.052464962005615,-7.552464962005615,-3.478856086730957,-5.228856086730957,-4.540244102478027,-6.540244102478027,128
train,1,The calm kits around the tank,The calm kit around the tanks,-5.158370018005371,-6.158370018005371,-4.90678071975708,-7.15678071975708,-5.53381872177124,-5.40881872177124,-5.0362749099731445,-6.1612749099731445,128
train,0,The fuzzy chick outside the cabins,The fuzzy chicks outside the cabin,-14.558089256286621,-16.495590209960938,-14.740456581115723,-17.115455627441406,-15.024081230163574,-16.08658218383789,-15.04001522064209,-16.790014266967773,128
train,1,The fuzzy chicks outside the cabin,The fuzzy chick outside the cabins,-14.096171379089355,-17.59617042541504,-14.823468208312988,-18.510969161987305,-13.988723754882812,-16.988723754882812,-14.744013786315918,-18.181514739990234,128
train,0,The small lion behind the bolts,The small lions behind the bolt,-2.274203062057495,-7.149203300476074,-2.21979022026062,-8.0947904586792,-2.492074728012085,-6.117074489593506,-2.23306941986084,-6.73306941986084,128
train,1,The small lions behind the bolt,The small lion behind the bolts,-2.667625665664673,-5.292625904083252,-2.9483766555786133,-6.198376655578613,-3.3289453983306885,-4.203945159912109,-3.1963093280792236,-5.0713090896606445,128
train,0,The quiet kit outside the pipes,The quiet kits outside the pipe,-12.395895004272461,-13.395895004272461,-12.912681579589844,-14.287681579589844,-12.368786811828613,-12.806286811828613,-12.974770545959473,-13.724770545959473,128
train,1,The quiet kits outside the pipe,The quiet kit outside the pipes,-9.490531921386719,-10.615531921386719,-10.192517280578613,-11.067517280578613,-9.738678932189941,-10.801178932189941,-10.578597068786621,-11.203597068786621,128
train,0,The small shark outside the benches,The small sharks outside the bench,-1.362109661102295,-6.862109661102295,-1.9307210445404053,-8.055721282958984,-1.7564711570739746,-4.506471157073975,-2.451256036758423,-6.201255798339844,128
train,1,The small sharks outside the bench,The small shark outside the benches,-1.4309519529342651,-6.430952072143555,-2.4260213375091553,-8.051021575927734,-1.787611722946167,-5.537611961364746,-2.987473964691162,-7.362473964691162,128
train,0,The fuzzy rat behind the valves,The fuzzy rats behind the valve,-1.712646245956421,-8.462646484375,-2.702878713607788,-9.452878952026367,-1.9882712364196777,-6.988271236419678,-2.8179798126220703,-7.69297981262207,128
train,1,The fuzzy rats behind the valve,The fuzzy rat behind the valves,-3.0976803302764893,-6.222680568695068,-4.305633068084717,-8.180633544921875,-3.6760215759277344,-5.176021575927734,-4.548013210296631,-7.298013210296631,128
train,0,The nervous frog outside the tables,The nervous frogs outside the table,-4.32003116607666,-7.82003116607666,-4.053008556365967,-8.553008079528809,-5.164318561553955,-7.039318561553955,-4.902029514312744,-7.277029514312744,128
train,1,The nervous frogs outside the table,The nervous frog outside the tables,-3.8266286849975586,-7.201628684997559,-4.289255142211914,-8.289255142211914,-4.189246654510498,-6.564246654510498,-4.533879280090332,-7.533879280090332,128
train,0,The slender dolphin outside the drums,The slender dolphins outside the drum,-1.999927043914795,-7.749927043914795,-2.6356277465820312,-9.510627746582031,-2.2178261280059814,-6.217825889587402,-2.977290153503418,-7.852290153503418,128
train,1,The slender dolphins outside the drum,The slender dolphin outside the drums,-1.8597259521484375,-3.9847259521484375,-1.669319748878479,-6.2943196296691895,-2.247936964035034,-3.247936964035034,-1.8556936979293823,-5.230693817138672,128
train,0,The nervous dog beneath the columns,The nervous dogs beneath the column,-3.154935121536255,-9.279934883117676,-3.4471030235290527,-9.447103500366211,-3.316645383834839,-7.691645622253418,-3.541754961013794,-8.166754722595215,128
train,1,The nervous dogs beneath the column,The nervous dog beneath the columns,-3.9961917400360107,-6.621191501617432,-3.759835720062256,-7.009835720062256,-4.149226665496826,-5.899226665496826,-4.0030107498168945,-6.2530107498168945,128
train,0,The small rabbit around the towers,The small rabbits around the tower,-16.78598976135254,-19.91098976135254,-16.691123962402344,-20.191123962402344,-16.973957061767578,-18.786457061767578,-17.00082015991211,-19.25082015991211,128
train,1,The small rabbits around the tower,The small rabbit around the towers,-16.430234909057617,-21.148984909057617,-17.38258934020996,-21.85133934020996,-16.812463760375977,-20.593713760375977,-17.61642074584961,-21.21017074584961,128
train,0,The nervous frog behind the rocks,The nervous frogs behind the rock,-12.262402534484863,-15.262402534484863,-11.965243339538574,-15.340243339538574,-12.503331184387207,-14.815831184387207,-11.964728355407715,-14.714728355407715,128
train,1,The nervous frogs behind the rock,The nervous frog behind the rocks,-11.631897926330566,-15.944397926330566,-12.026412963867188,-17.213912963867188,-11.69677448272705,-15.38427448272705,-12.2767333984375,-16.8392333984375,128
train,0,The nervous pup around the thresholds,The nervous pups around the threshold,-16.474702835083008,-17.537202835083008,-16.051498413085938,-17.176498413085938,-16.53959846496582,-17.10209846496582,-16.223630905151367,-16.598630905151367,128
train,1,The nervous pups around the threshold,The nervous pup around the thresholds,-14.781963348388672,-18.469463348388672,-15.577082633972168,-19.139583587646484,-14.803332328796387,-18.11583137512207,-15.578228950500488,-18.765729904174805,128
train,0,The slender turtle past the logs,The slender turtles past the log,-14.981438636779785,-18.10643768310547,-16.0323486328125,-19.7823486328125,-15.34175968170166,-17.591760635375977,-16.09724235534668,-19.28474235534668,128
train,1,The slender turtles past the log,The slender turtle past the logs,-13.778026580810547,-18.871776580810547,-16.275686264038086,-20.275686264038086,-13.92255687713623,-18.391305923461914,-16.464805603027344,-20.214805603027344,128
train,0,The calm dog beneath the milestones,The calm dogs beneath the milestone,-1.6571732759475708,-8.657173156738281,-3.1457138061523438,-9.395713806152344,-1.8011698722839355,-7.4261698722839355,-3.3813652992248535,-8.256364822387695,128
train,1,The calm dogs beneath the milestone,The calm dog beneath the milestones,-3.950928211212158,-7.075928211212158,-4.136817455291748,-8.011817932128906,-4.361723899841309,-6.361723899841309,-4.623634338378906,-7.123634338378906,128
train,0,The calm chick outside the benches,The calm chicks outside the bench,-2.2292544841766357,-6.604254722595215,-2.8792474269866943,-8.504247665405273,-2.8286960124969482,-5.328696250915527,-3.299619436264038,-7.174619674682617,128
train,1,The calm chicks outside the bench,The calm chick outside the benches,-2.5793509483337402,-5.95435094833374,-3.2575337886810303,-7.757534027099609,-3.112267255783081,-5.237267017364502,-3.61148738861084,-6.73648738861084,128
train,0,The timid kitten outside the towers,The timid kittens outside the tower,-4.472640514373779,-10.972640991210938,-4.1000566482543945,-10.225056648254395,-5.189391136169434,-9.189391136169434,-4.690250396728516,-8.315250396728516,128
train,1,The timid kittens outside the tower,The timid kitten outside the towers,-2.626967430114746,-9.626967430114746,-3.608038902282715,-9.983038902282715,-2.9076175689697266,-8.782617568969727,-3.8383374214172363,-9.088336944580078,128
train,0,The fuzzy whale beneath the boxes,The fuzzy whales beneath the box,-1.7919306755065918,-7.416930675506592,-2.678732395172119,-9.303731918334961,-2.290458917617798,-6.040458679199219,-2.7879390716552734,-8.037939071655273,128
train,1,The fuzzy whales beneath the box,The fuzzy whale beneath the boxes,-4.796558380126953,-6.421558380126953,-5.634584426879883,-9.259584426879883,-5.413704872131348,-5.788704872131348,-5.759665489196777,-8.259665489196777,128
train,0,The slender monitor beneath the logs,The slender monitors beneath the log,-1.736131191253662,-8.86113166809082,-2.173975944519043,-10.048975944519043,-1.8390600681304932,-7.464059829711914,-2.3735270500183105,-8.873526573181152,128
train,1,The slender monitors beneath the log,The slender monitor beneath the logs,-4.039349555969238,-5.914349555969238,-4.044528007507324,-9.044528007507324,-4.8553242683410645,-5.4803242683410645,-3.808523178100586,-8.308523178100586,128
train,0,The slender whale outside the stools,The slender whales outside the stool,-4.283145427703857,-9.033145904541016,-3.7886502742767334,-9.788650512695312,-4.651271343231201,-8.15127182006836,-4.275787353515625,-8.775787353515625,128
train,1,The slender whales outside the stool,The slender whale outside the stools,-4.416013717651367,-6.666013717651367,-4.5253682136535645,-7.4003682136535645,-4.910135269165039,-5.910135269165039,-4.897324562072754,-6.522324562072754,128
train,0,The bright lion beneath the milestones,The bright lions beneath the milestone,-2.44697904586792,-8.321978569030762,-3.2818288803100586,-9.656828880310059,-2.4972405433654785,-7.3722405433654785,-3.307530403137207,-8.307530403137207,128
train,1,The bright lions beneath the milestone,The bright lion beneath the milestones,-4.278836250305176,-4.653836250305176,-3.7979164123535156,-6.797916412353516,-4.926579475402832,-4.051579475402832,-4.308872222900391,-5.683872222900391,128
train,0,The nervous dolphin beneath the chains,The nervous dolphins beneath the chain,-14.208929061889648,-15.583929061889648,-14.005813598632812,-15.318313598632812,-14.702276229858398,-15.077276229858398,-14.092580795288086,-14.717580795288086,128
train,1,The nervous dolphins beneath the chain,The nervous dolphin beneath the chains,-13.236980438232422,-14.361980438232422,-13.000423431396484,-15.500423431396484,-13.810324668884277,-14.435324668884277,-13.542034149169922,-15.479534149169922,128
train,0,The nervous rat beneath the chains,The nervous rats beneath the chain,-14.440759658813477,-16.565759658813477,-15.33227825164795,-16.144777297973633,-15.550878524780273,-16.300878524780273,-15.817487716674805,-16.004987716674805,128
train,1,The nervous rats beneath the chain,The nervous rat beneath the chains,-16.640274047851562,-18.515274047851562,-15.894942283630371,-17.769941329956055,-16.76091194152832,-18.54216194152832,-16.262849807739258,-17.825349807739258,128
train,0,The timid cow outside the tables,The timid cows outside the table,-15.001614570617676,-16.689115524291992,-14.86022663116455,-17.547727584838867,-15.968958854675293,-16.15645980834961,-15.588438034057617,-16.838438034057617,128
train,1,The timid cows outside the table,The timid cow outside the tables,-15.124063491821289,-17.99906349182129,-16.067920684814453,-18.442920684814453,-15.159483909606934,-17.78448486328125,-16.363256454467773,-18.363256454467773,128
train,0,The bright rat behind the pans,The bright rats behind the pan,-2.02339243888855,-7.398392200469971,-3.5737147331237793,-9.448714256286621,-2.2445433139801025,-5.869543075561523,-3.9306373596191406,-7.805637359619141,128
train,1,The bright rats behind the pan,The bright rat behind the pans,-3.5340089797973633,-3.7840089797973633,-1.2352986335754395,-3.2352986335754395,-4.408417701721191,-3.6584177017211914,-1.9339393377304077,-2.8089394569396973,128
train,0,The small cow outside the houses,The small cows outside the house,-2.861586332321167,-8.486586570739746,-3.0844197273254395,-9.584420204162598,-3.3384785652160645,-6.3384785652160645,-3.6791653633117676,-7.554165363311768,128
train,1,The small cows outside the house,The small cow outside the houses,-0.8452733755111694,-5.220273494720459,-1.7948639392852783,-6.919863700866699,-1.0528907775878906,-4.052890777587891,-2.1042404174804688,-5.729240417480469,128
train,0,The slender kitten outside the piles,The slender kittens outside the pile,-20.383235931396484,-21.320735931396484,-19.227375030517578,-20.977375030517578,-21.05440902709961,-21.55440902709961,-19.60466194152832,-20.91716194152832,128
train,1,The slender kittens outside the pile,The slender kitten outside the piles,-21.231416702270508,-22.075166702270508,-20.870502471923828,-22.339252471923828,-21.208730697631836,-21.833730697631836,-20.883182525634766,-22.226932525634766,128
train,0,The fuzzy monitor behind the clocks,The fuzzy monitors behind the clock,-12.16756534576416,-15.29256534576416,-12.628157615661621,-15.815657615661621,-12.314258575439453,-15.064258575439453,-12.714491844177246,-15.651991844177246,128
train,1,The fuzzy monitors behind the clock,The fuzzy monitor behind the clocks,-15.728537559509277,-16.603538513183594,-14.704983711242676,-16.142484664916992,-15.18337345123291,-15.55837345123291,-14.137377738952637,-15.262377738952637,128
train,0,The quiet chick outside the pipes,The quiet chicks outside the pipe,-2.0492119789123535,-7.9242119789123535,-2.800370693206787,-8.675371170043945,-2.159419059753418,-6.659419059753418,-2.9190008640289307,-7.169000625610352,128
train,1,The quiet chicks outside the pipe,The quiet chick outside the pipes,-2.3370158672332764,-4.0870161056518555,-2.0616486072540283,-5.311648368835449,-2.8988451957702637,-3.2738451957702637,-2.4897336959838867,-4.489733695983887,128
train,0,The quiet horse around the thresholds,The quiet horses around the threshold,-5.400747776031494,-10.775747299194336,-5.285762310028076,-11.035762786865234,-5.496496200561523,-9.621496200561523,-5.5290446281433105,-9.654044151306152,128
train,1,The quiet horses around the threshold,The quiet horse around the thresholds,-4.188807964324951,-7.188807964324951,-6.278841018676758,-9.278841018676758,-4.446204662322998,-6.196204662322998,-6.406604290008545,-8.281603813171387,128
train,0,The nervous turtle around the thresholds,The nervous turtles around the threshold,-15.67369270324707,-17.42369270324707,-16.424007415771484,-18.424007415771484,-15.829493522644043,-17.14199447631836,-16.6008358001709,-18.1633358001709,128
train,1,The nervous turtles around the threshold,The nervous turtle around the thresholds,-15.738309860229492,-17.113309860229492,-17.576522827148438,-18.576522827148438,-15.585914611816406,-16.585914611816406,-17.578384399414062,-18.390884399414062,128
train,0,The quiet turtle beneath the chairs,The quiet turtles beneath the chair,-16.30303192138672,-19.11553192138672,-16.916669845581055,-19.104169845581055,-16.675983428955078,-18.550983428955078,-17.25271224975586,-18.69021224975586,128
train,1,The quiet turtles beneath the chair,The quiet turtle beneath the chairs,-16.49258804321289,-19.36758804321289,-16.902721405029297,-19.777721405029297,-16.309823989868164,-18.934823989868164,-16.715673446655273,-19.465673446655273,128
train,0,The calm kitten beneath the boxes,The calm kittens beneath the box,-4.207864761352539,-12.082864761352539,-4.524496555328369,-12.524496078491211,-4.233249664306641,-10.48324966430664,-4.716579914093018,-10.966580390930176,128
train,1,The calm kittens beneath the box,The calm kitten beneath the boxes,-6.820444107055664,-10.445444107055664,-6.929685592651367,-11.679685592651367,-7.062478065490723,-9.437478065490723,-7.171516418457031,-10.546516418457031,128
train,0,The timid monitor outside the tables,The timid monitors outside the table,-10.964287757873535,-14.214287757873535,-11.438356399536133,-14.875856399536133,-12.043450355529785,-13.293450355529785,-11.916704177856445,-13.541704177856445,128
train,1,The timid monitors outside the table,The timid monitor outside the tables,-11.159876823425293,-13.909876823425293,-11.769076347351074,-14.581576347351074,-11.27941608428955,-13.77941608428955,-11.892473220825195,-14.454973220825195,128
train,0,The slender shark past the logs,The slender sharks past the log,-11.165447235107422,-13.727947235107422,-11.114895820617676,-14.489895820617676,-11.202277183532715,-12.827277183532715,-11.119511604309082,-13.557011604309082,128
train,1,The slender sharks past the log,The slender shark past the logs,-10.088918685913086,-14.026418685913086,-11.198246955871582,-16.010746002197266,-10.509957313537598,-13.572457313537598,-11.4419527053833,-15.6294527053833,128
train,0,The calm horse around the belts,The calm horses around the belt,-14.243691444396973,-15.868691444396973,-13.434870719909668,-16.80986976623535,-14.373860359191895,-15.373860359191895,-13.62199878692627,-16.121999740600586,128
train,1,The calm horses around the belt,The calm horse around the belts,-14.2817964553833,-15.9692964553833,-13.414015769958496,-15.289015769958496,-14.714468955993652,-15.651968955993652,-13.773497581481934,-14.960997581481934,128
train,0,The quiet kitten behind the signs,The quiet kittens behind the sign,-12.789534568786621,-15.664534568786621,-13.25072956085205,-16.313228607177734,-12.834325790405273,-15.084325790405273,-13.233762741088867,-15.671262741088867,128
train,1,The quiet kittens behind the sign,The quiet kitten behind the signs,-13.407378196716309,-15.719878196716309,-13.52157211303711,-16.64657211303711,-13.670225143432617,-15.170225143432617,-13.63833236694336,-16.07583236694336,128
train,0,The sleepy chick past the cables,The sleepy chicks past the cable,-15.875088691711426,-16.87508773803711,-15.45822525024414,-17.20822525024414,-16.151336669921875,-16.463836669921875,-15.567544937133789,-16.75504493713379,128
train,1,The sleepy chicks past the cable,The sleepy chick past the cables,-15.56238079071045,-17.562379837036133,-15.35588550567627,-16.543384552001953,-15.748616218566895,-17.748615264892578,-15.725584983825684,-16.7255859375,128
train,0,The calm dolphin beneath the boxes,The calm dolphins beneath the box,-14.353240013122559,-14.978240013122559,-14.736042022705078,-15.673542022705078,-14.73128890991211,-14.66878890991211,-14.851777076721191,-15.101777076721191,128
train,1,The calm dolphins beneath the box,The calm dolphin beneath the boxes,-11.876607894897461,-14.564107894897461,-12.788902282714844,-16.976402282714844,-12.114505767822266,-14.427005767822266,-13.329339027404785,-17.01683807373047,128
train,0,The calm chick behind the pans,The calm chicks behind the pan,-2.1700711250305176,-6.420071125030518,-2.9161462783813477,-9.041146278381348,-2.274885654449463,-5.649885654449463,-3.02187442779541,-7.39687442779541,128
train,1,The calm chicks behind the pan,The calm chick behind the pans,-0.854988157749176,-2.4799880981445312,-0.8042118549346924,-3.6792118549346924,-1.3513908386230469,-2.101390838623047,-1.2019879817962646,-3.0769879817962646,128
train,0,The small cock beneath the boilers,The small cocks beneath the boiler,-15.069768905639648,-15.819768905639648,-15.294464111328125,-16.481964111328125,-15.739727020263672,-15.489727020263672,-15.528620719909668,-16.15361976623535,128
train,1,The small cocks beneath the boiler,The small cock beneath the boilers,-15.279996871948242,-15.404996871948242,-14.232150077819824,-15.732150077819824,-15.223469734191895,-15.223469734191895,-14.28836727142334,-15.53836727142334,128
train,0,The small lion outside the piles,The small lions outside the pile,-5.585989475250244,-10.085989952087402,-3.32321834564209,-9.44821834564209,-5.733386993408203,-8.983386993408203,-3.611097812652588,-7.986097812652588,128
train,1,The small lions outside the pile,The small lion outside the piles,-4.648705959320068,-6.773705959320068,-3.4520626068115234,-6.702062606811523,-5.2693376541137695,-5.8943376541137695,-3.890496253967285,-5.640496253967285,128
train,0,The slender whale around the towers,The slender whales around the tower,-3.830636739730835,-9.580636978149414,-2.8160176277160645,-9.441018104553223,-4.0347161293029785,-8.40971565246582,-3.263094186782837,-8.013093948364258,128
train,1,The slender whales around the tower,The slender whale around the towers,-1.9868948459625244,-4.9868950843811035,-2.8094403743743896,-6.6844401359558105,-2.4201436042785645,-4.1701436042785645,-3.3750498294830322,-5.750049591064453,128
train,0,The slender rabbit around the carts,The slender rabbits around the cart,-4.308468341827393,-7.683468341827393,-4.042779445648193,-8.792778968811035,-5.280564785003662,-6.780564785003662,-4.532172203063965,-7.157172203063965,128
train,1,The slender rabbits around the cart,The slender rabbit around the carts,-1.4056633710861206,-6.53066349029541,-3.9303348064422607,-9.05533504486084,-1.6627089977264404,-5.4127092361450195,-4.053930759429932,-8.05393123626709,128
train,0,The bright cow around the tanks,The bright cows around the tank,-3.939514636993408,-8.43951416015625,-4.528312683105469,-9.278312683105469,-4.428680419921875,-6.928680419921875,-4.900315761566162,-7.525315761566162,128
train,1,The bright cows around the tank,The bright cow around the tanks,-2.8617048263549805,-6.8617048263549805,-4.286110877990723,-8.161110877990723,-3.2158570289611816,-5.965857028961182,-4.531771659851074,-7.281771659851074,128
train,0,The timid pup around the benches,The timid pups around the bench,-3.4827511310577393,-9.35775089263916,-3.446361780166626,-9.446361541748047,-3.7976598739624023,-7.797659873962402,-3.6571011543273926,-8.032100677490234,128
train,1,The timid pups around the bench,The timid pup around the benches,-2.872361898422241,-9.62236213684082,-5.028570652008057,-10.153571128845215,-3.4025349617004395,-8.652535438537598,-5.276322364807129,-9.151322364807129,128
train,0,The nervous rabbit beneath the chains,The nervous rabbits beneath the chain,-15.267830848693848,-17.330331802368164,-15.757964134216309,-17.695463180541992,-16.09911346435547,-16.97411346435547,-15.885616302490234,-17.135616302490234,128
train,1,The nervous rabbits beneath the chain,The nervous rabbit beneath the chains,-17.197710037231445,-19.666460037231445,-17.15361976623535,-19.52861976623535,-17.546194076538086,-19.983694076538086,-17.204736709594727,-19.204736709594727,128
train,0,The slender panda outside the drums,The slender pandas outside the drum,-2.63558292388916,-7.63558292388916,-3.3299567699432373,-9.329957008361816,-2.8810458183288574,-6.006045818328857,-3.4504806995391846,-7.5754804611206055,128
train,1,The slender pandas outside the drum,The slender panda outside the drums,-2.7257347106933594,-3.6007347106933594,-1.3547251224517822,-5.729724884033203,-3.2247304916381836,-2.8497304916381836,-1.4404687881469727,-4.565468788146973,128
train,0,The nervous whale around the thresholds,The nervous whales around the threshold,-18.828248977661133,-19.140748977661133,-18.54075050354004,-18.97825050354004,-18.91236686706543,-19.03736686706543,-18.510377883911133,-18.822877883911133,128
train,1,The nervous whales around the threshold,The nervous whale around the thresholds,-18.584108352661133,-19.521608352661133,-19.644588470458984,-20.082088470458984,-18.69329261779785,-19.38079261779785,-19.649112701416016,-20.024112701416016,128
train,0,The sleepy frog behind the valves,The sleepy frogs behind the valve,-1.798598051071167,-8.673598289489746,-2.716463088989258,-9.091463088989258,-1.927378535270691,-7.1773786544799805,-2.939072608947754,-7.564072608947754,128
train,1,The sleepy frogs behind the valve,The sleepy frog behind the valves,-3.6232070922851562,-7.998207092285156,-3.7224059104919434,-8.722406387329102,-3.880948066711426,-6.130948066711426,-3.964284896850586,-7.464284896850586,128
train,0,The slender lion around the walls,The slender lions around the wall,-14.853670120239258,-17.353670120239258,-15.469812393188477,-18.282312393188477,-15.321986198425293,-17.009485244750977,-15.588277816772461,-17.33827781677246,128
train,1,The slender lions around the wall,The slender lion around the walls,-15.896961212158203,-17.021961212158203,-16.072160720825195,-17.509660720825195,-16.02263832092285,-16.64763832092285,-16.321794509887695,-17.321794509887695,128
train,0,The bright bat around the columns,The bright bats around the column,-3.3978612422943115,-8.02286148071289,-4.184383869171143,-9.934383392333984,-3.7376413345336914,-6.737641334533691,-4.5458550453186035,-8.670855522155762,128
train,1,The bright bats around the column,The bright bat around the columns,-3.5278475284576416,-6.5278472900390625,-5.1628594398498535,-7.4128594398498535,-3.894005537033081,-5.51900577545166,-5.4137396812438965,-6.6637396812438965,128
train,0,The bright turtle beneath the barrels,The bright turtles beneath the barrel,-1.9760832786560059,-8.726082801818848,-2.289828062057495,-9.664828300476074,-2.3678324222564697,-7.117832183837891,-2.418111562728882,-7.793111801147461,128
train,1,The bright turtles beneath the barrel,The bright turtle beneath the barrels,-4.677845478057861,-8.177845001220703,-4.4290266036987305,-8.80402660369873,-4.805970191955566,-7.055970191955566,-4.551955699920654,-8.176956176757812,128
train,0,The fuzzy dog around the tanks,The fuzzy dogs around the tank,-16.163312911987305,-18.163312911987305,-17.615585327148438,-19.990585327148438,-16.844663619995117,-17.657163619995117,-17.9769287109375,-19.4144287109375,128
train,1,The fuzzy dogs around the tank,The fuzzy dog around the tanks,-15.8823823928833,-18.632381439208984,-17.28404998779297,-19.90904998779297,-16.069416046142578,-18.444416046142578,-17.531660079956055,-19.844160079956055,128
train,0,The timid kit beneath the columns,The timid kits beneath the column,-15.200784683227539,-16.57578468322754,-15.790426254272461,-16.85292625427246,-15.240220069885254,-15.990220069885254,-15.863153457641602,-16.1756534576416,128
train,1,The timid kits beneath the column,The timid kit beneath the columns,-11.131086349487305,-14.631086349487305,-11.933257102966309,-16.058256149291992,-11.406003952026367,-14.468503952026367,-12.23000431060791,-15.79250431060791,128
train,0,The slender chick outside the windows,The slender chicks outside the window,-3.214675188064575,-6.964674949645996,-2.1777729988098145,-5.1777729988098145,-3.5464656352996826,-6.171465873718262,-2.490415334701538,-4.365415573120117,128
train,1,The slender chicks outside the window,The slender chick outside the windows,-1.3959288597106934,-7.270928859710693,-1.843794822692871,-7.968794822692871,-1.4050787687301636,-6.155078887939453,-1.7542816400527954,-6.754281520843506,128
train,0,The sleepy bat outside the benches,The sleepy bats outside the bench,-14.578581809997559,-18.766080856323242,-16.077627182006836,-19.015127182006836,-15.027108192443848,-17.964609146118164,-16.4737491607666,-18.4737491607666,128
train,1,The sleepy bats outside the bench,The sleepy bat outside the benches,-16.152719497680664,-17.590219497680664,-17.465404510498047,-19.715404510498047,-16.22026252746582,-17.34526252746582,-17.63530921936035,-19.69780921936035,128
train,0,The slender frog around the towers,The slender frogs around the tower,-4.232716083526611,-9.107715606689453,-3.7033963203430176,-9.578396797180176,-4.344856262207031,-7.594856262207031,-3.941718816757202,-7.816718578338623,128
train,1,The slender frogs around the tower,The slender frog around the towers,-3.9899182319641113,-9.114917755126953,-4.90013313293457,-10.27513313293457,-4.5726165771484375,-8.447616577148438,-5.271693706512451,-9.39669418334961,128
train,0,The nervous pup around the dams,The nervous pups around the dam,-6.419609069824219,-6.669609069824219,-7.007237911224365,-10.882238388061523,-6.784338474273682,-6.409338474273682,-7.381826400756836,-9.506826400756836,128
train,1,The nervous pups around the dam,The nervous pup around the dams,-2.713610887527466,-5.963611125946045,-7.273992538452148,-9.023992538452148,-3.047027826309204,-5.672028064727783,-8.025409698486328,-8.775409698486328,128
train,0,The quiet monitor beneath the chains,The quiet monitors beneath the chain,-3.558640718460083,-7.933640480041504,-2.23980975151062,-6.739809989929199,-3.994965076446533,-7.119965076446533,-2.325718402862549,-5.825718402862549,128
train,1,The quiet monitors beneath the chain,The quiet monitor beneath the chains,-4.953632831573486,-5.828632831573486,-2.865086317062378,-5.365086555480957,-5.4547624588012695,-5.2047624588012695,-3.2190794944763184,-4.844079494476318,128
train,0,The quiet chick behind the signs,The quiet chicks behind the sign,-1.843632698059082,-7.843632698059082,-2.8650972843170166,-8.865097045898438,-2.025911808013916,-7.150911808013916,-3.078061103820801,-7.703061103820801,128
train,1,The quiet chicks behind the sign,The quiet chick behind the signs,-2.599226474761963,-4.724226474761963,-2.7108988761901855,-6.2108988761901855,-3.0103049278259277,-4.135304927825928,-2.9347076416015625,-5.3097076416015625,128
train,0,The sleepy dolphin beneath the boilers,The sleepy dolphins beneath the boiler,-1.729077696800232,-8.354077339172363,-1.8979251384735107,-8.39792537689209,-1.9930651187896729,-6.993065357208252,-2.2311480045318604,-7.106147766113281,128
train,1,The sleepy dolphins beneath the boiler,The sleepy dolphin beneath the boilers,-3.1726057529449463,-4.547605514526367,-3.342372417449951,-5.342372417449951,-3.7662758827209473,-4.016275882720947,-3.57500958442688,-4.825009346008301,128
train,0,The calm kitten behind the cabins,The calm kittens behind the cabin,-15.923961639404297,-17.111461639404297,-15.232385635375977,-17.044885635375977,-16.16611099243164,-16.66611099243164,-15.232820510864258,-16.420320510864258,128
train,1,The calm kittens behind the cabin,The calm kitten behind the cabins,-15.029623031616211,-18.71712303161621,-14.70637035369873,-17.956371307373047,-15.401787757873535,-18.65178871154785,-14.894518852233887,-17.76951789855957,128
train,0,The calm shark around the walls,The calm sharks around the wall,-6.0874714851379395,-8.712471008300781,-5.080705165863037,-9.830705642700195,-6.443132400512695,-8.068132400512695,-5.320864200592041,-8.5708646774292,128
train,1,The calm sharks around the wall,The calm shark around the walls,-4.22183895111084,-5.84683895111084,-3.494649887084961,-6.494649887084961,-5.005821704864502,-5.755821704864502,-4.1670942306518555,-6.1670942306518555,128
train,0,The bright kitten behind the bolts,The bright kittens behind the bolt,-3.1053669452667236,-8.480366706848145,-3.010915994644165,-8.885915756225586,-3.126397132873535,-7.001397132873535,-3.1421902179718018,-7.517189979553223,128
train,1,The bright kittens behind the bolt,The bright kitten behind the bolts,-4.417901039123535,-8.542901039123535,-4.317501544952393,-8.44250202178955,-4.906188488006592,-7.781188488006592,-4.8043131828308105,-7.6793131828308105,128
train,0,The slender rabbit behind the valves,The slender rabbits behind the valve,-2.628488302230835,-9.378488540649414,-2.5467724800109863,-10.046772956848145,-2.7352805137634277,-7.860280513763428,-2.66823148727417,-8.543231010437012,128
train,1,The slender rabbits behind the valve,The slender rabbit behind the valves,-3.7160303592681885,-8.09103012084961,-3.811190366744995,-8.686190605163574,-3.725961208343506,-6.350961208343506,-3.9391846656799316,-7.064184665679932,128
train,0,The quiet chick past the barrels,The quiet chicks past the barrel,-3.1891939640045166,-10.439193725585938,-3.416534900665283,-10.291534423828125,-3.1542272567749023,-9.029227256774902,-3.518294334411621,-9.268294334411621,128
train,1,The quiet chicks past the barrel,The quiet chick past the barrels,-4.731472969055176,-7.356472969055176,-4.4098219871521,-8.409821510314941,-5.333417892456055,-6.708417892456055,-4.653007507324219,-7.778007507324219,128
train,0,The quiet dog beneath the walls,The quiet dogs beneath the wall,-3.7863590717315674,-9.036358833312988,-4.427940368652344,-10.802940368652344,-4.110775947570801,-8.1107759475708,-4.4295973777771,-9.554597854614258,128
train,1,The quiet dogs beneath the wall,The quiet dog beneath the walls,-5.533036708831787,-8.408037185668945,-5.769550800323486,-9.019551277160645,-5.9065961837768555,-7.4065961837768555,-5.773793697357178,-7.773793697357178,128
train,0,The timid kitten outside the tables,The timid kittens outside the table,-13.479644775390625,-14.604644775390625,-13.949304580688477,-15.636804580688477,-14.542755126953125,-14.417755126953125,-14.850969314575195,-15.288469314575195,128
train,1,The timid kittens outside the table,The timid kitten outside the tables,-12.676319122314453,-18.988819122314453,-14.098212242126465,-19.72321128845215,-12.788664817810059,-18.351163864135742,-14.338427543640137,-19.15092658996582,128
train,0,The calm lion outside the cabins,The calm lions outside the cabin,-3.2471837997436523,-9.497183799743652,-3.6909661293029785,-10.31596565246582,-3.5971474647521973,-7.972147464752197,-4.171735763549805,-8.546735763549805,128
train,1,The calm lions outside the cabin,The calm lion outside the cabins,-3.4237053394317627,-6.798705577850342,-4.171015739440918,-8.796015739440918,-3.8999223709106445,-5.3999223709106445,-4.659677982330322,-7.784677982330322,128
train,0,The sleepy kitten beneath the milestones,The sleepy kittens beneath the milestone,-11.873845100402832,-12.561345100402832,-14.066179275512695,-13.816179275512695,-11.842681884765625,-12.280181884765625,-14.066645622253418,-13.629145622253418,128
train,1,The sleepy kittens beneath the milestone,The sleepy kitten beneath the milestones,-9.60269546508789,-13.47769546508789,-10.637494087219238,-15.512494087219238,-9.950901985168457,-13.263401985168457,-10.959121704101562,-15.209121704101562,128
train,0,The bright monitor behind the clocks,The bright monitors behind the clock,-1.9106528759002686,-7.660653114318848,-1.9404290914535522,-8.315428733825684,-2.3357925415039062,-7.210792541503906,-2.025568962097168,-7.025568962097168,128
train,1,The bright monitors behind the clock,The bright monitor behind the clocks,-4.638849258422852,-6.138849258422852,-3.3610458374023438,-7.236045837402344,-4.6903181076049805,-4.9403181076049805,-3.248974323272705,-5.748974323272705,128
train,0,The timid dolphin beneath the chairs,The timid dolphins beneath the chair,-2.929940938949585,-9.679941177368164,-3.25938081741333,-10.259380340576172,-3.2607808113098145,-8.260780334472656,-3.718635320663452,-8.718635559082031,128
train,1,The timid dolphins beneath the chair,The timid dolphin beneath the chairs,-4.89947509765625,-8.89947509765625,-5.517007827758789,-9.517007827758789,-4.77850341796875,-8.02850341796875,-5.765588283538818,-8.890588760375977,128
train,0,The timid doe outside the tables,The timid does outside the table,-17.469593048095703,-18.219593048095703,-18.431974411010742,-19.369474411010742,-18.348464965820312,-18.535964965820312,-18.91094970703125,-19.22344970703125,128
train,1,The timid does outside the table,The timid doe outside the tables,-17.617998123168945,-19.117998123168945,-19.799623489379883,-20.737123489379883,-17.92347526550293,-19.61097526550293,-19.68494987487793,-21.30994987487793,128
train,0,The small frog beneath the trenches,The small frogs beneath the trench,-3.0006439685821533,-8.750643730163574,-2.235637664794922,-8.860637664794922,-3.3497581481933594,-7.349758148193359,-2.551938056945801,-7.676938056945801,128
train,1,The small frogs beneath the trench,The small frog beneath the trenches,-3.2371060848236084,-7.6121063232421875,-2.649519920349121,-8.399519920349121,-3.6038010120391846,-6.2288007736206055,-2.998837471008301,-6.998837471008301,128
train,0,The small turtle around the tanks,The small turtles around the tank,-3.697227954864502,-6.572227954864502,-2.619577646255493,-7.244577407836914,-4.538032531738281,-6.038032531738281,-3.554068088531494,-6.054068088531494,128
train,1,The small turtles around the tank,The small turtle around the tanks,-0.684384822845459,-6.059384822845459,-1.066157341003418,-7.066157341003418,-0.7742001414299011,-5.024199962615967,-1.1384501457214355,-6.0134501457214355,128
train,0,The quiet pup around the thresholds,The quiet pups around the threshold,-4.15355920791626,-11.153558731079102,-5.176445960998535,-11.301445960998535,-4.226077556610107,-9.351078033447266,-5.533577919006348,-9.908577919006348,128
train,1,The quiet pups around the threshold,The quiet pup around the thresholds,-4.060536861419678,-8.06053638458252,-6.8884053230285645,-11.013405799865723,-4.516138553619385,-7.016138553619385,-6.889978408813477,-9.889978408813477,128
train,0,The fuzzy kit outside the cabins,The fuzzy kits outside the cabin,-16.884552001953125,-18.197052001953125,-17.266807556152344,-19.079307556152344,-17.11131477355957,-17.42381477355957,-17.499488830566406,-18.311988830566406,128
train,1,The fuzzy kits outside the cabin,The fuzzy kit outside the cabins,-15.32374382019043,-18.82374382019043,-15.701663970947266,-19.451663970947266,-15.240442276000977,-18.240442276000977,-15.523398399353027,-19.14839744567871,128
train,0,The timid kit outside the tables,The timid kits outside the table,-15.43465518951416,-18.184656143188477,-15.938772201538086,-18.313772201538086,-16.099136352539062,-17.411636352539062,-16.359804153442383,-17.484804153442383,128
train,1,The timid kits outside the table,The timid kit outside the tables,-15.537993431091309,-17.850492477416992,-16.406091690063477,-18.468591690063477,-15.841294288635254,-17.59129524230957,-16.894535064697266,-18.457035064697266,128
train,0,The fuzzy monitor beneath the boilers,The fuzzy monitors beneath the boiler,-0.9216735363006592,-7.046673774719238,-1.3513741493225098,-7.72637414932251,-1.223618745803833,-5.598618507385254,-1.4860749244689941,-6.611074924468994,128
train,1,The fuzzy monitors beneath the boiler,The fuzzy monitor beneath the boilers,-1.4646283388137817,-5.089628219604492,-1.767499566078186,-5.7674994468688965,-1.5584503412246704,-4.433450222015381,-1.876676082611084,-5.001676082611084,128
train,0,The bright bat past the nests,The bright bats past the nest,-22.136133193969727,-22.448633193969727,-18.183507919311523,-20.496007919311523,-22.503103256225586,-22.128103256225586,-18.551616668701172,-20.051616668701172,128
train,1,The bright bats past the nest,The bright bat past the nests,-20.090267181396484,-20.715267181396484,-18.698820114135742,-20.698820114135742,-20.614147186279297,-20.864147186279297,-18.814855575561523,-20.564855575561523,128
train,0,The slender rat behind the plants,The slender rats behind the plant,-2.444390058517456,-8.694390296936035,-2.972292423248291,-9.597291946411133,-2.559755563735962,-7.059755325317383,-2.978299379348755,-8.103299140930176,128
train,1,The slender rats behind the plant,The slender rat behind the plants,-4.201550483703613,-7.076550483703613,-3.380312204360962,-6.755312442779541,-4.6948466300964355,-6.4448466300964355,-3.736600160598755,-6.111599922180176,128
train,0,The slender rat past the chairs,The slender rats past the chair,-5.029425621032715,-10.904425621032715,-4.419717788696289,-10.544717788696289,-5.397471904754639,-9.64747142791748,-4.544135093688965,-9.169135093688965,128
train,1,The slender rats past the chair,The slender rat past the chairs,-5.2780585289001465,-10.028058052062988,-5.888548374176025,-10.263548851013184,-5.5250630378723145,-9.400062561035156,-5.889664173126221,-9.389663696289062,128
train,0,The small whale beneath the boilers,The small whales beneath the boiler,-13.721200942993164,-17.096200942993164,-15.25517463684082,-18.81767463684082,-13.858518600463867,-16.546018600463867,-15.296513557434082,-18.1715145111084,128
train,1,The small whales beneath the boiler,The small whale beneath the boilers,-14.31545352935791,-15.25295352935791,-15.510403633117676,-16.97915267944336,-14.552531242370605,-15.052531242370605,-15.795337677001953,-16.795337677001953,128
train,0,The timid frog behind the rocks,The timid frogs behind the rock,-1.6108248233795166,-9.360824584960938,-1.6306072473526,-10.005607604980469,-1.598158836364746,-7.973158836364746,-1.8216826915740967,-8.321682929992676,128
train,1,The timid frogs behind the rock,The timid frog behind the rocks,-2.121018409729004,-8.746018409729004,-3.0146124362945557,-9.264612197875977,-2.302194595336914,-7.552194595336914,-3.1492602825164795,-8.149260520935059,128
train,0,The slender bat outside the drums,The slender bats outside the drum,-2.4429209232330322,-8.692920684814453,-2.9740214347839355,-9.599021911621094,-2.5575878620147705,-7.30758810043335,-3.328932762145996,-8.078932762145996,128
train,1,The slender bats outside the drum,The slender bat outside the drums,-3.025775194168091,-4.150774955749512,-1.489872932434082,-5.239872932434082,-3.6973347663879395,-3.4473347663879395,-1.722198724746704,-4.097198486328125,128
train,0,The timid kitten past the cars,The timid kittens past the car,-4.92990779876709,-9.67990779876709,-3.70513653755188,-10.3301362991333,-5.203786373138428,-8.32878589630127,-4.050213813781738,-8.800213813781738,128
train,1,The timid kittens past the car,The timid kitten past the cars,-4.094742774963379,-6.844742774963379,-4.5230865478515625,-9.523086547851562,-4.320032596588135,-6.320032596588135,-4.758882999420166,-8.883882522583008,128
train,0,The slender frog outside the piles,The slender frogs outside the pile,-18.619152069091797,-19.244152069091797,-17.45351791381836,-18.95351791381836,-18.98987579345703,-19.23987579345703,-17.755157470703125,-18.817657470703125,128
train,1,The slender frogs outside the pile,The slender frog outside the piles,-19.18133544921875,-20.05633544921875,-19.203781127929688,-20.203781127929688,-19.29536247253418,-19.98286247253418,-19.23792266845703,-20.17542266845703,128
train,0,The calm whale outside the benches,The calm whales outside the bench,-2.7271411418914795,-7.9771409034729,-2.9493844509124756,-8.949384689331055,-3.0774521827697754,-6.452452182769775,-3.2913658618927,-7.416365623474121,128
train,1,The calm whales outside the bench,The calm whale outside the benches,-3.167262077331543,-4.542262077331543,-3.6037189960479736,-7.353719234466553,-4.071962833404541,-4.196962833404541,-4.087465286254883,-6.462465286254883,128
test,0,The clever [wug] above the slopes,The clever [wugs] above the slope,-14.504131317138672,-17.566631317138672,-15.582782745361328,-18.645282745361328,-14.597672462463379,-16.910171508789062,-15.75903034210205,-18.321531295776367,128
test,1,The clever [wugs] above the slope,The clever [wug] above the slopes,-16.115495681762695,-16.615495681762695,-16.985614776611328,-17.985614776611328,-16.080074310302734,-15.955073356628418,-17.17290496826172,-17.61040496826172,128
test,0,The shy [wug] beside the fences,The shy [wugs] beside the fence,-10.732389450073242,-13.732389450073242,-10.064353942871094,-14.189353942871094,-11.20745849609375,-12.95745849609375,-10.55213451385498,-13.17713451385498,128
test,1,The shy [wugs] beside the fence,The shy [wug] beside the fences,-11.041924476623535,-12.291924476623535,-11.134997367858887,-15.072497367858887,-11.666817665100098,-11.666817665100098,-11.137228965759277,-14.012228965759277,128
test,0,The strange [wug] atop the sheds,The strange [wugs] atop the shed,-2.5348939895629883,-4.284893989562988,-3.00862455368042,-7.63362455368042,-3.14322566986084,-3.51822566986084,-3.566366672515869,-6.316366672515869,128
test,1,The strange [wugs] atop the shed,The strange [wug] atop the sheds,-2.3684487342834473,-5.618448734283447,-3.851526975631714,-7.101526737213135,-2.8476409912109375,-4.9726409912109375,-4.340778827667236,-6.590778827667236,128
test,0,The tiny [wug] near the desks,The tiny [wugs] near the desk,-1.670894742012024,-5.795894622802734,-2.1766843795776367,-7.801684379577637,-2.318924903869629,-3.193924903869629,-2.5788962841033936,-5.828896522521973,128
test,1,The tiny [wugs] near the desk,The tiny [wug] near the desks,-2.118354558944702,-6.243354797363281,-3.4506373405456543,-9.700636863708496,-2.296996831893921,-5.546996593475342,-3.68559193611145,-9.310591697692871,128
test,0,The lively [wug] near the desks,The lively [wugs] near the desk,-14.937626838684082,-16.8126277923584,-15.927061080932617,-18.052061080932617,-16.093713760375977,-15.906214714050293,-16.337589263916016,-17.400089263916016,128
test,1,The lively [wugs] near the desk,The lively [wug] near the desks,-14.799515724182129,-16.924514770507812,-14.90474796295166,-17.154747009277344,-15.193889617919922,-16.756389617919922,-14.968772888183594,-17.031272888183594,128
test,0,The sturdy [wug] below the bins,The sturdy [wugs] below the bin,-0.9917353987693787,-5.116735458374023,-2.3287622928619385,-8.07876205444336,-1.3299219608306885,-3.5799219608306885,-2.6513264179229736,-6.9013261795043945,128
test,1,The sturdy [wugs] below the bin,The sturdy [wug] below the bins,-1.1708531379699707,-3.6708531379699707,-3.0206997394561768,-6.145699501037598,-1.4959022998809814,-2.7459022998809814,-3.2662107944488525,-5.391211032867432,128
test,0,The wary [wug] near the knobs,The wary [wugs] near the knob,-17.0833683013916,-17.3333683013916,-17.548816680908203,-18.923816680908203,-17.342544555664062,-16.842544555664062,-17.618078231811523,-18.555578231811523,128
test,1,The wary [wugs] near the knob,The wary [wug] near the knobs,-17.051372528076172,-18.113872528076172,-17.342315673828125,-18.217315673828125,-17.179794311523438,-17.617294311523438,-17.530292510986328,-17.905292510986328,128
test,0,The sturdy [wug] above the sheds,The sturdy [wugs] above the shed,-15.92154312133789,-16.92154312133789,-15.975743293762207,-18.03824234008789,-16.738399505615234,-16.175899505615234,-16.42368507385254,-17.54868507385254,128
test,1,The sturdy [wugs] above the shed,The sturdy [wug] above the sheds,-14.808395385742188,-18.433395385742188,-17.051082611083984,-20.301082611083984,-14.904199600219727,-17.904199600219727,-17.29145622253418,-20.16645622253418,128
test,0,The curious [wug] under the boards,The curious [wugs] under the board,-17.609891891479492,-20.172391891479492,-17.644052505493164,-19.706552505493164,-18.1275634765625,-20.0650634765625,-18.12995147705078,-19.62995147705078,128
test,1,The curious [wugs] under the board,The curious [wug] under the boards,-17.918935775756836,-18.731435775756836,-17.92064666748047,-20.01439666748047,-18.283123016357422,-18.845623016357422,-18.030864715576172,-19.749614715576172,128
test,0,The spotted [wug] opposite the fences,The spotted [wugs] opposite the fence,-17.952896118164062,-18.952896118164062,-17.562559127807617,-18.625059127807617,-18.054407119750977,-17.741907119750977,-17.667495727539062,-17.667495727539062,128
test,1,The spotted [wugs] opposite the fence,The spotted [wug] opposite the fences,-16.186229705810547,-18.873729705810547,-16.785106658935547,-20.847606658935547,-16.55279541015625,-18.24029541015625,-16.66307258605957,-20.28807258605957,128
test,0,The wary [wug] below the panels,The wary [wugs] below the panel,-2.846383571624756,-6.596383571624756,-3.718006134033203,-8.593006134033203,-3.306884288787842,-5.306884288787842,-3.9509150981903076,-7.325915336608887,128
test,1,The wary [wugs] below the panel,The wary [wug] below the panels,-3.7232041358947754,-6.598204135894775,-4.571954250335693,-7.696954250335693,-3.751922369003296,-5.126922130584717,-4.93043327331543,-7.05543327331543,128
test,0,The bold [wug] alongside the heaps,The bold [wugs] alongside the heap,-7.230476379394531,-8.605476379394531,-6.669491767883301,-9.1694917678833,-7.606924533843994,-7.981924533843994,-6.920604228973389,-8.29560375213623,128
test,1,The bold [wugs] alongside the heap,The bold [wug] alongside the heaps,-6.544755458831787,-6.919755458831787,-5.8958234786987305,-8.02082347869873,-6.9526238441467285,-6.5776238441467285,-6.148207664489746,-7.398207664489746,128
test,0,The gentle [wug] atop the hinges,The gentle [wugs] atop the hinge,-15.641715049743652,-16.141714096069336,-16.005773544311523,-17.380773544311523,-16.07550811767578,-15.450507164001465,-16.280710220336914,-16.843210220336914,128
test,1,The gentle [wugs] atop the hinge,The gentle [wug] atop the hinges,-14.59266185760498,-15.96766185760498,-16.24506378173828,-17.93256378173828,-14.726164817810059,-16.038665771484375,-16.435197830200195,-17.622697830200195,128
test,0,The fierce [wug] below the racks,The fierce [wugs] below the rack,-13.582076072692871,-14.519576072692871,-14.844280242919922,-16.156780242919922,-14.077154159545898,-14.139654159545898,-15.146339416503906,-15.521339416503906,128
test,1,The fierce [wugs] below the rack,The fierce [wug] below the racks,-14.868375778198242,-16.493375778198242,-15.38725471496582,-17.76225471496582,-14.883435249328613,-15.820935249328613,-15.451375007629395,-17.26387596130371,128
test,0,The sturdy [wug] near the baskets,The sturdy [wugs] near the basket,-3.5930142402648926,-7.468014240264893,-3.9484827518463135,-9.323482513427734,-4.248236179351807,-6.373236179351807,-4.433590888977051,-8.18359088897705,128
test,1,The sturdy [wugs] near the basket,The sturdy [wug] near the baskets,-3.3728885650634766,-6.747888565063477,-5.763404846191406,-9.638404846191406,-3.619000196456909,-5.744000434875488,-6.011894702911377,-8.761895179748535,128
test,0,The sturdy [wug] alongside the locks,The sturdy [wugs] alongside the lock,-4.553969383239746,-6.303969383239746,-4.690663814544678,-7.190663814544678,-4.902142524719238,-5.902142524719238,-5.0522637367248535,-6.5522637367248535,128
test,1,The sturdy [wugs] alongside the lock,The sturdy [wug] alongside the locks,-5.534652233123779,-5.409652233123779,-2.831756114959717,-5.581756114959717,-6.55138635635376,-5.17638635635376,-3.6134815216064453,-4.988481521606445,128
test,0,The shy [wug] under the beams,The shy [wugs] under the beam,-16.167329788208008,-15.417330741882324,-16.53052520751953,-16.09302520751953,-16.322885513305664,-15.135385513305664,-16.718130111694336,-15.718130111694336,128
test,1,The shy [wugs] under the beam,The shy [wug] under the beams,-13.960114479064941,-18.272615432739258,-14.764388084411621,-19.451889038085938,-13.982778549194336,-17.982778549194336,-14.899432182312012,-19.211931228637695,128
test,0,The clever [wug] under the heaps,The clever [wugs] under the heap,-13.763594627380371,-15.951094627380371,-12.092997550964355,-15.592997550964355,-14.26126480102539,-15.76126480102539,-12.226975440979004,-14.976975440979004,128
test,1,The clever [wugs] under the heap,The clever [wug] under the heaps,-14.045979499816895,-14.983479499816895,-12.31407356262207,-15.75157356262207,-14.384690284729004,-14.697190284729004,-12.813568115234375,-15.188568115234375,128
test,0,The round [wug] atop the jars,The round [wugs] atop the jar,-0.7942903637886047,-3.79429030418396,-1.7092212438583374,-6.084221363067627,-1.0416851043701172,-2.791685104370117,-2.09019136428833,-4.84019136428833,128
test,1,The round [wugs] atop the jar,The round [wug] atop the jars,-2.2324891090393066,-4.357489109039307,-2.355578899383545,-5.355578899383545,-2.368655204772949,-3.993655204772949,-2.4813616275787354,-4.606361389160156,128
test,0,The round [wug] near the braces,The round [wugs] near the brace,-15.33445930480957,-16.64695930480957,-14.684313774108887,-17.74681282043457,-15.496267318725586,-16.371267318725586,-14.72208023071289,-17.47208023071289,128
test,1,The round [wugs] near the brace,The round [wug] near the braces,-18.004940032958984,-19.629940032958984,-16.946094512939453,-18.696094512939453,-18.316822052001953,-19.566822052001953,-17.321195602416992,-18.696195602416992,128
test,0,The clumsy [wug] near the baskets,The clumsy [wugs] near the basket,-4.337588787078857,-8.3375883102417,-4.453077793121338,-9.70307731628418,-4.975679397583008,-7.350679397583008,-4.6995015144348145,-8.574501991271973,128
test,1,The clumsy [wugs] near the basket,The clumsy [wug] near the baskets,-4.4873366355896,-5.8623366355896,-5.401312828063965,-9.026312828063965,-5.214775085449219,-5.464775085449219,-5.776230335235596,-7.901230335235596,128
test,0,The clumsy [wug] below the racks,The clumsy [wugs] below the rack,-1.934814691543579,-6.059814929962158,-2.4916090965270996,-7.7416090965271,-2.3281357288360596,-4.828135967254639,-2.8211212158203125,-6.1961212158203125,128
test,1,The clumsy [wugs] below the rack,The clumsy [wug] below the racks,-3.427307367324829,-3.552307367324829,-4.055546760559082,-6.680546760559082,-3.7153735160827637,-3.0903735160827637,-4.310348987579346,-5.560348987579346,128
test,0,The tiny [wug] alongside the poles,The tiny [wugs] alongside the pole,-18.253599166870117,-20.191099166870117,-19.40148162841797,-19.52648162841797,-18.22873878479004,-19.29123878479004,-19.326419830322266,-19.013919830322266,128
test,1,The tiny [wugs] alongside the pole,The tiny [wug] alongside the poles,-17.127775192260742,-18.315275192260742,-18.952003479003906,-20.702003479003906,-17.16551399230957,-18.10301399230957,-19.01433563232422,-20.63933563232422,128
test,0,The shy [wug] near the slopes,The shy [wugs] near the slope,-3.9777183532714844,-9.227718353271484,-5.301156520843506,-10.801156044006348,-4.315402507781982,-8.31540298461914,-5.543266296386719,-9.918266296386719,128
test,1,The shy [wugs] near the slope,The shy [wug] near the slopes,-5.2812180519104,-5.2812180519104,-6.279189586639404,-8.279189109802246,-5.810370922088623,-4.810370922088623,-6.532586097717285,-7.282586097717285,128
test,0,The clumsy [wug] near the baskets,The clumsy [wugs] near the basket,-15.7750883102417,-17.212589263916016,-16.95307731628418,-18.01557731628418,-16.038179397583008,-16.850679397583008,-17.012001037597656,-17.699501037597656,128
test,1,The clumsy [wugs] near the basket,The clumsy [wug] near the baskets,-14.362337112426758,-15.487337112426758,-16.21381187438965,-17.58881187438965,-14.964775085449219,-15.589775085449219,-16.276229858398438,-17.276229858398438,128
test,0,The graceful [wug] above the sockets,The graceful [wugs] above the socket,-16.587932586669922,-17.587932586669922,-16.548965454101562,-17.486465454101562,-16.74859046936035,-17.31109046936035,-16.97600555419922,-17.28850555419922,128
test,1,The graceful [wugs] above the socket,The graceful [wug] above the sockets,-16.957590103149414,-17.457590103149414,-17.320392608642578,-18.820392608642578,-16.895366668701172,-17.145366668701172,-17.00971031188965,-18.38471031188965,128
test,0,The sturdy [wug] under the boards,The sturdy [wugs] under the board,-2.695939540863037,-7.320939540863037,-3.149345874786377,-9.024346351623535,-3.0216798782348633,-6.396679878234863,-3.374788284301758,-7.749788284301758,128
test,1,The sturdy [wugs] under the board,The sturdy [wug] under the boards,-3.3677361011505127,-3.9927361011505127,-4.2061848640441895,-6.3311848640441895,-3.7561707496643066,-3.6311707496643066,-4.5707621574401855,-5.8207621574401855,128
test,0,The sturdy [wug] near the buckets,The sturdy [wugs] near the bucket,-12.526008605957031,-15.276008605957031,-12.340282440185547,-15.465282440185547,-12.95798110961914,-14.77048110961914,-12.575185775756836,-15.137685775756836,128
test,1,The sturdy [wugs] near the bucket,The sturdy [wug] near the buckets,-12.676592826843262,-13.176592826843262,-13.47359848022461,-14.78609848022461,-12.867622375488281,-13.055122375488281,-13.717589378356934,-14.592589378356934,128
test,0,The round [wug] below the poles,The round [wugs] below the pole,-13.455676078796387,-15.268176078796387,-15.610316276550293,-16.985315322875977,-13.740171432495117,-14.490171432495117,-15.96300220489502,-16.775501251220703,128
test,1,The round [wugs] below the pole,The round [wug] below the poles,-12.380956649780273,-17.255956649780273,-14.159756660461426,-17.90975570678711,-12.512465476989746,-16.51246452331543,-14.40414047241211,-17.46664047241211,128
test,0,The lively [wug] above the sheds,The lively [wugs] above the shed,-14.578344345092773,-16.328344345092773,-14.317597389221191,-16.880098342895508,-15.553274154663086,-15.803274154663086,-14.738499641418457,-16.301000595092773,128
test,1,The lively [wugs] above the shed,The lively [wug] above the sheds,-12.272292137145996,-14.897292137145996,-15.078753471374512,-18.141254425048828,-12.630417823791504,-14.442917823791504,-15.389244079589844,-18.014244079589844,128
test,0,The restless [wug] beside the pillars,The restless [wugs] beside the pillar,-15.575788497924805,-17.388288497924805,-15.86703872680664,-17.99203872680664,-16.125619888305664,-16.813119888305664,-16.203182220458984,-17.578182220458984,128
test,1,The restless [wugs] beside the pillar,The restless [wug] beside the pillars,-14.969549179077148,-17.15704917907715,-15.2821044921875,-17.8446044921875,-15.311033248901367,-16.811033248901367,-15.645286560058594,-17.645286560058594,128
test,0,The curious [wug] opposite the tents,The curious [wugs] opposite the tent,-13.114776611328125,-14.677276611328125,-13.054606437683105,-15.617106437683105,-13.471656799316406,-13.721656799316406,-13.261646270751953,-14.824146270751953,128
test,1,The curious [wugs] opposite the tent,The curious [wug] opposite the tents,-12.628362655639648,-15.440862655639648,-13.740333557128906,-16.927833557128906,-12.803446769714355,-15.053446769714355,-13.679222106933594,-16.429222106933594,128
test,0,The round [wug] under the beams,The round [wugs] under the beam,-13.441636085510254,-14.754136085510254,-13.085897445678711,-15.210897445678711,-13.40653133392334,-13.84403133392334,-13.232564926147461,-14.795064926147461,128
test,1,The round [wugs] under the beam,The round [wug] under the beams,-12.752738952636719,-15.752738952636719,-14.03321361541748,-17.033214569091797,-12.937759399414062,-15.375259399414062,-14.041936874389648,-16.47943687438965,128
test,0,The gentle [wug] above the hinges,The gentle [wugs] above the hinge,-15.10680866241455,-16.044307708740234,-15.659375190734863,-17.346874237060547,-15.63398551940918,-15.57148551940918,-15.868612289428711,-16.99361228942871,128
test,1,The gentle [wugs] above the hinge,The gentle [wug] above the hinges,-15.76938533782959,-17.644384384155273,-16.640504837036133,-19.140504837036133,-15.852734565734863,-17.540233612060547,-16.698240280151367,-18.760740280151367,128
test,0,The round [wug] beside the gates,The round [wugs] beside the gate,-16.037578582763672,-18.537578582763672,-16.822336196899414,-18.759836196899414,-16.001249313354492,-17.938749313354492,-16.691322326660156,-18.253822326660156,128
test,1,The round [wugs] beside the gate,The round [wug] beside the gates,-13.811455726623535,-17.31145477294922,-16.0237979888916,-19.5237979888916,-14.052146911621094,-17.052146911621094,-16.0861759185791,-19.0236759185791,128
test,0,The clumsy [wug] under the fences,The clumsy [wugs] under the fence,-14.783164024353027,-15.783164024353027,-15.926599502563477,-17.989099502563477,-14.852842330932617,-14.915342330932617,-16.0515079498291,-17.2390079498291,128
test,1,The clumsy [wugs] under the fence,The clumsy [wug] under the fences,-15.02382755279541,-17.086328506469727,-16.325931549072266,-20.513431549072266,-15.342134475708008,-16.717134475708008,-16.63745880126953,-19.82495880126953,128
test,0,The fierce [wug] atop the slopes,The fierce [wugs] atop the slope,-14.466047286987305,-15.591047286987305,-15.142662048339844,-16.642662048339844,-14.726483345031738,-14.976483345031738,-15.452188491821289,-16.26468849182129,128
test,1,The fierce [wugs] atop the slope,The fierce [wug] atop the slopes,-13.724766731262207,-15.787266731262207,-15.732478141784668,-18.044979095458984,-13.953279495239258,-15.328279495239258,-15.859837532043457,-17.67233657836914,128
test,0,The clumsy [wug] opposite the roots,The clumsy [wugs] opposite the root,-17.61138153076172,-18.04888153076172,-16.508136749267578,-17.133136749267578,-17.903303146362305,-17.653303146362305,-16.827903747558594,-16.765403747558594,128
test,1,The clumsy [wugs] opposite the root,The clumsy [wug] opposite the roots,-15.525688171386719,-16.27568817138672,-15.838705062866211,-19.21370506286621,-15.957277297973633,-16.644777297973633,-16.517446517944336,-18.954946517944336,128
test,0,The lively [wug] near the cabinets,The lively [wugs] near the cabinet,-15.701613426208496,-16.139114379882812,-17.23639488220215,-18.67389488220215,-16.40070343017578,-15.650704383850098,-17.786087036132812,-18.473587036132812,128
test,1,The lively [wugs] near the cabinet,The lively [wug] near the cabinets,-14.399519920349121,-17.524518966674805,-17.448543548583984,-19.886043548583984,-14.996603965759277,-17.309104919433594,-17.635608673095703,-19.448108673095703,128
test,0,The clever [wug] atop the pillars,The clever [wugs] atop the pillar,-14.012272834777832,-15.074772834777832,-15.051421165466309,-17.426422119140625,-14.03566837310791,-14.09816837310791,-15.326623916625977,-16.701623916625977,128
test,1,The clever [wugs] atop the pillar,The clever [wug] atop the pillars,-13.77208137512207,-14.89708137512207,-15.194048881530762,-17.006547927856445,-14.019859313964844,-14.644859313964844,-15.506752967834473,-16.756752014160156,128
test,0,The round [wug] opposite the poles,The round [wugs] opposite the pole,-9.10383129119873,-14.22883129119873,-11.98245620727539,-17.54495620727539,-9.334572792053223,-13.272072792053223,-11.982392311096191,-16.857393264770508,128
test,1,The round [wugs] opposite the pole,The round [wug] opposite the poles,-11.728738784790039,-12.353738784790039,-12.787836074829102,-12.662836074829102,-12.151054382324219,-11.713554382324219,-13.62932300567627,-12.62932300567627,128
test,0,The wary [wug] opposite the doors,The wary [wugs] opposite the door,-3.2670798301696777,-8.017080307006836,-4.002597332000732,-9.12759780883789,-3.8378331661224365,-6.212833404541016,-4.232422828674316,-7.607422828674316,128
test,1,The wary [wugs] opposite the door,The wary [wug] opposite the doors,-2.6314382553100586,-5.256438255310059,-4.201430320739746,-7.826430320739746,-2.8585152626037598,-4.35851526260376,-4.3299784660339355,-7.0799784660339355,128
test,0,The graceful [wug] atop the pillars,The graceful [wugs] atop the pillar,-15.52766227722168,-15.09016227722168,-15.820106506347656,-16.570106506347656,-15.835290908813477,-14.085290908813477,-16.249292373657227,-15.499292373657227,128
test,1,The graceful [wugs] atop the pillar,The graceful [wug] atop the pillars,-14.238709449768066,-16.73870849609375,-15.063837051391602,-18.9388370513916,-14.478082656860352,-16.35308265686035,-15.073513984680176,-18.26101303100586,128
test,0,The clever [wug] under the nails,The clever [wugs] under the nail,-17.2866268157959,-17.4741268157959,-15.964598655700684,-18.277099609375,-17.130577087402344,-17.130577087402344,-16.07697868347168,-18.01447868347168,128
test,1,The clever [wugs] under the nail,The clever [wug] under the nails,-15.428001403808594,-17.178001403808594,-17.140623092651367,-18.203123092651367,-15.840885162353516,-17.090885162353516,-17.46784210205078,-18.03034210205078,128
test,0,The round [wug] near the gates,The round [wugs] near the gate,-2.2408101558685303,-9.11581039428711,-3.7524824142456055,-10.377482414245605,-2.253171443939209,-7.378171443939209,-3.760948896408081,-8.88594913482666,128
test,1,The round [wugs] near the gate,The round [wug] near the gates,-2.107435464859009,-5.982435703277588,-5.278417110443115,-7.903417110443115,-2.5269508361816406,-5.276950836181641,-5.529238700866699,-7.154238700866699,128
test,0,The bold [wug] below the hooks,The bold [wugs] below the hook,-17.55537223815918,-17.86787223815918,-15.658130645751953,-17.470630645751953,-17.918720245361328,-17.731220245361328,-15.777426719665527,-17.27742576599121,128
test,1,The bold [wugs] below the hook,The bold [wug] below the hooks,-14.147810935974121,-15.522810935974121,-15.7781982421875,-17.4031982421875,-14.445919036865234,-15.570919036865234,-15.966588973999023,-17.029088973999023,128
test,0,The strange [wug] above the gates,The strange [wugs] above the gate,-2.7403271198272705,-8.240326881408691,-2.8146770000457764,-8.314677238464355,-2.646027088165283,-6.896027088165283,-2.735980749130249,-6.86098051071167,128
test,1,The strange [wugs] above the gate,The strange [wug] above the gates,-2.3482398986816406,-4.848239898681641,-3.276379108428955,-6.526379108428955,-2.426990509033203,-4.051990509033203,-3.5100789070129395,-5.8850789070129395,128
test,0,The bold [wug] below the banks,The bold [wugs] below the bank,-21.273622512817383,-21.773622512817383,-21.31761360168457,-23.06761360168457,-21.765716552734375,-21.328216552734375,-21.816287994384766,-22.503787994384766,128
test,1,The bold [wugs] below the bank,The bold [wug] below the banks,-21.007997512817383,-22.132997512817383,-20.81911849975586,-24.81911849975586,-21.070507049560547,-21.820507049560547,-20.88060760498047,-24.06810760498047,128
test,0,The restless [wug] under the beams,The restless [wugs] under the beam,-14.343474388122559,-16.718475341796875,-13.977872848510742,-17.852872848510742,-14.689064025878906,-16.439064025878906,-14.119189262390137,-17.431690216064453,128
test,1,The restless [wugs] under the beam,The restless [wug] under the beams,-15.22410774230957,-16.91160774230957,-15.213321685791016,-17.150821685791016,-15.508267402648926,-16.633268356323242,-15.58692455291748,-16.836923599243164,128
test,0,The restless [wug] opposite the pillars,The restless [wugs] opposite the pillar,-17.426700592041016,-17.426700592041016,-17.703433990478516,-17.640933990478516,-17.689090728759766,-16.939090728759766,-17.70492935180664,-17.07992935180664,128
test,1,The restless [wugs] opposite the pillar,The restless [wug] opposite the pillars,-15.715909004211426,-17.590909957885742,-15.801850318908691,-17.801849365234375,-15.822670936584473,-17.51017189025879,-15.898998260498047,-17.711498260498047,128
test,0,The clever [wug] under the lamps,The clever [wugs] under the lamp,-16.929227828979492,-17.304227828979492,-15.186238288879395,-17.37373924255371,-17.065942764282227,-17.003442764282227,-15.354843139648438,-17.104843139648438,128
test,1,The clever [wugs] under the lamp,The clever [wug] under the lamps,-16.79981803894043,-18.23731803894043,-17.457841873168945,-19.770341873168945,-16.707597732543945,-17.520097732543945,-17.27688217163086,-18.96438217163086,128
test,0,The fierce [wug] near the desks,The fierce [wugs] near the desk,-2.42160701751709,-5.42160701751709,-3.2883238792419434,-7.413323879241943,-3.2858974933624268,-3.7858974933624268,-3.631150722503662,-6.256150722503662,128
test,1,The fierce [wugs] near the desk,The fierce [wug] near the desks,-3.295598030090332,-5.545598030090332,-4.663767337799072,-8.16376781463623,-3.8797361850738525,-5.004735946655273,-4.791164875030518,-7.166164875030518,128
test,0,The lively [wug] near the slopes,The lively [wugs] near the slope,-16.12968635559082,-18.12968635559082,-18.365314483642578,-18.552814483642578,-16.374588012695312,-17.812088012695312,-18.73188591003418,-18.66938591003418,128
test,1,The lively [wugs] near the slope,The lively [wug] near the slopes,-16.298250198364258,-17.360750198364258,-17.46087074279785,-18.96087074279785,-16.43071174621582,-17.11821174621582,-17.463212966918945,-18.775712966918945,128
test,0,The curious [wug] beside the wires,The curious [wugs] beside the wire,-16.80939483642578,-18.05939483642578,-15.63481616973877,-18.634815216064453,-17.124773025512695,-17.562273025512695,-16.037891387939453,-18.162891387939453,128
test,1,The curious [wugs] beside the wire,The curious [wug] beside the wires,-18.311328887939453,-18.905078887939453,-17.923362731933594,-20.610862731933594,-18.493919372558594,-18.650169372558594,-18.16724967956543,-20.04224967956543,128
test,0,The sturdy [wug] by the bridges,The sturdy [wugs] by the bridge,-4.472172260284424,-8.472171783447266,-4.097466468811035,-8.847466468811035,-4.951250076293945,-7.201250076293945,-4.570495128631592,-7.570495128631592,128
test,1,The sturdy [wugs] by the bridge,The sturdy [wug] by the bridges,-1.7438175678253174,-5.1188178062438965,-4.291050910949707,-8.416050910949707,-2.141308307647705,-4.266308307647705,-4.415576934814453,-7.790576934814453,128
test,0,The tiny [wug] near the sockets,The tiny [wugs] near the socket,-11.772123336791992,-14.584623336791992,-12.819028854370117,-15.381528854370117,-12.120766639709473,-14.120766639709473,-13.060400009155273,-15.247900009155273,128
test,1,The tiny [wugs] near the socket,The tiny [wug] near the sockets,-13.541343688964844,-13.728843688964844,-14.760842323303223,-16.76084327697754,-13.703124046325684,-13.578124046325684,-14.762279510498047,-16.449779510498047,128
test,0,The fierce [wug] below the fences,The fierce [wugs] below the fence,-3.4868552684783936,-6.3618550300598145,-3.9339263439178467,-8.808926582336426,-3.8566503524780273,-5.231650352478027,-3.9380686283111572,-7.313068866729736,128
test,1,The fierce [wugs] below the fence,The fierce [wug] below the fences,-3.477968692779541,-5.477968692779541,-5.27052640914917,-7.64552640914917,-3.8574914932250977,-4.607491493225098,-5.646169185638428,-6.646169185638428,128
test,0,The graceful [wug] alongside the cliffs,The graceful [wugs] alongside the cliff,-14.332252502441406,-15.582252502441406,-14.38879680633545,-15.76379680633545,-14.750572204589844,-14.875572204589844,-14.7557954788208,-14.9432954788208,128
test,1,The graceful [wugs] alongside the cliff,The graceful [wug] alongside the cliffs,-15.159605026245117,-16.597105026245117,-15.704557418823242,-19.142057418823242,-15.350602149963379,-16.100603103637695,-15.890178680419922,-18.452678680419922,128
test,0,The tiny [wug] beside the racks,The tiny [wugs] beside the rack,-21.094833374023438,-22.594833374023438,-19.51504135131836,-20.95254135131836,-21.131671905517578,-21.975421905517578,-19.737878799438477,-20.550378799438477,128
test,1,The tiny [wugs] beside the rack,The tiny [wug] beside the racks,-19.487878799438477,-19.925378799438477,-19.726303100585938,-20.413803100585938,-19.63797378540039,-19.88797378540039,-19.855831146240234,-20.293331146240234,128
test,0,The graceful [wug] alongside the ponds,The graceful [wugs] alongside the pond,-16.89153480529785,-19.51653480529785,-16.13546371459961,-18.63546371459961,-17.388408660888672,-18.950908660888672,-16.384675979614258,-17.759675979614258,128
test,1,The graceful [wugs] alongside the pond,The graceful [wug] alongside the ponds,-16.720670700073242,-18.908170700073242,-16.325180053710938,-18.950180053710938,-17.3170108795166,-17.9420108795166,-16.510822296142578,-18.323322296142578,128
test,0,The bold [wug] under the mirrors,The bold [wugs] under the mirror,-14.739889144897461,-16.73988914489746,-14.635173797607422,-17.635173797607422,-15.4381742477417,-16.125673294067383,-15.057137489318848,-17.18213653564453,128
test,1,The bold [wugs] under the mirror,The bold [wug] under the mirrors,-14.101290702819824,-17.038789749145508,-15.526071548461914,-18.901071548461914,-14.238572120666504,-16.30107307434082,-15.716052055358887,-18.341053009033203,128
test,0,The clumsy [wug] near the bridges,The clumsy [wugs] near the bridge,-3.636073350906372,-7.261073589324951,-4.371049404144287,-9.621048927307129,-3.849609375,-5.849609375,-4.4985456466674805,-7.9985456466674805,128
test,1,The clumsy [wugs] near the bridge,The clumsy [wug] near the bridges,-3.173497200012207,-3.423497200012207,-3.62323260307312,-7.373232364654541,-4.017189979553223,-2.8921899795532227,-4.103414058685303,-6.353414058685303,128
test,0,The spotted [wug] under the ponds,The spotted [wugs] under the pond,-6.628262519836426,-10.503262519836426,-5.261312484741211,-10.386312484741211,-6.878537178039551,-9.00353717803955,-5.759000778198242,-8.759000778198242,128
test,1,The spotted [wugs] under the pond,The spotted [wug] under the ponds,-4.164086818695068,-6.164086818695068,-4.891101360321045,-8.391100883483887,-4.904036521911621,-5.529036521911621,-5.2631378173828125,-7.6381378173828125,128
test,0,The graceful [wug] by the buckets,The graceful [wugs] by the bucket,-17.472684860229492,-17.972684860229492,-17.59522247314453,-20.28272247314453,-17.655479431152344,-17.780479431152344,-17.843036651611328,-19.780536651611328,128
test,1,The graceful [wugs] by the bucket,The graceful [wug] by the buckets,-15.105684280395508,-16.168184280395508,-17.033796310424805,-18.783796310424805,-15.365825653076172,-16.365825653076172,-17.632932662963867,-18.945432662963867,128
test,0,The strange [wug] opposite the banks,The strange [wugs] opposite the bank,-4.714206218719482,-9.464205741882324,-4.656108856201172,-9.656108856201172,-4.632631778717041,-8.2576322555542,-5.025356769561768,-8.150357246398926,128
test,1,The strange [wugs] opposite the bank,The strange [wug] opposite the banks,-1.0488648414611816,-4.548864841461182,-2.1457319259643555,-6.5207319259643555,-1.2311320304870605,-3.7311320304870605,-2.4627206325531006,-5.83772087097168,128
test,0,The tiny [wug] under the lamps,The tiny [wugs] under the lamp,-15.617827415466309,-18.117828369140625,-15.226653099060059,-18.039154052734375,-16.271875381469727,-17.521875381469727,-15.766021728515625,-17.703521728515625,128
test,1,The tiny [wugs] under the lamp,The tiny [wug] under the lamps,-16.949893951416016,-18.574893951416016,-17.459327697753906,-19.709327697753906,-17.029571533203125,-17.904571533203125,-17.46392822265625,-19.08892822265625,128
test,0,The tiny [wug] under the panels,The tiny [wugs] under the panel,-1.7387328147888184,-7.363732814788818,-2.0493884086608887,-8.04938793182373,-1.9931941032409668,-5.618194103240967,-2.1624021530151367,-6.537402153015137,128
test,1,The tiny [wugs] under the panel,The tiny [wug] under the panels,-3.132561683654785,-4.757561683654785,-3.7201924324035645,-7.9701924324035645,-3.5051867961883545,-4.130187034606934,-3.848043441772461,-7.098043441772461,128
test,0,The sturdy [wug] opposite the hooks,The sturdy [wugs] opposite the hook,-4.296391487121582,-7.546391487121582,-3.5675880908966064,-8.192587852478027,-4.90770959854126,-7.03270959854126,-3.929250478744507,-7.179250717163086,128
test,1,The sturdy [wugs] opposite the hook,The sturdy [wug] opposite the hooks,-2.5036778450012207,-3.2536778450012207,-3.7048840522766113,-6.579884052276611,-3.4923200607299805,-3.1173200607299805,-4.079807758331299,-5.579807758331299,128
test,0,The lively [wug] atop the sheds,The lively [wugs] atop the shed,-16.355281829833984,-16.417781829833984,-16.49645233154297,-18.62145233154297,-16.992992401123047,-15.99299144744873,-17.054157257080078,-17.866657257080078,128
test,1,The lively [wugs] atop the shed,The lively [wug] atop the sheds,-15.12948226928711,-17.69198226928711,-17.280561447143555,-20.093061447143555,-15.431882858276367,-17.369382858276367,-17.467445373535156,-19.904945373535156,128
test,0,The shy [wug] atop the sheds,The shy [wugs] atop the shed,-5.010425567626953,-7.385425567626953,-4.577869892120361,-9.70287036895752,-5.625239849090576,-6.375239849090576,-5.0631914138793945,-8.188191413879395,128
test,1,The shy [wugs] atop the shed,The shy [wug] atop the sheds,-4.228046417236328,-4.478046417236328,-5.297476768493652,-7.922476768493652,-5.067842483520508,-4.317842483520508,-5.796587944030762,-7.171587944030762,128
test,0,The clever [wug] below the posts,The clever [wugs] below the post,-18.80860137939453,-19.74610137939453,-19.287588119506836,-20.787588119506836,-19.12014389038086,-19.62014389038086,-19.47468376159668,-20.47468376159668,128
test,1,The clever [wugs] below the post,The clever [wug] below the posts,-19.998231887817383,-21.123231887817383,-20.166301727294922,-22.666301727294922,-20.28215217590332,-21.21965217590332,-20.479307174682617,-22.729307174682617,128
test,0,The restless [wug] beside the wires,The restless [wugs] beside the wire,-3.9658825397491455,-7.840882301330566,-3.5269951820373535,-9.151994705200195,-4.296675682067871,-6.796675682067871,-3.7506120204925537,-8.125612258911133,128
test,1,The restless [wugs] beside the wire,The restless [wug] beside the wires,-6.0133280754089355,-7.6383280754089355,-6.173694610595703,-8.798694610595703,-6.624329566955566,-7.124329566955566,-6.667517185211182,-7.792517185211182,128
test,0,The sturdy [wug] below the hooks,The sturdy [wugs] below the hook,-1.931662917137146,-5.0566630363464355,-2.8916127681732178,-8.641613006591797,-2.6935415267944336,-4.193541526794434,-3.2317886352539062,-7.481788635253906,128
test,1,The sturdy [wugs] below the hook,The sturdy [wug] below the hooks,-2.0857675075531006,-4.83576774597168,-4.661553382873535,-7.286553382873535,-2.543889045715332,-3.793889045715332,-4.91280460357666,-6.41280460357666,128
test,0,The round [wug] above the trees,The round [wugs] above the tree,-16.430294036865234,-20.492794036865234,-16.44453239440918,-20.88203239440918,-16.772275924682617,-19.272275924682617,-16.79885482788086,-20.29885482788086,128
test,1,The round [wugs] above the tree,The round [wug] above the trees,-20.128087997436523,-21.690587997436523,-19.69269371032715,-21.69269371032715,-20.689788818359375,-21.627288818359375,-19.87939453125,-21.31689453125,128
test,0,The wary [wug] under the bins,The wary [wugs] under the bin,-3.2255189418792725,-8.225519180297852,-4.547535419464111,-10.672534942626953,-3.4806036949157715,-6.9806036949157715,-4.673807144165039,-9.298807144165039,128
test,1,The wary [wugs] under the bin,The wary [wug] under the bins,-4.038112640380859,-5.288112640380859,-2.9795708656311035,-5.7295708656311035,-5.033509254455566,-4.533509254455566,-3.460766077041626,-5.085766315460205,128
test,0,The tiny [wug] below the banks,The tiny [wugs] below the bank,-6.288084030151367,-10.038084030151367,-5.633207321166992,-10.633207321166992,-6.524663925170898,-8.649663925170898,-5.882060527801514,-8.757060050964355,128
test,1,The tiny [wugs] below the bank,The tiny [wug] below the banks,-4.348288059234619,-5.473288059234619,-5.384442329406738,-10.384442329406738,-4.9584641456604,-5.0834641456604,-5.508450984954834,-9.758450508117676,128
test,0,The wary [wug] beside the banks,The wary [wugs] beside the bank,-7.236092567443848,-11.111092567443848,-6.886605739593506,-11.011606216430664,-6.922418594360352,-9.547418594360352,-7.258697986602783,-9.758698463439941,128
test,1,The wary [wugs] beside the bank,The wary [wug] beside the banks,-4.395750522613525,-6.645750522613525,-6.632672309875488,-10.257672309875488,-4.998278617858887,-5.623278617858887,-7.006094455718994,-9.631093978881836,128
test,0,The curious [wug] alongside the boards,The curious [wugs] alongside the board,-17.122201919555664,-18.434701919555664,-17.977739334106445,-19.977739334106445,-17.730525970458984,-17.980525970458984,-18.409439086914062,-19.534439086914062,128
test,1,The curious [wugs] alongside the board,The curious [wug] alongside the boards,-15.606322288513184,-15.668822288513184,-17.079439163208008,-19.079439163208008,-16.07320785522461,-15.635708808898926,-17.327695846557617,-18.702695846557617,128
test,0,The bold [wug] under the ponds,The bold [wugs] under the pond,-16.62637710571289,-19.75137710571289,-15.50380802154541,-20.816308975219727,-16.50166893005371,-18.43916893005371,-15.628520965576172,-19.191020965576172,128
test,1,The bold [wugs] under the pond,The bold [wug] under the ponds,-14.510571479797363,-15.948071479797363,-14.759149551391602,-18.0716495513916,-15.009310722351074,-15.509310722351074,-15.007848739624023,-17.507848739624023,128
test,0,The wary [wug] atop the sacks,The wary [wugs] atop the sack,-15.45902156829834,-15.14652156829834,-16.009822845458984,-17.259822845458984,-15.941161155700684,-14.316161155700684,-16.64866065979004,-16.58616065979004,128
test,1,The wary [wugs] atop the sack,The wary [wug] atop the sacks,-14.049687385559082,-15.487187385559082,-16.024394989013672,-18.836894989013672,-14.321104049682617,-15.071104049682617,-16.275653839111328,-18.650653839111328,128
test,0,The clever [wug] near the bridges,The clever [wugs] near the bridge,-17.6229248046875,-17.9979248046875,-16.86570930480957,-18.42820930480957,-17.7327880859375,-17.4827880859375,-17.09726905822754,-17.97226905822754,128
test,1,The clever [wugs] near the bridge,The clever [wug] near the bridges,-15.816608428955078,-17.816608428955078,-16.404674530029297,-18.467174530029297,-16.142982482910156,-17.392982482910156,-16.464937210083008,-18.214937210083008,128
test,0,The graceful [wug] near the jars,The graceful [wugs] near the jar,-18.37496566772461,-20.12496566772461,-17.248870849609375,-19.498870849609375,-18.51893424987793,-19.95643424987793,-17.377593994140625,-19.315093994140625,128
test,1,The graceful [wugs] near the jar,The graceful [wug] near the jars,-15.612482070922852,-16.54998207092285,-16.638675689697266,-17.138675689697266,-15.95724105834961,-16.45724105834961,-16.775007247924805,-17.087507247924805,128
test,0,The tiny [wug] atop the trees,The tiny [wugs] atop the tree,-12.150735855102539,-14.400735855102539,-13.5230712890625,-15.7105712890625,-12.829452514648438,-13.829452514648438,-13.982120513916016,-15.169620513916016,128
test,1,The tiny [wugs] atop the tree,The tiny [wug] atop the trees,-17.38343620300293,-18.69593620300293,-15.382762908935547,-17.695262908935547,-17.570688247680664,-18.570688247680664,-15.570213317871094,-17.570213317871094,128
test,0,The spotted [wug] under the sofas,The spotted [wugs] under the sofa,-13.714447021484375,-16.776947021484375,-14.857093811035156,-18.607093811035156,-13.967082023620605,-15.842082023620605,-14.746394157409668,-17.30889320373535,128
test,1,The spotted [wugs] under the sofa,The spotted [wug] under the sofas,-13.419353485107422,-13.981853485107422,-14.05930233001709,-16.496803283691406,-13.941618919372559,-13.629118919372559,-14.3148193359375,-15.8148193359375,128
test,0,The fierce [wug] alongside the wells,The fierce [wugs] alongside the well,-12.826850891113281,-14.576850891113281,-14.013669967651367,-14.951169967651367,-13.098844528198242,-14.036344528198242,-14.510196685791016,-14.885196685791016,128
test,1,The fierce [wugs] alongside the well,The fierce [wug] alongside the wells,-13.786478996276855,-14.723978996276855,-15.14554214477539,-16.70804214477539,-13.993830680847168,-14.868830680847168,-15.269835472106934,-16.457334518432617,128
test,0,The gentle [wug] near the cabinets,The gentle [wugs] near the cabinet,-3.0473005771636963,-7.172300815582275,-3.5922045707702637,-8.467205047607422,-3.6374306678771973,-5.512430667877197,-3.835042953491211,-6.835042953491211,128
test,1,The gentle [wugs] near the cabinet,The gentle [wug] near the cabinets,-4.796002388000488,-6.671002388000488,-5.393448352813721,-8.643447875976562,-5.411683559417725,-6.161683559417725,-5.642566204071045,-7.642566204071045,128
test,0,The curious [wug] between the locks,The curious [wugs] between the lock,-14.56059741973877,-15.99809741973877,-14.030858993530273,-16.093358993530273,-14.667682647705078,-15.855182647705078,-14.40310287475586,-16.27810287475586,128
test,1,The curious [wugs] between the lock,The curious [wug] between the locks,-11.348947525024414,-11.848947525024414,-10.545936584472656,-11.858436584472656,-11.395153045654297,-11.895153045654297,-10.716699600219727,-11.779199600219727,128
test,0,The clumsy [wug] beside the bulbs,The clumsy [wugs] beside the bulb,-15.235349655151367,-15.672849655151367,-13.124887466430664,-15.437387466430664,-15.355135917663574,-15.292635917663574,-13.356463432312012,-14.981463432312012,128
test,1,The clumsy [wugs] beside the bulb,The clumsy [wug] beside the bulbs,-12.456563949584961,-13.706563949584961,-13.752402305603027,-14.752402305603027,-12.577973365783691,-13.890473365783691,-14.205141067504883,-14.580141067504883,128
test,0,The lively [wug] below the boards,The lively [wugs] below the board,-4.165602684020996,-7.915602684020996,-5.019896507263184,-10.019896507263184,-4.654797554016113,-6.654797554016113,-5.389483451843262,-8.639483451843262,128
test,1,The lively [wugs] below the board,The lively [wug] below the boards,-4.200818061828613,-5.450818061828613,-4.662978172302246,-7.412978172302246,-4.6890153884887695,-4.9390153884887695,-5.152756214141846,-6.777756214141846,128
test,0,The clever [wug] atop the cords,The clever [wugs] atop the cord,-15.504638671875,-17.004638671875,-16.03955841064453,-18.53955841064453,-15.682621955871582,-16.5576229095459,-16.15789222717285,-18.09539222717285,128
test,1,The clever [wugs] atop the cord,The clever [wug] atop the cords,-18.0700740814209,-18.1950740814209,-16.55240249633789,-17.42740249633789,-17.844806671142578,-17.938556671142578,-16.48193359375,-17.20068359375,128
test,0,The lively [wug] below the fences,The lively [wugs] below the fence,-3.936643362045288,-7.061643123626709,-4.286558151245117,-9.786558151245117,-4.551329612731934,-5.801329612731934,-4.653558731079102,-8.278558731079102,128
test,1,The lively [wugs] below the fence,The lively [wug] below the fences,-3.6957855224609375,-5.6957855224609375,-5.1404948234558105,-8.765495300292969,-4.188261985778809,-4.938261985778809,-5.51309871673584,-7.63809871673584,128
test,0,The round [wug] atop the buckets,The round [wugs] atop the bucket,-13.8766508102417,-14.0641508102417,-13.143610954284668,-14.831110954284668,-14.344682693481445,-13.219682693481445,-13.4298095703125,-14.1173095703125,128
test,1,The round [wugs] atop the bucket,The round [wug] atop the buckets,-13.265958786010742,-14.265958786010742,-12.84109115600586,-15.71609115600586,-13.414572715759277,-14.539572715759277,-12.781277656555176,-15.406277656555176,128
test,0,The wary [wug] opposite the ponds,The wary [wugs] opposite the pond,-19.818986892700195,-22.631486892700195,-20.50556182861328,-22.63056182861328,-20.504667282104492,-21.754667282104492,-20.879491806030273,-21.941991806030273,128
test,1,The wary [wugs] opposite the pond,The wary [wug] opposite the ponds,-19.774198532104492,-22.274198532104492,-19.577802658081055,-22.952802658081055,-20.141284942626953,-21.641284942626953,-19.699186325073242,-22.699186325073242,128
test,0,The shy [wug] near the cords,The shy [wugs] near the cord,-17.803117752075195,-18.740617752075195,-18.091440200805664,-19.528940200805664,-18.177749633789062,-18.615249633789062,-18.40130043029785,-19.33880043029785,128
test,1,The shy [wugs] near the cord,The shy [wug] near the cords,-18.281326293945312,-18.734451293945312,-18.253707885742188,-18.784957885742188,-18.380834579467773,-18.802709579467773,-18.576560974121094,-18.889060974121094,128
test,0,The sturdy [wug] beside the sofas,The sturdy [wugs] beside the sofa,-19.295814514160156,-20.670814514160156,-18.336692810058594,-20.774192810058594,-19.623010635375977,-19.935510635375977,-18.36618995666504,-19.55368995666504,128
test,1,The sturdy [wugs] beside the sofa,The sturdy [wug] beside the sofas,-16.964832305908203,-19.808582305908203,-16.474468231201172,-20.786968231201172,-17.29552459716797,-19.13927459716797,-16.59625244140625,-20.34625244140625,128
test,0,The strange [wug] above the posts,The strange [wugs] above the post,-16.495500564575195,-17.120500564575195,-17.678098678588867,-17.990598678588867,-16.992338180541992,-17.179838180541992,-17.743976593017578,-17.868976593017578,128
test,1,The strange [wugs] above the post,The strange [wug] above the posts,-17.2089900970459,-18.0214900970459,-16.746305465698242,-17.496305465698242,-17.09270477294922,-18.09270477294922,-16.440753936767578,-17.128253936767578,128
test,0,The round [wug] atop the baskets,The round [wugs] atop the basket,-14.704602241516113,-15.017102241516113,-14.18917179107666,-16.501670837402344,-15.022972106933594,-14.397972106933594,-14.324014663696289,-15.511514663696289,128
test,1,The round [wugs] atop the basket,The round [wug] atop the baskets,-15.134000778198242,-15.759000778198242,-15.631202697753906,-16.693702697753906,-15.048006057739258,-15.548006057739258,-15.322239875793457,-16.134740829467773,128
test,0,The sturdy [wug] below the roots,The sturdy [wugs] below the root,-4.423266410827637,-8.548266410827637,-3.912712335586548,-9.037712097167969,-4.779838562011719,-7.529838562011719,-4.146384239196777,-7.646384239196777,128
test,1,The sturdy [wugs] below the root,The sturdy [wug] below the roots,-4.393919944763184,-5.268919944763184,-6.019057273864746,-8.894057273864746,-5.230334281921387,-5.230334281921387,-6.391414642333984,-8.391414642333984,128
test,0,The gentle [wug] beside the desks,The gentle [wugs] beside the desk,-2.135676383972168,-4.885676383972168,-2.3580853939056396,-6.233085632324219,-2.922192096710205,-3.172192096710205,-3.0141568183898926,-4.264156818389893,128
test,1,The gentle [wugs] beside the desk,The gentle [wug] beside the desks,-2.59323787689209,-5.09323787689209,-3.352098226547241,-8.10209846496582,-2.9135921001434326,-4.4135918617248535,-3.357884645462036,-7.232884883880615,128
test,0,The gentle [wug] by the sockets,The gentle [wugs] by the socket,-18.192413330078125,-18.129913330078125,-19.077131271362305,-19.577131271362305,-18.611238479614258,-18.236238479614258,-19.26287078857422,-19.45037078857422,128
test,1,The gentle [wugs] by the socket,The gentle [wug] by the sockets,-18.345096588134766,-18.720096588134766,-20.132169723510742,-20.694669723510742,-18.469758987426758,-18.657258987426758,-20.007787704467773,-20.445287704467773,128
test,0,The gentle [wug] under the cliffs,The gentle [wugs] under the cliff,-5.5742573738098145,-9.699257850646973,-4.924335956573486,-10.299335479736328,-5.942670822143555,-8.192670822143555,-5.171836853027344,-8.796836853027344,128
test,1,The gentle [wugs] under the cliff,The gentle [wug] under the cliffs,-7.162487030029297,-8.287487030029297,-7.007210731506348,-10.257210731506348,-7.0495171546936035,-7.5495171546936035,-7.008147239685059,-9.258147239685059,128
test,0,The restless [wug] below the racks,The restless [wugs] below the rack,-14.901969909667969,-16.15196990966797,-16.287132263183594,-18.849632263183594,-15.355611801147461,-15.105611801147461,-16.64653968811035,-17.89653968811035,128
test,1,The restless [wugs] below the rack,The restless [wug] below the racks,-15.78307819366455,-18.095579147338867,-16.839509963989258,-19.714509963989258,-16.054399490356445,-17.491899490356445,-17.026859283447266,-19.214359283447266,128
test,0,The curious [wug] opposite the banks,The curious [wugs] opposite the bank,-17.616138458251953,-19.178638458251953,-17.40270233154297,-19.21520233154297,-17.242685317993164,-18.367685317993164,-17.652509689331055,-18.715009689331055,128
test,1,The curious [wugs] opposite the bank,The curious [wug] opposite the banks,-14.607791900634766,-16.232791900634766,-15.532225608825684,-17.719724655151367,-14.812339782714844,-15.499839782714844,-15.88481616973877,-17.634815216064453,128
test,0,The sturdy [wug] opposite the heaps,The sturdy [wugs] opposite the heap,-7.180849552154541,-9.1808500289917,-4.584059715270996,-8.209059715270996,-7.319888114929199,-8.4448881149292,-4.755003452301025,-7.130003452301025,128
test,1,The sturdy [wugs] opposite the heap,The sturdy [wug] opposite the heaps,-5.949626445770264,-6.949626445770264,-4.198091506958008,-7.073091506958008,-6.217898845672607,-6.467898845672607,-4.454445838928223,-6.329445838928223,128
test,0,The fierce [wug] by the sheds,The fierce [wugs] by the shed,-4.746762752532959,-8.7467622756958,-4.918844223022461,-9.418844223022461,-5.457932472229004,-7.832932472229004,-5.2870893478393555,-8.537089347839355,128
test,1,The fierce [wugs] by the shed,The fierce [wug] by the sheds,-5.807487964630127,-6.807487964630127,-7.254460334777832,-9.254460334777832,-6.682132720947266,-6.557132720947266,-7.754687786102295,-8.754688262939453,128
test,0,The restless [wug] under the ponds,The restless [wugs] under the pond,-20.19038200378418,-20.94038200378418,-18.8810977935791,-21.1310977935791,-20.12833595275879,-20.00333595275879,-18.56955909729004,-19.94455909729004,128
test,1,The restless [wugs] under the pond,The restless [wug] under the ponds,-16.90116310119629,-20.08866310119629,-17.82379150390625,-21.88629150390625,-17.271169662475586,-19.521169662475586,-17.88673973083496,-21.13673973083496,128
test,0,The clever [wug] near the cabinets,The clever [wugs] near the cabinet,-13.758213996887207,-15.508213996887207,-14.111475944519043,-17.423974990844727,-14.31430721282959,-14.25180721282959,-14.400140762329102,-16.3376407623291,128
test,1,The clever [wugs] near the cabinet,The clever [wug] near the cabinets,-12.877172470092773,-15.002172470092773,-13.902243614196777,-17.214744567871094,-13.80661392211914,-14.86911392211914,-14.400965690612793,-16.963464736938477,128
test,0,The tiny [wug] opposite the nails,The tiny [wugs] opposite the nail,-1.3403226137161255,-6.340322494506836,-1.1027507781982422,-7.352750778198242,-1.2805535793304443,-4.905553817749023,-1.1812891960144043,-6.056289196014404,128
test,1,The tiny [wugs] opposite the nail,The tiny [wug] opposite the nails,-2.6896142959594727,-3.4396142959594727,-2.517620325088501,-6.01762056350708,-3.3001649379730225,-2.9251649379730225,-2.919400215148926,-5.294400215148926,128
test,0,The bold [wug] atop the buckets,The bold [wugs] atop the bucket,-15.243252754211426,-15.680752754211426,-14.39508056640625,-16.45758056640625,-15.524511337280273,-15.149511337280273,-14.635738372802734,-16.073238372802734,128
test,1,The bold [wugs] atop the bucket,The bold [wug] atop the buckets,-13.827966690063477,-16.702966690063477,-14.40469741821289,-16.21719741821289,-13.959534645080566,-16.58453369140625,-14.470805168151855,-16.03330421447754,128
test,0,The restless [wug] near the sheds,The restless [wugs] near the shed,-3.2949252128601074,-8.169925689697266,-4.207828521728516,-10.457828521728516,-3.8526692390441895,-6.3526692390441895,-4.339837551116943,-8.839837074279785,128
test,1,The restless [wugs] near the shed,The restless [wug] near the sheds,-3.6809818744659424,-7.055981636047363,-5.405923366546631,-8.405923843383789,-4.391711235046387,-6.016711235046387,-6.02459192276001,-7.77459192276001,128
test,0,The tiny [wug] above the banks,The tiny [wugs] above the bank,-6.270752906799316,-10.020752906799316,-5.633820056915283,-10.258819580078125,-6.515247344970703,-8.765247344970703,-6.006720066070557,-8.756719589233398,128
test,1,The tiny [wugs] above the bank,The tiny [wug] above the banks,-4.399987697601318,-5.274987697601318,-5.138033390045166,-9.513032913208008,-4.74599027633667,-4.99599027633667,-5.262011528015137,-8.887011528015137,128
test,0,The graceful [wug] near the jars,The graceful [wugs] near the jar,-3.6249654293060303,-8.49996566772461,-3.248871326446533,-9.248870849609375,-4.01893424987793,-7.51893424987793,-3.502593755722046,-8.002593994140625,128
test,1,The graceful [wugs] near the jar,The graceful [wug] near the jars,-3.4874820709228516,-5.362482070922852,-3.1386752128601074,-6.138675212860107,-4.144741058349609,-4.644741058349609,-3.837507963180542,-5.337508201599121,128
test,0,The round [wug] below the wells,The round [wugs] below the well,-3.7975573539733887,-7.422557353973389,-4.775143146514893,-9.40014362335205,-3.9273183345794678,-6.302318572998047,-5.145591735839844,-8.395591735839844,128
test,1,The round [wugs] below the well,The round [wug] below the wells,-1.6438941955566406,-4.518894195556641,-3.6923842430114746,-6.442384243011475,-1.7503571510314941,-3.750357151031494,-3.8195862770080566,-5.819586277008057,128
test,0,The clever [wug] beside the nails,The clever [wugs] beside the nail,-15.599957466125488,-15.662457466125488,-15.344202995300293,-17.281702041625977,-15.419058799743652,-15.231558799743652,-15.372289657592773,-16.997289657592773,128
test,1,The clever [wugs] beside the nail,The clever [wug] beside the nails,-10.737471580505371,-12.299971580505371,-13.36978816986084,-13.74478816986084,-10.586569786071777,-11.836569786071777,-13.71657657623291,-13.71657657623291,128
test,0,The shy [wug] under the heaps,The shy [wugs] under the heap,-16.193105697631836,-18.630605697631836,-13.820428848266602,-17.1954288482666,-16.380657196044922,-18.318157196044922,-13.945510864257812,-16.570510864257812,128
test,1,The shy [wugs] under the heap,The shy [wug] under the heaps,-15.654861450195312,-15.779861450195312,-14.02881145477295,-17.091312408447266,-15.974302291870117,-15.474302291870117,-14.406332015991211,-16.28133201599121,128
test,0,The lively [wug] below the nails,The lively [wugs] below the nail,-16.167917251586914,-15.730416297912598,-15.676034927368164,-16.363534927368164,-16.22873878479004,-15.103738784790039,-15.798286437988281,-15.860786437988281,128
test,1,The lively [wugs] below the nail,The lively [wug] below the nails,-15.058028221130371,-17.964279174804688,-13.59728717803955,-17.909786224365234,-14.813392639160156,-17.344642639160156,-14.335397720336914,-17.897897720336914,128
test,0,The tiny [wug] beside the fences,The tiny [wugs] beside the fence,-2.4984850883483887,-6.248485088348389,-2.7692973613739014,-9.14429759979248,-2.9425978660583496,-4.69259786605835,-3.107790231704712,-6.982789993286133,128
test,1,The tiny [wugs] beside the fence,The tiny [wug] beside the fences,-3.5692546367645264,-6.694254398345947,-4.520118713378906,-10.395118713378906,-3.6997625827789307,-5.574762344360352,-4.643939018249512,-9.518939018249512,128
test,0,The graceful [wug] beside the wells,The graceful [wugs] beside the well,-2.337144374847412,-5.962144374847412,-4.298861503601074,-8.548861503601074,-2.674980640411377,-4.924980640411377,-4.791995048522949,-7.416995048522949,128
test,1,The graceful [wugs] beside the well,The graceful [wug] beside the wells,-2.445622205734253,-3.945622205734253,-3.6871230602264404,-7.3121232986450195,-3.349637031555176,-3.224637031555176,-4.053595066070557,-6.303595066070557,128
test,0,The round [wug] atop the posts,The round [wugs] atop the post,-0.8381127715110779,-3.4631128311157227,-3.1144213676452637,-7.614421367645264,-1.148079514503479,-2.1480793952941895,-3.120453119277954,-6.370453357696533,128
test,1,The round [wugs] atop the post,The round [wug] atop the posts,-1.6732614040374756,-3.9232614040374756,-2.95548677444458,-5.45548677444458,-1.9353415966033936,-3.8103415966033936,-3.489396333694458,-5.364396572113037,128
test,0,The tiny [wug] alongside the poles,The tiny [wugs] alongside the pole,-14.941099166870117,-18.191099166870117,-17.27648162841797,-19.90148162841797,-15.103738784790039,-17.10373878479004,-17.513919830322266,-19.138919830322266,128
test,1,The tiny [wugs] alongside the pole,The tiny [wug] alongside the poles,-18.252775192260742,-19.096525192260742,-18.952003479003906,-21.077003479003906,-18.41551399230957,-18.60301399230957,-18.95183563232422,-20.57683563232422,128
test,0,The round [wug] beside the roots,The round [wugs] beside the root,-18.80021858215332,-19.92521858215332,-16.87163543701172,-18.43413543701172,-19.094417572021484,-19.781917572021484,-17.134353637695312,-18.071853637695312,128
test,1,The round [wugs] beside the root,The round [wug] beside the roots,-17.776470184326172,-18.276470184326172,-17.882524490356445,-18.820024490356445,-17.94806671142578,-18.13556671142578,-18.31793212890625,-18.94293212890625,128
test,0,The tiny [wug] below the nails,The tiny [wugs] below the nail,-1.3771095275878906,-7.002109527587891,-1.4108710289001465,-7.7858710289001465,-1.406589388847351,-5.156589508056641,-1.5674375295639038,-6.317437648773193,128
test,1,The tiny [wugs] below the nail,The tiny [wug] below the nails,-0.7765427827835083,-4.026542663574219,-3.019932508468628,-7.144932270050049,-0.9608458280563354,-3.085845947265625,-3.130939483642578,-6.255939483642578,128
test,0,The shy [wug] under the fences,The shy [wugs] under the fence,-14.009682655334473,-15.072182655334473,-16.272493362426758,-17.522493362426758,-14.09492301940918,-14.03242301940918,-16.271921157836914,-16.646921157836914,128
test,1,The shy [wugs] under the fence,The shy [wug] under the fences,-13.034103393554688,-14.159103393554688,-16.068254470825195,-19.130754470825195,-13.47091007232666,-13.90841007232666,-16.06951332092285,-18.31951332092285,128
test,0,The tiny [wug] atop the baskets,The tiny [wugs] atop the basket,-2.164675712585449,-4.664675712585449,-3.4752070903778076,-8.100207328796387,-2.7656190395355225,-3.7656190395355225,-4.0659966468811035,-6.9409966468811035,128
test,1,The tiny [wugs] atop the basket,The tiny [wug] atop the baskets,-3.7296335697174072,-6.229633331298828,-5.022434234619141,-10.02243423461914,-3.7437615394592285,-5.2437615394592285,-5.144434452056885,-9.394434928894043,128
test,0,The lively [wug] near the hinges,The lively [wugs] near the hinge,-15.089876174926758,-15.464876174926758,-14.629568099975586,-16.942068099975586,-15.267060279846191,-15.079560279846191,-14.578434944152832,-16.39093589782715,128
test,1,The lively [wugs] near the hinge,The lively [wug] near the hinges,-13.541142463684082,-14.666142463684082,-14.860299110412598,-16.42279815673828,-13.951855659484863,-14.826855659484863,-15.11284351348877,-16.112844467163086,128
test,0,The restless [wug] opposite the ponds,The restless [wugs] opposite the pond,-5.8844733238220215,-11.00947380065918,-5.759361743927002,-11.259361267089844,-6.756807804107666,-9.131807327270508,-6.382722854614258,-9.507722854614258,128
test,1,The restless [wugs] opposite the pond,The restless [wug] opposite the ponds,-4.288349151611328,-7.413349151611328,-4.279520034790039,-8.154520034790039,-4.901680946350098,-6.526680946350098,-4.5271782875061035,-7.1521782875061035,128
test,0,The spotted [wug] above the trees,The spotted [wugs] above the tree,-2.4149134159088135,-8.164913177490234,-2.3989739418029785,-7.8989739418029785,-2.534865617752075,-6.284865379333496,-2.4050843715667725,-6.030084609985352,128
test,1,The spotted [wugs] above the tree,The spotted [wug] above the trees,-6.629675388336182,-7.254675388336182,-4.642460346221924,-7.892460346221924,-7.129679203033447,-6.629679203033447,-4.890591144561768,-7.140591144561768,128
test,0,The spotted [wug] by the cabinets,The spotted [wugs] by the cabinet,-15.74265193939209,-17.867652893066406,-15.410324096679688,-16.910324096679688,-16.109149932861328,-17.296649932861328,-15.779476165771484,-16.654476165771484,128
test,1,The spotted [wugs] by the cabinet,The spotted [wug] by the cabinets,-15.779967308044434,-16.59246826171875,-16.326614379882812,-17.514114379882812,-16.3332462310791,-16.7707462310791,-16.57511329650879,-17.38761329650879,128
test,0,The graceful [wug] under the cabinets,The graceful [wugs] under the cabinet,-17.003236770629883,-17.440736770629883,-17.565509796142578,-17.815509796142578,-17.44131851196289,-17.37881851196289,-17.859487533569336,-17.671987533569336,128
test,1,The graceful [wugs] under the cabinet,The graceful [wug] under the cabinets,-17.475830078125,-19.538330078125,-18.2842960357666,-19.7842960357666,-17.661298751831055,-19.411298751831055,-18.22731590270996,-19.60231590270996,128
test,0,The lively [wug] near the bridges,The lively [wugs] near the bridge,-4.397436141967773,-8.397436141967773,-4.563767910003662,-10.18876838684082,-4.730965614318848,-6.855965614318848,-4.928460597991943,-8.553461074829102,128
test,1,The lively [wugs] near the bridge,The lively [wug] near the bridges,-2.547466278076172,-5.422466278076172,-4.187422275543213,-7.687422275543213,-3.1247737407684326,-4.3747735023498535,-4.555691719055176,-6.805691719055176,128
test,0,The shy [wug] above the desks,The shy [wugs] above the desk,-14.098210334777832,-15.473210334777832,-13.62962532043457,-16.00462532043457,-14.882034301757812,-14.569534301757812,-14.111888885498047,-14.924388885498047,128
test,1,The shy [wugs] above the desk,The shy [wug] above the desks,-14.365217208862305,-16.177717208862305,-13.966346740722656,-18.716346740722656,-14.799517631530762,-15.924517631530762,-13.845861434936523,-17.783361434936523,128
test,0,The bold [wug] atop the desks,The bold [wugs] atop the desk,-2.904167890548706,-4.154168128967285,-3.278002977371216,-7.153003215789795,-3.459184169769287,-3.459184169769287,-3.7443723678588867,-5.869372367858887,128
test,1,The bold [wugs] atop the desk,The bold [wug] atop the desks,-2.9097487926483154,-3.5347487926483154,-3.3354852199554443,-7.460485458374023,-3.262072801589966,-3.262072801589966,-3.5778422355651855,-6.7028422355651855,128
test,0,The wary [wug] below the heaps,The wary [wugs] below the heap,-5.709478378295898,-8.834478378295898,-4.382056713104248,-9.50705623626709,-5.844707012176514,-7.594707012176514,-4.405787467956543,-8.155787467956543,128
test,1,The wary [wugs] below the heap,The wary [wug] below the heaps,-5.164593696594238,-7.039593696594238,-5.41923189163208,-8.169231414794922,-5.4157233238220215,-6.0407233238220215,-5.545623302459717,-7.420623302459717,128
test,0,The graceful [wug] above the desks,The graceful [wugs] above the desk,-2.502455234527588,-4.627455234527588,-1.866673231124878,-6.616672992706299,-3.3671793937683105,-3.4921793937683105,-2.3824825286865234,-4.507482528686523,128
test,1,The graceful [wugs] above the desk,The graceful [wug] above the desks,-2.1351776123046875,-4.6351776123046875,-2.425788402557373,-7.300788402557373,-2.651933193206787,-3.901933193206787,-2.655217409133911,-6.280217170715332,128
test,0,The sturdy [wug] beside the sofas,The sturdy [wugs] beside the sofa,-1.6083152294158936,-5.3583149909973145,-2.024193048477173,-7.024193286895752,-2.6855108737945557,-4.935510635375977,-2.5536906719207764,-5.303690433502197,128
test,1,The sturdy [wugs] beside the sofa,The sturdy [wug] beside the sofas,-1.0273327827453613,-2.6523327827453613,-1.7244685888290405,-5.97446870803833,-1.4830244779586792,-1.8580244779586792,-1.8462529182434082,-4.971252918243408,128
test,0,The clever [wug] above the shelves,The clever [wugs] above the shelf,-2.360255718231201,-6.360255718231201,-2.2756245136260986,-7.9006242752075195,-2.6799111366271973,-5.054911136627197,-2.5046122074127197,-6.254612445831299,128
test,1,The clever [wugs] above the shelf,The clever [wug] above the shelves,-4.110385417938232,-4.235385417938232,-4.286935329437256,-7.036935329437256,-4.500710964202881,-3.75071120262146,-4.536257266998291,-6.161257266998291,128
test,0,The lively [wug] by the jars,The lively [wugs] by the jar,-4.9313063621521,-9.306306838989258,-4.685142517089844,-10.185142517089844,-5.698894500732422,-8.698894500732422,-4.938301086425781,-8.938301086425781,128
test,1,The lively [wugs] by the jar,The lively [wug] by the jars,-4.84797477722168,-6.34797477722168,-3.4862773418426514,-7.111277103424072,-5.2517571449279785,-5.7517571449279785,-3.8906986713409424,-6.2656989097595215,128
test,0,The sturdy [wug] below the ponds,The sturdy [wugs] below the pond,-19.00639533996582,-21.50639533996582,-19.008209228515625,-21.320709228515625,-19.19175148010254,-20.37925148010254,-19.06812858581543,-20.75562858581543,128
test,1,The sturdy [wugs] below the pond,The sturdy [wug] below the ponds,-17.195478439331055,-19.570478439331055,-18.885976791381836,-21.010976791381836,-17.610660552978516,-19.173160552978516,-18.63812255859375,-20.51312255859375,128
test,0,The spotted [wug] opposite the trees,The spotted [wugs] opposite the tree,-15.350545883178711,-17.97554588317871,-14.08642292022705,-16.273923873901367,-15.5840425491333,-16.959041595458984,-14.45722484588623,-15.33222484588623,128
test,1,The spotted [wugs] opposite the tree,The spotted [wug] opposite the trees,-16.007524490356445,-19.820024490356445,-15.257942199707031,-19.69544219970703,-16.505048751831055,-19.005048751831055,-15.257250785827637,-19.069751739501953,128
test,0,The tiny [wug] atop the braces,The tiny [wugs] atop the brace,-0.860002875328064,-5.3600029945373535,-1.7700304985046387,-7.645030498504639,-0.9952617883682251,-4.1202616691589355,-1.864615559577942,-6.364615440368652,128
test,1,The tiny [wugs] atop the brace,The tiny [wug] atop the braces,-5.410971164703369,-7.035971164703369,-5.397714614868164,-8.647714614868164,-6.031669616699219,-6.656669616699219,-5.522821426391602,-8.147821426391602,128
test,0,The wary [wug] opposite the wells,The wary [wugs] opposite the well,-10.915839195251465,-14.853339195251465,-15.022032737731934,-18.20953369140625,-10.891338348388672,-14.078838348388672,-15.268895149230957,-17.768896102905273,128
test,1,The wary [wugs] opposite the well,The wary [wug] opposite the wells,-11.200764656066895,-14.700764656066895,-13.884580612182617,-17.197080612182617,-11.95007610321045,-14.26257610321045,-14.307385444641113,-17.119884490966797,128
test,0,The wary [wug] alongside the poles,The wary [wugs] alongside the pole,-3.6875061988830566,-7.687506198883057,-4.31679105758667,-8.316790580749512,-4.036159992218018,-6.411159992218018,-4.439903259277344,-7.064903259277344,128
test,1,The wary [wugs] alongside the pole,The wary [wug] alongside the poles,-4.219261169433594,-5.094261169433594,-5.765434265136719,-7.890434265136719,-4.957142353057861,-4.457142353057861,-6.262645721435547,-7.512645721435547,128
test,0,The strange [wug] near the shelves,The strange [wugs] near the shelf,-1.7960423231124878,-7.171042442321777,-2.664546012878418,-8.164546012878418,-2.02070951461792,-5.64570951461792,-3.0518882274627686,-7.176888465881348,128
test,1,The strange [wugs] near the shelf,The strange [wug] near the shelves,-5.569058418273926,-6.819058418273926,-5.8865647315979,-8.886565208435059,-5.716734409332275,-6.091734409332275,-6.01264762878418,-8.13764762878418,128
test,0,The wary [wug] opposite the trees,The wary [wugs] opposite the tree,-14.276498794555664,-16.713998794555664,-14.65671443939209,-17.156715393066406,-14.646007537841797,-15.833507537841797,-14.963207244873047,-16.338207244873047,128
test,1,The wary [wugs] opposite the tree,The wary [wug] opposite the trees,-15.256064414978027,-17.631065368652344,-15.941288948059082,-19.0662899017334,-15.630859375,-17.130859375,-16.19080352783203,-18.87830352783203,128
test,0,The strange [wug] opposite the panels,The strange [wugs] opposite the panel,-4.946653366088867,-7.821653366088867,-5.1514458656311035,-8.776445388793945,-5.361139297485352,-6.986139297485352,-5.617745876312256,-8.117745399475098,128
test,1,The strange [wugs] opposite the panel,The strange [wug] opposite the panels,-4.44287633895874,-6.69287633895874,-5.238326549530029,-8.863326072692871,-4.859204292297363,-6.109204292297363,-5.707766056060791,-8.332765579223633,128
test,0,The sturdy [wug] alongside the buckets,The sturdy [wugs] alongside the bucket,-16.411109924316406,-17.536109924316406,-16.723188400268555,-18.223188400268555,-16.57716178894043,-17.07716178894043,-16.76276397705078,-17.88776397705078,128
test,1,The sturdy [wugs] alongside the bucket,The sturdy [wug] alongside the buckets,-14.768546104431152,-16.393545150756836,-17.07219886779785,-17.94719886779785,-14.811419486999512,-16.248920440673828,-17.014101028442383,-17.639101028442383,128
test,0,The round [wug] by the buckets,The round [wugs] by the bucket,-4.200555324554443,-8.700554847717285,-3.951200246810913,-10.076200485229492,-4.277538299560547,-7.902538299560547,-4.198482513427734,-9.073482513427734,128
test,1,The round [wugs] by the bucket,The round [wug] by the buckets,-5.5374250411987305,-5.2874250411987305,-5.302616596221924,-7.052616596221924,-5.907846927642822,-5.282846927642822,-5.7929301261901855,-6.7929301261901855,128
test,0,The lively [wug] alongside the ponds,The lively [wugs] alongside the pond,-6.631381511688232,-10.756381034851074,-6.380573749542236,-10.880574226379395,-7.254730701446533,-9.379730224609375,-6.755461692810059,-9.130461692810059,128
test,1,The lively [wugs] alongside the pond,The lively [wug] alongside the ponds,-4.907290458679199,-6.907290458679199,-5.633866310119629,-9.383866310119629,-5.771627426147461,-6.271627426147461,-6.131602764129639,-8.631603240966797,128
test,0,The spotted [wug] atop the bulbs,The spotted [wugs] atop the bulb,-14.612537384033203,-16.112537384033203,-15.042510032653809,-16.792510986328125,-15.280580520629883,-15.718080520629883,-15.482003211975098,-16.044504165649414,128
test,1,The spotted [wugs] atop the bulb,The spotted [wug] atop the bulbs,-14.389190673828125,-15.701690673828125,-15.218696594238281,-16.53119659423828,-14.628053665161133,-15.815553665161133,-15.393351554870605,-16.20585060119629,128
test,0,The strange [wug] below the wires,The strange [wugs] below the wire,-2.3978586196899414,-6.897858619689941,-2.315192937850952,-8.065193176269531,-2.6774258613586426,-5.927425861358643,-2.5122175216674805,-7.0122175216674805,128
test,1,The strange [wugs] below the wire,The strange [wug] below the wires,-3.9444997310638428,-5.569499492645264,-4.6700310707092285,-7.1700310707092285,-4.297634601593018,-4.797634601593018,-5.1642842292785645,-6.4142842292785645,128
test,0,The wary [wug] below the ropes,The wary [wugs] below the rope,-2.5891923904418945,-6.3391923904418945,-4.209018230438232,-9.58401870727539,-2.9345200061798096,-4.934520244598389,-3.9830739498138428,-7.983074188232422,128
test,1,The wary [wugs] below the rope,The wary [wug] below the ropes,-4.578871250152588,-6.453871250152588,-4.918440341949463,-8.043439865112305,-4.709369659423828,-5.084369659423828,-5.0461320877075195,-7.0461320877075195,128
test,0,The round [wug] above the sockets,The round [wugs] above the socket,-16.59346580505371,-17.03096580505371,-16.679101943969727,-16.804101943969727,-16.91221046447754,-16.59971046447754,-16.843769073486328,-16.593769073486328,128
test,1,The round [wugs] above the socket,The round [wug] above the sockets,-14.788863182067871,-15.851363182067871,-14.830560684204102,-16.2055606842041,-15.096997261047363,-15.909497261047363,-15.081853866577148,-16.39435386657715,128
test,0,The fierce [wug] above the pillars,The fierce [wugs] above the pillar,-14.870498657226562,-15.807998657226562,-15.69240951538086,-15.75490951538086,-14.948933601379395,-15.573933601379395,-15.930961608886719,-15.618461608886719,128
test,1,The fierce [wugs] above the pillar,The fierce [wug] above the pillars,-13.733502388000488,-14.046002388000488,-14.162620544433594,-15.662620544433594,-13.801334381103516,-13.863834381103516,-14.100926399230957,-15.413426399230957,128
test,0,The wary [wug] above the banks,The wary [wugs] above the bank,-5.529926776885986,-10.029926300048828,-6.384217262268066,-10.759217262268066,-5.672001838684082,-8.422001838684082,-6.757960319519043,-9.507960319519043,128
test,1,The wary [wugs] above the bank,The wary [wug] above the banks,-3.8870701789855957,-6.137070178985596,-5.887029647827148,-9.387029647827148,-4.348325252532959,-5.348325252532959,-6.012556076049805,-8.637556076049805,128
test,0,The restless [wug] below the panels,The restless [wugs] below the panel,-2.876622438430786,-6.501622676849365,-3.0401387214660645,-8.165139198303223,-3.21737003326416,-5.09237003326416,-3.3861382007598877,-6.886137962341309,128
test,1,The restless [wugs] below the panel,The restless [wug] below the panels,-3.4119021892547607,-5.911901950836182,-4.466844081878662,-6.966844081878662,-3.7417314052581787,-4.741731643676758,-4.7079572677612305,-6.2079572677612305,128
test,0,The tiny [wug] beside the panels,The tiny [wugs] beside the panel,-9.610135078430176,-12.860135078430176,-9.614328384399414,-13.364328384399414,-10.035807609558105,-11.535807609558105,-10.113443374633789,-12.363443374633789,128
test,1,The tiny [wugs] beside the panel,The tiny [wug] beside the panels,-11.92262077331543,-13.73512077331543,-11.569543838500977,-15.194543838500977,-12.030717849731445,-13.093217849731445,-11.682490348815918,-14.869990348815918,128
test,0,The bold [wug] beside the straps,The bold [wugs] beside the strap,-16.508981704711914,-16.821481704711914,-17.042421340942383,-18.292421340942383,-16.65721321105957,-16.40721321105957,-17.1688232421875,-17.7938232421875,128
test,1,The bold [wugs] beside the strap,The bold [wug] beside the straps,-15.946344375610352,-16.94634437561035,-16.8225154876709,-19.9475154876709,-16.441829681396484,-17.004329681396484,-16.949108123779297,-19.386608123779297,128
test,0,The bold [wug] between the buckets,The bold [wugs] between the bucket,-19.32568359375,-19.38818359375,-19.935565948486328,-19.998065948486328,-19.309499740600586,-19.246999740600586,-20.046905517578125,-19.859405517578125,128
test,1,The bold [wugs] between the bucket,The bold [wug] between the buckets,-17.755416870117188,-18.317916870117188,-19.070653915405273,-19.633153915405273,-18.039047241210938,-18.476547241210938,-19.195098876953125,-19.695098876953125,128
test,0,The tiny [wug] above the desks,The tiny [wugs] above the desk,-1.7896877527236938,-4.539687633514404,-1.4803798198699951,-6.355380058288574,-2.403961420059204,-2.778961420059204,-2.019608974456787,-4.144608974456787,128
test,1,The tiny [wugs] above the desk,The tiny [wug] above the desks,-2.161851644515991,-5.41185188293457,-2.193341016769409,-8.568341255187988,-2.377216100692749,-4.75221586227417,-2.301243782043457,-7.801243782043457,128
test,0,The strange [wug] opposite the pillars,The strange [wugs] opposite the pillar,-1.831608533859253,-6.956608295440674,-2.211653232574463,-7.586653232574463,-2.081925868988037,-5.706925868988037,-2.506754159927368,-6.506753921508789,128
test,1,The strange [wugs] opposite the pillar,The strange [wug] opposite the pillars,-2.922335624694824,-5.547335624694824,-2.8168957233428955,-6.441895961761475,-3.448509454727173,-4.948509216308594,-3.26102614402771,-5.886026382446289,128
test,0,The bold [wug] under the sofas,The bold [wugs] under the sofa,-14.163705825805664,-14.288705825805664,-13.449719429016113,-15.387219429016113,-14.443392753601074,-14.130892753601074,-13.438614845275879,-14.813614845275879,128
test,1,The bold [wugs] under the sofa,The bold [wug] under the sofas,-13.238069534301758,-14.363069534301758,-13.077981948852539,-15.452981948852539,-13.237844467163086,-13.862844467163086,-12.846059799194336,-14.783559799194336,128
test,0,The strange [wug] opposite the tents,The strange [wugs] opposite the tent,-15.326714515686035,-16.63921546936035,-14.003372192382812,-17.003372192382812,-15.801665306091309,-15.739165306091309,-14.206850051879883,-16.269350051879883,128
test,1,The strange [wugs] opposite the tent,The strange [wug] opposite the tents,-14.01350212097168,-16.63850212097168,-14.230165481567383,-18.105165481567383,-14.046037673950195,-16.546037673950195,-14.337693214416504,-18.025192260742188,128
test,0,The wary [wug] by the desks,The wary [wugs] by the desk,-15.555747032165527,-17.243247985839844,-16.806856155395508,-18.494356155395508,-16.45113182067871,-16.70113182067871,-17.123048782348633,-17.873048782348633,128
test,1,The wary [wugs] by the desk,The wary [wug] by the desks,-13.749485969543457,-16.311986923217773,-16.64038848876953,-19.01538848876953,-13.969043731689453,-16.156543731689453,-16.764801025390625,-18.952301025390625,128
test,0,The lively [wug] under the cabinets,The lively [wugs] under the cabinet,-15.760863304138184,-18.4483642578125,-16.28268814086914,-19.84518814086914,-16.593992233276367,-17.281492233276367,-16.699594497680664,-18.762094497680664,128
test,1,The lively [wugs] under the cabinet,The lively [wug] under the cabinets,-15.82540225982666,-18.200401306152344,-17.08620262145996,-20.64870262145996,-16.193281173706055,-17.693281173706055,-17.273977279663086,-20.086477279663086,128
test,0,The clever [wug] below the wells,The clever [wugs] below the well,-13.340479850769043,-17.59048080444336,-14.766347885131836,-18.891347885131836,-13.288665771484375,-16.351165771484375,-15.015241622924805,-18.202741622924805,128
test,1,The clever [wugs] below the well,The clever [wug] below the wells,-12.601778030395508,-12.976778030395508,-13.438173294067383,-16.875673294067383,-13.1845064163208,-12.7470064163208,-13.436023712158203,-16.123523712158203,128
test,0,The restless [wug] below the boards,The restless [wugs] below the board,-14.498433113098145,-15.623433113098145,-15.235663414001465,-16.67316246032715,-15.110888481140137,-15.173388481140137,-15.72613525390625,-16.47613525390625,128
test,1,The restless [wugs] below the board,The restless [wug] below the boards,-13.105154991149902,-16.79265594482422,-14.275961875915527,-18.58846092224121,-13.34398365020752,-16.406484603881836,-14.585823059082031,-18.39832305908203,128
test,0,The sturdy [wug] between the mirrors,The sturdy [wugs] between the mirror,-16.57412338256836,-17.19912338256836,-16.197248458862305,-17.447248458862305,-16.475915908813477,-16.725915908813477,-16.256261825561523,-17.381261825561523,128
test,1,The sturdy [wugs] between the mirror,The sturdy [wug] between the mirrors,-17.021848678588867,-18.584348678588867,-16.68484878540039,-18.49734878540039,-16.714529037475586,-18.152029037475586,-16.575918197631836,-18.200918197631836,128
test,0,The curious [wug] atop the baskets,The curious [wugs] atop the basket,-4.912718772888184,-7.537718772888184,-4.470690727233887,-8.720690727233887,-5.39626932144165,-6.77126932144165,-4.834563732147217,-7.834563732147217,128
test,1,The curious [wugs] atop the basket,The curious [wug] atop the baskets,-4.463065147399902,-5.338065147399902,-5.895698547363281,-9.145698547363281,-5.076014518737793,-4.701014518737793,-5.898866176605225,-8.023866653442383,128
test,0,The tiny [wug] beside the tents,The tiny [wugs] beside the tent,-14.287240982055664,-17.349740982055664,-15.213919639587402,-18.963918685913086,-14.841269493103027,-15.716269493103027,-15.527570724487305,-17.402570724487305,128
test,1,The tiny [wugs] beside the tent,The tiny [wug] beside the tents,-13.269857406616211,-16.89485740661621,-14.65483283996582,-19.02983283996582,-13.208349227905273,-16.458349227905273,-14.77915096282959,-18.904150009155273,128
test,0,The tiny [wug] opposite the straps,The tiny [wugs] opposite the strap,-1.44618558883667,-5.19618558883667,-2.759788751602173,-8.759788513183594,-1.5991466045379639,-4.099146366119385,-3.220045566558838,-7.470045566558838,128
test,1,The tiny [wugs] opposite the strap,The tiny [wug] opposite the straps,-4.916172027587891,-5.666172027587891,-5.020839214324951,-10.020838737487793,-5.0464630126953125,-5.1714630126953125,-5.14792537689209,-8.89792537689209,128
test,0,The gentle [wug] beside the pillars,The gentle [wugs] beside the pillar,-15.454209327697754,-16.391708374023438,-15.151494979858398,-15.526494979858398,-15.941034317016602,-16.0660343170166,-15.351727485656738,-14.976727485656738,128
test,1,The gentle [wugs] beside the pillar,The gentle [wug] beside the pillars,-14.580745697021484,-15.705745697021484,-14.52371883392334,-16.211217880249023,-14.568166732788086,-15.443166732788086,-14.68480110168457,-16.24730110168457,128
test,0,The strange [wug] above the banks,The strange [wugs] above the bank,-17.922075271606445,-18.359575271606445,-17.01519775390625,-17.76519775390625,-18.156208038330078,-17.968708038330078,-17.388864517211914,-17.638864517211914,128
test,1,The strange [wugs] above the bank,The strange [wug] above the banks,-17.51272964477539,-19.26272964477539,-16.240659713745117,-18.803159713745117,-17.41592025756836,-18.69717025756836,-16.42656898498535,-18.67656898498535,128
test,0,The clever [wug] above the braces,The clever [wugs] above the brace,-11.001172065734863,-13.376172065734863,-10.01331901550293,-13.95081901550293,-11.119547843933105,-12.744547843933105,-10.142874717712402,-13.267874717712402,128
test,1,The clever [wugs] above the brace,The clever [wug] above the braces,-13.391788482666016,-13.704288482666016,-13.26645565032959,-13.89145565032959,-14.014512062072754,-13.514512062072754,-13.517816543579102,-13.517816543579102,128
test,0,The fierce [wug] below the bins,The fierce [wugs] below the bin,-1.952591896057129,-5.327591896057129,-3.4491453170776367,-8.449145317077637,-2.482717275619507,-4.357717514038086,-3.689525604248047,-7.314525604248047,128
test,1,The fierce [wugs] below the bin,The fierce [wug] below the bins,-2.4842190742492676,-4.109219074249268,-3.679844379425049,-5.804844379425049,-3.045597553253174,-3.420597553253174,-4.173896312713623,-5.048896312713623,128
test,0,The tiny [wug] opposite the doors,The tiny [wugs] opposite the door,-16.180152893066406,-17.617652893066406,-15.785089492797852,-17.53508949279785,-16.34292984008789,-17.03042984008789,-16.116064071655273,-17.303564071655273,128
test,1,The tiny [wugs] opposite the door,The tiny [wug] opposite the doors,-15.282170295715332,-17.782169342041016,-16.354352951049805,-18.729352951049805,-15.233999252319336,-17.546499252319336,-16.602819442749023,-18.727819442749023,128
test,0,The clumsy [wug] near the cabinets,The clumsy [wugs] near the cabinet,-19.29074478149414,-20.82199478149414,-19.403963088989258,-20.841463088989258,-19.81002426147461,-20.31002426147461,-19.685009002685547,-20.560009002685547,128
test,1,The clumsy [wugs] near the cabinet,The clumsy [wug] near the cabinets,-20.110897064208984,-20.860897064208984,-21.52571678161621,-22.74446678161621,-20.34925651550293,-20.72425651550293,-21.218917846679688,-22.218917846679688,128
test,0,The gentle [wug] opposite the fences,The gentle [wugs] opposite the fence,-4.118142604827881,-7.118142604827881,-3.5904738903045654,-8.340474128723145,-4.491288185119629,-5.741288185119629,-4.074035167694092,-6.574035167694092,128
test,1,The gentle [wugs] opposite the fence,The gentle [wug] opposite the fences,-3.956676721572876,-5.081676483154297,-3.800926685333252,-7.300926685333252,-4.2107319831848145,-4.5857319831848145,-3.9288625717163086,-6.178862571716309,128
test,0,The tiny [wug] atop the jars,The tiny [wugs] atop the jar,-1.1903544664382935,-4.565354347229004,-2.348458766937256,-6.223458766937256,-1.435210108757019,-3.1852102279663086,-2.7715342044830322,-5.021534442901611,128
test,1,The tiny [wugs] atop the jar,The tiny [wug] atop the jars,-2.056379795074463,-3.931379795074463,-1.7947720289230347,-7.169772148132324,-2.0252299308776855,-3.6502299308776855,-1.9700289964675903,-6.470028877258301,128
test,0,The gentle [wug] beside the fences,The gentle [wugs] beside the fence,-4.568782329559326,-7.943782329559326,-4.336334228515625,-9.461334228515625,-4.822036266326904,-6.447036266326904,-4.696772575378418,-7.696772575378418,128
test,1,The gentle [wugs] beside the fence,The gentle [wug] beside the fences,-4.440310478210449,-6.440310478210449,-5.146383762359619,-9.146383285522461,-4.708278179168701,-5.458278179168701,-5.275523662567139,-7.650523662567139,128
test,0,The round [wug] under the lamps,The round [wugs] under the lamp,-16.970211029052734,-19.407711029052734,-17.570056915283203,-19.695056915283203,-17.220895767211914,-18.595895767211914,-17.774608612060547,-19.212108612060547,128
test,1,The round [wugs] under the lamp,The round [wug] under the lamps,-18.449939727783203,-19.824939727783203,-19.387451171875,-20.949951171875,-18.203733444213867,-19.141233444213867,-18.955869674682617,-20.080869674682617,128
test,0,The restless [wug] opposite the banks,The restless [wugs] opposite the bank,-5.524415016174316,-10.024415016174316,-5.773012638092041,-10.023012161254883,-5.404285430908203,-8.279285430908203,-6.144322872161865,-8.519322395324707,128
test,1,The restless [wugs] opposite the bank,The restless [wug] opposite the banks,-1.913682222366333,-4.663682460784912,-4.052330493927002,-7.552330493927002,-2.3165769577026367,-3.5665769577026367,-4.539544582366943,-6.914544582366943,128
test,0,The wary [wug] below the tents,The wary [wugs] below the tent,-2.842881917953491,-6.59288215637207,-4.179412841796875,-8.554412841796875,-3.5233850479125977,-4.898385047912598,-4.302862644195557,-6.802862644195557,128
test,1,The wary [wugs] below the tent,The wary [wug] below the tents,-3.5782644748687744,-7.4532647132873535,-4.313970565795898,-7.813970565795898,-3.584746837615967,-6.334746837615967,-4.435054779052734,-7.185054779052734,128
test,0,The gentle [wug] opposite the poles,The gentle [wugs] opposite the pole,-19.10051918029785,-21.28801918029785,-19.368738174438477,-21.056238174438477,-19.47329330444336,-20.97329330444336,-19.315210342407227,-20.377710342407227,128
test,1,The gentle [wugs] opposite the pole,The gentle [wug] opposite the poles,-20.42837142944336,-21.25649642944336,-19.867116928100586,-21.304616928100586,-20.499319076538086,-21.124319076538086,-19.940261840820312,-21.221511840820312,128
test,0,The lively [wug] alongside the beams,The lively [wugs] alongside the beam,-14.49234676361084,-14.17984676361084,-14.221329689025879,-14.158829689025879,-15.033650398254395,-13.846150398254395,-14.878904342651367,-13.941404342651367,128
test,1,The lively [wugs] alongside the beam,The lively [wug] alongside the beams,-12.724259376525879,-16.036760330200195,-13.515934944152832,-17.89093589782715,-12.849804878234863,-15.537304878234863,-13.766131401062012,-17.328632354736328,128
test,0,The fierce [wug] below the banks,The fierce [wugs] below the bank,-5.732601165771484,-9.357601165771484,-6.880403518676758,-11.005403518676758,-6.08479642868042,-8.209795951843262,-7.129395008087158,-9.629395484924316,128
test,1,The fierce [wugs] below the bank,The fierce [wug] below the banks,-3.889897346496582,-5.389897346496582,-6.381922721862793,-8.756922721862793,-4.382903575897217,-4.632903575897217,-6.756450653076172,-8.006450653076172,128
test,0,The gentle [wug] opposite the banks,The gentle [wugs] opposite the bank,-6.357303142547607,-10.482303619384766,-5.523407459259033,-10.148406982421875,-6.203670501708984,-9.203670501708984,-6.017053604125977,-8.517053604125977,128
test,1,The gentle [wugs] opposite the bank,The gentle [wug] opposite the banks,-1.923069715499878,-3.673069715499878,-3.3342535495758057,-7.459253787994385,-2.6404852867126465,-3.2654852867126465,-3.5716121196746826,-6.4466118812561035,128
test,0,The round [wug] near the bushes,The round [wugs] near the bush,-4.594099998474121,-10.594099998474121,-5.617690086364746,-11.367690086364746,-4.681526184082031,-9.306526184082031,-5.73328971862793,-10.60828971862793,128
test,1,The round [wugs] near the bush,The round [wug] near the bushes,-4.564044952392578,-8.064044952392578,-6.900717735290527,-9.900717735290527,-5.130185127258301,-7.505185127258301,-7.273147106170654,-9.023146629333496,128
test,0,The tiny [wug] below the ponds,The tiny [wugs] below the pond,-17.39011001586914,-18.70261001586914,-16.76082992553711,-18.69832992553711,-17.702735900878906,-17.952735900878906,-17.132810592651367,-18.070310592651367,128
test,1,The tiny [wugs] below the pond,The tiny [wug] below the ponds,-16.394161224365234,-20.769161224365234,-16.07155990600586,-21.69655990600586,-16.515487670898438,-19.952987670898438,-16.009193420410156,-21.259193420410156,128
test,0,The sturdy [wug] between the pens,The sturdy [wugs] between the pen,-15.871113777160645,-16.433612823486328,-16.967470169067383,-17.967470169067383,-16.004135131835938,-15.816636085510254,-17.08218765258789,-17.64468765258789,128
test,1,The sturdy [wugs] between the pen,The sturdy [wug] between the pens,-15.129008293151855,-16.941509246826172,-13.886942863464355,-14.449442863464355,-14.59709644317627,-16.597095489501953,-13.752348899841309,-14.314848899841309,128
test,0,The shy [wug] under the heaps,The shy [wugs] under the heap,-7.568105220794678,-10.318105697631836,-5.945428848266602,-10.820428848266602,-7.8181562423706055,-9.818156242370605,-6.0705108642578125,-9.945510864257812,128
test,1,The shy [wugs] under the heap,The shy [wug] under the heaps,-6.9048614501953125,-7.0298614501953125,-6.403811454772949,-8.40381145477295,-7.474301815032959,-6.724301815032959,-6.781332015991211,-7.531332015991211,128
test,0,The wary [wug] beside the bins,The wary [wugs] beside the bin,-2.23736572265625,-6.23736572265625,-4.069154262542725,-9.694153785705566,-2.602884292602539,-4.852884292602539,-4.429886817932129,-8.304886817932129,128
test,1,The wary [wugs] beside the bin,The wary [wug] beside the bins,-3.2283833026885986,-5.1033830642700195,-2.5159497261047363,-5.765949726104736,-4.157381057739258,-4.157381057739258,-3.132749557495117,-5.132749557495117,128
test,0,The round [wug] opposite the sacks,The round [wugs] opposite the sack,-3.0863499641418457,-7.336349964141846,-3.947977066040039,-8.822977066040039,-3.7540533542633057,-6.129053115844727,-4.542555809020996,-8.042555809020996,128
test,1,The round [wugs] opposite the sack,The round [wug] opposite the sacks,-6.521840572357178,-6.896840572357178,-6.510648727416992,-8.260648727416992,-6.893520832061768,-6.893520832061768,-7.009023189544678,-8.00902271270752,128
test,0,The clever [wug] atop the slopes,The clever [wugs] atop the slope,-3.750582456588745,-8.000582695007324,-3.882779836654663,-10.007780075073242,-4.057846546173096,-6.557846546173096,-4.141756534576416,-8.516756057739258,128
test,1,The clever [wugs] atop the slope,The clever [wug] atop the slopes,-3.5861926078796387,-3.8361926078796387,-4.600594997406006,-7.225594997406006,-4.032621383666992,-3.282621383666992,-4.97862434387207,-6.10362434387207,128
test,0,The restless [wug] atop the sockets,The restless [wugs] atop the socket,-4.90603494644165,-7.28103494644165,-5.269711971282959,-9.1447114944458,-5.055662631988525,-6.430662631988525,-5.507482051849365,-8.507482528686523,128
test,1,The restless [wugs] atop the socket,The restless [wug] atop the sockets,-6.932550430297852,-7.807550430297852,-8.021299362182617,-10.146299362182617,-7.42989444732666,-7.42989444732666,-8.398119926452637,-9.398119926452637,128
test,0,The wary [wug] atop the slopes,The wary [wugs] atop the slope,-15.216547966003418,-17.4040470123291,-16.653318405151367,-18.465818405151367,-15.704977035522461,-16.57997703552246,-17.0148868560791,-17.8273868560791,128
test,1,The wary [wugs] atop the slope,The wary [wug] atop the slopes,-15.164411544799805,-18.601911544799805,-16.33525276184082,-20.58525276184082,-15.234704971313477,-17.734704971313477,-16.40070152282715,-20.18195152282715,128
test,0,The sturdy [wug] between the heaps,The sturdy [wugs] between the heap,-6.9232869148254395,-10.673287391662598,-4.175653457641602,-9.550653457641602,-7.054384231567383,-9.929384231567383,-4.343301296234131,-8.843301773071289,128
test,1,The sturdy [wugs] between the heap,The sturdy [wug] between the heaps,-8.455086708068848,-8.705086708068848,-8.064847946166992,-8.564847946166992,-8.824592590332031,-8.449592590332031,-8.578800201416016,-8.203800201416016,128
test,0,The round [wug] below the mirrors,The round [wugs] below the mirror,-1.5488237142562866,-5.923823833465576,-2.220787763595581,-7.59578800201416,-2.5429527759552,-5.292952537536621,-2.5151288509368896,-6.390129089355469,128
test,1,The round [wugs] below the mirror,The round [wug] below the mirrors,-1.0839083194732666,-4.708908557891846,-3.935116767883301,-6.185116767883301,-1.3433823585510254,-3.8433823585510254,-3.945906400680542,-5.320906639099121,128
test,0,The round [wug] under the poles,The round [wugs] under the pole,-1.8569735288619995,-6.106973648071289,-3.842811346054077,-9.342811584472656,-2.1644105911254883,-4.914410591125488,-3.8431456089019775,-8.343145370483398,128
test,1,The round [wugs] under the pole,The round [wug] under the poles,-1.8395746946334839,-3.8395748138427734,-4.910736560821533,-6.160736560821533,-2.2295243740081787,-3.4795243740081787,-5.407140254974365,-5.657140254974365,128
test,0,The strange [wug] above the hinges,The strange [wugs] above the hinge,-12.395827293395996,-14.708327293395996,-12.476088523864746,-15.351088523864746,-12.566427230834961,-14.191427230834961,-12.566123008728027,-14.941123008728027,128
test,1,The strange [wugs] above the hinge,The strange [wug] above the hinges,-14.321175575256348,-15.321175575256348,-13.9366455078125,-16.1866455078125,-14.273330688476562,-15.085830688476562,-14.130006790161133,-15.755006790161133,128
test,0,The wary [wug] beside the banks,The wary [wugs] beside the bank,-12.361092567443848,-16.23609161376953,-12.011606216430664,-16.136606216430664,-12.047418594360352,-14.922418594360352,-12.508698463439941,-15.258698463439941,128
test,1,The wary [wugs] beside the bank,The wary [wug] beside the banks,-10.395750045776367,-11.958250045776367,-13.382672309875488,-15.945172309875488,-10.873278617858887,-10.873278617858887,-13.631093978881836,-15.506093978881836,128
