split,inverse,source_input,base_input,source_logp_A,source_logp_B,base_logp_A,base_logp_B,base_intervention_logp_A,base_intervention_logp_B,n_nodes
train,0,The sleepy bat,The sleepy bats,-2.0464906692504883,-10.171490669250488,-8.45367431640625,-1.76617431640625,-8.396467208862305,-1.7714672088623047,16
train,1,The sleepy bats,The sleepy bat,-1.76617431640625,-8.45367431640625,-10.171490669250488,-2.0464906692504883,-10.047696113586426,-2.110196113586426,16
train,0,The fuzzy frog,The fuzzy frogs,-12.373226165771484,-15.185726165771484,-15.832802772521973,-11.707802772521973,-15.680876731872559,-11.680876731872559,16
train,1,The fuzzy frogs,The fuzzy frog,-11.707802772521973,-15.832802772521973,-15.185726165771484,-12.373226165771484,-15.123268127441406,-12.373268127441406,16
train,0,The bright shark,The bright sharks,-9.019481658935547,-11.706981658935547,-11.733707427978516,-9.171207427978516,-11.636581420898438,-9.199081420898438,16
train,1,The bright sharks,The bright shark,-9.171207427978516,-11.733707427978516,-11.706981658935547,-9.019481658935547,-11.621899604797363,-8.996899604797363,16
train,0,The small bat,The small bats,-8.144024848937988,-14.706524848937988,-13.221708297729492,-7.596708297729492,-13.152883529663086,-7.652884006500244,16
train,1,The small bats,The small bat,-7.596708297729492,-13.221708297729492,-14.706524848937988,-8.144024848937988,-14.573136329650879,-8.135636329650879,16
train,0,The bright chick,The bright chicks,-15.253191947937012,-17.190692901611328,-16.955263137817383,-15.0490140914917,-17.056190490722656,-15.18118953704834,16
train,1,The bright chicks,The bright chick,-15.0490140914917,-16.955263137817383,-17.190692901611328,-15.253191947937012,-17.126678466796875,-15.282929420471191,16
train,0,The nervous panda,The nervous pandas,-12.229968070983887,-13.292468070983887,-14.242985725402832,-12.117985725402832,-14.237237930297852,-12.174737930297852,16
train,1,The nervous pandas,The nervous panda,-12.117985725402832,-14.242985725402832,-13.292468070983887,-12.229968070983887,-13.18451976776123,-12.18451976776123,16
train,0,The slender turtle,The slender turtles,-12.91177749633789,-16.72427749633789,-16.817707061767578,-13.880208015441895,-16.81344223022461,-13.87594223022461,16
train,1,The slender turtles,The slender turtle,-13.880208015441895,-16.817707061767578,-16.72427749633789,-12.91177749633789,-16.773515701293945,-13.054765701293945,16
train,0,The quiet turtle,The quiet turtles,-3.8923959732055664,-11.767395973205566,-8.378198623657227,-3.1281983852386475,-8.31869125366211,-3.1311912536621094,16
train,1,The quiet turtles,The quiet turtle,-3.1281983852386475,-8.378198623657227,-11.767395973205566,-3.8923959732055664,-11.701356887817383,-4.013856887817383,16
train,0,The sleepy doe,The sleepy does,-13.937175750732422,-15.312175750732422,-16.412879943847656,-14.350380897521973,-16.290058135986328,-14.352558135986328,16
train,1,The sleepy does,The sleepy doe,-14.350380897521973,-16.412879943847656,-15.312175750732422,-13.937175750732422,-15.276559829711914,-13.964059829711914,16
train,0,The timid horse,The timid horses,-3.622795581817627,-11.185295104980469,-9.032999992370605,-2.5954999923706055,-8.945833206176758,-2.695833206176758,16
train,1,The timid horses,The timid horse,-2.5954999923706055,-9.032999992370605,-11.185295104980469,-3.622795581817627,-11.01168155670166,-3.63668155670166,16
train,0,The nervous rat,The nervous rats,-3.7572693824768066,-11.007269859313965,-8.699682235717773,-3.4496827125549316,-8.531106948852539,-3.531107187271118,16
train,1,The nervous rats,The nervous rat,-3.4496827125549316,-8.699682235717773,-11.007269859313965,-3.7572693824768066,-10.963448524475098,-3.7134482860565186,16
train,0,The fuzzy shark,The fuzzy sharks,-2.384080171585083,-9.009079933166504,-5.888036727905273,-1.513036847114563,-5.879073143005371,-1.504072904586792,16
train,1,The fuzzy sharks,The fuzzy shark,-1.513036847114563,-5.888036727905273,-9.009079933166504,-2.384080171585083,-8.920873641967773,-2.2958736419677734,16
train,0,The timid horse,The timid horses,-11.435295104980469,-14.904045104980469,-14.657999992370605,-10.845499992370605,-14.570833206176758,-10.945833206176758,16
train,1,The timid horses,The timid horse,-10.845499992370605,-14.657999992370605,-14.904045104980469,-11.435295104980469,-14.85543155670166,-11.44918155670166,16
train,0,The timid dog,The timid dogs,-11.90491008758545,-13.52991008758545,-14.114075660705566,-10.489075660705566,-14.016700744628906,-10.579200744628906,16
train,1,The timid dogs,The timid dog,-10.489075660705566,-14.114075660705566,-13.52991008758545,-11.90491008758545,-13.475630760192871,-11.975630760192871,16
train,0,The timid rabbit,The timid rabbits,-3.582519769668579,-11.77001953125,-8.246504783630371,-1.8715049028396606,-8.151168823242188,-1.9636685848236084,16
train,1,The timid rabbits,The timid rabbit,-1.8715049028396606,-8.246504783630371,-11.77001953125,-3.582519769668579,-11.543707847595215,-3.606207847595215,16
train,0,The bright panda,The bright pandas,-9.874908447265625,-11.937408447265625,-12.603123664855957,-8.915623664855957,-12.574328422546387,-8.886828422546387,16
train,1,The bright pandas,The bright panda,-8.915623664855957,-12.603123664855957,-11.937408447265625,-9.874908447265625,-11.875245094299316,-10.000245094299316,16
train,0,The fuzzy turtle,The fuzzy turtles,-11.224119186401367,-13.474119186401367,-14.917819023132324,-10.917819023132324,-14.960317611694336,-11.022817611694336,16
train,1,The fuzzy turtles,The fuzzy turtle,-10.917819023132324,-14.917819023132324,-13.474119186401367,-11.224119186401367,-13.48425006866455,-11.29675006866455,16
train,0,The sleepy monitor,The sleepy monitors,-3.844548225402832,-11.344548225402832,-9.137937545776367,-3.5129377841949463,-9.12786865234375,-3.62786865234375,16
train,1,The sleepy monitors,The sleepy monitor,-3.5129377841949463,-9.137937545776367,-11.344548225402832,-3.844548225402832,-11.171140670776367,-3.7961411476135254,16
train,0,The calm dolphin,The calm dolphins,-8.824138641357422,-12.511638641357422,-13.90089225769043,-9.02589225769043,-13.866132736206055,-9.116132736206055,16
train,1,The calm dolphins,The calm dolphin,-9.02589225769043,-13.90089225769043,-12.511638641357422,-8.824138641357422,-12.394611358642578,-8.832111358642578,16
train,0,The small pup,The small pups,-11.638948440551758,-15.013948440551758,-15.196938514709473,-11.759438514709473,-15.132018089294434,-11.882018089294434,16
train,1,The small pups,The small pup,-11.759438514709473,-15.196938514709473,-15.013948440551758,-11.638948440551758,-14.912521362304688,-11.662521362304688,16
train,0,The quiet whale,The quiet whales,-9.87840461730957,-12.50340461730957,-13.536538124084473,-10.036538124084473,-13.418256759643555,-10.105756759643555,16
train,1,The quiet whales,The quiet whale,-10.036538124084473,-13.536538124084473,-12.50340461730957,-9.87840461730957,-12.51015853881836,-9.88515853881836,16
train,0,The slender doe,The slender does,-15.092765808105469,-18.34276580810547,-18.52166748046875,-14.77166748046875,-18.522432327270508,-14.897433280944824,16
train,1,The slender does,The slender doe,-14.77166748046875,-18.52166748046875,-18.34276580810547,-15.092765808105469,-18.186914443969727,-14.968164443969727,16
train,0,The fuzzy kitten,The fuzzy kittens,-12.808009147644043,-13.308009147644043,-15.517393112182617,-11.892393112182617,-15.57645320892334,-11.95145320892334,16
train,1,The fuzzy kittens,The fuzzy kitten,-11.892393112182617,-15.517393112182617,-13.308009147644043,-12.808009147644043,-13.421969413757324,-12.984469413757324,16
train,0,The bright dog,The bright dogs,-11.89501667022705,-12.58251667022705,-14.304031372070312,-10.554031372070312,-14.190046310424805,-10.627546310424805,16
train,1,The bright dogs,The bright dog,-10.554031372070312,-14.304031372070312,-12.58251667022705,-11.89501667022705,-12.475815773010254,-11.913315773010254,16
train,0,The slender rabbit,The slender rabbits,-11.207054138183594,-16.457054138183594,-15.545167922973633,-12.732667922973633,-15.541399002075195,-12.791399002075195,16
train,1,The slender rabbits,The slender rabbit,-12.732667922973633,-15.545167922973633,-16.457054138183594,-11.207054138183594,-16.392650604248047,-11.205150604248047,16
train,0,The fuzzy whale,The fuzzy whales,-2.13865065574646,-8.638650894165039,-5.342800617218018,-1.7178006172180176,-5.351808071136475,-1.7268080711364746,16
train,1,The fuzzy whales,The fuzzy whale,-1.7178006172180176,-5.342800617218018,-8.638650894165039,-2.13865065574646,-8.59546947479248,-2.1579694747924805,16
train,0,The quiet pup,The quiet pups,-4.8490142822265625,-11.599014282226562,-8.164048194885254,-4.164048194885254,-8.066527366638184,-4.316527366638184,16
train,1,The quiet pups,The quiet pup,-4.164048194885254,-8.164048194885254,-11.599014282226562,-4.8490142822265625,-11.565942764282227,-4.878442287445068,16
train,0,The timid horse,The timid horses,-12.997795104980469,-13.622795104980469,-15.157999992370605,-11.970499992370605,-15.070833206176758,-12.008333206176758,16
train,1,The timid horses,The timid horse,-11.970499992370605,-15.157999992370605,-13.622795104980469,-12.997795104980469,-13.63668155670166,-13.07418155670166,16
train,0,The timid bat,The timid bats,-10.331415176391602,-16.5501651763916,-15.22099494934082,-12.28349494934082,-15.072736740112305,-12.260236740112305,16
train,1,The timid bats,The timid bat,-12.28349494934082,-15.22099494934082,-16.5501651763916,-10.331415176391602,-16.464515686035156,-10.402016639709473,16
train,0,The quiet dolphin,The quiet dolphins,-13.498290061950684,-15.123290061950684,-16.145069122314453,-13.738818168640137,-16.17325782775879,-13.829508781433105,16
train,1,The quiet dolphins,The quiet dolphin,-13.738818168640137,-16.145069122314453,-15.123290061950684,-13.498290061950684,-15.178418159484863,-13.490918159484863,16
train,0,The slender rabbit,The slender rabbits,-11.644554138183594,-15.957054138183594,-15.607667922973633,-11.670167922973633,-15.603899002075195,-11.728899002075195,16
train,1,The slender rabbits,The slender rabbit,-11.670167922973633,-15.607667922973633,-15.957054138183594,-11.644554138183594,-15.892650604248047,-11.705150604248047,16
train,0,The sleepy dolphin,The sleepy dolphins,-3.2807798385620117,-10.218279838562012,-7.919155120849609,-3.0441553592681885,-7.809534072875977,-3.0595340728759766,16
train,1,The sleepy dolphins,The sleepy dolphin,-3.0441553592681885,-7.919155120849609,-10.218279838562012,-3.2807798385620117,-10.159232139587402,-3.284231662750244,16
train,0,The calm horse,The calm horses,-3.8239660263061523,-10.823966026306152,-8.406306266784668,-3.156306266784668,-8.36922550201416,-3.1817257404327393,16
train,1,The calm horses,The calm horse,-3.156306266784668,-8.406306266784668,-10.823966026306152,-3.8239660263061523,-10.726258277893066,-3.8512587547302246,16
train,0,The fuzzy cow,The fuzzy cows,-3.6432242393493652,-9.330724716186523,-6.015179634094238,-1.6401793956756592,-5.969446182250977,-1.7194464206695557,16
train,1,The fuzzy cows,The fuzzy cow,-1.6401793956756592,-6.015179634094238,-9.330724716186523,-3.6432242393493652,-9.270639419555664,-3.520638942718506,16
train,0,The calm chick,The calm chicks,-12.234189987182617,-14.765439987182617,-15.903515815734863,-13.872265815734863,-15.907610893249512,-13.938860893249512,16
train,1,The calm chicks,The calm chick,-13.872265815734863,-15.903515815734863,-14.765439987182617,-12.234189987182617,-14.673251152038574,-12.235751152038574,16
train,0,The small turtle,The small turtles,-14.315163612365723,-17.190162658691406,-18.673540115356445,-13.329790115356445,-18.564760208129883,-13.3460111618042,16
train,1,The small turtles,The small turtle,-13.329790115356445,-18.673540115356445,-17.190162658691406,-14.315163612365723,-17.08074378967285,-14.299493789672852,16
train,0,The nervous kit,The nervous kits,-10.946656227111816,-12.571656227111816,-12.75014591217041,-12.06264591217041,-12.828749656677246,-12.141249656677246,16
train,1,The nervous kits,The nervous kit,-12.06264591217041,-12.75014591217041,-12.571656227111816,-10.946656227111816,-12.567788124084473,-10.942788124084473,16
train,0,The small rat,The small rats,-3.4573755264282227,-10.832375526428223,-9.822942733764648,-2.6979422569274902,-9.81209659576416,-2.6870968341827393,16
train,1,The small rats,The small rat,-2.6979422569274902,-9.822942733764648,-10.832375526428223,-3.4573755264282227,-10.711963653564453,-3.399463176727295,16
train,0,The timid turtle,The timid turtles,-2.692564010620117,-11.442564010620117,-8.323813438415527,-1.8238136768341064,-8.246885299682617,-1.8718854188919067,16
train,1,The timid turtles,The timid turtle,-1.8238136768341064,-8.323813438415527,-11.442564010620117,-2.692564010620117,-11.278266906738281,-2.715766429901123,16
train,0,The nervous chick,The nervous chicks,-10.208433151245117,-12.958433151245117,-13.862661361694336,-9.925161361694336,-13.86461067199707,-9.98961067199707,16
train,1,The nervous chicks,The nervous chick,-9.925161361694336,-13.862661361694336,-12.958433151245117,-10.208433151245117,-13.009271621704102,-10.259271621704102,16
train,0,The calm doe,The calm does,-6.801996231079102,-11.801996231079102,-17.28803253173828,-12.288032531738281,-17.164878845214844,-12.164878845214844,16
train,1,The calm does,The calm doe,-12.288032531738281,-17.28803253173828,-11.801996231079102,-6.801996231079102,-11.804640769958496,-6.804640769958496,16
train,0,The sleepy panda,The sleepy pandas,-12.8878173828125,-18.0128173828125,-14.43025016784668,-12.05525016784668,-14.319523811340332,-12.132023811340332,16
train,1,The sleepy pandas,The sleepy panda,-12.05525016784668,-14.43025016784668,-18.0128173828125,-12.8878173828125,-17.827341079711914,-12.889841079711914,16
train,0,The quiet kitten,The quiet kittens,-14.344233512878418,-18.281734466552734,-17.922115325927734,-15.578365325927734,-17.853473663330078,-15.697223663330078,16
train,1,The quiet kittens,The quiet kitten,-15.578365325927734,-17.922115325927734,-18.281734466552734,-14.344233512878418,-18.244138717651367,-14.462888717651367,16
train,0,The small frog,The small frogs,-7.775501251220703,-10.213001251220703,-14.185995101928711,-8.748495101928711,-14.11147403717041,-8.86147403717041,16
train,1,The small frogs,The small frog,-8.748495101928711,-14.185995101928711,-10.213001251220703,-7.775501251220703,-10.18112850189209,-7.80612850189209,16
train,0,The small panda,The small pandas,-14.670658111572266,-15.358158111572266,-15.195186614990234,-13.382686614990234,-15.185773849487305,-13.435773849487305,16
train,1,The small pandas,The small panda,-13.382686614990234,-15.195186614990234,-15.358158111572266,-14.670658111572266,-15.321575164794922,-14.696575164794922,16
train,0,The bright cock,The bright cocks,-19.47186851501465,-20.51874351501465,-18.29207992553711,-15.19832992553711,-18.312824249267578,-15.187823295593262,16
train,1,The bright cocks,The bright cock,-15.19832992553711,-18.29207992553711,-20.51874351501465,-19.47186851501465,-20.41991424560547,-19.35741424560547,16
train,0,The nervous lion,The nervous lions,-11.539170265197754,-15.726670265197754,-14.640934944152832,-11.078434944152832,-14.476704597473145,-10.976704597473145,16
train,1,The nervous lions,The nervous lion,-11.078434944152832,-14.640934944152832,-15.726670265197754,-11.539170265197754,-15.612229347229004,-11.487229347229004,16
train,0,The bright lion,The bright lions,-13.326513290405273,-14.139013290405273,-15.952536582946777,-14.202536582946777,-15.857597351074219,-14.107597351074219,16
train,1,The bright lions,The bright lion,-14.202536582946777,-15.952536582946777,-14.139013290405273,-13.326513290405273,-14.142931938171387,-13.392931938171387,16
train,0,The slender kitten,The slender kittens,-4.759136199951172,-13.321636199951172,-10.41899585723877,-3.8564963340759277,-10.46861743927002,-3.9686169624328613,16
train,1,The slender kittens,The slender kitten,-3.8564963340759277,-10.41899585723877,-13.321636199951172,-4.759136199951172,-13.2596435546875,-4.759644031524658,16
train,0,The bright kitten,The bright kittens,-13.268521308898926,-15.018521308898926,-17.01279640197754,-13.512795448303223,-16.950416564941406,-13.575417518615723,16
train,1,The bright kittens,The bright kitten,-13.512795448303223,-17.01279640197754,-15.018521308898926,-13.268521308898926,-14.84211254119873,-13.21711254119873,16
train,0,The calm turtle,The calm turtles,-12.88520622253418,-15.63520622253418,-16.615966796875,-12.178465843200684,-16.554838180541992,-12.336089134216309,16
train,1,The calm turtles,The calm turtle,-12.178465843200684,-16.615966796875,-15.63520622253418,-12.88520622253418,-15.580970764160156,-12.893470764160156,16
train,0,The quiet lion,The quiet lions,-11.025493621826172,-12.400493621826172,-14.263991355895996,-9.763991355895996,-14.134334564208984,-9.821834564208984,16
train,1,The quiet lions,The quiet lion,-9.763991355895996,-14.263991355895996,-12.400493621826172,-11.025493621826172,-12.34369945526123,-11.09369945526123,16
train,0,The nervous dolphin,The nervous dolphins,-10.229757308959961,-12.229757308959961,-14.018719673156738,-9.768719673156738,-14.016770362854004,-9.829270362854004,16
train,1,The nervous dolphins,The nervous dolphin,-9.768719673156738,-14.018719673156738,-12.229757308959961,-10.229757308959961,-12.174099922180176,-10.236599922180176,16
train,0,The timid cow,The timid cows,-9.847577095031738,-14.035077095031738,-13.322856903076172,-8.385356903076172,-13.275495529174805,-8.462995529174805,16
train,1,The timid cows,The timid cow,-8.385356903076172,-13.322856903076172,-14.035077095031738,-9.847577095031738,-13.940498352050781,-9.877998352050781,16
train,0,The calm rat,The calm rats,-9.511632919311523,-11.324132919311523,-13.06840991973877,-12.00590991973877,-13.103225708007812,-12.103225708007812,16
train,1,The calm rats,The calm rat,-12.00590991973877,-13.06840991973877,-11.324132919311523,-9.511632919311523,-11.275047302246094,-9.525047302246094,16
train,0,The timid shark,The timid sharks,-10.590666770935059,-11.590666770935059,-13.782865524291992,-8.970365524291992,-13.677124977111816,-8.989624977111816,16
train,1,The timid sharks,The timid shark,-8.970365524291992,-13.782865524291992,-11.590666770935059,-10.590666770935059,-11.622773170471191,-10.747773170471191,16
train,0,The fuzzy monitor,The fuzzy monitors,-12.422109603881836,-16.172109603881836,-15.596248626708984,-11.971248626708984,-15.718727111816406,-12.218727111816406,16
train,1,The fuzzy monitors,The fuzzy monitor,-11.971248626708984,-15.596248626708984,-16.172109603881836,-12.422109603881836,-16.054197311401367,-12.366697311401367,16
train,0,The fuzzy whale,The fuzzy whales,-9.388650894165039,-9.888650894165039,-11.71780014038086,-8.84280014038086,-11.664308547973633,-8.851808547973633,16
train,1,The fuzzy whales,The fuzzy whale,-8.84280014038086,-11.71780014038086,-9.888650894165039,-9.388650894165039,-9.84546947479248,-9.47046947479248,16
train,0,The quiet shark,The quiet sharks,-11.749894142150879,-14.499894142150879,-15.7211275100708,-11.5961275100708,-15.7002534866333,-11.6377534866333,16
train,1,The quiet sharks,The quiet shark,-11.5961275100708,-15.7211275100708,-14.499894142150879,-11.749894142150879,-14.380053520202637,-11.755053520202637,16
train,0,The calm cock,The calm cocks,-5.94998836517334,-10.94998836517334,-7.161782741546631,-3.724282741546631,-7.220787525177002,-3.658287525177002,16
train,1,The calm cocks,The calm cock,-3.724282741546631,-7.161782741546631,-10.94998836517334,-5.94998836517334,-10.989599227905273,-5.864599704742432,16
train,0,The slender dolphin,The slender dolphins,-2.0267014503479004,-9.026700973510742,-8.287010192871094,-2.4745101928710938,-8.21081256866455,-2.5858123302459717,16
train,1,The slender dolphins,The slender dolphin,-2.4745101928710938,-8.287010192871094,-9.026700973510742,-2.0267014503479004,-8.985098838806152,-1.9850987195968628,16
train,0,The calm dolphin,The calm dolphins,-9.824138641357422,-12.261638641357422,-13.27589225769043,-10.52589225769043,-13.116132736206055,-10.553632736206055,16
train,1,The calm dolphins,The calm dolphin,-10.52589225769043,-13.27589225769043,-12.261638641357422,-9.824138641357422,-12.269611358642578,-9.894611358642578,16
train,0,The sleepy whale,The sleepy whales,-12.3383150100708,-13.2133150100708,-15.366243362426758,-11.428743362426758,-15.358226776123047,-11.483226776123047,16
train,1,The sleepy whales,The sleepy whale,-11.428743362426758,-15.366243362426758,-13.2133150100708,-12.3383150100708,-13.123555183410645,-12.373555183410645,16
train,0,The timid rat,The timid rats,-13.304764747619629,-15.617264747619629,-15.68233871459961,-13.55733871459961,-15.644160270690918,-13.769160270690918,16
train,1,The timid rats,The timid rat,-13.55733871459961,-15.68233871459961,-15.617264747619629,-13.304764747619629,-15.492303848266602,-13.304803848266602,16
train,0,The nervous chick,The nervous chicks,-14.645933151245117,-16.989683151245117,-17.550161361694336,-14.862661361694336,-17.58336067199707,-14.92711067199707,16
train,1,The nervous chicks,The nervous chick,-14.862661361694336,-17.550161361694336,-16.989683151245117,-14.645933151245117,-17.0092716217041,-14.696771621704102,16
train,0,The sleepy frog,The sleepy frogs,-14.378683090209961,-15.566183090209961,-17.17732048034668,-12.55232048034668,-16.964441299438477,-12.495691299438477,16
train,1,The sleepy frogs,The sleepy frog,-12.55232048034668,-17.17732048034668,-15.566183090209961,-14.378683090209961,-15.498664855957031,-14.436164855957031,16
train,0,The slender chick,The slender chicks,-15.186155319213867,-15.498655319213867,-16.430837631225586,-13.712087631225586,-16.60681915283203,-13.919320106506348,16
train,1,The slender chicks,The slender chick,-13.712087631225586,-16.430837631225586,-15.498655319213867,-15.186155319213867,-15.357728958129883,-15.138978958129883,16
train,0,The slender doe,The slender does,-9.811515808105469,-10.874015808105469,-13.08416748046875,-10.33416748046875,-13.022433280944824,-10.334933280944824,16
train,1,The slender does,The slender doe,-10.33416748046875,-13.08416748046875,-10.874015808105469,-9.811515808105469,-10.718164443969727,-9.780664443969727,16
train,0,The slender cow,The slender cows,-14.973971366882324,-17.348970413208008,-16.584209442138672,-13.365460395812988,-16.556367874145508,-13.493867874145508,16
train,1,The slender cows,The slender cow,-13.365460395812988,-16.584209442138672,-17.348970413208008,-14.973971366882324,-17.242738723754883,-14.930238723754883,16
train,0,The sleepy turtle,The sleepy turtles,-12.553534507751465,-13.366034507751465,-17.053958892822266,-11.02270793914795,-16.9697322845459,-11.063482284545898,16
train,1,The sleepy turtles,The sleepy turtle,-11.02270793914795,-17.053958892822266,-13.366034507751465,-12.553534507751465,-13.323323249816895,-12.635823249816895,16
train,0,The nervous shark,The nervous sharks,-11.158218383789062,-14.470718383789062,-14.444704055786133,-10.569704055786133,-14.482664108276367,-10.607664108276367,16
train,1,The nervous sharks,The nervous shark,-10.569704055786133,-14.444704055786133,-14.470718383789062,-11.158218383789062,-14.470157623291016,-11.220157623291016,16
train,0,The calm panda,The calm pandas,-13.371621131896973,-13.934121131896973,-14.474785804748535,-12.787285804748535,-14.397110939025879,-12.834610939025879,16
train,1,The calm pandas,The calm panda,-12.787285804748535,-14.474785804748535,-13.934121131896973,-13.371621131896973,-13.932222366333008,-13.369722366333008,16
train,0,The calm frog,The calm frogs,-9.3425874710083,-12.2800874710083,-13.061083793640137,-8.811083793640137,-12.994329452514648,-8.869329452514648,16
train,1,The calm frogs,The calm frog,-8.811083793640137,-13.061083793640137,-12.2800874710083,-9.3425874710083,-12.17408275604248,-9.36158275604248,16
train,0,The small pup,The small pups,-10.951448440551758,-14.263948440551758,-17.134437561035156,-13.384438514709473,-17.13201904296875,-13.507018089294434,16
train,1,The small pups,The small pup,-13.384438514709473,-17.134437561035156,-14.263948440551758,-10.951448440551758,-14.225021362304688,-10.975021362304688,16
train,0,The nervous rat,The nervous rats,-12.257269859313965,-13.569769859313965,-14.762182235717773,-13.012182235717773,-14.718606948852539,-13.031106948852539,16
train,1,The nervous rats,The nervous rat,-13.012182235717773,-14.762182235717773,-13.569769859313965,-12.257269859313965,-13.400948524475098,-12.213448524475098,16
train,0,The timid rat,The timid rats,-11.992264747619629,-17.773515701293945,-16.58858871459961,-13.18233871459961,-16.581661224365234,-13.331660270690918,16
train,1,The timid rats,The timid rat,-13.18233871459961,-16.58858871459961,-17.773515701293945,-11.992264747619629,-17.5860538482666,-11.992303848266602,16
train,0,The timid chick,The timid chicks,-13.353830337524414,-15.416330337524414,-16.36054039001465,-12.141790390014648,-16.289234161376953,-12.25798511505127,16
train,1,The timid chicks,The timid chick,-12.141790390014648,-16.36054039001465,-15.416330337524414,-13.353830337524414,-15.441319465637207,-13.472569465637207,16
train,0,The quiet whale,The quiet whales,-9.62840461730957,-9.94090461730957,-13.661538124084473,-9.536538124084473,-13.605756759643555,-9.605756759643555,16
train,1,The quiet whales,The quiet whale,-9.536538124084473,-13.661538124084473,-9.94090461730957,-9.62840461730957,-9.94765853881836,-9.69765853881836,16
train,0,The timid shark,The timid sharks,-2.8406670093536377,-9.840666770935059,-7.407865524291992,-2.282865524291992,-7.364624977111816,-2.3646249771118164,16
train,1,The timid sharks,The timid shark,-2.282865524291992,-7.407865524291992,-9.840666770935059,-2.8406670093536377,-9.810273170471191,-2.935272693634033,16
train,0,The slender whale,The slender whales,-13.973556518554688,-15.567306518554688,-14.732365608215332,-12.107365608215332,-14.769186019897461,-12.206686019897461,16
train,1,The slender whales,The slender whale,-12.107365608215332,-14.732365608215332,-15.567306518554688,-13.973556518554688,-15.530210494995117,-13.967710494995117,16
train,0,The fuzzy bat,The fuzzy bats,-10.084092140197754,-15.084092140197754,-15.0176420211792,-10.6426420211792,-14.957662582397461,-10.582662582397461,16
train,1,The fuzzy bats,The fuzzy bat,-10.6426420211792,-15.0176420211792,-15.084092140197754,-10.084092140197754,-15.028909683227539,-10.028909683227539,16
train,0,The nervous rabbit,The nervous rabbits,-10.736897468566895,-12.799397468566895,-14.690077781677246,-10.815077781677246,-14.654647827148438,-10.842147827148438,16
train,1,The nervous rabbits,The nervous rabbit,-10.815077781677246,-14.690077781677246,-12.799397468566895,-10.736897468566895,-12.680941581726074,-10.743441581726074,16
train,0,The calm whale,The calm whales,-2.7510647773742676,-9.12606430053711,-6.257869243621826,-2.757869243621826,-6.231048583984375,-2.856048822402954,16
train,1,The calm whales,The calm whale,-2.757869243621826,-6.257869243621826,-9.12606430053711,-2.7510647773742676,-9.054699897766113,-2.7421998977661133,16
train,0,The nervous kitten,The nervous kittens,-5.213214874267578,-12.588214874267578,-8.282220840454102,-4.282220840454102,-8.258316993713379,-4.383316993713379,16
train,1,The nervous kittens,The nervous kitten,-4.282220840454102,-8.282220840454102,-12.588214874267578,-5.213214874267578,-12.425119400024414,-5.050119400024414,16
train,0,The bright kitten,The bright kittens,-14.643521308898926,-15.268521308898926,-17.01279640197754,-14.012795448303223,-16.950416564941406,-14.012917518615723,16
train,1,The bright kittens,The bright kitten,-14.012795448303223,-17.01279640197754,-15.268521308898926,-14.643521308898926,-15.15461254119873,-14.52961254119873,16
train,0,The slender horse,The slender horses,-15.280925750732422,-16.312175750732422,-16.114768981933594,-14.583518981933594,-16.201980590820312,-14.639481544494629,16
train,1,The slender horses,The slender horse,-14.583518981933594,-16.114768981933594,-16.312175750732422,-15.280925750732422,-16.2928466796875,-15.2928466796875,16
train,0,The nervous turtle,The nervous turtles,-13.211115837097168,-13.711115837097168,-15.04067325592041,-12.22817325592041,-15.032628059387207,-12.282628059387207,16
train,1,The nervous turtles,The nervous turtle,-12.22817325592041,-15.04067325592041,-13.711115837097168,-13.211115837097168,-13.561823844909668,-13.124323844909668,16
train,0,The timid lion,The timid lions,-2.96475887298584,-10.21475887298584,-8.729390144348145,-2.7293901443481445,-8.799149513244629,-2.79914927482605,16
train,1,The timid lions,The timid lion,-2.7293901443481445,-8.729390144348145,-10.21475887298584,-2.96475887298584,-10.056050300598145,-2.8685500621795654,16
train,0,The quiet bat,The quiet bats,-2.5424349308013916,-9.167434692382812,-7.113725662231445,-2.2387256622314453,-7.110426425933838,-2.235426425933838,16
train,1,The quiet bats,The quiet bat,-2.2387256622314453,-7.113725662231445,-9.167434692382812,-2.5424349308013916,-9.128461837768555,-2.4409618377685547,16
train,0,The fuzzy dolphin,The fuzzy dolphins,-2.6948442459106445,-9.444844245910645,-7.237111568450928,-2.3621115684509277,-7.2060980796813965,-2.4560978412628174,16
train,1,The fuzzy dolphins,The fuzzy dolphin,-2.3621115684509277,-7.237111568450928,-9.444844245910645,-2.6948442459106445,-9.3637113571167,-2.676211357116699,16
train,0,The small dolphin,The small dolphins,-2.026648759841919,-9.65164852142334,-7.916108131408691,-1.9161078929901123,-7.878650188446045,-2.003650188446045,16
train,1,The small dolphins,The small dolphin,-1.9161078929901123,-7.916108131408691,-9.65164852142334,-2.026648759841919,-9.584540367126465,-2.1470401287078857,16
train,0,The bright shark,The bright sharks,-11.706981658935547,-12.831981658935547,-15.046207427978516,-11.171207427978516,-14.949081420898438,-11.199081420898438,16
train,1,The bright sharks,The bright shark,-11.171207427978516,-15.046207427978516,-12.831981658935547,-11.706981658935547,-12.809399604797363,-11.746899604797363,16
train,0,The quiet rabbit,The quiet rabbits,-12.495320320129395,-12.807820320129395,-15.05710506439209,-12.36960506439209,-14.998867988586426,-12.436367988586426,16
train,1,The quiet rabbits,The quiet rabbit,-12.36960506439209,-15.05710506439209,-12.807820320129395,-12.495320320129395,-12.862277030944824,-12.674777030944824,16
train,0,The sleepy kit,The sleepy kits,-12.07808780670166,-16.359336853027344,-12.371537208557129,-11.246537208557129,-12.289507865905762,-11.102007865905762,16
train,1,The sleepy kits,The sleepy kit,-11.246537208557129,-12.371537208557129,-16.359336853027344,-12.07808780670166,-16.358783721923828,-12.077533721923828,16
train,0,The nervous turtle,The nervous turtles,-12.711115837097168,-13.648615837097168,-15.22817325592041,-11.97817325592041,-15.157628059387207,-11.970128059387207,16
train,1,The nervous turtles,The nervous turtle,-11.97817325592041,-15.22817325592041,-13.648615837097168,-12.711115837097168,-13.624323844909668,-12.686823844909668,16
train,0,The sleepy whale,The sleepy whales,-8.7758150100708,-12.7133150100708,-12.241243362426758,-10.428743362426758,-12.170726776123047,-10.483226776123047,16
train,1,The sleepy whales,The sleepy whale,-10.428743362426758,-12.241243362426758,-12.7133150100708,-8.7758150100708,-12.623555183410645,-8.811055183410645,16
train,0,The bright monitor,The bright monitors,-13.955649375915527,-14.393149375915527,-15.896320343017578,-13.583820343017578,-15.89207935333252,-13.57957935333252,16
train,1,The bright monitors,The bright monitor,-13.583820343017578,-15.896320343017578,-14.393149375915527,-13.955649375915527,-14.32546615600586,-13.88796615600586,16
train,0,The nervous rabbit,The nervous rabbits,-3.2368974685668945,-10.799397468566895,-7.190077304840088,-2.440077304840088,-7.279648303985596,-2.5296483039855957,16
train,1,The nervous rabbits,The nervous rabbit,-2.440077304840088,-7.190077304840088,-10.799397468566895,-3.2368974685668945,-10.680941581726074,-3.243441581726074,16
train,0,The timid monitor,The timid monitors,-2.2739710807800293,-8.023971557617188,-9.223662376403809,-2.9736623764038086,-9.24753475189209,-3.18503475189209,16
train,1,The timid monitors,The timid monitor,-2.9736623764038086,-9.223662376403809,-8.023971557617188,-2.2739710807800293,-7.9436492919921875,-2.2561490535736084,16
train,0,The timid kitten,The timid kittens,-4.240572929382324,-12.678072929382324,-9.696892738342285,-3.8218929767608643,-9.588834762573242,-3.8388350009918213,16
train,1,The timid kittens,The timid kitten,-3.8218929767608643,-9.696892738342285,-12.678072929382324,-4.240572929382324,-12.651826858520508,-4.33932638168335,16
train,0,The fuzzy turtle,The fuzzy turtles,-10.224119186401367,-12.036619186401367,-15.042819023132324,-9.480319023132324,-15.022817611694336,-9.460317611694336,16
train,1,The fuzzy turtles,The fuzzy turtle,-9.480319023132324,-15.042819023132324,-12.036619186401367,-10.224119186401367,-12.10925006866455,-10.23425006866455,16
train,0,The sleepy rat,The sleepy rats,-14.420149803161621,-15.607649803161621,-16.03089141845703,-13.155891418457031,-15.968838691711426,-13.218838691711426,16
train,1,The sleepy rats,The sleepy rat,-13.155891418457031,-16.03089141845703,-15.607649803161621,-14.420149803161621,-15.590909004211426,-14.528409004211426,16
train,0,The quiet horse,The quiet horses,-11.924629211425781,-13.987129211425781,-15.059103965759277,-11.809103965759277,-14.991470336914062,-11.866470336914062,16
train,1,The quiet horses,The quiet horse,-11.809103965759277,-15.059103965759277,-13.987129211425781,-11.924629211425781,-13.885557174682617,-12.010557174682617,16
train,0,The calm horse,The calm horses,-11.136466026306152,-14.761466026306152,-15.343806266784668,-11.093806266784668,-15.30672550201416,-11.11922550201416,16
train,1,The calm horses,The calm horse,-11.093806266784668,-15.343806266784668,-14.761466026306152,-11.136466026306152,-14.663758277893066,-11.163758277893066,16
train,0,The fuzzy panda,The fuzzy pandas,-12.23034954071045,-13.73034954071045,-15.174384117126465,-13.299384117126465,-15.143802642822266,-13.393802642822266,16
train,1,The fuzzy pandas,The fuzzy panda,-13.299384117126465,-15.174384117126465,-13.73034954071045,-12.23034954071045,-13.649065017700195,-12.274065017700195,16
train,0,The sleepy horse,The sleepy horses,-4.085330009460449,-10.96033000946045,-8.611237525939941,-2.9237380027770996,-8.515999794006348,-2.9535000324249268,16
train,1,The sleepy horses,The sleepy horse,-2.9237380027770996,-8.611237525939941,-10.96033000946045,-4.085330009460449,-11.046436309814453,-4.171436309814453,16
train,0,The sleepy dog,The sleepy dogs,-4.399181842803955,-12.024181365966797,-8.211645126342773,-3.4616451263427734,-8.1654634475708,-3.5404632091522217,16
train,1,The sleepy dogs,The sleepy dog,-3.4616451263427734,-8.211645126342773,-12.024181365966797,-4.399181842803955,-11.975515365600586,-4.475514888763428,16
train,0,The sleepy doe,The sleepy does,-13.874675750732422,-16.562175750732422,-14.287880897521973,-12.287880897521973,-14.165058135986328,-12.227558135986328,16
train,1,The sleepy does,The sleepy doe,-12.287880897521973,-14.287880897521973,-16.562175750732422,-13.874675750732422,-16.464059829711914,-13.901559829711914,16
train,0,The bright cow,The bright cows,-2.7717175483703613,-8.709217071533203,-7.275243759155273,-1.9002437591552734,-7.186201572418213,-1.936201572418213,16
train,1,The bright cows,The bright cow,-1.9002437591552734,-7.275243759155273,-8.709217071533203,-2.7717175483703613,-8.653143882751465,-2.778144121170044,16
train,0,The quiet pup,The quiet pups,-10.099014282226562,-13.786514282226562,-13.164048194885254,-11.226548194885254,-13.129027366638184,-11.316527366638184,16
train,1,The quiet pups,The quiet pup,-11.226548194885254,-13.164048194885254,-13.786514282226562,-10.099014282226562,-13.690942764282227,-10.128442764282227,16
train,0,The nervous cow,The nervous cows,-9.958852767944336,-10.333852767944336,-12.637292861938477,-9.512292861938477,-12.653040885925293,-9.653040885925293,16
train,1,The nervous cows,The nervous cow,-9.512292861938477,-12.637292861938477,-10.333852767944336,-9.958852767944336,-10.334308624267578,-9.959308624267578,16
train,0,The quiet shark,The quiet sharks,-12.999894142150879,-16.124895095825195,-16.564878463745117,-13.4711275100708,-16.575252532958984,-13.5752534866333,16
train,1,The quiet sharks,The quiet shark,-13.4711275100708,-16.564878463745117,-16.124895095825195,-12.999894142150879,-16.005054473876953,-13.005053520202637,16
train,0,The calm cow,The calm cows,-12.19478988647461,-15.63228988647461,-14.5490140914917,-11.4865140914917,-14.580699920654297,-11.580699920654297,16
train,1,The calm cows,The calm cow,-11.4865140914917,-14.5490140914917,-15.63228988647461,-12.19478988647461,-15.515458106994629,-12.202958106994629,16
train,0,The nervous frog,The nervous frogs,-12.220325469970703,-12.907825469970703,-15.24179458618164,-12.05429458618164,-15.110883712768555,-12.110883712768555,16
train,1,The nervous frogs,The nervous frog,-12.05429458618164,-15.24179458618164,-12.907825469970703,-12.220325469970703,-12.908529281616211,-12.346029281616211,16
train,0,The small lion,The small lions,-10.900309562683105,-15.025309562683105,-15.414031028747559,-10.476531028747559,-15.348211288452148,-10.473211288452148,16
train,1,The small lions,The small lion,-10.476531028747559,-15.414031028747559,-15.025309562683105,-10.900309562683105,-14.956499099731445,-10.956499099731445,16
train,0,The timid dolphin,The timid dolphins,-10.022871017456055,-13.210371017456055,-15.623043060302734,-10.248043060302734,-15.4608736038208,-10.2733736038208,16
train,1,The timid dolphins,The timid dolphin,-10.248043060302734,-15.623043060302734,-13.210371017456055,-10.022871017456055,-13.081400871276855,-10.081400871276855,16
train,0,The bright bat,The bright bats,-17.08770179748535,-18.68145179748535,-17.273502349853516,-15.429753303527832,-17.275989532470703,-15.525989532470703,16
train,1,The bright bats,The bright bat,-15.429753303527832,-17.273502349853516,-18.68145179748535,-17.08770179748535,-18.567306518554688,-17.067306518554688,16
train,0,The small doe,The small does,-12.440010070800781,-14.565010070800781,-15.906767845153809,-13.344267845153809,-15.807685852050781,-13.432685852050781,16
train,1,The small does,The small doe,-13.344267845153809,-15.906767845153809,-14.565010070800781,-12.440010070800781,-14.46058464050293,-12.46058464050293,16
train,0,The small bat,The small bats,-8.956524848937988,-11.581524848937988,-13.659208297729492,-10.721708297729492,-13.590383529663086,-10.715383529663086,16
train,1,The small bats,The small bat,-10.721708297729492,-13.659208297729492,-11.581524848937988,-8.956524848937988,-11.510636329650879,-9.010636329650879,16
train,0,The quiet kitten,The quiet kittens,-12.219233512878418,-13.406733512878418,-15.765865325927734,-12.390865325927734,-15.697223663330078,-12.447223663330078,16
train,1,The quiet kittens,The quiet kitten,-12.390865325927734,-15.765865325927734,-13.406733512878418,-12.219233512878418,-13.400388717651367,-12.275388717651367,16
train,0,The nervous dolphin,The nervous dolphins,-13.729757308959961,-16.16725730895996,-17.331220626831055,-12.581219673156738,-17.298019409179688,-12.641770362854004,16
train,1,The nervous dolphins,The nervous dolphin,-12.581219673156738,-17.331220626831055,-16.16725730895996,-13.729757308959961,-16.049100875854492,-13.674099922180176,16
train,0,The small monitor,The small monitors,-14.450672149658203,-15.950672149658203,-16.259145736694336,-13.75914478302002,-16.25637435913086,-13.75637435913086,16
train,1,The small monitors,The small monitor,-13.75914478302002,-16.259145736694336,-15.950672149658203,-14.450672149658203,-16.08292007446289,-14.58292007446289,16
train,0,The bright pup,The bright pups,-3.6550183296203613,-8.530017852783203,-8.395157814025879,-4.020157814025879,-8.299576759338379,-3.924576759338379,16
train,1,The bright pups,The bright pup,-4.020157814025879,-8.395157814025879,-8.530017852783203,-3.6550183296203613,-8.385902404785156,-3.5734028816223145,16
train,0,The sleepy panda,The sleepy pandas,-9.3253173828125,-13.7003173828125,-12.68025016784668,-11.11775016784668,-12.632023811340332,-11.132023811340332,16
train,1,The sleepy pandas,The sleepy panda,-11.11775016784668,-12.68025016784668,-13.7003173828125,-9.3253173828125,-13.577341079711914,-9.202341079711914,16
train,0,The calm chick,The calm chicks,-3.9841904640197754,-8.796689987182617,-7.434765815734863,-3.3097658157348633,-7.438860893249512,-3.3763608932495117,16
train,1,The calm chicks,The calm chick,-3.3097658157348633,-7.434765815734863,-8.796689987182617,-3.9841904640197754,-8.673251152038574,-4.110751628875732,16
train,0,The nervous shark,The nervous sharks,-14.470718383789062,-16.626968383789062,-16.538454055786133,-12.819704055786133,-16.545164108276367,-12.857664108276367,16
train,1,The nervous sharks,The nervous shark,-12.819704055786133,-16.538454055786133,-16.626968383789062,-14.470718383789062,-16.626407623291016,-14.532657623291016,16
train,0,The slender frog,The slender frogs,-9.902005195617676,-11.464505195617676,-14.054156303405762,-8.991656303405762,-13.947915077209473,-9.072915077209473,16
train,1,The slender frogs,The slender frog,-8.991656303405762,-14.054156303405762,-11.464505195617676,-9.902005195617676,-11.414938926696777,-9.914938926696777,16
train,0,The small pup,The small pups,-2.576448440551758,-7.826448440551758,-9.696938514709473,-3.3219382762908936,-9.632018089294434,-3.3195183277130127,16
train,1,The small pups,The small pup,-3.3219382762908936,-9.696938514709473,-7.826448440551758,-2.576448440551758,-7.7875213623046875,-2.6000213623046875,16
train,0,The nervous bat,The nervous bats,-9.679049491882324,-14.429049491882324,-12.469841003417969,-8.969841003417969,-12.472975730895996,-9.035475730895996,16
train,1,The nervous bats,The nervous bat,-8.969841003417969,-12.469841003417969,-14.429049491882324,-9.679049491882324,-14.400931358337402,-9.650931358337402,16
train,0,The timid pup,The timid pups,-12.632628440856934,-14.070128440856934,-15.593888282775879,-12.593888282775879,-15.49963092803955,-12.74963092803955,16
train,1,The timid pups,The timid pup,-12.593888282775879,-15.593888282775879,-14.070128440856934,-12.632628440856934,-14.065116882324219,-12.815116882324219,16
train,0,The quiet turtle,The quiet turtles,-6.142395973205566,-10.329895973205566,-11.128198623657227,-8.190698623657227,-11.00619125366211,-8.25619125366211,16
train,1,The quiet turtles,The quiet turtle,-8.190698623657227,-11.128198623657227,-10.329895973205566,-6.142395973205566,-10.263856887817383,-6.138856887817383,16
train,0,The timid pup,The timid pups,-10.507628440856934,-14.820128440856934,-13.906388282775879,-8.906388282775879,-13.93713092803955,-9.06213092803955,16
train,1,The timid pups,The timid pup,-8.906388282775879,-13.906388282775879,-14.820128440856934,-10.507628440856934,-14.752616882324219,-10.502616882324219,16
train,0,The fuzzy rabbit,The fuzzy rabbits,-11.803403854370117,-14.740903854370117,-15.065415382385254,-11.690415382385254,-15.100082397460938,-11.787582397460938,16
train,1,The fuzzy rabbits,The fuzzy rabbit,-11.690415382385254,-15.065415382385254,-14.740903854370117,-11.803403854370117,-14.613418579101562,-11.738418579101562,16
train,0,The small chick,The small chicks,-3.4985392093658447,-9.936038970947266,-9.019407272338867,-2.456907272338867,-8.989002227783203,-2.551501989364624,16
train,1,The small chicks,The small chick,-2.456907272338867,-9.019407272338867,-9.936038970947266,-3.4985392093658447,-9.975244522094727,-3.6002447605133057,16
train,0,The nervous whale,The nervous whales,-13.715022087097168,-16.62127113342285,-16.672000885009766,-14.609500885009766,-16.603958129882812,-14.603958129882812,16
train,1,The nervous whales,The nervous whale,-14.609500885009766,-16.672000885009766,-16.62127113342285,-13.715022087097168,-16.59868812561035,-13.754938125610352,16
train,0,The small bat,The small bats,-13.456524848937988,-18.269023895263672,-17.877958297729492,-14.034208297729492,-17.871633529663086,-14.090383529663086,16
train,1,The small bats,The small bat,-14.034208297729492,-17.877958297729492,-18.269023895263672,-13.456524848937988,-18.135635375976562,-13.448136329650879,16
train,0,The fuzzy horse,The fuzzy horses,-2.7622971534729004,-9.449796676635742,-8.24159049987793,-2.4290902614593506,-8.17847728729248,-2.4284772872924805,16
train,1,The fuzzy horses,The fuzzy horse,-2.4290902614593506,-8.24159049987793,-9.449796676635742,-2.7622971534729004,-9.297759056091309,-2.6727592945098877,16
train,0,The slender doe,The slender does,-11.561515808105469,-15.311515808105469,-15.27166748046875,-11.45916748046875,-15.272433280944824,-11.522433280944824,16
train,1,The slender does,The slender doe,-11.45916748046875,-15.27166748046875,-15.311515808105469,-11.561515808105469,-15.124414443969727,-11.468164443969727,16
train,0,The sleepy doe,The sleepy does,-7.937175750732422,-12.187175750732422,-13.662880897521973,-10.100380897521973,-13.540058135986328,-10.102558135986328,16
train,1,The sleepy does,The sleepy doe,-10.100380897521973,-13.662880897521973,-12.187175750732422,-7.937175750732422,-12.089059829711914,-7.901560306549072,16
train,0,The calm rat,The calm rats,-12.886632919311523,-15.636632919311523,-16.912160873413086,-13.50590991973877,-16.946975708007812,-13.665725708007812,16
train,1,The calm rats,The calm rat,-13.50590991973877,-16.912160873413086,-15.636632919311523,-12.886632919311523,-15.556297302246094,-12.900047302246094,16
train,0,The slender kitten,The slender kittens,-15.571636199951172,-16.009136199951172,-19.075246810913086,-15.04399585723877,-19.218616485595703,-15.21861743927002,16
train,1,The slender kittens,The slender kitten,-15.04399585723877,-19.075246810913086,-16.009136199951172,-15.571636199951172,-15.9471435546875,-15.5721435546875,16
train,0,The slender lion,The slender lions,-10.658550262451172,-13.283550262451172,-14.732269287109375,-12.482269287109375,-14.709572792053223,-12.584572792053223,16
train,1,The slender lions,The slender lion,-12.482269287109375,-14.732269287109375,-13.283550262451172,-10.658550262451172,-13.226378440856934,-10.726378440856934,16
train,0,The small horse,The small horses,-3.5525341033935547,-10.927534103393555,-8.666387557983398,-2.4163873195648193,-8.596338272094727,-2.4088382720947266,16
train,1,The small horses,The small horse,-2.4163873195648193,-8.666387557983398,-10.927534103393555,-3.5525341033935547,-10.869680404663086,-3.557180404663086,16
train,0,The quiet rat,The quiet rats,-7.787792682647705,-10.975292205810547,-13.190633773803711,-9.753133773803711,-13.207379341125488,-9.832379341125488,16
train,1,The quiet rats,The quiet rat,-9.753133773803711,-13.190633773803711,-10.975292205810547,-7.787792682647705,-10.978557586669922,-7.853557586669922,16
train,0,The sleepy rat,The sleepy rats,-11.232649803161621,-12.795149803161621,-13.905891418457031,-11.155891418457031,-13.906338691711426,-11.218838691711426,16
train,1,The sleepy rats,The sleepy rat,-11.155891418457031,-13.905891418457031,-12.795149803161621,-11.232649803161621,-12.715909004211426,-11.215909004211426,16
train,0,The nervous dog,The nervous dogs,-4.6374287605285645,-11.637429237365723,-7.719731330871582,-2.969731330871582,-7.654372692108154,-3.0293726921081543,16
train,1,The nervous dogs,The nervous dog,-2.969731330871582,-7.719731330871582,-11.637429237365723,-4.6374287605285645,-11.513145446777344,-4.6381449699401855,16
train,0,The small lion,The small lions,-13.337809562683105,-14.837809562683105,-16.914031982421875,-13.289031028747559,-16.78571128845215,-13.285711288452148,16
train,1,The small lions,The small lion,-13.289031028747559,-16.914031982421875,-14.837809562683105,-13.337809562683105,-14.831499099731445,-13.456499099731445,16
train,0,The slender chick,The slender chicks,-3.061155319213867,-6.311155319213867,-8.587087631225586,-2.962087631225586,-8.606820106506348,-3.0443198680877686,16
train,1,The slender chicks,The slender chick,-2.962087631225586,-8.587087631225586,-6.311155319213867,-3.061155319213867,-6.232728958129883,-3.1077287197113037,16
train,0,The slender turtle,The slender turtles,-13.66177749633789,-16.59927749633789,-15.692708015441895,-11.005208015441895,-15.75094223022461,-11.06344223022461,16
train,1,The slender turtles,The slender turtle,-11.005208015441895,-15.692708015441895,-16.59927749633789,-13.66177749633789,-16.617265701293945,-13.742265701293945,16
train,0,The nervous pup,The nervous pups,-3.510653495788574,-7.948153495788574,-7.499540328979492,-3.499540328979492,-7.464199542999268,-3.5891995429992676,16
train,1,The nervous pups,The nervous pup,-3.499540328979492,-7.499540328979492,-7.948153495788574,-3.510653495788574,-7.809484004974365,-3.4344840049743652,16
train,0,The small dog,The small dogs,-2.9084835052490234,-11.345983505249023,-8.410386085510254,-2.222886562347412,-8.438998222351074,-2.313998222351074,16
train,1,The small dogs,The small dog,-2.222886562347412,-8.410386085510254,-11.345983505249023,-2.9084835052490234,-11.29793930053711,-2.9229393005371094,16
train,0,The slender dolphin,The slender dolphins,-10.214200973510742,-13.714200973510742,-14.349510192871094,-9.662010192871094,-14.33581256866455,-9.77331256866455,16
train,1,The slender dolphins,The slender dolphin,-9.662010192871094,-14.349510192871094,-13.714200973510742,-10.214200973510742,-13.735098838806152,-10.235098838806152,16
train,0,The bright dog,The bright dogs,-13.14501667022705,-13.77001667022705,-15.491531372070312,-12.679031372070312,-15.377546310424805,-12.690046310424805,16
train,1,The bright dogs,The bright dog,-12.679031372070312,-15.491531372070312,-13.77001667022705,-13.14501667022705,-13.663315773010254,-13.100815773010254,16
train,0,The nervous lion,The nervous lions,-3.664170026779175,-9.601670265197754,-7.390934944152832,-3.515934944152832,-7.1642045974731445,-3.4142043590545654,16
train,1,The nervous lions,The nervous lion,-3.515934944152832,-7.390934944152832,-9.601670265197754,-3.664170026779175,-9.487229347229004,-3.674729347229004,16
train,0,The timid turtle,The timid turtles,-14.880064010620117,-17.817564010620117,-18.823814392089844,-14.136313438415527,-18.715635299682617,-14.246885299682617,16
train,1,The timid turtles,The timid turtle,-14.136313438415527,-18.823814392089844,-17.817564010620117,-14.880064010620117,-17.62201690673828,-14.903266906738281,16
train,0,The bright whale,The bright whales,-9.439862251281738,-11.314862251281738,-12.94778060913086,-8.63528060913086,-12.85019302368164,-8.53769302368164,16
train,1,The bright whales,The bright whale,-8.63528060913086,-12.94778060913086,-11.314862251281738,-9.439862251281738,-11.318183898925781,-9.505683898925781,16
train,0,The slender panda,The slender pandas,-4.841509819030762,-11.279009819030762,-8.181784629821777,-3.181784152984619,-8.041772842407227,-3.1667730808258057,16
train,1,The slender pandas,The slender panda,-3.181784152984619,-8.181784629821777,-11.279009819030762,-4.841509819030762,-11.154289245605469,-4.8417887687683105,16
train,0,The small dog,The small dogs,-6.283483505249023,-10.845983505249023,-10.847886085510254,-8.910386085510254,-10.813998222351074,-9.001498222351074,16
train,1,The small dogs,The small dog,-8.910386085510254,-10.847886085510254,-10.845983505249023,-6.283483505249023,-10.73543930053711,-6.172939300537109,16
train,0,The quiet horse,The quiet horses,-11.424629211425781,-12.987129211425781,-14.746603965759277,-11.309103965759277,-14.678970336914062,-11.366470336914062,16
train,1,The quiet horses,The quiet horse,-11.309103965759277,-14.746603965759277,-12.987129211425781,-11.424629211425781,-12.885557174682617,-11.448057174682617,16
train,0,The small kit,The small kits,-4.422110557556152,-11.234610557556152,-5.63856315612793,-2.2635629177093506,-5.667128086090088,-2.292128086090088,16
train,1,The small kits,The small kit,-2.2635629177093506,-5.63856315612793,-11.234610557556152,-4.422110557556152,-11.23505973815918,-4.422560214996338,16
train,0,The nervous bat,The nervous bats,-9.804049491882324,-15.272799491882324,-14.719841003417969,-11.907341003417969,-14.660475730895996,-11.972975730895996,16
train,1,The nervous bats,The nervous bat,-11.907341003417969,-14.719841003417969,-15.272799491882324,-9.804049491882324,-15.213431358337402,-9.838431358337402,16
train,0,The sleepy turtle,The sleepy turtles,-13.303534507751465,-14.928534507751465,-15.74145793914795,-12.71020793914795,-15.750982284545898,-12.813482284545898,16
train,1,The sleepy turtles,The sleepy turtle,-12.71020793914795,-15.74145793914795,-14.928534507751465,-13.303534507751465,-14.823323249816895,-13.260823249816895,16
train,0,The sleepy whale,The sleepy whales,-2.650815486907959,-9.9633150100708,-6.241243839263916,-2.616243839263916,-6.233227252960205,-2.608227014541626,16
train,1,The sleepy whales,The sleepy whale,-2.616243839263916,-6.241243839263916,-9.9633150100708,-2.650815486907959,-9.873555183410645,-2.6860551834106445,16
train,0,The timid pup,The timid pups,-14.195128440856934,-14.570128440856934,-17.781387329101562,-14.156388282775879,-17.749629974365234,-14.18713092803955,16
train,1,The timid pups,The timid pup,-14.156388282775879,-17.781387329101562,-14.570128440856934,-14.195128440856934,-14.565116882324219,-14.315116882324219,16
train,0,The small kitten,The small kittens,-13.523730278015137,-16.27372932434082,-18.159765243530273,-14.847264289855957,-18.15540885925293,-14.967907905578613,16
train,1,The small kittens,The small kitten,-14.847264289855957,-18.159765243530273,-16.27372932434082,-13.523730278015137,-16.15300178527832,-13.528000831604004,16
train,0,The small shark,The small sharks,-12.368236541748047,-14.680736541748047,-15.381364822387695,-11.506364822387695,-15.382501602172852,-11.570001602172852,16
train,1,The small sharks,The small shark,-11.506364822387695,-15.381364822387695,-14.680736541748047,-12.368236541748047,-14.589938163757324,-12.402438163757324,16
train,0,The small panda,The small pandas,-15.858158111572266,-19.545658111572266,-18.038936614990234,-14.757686614990234,-17.967023849487305,-14.810773849487305,16
train,1,The small pandas,The small panda,-14.757686614990234,-18.038936614990234,-19.545658111572266,-15.858158111572266,-19.540325164794922,-15.884075164794922,16
train,0,The small doe,The small does,-14.815010070800781,-16.90876007080078,-17.406766891479492,-13.906767845153809,-17.37018585205078,-13.995185852050781,16
train,1,The small does,The small doe,-13.906767845153809,-17.406766891479492,-16.90876007080078,-14.815010070800781,-16.80433464050293,-14.83558464050293,16
train,0,The bright rat,The bright rats,-11.396021842956543,-15.646021842956543,-14.49295711517334,-10.86795711517334,-14.414864540100098,-10.852364540100098,16
train,1,The bright rats,The bright rat,-10.86795711517334,-14.49295711517334,-15.646021842956543,-11.396021842956543,-15.520624160766602,-11.395624160766602,16
train,0,The bright turtle,The bright turtles,-9.642560958862305,-12.955060958862305,-13.91513442993164,-8.91513442993164,-13.847518920898438,-8.972518920898438,16
train,1,The bright turtles,The bright turtle,-8.91513442993164,-13.91513442993164,-12.955060958862305,-9.642560958862305,-12.841476440429688,-9.653976440429688,16
train,0,The small kitten,The small kittens,-3.8987298011779785,-12.836230278015137,-10.284764289855957,-3.409764289855957,-10.217907905578613,-3.4054081439971924,16
train,1,The small kittens,The small kitten,-3.409764289855957,-10.284764289855957,-12.836230278015137,-3.8987298011779785,-12.653000831604004,-3.903001308441162,16
train,0,The sleepy chick,The sleepy chicks,-11.836796760559082,-13.899296760559082,-15.424805641174316,-11.987305641174316,-15.31269645690918,-12.12519645690918,16
train,1,The sleepy chicks,The sleepy chick,-11.987305641174316,-15.424805641174316,-13.899296760559082,-11.836796760559082,-13.840424537658691,-11.840424537658691,16
train,0,The bright chick,The bright chicks,-13.534441947937012,-15.628191947937012,-16.580263137817383,-13.1740140914917,-16.556190490722656,-13.24368953704834,16
train,1,The bright chicks,The bright chick,-13.1740140914917,-16.580263137817383,-15.628191947937012,-13.534441947937012,-15.564179420471191,-13.532929420471191,16
train,0,The sleepy lion,The sleepy lions,-10.27151107788086,-13.20901107788086,-13.674909591674805,-11.612409591674805,-13.597440719604492,-11.659940719604492,16
train,1,The sleepy lions,The sleepy lion,-11.612409591674805,-13.674909591674805,-13.20901107788086,-10.27151107788086,-13.137752532958984,-10.325252532958984,16
train,0,The sleepy shark,The sleepy sharks,-10.498805046081543,-14.748805046081543,-13.978487968444824,-11.353487968444824,-13.8994722366333,-11.3994722366333,16
train,1,The sleepy sharks,The sleepy shark,-11.353487968444824,-13.978487968444824,-14.748805046081543,-10.498805046081543,-14.65281867980957,-10.52781867980957,16
train,0,The fuzzy bat,The fuzzy bats,-10.959092140197754,-15.459092140197754,-14.3301420211792,-12.5176420211792,-14.270162582397461,-12.582662582397461,16
train,1,The fuzzy bats,The fuzzy bat,-12.5176420211792,-14.3301420211792,-15.459092140197754,-10.959092140197754,-15.403909683227539,-10.903909683227539,16
train,0,The nervous doe,The nervous does,-12.360885620117188,-13.048385620117188,-15.436782836914062,-10.436782836914062,-15.32327651977539,-10.38577651977539,16
train,1,The nervous does,The nervous doe,-10.436782836914062,-15.436782836914062,-13.048385620117188,-12.360885620117188,-12.989501953125,-12.302001953125,16
train,0,The bright frog,The bright frogs,-12.862932205200195,-14.394182205200195,-19.22483253479004,-13.068583488464355,-19.044689178466797,-13.169689178466797,16
train,1,The bright frogs,The bright frog,-13.068583488464355,-19.22483253479004,-14.394182205200195,-12.862932205200195,-14.290960311889648,-12.915960311889648,16
train,0,The timid panda,The timid pandas,-12.428879737854004,-16.99138069152832,-13.746816635131836,-9.121816635131836,-13.747757911682129,-9.247757911682129,16
train,1,The timid pandas,The timid panda,-9.121816635131836,-13.746816635131836,-16.99138069152832,-12.428879737854004,-16.86365509033203,-12.426155090332031,16
train,0,The bright dolphin,The bright dolphins,-10.044795989990234,-12.982295989990234,-14.382624626159668,-11.820124626159668,-14.22442626953125,-11.91192626953125,16
train,1,The bright dolphins,The bright dolphin,-11.820124626159668,-14.382624626159668,-12.982295989990234,-10.044795989990234,-12.969801902770996,-10.032301902770996,16
train,0,The fuzzy kit,The fuzzy kits,-11.74692440032959,-13.05942440032959,-11.608407020568848,-10.858407020568848,-11.545202255249023,-10.857702255249023,16
train,1,The fuzzy kits,The fuzzy kit,-10.858407020568848,-11.608407020568848,-13.05942440032959,-11.74692440032959,-13.00097942352295,-11.68847942352295,16
train,0,The calm cow,The calm cows,-3.6947903633117676,-9.63228988647461,-7.299014091491699,-2.424014091491699,-7.393200397491455,-2.518200397491455,16
train,1,The calm cows,The calm cow,-2.424014091491699,-7.299014091491699,-9.63228988647461,-3.6947903633117676,-9.515458106994629,-3.702958345413208,16
train,0,The sleepy dog,The sleepy dogs,-13.149181365966797,-16.742931365966797,-16.086645126342773,-12.336645126342773,-16.102962493896484,-12.4779634475708,16
train,1,The sleepy dogs,The sleepy dog,-12.336645126342773,-16.086645126342773,-16.742931365966797,-13.149181365966797,-16.663015365600586,-13.163015365600586,16
train,0,The sleepy whale,The sleepy whales,-11.7758150100708,-13.7133150100708,-14.741243362426758,-11.053743362426758,-14.733226776123047,-11.108226776123047,16
train,1,The sleepy whales,The sleepy whale,-11.053743362426758,-14.741243362426758,-13.7133150100708,-11.7758150100708,-13.686055183410645,-11.811055183410645,16
train,0,The sleepy dog,The sleepy dogs,-11.649181365966797,-12.836681365966797,-14.524145126342773,-11.086645126342773,-14.5404634475708,-11.1654634475708,16
train,1,The sleepy dogs,The sleepy dog,-11.086645126342773,-14.524145126342773,-12.836681365966797,-11.649181365966797,-12.850515365600586,-11.725515365600586,16
train,0,The sleepy cock,The sleepy cocks,-18.033283233642578,-18.658283233642578,-16.302745819091797,-14.240245819091797,-16.32516860961914,-14.231417655944824,16
train,1,The sleepy cocks,The sleepy cock,-14.240245819091797,-16.302745819091797,-18.658283233642578,-18.033283233642578,-18.65345573425293,-17.96595573425293,16
train,0,The sleepy rat,The sleepy rats,-13.545149803161621,-16.545150756835938,-17.12464141845703,-13.405891418457031,-17.093839645385742,-13.468838691711426,16
train,1,The sleepy rats,The sleepy rat,-13.405891418457031,-17.12464141845703,-16.545150756835938,-13.545149803161621,-16.403409957885742,-13.528409004211426,16
train,0,The sleepy dolphin,The sleepy dolphins,-10.655779838562012,-11.843279838562012,-13.54415512084961,-11.91915512084961,-13.497034072875977,-11.934534072875977,16
train,1,The sleepy dolphins,The sleepy dolphin,-11.91915512084961,-13.54415512084961,-11.843279838562012,-10.655779838562012,-11.784232139587402,-10.659232139587402,16
train,0,The quiet whale,The quiet whales,-14.50340461730957,-16.12840461730957,-16.536537170410156,-14.161538124084473,-16.512006759643555,-14.293256759643555,16
train,1,The quiet whales,The quiet whale,-14.161538124084473,-16.536537170410156,-16.12840461730957,-14.50340461730957,-16.04140853881836,-14.51015853881836,16
train,0,The sleepy pup,The sleepy pups,-13.275734901428223,-17.11948585510254,-17.733108520507812,-13.858107566833496,-17.637168884277344,-13.91841983795166,16
train,1,The sleepy pups,The sleepy pup,-13.858107566833496,-17.733108520507812,-17.11948585510254,-13.275734901428223,-17.089906692504883,-13.308655738830566,16
train,0,The calm rabbit,The calm rabbits,-13.535538673400879,-17.191787719726562,-16.352428436279297,-13.008678436279297,-16.350082397460938,-13.100082397460938,16
train,1,The calm rabbits,The calm rabbit,-13.008678436279297,-16.352428436279297,-17.191787719726562,-13.535538673400879,-17.18870735168457,-13.71995735168457,16
train,0,The quiet shark,The quiet sharks,-11.499894142150879,-11.687394142150879,-13.9711275100708,-10.4711275100708,-13.9502534866333,-10.5127534866333,16
train,1,The quiet sharks,The quiet shark,-10.4711275100708,-13.9711275100708,-11.687394142150879,-11.499894142150879,-11.630053520202637,-11.567553520202637,16
train,0,The bright rat,The bright rats,-9.458521842956543,-10.208521842956543,-13.61795711517334,-11.43045711517334,-13.477364540100098,-11.352364540100098,16
train,1,The bright rats,The bright rat,-11.43045711517334,-13.61795711517334,-10.208521842956543,-9.458521842956543,-10.145624160766602,-9.458124160766602,16
train,0,The nervous pup,The nervous pups,-11.823153495788574,-12.323153495788574,-16.249540328979492,-12.437040328979492,-16.21419906616211,-12.464200019836426,16
train,1,The nervous pups,The nervous pup,-12.437040328979492,-16.249540328979492,-12.323153495788574,-11.823153495788574,-12.246984481811523,-11.746984481811523,16
train,0,The fuzzy rat,The fuzzy rats,-12.65405559539795,-14.46655559539795,-17.328445434570312,-14.422194480895996,-17.280128479003906,-14.405128479003906,16
train,1,The fuzzy rats,The fuzzy rat,-14.422194480895996,-17.328445434570312,-14.46655559539795,-12.65405559539795,-14.490554809570312,-12.678054809570312,16
train,0,The slender shark,The slender sharks,-12.540213584899902,-15.946463584899902,-14.999098777770996,-12.186598777770996,-15.023725509643555,-12.273725509643555,16
train,1,The slender sharks,The slender shark,-12.186598777770996,-14.999098777770996,-15.946463584899902,-12.540213584899902,-15.863362312316895,-12.550862312316895,16
train,0,The timid pup,The timid pups,-3.8826282024383545,-10.820128440856934,-8.843888282775879,-3.0938880443573,-8.93713092803955,-3.187130928039551,16
train,1,The timid pups,The timid pup,-3.0938880443573,-8.843888282775879,-10.820128440856934,-3.8826282024383545,-10.752616882324219,-4.0026164054870605,16
train,0,The nervous pup,The nervous pups,-10.260653495788574,-13.448153495788574,-12.749540328979492,-10.749540328979492,-12.714200019836426,-10.839200019836426,16
train,1,The nervous pups,The nervous pup,-10.749540328979492,-12.749540328979492,-13.448153495788574,-10.260653495788574,-13.309484481811523,-10.246984481811523,16
train,0,The calm pup,The calm pups,-8.851519584655762,-11.601519584655762,-12.73066234588623,-8.79316234588623,-12.757184982299805,-8.882184982299805,16
train,1,The calm pups,The calm pup,-8.79316234588623,-12.73066234588623,-11.601519584655762,-8.851519584655762,-11.603401184082031,-8.853401184082031,16
train,0,The small turtle,The small turtles,-11.940163612365723,-14.377663612365723,-14.329790115356445,-10.329790115356445,-14.2210111618042,-10.3460111618042,16
train,1,The small turtles,The small turtle,-10.329790115356445,-14.329790115356445,-14.377663612365723,-11.940163612365723,-14.299493789672852,-11.986993789672852,16
test,0,The wary [wug],The wary [wugs],-9.430991172790527,-13.805991172790527,-14.966817855834961,-11.466817855834961,-14.964917182922363,-11.527417182922363,16
test,1,The wary [wugs],The wary [wug],-11.466817855834961,-14.966817855834961,-13.805991172790527,-9.430991172790527,-13.658255577087402,-9.408255577087402,16
test,0,The tiny [wug],The tiny [wugs],-13.49979019165039,-16.74979019165039,-15.337986946105957,-11.400486946105957,-15.398077011108398,-11.523077011108398,16
test,1,The tiny [wugs],The tiny [wug],-11.400486946105957,-15.337986946105957,-16.74979019165039,-13.49979019165039,-16.625736236572266,-13.43823528289795,16
test,0,The curious [wug],The curious [wugs],-11.790776252746582,-16.228275299072266,-14.378362655639648,-11.315862655639648,-14.443188667297363,-11.318188667297363,16
test,1,The curious [wugs],The curious [wug],-11.315862655639648,-14.378362655639648,-16.228275299072266,-11.790776252746582,-16.163787841796875,-11.851286888122559,16
test,0,The gentle [wug],The gentle [wugs],-14.257224082946777,-16.38222312927246,-14.748908042907715,-13.123908042907715,-14.74742317199707,-13.18492317199707,16
test,1,The gentle [wugs],The gentle [wug],-13.123908042907715,-14.748908042907715,-16.38222312927246,-14.257224082946777,-16.439943313598633,-14.31494426727295,16
test,0,The spotted [wug],The spotted [wugs],-14.360701560974121,-14.454451560974121,-13.597729682922363,-11.410229682922363,-13.601960182189941,-11.601960182189941,16
test,1,The spotted [wugs],The spotted [wug],-11.410229682922363,-13.597729682922363,-14.454451560974121,-14.360701560974121,-14.314045906066895,-14.439045906066895,16
test,0,The wary [wug],The wary [wugs],-14.993491172790527,-15.555991172790527,-16.84181785583496,-13.779317855834961,-16.83991813659668,-13.902417182922363,16
test,1,The wary [wugs],The wary [wug],-13.779317855834961,-16.84181785583496,-15.555991172790527,-14.993491172790527,-15.408255577087402,-14.908255577087402,16
test,0,The gentle [wug],The gentle [wugs],-14.132224082946777,-14.507224082946777,-17.3114070892334,-13.436408042907715,-17.24742317199707,-13.43492317199707,16
test,1,The gentle [wugs],The gentle [wug],-13.436408042907715,-17.3114070892334,-14.507224082946777,-14.132224082946777,-14.56494426727295,-14.25244426727295,16
test,0,The clever [wug],The clever [wugs],-14.242223739624023,-16.992223739624023,-18.022903442382812,-14.241652488708496,-18.06181526184082,-14.343064308166504,16
test,1,The clever [wugs],The clever [wug],-14.241652488708496,-18.022903442382812,-16.992223739624023,-14.242223739624023,-16.96276092529297,-14.275261878967285,16
test,0,The shy [wug],The shy [wugs],-12.276308059692383,-14.651308059692383,-13.417886734008789,-10.792886734008789,-13.371085166931152,-10.808585166931152,16
test,1,The shy [wugs],The shy [wug],-10.792886734008789,-13.417886734008789,-14.651308059692383,-12.276308059692383,-14.52955150604248,-12.21705150604248,16
test,0,The wary [wug],The wary [wugs],-11.555991172790527,-14.993491172790527,-15.279317855834961,-10.966817855834961,-15.339917182922363,-11.089917182922363,16
test,1,The wary [wugs],The wary [wug],-10.966817855834961,-15.279317855834961,-14.993491172790527,-11.555991172790527,-14.908255577087402,-11.533255577087402,16
test,0,The shy [wug],The shy [wugs],-13.276308059692383,-17.026308059692383,-14.542886734008789,-12.792886734008789,-14.496085166931152,-12.808585166931152,16
test,1,The shy [wugs],The shy [wug],-12.792886734008789,-14.542886734008789,-17.026308059692383,-13.276308059692383,-16.967050552368164,-13.27955150604248,16
test,0,The fierce [wug],The fierce [wugs],-15.430598258972168,-16.05559730529785,-16.44289779663086,-13.56789779663086,-16.411100387573242,-13.661100387573242,16
test,1,The fierce [wugs],The fierce [wug],-13.56789779663086,-16.44289779663086,-16.05559730529785,-15.430598258972168,-16.058406829833984,-15.4959077835083,16
test,0,The bold [wug],The bold [wugs],-13.994043350219727,-16.306543350219727,-16.072397232055664,-13.947397232055664,-16.120519638061523,-14.058019638061523,16
test,1,The bold [wugs],The bold [wug],-13.947397232055664,-16.072397232055664,-16.306543350219727,-13.994043350219727,-16.36606788635254,-14.116066932678223,16
test,0,The strange [wug],The strange [wugs],-15.454324722290039,-17.51682472229004,-17.80188751220703,-13.614387512207031,-17.739625930786133,-13.61462688446045,16
test,1,The strange [wugs],The strange [wug],-13.614387512207031,-17.80188751220703,-17.51682472229004,-15.454324722290039,-17.380191802978516,-15.380191802978516,16
test,0,The clumsy [wug],The clumsy [wugs],-17.998245239257812,-19.810745239257812,-19.051063537597656,-14.70731258392334,-18.96046257019043,-14.772963523864746,16
test,1,The clumsy [wugs],The clumsy [wug],-14.70731258392334,-19.051063537597656,-19.810745239257812,-17.998245239257812,-19.611143112182617,-17.954893112182617,16
test,0,The fierce [wug],The fierce [wugs],-11.993098258972168,-13.618098258972168,-13.31789779663086,-10.25539779663086,-13.286100387573242,-10.348600387573242,16
test,1,The fierce [wugs],The fierce [wug],-10.25539779663086,-13.31789779663086,-13.618098258972168,-11.993098258972168,-13.5584077835083,-12.0584077835083,16
test,0,The restless [wug],The restless [wugs],-16.478647232055664,-16.916147232055664,-17.979097366333008,-14.291597366333008,-18.039575576782227,-14.414575576782227,16
test,1,The restless [wugs],The restless [wug],-14.291597366333008,-17.979097366333008,-16.916147232055664,-16.478647232055664,-16.79150390625,-16.47900390625,16
test,0,The sturdy [wug],The sturdy [wugs],-5.378308296203613,-10.315808296203613,-10.433877944946289,-5.871377944946289,-10.253666877746582,-5.753666877746582,16
test,1,The sturdy [wugs],The sturdy [wug],-5.871377944946289,-10.433877944946289,-10.315808296203613,-5.378308296203613,-10.259608268737793,-5.447108268737793,16
test,0,The bold [wug],The bold [wugs],-14.306543350219727,-14.806543350219727,-16.509897232055664,-14.009897232055664,-16.620519638061523,-14.183019638061523,16
test,1,The bold [wugs],The bold [wug],-14.009897232055664,-16.509897232055664,-14.806543350219727,-14.306543350219727,-14.803566932678223,-14.428566932678223,16
test,0,The graceful [wug],The graceful [wugs],-11.037178039550781,-13.412178039550781,-13.955222129821777,-10.642722129821777,-13.888633728027344,-10.701133728027344,16
test,1,The graceful [wugs],The graceful [wug],-10.642722129821777,-13.955222129821777,-13.412178039550781,-11.037178039550781,-13.358634948730469,-10.983634948730469,16
test,0,The tiny [wug],The tiny [wugs],-12.68729019165039,-15.74979019165039,-14.650486946105957,-10.587986946105957,-14.710577011108398,-10.773077011108398,16
test,1,The tiny [wugs],The tiny [wug],-10.587986946105957,-14.650486946105957,-15.74979019165039,-12.68729019165039,-15.62573528289795,-12.62573528289795,16
test,0,The restless [wug],The restless [wugs],-18.509897232055664,-20.541147232055664,-21.041597366333008,-16.604097366333008,-21.133325576782227,-16.727075576782227,16
test,1,The restless [wugs],The restless [wug],-16.604097366333008,-21.041597366333008,-20.541147232055664,-18.509897232055664,-20.51025390625,-18.51025390625,16
test,0,The clumsy [wug],The clumsy [wugs],-15.123245239257812,-16.498245239257812,-15.76981258392334,-14.51981258392334,-15.647963523864746,-14.460463523864746,16
test,1,The clumsy [wugs],The clumsy [wug],-14.51981258392334,-15.76981258392334,-16.498245239257812,-15.123245239257812,-16.392393112182617,-15.0798921585083,16
test,0,The restless [wug],The restless [wugs],-14.291147232055664,-17.353647232055664,-18.354097366333008,-16.104097366333008,-18.414575576782227,-16.227075576782227,16
test,1,The restless [wugs],The restless [wug],-16.104097366333008,-18.354097366333008,-17.353647232055664,-14.291147232055664,-17.29150390625,-14.291502952575684,16
test,0,The round [wug],The round [wugs],-11.140340805053711,-12.702840805053711,-13.775426864624023,-12.837926864624023,-13.830839157104492,-12.830839157104492,16
test,1,The round [wugs],The round [wug],-12.837926864624023,-13.775426864624023,-12.702840805053711,-11.140340805053711,-12.661513328552246,-11.099013328552246,16
test,0,The sturdy [wug],The sturdy [wugs],-15.909558296203613,-17.06580924987793,-16.49637794494629,-12.058877944946289,-16.4411678314209,-12.066166877746582,16
test,1,The sturdy [wugs],The sturdy [wug],-12.058877944946289,-16.49637794494629,-17.06580924987793,-15.909558296203613,-16.884607315063477,-15.884608268737793,16
test,0,The round [wug],The round [wugs],-15.452840805053711,-16.20284080505371,-14.962926864624023,-14.337926864624023,-14.955839157104492,-14.330839157104492,16
test,1,The round [wugs],The round [wug],-14.337926864624023,-14.962926864624023,-16.20284080505371,-15.452840805053711,-16.130264282226562,-15.349013328552246,16
test,0,The wary [wug],The wary [wugs],-15.180991172790527,-16.49349021911621,-16.90431785583496,-14.404317855834961,-16.83991813659668,-14.464917182922363,16
test,1,The wary [wugs],The wary [wug],-14.404317855834961,-16.90431785583496,-16.49349021911621,-15.180991172790527,-16.345754623413086,-15.158255577087402,16
test,0,The bold [wug],The bold [wugs],-15.431543350219727,-16.556543350219727,-17.572397232055664,-15.197397232055664,-17.620519638061523,-15.245519638061523,16
test,1,The bold [wugs],The bold [wug],-15.197397232055664,-17.572397232055664,-16.556543350219727,-15.431543350219727,-16.61606788635254,-15.553566932678223,16
test,0,The round [wug],The round [wugs],-12.015340805053711,-15.890340805053711,-18.712926864624023,-13.712926864624023,-18.674589157104492,-13.705839157104492,16
test,1,The round [wugs],The round [wug],-13.712926864624023,-18.712926864624023,-15.890340805053711,-12.015340805053711,-15.724013328552246,-11.911513328552246,16
test,0,The wary [wug],The wary [wugs],-12.118491172790527,-12.430991172790527,-15.904317855834961,-12.716817855834961,-15.839917182922363,-12.777417182922363,16
test,1,The wary [wugs],The wary [wug],-12.716817855834961,-15.904317855834961,-12.430991172790527,-12.118491172790527,-12.345755577087402,-12.158255577087402,16
test,0,The spotted [wug],The spotted [wugs],-14.485701560974121,-17.485702514648438,-14.285229682922363,-10.160229682922363,-14.289460182189941,-10.289460182189941,16
test,1,The spotted [wugs],The spotted [wug],-10.160229682922363,-14.285229682922363,-17.485702514648438,-14.485701560974121,-17.23592185974121,-14.532795906066895,16
test,0,The lively [wug],The lively [wugs],-12.531956672668457,-14.781956672668457,-16.057384490966797,-13.869885444641113,-15.99077033996582,-13.92827033996582,16
test,1,The lively [wugs],The lively [wug],-13.869885444641113,-16.057384490966797,-14.781956672668457,-12.531956672668457,-14.747855186462402,-12.622855186462402,16
test,0,The curious [wug],The curious [wugs],-12.665776252746582,-13.040776252746582,-17.37836265563965,-14.190862655639648,-17.255687713623047,-14.193188667297363,16
test,1,The curious [wugs],The curious [wug],-14.190862655639648,-17.37836265563965,-13.040776252746582,-12.665776252746582,-13.101286888122559,-12.788786888122559,16
test,0,The clumsy [wug],The clumsy [wugs],-5.560744762420654,-11.810745239257812,-10.01981258392334,-5.01981258392334,-9.897963523864746,-5.022963047027588,16
test,1,The clumsy [wugs],The clumsy [wug],-5.01981258392334,-10.01981258392334,-11.810745239257812,-5.560744762420654,-11.5798921585083,-5.579892158508301,16
test,0,The clumsy [wug],The clumsy [wugs],-12.248245239257812,-14.373245239257812,-16.207313537597656,-14.51981258392334,-16.02296257019043,-14.522963523864746,16
test,1,The clumsy [wugs],The clumsy [wug],-14.51981258392334,-16.207313537597656,-14.373245239257812,-12.248245239257812,-14.2048921585083,-12.2048921585083,16
test,0,The bold [wug],The bold [wugs],-15.619043350219727,-15.806543350219727,-15.884897232055664,-14.509897232055664,-15.995519638061523,-14.620519638061523,16
test,1,The bold [wugs],The bold [wug],-14.509897232055664,-15.884897232055664,-15.806543350219727,-15.619043350219727,-15.866066932678223,-15.678566932678223,16
test,0,The gentle [wug],The gentle [wugs],-16.81972312927246,-17.31972312927246,-16.7489070892334,-13.748908042907715,-16.74742317199707,-13.80992317199707,16
test,1,The gentle [wugs],The gentle [wug],-13.748908042907715,-16.7489070892334,-17.31972312927246,-16.81972312927246,-17.314943313598633,-16.877443313598633,16
test,0,The graceful [wug],The graceful [wugs],-14.099678039550781,-15.662178039550781,-15.017722129821777,-14.142722129821777,-14.951133728027344,-14.201133728027344,16
test,1,The graceful [wugs],The graceful [wug],-14.142722129821777,-15.017722129821777,-15.662178039550781,-14.099678039550781,-15.608634948730469,-14.108634948730469,16
test,0,The clever [wug],The clever [wugs],-11.429723739624023,-13.804723739624023,-16.991653442382812,-12.741652488708496,-17.03056526184082,-12.905564308166504,16
test,1,The clever [wugs],The clever [wug],-12.741652488708496,-16.991653442382812,-13.804723739624023,-11.429723739624023,-13.837761878967285,-11.462761878967285,16
test,0,The fierce [wug],The fierce [wugs],-11.930598258972168,-14.493098258972168,-16.06789779663086,-11.81789779663086,-16.036100387573242,-11.973600387573242,16
test,1,The fierce [wugs],The fierce [wug],-11.81789779663086,-16.06789779663086,-14.493098258972168,-11.930598258972168,-14.4959077835083,-11.9334077835083,16
test,0,The clumsy [wug],The clumsy [wugs],-14.498245239257812,-16.060745239257812,-15.70731258392334,-14.95731258392334,-15.522963523864746,-14.897963523864746,16
test,1,The clumsy [wugs],The clumsy [wug],-14.95731258392334,-15.70731258392334,-16.060745239257812,-14.498245239257812,-15.9548921585083,-14.4548921585083,16
test,0,The shy [wug],The shy [wugs],-15.088808059692383,-17.588808059692383,-16.85538673400879,-16.23038673400879,-16.808584213256836,-16.246084213256836,16
test,1,The shy [wugs],The shy [wug],-16.23038673400879,-16.85538673400879,-17.588808059692383,-15.088808059692383,-17.560800552368164,-15.02955150604248,16
test,0,The restless [wug],The restless [wugs],-15.853647232055664,-16.791147232055664,-18.354097366333008,-15.166597366333008,-18.414575576782227,-15.289575576782227,16
test,1,The restless [wugs],The restless [wug],-15.166597366333008,-18.354097366333008,-16.791147232055664,-15.853647232055664,-16.72900390625,-15.791502952575684,16
test,0,The strange [wug],The strange [wugs],-13.891824722290039,-18.07932472229004,-16.05188751220703,-13.551887512207031,-15.98962688446045,-13.48962688446045,16
test,1,The strange [wugs],The strange [wug],-13.551887512207031,-16.05188751220703,-18.07932472229004,-13.891824722290039,-18.005191802978516,-13.817691802978516,16
test,0,The graceful [wug],The graceful [wugs],-12.412178039550781,-13.349678039550781,-14.517722129821777,-14.017722129821777,-14.513633728027344,-14.076133728027344,16
test,1,The graceful [wugs],The graceful [wug],-14.017722129821777,-14.517722129821777,-13.349678039550781,-12.412178039550781,-13.233634948730469,-12.358634948730469,16
test,0,The shy [wug],The shy [wugs],-4.963808059692383,-12.526308059692383,-8.355386734008789,-4.230386734008789,-8.308585166931152,-4.183584690093994,16
test,1,The shy [wugs],The shy [wug],-4.230386734008789,-8.355386734008789,-12.526308059692383,-4.963808059692383,-12.34205150604248,-4.8420515060424805,16
test,0,The spotted [wug],The spotted [wugs],-17.032577514648438,-17.188827514648438,-14.035229682922363,-11.722729682922363,-14.039460182189941,-11.914460182189941,16
test,1,The spotted [wugs],The spotted [wug],-11.722729682922363,-14.035229682922363,-17.188827514648438,-17.032577514648438,-16.92342185974121,-17.01717185974121,16
test,0,The shy [wug],The shy [wugs],-16.901308059692383,-17.776308059692383,-18.10538673400879,-15.605386734008789,-18.027334213256836,-15.683585166931152,16
test,1,The shy [wugs],The shy [wug],-15.605386734008789,-18.10538673400879,-17.776308059692383,-16.901308059692383,-17.654550552368164,-16.904550552368164,16
test,0,The restless [wug],The restless [wugs],-14.166147232055664,-17.041147232055664,-16.041597366333008,-13.791597366333008,-16.039575576782227,-13.852075576782227,16
test,1,The restless [wugs],The restless [wug],-13.791597366333008,-16.041597366333008,-17.041147232055664,-14.166147232055664,-16.97900390625,-14.166502952575684,16
test,0,The bold [wug],The bold [wugs],-12.994043350219727,-14.556543350219727,-15.197397232055664,-13.509897232055664,-15.245519638061523,-13.620519638061523,16
test,1,The bold [wugs],The bold [wug],-13.509897232055664,-15.197397232055664,-14.556543350219727,-12.994043350219727,-14.616066932678223,-13.116066932678223,16
test,0,The shy [wug],The shy [wugs],-13.338808059692383,-16.213808059692383,-16.54288673400879,-13.542886734008789,-16.433584213256836,-13.558585166931152,16
test,1,The shy [wugs],The shy [wug],-13.542886734008789,-16.54288673400879,-16.213808059692383,-13.338808059692383,-16.092050552368164,-13.34205150604248,16
test,0,The tiny [wug],The tiny [wugs],-11.18729019165039,-14.18729019165039,-15.212986946105957,-11.837986946105957,-15.273077011108398,-11.960577011108398,16
test,1,The tiny [wugs],The tiny [wug],-11.837986946105957,-15.212986946105957,-14.18729019165039,-11.18729019165039,-14.00073528289795,-11.12573528289795,16
test,0,The wary [wug],The wary [wugs],-11.993491172790527,-15.493491172790527,-15.216817855834961,-13.404317855834961,-15.152417182922363,-13.464917182922363,16
test,1,The wary [wugs],The wary [wug],-13.404317855834961,-15.216817855834961,-15.493491172790527,-11.993491172790527,-15.408255577087402,-12.033255577087402,16
test,0,The gentle [wug],The gentle [wugs],-15.632224082946777,-17.69472312927246,-16.2489070892334,-12.436408042907715,-16.24742317199707,-12.43492317199707,16
test,1,The gentle [wugs],The gentle [wug],-12.436408042907715,-16.2489070892334,-17.69472312927246,-15.632224082946777,-17.627443313598633,-15.62744426727295,16
test,0,The shy [wug],The shy [wugs],-12.713808059692383,-15.838808059692383,-14.105386734008789,-10.542886734008789,-14.058585166931152,-10.558585166931152,16
test,1,The shy [wugs],The shy [wug],-10.542886734008789,-14.105386734008789,-15.838808059692383,-12.713808059692383,-15.71705150604248,-12.65455150604248,16
test,0,The gentle [wug],The gentle [wugs],-15.569724082946777,-17.88222312927246,-16.0614070892334,-14.123908042907715,-16.05992317199707,-14.24742317199707,16
test,1,The gentle [wugs],The gentle [wug],-14.123908042907715,-16.0614070892334,-17.88222312927246,-15.569724082946777,-17.877443313598633,-15.62744426727295,16
test,0,The fierce [wug],The fierce [wugs],-11.180598258972168,-14.055598258972168,-13.50539779663086,-9.50539779663086,-13.598600387573242,-9.661100387573242,16
test,1,The fierce [wugs],The fierce [wug],-9.50539779663086,-13.50539779663086,-14.055598258972168,-11.180598258972168,-13.9959077835083,-11.1834077835083,16
test,0,The clumsy [wug],The clumsy [wugs],-17.060745239257812,-17.935745239257812,-17.457313537597656,-15.58231258392334,-17.33546257019043,-15.522963523864746,16
test,1,The clumsy [wugs],The clumsy [wug],-15.58231258392334,-17.457313537597656,-17.935745239257812,-17.060745239257812,-17.767393112182617,-16.954893112182617,16
test,0,The wary [wug],The wary [wugs],-12.305991172790527,-17.08724021911621,-15.904317855834961,-12.529317855834961,-15.902417182922363,-12.652417182922363,16
test,1,The wary [wugs],The wary [wug],-12.529317855834961,-15.904317855834961,-17.08724021911621,-12.305991172790527,-16.908254623413086,-12.220755577087402,16
test,0,The wary [wug],The wary [wugs],-12.430991172790527,-16.68099021911621,-15.779317855834961,-12.216817855834961,-15.839917182922363,-12.402417182922363,16
test,1,The wary [wugs],The wary [wug],-12.216817855834961,-15.779317855834961,-16.68099021911621,-12.430991172790527,-16.470754623413086,-12.345755577087402,16
test,0,The graceful [wug],The graceful [wugs],-12.037178039550781,-14.162178039550781,-13.830222129821777,-11.705222129821777,-13.763633728027344,-11.763633728027344,16
test,1,The graceful [wugs],The graceful [wug],-11.705222129821777,-13.830222129821777,-14.162178039550781,-12.037178039550781,-14.108634948730469,-12.046134948730469,16
test,0,The fierce [wug],The fierce [wugs],-12.868098258972168,-15.305598258972168,-15.94289779663086,-14.13039779663086,-15.911100387573242,-14.223600387573242,16
test,1,The fierce [wugs],The fierce [wug],-14.13039779663086,-15.94289779663086,-15.305598258972168,-12.868098258972168,-15.2459077835083,-12.8709077835083,16
test,0,The lively [wug],The lively [wugs],-12.969456672668457,-15.281956672668457,-13.994885444641113,-12.182385444641113,-13.99077033996582,-12.30327033996582,16
test,1,The lively [wugs],The lively [wug],-12.182385444641113,-13.994885444641113,-15.281956672668457,-12.969456672668457,-15.310355186462402,-12.997855186462402,16
test,0,The wary [wug],The wary [wugs],-13.680991172790527,-16.61849021911621,-15.841817855834961,-14.279317855834961,-15.839917182922363,-14.339917182922363,16
test,1,The wary [wugs],The wary [wug],-14.279317855834961,-15.841817855834961,-16.61849021911621,-13.680991172790527,-16.533254623413086,-13.658255577087402,16
test,0,The round [wug],The round [wugs],-10.827840805053711,-14.390340805053711,-15.400426864624023,-12.400426864624023,-15.330839157104492,-12.393339157104492,16
test,1,The round [wugs],The round [wug],-12.400426864624023,-15.400426864624023,-14.390340805053711,-10.827840805053711,-14.224013328552246,-10.786513328552246,16
test,0,The strange [wug],The strange [wugs],-14.516824722290039,-15.579324722290039,-16.98938751220703,-14.301887512207031,-16.927125930786133,-14.30212688446045,16
test,1,The strange [wugs],The strange [wug],-14.301887512207031,-16.98938751220703,-15.579324722290039,-14.516824722290039,-15.505191802978516,-14.442691802978516,16
test,0,The strange [wug],The strange [wugs],-15.016824722290039,-17.57932472229004,-18.17688751220703,-16.30188751220703,-18.177125930786133,-16.364625930786133,16
test,1,The strange [wugs],The strange [wug],-16.30188751220703,-18.17688751220703,-17.57932472229004,-15.016824722290039,-17.442691802978516,-14.942691802978516,16
test,0,The gentle [wug],The gentle [wugs],-15.632224082946777,-17.63222312927246,-15.498908042907715,-14.936408042907715,-15.49742317199707,-14.99742317199707,16
test,1,The gentle [wugs],The gentle [wug],-14.936408042907715,-15.498908042907715,-17.63222312927246,-15.632224082946777,-17.627443313598633,-15.68994426727295,16
test,0,The curious [wug],The curious [wugs],-14.790776252746582,-18.103275299072266,-20.65961265563965,-16.06586265563965,-20.661937713623047,-16.130687713623047,16
test,1,The curious [wugs],The curious [wug],-16.06586265563965,-20.65961265563965,-18.103275299072266,-14.790776252746582,-18.101287841796875,-14.788786888122559,16
test,0,The wary [wug],The wary [wugs],-11.805991172790527,-15.993491172790527,-15.279317855834961,-14.654317855834961,-15.277417182922363,-14.714917182922363,16
test,1,The wary [wugs],The wary [wug],-14.654317855834961,-15.279317855834961,-15.993491172790527,-11.805991172790527,-15.908255577087402,-11.783255577087402,16
test,0,The gentle [wug],The gentle [wugs],-17.88222312927246,-19.69472312927246,-19.7489070892334,-15.748908042907715,-19.74742317199707,-15.80992317199707,16
test,1,The gentle [wugs],The gentle [wug],-15.748908042907715,-19.7489070892334,-19.69472312927246,-17.88222312927246,-19.658693313598633,-17.877443313598633,16
test,0,The wary [wug],The wary [wugs],-12.930991172790527,-15.118491172790527,-14.966817855834961,-12.341817855834961,-14.964917182922363,-12.464917182922363,16
test,1,The wary [wugs],The wary [wug],-12.341817855834961,-14.966817855834961,-15.118491172790527,-12.930991172790527,-14.970755577087402,-12.845755577087402,16
test,0,The shy [wug],The shy [wugs],-15.776308059692383,-17.682558059692383,-15.855386734008789,-13.667886734008789,-15.746085166931152,-13.683585166931152,16
test,1,The shy [wugs],The shy [wug],-13.667886734008789,-15.855386734008789,-17.682558059692383,-15.776308059692383,-17.623300552368164,-15.77955150604248,16
test,0,The curious [wug],The curious [wugs],-17.572025299072266,-17.822025299072266,-19.94086265563965,-17.69086265563965,-19.880687713623047,-17.693187713623047,16
test,1,The curious [wugs],The curious [wug],-17.69086265563965,-19.94086265563965,-17.822025299072266,-17.572025299072266,-17.820037841796875,-17.663787841796875,16
test,0,The sturdy [wug],The sturdy [wugs],-11.190808296203613,-14.128308296203613,-14.871377944946289,-12.746377944946289,-14.816166877746582,-12.753666877746582,16
test,1,The sturdy [wugs],The sturdy [wug],-12.746377944946289,-14.871377944946289,-14.128308296203613,-11.190808296203613,-14.009608268737793,-11.197108268737793,16
test,0,The tiny [wug],The tiny [wugs],-12.49979019165039,-15.12479019165039,-16.65048599243164,-14.337986946105957,-16.6480770111084,-14.460577011108398,16
test,1,The tiny [wugs],The tiny [wug],-14.337986946105957,-16.65048599243164,-15.12479019165039,-12.49979019165039,-15.00073528289795,-12.50073528289795,16
test,0,The wary [wug],The wary [wugs],-15.118491172790527,-17.89974021911621,-18.46681785583496,-14.279317855834961,-18.49616813659668,-14.339917182922363,16
test,1,The wary [wugs],The wary [wug],-14.279317855834961,-18.46681785583496,-17.89974021911621,-15.118491172790527,-17.783254623413086,-15.033255577087402,16
test,0,The strange [wug],The strange [wugs],-16.95432472229004,-17.70432472229004,-16.86438751220703,-13.739387512207031,-16.802125930786133,-13.73962688446045,16
test,1,The strange [wugs],The strange [wug],-13.739387512207031,-16.86438751220703,-17.70432472229004,-16.95432472229004,-17.567691802978516,-16.817691802978516,16
test,0,The clumsy [wug],The clumsy [wugs],-11.748245239257812,-15.935745239257812,-16.207313537597656,-11.45731258392334,-16.08546257019043,-11.522963523864746,16
test,1,The clumsy [wugs],The clumsy [wug],-11.45731258392334,-16.207313537597656,-15.935745239257812,-11.748245239257812,-15.7048921585083,-11.7048921585083,16
test,0,The strange [wug],The strange [wugs],-14.829324722290039,-16.76682472229004,-16.23938751220703,-14.426887512207031,-16.177125930786133,-14.42712688446045,16
test,1,The strange [wugs],The strange [wug],-14.426887512207031,-16.23938751220703,-16.76682472229004,-14.829324722290039,-16.630191802978516,-14.755191802978516,16
test,0,The tiny [wug],The tiny [wugs],-17.06229019165039,-19.78104019165039,-18.77548599243164,-14.337986946105957,-18.8355770111084,-14.523077011108398,16
test,1,The tiny [wugs],The tiny [wug],-14.337986946105957,-18.77548599243164,-19.78104019165039,-17.06229019165039,-19.688236236572266,-17.063236236572266,16
test,0,The tiny [wug],The tiny [wugs],-14.31229019165039,-16.68729019165039,-15.837986946105957,-12.150486946105957,-15.898077011108398,-12.335577011108398,16
test,1,The tiny [wugs],The tiny [wug],-12.150486946105957,-15.837986946105957,-16.68729019165039,-14.31229019165039,-16.563236236572266,-14.31323528289795,16
test,0,The clever [wug],The clever [wugs],-11.804723739624023,-16.429723739624023,-17.741653442382812,-15.804152488708496,-17.84306526184082,-15.905564308166504,16
test,1,The clever [wugs],The clever [wug],-15.804152488708496,-17.741653442382812,-16.429723739624023,-11.804723739624023,-16.40026092529297,-11.837761878967285,16
test,0,The shy [wug],The shy [wugs],-14.713808059692383,-18.026308059692383,-17.44913673400879,-15.230386734008789,-17.402334213256836,-15.308585166931152,16
test,1,The shy [wugs],The shy [wug],-15.230386734008789,-17.44913673400879,-18.026308059692383,-14.713808059692383,-17.904550552368164,-14.65455150604248,16
test,0,The restless [wug],The restless [wugs],-13.228647232055664,-17.791147232055664,-16.229097366333008,-13.791597366333008,-16.227075576782227,-13.852075576782227,16
test,1,The restless [wugs],The restless [wug],-13.791597366333008,-16.229097366333008,-17.791147232055664,-13.228647232055664,-17.66650390625,-13.229002952575684,16
test,0,The curious [wug],The curious [wugs],-13.603276252746582,-15.665776252746582,-16.06586265563965,-12.003362655639648,-16.068187713623047,-11.943188667297363,16
test,1,The curious [wugs],The curious [wug],-12.003362655639648,-16.06586265563965,-15.665776252746582,-13.603276252746582,-15.726286888122559,-13.663786888122559,16
test,0,The restless [wug],The restless [wugs],-12.603647232055664,-15.978647232055664,-17.104097366333008,-15.291597366333008,-17.102075576782227,-15.352075576782227,16
test,1,The restless [wugs],The restless [wug],-15.291597366333008,-17.104097366333008,-15.978647232055664,-12.603647232055664,-15.916502952575684,-12.604002952575684,16
test,0,The gentle [wug],The gentle [wugs],-16.25722312927246,-17.38222312927246,-17.4989070892334,-14.936408042907715,-17.49742317199707,-14.93492317199707,16
test,1,The gentle [wugs],The gentle [wug],-14.936408042907715,-17.4989070892334,-17.38222312927246,-16.25722312927246,-17.377443313598633,-16.377443313598633,16
test,0,The graceful [wug],The graceful [wugs],-8.974678039550781,-13.599678039550781,-14.080222129821777,-9.017722129821777,-14.013633728027344,-9.013633728027344,16
test,1,The graceful [wugs],The graceful [wug],-9.017722129821777,-14.080222129821777,-13.599678039550781,-8.974678039550781,-13.483634948730469,-8.921134948730469,16
test,0,The graceful [wug],The graceful [wugs],-12.974678039550781,-14.162178039550781,-18.54897117614746,-17.14272117614746,-18.513633728027344,-17.138633728027344,16
test,1,The graceful [wugs],The graceful [wug],-17.14272117614746,-18.54897117614746,-14.162178039550781,-12.974678039550781,-14.108634948730469,-12.921134948730469,16
test,0,The clumsy [wug],The clumsy [wugs],-12.623245239257812,-16.560745239257812,-15.95731258392334,-13.64481258392334,-15.772963523864746,-13.647963523864746,16
test,1,The clumsy [wugs],The clumsy [wug],-13.64481258392334,-15.95731258392334,-16.560745239257812,-12.623245239257812,-16.329893112182617,-12.5798921585083,16
test,0,The spotted [wug],The spotted [wugs],-16.548202514648438,-23.985702514648438,-15.535229682922363,-13.097729682922363,-15.601960182189941,-13.164460182189941,16
test,1,The spotted [wugs],The spotted [wug],-13.097729682922363,-15.535229682922363,-23.985702514648438,-16.548202514648438,-23.90779685974121,-16.48592185974121,16
test,0,The tiny [wug],The tiny [wugs],-12.81229019165039,-15.81229019165039,-14.400486946105957,-12.337986946105957,-14.460577011108398,-12.523077011108398,16
test,1,The tiny [wugs],The tiny [wug],-12.337986946105957,-14.400486946105957,-15.81229019165039,-12.81229019165039,-15.62573528289795,-12.75073528289795,16
test,0,The shy [wug],The shy [wugs],-14.838808059692383,-15.776308059692383,-16.98038673400879,-13.980386734008789,-16.933584213256836,-14.058585166931152,16
test,1,The shy [wugs],The shy [wug],-13.980386734008789,-16.98038673400879,-15.776308059692383,-14.838808059692383,-15.59205150604248,-14.77955150604248,16
test,0,The strange [wug],The strange [wugs],-14.641824722290039,-18.45432472229004,-16.42688751220703,-14.739387512207031,-16.364625930786133,-14.73962688446045,16
test,1,The strange [wugs],The strange [wug],-14.739387512207031,-16.42688751220703,-18.45432472229004,-14.641824722290039,-18.317691802978516,-14.567691802978516,16
test,0,The fierce [wug],The fierce [wugs],-14.243098258972168,-14.493098258972168,-16.94289779663086,-13.19289779663086,-16.942350387573242,-13.286100387573242,16
test,1,The fierce [wugs],The fierce [wug],-13.19289779663086,-16.94289779663086,-14.493098258972168,-14.243098258972168,-14.4334077835083,-14.2459077835083,16
test,0,The wary [wug],The wary [wugs],-10.243491172790527,-15.680991172790527,-15.466817855834961,-13.779317855834961,-15.464917182922363,-13.839917182922363,16
test,1,The wary [wugs],The wary [wug],-13.779317855834961,-15.466817855834961,-15.680991172790527,-10.243491172790527,-15.533255577087402,-10.220755577087402,16
test,0,The fierce [wug],The fierce [wugs],-11.930598258972168,-15.805598258972168,-15.00539779663086,-11.81789779663086,-15.036100387573242,-11.911100387573242,16
test,1,The fierce [wugs],The fierce [wug],-11.81789779663086,-15.00539779663086,-15.805598258972168,-11.930598258972168,-15.7459077835083,-11.9334077835083,16
test,0,The bold [wug],The bold [wugs],-14.619043350219727,-16.494043350219727,-16.259897232055664,-15.634897232055664,-16.308019638061523,-15.745519638061523,16
test,1,The bold [wugs],The bold [wug],-15.634897232055664,-16.259897232055664,-16.494043350219727,-14.619043350219727,-16.61606788635254,-14.741066932678223,16
test,0,The gentle [wug],The gentle [wugs],-13.632224082946777,-18.38222312927246,-15.498908042907715,-12.686408042907715,-15.43492317199707,-12.74742317199707,16
test,1,The gentle [wugs],The gentle [wug],-12.686408042907715,-15.498908042907715,-18.38222312927246,-13.632224082946777,-18.439943313598633,-13.68994426727295,16
test,0,The strange [wug],The strange [wugs],-13.829324722290039,-13.954324722290039,-15.989387512207031,-15.301887512207031,-15.98962688446045,-15.30212688446045,16
test,1,The strange [wugs],The strange [wug],-15.301887512207031,-15.989387512207031,-13.954324722290039,-13.829324722290039,-13.942691802978516,-13.880191802978516,16
test,0,The bold [wug],The bold [wugs],-12.431543350219727,-13.056543350219727,-15.759897232055664,-12.447397232055664,-15.808019638061523,-12.558019638061523,16
test,1,The bold [wugs],The bold [wug],-12.447397232055664,-15.759897232055664,-13.056543350219727,-12.431543350219727,-13.178566932678223,-12.553566932678223,16
test,0,The bold [wug],The bold [wugs],-11.494043350219727,-13.244043350219727,-15.197397232055664,-12.697397232055664,-15.308019638061523,-12.808019638061523,16
test,1,The bold [wugs],The bold [wug],-12.697397232055664,-15.197397232055664,-13.244043350219727,-11.494043350219727,-13.303566932678223,-11.553566932678223,16
test,0,The wary [wug],The wary [wugs],-11.180991172790527,-14.430991172790527,-15.091817855834961,-13.466817855834961,-15.089917182922363,-13.527417182922363,16
test,1,The wary [wugs],The wary [wug],-13.466817855834961,-15.091817855834961,-14.430991172790527,-11.180991172790527,-14.283255577087402,-11.220755577087402,16
test,0,The gentle [wug],The gentle [wugs],-12.257224082946777,-14.257224082946777,-13.686408042907715,-11.623908042907715,-13.68492317199707,-11.68492317199707,16
test,1,The gentle [wugs],The gentle [wug],-11.623908042907715,-13.686408042907715,-14.257224082946777,-12.257224082946777,-14.25244426727295,-12.37744426727295,16
test,0,The graceful [wug],The graceful [wugs],-15.349678039550781,-16.72467803955078,-16.26772117614746,-15.517722129821777,-16.263633728027344,-15.513633728027344,16
test,1,The graceful [wugs],The graceful [wug],-15.517722129821777,-16.26772117614746,-16.72467803955078,-15.349678039550781,-16.67113494873047,-15.296134948730469,16
test,0,The shy [wug],The shy [wugs],-13.588808059692383,-16.838808059692383,-17.48038673400879,-12.605386734008789,-17.371084213256836,-12.621085166931152,16
test,1,The shy [wugs],The shy [wug],-12.605386734008789,-17.48038673400879,-16.838808059692383,-13.588808059692383,-16.717050552368164,-13.52955150604248,16
test,0,The tiny [wug],The tiny [wugs],-17.81229019165039,-18.56229019165039,-16.77548599243164,-14.400486946105957,-16.8355770111084,-14.523077011108398,16
test,1,The tiny [wugs],The tiny [wug],-14.400486946105957,-16.77548599243164,-18.56229019165039,-17.81229019165039,-18.375736236572266,-17.750736236572266,16
test,0,The curious [wug],The curious [wugs],-11.915776252746582,-16.290775299072266,-16.50336265563965,-13.378362655639648,-16.505687713623047,-13.443188667297363,16
test,1,The curious [wugs],The curious [wug],-13.378362655639648,-16.50336265563965,-16.290775299072266,-11.915776252746582,-16.288787841796875,-11.913786888122559,16
test,0,The shy [wug],The shy [wugs],-15.088808059692383,-17.088808059692383,-16.91788673400879,-14.417886734008789,-16.933584213256836,-14.496085166931152,16
test,1,The shy [wugs],The shy [wug],-14.417886734008789,-16.91788673400879,-17.088808059692383,-15.088808059692383,-16.967050552368164,-14.90455150604248,16
test,0,The spotted [wug],The spotted [wugs],-15.110701560974121,-17.946640014648438,-14.222729682922363,-11.535229682922363,-14.289460182189941,-11.664460182189941,16
test,1,The spotted [wugs],The spotted [wug],-11.535229682922363,-14.222729682922363,-17.946640014648438,-15.110701560974121,-17.67342185974121,-14.939045906066895,16
test,0,The fierce [wug],The fierce [wugs],-14.743098258972168,-17.18059730529785,-17.00539779663086,-12.88039779663086,-17.067350387573242,-13.036100387573242,16
test,1,The fierce [wugs],The fierce [wug],-12.88039779663086,-17.00539779663086,-17.18059730529785,-14.743098258972168,-17.120906829833984,-14.8084077835083,16
test,0,The clumsy [wug],The clumsy [wugs],-14.623245239257812,-16.935745239257812,-17.988563537597656,-12.51981258392334,-17.83546257019043,-12.522963523864746,16
test,1,The clumsy [wugs],The clumsy [wug],-12.51981258392334,-17.988563537597656,-16.935745239257812,-14.623245239257812,-16.767393112182617,-14.5798921585083,16
test,0,The tiny [wug],The tiny [wugs],-13.87479019165039,-15.93729019165039,-15.837986946105957,-13.462986946105957,-15.835577011108398,-13.585577011108398,16
test,1,The tiny [wugs],The tiny [wug],-13.462986946105957,-15.837986946105957,-15.93729019165039,-13.87479019165039,-15.75073528289795,-13.87573528289795,16
test,0,The restless [wug],The restless [wugs],-14.916147232055664,-15.478647232055664,-17.791597366333008,-13.854097366333008,-17.789575576782227,-13.852075576782227,16
test,1,The restless [wugs],The restless [wug],-13.854097366333008,-17.791597366333008,-15.478647232055664,-14.916147232055664,-15.354002952575684,-14.854002952575684,16
test,0,The restless [wug],The restless [wugs],-11.416147232055664,-13.791147232055664,-14.604097366333008,-12.354097366333008,-14.602075576782227,-12.414575576782227,16
test,1,The restless [wugs],The restless [wug],-12.354097366333008,-14.604097366333008,-13.791147232055664,-11.416147232055664,-13.729002952575684,-11.416502952575684,16
test,0,The sturdy [wug],The sturdy [wugs],-12.378308296203613,-14.565808296203613,-13.433877944946289,-9.683877944946289,-13.378666877746582,-9.691166877746582,16
test,1,The sturdy [wugs],The sturdy [wug],-9.683877944946289,-13.433877944946289,-14.565808296203613,-12.378308296203613,-14.447108268737793,-12.384608268737793,16
test,0,The clumsy [wug],The clumsy [wugs],-13.998245239257812,-18.341995239257812,-16.394813537597656,-13.58231258392334,-16.27296257019043,-13.585463523864746,16
test,1,The clumsy [wugs],The clumsy [wug],-13.58231258392334,-16.394813537597656,-18.341995239257812,-13.998245239257812,-18.142393112182617,-13.8923921585083,16
test,0,The gentle [wug],The gentle [wugs],-14.194724082946777,-14.819724082946777,-16.1239070892334,-12.936408042907715,-16.12242317199707,-12.99742317199707,16
test,1,The gentle [wugs],The gentle [wug],-12.936408042907715,-16.1239070892334,-14.819724082946777,-14.194724082946777,-14.81494426727295,-14.31494426727295,16
test,0,The wary [wug],The wary [wugs],-12.805991172790527,-15.368491172790527,-14.529317855834961,-14.154317855834961,-14.527417182922363,-14.214917182922363,16
test,1,The wary [wugs],The wary [wug],-14.154317855834961,-14.529317855834961,-15.368491172790527,-12.805991172790527,-15.220755577087402,-12.783255577087402,16
test,0,The sturdy [wug],The sturdy [wugs],-9.815808296203613,-14.190808296203613,-14.996377944946289,-12.621377944946289,-14.878666877746582,-12.566166877746582,16
test,1,The sturdy [wugs],The sturdy [wug],-12.621377944946289,-14.996377944946289,-14.190808296203613,-9.815808296203613,-14.009608268737793,-9.884608268737793,16
test,0,The spotted [wug],The spotted [wugs],-18.134140014648438,-19.777694702148438,-14.535229682922363,-12.597729682922363,-14.664460182189941,-12.789460182189941,16
test,1,The spotted [wugs],The spotted [wug],-12.597729682922363,-14.535229682922363,-19.777694702148438,-18.134140014648438,-19.50935935974121,-17.93904685974121,16
test,0,The tiny [wug],The tiny [wugs],-15.24979019165039,-16.74979019165039,-15.212986946105957,-14.337986946105957,-15.273077011108398,-14.523077011108398,16
test,1,The tiny [wugs],The tiny [wug],-14.337986946105957,-15.212986946105957,-16.74979019165039,-15.24979019165039,-16.563236236572266,-15.18823528289795,16
test,0,The lively [wug],The lively [wugs],-15.219456672668457,-16.34445571899414,-16.244884490966797,-11.932385444641113,-16.24077033996582,-12.05327033996582,16
test,1,The lively [wugs],The lively [wug],-11.932385444641113,-16.244884490966797,-16.34445571899414,-15.219456672668457,-16.31035614013672,-15.247855186462402,16
test,0,The curious [wug],The curious [wugs],-14.790776252746582,-16.540775299072266,-16.94086265563965,-15.315862655639648,-16.880687713623047,-15.318188667297363,16
test,1,The curious [wugs],The curious [wug],-15.315862655639648,-16.94086265563965,-16.540775299072266,-14.790776252746582,-16.601287841796875,-14.788786888122559,16
test,0,The wary [wug],The wary [wugs],-14.305991172790527,-16.68099021911621,-16.77931785583496,-14.529317855834961,-16.83991813659668,-14.652417182922363,16
test,1,The wary [wugs],The wary [wug],-14.529317855834961,-16.77931785583496,-16.68099021911621,-14.305991172790527,-16.533254623413086,-14.345755577087402,16
test,0,The tiny [wug],The tiny [wugs],-13.18729019165039,-17.74979019165039,-15.962986946105957,-12.587986946105957,-16.0230770111084,-12.773077011108398,16
test,1,The tiny [wugs],The tiny [wug],-12.587986946105957,-15.962986946105957,-17.74979019165039,-13.18729019165039,-17.563236236572266,-13.12573528289795,16
test,0,The bold [wug],The bold [wugs],-13.369043350219727,-14.056543350219727,-15.759897232055664,-14.634897232055664,-15.870519638061523,-14.745519638061523,16
test,1,The bold [wugs],The bold [wug],-14.634897232055664,-15.759897232055664,-14.056543350219727,-13.369043350219727,-14.116066932678223,-13.428566932678223,16
test,0,The round [wug],The round [wugs],-11.890340805053711,-14.515340805053711,-15.087926864624023,-11.400426864624023,-15.080839157104492,-11.455839157104492,16
test,1,The round [wugs],The round [wug],-11.400426864624023,-15.087926864624023,-14.515340805053711,-11.890340805053711,-14.286513328552246,-11.849013328552246,16
test,0,The fierce [wug],The fierce [wugs],-14.180598258972168,-15.680598258972168,-17.03664779663086,-15.00539779663086,-17.067350387573242,-15.098600387573242,16
test,1,The fierce [wugs],The fierce [wug],-15.00539779663086,-17.03664779663086,-15.680598258972168,-14.180598258972168,-15.6209077835083,-14.1209077835083,16
test,0,The shy [wug],The shy [wugs],-11.213808059692383,-12.276308059692383,-14.480386734008789,-10.292886734008789,-14.433585166931152,-10.308585166931152,16
test,1,The shy [wugs],The shy [wug],-10.292886734008789,-14.480386734008789,-12.276308059692383,-11.213808059692383,-12.21705150604248,-11.21705150604248,16
test,0,The graceful [wug],The graceful [wugs],-11.287178039550781,-14.787178039550781,-14.892722129821777,-13.017722129821777,-14.826133728027344,-13.076133728027344,16
test,1,The graceful [wugs],The graceful [wug],-13.017722129821777,-14.892722129821777,-14.787178039550781,-11.287178039550781,-14.671134948730469,-11.171134948730469,16
test,0,The round [wug],The round [wugs],-13.577840805053711,-15.202840805053711,-13.150426864624023,-10.337926864624023,-13.143339157104492,-10.330839157104492,16
test,1,The round [wugs],The round [wug],-10.337926864624023,-13.150426864624023,-15.202840805053711,-13.577840805053711,-15.099013328552246,-13.599013328552246,16
test,0,The gentle [wug],The gentle [wugs],-14.507224082946777,-14.757224082946777,-16.8739070892334,-13.186408042907715,-16.80992317199707,-13.18492317199707,16
test,1,The gentle [wugs],The gentle [wug],-13.186408042907715,-16.8739070892334,-14.757224082946777,-14.507224082946777,-14.75244426727295,-14.56494426727295,16
test,0,The tiny [wug],The tiny [wugs],-15.93729019165039,-18.49979019165039,-17.71298599243164,-16.08798599243164,-17.7730770111084,-16.2105770111084,16
test,1,The tiny [wugs],The tiny [wug],-16.08798599243164,-17.71298599243164,-18.49979019165039,-15.93729019165039,-18.375736236572266,-15.93823528289795,16
test,0,The graceful [wug],The graceful [wugs],-10.662178039550781,-13.599678039550781,-14.955222129821777,-10.955222129821777,-14.951133728027344,-11.076133728027344,16
test,1,The graceful [wugs],The graceful [wug],-10.955222129821777,-14.955222129821777,-13.599678039550781,-10.662178039550781,-13.483634948730469,-10.608634948730469,16
test,0,The strange [wug],The strange [wugs],-12.516824722290039,-15.266824722290039,-15.926887512207031,-14.614387512207031,-15.86462688446045,-14.61462688446045,16
test,1,The strange [wugs],The strange [wug],-14.614387512207031,-15.926887512207031,-15.266824722290039,-12.516824722290039,-15.130191802978516,-12.442691802978516,16
test,0,The shy [wug],The shy [wugs],-15.463808059692383,-16.963808059692383,-17.41788673400879,-14.667886734008789,-17.371084213256836,-14.746085166931152,16
test,1,The shy [wugs],The shy [wug],-14.667886734008789,-17.41788673400879,-16.963808059692383,-15.463808059692383,-16.842050552368164,-15.40455150604248,16
test,0,The bold [wug],The bold [wugs],-13.619043350219727,-16.869043350219727,-15.697397232055664,-13.884897232055664,-15.745519638061523,-13.995519638061523,16
test,1,The bold [wugs],The bold [wug],-13.884897232055664,-15.697397232055664,-16.869043350219727,-13.619043350219727,-16.86606788635254,-13.678566932678223,16
test,0,The fierce [wug],The fierce [wugs],-14.118098258972168,-15.993098258972168,-16.84914779663086,-13.31789779663086,-16.786100387573242,-13.411100387573242,16
test,1,The fierce [wugs],The fierce [wug],-13.31789779663086,-16.84914779663086,-15.993098258972168,-14.118098258972168,-15.9959077835083,-14.1834077835083,16
test,0,The bold [wug],The bold [wugs],-10.431543350219727,-12.681543350219727,-13.697397232055664,-10.884897232055664,-13.808019638061523,-11.058019638061523,16
test,1,The bold [wugs],The bold [wug],-10.884897232055664,-13.697397232055664,-12.681543350219727,-10.431543350219727,-12.678566932678223,-10.491066932678223,16
test,0,The strange [wug],The strange [wugs],-15.391824722290039,-16.76682472229004,-15.551887512207031,-13.301887512207031,-15.48962688446045,-13.23962688446045,16
test,1,The strange [wugs],The strange [wug],-13.301887512207031,-15.551887512207031,-16.76682472229004,-15.391824722290039,-16.630191802978516,-15.317691802978516,16
test,0,The bold [wug],The bold [wugs],-10.806543350219727,-10.931543350219727,-13.759897232055664,-9.697397232055664,-13.870519638061523,-9.808019638061523,16
test,1,The bold [wugs],The bold [wug],-9.697397232055664,-13.759897232055664,-10.931543350219727,-10.806543350219727,-10.991066932678223,-10.866066932678223,16
test,0,The wary [wug],The wary [wugs],-17.14974021911621,-18.30599021911621,-17.56056785583496,-15.966817855834961,-17.52741813659668,-16.02741813659668,16
test,1,The wary [wugs],The wary [wug],-15.966817855834961,-17.56056785583496,-18.30599021911621,-17.14974021911621,-18.220754623413086,-17.189504623413086,16
test,0,The lively [wug],The lively [wugs],-12.594456672668457,-16.34445571899414,-14.619885444641113,-12.932385444641113,-14.61577033996582,-13.05327033996582,16
test,1,The lively [wugs],The lively [wug],-12.932385444641113,-14.619885444641113,-16.34445571899414,-12.594456672668457,-16.31035614013672,-12.560355186462402,16
test,0,The gentle [wug],The gentle [wugs],-14.944724082946777,-15.444724082946777,-16.7489070892334,-14.436408042907715,-16.74742317199707,-14.43492317199707,16
test,1,The gentle [wugs],The gentle [wug],-14.436408042907715,-16.7489070892334,-15.444724082946777,-14.944724082946777,-15.50244426727295,-15.00244426727295,16
test,0,The gentle [wug],The gentle [wugs],-15.069724082946777,-15.944724082946777,-16.2489070892334,-13.373908042907715,-16.24742317199707,-13.43492317199707,16
test,1,The gentle [wugs],The gentle [wug],-13.373908042907715,-16.2489070892334,-15.944724082946777,-15.069724082946777,-15.93994426727295,-15.12744426727295,16
test,0,The spotted [wug],The spotted [wugs],-15.329451560974121,-17.516952514648438,-16.785228729248047,-11.910229682922363,-16.851961135864258,-12.101960182189941,16
test,1,The spotted [wugs],The spotted [wug],-11.910229682922363,-16.785228729248047,-17.516952514648438,-15.329451560974121,-17.15779685974121,-15.251545906066895,16
test,0,The restless [wug],The restless [wugs],-14.728647232055664,-16.603647232055664,-16.229097366333008,-13.604097366333008,-16.227075576782227,-13.727075576782227,16
test,1,The restless [wugs],The restless [wug],-13.604097366333008,-16.229097366333008,-16.603647232055664,-14.728647232055664,-16.54150390625,-14.729002952575684,16
test,0,The tiny [wug],The tiny [wugs],-15.87479019165039,-16.68729019165039,-18.93173599243164,-16.83798599243164,-19.0543270111084,-17.0230770111084,16
test,1,The tiny [wugs],The tiny [wug],-16.83798599243164,-18.93173599243164,-16.68729019165039,-15.87479019165039,-16.563236236572266,-15.87573528289795,16
test,0,The bold [wug],The bold [wugs],-15.056543350219727,-16.244043350219727,-16.572397232055664,-13.947397232055664,-16.620519638061523,-14.058019638061523,16
test,1,The bold [wugs],The bold [wug],-13.947397232055664,-16.572397232055664,-16.244043350219727,-15.056543350219727,-16.30356788635254,-15.116066932678223,16
test,0,The clever [wug],The clever [wugs],-10.304723739624023,-11.304723739624023,-17.491653442382812,-14.804152488708496,-17.59306526184082,-14.968064308166504,16
test,1,The clever [wugs],The clever [wug],-14.804152488708496,-17.491653442382812,-11.304723739624023,-10.304723739624023,-11.400261878967285,-10.400261878967285,16
test,0,The graceful [wug],The graceful [wugs],-14.037178039550781,-17.44342803955078,-18.64272117614746,-14.642722129821777,-18.513633728027344,-14.638633728027344,16
test,1,The graceful [wugs],The graceful [wug],-14.642722129821777,-18.64272117614746,-17.44342803955078,-14.037178039550781,-17.32738494873047,-13.983634948730469,16
test,0,The clumsy [wug],The clumsy [wugs],-12.373245239257812,-13.623245239257812,-14.95731258392334,-12.58231258392334,-14.835463523864746,-12.585463523864746,16
test,1,The clumsy [wugs],The clumsy [wug],-12.58231258392334,-14.95731258392334,-13.623245239257812,-12.373245239257812,-13.4548921585083,-12.3298921585083,16
test,0,The tiny [wug],The tiny [wugs],-15.56229019165039,-17.68729019165039,-16.96298599243164,-15.775486946105957,-17.0230770111084,-15.898077011108398,16
test,1,The tiny [wugs],The tiny [wug],-15.775486946105957,-16.96298599243164,-17.68729019165039,-15.56229019165039,-17.625736236572266,-15.50073528289795,16
test,0,The lively [wug],The lively [wugs],-14.531956672668457,-17.40695571899414,-17.151134490966797,-15.807385444641113,-17.11577033996582,-15.86577033996582,16
test,1,The lively [wugs],The lively [wug],-15.807385444641113,-17.151134490966797,-17.40695571899414,-14.531956672668457,-17.49785614013672,-14.622855186462402,16
test,0,The restless [wug],The restless [wugs],-16.541147232055664,-20.322397232055664,-18.635347366333008,-15.166597366333008,-18.695825576782227,-15.289575576782227,16
test,1,The restless [wugs],The restless [wug],-15.166597366333008,-18.635347366333008,-20.322397232055664,-16.541147232055664,-20.26025390625,-16.54150390625,16
test,0,The gentle [wug],The gentle [wugs],-14.757224082946777,-17.00722312927246,-15.811408042907715,-13.248908042907715,-15.80992317199707,-13.37242317199707,16
test,1,The gentle [wugs],The gentle [wug],-13.248908042907715,-15.811408042907715,-17.00722312927246,-14.757224082946777,-16.939943313598633,-14.81494426727295,16
test,0,The bold [wug],The bold [wugs],-12.869043350219727,-13.931543350219727,-14.009897232055664,-11.759897232055664,-14.120519638061523,-11.870519638061523,16
test,1,The bold [wugs],The bold [wug],-11.759897232055664,-14.009897232055664,-13.931543350219727,-12.869043350219727,-13.991066932678223,-12.928566932678223,16
test,0,The wary [wug],The wary [wugs],-12.368491172790527,-16.99349021911621,-15.091817855834961,-13.529317855834961,-15.089917182922363,-13.589917182922363,16
test,1,The wary [wugs],The wary [wug],-13.529317855834961,-15.091817855834961,-16.99349021911621,-12.368491172790527,-16.845754623413086,-12.345755577087402,16
test,0,The clever [wug],The clever [wugs],-10.992223739624023,-15.054723739624023,-14.679152488708496,-11.429152488708496,-14.780564308166504,-11.593064308166504,16
test,1,The clever [wugs],The clever [wug],-11.429152488708496,-14.679152488708496,-15.054723739624023,-10.992223739624023,-15.025261878967285,-10.962761878967285,16
test,0,The round [wug],The round [wugs],-17.01534080505371,-19.64034080505371,-17.744176864624023,-14.900426864624023,-17.737089157104492,-14.955839157104492,16
test,1,The round [wugs],The round [wug],-14.900426864624023,-17.744176864624023,-19.64034080505371,-17.01534080505371,-19.411514282226562,-16.942764282226562,16
test,0,The lively [wug],The lively [wugs],-14.094456672668457,-14.594456672668457,-14.619885444641113,-10.807385444641113,-14.55327033996582,-10.86577033996582,16
test,1,The lively [wugs],The lively [wug],-10.807385444641113,-14.619885444641113,-14.594456672668457,-14.094456672668457,-14.622855186462402,-14.122855186462402,16
test,0,The gentle [wug],The gentle [wugs],-16.38222312927246,-19.60097312927246,-18.4051570892334,-14.998908042907715,-18.37242317199707,-15.05992317199707,16
test,1,The gentle [wugs],The gentle [wug],-14.998908042907715,-18.4051570892334,-19.60097312927246,-16.38222312927246,-19.658693313598633,-16.502443313598633,16
test,0,The strange [wug],The strange [wugs],-15.454324722290039,-18.01682472229004,-17.30188751220703,-13.489387512207031,-17.302125930786133,-13.48962688446045,16
test,1,The strange [wugs],The strange [wug],-13.489387512207031,-17.30188751220703,-18.01682472229004,-15.454324722290039,-17.911441802978516,-15.380191802978516,16
test,0,The lively [wug],The lively [wugs],-12.719456672668457,-15.406956672668457,-14.682385444641113,-10.557385444641113,-14.67827033996582,-10.67827033996582,16
test,1,The lively [wugs],The lively [wug],-10.557385444641113,-14.682385444641113,-15.406956672668457,-12.719456672668457,-15.372855186462402,-12.747855186462402,16
test,0,The clumsy [wug],The clumsy [wugs],-11.560745239257812,-15.560745239257812,-14.20731258392334,-10.89481258392334,-14.147963523864746,-10.960463523864746,16
test,1,The clumsy [wugs],The clumsy [wug],-10.89481258392334,-14.20731258392334,-15.560745239257812,-11.560745239257812,-15.3298921585083,-11.4548921585083,16
test,0,The spotted [wug],The spotted [wugs],-12.016951560974121,-13.298201560974121,-16.535228729248047,-12.097729682922363,-16.539461135864258,-12.226960182189941,16
test,1,The spotted [wugs],The spotted [wug],-12.097729682922363,-16.535228729248047,-13.298201560974121,-12.016951560974121,-13.001545906066895,-11.970295906066895,16
test,0,The curious [wug],The curious [wugs],-15.228276252746582,-16.353275299072266,-18.65961265563965,-16.00336265563965,-18.630687713623047,-16.005687713623047,16
test,1,The curious [wugs],The curious [wug],-16.00336265563965,-18.65961265563965,-16.353275299072266,-15.228276252746582,-16.351287841796875,-15.288786888122559,16
test,0,The shy [wug],The shy [wugs],-15.151308059692383,-16.713808059692383,-16.29288673400879,-14.105386734008789,-16.183584213256836,-14.121085166931152,16
test,1,The shy [wugs],The shy [wug],-14.105386734008789,-16.29288673400879,-16.713808059692383,-15.151308059692383,-16.654550552368164,-15.15455150604248,16
test,0,The restless [wug],The restless [wugs],-15.728647232055664,-17.416147232055664,-17.291597366333008,-14.604097366333008,-17.289575576782227,-14.727075576782227,16
test,1,The restless [wugs],The restless [wug],-14.604097366333008,-17.291597366333008,-17.416147232055664,-15.728647232055664,-17.41650390625,-15.729002952575684,16
test,0,The gentle [wug],The gentle [wugs],-11.944724082946777,-15.069724082946777,-14.998908042907715,-13.373908042907715,-14.99742317199707,-13.43492317199707,16
test,1,The gentle [wugs],The gentle [wug],-13.373908042907715,-14.998908042907715,-15.069724082946777,-11.944724082946777,-15.06494426727295,-12.00244426727295,16
test,0,The bold [wug],The bold [wugs],-13.181543350219727,-15.494043350219727,-16.259897232055664,-13.822397232055664,-16.370519638061523,-13.933019638061523,16
test,1,The bold [wugs],The bold [wug],-13.822397232055664,-16.259897232055664,-15.494043350219727,-13.181543350219727,-15.553566932678223,-13.303566932678223,16
test,0,The gentle [wug],The gentle [wugs],-11.694724082946777,-14.132224082946777,-15.498908042907715,-13.561408042907715,-15.49742317199707,-13.62242317199707,16
test,1,The gentle [wugs],The gentle [wug],-13.561408042907715,-15.498908042907715,-14.132224082946777,-11.694724082946777,-14.12744426727295,-11.75244426727295,16
test,0,The fierce [wug],The fierce [wugs],-12.618098258972168,-13.868098258972168,-14.31789779663086,-10.50539779663086,-14.286100387573242,-10.598600387573242,16
test,1,The fierce [wugs],The fierce [wug],-10.50539779663086,-14.31789779663086,-13.868098258972168,-12.618098258972168,-13.8084077835083,-12.6209077835083,16
test,0,The sturdy [wug],The sturdy [wugs],-12.940808296203613,-15.909558296203613,-16.99637794494629,-13.246377944946289,-16.9411678314209,-13.316166877746582,16
test,1,The sturdy [wugs],The sturdy [wug],-13.246377944946289,-16.99637794494629,-15.909558296203613,-12.940808296203613,-15.728358268737793,-12.947108268737793,16
test,0,The sturdy [wug],The sturdy [wugs],-14.190808296203613,-14.565808296203613,-15.746377944946289,-13.996377944946289,-15.753666877746582,-14.003666877746582,16
test,1,The sturdy [wugs],The sturdy [wug],-13.996377944946289,-15.746377944946289,-14.565808296203613,-14.190808296203613,-14.509608268737793,-14.134608268737793,16
test,0,The wary [wug],The wary [wugs],-13.993491172790527,-15.368491172790527,-15.966817855834961,-13.341817855834961,-15.964917182922363,-13.464917182922363,16
test,1,The wary [wugs],The wary [wug],-13.341817855834961,-15.966817855834961,-15.368491172790527,-13.993491172790527,-15.158255577087402,-13.970755577087402,16
test,0,The fierce [wug],The fierce [wugs],-13.868098258972168,-16.89934730529785,-17.44289779663086,-13.50539779663086,-17.504850387573242,-13.661100387573242,16
test,1,The fierce [wugs],The fierce [wug],-13.50539779663086,-17.44289779663086,-16.89934730529785,-13.868098258972168,-16.808406829833984,-13.8709077835083,16
test,0,The shy [wug],The shy [wugs],-15.338808059692383,-16.838808059692383,-18.26163673400879,-16.73038673400879,-18.277334213256836,-16.746084213256836,16
test,1,The shy [wugs],The shy [wug],-16.73038673400879,-18.26163673400879,-16.838808059692383,-15.338808059692383,-16.717050552368164,-15.27955150604248,16
test,0,The clever [wug],The clever [wugs],-12.554723739624023,-14.742223739624023,-16.554153442382812,-12.241652488708496,-16.65556526184082,-12.405564308166504,16
test,1,The clever [wugs],The clever [wug],-12.241652488708496,-16.554153442382812,-14.742223739624023,-12.554723739624023,-14.712761878967285,-12.650261878967285,16
test,0,The fierce [wug],The fierce [wugs],-4.61809778213501,-11.180598258972168,-8.44289779663086,-3.4428975582122803,-8.411100387573242,-3.536100387573242,16
test,1,The fierce [wugs],The fierce [wug],-3.4428975582122803,-8.44289779663086,-11.180598258972168,-4.61809778213501,-11.0584077835083,-4.495907783508301,16
test,0,The gentle [wug],The gentle [wugs],-12.069724082946777,-15.319724082946777,-14.686408042907715,-11.061408042907715,-14.62242317199707,-11.05992317199707,16
test,1,The gentle [wugs],The gentle [wug],-11.061408042907715,-14.686408042907715,-15.319724082946777,-12.069724082946777,-15.31494426727295,-12.12744426727295,16
test,0,The curious [wug],The curious [wugs],-16.915775299072266,-18.540775299072266,-21.75336265563965,-18.09711265563965,-21.755687713623047,-18.161937713623047,16
test,1,The curious [wugs],The curious [wug],-18.09711265563965,-21.75336265563965,-18.540775299072266,-16.915775299072266,-18.601287841796875,-16.976287841796875,16
test,0,The curious [wug],The curious [wugs],-14.790776252746582,-16.165775299072266,-19.28461265563965,-17.87836265563965,-19.224437713623047,-17.818187713623047,16
test,1,The curious [wugs],The curious [wug],-17.87836265563965,-19.28461265563965,-16.165775299072266,-14.790776252746582,-16.226287841796875,-14.851286888122559,16
test,0,The round [wug],The round [wugs],-16.85909080505371,-21.12471580505371,-18.681676864624023,-14.525426864624023,-18.674589157104492,-14.580839157104492,16
test,1,The round [wugs],The round [wug],-14.525426864624023,-18.681676864624023,-21.12471580505371,-16.85909080505371,-20.911514282226562,-16.755264282226562,16
test,0,The clumsy [wug],The clumsy [wugs],-14.623245239257812,-15.998245239257812,-15.01981258392334,-12.33231258392334,-14.897963523864746,-12.335463523864746,16
test,1,The clumsy [wugs],The clumsy [wug],-12.33231258392334,-15.01981258392334,-15.998245239257812,-14.623245239257812,-15.8298921585083,-14.7048921585083,16
test,0,The tiny [wug],The tiny [wugs],-17.68729019165039,-19.59354019165039,-18.30673599243164,-15.525486946105957,-18.3668270111084,-15.648077011108398,16
test,1,The tiny [wugs],The tiny [wug],-15.525486946105957,-18.30673599243164,-19.59354019165039,-17.68729019165039,-19.469486236572266,-17.625736236572266,16
test,0,The shy [wug],The shy [wugs],-17.463808059692383,-18.838808059692383,-18.88663673400879,-16.29288673400879,-18.808584213256836,-16.308584213256836,16
test,1,The shy [wugs],The shy [wug],-16.29288673400879,-18.88663673400879,-18.838808059692383,-17.463808059692383,-18.810800552368164,-17.404550552368164,16
test,0,The wary [wug],The wary [wugs],-13.680991172790527,-15.868491172790527,-16.65431785583496,-12.341817855834961,-16.65241813659668,-12.464917182922363,16
test,1,The wary [wugs],The wary [wug],-12.341817855834961,-16.65431785583496,-15.868491172790527,-13.680991172790527,-15.720755577087402,-13.658255577087402,16
test,0,The lively [wug],The lively [wugs],-14.031956672668457,-16.15695571899414,-13.807385444641113,-12.619885444641113,-13.80327033996582,-12.67827033996582,16
test,1,The lively [wugs],The lively [wug],-12.619885444641113,-13.807385444641113,-16.15695571899414,-14.031956672668457,-16.18535614013672,-14.060355186462402,16
test,0,The sturdy [wug],The sturdy [wugs],-13.940808296203613,-15.003308296203613,-16.55887794494629,-14.183877944946289,-16.5036678314209,-14.191166877746582,16
test,1,The sturdy [wugs],The sturdy [wug],-14.183877944946289,-16.55887794494629,-15.003308296203613,-13.940808296203613,-14.947108268737793,-14.009608268737793,16
test,0,The curious [wug],The curious [wugs],-14.790776252746582,-16.290775299072266,-18.03461265563965,-13.003362655639648,-18.005687713623047,-13.005688667297363,16
test,1,The curious [wugs],The curious [wug],-13.003362655639648,-18.03461265563965,-16.290775299072266,-14.790776252746582,-16.288787841796875,-14.851286888122559,16
test,0,The sturdy [wug],The sturdy [wugs],-15.003308296203613,-15.253308296203613,-15.871377944946289,-13.933877944946289,-15.753666877746582,-13.878666877746582,16
test,1,The sturdy [wugs],The sturdy [wug],-13.933877944946289,-15.871377944946289,-15.253308296203613,-15.003308296203613,-15.259608268737793,-15.072108268737793,16
test,0,The fierce [wug],The fierce [wugs],-13.555598258972168,-13.930598258972168,-16.00539779663086,-11.88039779663086,-15.973600387573242,-12.036100387573242,16
test,1,The fierce [wugs],The fierce [wug],-11.88039779663086,-16.00539779663086,-13.930598258972168,-13.555598258972168,-13.8709077835083,-13.6209077835083,16
test,0,The restless [wug],The restless [wugs],-12.478647232055664,-14.916147232055664,-15.979097366333008,-11.666597366333008,-16.039575576782227,-11.789575576782227,16
test,1,The restless [wugs],The restless [wug],-11.666597366333008,-15.979097366333008,-14.916147232055664,-12.478647232055664,-14.791502952575684,-12.416502952575684,16
test,0,The clumsy [wug],The clumsy [wugs],-13.435745239257812,-16.248245239257812,-15.64481258392334,-12.89481258392334,-15.522963523864746,-12.897963523864746,16
test,1,The clumsy [wugs],The clumsy [wug],-12.89481258392334,-15.64481258392334,-16.248245239257812,-13.435745239257812,-16.017393112182617,-13.2673921585083,16
test,0,The lively [wug],The lively [wugs],-13.844456672668457,-15.406956672668457,-14.119885444641113,-10.057385444641113,-14.11577033996582,-10.24077033996582,16
test,1,The lively [wugs],The lively [wug],-10.057385444641113,-14.119885444641113,-15.406956672668457,-13.844456672668457,-15.435355186462402,-13.872855186462402,16
test,0,The clever [wug],The clever [wugs],-16.429723739624023,-16.867223739624023,-18.022903442382812,-13.116652488708496,-18.06181526184082,-13.280564308166504,16
test,1,The clever [wugs],The clever [wug],-13.116652488708496,-18.022903442382812,-16.867223739624023,-16.429723739624023,-16.83776092529297,-16.52526092529297,16
