split,inverse,source_input,base_input,source_logp_A,source_logp_B,base_logp_A,base_logp_B,base_intervention_logp_A,base_intervention_logp_B,n_nodes
train,0,The sleepy bat,The sleepy bats,-2.0464906692504883,-10.171490669250488,-8.45367431640625,-1.76617431640625,-3.7233548164367676,-2.7233548164367676,32
train,1,The sleepy bats,The sleepy bat,-1.76617431640625,-8.45367431640625,-10.171490669250488,-2.0464906692504883,-2.642704725265503,-5.142704963684082,32
train,0,The fuzzy frog,The fuzzy frogs,-12.373226165771484,-15.185726165771484,-15.832802772521973,-11.707802772521973,-12.613945007324219,-12.176445007324219,32
train,1,The fuzzy frogs,The fuzzy frog,-11.707802772521973,-15.832802772521973,-15.185726165771484,-12.373226165771484,-13.12910270690918,-13.75410270690918,32
train,0,The bright shark,The bright sharks,-9.019481658935547,-11.706981658935547,-11.733707427978516,-9.171207427978516,-9.713303565979004,-10.588303565979004,32
train,1,The bright sharks,The bright shark,-9.171207427978516,-11.733707427978516,-11.706981658935547,-9.019481658935547,-9.963420867919922,-10.650920867919922,32
train,0,The small bat,The small bats,-8.144024848937988,-14.706524848937988,-13.221708297729492,-7.596708297729492,-8.660274505615234,-9.160274505615234,32
train,1,The small bats,The small bat,-7.596708297729492,-13.221708297729492,-14.706524848937988,-8.144024848937988,-8.229071617126465,-9.916571617126465,32
train,0,The bright chick,The bright chicks,-15.253191947937012,-17.190692901611328,-16.955263137817383,-15.0490140914917,-16.175081253051758,-15.487581253051758,32
train,1,The bright chicks,The bright chick,-15.0490140914917,-16.955263137817383,-17.190692901611328,-15.253191947937012,-16.69878387451172,-16.85503387451172,32
train,0,The nervous panda,The nervous pandas,-12.229968070983887,-13.292468070983887,-14.242985725402832,-12.117985725402832,-13.179203033447266,-12.554203033447266,32
train,1,The nervous pandas,The nervous panda,-12.117985725402832,-14.242985725402832,-13.292468070983887,-12.229968070983887,-12.66169548034668,-13.59919548034668,32
train,0,The slender turtle,The slender turtles,-12.91177749633789,-16.72427749633789,-16.817707061767578,-13.880208015441895,-14.429813385009766,-14.117313385009766,32
train,1,The slender turtles,The slender turtle,-13.880208015441895,-16.817707061767578,-16.72427749633789,-12.91177749633789,-14.256711959838867,-15.381711959838867,32
train,0,The quiet turtle,The quiet turtles,-3.8923959732055664,-11.767395973205566,-8.378198623657227,-3.1281983852386475,-5.103857517242432,-4.478857517242432,32
train,1,The quiet turtles,The quiet turtle,-3.1281983852386475,-8.378198623657227,-11.767395973205566,-3.8923959732055664,-5.144968509674072,-6.519968509674072,32
train,0,The sleepy doe,The sleepy does,-13.937175750732422,-15.312175750732422,-16.412879943847656,-14.350380897521973,-15.938481330871582,-14.688481330871582,32
train,1,The sleepy does,The sleepy doe,-14.350380897521973,-16.412879943847656,-15.312175750732422,-13.937175750732422,-14.72790813446045,-14.10290813446045,32
train,0,The timid horse,The timid horses,-3.622795581817627,-11.185295104980469,-9.032999992370605,-2.5954999923706055,-4.852059364318848,-3.6020593643188477,32
train,1,The timid horses,The timid horse,-2.5954999923706055,-9.032999992370605,-11.185295104980469,-3.622795581817627,-4.685046195983887,-5.935046195983887,32
train,0,The nervous rat,The nervous rats,-3.7572693824768066,-11.007269859313965,-8.699682235717773,-3.4496827125549316,-5.116547107696533,-4.741547107696533,32
train,1,The nervous rats,The nervous rat,-3.4496827125549316,-8.699682235717773,-11.007269859313965,-3.7572693824768066,-4.460864067077637,-5.585864067077637,32
train,0,The fuzzy shark,The fuzzy sharks,-2.384080171585083,-9.009079933166504,-5.888036727905273,-1.513036847114563,-2.9989819526672363,-2.7489819526672363,32
train,1,The fuzzy sharks,The fuzzy shark,-1.513036847114563,-5.888036727905273,-9.009079933166504,-2.384080171585083,-3.4777908325195312,-3.9777908325195312,32
train,0,The timid horse,The timid horses,-11.435295104980469,-14.904045104980469,-14.657999992370605,-10.845499992370605,-12.289559364318848,-12.039559364318848,32
train,1,The timid horses,The timid horse,-10.845499992370605,-14.657999992370605,-14.904045104980469,-11.435295104980469,-12.622546195983887,-13.310046195983887,32
train,0,The timid dog,The timid dogs,-11.90491008758545,-13.52991008758545,-14.114075660705566,-10.489075660705566,-12.822587013244629,-12.072587013244629,32
train,1,The timid dogs,The timid dog,-10.489075660705566,-14.114075660705566,-13.52991008758545,-11.90491008758545,-12.364228248596191,-13.114228248596191,32
train,0,The timid rabbit,The timid rabbits,-3.582519769668579,-11.77001953125,-8.246504783630371,-1.8715049028396606,-4.64729118347168,-2.8972911834716797,32
train,1,The timid rabbits,The timid rabbit,-1.8715049028396606,-8.246504783630371,-11.77001953125,-3.582519769668579,-5.086832046508789,-4.836832046508789,32
train,0,The bright panda,The bright pandas,-9.874908447265625,-11.937408447265625,-12.603123664855957,-8.915623664855957,-10.599821090698242,-9.537321090698242,32
train,1,The bright pandas,The bright panda,-8.915623664855957,-12.603123664855957,-11.937408447265625,-9.874908447265625,-11.025426864624023,-12.337926864624023,32
train,0,The fuzzy turtle,The fuzzy turtles,-11.224119186401367,-13.474119186401367,-14.917819023132324,-10.917819023132324,-12.3661470413208,-12.4286470413208,32
train,1,The fuzzy turtles,The fuzzy turtle,-10.917819023132324,-14.917819023132324,-13.474119186401367,-11.224119186401367,-12.8598051071167,-13.8598051071167,32
train,0,The sleepy monitor,The sleepy monitors,-3.844548225402832,-11.344548225402832,-9.137937545776367,-3.5129377841949463,-6.0556416511535645,-4.6806416511535645,32
train,1,The sleepy monitors,The sleepy monitor,-3.5129377841949463,-9.137937545776367,-11.344548225402832,-3.844548225402832,-5.852816104888916,-5.727816104888916,32
train,0,The calm dolphin,The calm dolphins,-8.824138641357422,-12.511638641357422,-13.90089225769043,-9.02589225769043,-11.194480895996094,-9.631980895996094,32
train,1,The calm dolphins,The calm dolphin,-9.02589225769043,-13.90089225769043,-12.511638641357422,-8.824138641357422,-9.304891586303711,-11.617391586303711,32
train,0,The small pup,The small pups,-11.638948440551758,-15.013948440551758,-15.196938514709473,-11.759438514709473,-13.058943748474121,-12.433943748474121,32
train,1,The small pups,The small pup,-11.759438514709473,-15.196938514709473,-15.013948440551758,-11.638948440551758,-13.339287757873535,-12.714287757873535,32
train,0,The quiet whale,The quiet whales,-9.87840461730957,-12.50340461730957,-13.536538124084473,-10.036538124084473,-10.891290664672852,-10.766290664672852,32
train,1,The quiet whales,The quiet whale,-10.036538124084473,-13.536538124084473,-12.50340461730957,-9.87840461730957,-9.922470092773438,-11.609970092773438,32
train,0,The slender doe,The slender does,-15.092765808105469,-18.34276580810547,-18.52166748046875,-14.77166748046875,-17.61191749572754,-15.268167495727539,32
train,1,The slender does,The slender doe,-14.77166748046875,-18.52166748046875,-18.34276580810547,-15.092765808105469,-17.49596405029297,-15.558463096618652,32
train,0,The fuzzy kitten,The fuzzy kittens,-12.808009147644043,-13.308009147644043,-15.517393112182617,-11.892393112182617,-14.52908992767334,-12.84158992767334,32
train,1,The fuzzy kittens,The fuzzy kitten,-11.892393112182617,-15.517393112182617,-13.308009147644043,-12.808009147644043,-13.175995826721191,-14.738495826721191,32
train,0,The bright dog,The bright dogs,-11.89501667022705,-12.58251667022705,-14.304031372070312,-10.554031372070312,-12.8714017868042,-11.5589017868042,32
train,1,The bright dogs,The bright dog,-10.554031372070312,-14.304031372070312,-12.58251667022705,-11.89501667022705,-11.446281433105469,-13.133781433105469,32
train,0,The slender rabbit,The slender rabbits,-11.207054138183594,-16.457054138183594,-15.545167922973633,-12.732667922973633,-13.512701988220215,-13.887701988220215,32
train,1,The slender rabbits,The slender rabbit,-12.732667922973633,-15.545167922973633,-16.457054138183594,-11.207054138183594,-13.536917686462402,-13.286917686462402,32
train,0,The fuzzy whale,The fuzzy whales,-2.13865065574646,-8.638650894165039,-5.342800617218018,-1.7178006172180176,-2.948511838912964,-3.073511838912964,32
train,1,The fuzzy whales,The fuzzy whale,-1.7178006172180176,-5.342800617218018,-8.638650894165039,-2.13865065574646,-3.1621060371398926,-3.6621060371398926,32
train,0,The quiet pup,The quiet pups,-4.8490142822265625,-11.599014282226562,-8.164048194885254,-4.164048194885254,-5.638313293457031,-5.638313293457031,32
train,1,The quiet pups,The quiet pup,-4.164048194885254,-8.164048194885254,-11.599014282226562,-4.8490142822265625,-6.493971824645996,-5.743971824645996,32
train,0,The timid horse,The timid horses,-12.997795104980469,-13.622795104980469,-15.157999992370605,-11.970499992370605,-13.727059364318848,-12.227059364318848,32
train,1,The timid horses,The timid horse,-11.970499992370605,-15.157999992370605,-13.622795104980469,-12.997795104980469,-12.685046195983887,-14.310046195983887,32
train,0,The timid bat,The timid bats,-10.331415176391602,-16.5501651763916,-15.22099494934082,-12.28349494934082,-12.393091201782227,-14.455591201782227,32
train,1,The timid bats,The timid bat,-12.28349494934082,-15.22099494934082,-16.5501651763916,-10.331415176391602,-13.822775840759277,-12.822775840759277,32
train,0,The quiet dolphin,The quiet dolphins,-13.498290061950684,-15.123290061950684,-16.145069122314453,-13.738818168640137,-15.079095840454102,-14.141595840454102,32
train,1,The quiet dolphins,The quiet dolphin,-13.738818168640137,-16.145069122314453,-15.123290061950684,-13.498290061950684,-14.334614753723145,-14.959614753723145,32
train,0,The slender rabbit,The slender rabbits,-11.644554138183594,-15.957054138183594,-15.607667922973633,-11.670167922973633,-13.575201988220215,-13.325201988220215,32
train,1,The slender rabbits,The slender rabbit,-11.670167922973633,-15.607667922973633,-15.957054138183594,-11.644554138183594,-13.411917686462402,-13.911917686462402,32
train,0,The sleepy dolphin,The sleepy dolphins,-3.2807798385620117,-10.218279838562012,-7.919155120849609,-3.0441553592681885,-4.951918125152588,-3.701918125152588,32
train,1,The sleepy dolphins,The sleepy dolphin,-3.0441553592681885,-7.919155120849609,-10.218279838562012,-3.2807798385620117,-3.818833827972412,-6.693833827972412,32
train,0,The calm horse,The calm horses,-3.8239660263061523,-10.823966026306152,-8.406306266784668,-3.156306266784668,-5.1087846755981445,-4.3587846755981445,32
train,1,The calm horses,The calm horse,-3.156306266784668,-8.406306266784668,-10.823966026306152,-3.8239660263061523,-4.630702495574951,-6.130702495574951,32
train,0,The fuzzy cow,The fuzzy cows,-3.6432242393493652,-9.330724716186523,-6.015179634094238,-1.6401793956756592,-3.574039936065674,-2.324039936065674,32
train,1,The fuzzy cows,The fuzzy cow,-1.6401793956756592,-6.015179634094238,-9.330724716186523,-3.6432242393493652,-4.826138973236084,-4.951138973236084,32
train,0,The calm chick,The calm chicks,-12.234189987182617,-14.765439987182617,-15.903515815734863,-13.872265815734863,-14.666390419006348,-14.353890419006348,32
train,1,The calm chicks,The calm chick,-13.872265815734863,-15.903515815734863,-14.765439987182617,-12.234189987182617,-13.738100051879883,-13.488100051879883,32
train,0,The small turtle,The small turtles,-14.315163612365723,-17.190162658691406,-18.673540115356445,-13.329790115356445,-16.129133224487305,-13.691633224487305,32
train,1,The small turtles,The small turtle,-13.329790115356445,-18.673540115356445,-17.190162658691406,-14.315163612365723,-14.805975914001465,-15.930975914001465,32
train,0,The nervous kit,The nervous kits,-10.946656227111816,-12.571656227111816,-12.75014591217041,-12.06264591217041,-11.768774032592773,-12.831274032592773,32
train,1,The nervous kits,The nervous kit,-12.06264591217041,-12.75014591217041,-12.571656227111816,-10.946656227111816,-12.156800270080566,-11.281800270080566,32
train,0,The small rat,The small rats,-3.4573755264282227,-10.832375526428223,-9.822942733764648,-2.6979422569274902,-5.409344673156738,-3.9093449115753174,32
train,1,The small rats,The small rat,-2.6979422569274902,-9.822942733764648,-10.832375526428223,-3.4573755264282227,-4.15981388092041,-6.28481388092041,32
train,0,The timid turtle,The timid turtles,-2.692564010620117,-11.442564010620117,-8.323813438415527,-1.8238136768341064,-4.079087257385254,-3.079087257385254,32
train,1,The timid turtles,The timid turtle,-1.8238136768341064,-8.323813438415527,-11.442564010620117,-2.692564010620117,-4.082683086395264,-4.457683086395264,32
train,0,The nervous chick,The nervous chicks,-10.208433151245117,-12.958433151245117,-13.862661361694336,-9.925161361694336,-12.07175350189209,-10.32175350189209,32
train,1,The nervous chicks,The nervous chick,-9.925161361694336,-13.862661361694336,-12.958433151245117,-10.208433151245117,-10.905570983886719,-11.405570983886719,32
train,0,The calm doe,The calm does,-6.801996231079102,-11.801996231079102,-17.28803253173828,-12.288032531738281,-15.752633094787598,-12.440133094787598,32
train,1,The calm does,The calm doe,-12.288032531738281,-17.28803253173828,-11.801996231079102,-6.801996231079102,-10.59568977355957,-7.15818977355957,32
train,0,The sleepy panda,The sleepy pandas,-12.8878173828125,-18.0128173828125,-14.43025016784668,-12.05525016784668,-12.861495971679688,-13.736495971679688,32
train,1,The sleepy pandas,The sleepy panda,-12.05525016784668,-14.43025016784668,-18.0128173828125,-12.8878173828125,-14.296334266662598,-13.983834266662598,32
train,0,The quiet kitten,The quiet kittens,-14.344233512878418,-18.281734466552734,-17.922115325927734,-15.578365325927734,-16.285303115844727,-16.597803115844727,32
train,1,The quiet kittens,The quiet kitten,-15.578365325927734,-17.922115325927734,-18.281734466552734,-14.344233512878418,-17.212068557739258,-16.399568557739258,32
train,0,The small frog,The small frogs,-7.775501251220703,-10.213001251220703,-14.185995101928711,-8.748495101928711,-11.205384254455566,-9.580384254455566,32
train,1,The small frogs,The small frog,-8.748495101928711,-14.185995101928711,-10.213001251220703,-7.775501251220703,-8.637033462524414,-9.199533462524414,32
train,0,The small panda,The small pandas,-14.670658111572266,-15.358158111572266,-15.195186614990234,-13.382686614990234,-14.325183868408203,-14.325183868408203,32
train,1,The small pandas,The small panda,-13.382686614990234,-15.195186614990234,-15.358158111572266,-14.670658111572266,-14.801168441772461,-15.926168441772461,32
train,0,The bright cock,The bright cocks,-19.47186851501465,-20.51874351501465,-18.29207992553711,-15.19832992553711,-17.768089294433594,-15.830588340759277,32
train,1,The bright cocks,The bright cock,-15.19832992553711,-18.29207992553711,-20.51874351501465,-19.47186851501465,-19.52158546447754,-19.52158546447754,32
train,0,The nervous lion,The nervous lions,-11.539170265197754,-15.726670265197754,-14.640934944152832,-11.078434944152832,-12.469318389892578,-11.969318389892578,32
train,1,The nervous lions,The nervous lion,-11.078434944152832,-14.640934944152832,-15.726670265197754,-11.539170265197754,-12.394779205322266,-13.019779205322266,32
train,0,The bright lion,The bright lions,-13.326513290405273,-14.139013290405273,-15.952536582946777,-14.202536582946777,-14.650074005126953,-14.212574005126953,32
train,1,The bright lions,The bright lion,-14.202536582946777,-15.952536582946777,-14.139013290405273,-13.326513290405273,-13.900947570800781,-14.525947570800781,32
train,0,The slender kitten,The slender kittens,-4.759136199951172,-13.321636199951172,-10.41899585723877,-3.8564963340759277,-7.295961380004883,-5.420961380004883,32
train,1,The slender kittens,The slender kitten,-3.8564963340759277,-10.41899585723877,-13.321636199951172,-4.759136199951172,-6.675603866577148,-7.800603866577148,32
train,0,The bright kitten,The bright kittens,-13.268521308898926,-15.018521308898926,-17.01279640197754,-13.512795448303223,-15.142068862915039,-14.267068862915039,32
train,1,The bright kittens,The bright kitten,-13.512795448303223,-17.01279640197754,-15.018521308898926,-13.268521308898926,-13.942976951599121,-15.630476951599121,32
train,0,The calm turtle,The calm turtles,-12.88520622253418,-15.63520622253418,-16.615966796875,-12.178465843200684,-13.657240867614746,-13.594740867614746,32
train,1,The calm turtles,The calm turtle,-12.178465843200684,-16.615966796875,-15.63520622253418,-12.88520622253418,-14.324979782104492,-15.574979782104492,32
train,0,The quiet lion,The quiet lions,-11.025493621826172,-12.400493621826172,-14.263991355895996,-9.763991355895996,-12.407692909240723,-10.532692909240723,32
train,1,The quiet lions,The quiet lion,-9.763991355895996,-14.263991355895996,-12.400493621826172,-11.025493621826172,-10.711478233337402,-13.148978233337402,32
train,0,The nervous dolphin,The nervous dolphins,-10.229757308959961,-12.229757308959961,-14.018719673156738,-9.768719673156738,-11.817508697509766,-10.067508697509766,32
train,1,The nervous dolphins,The nervous dolphin,-9.768719673156738,-14.018719673156738,-12.229757308959961,-10.229757308959961,-10.302711486816406,-12.990211486816406,32
train,0,The timid cow,The timid cows,-9.847577095031738,-14.035077095031738,-13.322856903076172,-8.385356903076172,-10.813133239746094,-9.188133239746094,32
train,1,The timid cows,The timid cow,-8.385356903076172,-13.322856903076172,-14.035077095031738,-9.847577095031738,-10.849023818969727,-11.661523818969727,32
train,0,The calm rat,The calm rats,-9.511632919311523,-11.324132919311523,-13.06840991973877,-12.00590991973877,-11.830069541931152,-12.205069541931152,32
train,1,The calm rats,The calm rat,-12.00590991973877,-13.06840991973877,-11.324132919311523,-9.511632919311523,-10.401025772094727,-10.026025772094727,32
train,0,The timid shark,The timid sharks,-10.590666770935059,-11.590666770935059,-13.782865524291992,-8.970365524291992,-11.781766891479492,-9.906766891479492,32
train,1,The timid sharks,The timid shark,-8.970365524291992,-13.782865524291992,-11.590666770935059,-10.590666770935059,-9.491652488708496,-12.929152488708496,32
train,0,The fuzzy monitor,The fuzzy monitors,-12.422109603881836,-16.172109603881836,-15.596248626708984,-11.971248626708984,-13.368216514587402,-13.180716514587402,32
train,1,The fuzzy monitors,The fuzzy monitor,-11.971248626708984,-15.596248626708984,-16.172109603881836,-12.422109603881836,-13.61142635345459,-13.36142635345459,32
train,0,The fuzzy whale,The fuzzy whales,-9.388650894165039,-9.888650894165039,-11.71780014038086,-8.84280014038086,-9.761012077331543,-9.136012077331543,32
train,1,The fuzzy whales,The fuzzy whale,-8.84280014038086,-11.71780014038086,-9.888650894165039,-9.388650894165039,-8.787105560302734,-10.662105560302734,32
train,0,The quiet shark,The quiet sharks,-11.749894142150879,-14.499894142150879,-15.7211275100708,-11.5961275100708,-13.17650318145752,-12.61400318145752,32
train,1,The quiet sharks,The quiet shark,-11.5961275100708,-15.7211275100708,-14.499894142150879,-11.749894142150879,-11.880630493164062,-13.630630493164062,32
train,0,The calm cock,The calm cocks,-5.94998836517334,-10.94998836517334,-7.161782741546631,-3.724282741546631,-5.9473114013671875,-4.3223114013671875,32
train,1,The calm cocks,The calm cock,-3.724282741546631,-7.161782741546631,-10.94998836517334,-5.94998836517334,-9.632308959960938,-6.5073089599609375,32
train,0,The slender dolphin,The slender dolphins,-2.0267014503479004,-9.026700973510742,-8.287010192871094,-2.4745101928710938,-5.260478496551514,-3.5104784965515137,32
train,1,The slender dolphins,The slender dolphin,-2.4745101928710938,-8.287010192871094,-9.026700973510742,-2.0267014503479004,-2.571718215942383,-5.821718215942383,32
train,0,The calm dolphin,The calm dolphins,-9.824138641357422,-12.261638641357422,-13.27589225769043,-10.52589225769043,-11.631980895996094,-11.381980895996094,32
train,1,The calm dolphins,The calm dolphin,-10.52589225769043,-13.27589225769043,-12.261638641357422,-9.824138641357422,-11.242391586303711,-11.804891586303711,32
train,0,The sleepy whale,The sleepy whales,-12.3383150100708,-13.2133150100708,-15.366243362426758,-11.428743362426758,-13.393285751342773,-12.580785751342773,32
train,1,The sleepy whales,The sleepy whale,-11.428743362426758,-15.366243362426758,-13.2133150100708,-12.3383150100708,-11.999285697937012,-14.311785697937012,32
train,0,The timid rat,The timid rats,-13.304764747619629,-15.617264747619629,-15.68233871459961,-13.55733871459961,-14.267666816711426,-14.830166816711426,32
train,1,The timid rats,The timid rat,-13.55733871459961,-15.68233871459961,-15.617264747619629,-13.304764747619629,-14.308609962463379,-14.808609962463379,32
train,0,The nervous chick,The nervous chicks,-14.645933151245117,-16.989683151245117,-17.550161361694336,-14.862661361694336,-16.134252548217773,-15.57175350189209,32
train,1,The nervous chicks,The nervous chick,-14.862661361694336,-17.550161361694336,-16.989683151245117,-14.645933151245117,-16.15557098388672,-15.780570983886719,32
train,0,The sleepy frog,The sleepy frogs,-14.378683090209961,-15.566183090209961,-17.17732048034668,-12.55232048034668,-15.465213775634766,-13.683963775634766,32
train,1,The sleepy frogs,The sleepy frog,-12.55232048034668,-17.17732048034668,-15.566183090209961,-14.378683090209961,-13.812233924865723,-15.405983924865723,32
train,0,The slender chick,The slender chicks,-15.186155319213867,-15.498655319213867,-16.430837631225586,-13.712087631225586,-15.175046920776367,-13.675046920776367,32
train,1,The slender chicks,The slender chick,-13.712087631225586,-16.430837631225586,-15.498655319213867,-15.186155319213867,-15.07490348815918,-16.88740348815918,32
train,0,The slender doe,The slender does,-9.811515808105469,-10.874015808105469,-13.08416748046875,-10.33416748046875,-12.080667495727539,-10.268167495727539,32
train,1,The slender does,The slender doe,-10.33416748046875,-13.08416748046875,-10.874015808105469,-9.811515808105469,-10.152213096618652,-9.839713096618652,32
train,0,The slender cow,The slender cows,-14.973971366882324,-17.348970413208008,-16.584209442138672,-13.365460395812988,-14.464163780212402,-13.589163780212402,32
train,1,The slender cows,The slender cow,-13.365460395812988,-16.584209442138672,-17.348970413208008,-14.973971366882324,-15.70467758178711,-16.45467758178711,32
train,0,The sleepy turtle,The sleepy turtles,-12.553534507751465,-13.366034507751465,-17.053958892822266,-11.02270793914795,-15.532632827758789,-12.345132827758789,32
train,1,The sleepy turtles,The sleepy turtle,-11.02270793914795,-17.053958892822266,-13.366034507751465,-12.553534507751465,-11.966385841369629,-14.341385841369629,32
train,0,The nervous shark,The nervous sharks,-11.158218383789062,-14.470718383789062,-14.444704055786133,-10.569704055786133,-11.833064079284668,-11.708064079284668,32
train,1,The nervous sharks,The nervous shark,-10.569704055786133,-14.444704055786133,-14.470718383789062,-11.158218383789062,-11.824432373046875,-12.699432373046875,32
train,0,The calm panda,The calm pandas,-13.371621131896973,-13.934121131896973,-14.474785804748535,-12.787285804748535,-13.668532371520996,-13.668532371520996,32
train,1,The calm pandas,The calm panda,-12.787285804748535,-14.474785804748535,-13.934121131896973,-13.371621131896973,-13.443883895874023,-14.631383895874023,32
train,0,The calm frog,The calm frogs,-9.3425874710083,-12.2800874710083,-13.061083793640137,-8.811083793640137,-10.663235664367676,-10.100735664367676,32
train,1,The calm frogs,The calm frog,-8.811083793640137,-13.061083793640137,-12.2800874710083,-9.3425874710083,-9.309040069580078,-10.684040069580078,32
train,0,The small pup,The small pups,-10.951448440551758,-14.263948440551758,-17.134437561035156,-13.384438514709473,-14.746443748474121,-13.683943748474121,32
train,1,The small pups,The small pup,-13.384438514709473,-17.134437561035156,-14.263948440551758,-10.951448440551758,-12.589287757873535,-13.089287757873535,32
train,0,The nervous rat,The nervous rats,-12.257269859313965,-13.569769859313965,-14.762182235717773,-13.012182235717773,-13.054047584533691,-13.304047584533691,32
train,1,The nervous rats,The nervous rat,-13.012182235717773,-14.762182235717773,-13.569769859313965,-12.257269859313965,-12.210864067077637,-13.398364067077637,32
train,0,The timid rat,The timid rats,-11.992264747619629,-17.773515701293945,-16.58858871459961,-13.18233871459961,-13.017666816711426,-14.205166816711426,32
train,1,The timid rats,The timid rat,-13.18233871459961,-16.58858871459961,-17.773515701293945,-11.992264747619629,-14.808609962463379,-13.808609962463379,32
train,0,The timid chick,The timid chicks,-13.353830337524414,-15.416330337524414,-16.36054039001465,-12.141790390014648,-15.02511978149414,-12.65011978149414,32
train,1,The timid chicks,The timid chick,-12.141790390014648,-16.36054039001465,-15.416330337524414,-13.353830337524414,-13.832243919372559,-15.394743919372559,32
train,0,The quiet whale,The quiet whales,-9.62840461730957,-9.94090461730957,-13.661538124084473,-9.536538124084473,-11.328790664672852,-10.078790664672852,32
train,1,The quiet whales,The quiet whale,-9.536538124084473,-13.661538124084473,-9.94090461730957,-9.62840461730957,-9.297470092773438,-11.547470092773438,32
train,0,The timid shark,The timid sharks,-2.8406670093536377,-9.840666770935059,-7.407865524291992,-2.282865524291992,-3.906766891479492,-3.656766891479492,32
train,1,The timid sharks,The timid shark,-2.282865524291992,-7.407865524291992,-9.840666770935059,-2.8406670093536377,-3.741652011871338,-5.116652011871338,32
train,0,The slender whale,The slender whales,-13.973556518554688,-15.567306518554688,-14.732365608215332,-12.107365608215332,-13.3309907913208,-13.3934907913208,32
train,1,The slender whales,The slender whale,-12.107365608215332,-14.732365608215332,-15.567306518554688,-13.973556518554688,-13.928589820861816,-14.741089820861816,32
train,0,The fuzzy bat,The fuzzy bats,-10.084092140197754,-15.084092140197754,-15.0176420211792,-10.6426420211792,-11.726496696472168,-12.038996696472168,32
train,1,The fuzzy bats,The fuzzy bat,-10.6426420211792,-15.0176420211792,-15.084092140197754,-10.084092140197754,-12.040203094482422,-12.790203094482422,32
train,0,The nervous rabbit,The nervous rabbits,-10.736897468566895,-12.799397468566895,-14.690077781677246,-10.815077781677246,-12.515983581542969,-12.015983581542969,32
train,1,The nervous rabbits,The nervous rabbit,-10.815077781677246,-14.690077781677246,-12.799397468566895,-10.736897468566895,-11.660614013671875,-13.285614013671875,32
train,0,The calm whale,The calm whales,-2.7510647773742676,-9.12606430053711,-6.257869243621826,-2.757869243621826,-3.5409228801727295,-4.415923118591309,32
train,1,The calm whales,The calm whale,-2.757869243621826,-6.257869243621826,-9.12606430053711,-2.7510647773742676,-3.4660866260528564,-4.716086387634277,32
train,0,The nervous kitten,The nervous kittens,-5.213214874267578,-12.588214874267578,-8.282220840454102,-4.282220840454102,-6.108242988586426,-5.733242988586426,32
train,1,The nervous kittens,The nervous kitten,-4.282220840454102,-8.282220840454102,-12.588214874267578,-5.213214874267578,-7.2677764892578125,-6.7677764892578125,32
train,0,The bright kitten,The bright kittens,-14.643521308898926,-15.268521308898926,-17.01279640197754,-14.012795448303223,-16.07956886291504,-14.892068862915039,32
train,1,The bright kittens,The bright kitten,-14.012795448303223,-17.01279640197754,-15.268521308898926,-14.643521308898926,-14.817976951599121,-16.442975997924805,32
train,0,The slender horse,The slender horses,-15.280925750732422,-16.312175750732422,-16.114768981933594,-14.583518981933594,-15.979803085327148,-15.104803085327148,32
train,1,The slender horses,The slender horse,-14.583518981933594,-16.114768981933594,-16.312175750732422,-15.280925750732422,-15.84418773651123,-16.187938690185547,32
train,0,The nervous turtle,The nervous turtles,-13.211115837097168,-13.711115837097168,-15.04067325592041,-12.22817325592041,-13.861674308776855,-12.986674308776855,32
train,1,The nervous turtles,The nervous turtle,-12.22817325592041,-15.04067325592041,-13.711115837097168,-13.211115837097168,-12.42158317565918,-14.54658317565918,32
train,0,The timid lion,The timid lions,-2.96475887298584,-10.21475887298584,-8.729390144348145,-2.7293901443481445,-5.4148101806640625,-3.7898101806640625,32
train,1,The timid lions,The timid lion,-2.7293901443481445,-8.729390144348145,-10.21475887298584,-2.96475887298584,-3.810969352722168,-5.310969352722168,32
train,0,The quiet bat,The quiet bats,-2.5424349308013916,-9.167434692382812,-7.113725662231445,-2.2387256622314453,-3.731748580932617,-2.981748580932617,32
train,1,The quiet bats,The quiet bat,-2.2387256622314453,-7.113725662231445,-9.167434692382812,-2.5424349308013916,-3.167062282562256,-4.542062282562256,32
train,0,The fuzzy dolphin,The fuzzy dolphins,-2.6948442459106445,-9.444844245910645,-7.237111568450928,-2.3621115684509277,-4.360313415527344,-3.2353134155273438,32
train,1,The fuzzy dolphins,The fuzzy dolphin,-2.3621115684509277,-7.237111568450928,-9.444844245910645,-2.6948442459106445,-3.2868504524230957,-5.411850452423096,32
train,0,The small dolphin,The small dolphins,-2.026648759841919,-9.65164852142334,-7.916108131408691,-1.9161078929901123,-4.145598411560059,-2.6455984115600586,32
train,1,The small dolphins,The small dolphin,-1.9161078929901123,-7.916108131408691,-9.65164852142334,-2.026648759841919,-2.8208541870117188,-4.945854187011719,32
train,0,The bright shark,The bright sharks,-11.706981658935547,-12.831981658935547,-15.046207427978516,-11.171207427978516,-12.775803565979004,-11.775803565979004,32
train,1,The bright sharks,The bright shark,-11.171207427978516,-15.046207427978516,-12.831981658935547,-11.706981658935547,-11.588420867919922,-13.400920867919922,32
train,0,The quiet rabbit,The quiet rabbits,-12.495320320129395,-12.807820320129395,-15.05710506439209,-12.36960506439209,-13.641122817993164,-12.641122817993164,32
train,1,The quiet rabbits,The quiet rabbit,-12.36960506439209,-15.05710506439209,-12.807820320129395,-12.495320320129395,-12.716976165771484,-14.154476165771484,32
train,0,The sleepy kit,The sleepy kits,-12.07808780670166,-16.359336853027344,-12.371537208557129,-11.246537208557129,-11.028372764587402,-12.028372764587402,32
train,1,The sleepy kits,The sleepy kit,-11.246537208557129,-12.371537208557129,-16.359336853027344,-12.07808780670166,-15.482023239135742,-12.419523239135742,32
train,0,The nervous turtle,The nervous turtles,-12.711115837097168,-13.648615837097168,-15.22817325592041,-11.97817325592041,-14.049174308776855,-13.174174308776855,32
train,1,The nervous turtles,The nervous turtle,-11.97817325592041,-15.22817325592041,-13.648615837097168,-12.711115837097168,-12.17158317565918,-14.04658317565918,32
train,0,The sleepy whale,The sleepy whales,-8.7758150100708,-12.7133150100708,-12.241243362426758,-10.428743362426758,-10.080785751342773,-11.643285751342773,32
train,1,The sleepy whales,The sleepy whale,-10.428743362426758,-12.241243362426758,-12.7133150100708,-8.7758150100708,-10.874285697937012,-10.749285697937012,32
train,0,The bright monitor,The bright monitors,-13.955649375915527,-14.393149375915527,-15.896320343017578,-13.583820343017578,-15.159408569335938,-14.346908569335938,32
train,1,The bright monitors,The bright monitor,-13.583820343017578,-15.896320343017578,-14.393149375915527,-13.955649375915527,-13.506599426269531,-14.506599426269531,32
train,0,The nervous rabbit,The nervous rabbits,-3.2368974685668945,-10.799397468566895,-7.190077304840088,-2.440077304840088,-4.265983581542969,-4.515983581542969,32
train,1,The nervous rabbits,The nervous rabbit,-2.440077304840088,-7.190077304840088,-10.799397468566895,-3.2368974685668945,-4.223114490509033,-5.098114490509033,32
train,0,The timid monitor,The timid monitors,-2.2739710807800293,-8.023971557617188,-9.223662376403809,-2.9736623764038086,-5.753754138946533,-4.003754138946533,32
train,1,The timid monitors,The timid monitor,-2.9736623764038086,-9.223662376403809,-8.023971557617188,-2.2739710807800293,-3.179892063140869,-4.554892063140869,32
train,0,The timid kitten,The timid kittens,-4.240572929382324,-12.678072929382324,-9.696892738342285,-3.8218929767608643,-6.481082439422607,-5.356082439422607,32
train,1,The timid kittens,The timid kitten,-3.8218929767608643,-9.696892738342285,-12.678072929382324,-4.240572929382324,-6.67607307434082,-6.55107307434082,32
train,0,The fuzzy turtle,The fuzzy turtles,-10.224119186401367,-12.036619186401367,-15.042819023132324,-9.480319023132324,-11.7411470413208,-10.0536470413208,32
train,1,The fuzzy turtles,The fuzzy turtle,-9.480319023132324,-15.042819023132324,-12.036619186401367,-10.224119186401367,-10.7973051071167,-12.8598051071167,32
train,0,The sleepy rat,The sleepy rats,-14.420149803161621,-15.607649803161621,-16.03089141845703,-13.155891418457031,-14.84510612487793,-13.97010612487793,32
train,1,The sleepy rats,The sleepy rat,-13.155891418457031,-16.03089141845703,-15.607649803161621,-14.420149803161621,-15.185503959655762,-15.685503959655762,32
train,0,The quiet horse,The quiet horses,-11.924629211425781,-13.987129211425781,-15.059103965759277,-11.809103965759277,-13.44029712677002,-12.81529712677002,32
train,1,The quiet horses,The quiet horse,-11.809103965759277,-15.059103965759277,-13.987129211425781,-11.924629211425781,-12.493457794189453,-13.430957794189453,32
train,0,The calm horse,The calm horses,-11.136466026306152,-14.761466026306152,-15.343806266784668,-11.093806266784668,-12.671284675598145,-11.983784675598145,32
train,1,The calm horses,The calm horse,-11.093806266784668,-15.343806266784668,-14.761466026306152,-11.136466026306152,-12.19320297241211,-13.25570297241211,32
train,0,The fuzzy panda,The fuzzy pandas,-12.23034954071045,-13.73034954071045,-15.174384117126465,-13.299384117126465,-13.533710479736328,-14.346210479736328,32
train,1,The fuzzy pandas,The fuzzy panda,-13.299384117126465,-15.174384117126465,-13.73034954071045,-12.23034954071045,-13.462602615356445,-13.900102615356445,32
train,0,The sleepy horse,The sleepy horses,-4.085330009460449,-10.96033000946045,-8.611237525939941,-2.9237380027770996,-5.30850887298584,-3.93350887298584,32
train,1,The sleepy horses,The sleepy horse,-2.9237380027770996,-8.611237525939941,-10.96033000946045,-4.085330009460449,-5.157425880432129,-6.032425880432129,32
train,0,The sleepy dog,The sleepy dogs,-4.399181842803955,-12.024181365966797,-8.211645126342773,-3.4616451263427734,-5.519554138183594,-5.019554138183594,32
train,1,The sleepy dogs,The sleepy dog,-3.4616451263427734,-8.211645126342773,-12.024181365966797,-4.399181842803955,-6.095012187957764,-6.095012187957764,32
train,0,The sleepy doe,The sleepy does,-13.874675750732422,-16.562175750732422,-14.287880897521973,-12.287880897521973,-13.813481330871582,-12.500981330871582,32
train,1,The sleepy does,The sleepy doe,-12.287880897521973,-14.287880897521973,-16.562175750732422,-13.874675750732422,-15.79040813446045,-13.97790813446045,32
train,0,The bright cow,The bright cows,-2.7717175483703613,-8.709217071533203,-7.275243759155273,-1.9002437591552734,-4.583827018737793,-2.708827018737793,32
train,1,The bright cows,The bright cow,-1.9002437591552734,-7.275243759155273,-8.709217071533203,-2.7717175483703613,-3.66926908493042,-4.54426908493042,32
train,0,The quiet pup,The quiet pups,-10.099014282226562,-13.786514282226562,-13.164048194885254,-11.226548194885254,-11.638313293457031,-12.700813293457031,32
train,1,The quiet pups,The quiet pup,-11.226548194885254,-13.164048194885254,-13.786514282226562,-10.099014282226562,-12.243971824645996,-11.056471824645996,32
train,0,The nervous cow,The nervous cows,-9.958852767944336,-10.333852767944336,-12.637292861938477,-9.512292861938477,-11.7055025100708,-10.2055025100708,32
train,1,The nervous cows,The nervous cow,-9.512292861938477,-12.637292861938477,-10.333852767944336,-9.958852767944336,-9.467296600341797,-10.592296600341797,32
train,0,The quiet shark,The quiet sharks,-12.999894142150879,-16.124895095825195,-16.564878463745117,-13.4711275100708,-14.17650318145752,-14.67650318145752,32
train,1,The quiet sharks,The quiet shark,-13.4711275100708,-16.564878463745117,-16.124895095825195,-12.999894142150879,-14.380630493164062,-14.505630493164062,32
train,0,The calm cow,The calm cows,-12.19478988647461,-15.63228988647461,-14.5490140914917,-11.4865140914917,-12.995580673217773,-12.183080673217773,32
train,1,The calm cows,The calm cow,-11.4865140914917,-14.5490140914917,-15.63228988647461,-12.19478988647461,-13.010960578918457,-13.385960578918457,32
train,0,The nervous frog,The nervous frogs,-12.220325469970703,-12.907825469970703,-15.24179458618164,-12.05429458618164,-13.536330223083496,-12.723830223083496,32
train,1,The nervous frogs,The nervous frog,-12.05429458618164,-15.24179458618164,-12.907825469970703,-12.220325469970703,-12.286887168884277,-14.161887168884277,32
train,0,The small lion,The small lions,-10.900309562683105,-15.025309562683105,-15.414031028747559,-10.476531028747559,-13.269733428955078,-11.457233428955078,32
train,1,The small lions,The small lion,-10.476531028747559,-15.414031028747559,-15.025309562683105,-10.900309562683105,-12.836812973022461,-12.649312973022461,32
train,0,The timid dolphin,The timid dolphins,-10.022871017456055,-13.210371017456055,-15.623043060302734,-10.248043060302734,-13.089544296264648,-10.464544296264648,32
train,1,The timid dolphins,The timid dolphin,-10.248043060302734,-15.623043060302734,-13.210371017456055,-10.022871017456055,-9.955666542053223,-13.580666542053223,32
train,0,The bright bat,The bright bats,-17.08770179748535,-18.68145179748535,-17.273502349853516,-15.429753303527832,-15.274412155151367,-15.899412155151367,32
train,1,The bright bats,The bright bat,-15.429753303527832,-17.273502349853516,-18.68145179748535,-17.08770179748535,-17.962020874023438,-18.118270874023438,32
train,0,The small doe,The small does,-12.440010070800781,-14.565010070800781,-15.906767845153809,-13.344267845153809,-15.196136474609375,-13.821136474609375,32
train,1,The small does,The small doe,-13.344267845153809,-15.906767845153809,-14.565010070800781,-12.440010070800781,-13.934234619140625,-12.746734619140625,32
train,0,The small bat,The small bats,-8.956524848937988,-11.581524848937988,-13.659208297729492,-10.721708297729492,-10.660274505615234,-11.222774505615234,32
train,1,The small bats,The small bat,-10.721708297729492,-13.659208297729492,-11.581524848937988,-8.956524848937988,-10.166571617126465,-10.791571617126465,32
train,0,The quiet kitten,The quiet kittens,-12.219233512878418,-13.406733512878418,-15.765865325927734,-12.390865325927734,-15.222803115844727,-13.910303115844727,32
train,1,The quiet kittens,The quiet kitten,-12.390865325927734,-15.765865325927734,-13.406733512878418,-12.219233512878418,-12.274569511413574,-13.524569511413574,32
train,0,The nervous dolphin,The nervous dolphins,-13.729757308959961,-16.16725730895996,-17.331220626831055,-12.581219673156738,-15.005008697509766,-13.067508697509766,32
train,1,The nervous dolphins,The nervous dolphin,-12.581219673156738,-17.331220626831055,-16.16725730895996,-13.729757308959961,-13.240211486816406,-15.990211486816406,32
train,0,The small monitor,The small monitors,-14.450672149658203,-15.950672149658203,-16.259145736694336,-13.75914478302002,-15.202165603637695,-14.827165603637695,32
train,1,The small monitors,The small monitor,-13.75914478302002,-16.259145736694336,-15.950672149658203,-14.450672149658203,-15.025571823120117,-15.088071823120117,32
train,0,The bright pup,The bright pups,-3.6550183296203613,-8.530017852783203,-8.395157814025879,-4.020157814025879,-5.579647541046143,-5.204647541046143,32
train,1,The bright pups,The bright pup,-4.020157814025879,-8.395157814025879,-8.530017852783203,-3.6550183296203613,-4.214818477630615,-5.214818477630615,32
train,0,The sleepy panda,The sleepy pandas,-9.3253173828125,-13.7003173828125,-12.68025016784668,-11.11775016784668,-10.486495971679688,-12.361495971679688,32
train,1,The sleepy pandas,The sleepy panda,-11.11775016784668,-12.68025016784668,-13.7003173828125,-9.3253173828125,-12.733834266662598,-11.671334266662598,32
train,0,The calm chick,The calm chicks,-3.9841904640197754,-8.796689987182617,-7.434765815734863,-3.3097658157348633,-5.478890895843506,-4.353890895843506,32
train,1,The calm chicks,The calm chick,-3.3097658157348633,-7.434765815734863,-8.796689987182617,-3.9841904640197754,-5.613100051879883,-5.488100051879883,32
train,0,The nervous shark,The nervous sharks,-14.470718383789062,-16.626968383789062,-16.538454055786133,-12.819704055786133,-14.770564079284668,-13.958064079284668,32
train,1,The nervous sharks,The nervous shark,-12.819704055786133,-16.538454055786133,-16.626968383789062,-14.470718383789062,-13.886932373046875,-15.574432373046875,32
train,0,The slender frog,The slender frogs,-9.902005195617676,-11.464505195617676,-14.054156303405762,-8.991656303405762,-11.493538856506348,-10.243538856506348,32
train,1,The slender frogs,The slender frog,-8.991656303405762,-14.054156303405762,-11.464505195617676,-9.902005195617676,-9.850048065185547,-12.287548065185547,32
train,0,The small pup,The small pups,-2.576448440551758,-7.826448440551758,-9.696938514709473,-3.3219382762908936,-5.871443271636963,-4.246443271636963,32
train,1,The small pups,The small pup,-3.3219382762908936,-9.696938514709473,-7.826448440551758,-2.576448440551758,-3.089287519454956,-4.964287757873535,32
train,0,The nervous bat,The nervous bats,-9.679049491882324,-14.429049491882324,-12.469841003417969,-8.969841003417969,-10.945849418640137,-10.445849418640137,32
train,1,The nervous bats,The nervous bat,-8.969841003417969,-12.469841003417969,-14.429049491882324,-9.679049491882324,-9.462297439575195,-11.212297439575195,32
train,0,The timid pup,The timid pups,-12.632628440856934,-14.070128440856934,-15.593888282775879,-12.593888282775879,-14.451421737670898,-13.576421737670898,32
train,1,The timid pups,The timid pup,-12.593888282775879,-15.593888282775879,-14.070128440856934,-12.632628440856934,-13.60970687866211,-14.17220687866211,32
train,0,The quiet turtle,The quiet turtles,-6.142395973205566,-10.329895973205566,-11.128198623657227,-8.190698623657227,-8.728857040405273,-9.416357040405273,32
train,1,The quiet turtles,The quiet turtle,-8.190698623657227,-11.128198623657227,-10.329895973205566,-6.142395973205566,-8.26996898651123,-8.58246898651123,32
train,0,The timid pup,The timid pups,-10.507628440856934,-14.820128440856934,-13.906388282775879,-8.906388282775879,-11.201421737670898,-10.201421737670898,32
train,1,The timid pups,The timid pup,-8.906388282775879,-13.906388282775879,-14.820128440856934,-10.507628440856934,-11.48470687866211,-11.60970687866211,32
train,0,The fuzzy rabbit,The fuzzy rabbits,-11.803403854370117,-14.740903854370117,-15.065415382385254,-11.690415382385254,-12.855427742004395,-13.292927742004395,32
train,1,The fuzzy rabbits,The fuzzy rabbit,-11.690415382385254,-15.065415382385254,-14.740903854370117,-11.803403854370117,-13.280366897583008,-13.717866897583008,32
train,0,The small chick,The small chicks,-3.4985392093658447,-9.936038970947266,-9.019407272338867,-2.456907272338867,-5.929368019104004,-3.304367780685425,32
train,1,The small chicks,The small chick,-2.456907272338867,-9.019407272338867,-9.936038970947266,-3.4985392093658447,-5.096668720245361,-6.221668720245361,32
train,0,The nervous whale,The nervous whales,-13.715022087097168,-16.62127113342285,-16.672000885009766,-14.609500885009766,-15.051816940307617,-15.614316940307617,32
train,1,The nervous whales,The nervous whale,-14.609500885009766,-16.672000885009766,-16.62127113342285,-13.715022087097168,-15.10263729095459,-14.79013729095459,32
train,0,The small bat,The small bats,-13.456524848937988,-18.269023895263672,-17.877958297729492,-14.034208297729492,-14.347774505615234,-15.472774505615234,32
train,1,The small bats,The small bat,-14.034208297729492,-17.877958297729492,-18.269023895263672,-13.456524848937988,-14.979071617126465,-15.416571617126465,32
train,0,The fuzzy horse,The fuzzy horses,-2.7622971534729004,-9.449796676635742,-8.24159049987793,-2.4290902614593506,-5.112092018127441,-3.4870922565460205,32
train,1,The fuzzy horses,The fuzzy horse,-2.4290902614593506,-8.24159049987793,-9.449796676635742,-2.7622971534729004,-3.5846970081329346,-5.2096967697143555,32
train,0,The slender doe,The slender does,-11.561515808105469,-15.311515808105469,-15.27166748046875,-11.45916748046875,-14.268167495727539,-11.768167495727539,32
train,1,The slender does,The slender doe,-11.45916748046875,-15.27166748046875,-15.311515808105469,-11.561515808105469,-14.152213096618652,-11.714713096618652,32
train,0,The sleepy doe,The sleepy does,-7.937175750732422,-12.187175750732422,-13.662880897521973,-10.100380897521973,-12.813481330871582,-10.375981330871582,32
train,1,The sleepy does,The sleepy doe,-10.100380897521973,-13.662880897521973,-12.187175750732422,-7.937175750732422,-11.22790813446045,-8.22790813446045,32
train,0,The calm rat,The calm rats,-12.886632919311523,-15.636632919311523,-16.912160873413086,-13.50590991973877,-14.517569541931152,-14.830069541931152,32
train,1,The calm rats,The calm rat,-13.50590991973877,-16.912160873413086,-15.636632919311523,-12.886632919311523,-14.526025772094727,-14.713525772094727,32
train,0,The slender kitten,The slender kittens,-15.571636199951172,-16.009136199951172,-19.075246810913086,-15.04399585723877,-18.233461380004883,-16.233461380004883,32
train,1,The slender kittens,The slender kitten,-15.04399585723877,-19.075246810913086,-16.009136199951172,-15.571636199951172,-15.613103866577148,-17.86310386657715,32
train,0,The slender lion,The slender lions,-10.658550262451172,-13.283550262451172,-14.732269287109375,-12.482269287109375,-13.525568962097168,-13.275568962097168,32
train,1,The slender lions,The slender lion,-12.482269287109375,-14.732269287109375,-13.283550262451172,-10.658550262451172,-12.722537994384766,-12.472537994384766,32
train,0,The small horse,The small horses,-3.5525341033935547,-10.927534103393555,-8.666387557983398,-2.4163873195648193,-4.2701640129089355,-3.7701640129089355,32
train,1,The small horses,The small horse,-2.4163873195648193,-8.666387557983398,-10.927534103393555,-3.5525341033935547,-4.925525188446045,-5.300525188446045,32
train,0,The quiet rat,The quiet rats,-7.787792682647705,-10.975292205810547,-13.190633773803711,-9.753133773803711,-10.964526176452637,-10.277026176452637,32
train,1,The quiet rats,The quiet rat,-9.753133773803711,-13.190633773803711,-10.975292205810547,-7.787792682647705,-9.369091987609863,-10.056591987609863,32
train,0,The sleepy rat,The sleepy rats,-11.232649803161621,-12.795149803161621,-13.905891418457031,-11.155891418457031,-12.72010612487793,-11.72010612487793,32
train,1,The sleepy rats,The sleepy rat,-11.155891418457031,-13.905891418457031,-12.795149803161621,-11.232649803161621,-11.873003959655762,-12.935503959655762,32
train,0,The nervous dog,The nervous dogs,-4.6374287605285645,-11.637429237365723,-7.719731330871582,-2.969731330871582,-5.225290298461914,-4.100290298461914,32
train,1,The nervous dogs,The nervous dog,-2.969731330871582,-7.719731330871582,-11.637429237365723,-4.6374287605285645,-5.961281776428223,-5.461281776428223,32
train,0,The small lion,The small lions,-13.337809562683105,-14.837809562683105,-16.914031982421875,-13.289031028747559,-15.332233428955078,-13.894733428955078,32
train,1,The small lions,The small lion,-13.289031028747559,-16.914031982421875,-14.837809562683105,-13.337809562683105,-14.211812973022461,-14.899312973022461,32
train,0,The slender chick,The slender chicks,-3.061155319213867,-6.311155319213867,-8.587087631225586,-2.962087631225586,-6.237546920776367,-3.612546920776367,32
train,1,The slender chicks,The slender chick,-2.962087631225586,-8.587087631225586,-6.311155319213867,-3.061155319213867,-3.3249030113220215,-5.3249030113220215,32
train,0,The slender turtle,The slender turtles,-13.66177749633789,-16.59927749633789,-15.692708015441895,-11.005208015441895,-13.304813385009766,-11.679813385009766,32
train,1,The slender turtles,The slender turtle,-11.005208015441895,-15.692708015441895,-16.59927749633789,-13.66177749633789,-13.381711959838867,-16.100461959838867,32
train,0,The nervous pup,The nervous pups,-3.510653495788574,-7.948153495788574,-7.499540328979492,-3.499540328979492,-5.095799922943115,-4.470799922943115,32
train,1,The nervous pups,The nervous pup,-3.499540328979492,-7.499540328979492,-7.948153495788574,-3.510653495788574,-4.2542853355407715,-4.7542853355407715,32
train,0,The small dog,The small dogs,-2.9084835052490234,-11.345983505249023,-8.410386085510254,-2.222886562347412,-4.510734558105469,-3.5107345581054688,32
train,1,The small dogs,The small dog,-2.222886562347412,-8.410386085510254,-11.345983505249023,-2.9084835052490234,-4.646768093109131,-4.771768093109131,32
train,0,The slender dolphin,The slender dolphins,-10.214200973510742,-13.714200973510742,-14.349510192871094,-9.662010192871094,-12.010478973388672,-10.635478973388672,32
train,1,The slender dolphins,The slender dolphin,-9.662010192871094,-14.349510192871094,-13.714200973510742,-10.214200973510742,-10.696718215942383,-12.821718215942383,32
train,0,The bright dog,The bright dogs,-13.14501667022705,-13.77001667022705,-15.491531372070312,-12.679031372070312,-14.2464017868042,-13.6214017868042,32
train,1,The bright dogs,The bright dog,-12.679031372070312,-15.491531372070312,-13.77001667022705,-13.14501667022705,-13.321281433105469,-14.633781433105469,32
train,0,The nervous lion,The nervous lions,-3.664170026779175,-9.601670265197754,-7.390934944152832,-3.515934944152832,-5.156818866729736,-4.281818866729736,32
train,1,The nervous lions,The nervous lion,-3.515934944152832,-7.390934944152832,-9.601670265197754,-3.664170026779175,-4.394779682159424,-5.269779682159424,32
train,0,The timid turtle,The timid turtles,-14.880064010620117,-17.817564010620117,-18.823814392089844,-14.136313438415527,-15.610337257385254,-14.954087257385254,32
train,1,The timid turtles,The timid turtle,-14.136313438415527,-18.823814392089844,-17.817564010620117,-14.880064010620117,-15.270183563232422,-16.863933563232422,32
train,0,The bright whale,The bright whales,-9.439862251281738,-11.314862251281738,-12.94778060913086,-8.63528060913086,-10.272746086120605,-9.522746086120605,32
train,1,The bright whales,The bright whale,-8.63528060913086,-12.94778060913086,-11.314862251281738,-9.439862251281738,-9.498238563537598,-11.248238563537598,32
train,0,The slender panda,The slender pandas,-4.841509819030762,-11.279009819030762,-8.181784629821777,-3.181784152984619,-4.671104907989502,-5.171104907989502,32
train,1,The slender pandas,The slender panda,-3.181784152984619,-8.181784629821777,-11.279009819030762,-4.841509819030762,-5.980912208557129,-7.605912208557129,32
train,0,The small dog,The small dogs,-6.283483505249023,-10.845983505249023,-10.847886085510254,-8.910386085510254,-8.573234558105469,-10.260734558105469,32
train,1,The small dogs,The small dog,-8.910386085510254,-10.847886085510254,-10.845983505249023,-6.283483505249023,-9.396768569946289,-7.896768093109131,32
train,0,The quiet horse,The quiet horses,-11.424629211425781,-12.987129211425781,-14.746603965759277,-11.309103965759277,-12.94029712677002,-12.12779712677002,32
train,1,The quiet horses,The quiet horse,-11.309103965759277,-14.746603965759277,-12.987129211425781,-11.424629211425781,-11.555957794189453,-13.180957794189453,32
train,0,The small kit,The small kits,-4.422110557556152,-11.234610557556152,-5.63856315612793,-2.2635629177093506,-3.1971230506896973,-3.5721230506896973,32
train,1,The small kits,The small kit,-2.2635629177093506,-5.63856315612793,-11.234610557556152,-4.422110557556152,-7.822600841522217,-5.072600841522217,32
train,0,The nervous bat,The nervous bats,-9.804049491882324,-15.272799491882324,-14.719841003417969,-11.907341003417969,-12.133349418640137,-13.320849418640137,32
train,1,The nervous bats,The nervous bat,-11.907341003417969,-14.719841003417969,-15.272799491882324,-9.804049491882324,-13.212297439575195,-12.337297439575195,32
train,0,The sleepy turtle,The sleepy turtles,-13.303534507751465,-14.928534507751465,-15.74145793914795,-12.71020793914795,-14.095132827758789,-13.407632827758789,32
train,1,The sleepy turtles,The sleepy turtle,-12.71020793914795,-15.74145793914795,-14.928534507751465,-13.303534507751465,-13.528885841369629,-14.903885841369629,32
train,0,The sleepy whale,The sleepy whales,-2.650815486907959,-9.9633150100708,-6.241243839263916,-2.616243839263916,-3.5807857513427734,-3.9557857513427734,32
train,1,The sleepy whales,The sleepy whale,-2.616243839263916,-6.241243839263916,-9.9633150100708,-2.650815486907959,-3.62428617477417,-4.24928617477417,32
train,0,The timid pup,The timid pups,-14.195128440856934,-14.570128440856934,-17.781387329101562,-14.156388282775879,-16.5139217376709,-14.701421737670898,32
train,1,The timid pups,The timid pup,-14.156388282775879,-17.781387329101562,-14.570128440856934,-14.195128440856934,-13.98470687866211,-15.48470687866211,32
train,0,The small kitten,The small kittens,-13.523730278015137,-16.27372932434082,-18.159765243530273,-14.847264289855957,-16.134624481201172,-15.947123527526855,32
train,1,The small kittens,The small kitten,-14.847264289855957,-18.159765243530273,-16.27372932434082,-13.523730278015137,-15.231263160705566,-16.231264114379883,32
train,0,The small shark,The small sharks,-12.368236541748047,-14.680736541748047,-15.381364822387695,-11.506364822387695,-13.169883728027344,-12.857383728027344,32
train,1,The small sharks,The small shark,-11.506364822387695,-15.381364822387695,-14.680736541748047,-12.368236541748047,-12.709942817687988,-13.959942817687988,32
train,0,The small panda,The small pandas,-15.858158111572266,-19.545658111572266,-18.038936614990234,-14.757686614990234,-16.075183868408203,-16.387683868408203,32
train,1,The small pandas,The small panda,-14.757686614990234,-18.038936614990234,-19.545658111572266,-15.858158111572266,-18.11366844177246,-17.61366844177246,32
train,0,The small doe,The small does,-14.815010070800781,-16.90876007080078,-17.406766891479492,-13.906767845153809,-16.758636474609375,-13.821136474609375,32
train,1,The small does,The small doe,-13.906767845153809,-17.406766891479492,-16.90876007080078,-14.815010070800781,-16.871734619140625,-15.371734619140625,32
train,0,The bright rat,The bright rats,-11.396021842956543,-15.646021842956543,-14.49295711517334,-10.86795711517334,-13.02625560760498,-12.65125560760498,32
train,1,The bright rats,The bright rat,-10.86795711517334,-14.49295711517334,-15.646021842956543,-11.396021842956543,-12.160813331604004,-12.660813331604004,32
train,0,The bright turtle,The bright turtles,-9.642560958862305,-12.955060958862305,-13.91513442993164,-8.91513442993164,-11.483405113220215,-10.358405113220215,32
train,1,The bright turtles,The bright turtle,-8.91513442993164,-13.91513442993164,-12.955060958862305,-9.642560958862305,-10.74222469329834,-12.30472469329834,32
train,0,The small kitten,The small kittens,-3.8987298011779785,-12.836230278015137,-10.284764289855957,-3.409764289855957,-6.5721235275268555,-5.0721235275268555,32
train,1,The small kittens,The small kitten,-3.409764289855957,-10.284764289855957,-12.836230278015137,-3.8987298011779785,-5.606263637542725,-6.606263637542725,32
train,0,The sleepy chick,The sleepy chicks,-11.836796760559082,-13.899296760559082,-15.424805641174316,-11.987305641174316,-13.88371753692627,-12.44621753692627,32
train,1,The sleepy chicks,The sleepy chick,-11.987305641174316,-15.424805641174316,-13.899296760559082,-11.836796760559082,-12.746662139892578,-13.184162139892578,32
train,0,The bright chick,The bright chicks,-13.534441947937012,-15.628191947937012,-16.580263137817383,-13.1740140914917,-15.362581253051758,-14.050081253051758,32
train,1,The bright chicks,The bright chick,-13.1740140914917,-16.580263137817383,-15.628191947937012,-13.534441947937012,-14.480034828186035,-15.355034828186035,32
train,0,The sleepy lion,The sleepy lions,-10.27151107788086,-13.20901107788086,-13.674909591674805,-11.612409591674805,-12.49046802520752,-12.92796802520752,32
train,1,The sleepy lions,The sleepy lion,-11.612409591674805,-13.674909591674805,-13.20901107788086,-10.27151107788086,-12.523405075073242,-12.273405075073242,32
train,0,The sleepy shark,The sleepy sharks,-10.498805046081543,-14.748805046081543,-13.978487968444824,-11.353487968444824,-11.825540542602539,-12.825540542602539,32
train,1,The sleepy sharks,The sleepy shark,-11.353487968444824,-13.978487968444824,-14.748805046081543,-10.498805046081543,-12.12076187133789,-12.49576187133789,32
train,0,The fuzzy bat,The fuzzy bats,-10.959092140197754,-15.459092140197754,-14.3301420211792,-12.5176420211792,-11.288996696472168,-13.476496696472168,32
train,1,The fuzzy bats,The fuzzy bat,-12.5176420211792,-14.3301420211792,-15.459092140197754,-10.959092140197754,-13.415203094482422,-13.665203094482422,32
train,0,The nervous doe,The nervous does,-12.360885620117188,-13.048385620117188,-15.436782836914062,-10.436782836914062,-15.114503860473633,-10.864503860473633,32
train,1,The nervous does,The nervous doe,-10.436782836914062,-15.436782836914062,-13.048385620117188,-12.360885620117188,-11.627792358398438,-12.877792358398438,32
train,0,The bright frog,The bright frogs,-12.862932205200195,-14.394182205200195,-19.22483253479004,-13.068583488464355,-15.90153980255127,-13.90153980255127,32
train,1,The bright frogs,The bright frog,-13.068583488464355,-19.22483253479004,-14.394182205200195,-12.862932205200195,-13.014344215393066,-15.045594215393066,32
train,0,The timid panda,The timid pandas,-12.428879737854004,-16.99138069152832,-13.746816635131836,-9.121816635131836,-11.21505355834961,-11.09005355834961,32
train,1,The timid pandas,The timid panda,-9.121816635131836,-13.746816635131836,-16.99138069152832,-12.428879737854004,-13.0152587890625,-14.1402587890625,32
train,0,The bright dolphin,The bright dolphins,-10.044795989990234,-12.982295989990234,-14.382624626159668,-11.820124626159668,-12.775668144226074,-12.713168144226074,32
train,1,The bright dolphins,The bright dolphin,-11.820124626159668,-14.382624626159668,-12.982295989990234,-10.044795989990234,-11.6669921875,-12.1044921875,32
train,0,The fuzzy kit,The fuzzy kits,-11.74692440032959,-13.05942440032959,-11.608407020568848,-10.858407020568848,-10.543174743652344,-11.605674743652344,32
train,1,The fuzzy kits,The fuzzy kit,-10.858407020568848,-11.608407020568848,-13.05942440032959,-11.74692440032959,-12.469573020935059,-12.032073020935059,32
train,0,The calm cow,The calm cows,-3.6947903633117676,-9.63228988647461,-7.299014091491699,-2.424014091491699,-4.683080673217773,-3.6830809116363525,32
train,1,The calm cows,The calm cow,-2.424014091491699,-7.299014091491699,-9.63228988647461,-3.6947903633117676,-4.323460578918457,-5.073460578918457,32
train,0,The sleepy dog,The sleepy dogs,-13.149181365966797,-16.742931365966797,-16.086645126342773,-12.336645126342773,-13.769554138183594,-13.269554138183594,32
train,1,The sleepy dogs,The sleepy dog,-12.336645126342773,-16.086645126342773,-16.742931365966797,-13.149181365966797,-14.657512664794922,-14.595012664794922,32
train,0,The sleepy whale,The sleepy whales,-11.7758150100708,-13.7133150100708,-14.741243362426758,-11.053743362426758,-12.830785751342773,-11.705785751342773,32
train,1,The sleepy whales,The sleepy whale,-11.053743362426758,-14.741243362426758,-13.7133150100708,-11.7758150100708,-12.124285697937012,-13.874285697937012,32
train,0,The sleepy dog,The sleepy dogs,-11.649181365966797,-12.836681365966797,-14.524145126342773,-11.086645126342773,-12.582054138183594,-12.082054138183594,32
train,1,The sleepy dogs,The sleepy dog,-11.086645126342773,-14.524145126342773,-12.836681365966797,-11.649181365966797,-12.157512664794922,-13.220012664794922,32
train,0,The sleepy cock,The sleepy cocks,-18.033283233642578,-18.658283233642578,-16.302745819091797,-14.240245819091797,-15.696858406066895,-14.728108406066895,32
train,1,The sleepy cocks,The sleepy cock,-14.240245819091797,-16.302745819091797,-18.658283233642578,-18.033283233642578,-17.898038864135742,-18.179288864135742,32
train,0,The sleepy rat,The sleepy rats,-13.545149803161621,-16.545150756835938,-17.12464141845703,-13.405891418457031,-15.34510612487793,-14.53260612487793,32
train,1,The sleepy rats,The sleepy rat,-13.405891418457031,-17.12464141845703,-16.545150756835938,-13.545149803161621,-14.435503959655762,-15.748003959655762,32
train,0,The sleepy dolphin,The sleepy dolphins,-10.655779838562012,-11.843279838562012,-13.54415512084961,-11.91915512084961,-12.326918601989746,-12.014418601989746,32
train,1,The sleepy dolphins,The sleepy dolphin,-11.91915512084961,-13.54415512084961,-11.843279838562012,-10.655779838562012,-11.81883430480957,-12.50633430480957,32
train,0,The quiet whale,The quiet whales,-14.50340461730957,-16.12840461730957,-16.536537170410156,-14.161538124084473,-14.578790664672852,-15.203790664672852,32
train,1,The quiet whales,The quiet whale,-14.161538124084473,-16.536537170410156,-16.12840461730957,-14.50340461730957,-15.172470092773438,-15.953720092773438,32
train,0,The sleepy pup,The sleepy pups,-13.275734901428223,-17.11948585510254,-17.733108520507812,-13.858107566833496,-15.194437980651855,-15.069437980651855,32
train,1,The sleepy pups,The sleepy pup,-13.858107566833496,-17.733108520507812,-17.11948585510254,-13.275734901428223,-15.223773002624512,-14.473773002624512,32
train,0,The calm rabbit,The calm rabbits,-13.535538673400879,-17.191787719726562,-16.352428436279297,-13.008678436279297,-14.12449836730957,-14.12449836730957,32
train,1,The calm rabbits,The calm rabbit,-13.008678436279297,-16.352428436279297,-17.191787719726562,-13.535538673400879,-14.34310245513916,-15.21810245513916,32
train,0,The quiet shark,The quiet sharks,-11.499894142150879,-11.687394142150879,-13.9711275100708,-10.4711275100708,-12.55150318145752,-11.42650318145752,32
train,1,The quiet sharks,The quiet shark,-10.4711275100708,-13.9711275100708,-11.687394142150879,-11.499894142150879,-10.568130493164062,-13.005630493164062,32
train,0,The bright rat,The bright rats,-9.458521842956543,-10.208521842956543,-13.61795711517334,-11.43045711517334,-12.46375560760498,-11.96375560760498,32
train,1,The bright rats,The bright rat,-11.43045711517334,-13.61795711517334,-10.208521842956543,-9.458521842956543,-9.910813331604004,-10.660813331604004,32
train,0,The nervous pup,The nervous pups,-11.823153495788574,-12.323153495788574,-16.249540328979492,-12.437040328979492,-14.220800399780273,-12.658300399780273,32
train,1,The nervous pups,The nervous pup,-12.437040328979492,-16.249540328979492,-12.323153495788574,-11.823153495788574,-11.066784858703613,-12.004284858703613,32
train,0,The fuzzy rat,The fuzzy rats,-12.65405559539795,-14.46655559539795,-17.328445434570312,-14.422194480895996,-15.55948257446289,-15.18448257446289,32
train,1,The fuzzy rats,The fuzzy rat,-14.422194480895996,-17.328445434570312,-14.46655559539795,-12.65405559539795,-13.339310646057129,-14.526810646057129,32
train,0,The slender shark,The slender sharks,-12.540213584899902,-15.946463584899902,-14.999098777770996,-12.186598777770996,-12.724428176879883,-13.349428176879883,32
train,1,The slender sharks,The slender shark,-12.186598777770996,-14.999098777770996,-15.946463584899902,-12.540213584899902,-13.587620735168457,-14.150120735168457,32
train,0,The timid pup,The timid pups,-3.8826282024383545,-10.820128440856934,-8.843888282775879,-3.0938880443573,-5.638921737670898,-4.638921737670898,32
train,1,The timid pups,The timid pup,-3.0938880443573,-8.843888282775879,-10.820128440856934,-3.8826282024383545,-4.734707355499268,-5.359707355499268,32
train,0,The nervous pup,The nervous pups,-10.260653495788574,-13.448153495788574,-12.749540328979492,-10.749540328979492,-11.345800399780273,-11.970800399780273,32
train,1,The nervous pups,The nervous pup,-10.749540328979492,-12.749540328979492,-13.448153495788574,-10.260653495788574,-11.379284858703613,-10.629284858703613,32
train,0,The calm pup,The calm pups,-8.851519584655762,-11.601519584655762,-12.73066234588623,-8.79316234588623,-10.346654891967773,-9.909154891967773,32
train,1,The calm pups,The calm pup,-8.79316234588623,-12.73066234588623,-11.601519584655762,-8.851519584655762,-9.041644096374512,-9.791644096374512,32
train,0,The small turtle,The small turtles,-11.940163612365723,-14.377663612365723,-14.329790115356445,-10.329790115356445,-12.379133224487305,-11.004133224487305,32
train,1,The small turtles,The small turtle,-10.329790115356445,-14.329790115356445,-14.377663612365723,-11.940163612365723,-12.930975914001465,-13.618475914001465,32
test,0,The wary [wug],The wary [wugs],-9.430991172790527,-13.805991172790527,-14.966817855834961,-11.466817855834961,-13.375423431396484,-12.437923431396484,32
test,1,The wary [wugs],The wary [wug],-11.466817855834961,-14.966817855834961,-13.805991172790527,-9.430991172790527,-10.551726341247559,-11.864226341247559,32
test,0,The tiny [wug],The tiny [wugs],-13.49979019165039,-16.74979019165039,-15.337986946105957,-11.400486946105957,-13.609647750854492,-12.109647750854492,32
test,1,The tiny [wugs],The tiny [wug],-11.400486946105957,-15.337986946105957,-16.74979019165039,-13.49979019165039,-14.90633487701416,-15.78133487701416,32
test,0,The curious [wug],The curious [wugs],-11.790776252746582,-16.228275299072266,-14.378362655639648,-11.315862655639648,-12.82187271118164,-11.94687271118164,32
test,1,The curious [wugs],The curious [wug],-11.315862655639648,-14.378362655639648,-16.228275299072266,-11.790776252746582,-13.684272766113281,-13.184272766113281,32
test,0,The gentle [wug],The gentle [wugs],-14.257224082946777,-16.38222312927246,-14.748908042907715,-13.123908042907715,-14.234574317932129,-13.672074317932129,32
test,1,The gentle [wugs],The gentle [wug],-13.123908042907715,-14.748908042907715,-16.38222312927246,-14.257224082946777,-16.089311599731445,-15.901810646057129,32
test,0,The spotted [wug],The spotted [wugs],-14.360701560974121,-14.454451560974121,-13.597729682922363,-11.410229682922363,-12.592884063720703,-12.030384063720703,32
test,1,The spotted [wugs],The spotted [wug],-11.410229682922363,-13.597729682922363,-14.454451560974121,-14.360701560974121,-12.40804672241211,-13.93929672241211,32
test,0,The wary [wug],The wary [wugs],-14.993491172790527,-15.555991172790527,-16.84181785583496,-13.779317855834961,-16.062923431396484,-14.125423431396484,32
test,1,The wary [wugs],The wary [wug],-13.779317855834961,-16.84181785583496,-15.555991172790527,-14.993491172790527,-14.614226341247559,-16.989225387573242,32
test,0,The gentle [wug],The gentle [wugs],-14.132224082946777,-14.507224082946777,-17.3114070892334,-13.436408042907715,-16.109573364257812,-13.984574317932129,32
test,1,The gentle [wugs],The gentle [wug],-13.436408042907715,-17.3114070892334,-14.507224082946777,-14.132224082946777,-13.526810646057129,-16.026811599731445,32
test,0,The clever [wug],The clever [wugs],-14.242223739624023,-16.992223739624023,-18.022903442382812,-14.241652488708496,-16.207904815673828,-14.957903861999512,32
test,1,The clever [wugs],The clever [wug],-14.241652488708496,-18.022903442382812,-16.992223739624023,-14.242223739624023,-16.562698364257812,-16.437698364257812,32
test,0,The shy [wug],The shy [wugs],-12.276308059692383,-14.651308059692383,-13.417886734008789,-10.792886734008789,-12.16502857208252,-11.54002857208252,32
test,1,The shy [wugs],The shy [wug],-10.792886734008789,-13.417886734008789,-14.651308059692383,-12.276308059692383,-14.070575714111328,-14.445575714111328,32
test,0,The wary [wug],The wary [wugs],-11.555991172790527,-14.993491172790527,-15.279317855834961,-10.966817855834961,-13.562923431396484,-11.750423431396484,32
test,1,The wary [wugs],The wary [wug],-10.966817855834961,-15.279317855834961,-14.993491172790527,-11.555991172790527,-12.239226341247559,-14.676726341247559,32
test,0,The shy [wug],The shy [wugs],-13.276308059692383,-17.026308059692383,-14.542886734008789,-12.792886734008789,-13.60252857208252,-13.10252857208252,32
test,1,The shy [wugs],The shy [wug],-12.792886734008789,-14.542886734008789,-17.026308059692383,-13.276308059692383,-16.445575714111328,-15.258075714111328,32
test,0,The fierce [wug],The fierce [wugs],-15.430598258972168,-16.05559730529785,-16.44289779663086,-13.56789779663086,-14.820514678955078,-13.883014678955078,32
test,1,The fierce [wugs],The fierce [wug],-13.56789779663086,-16.44289779663086,-16.05559730529785,-15.430598258972168,-16.193008422851562,-17.505508422851562,32
test,0,The bold [wug],The bold [wugs],-13.994043350219727,-16.306543350219727,-16.072397232055664,-13.947397232055664,-14.658466339111328,-14.345966339111328,32
test,1,The bold [wugs],The bold [wug],-13.947397232055664,-16.072397232055664,-16.306543350219727,-13.994043350219727,-14.546830177307129,-15.671830177307129,32
test,0,The strange [wug],The strange [wugs],-15.454324722290039,-17.51682472229004,-17.80188751220703,-13.614387512207031,-16.099641799926758,-14.349642753601074,32
test,1,The strange [wugs],The strange [wug],-13.614387512207031,-17.80188751220703,-17.51682472229004,-15.454324722290039,-14.607247352600098,-16.919748306274414,32
test,0,The clumsy [wug],The clumsy [wugs],-17.998245239257812,-19.810745239257812,-19.051063537597656,-14.70731258392334,-17.862668991088867,-15.112668991088867,32
test,1,The clumsy [wugs],The clumsy [wug],-14.70731258392334,-19.051063537597656,-19.810745239257812,-17.998245239257812,-18.15711212158203,-20.62586212158203,32
test,0,The fierce [wug],The fierce [wugs],-11.993098258972168,-13.618098258972168,-13.31789779663086,-10.25539779663086,-11.883014678955078,-11.008014678955078,32
test,1,The fierce [wugs],The fierce [wug],-10.25539779663086,-13.31789779663086,-13.618098258972168,-11.993098258972168,-13.068007469177246,-14.068007469177246,32
test,0,The restless [wug],The restless [wugs],-16.478647232055664,-16.916147232055664,-17.979097366333008,-14.291597366333008,-16.971057891845703,-14.90855884552002,32
test,1,The restless [wugs],The restless [wug],-14.291597366333008,-17.979097366333008,-16.916147232055664,-16.478647232055664,-16.499771118164062,-18.562271118164062,32
test,0,The sturdy [wug],The sturdy [wugs],-5.378308296203613,-10.315808296203613,-10.433877944946289,-5.871377944946289,-8.132040023803711,-6.257039546966553,32
test,1,The sturdy [wugs],The sturdy [wug],-5.871377944946289,-10.433877944946289,-10.315808296203613,-5.378308296203613,-5.433358192443848,-8.370858192443848,32
test,0,The bold [wug],The bold [wugs],-14.306543350219727,-14.806543350219727,-16.509897232055664,-14.009897232055664,-15.470966339111328,-14.345966339111328,32
test,1,The bold [wugs],The bold [wug],-14.009897232055664,-16.509897232055664,-14.806543350219727,-14.306543350219727,-14.859330177307129,-16.046829223632812,32
test,0,The graceful [wug],The graceful [wugs],-11.037178039550781,-13.412178039550781,-13.955222129821777,-10.642722129821777,-12.455086708068848,-11.392586708068848,32
test,1,The graceful [wugs],The graceful [wug],-10.642722129821777,-13.955222129821777,-13.412178039550781,-11.037178039550781,-12.228374481201172,-12.978374481201172,32
test,0,The tiny [wug],The tiny [wugs],-12.68729019165039,-15.74979019165039,-14.650486946105957,-10.587986946105957,-12.547147750854492,-10.797147750854492,32
test,1,The tiny [wugs],The tiny [wug],-10.587986946105957,-14.650486946105957,-15.74979019165039,-12.68729019165039,-14.03133487701416,-15.03133487701416,32
test,0,The restless [wug],The restless [wugs],-18.509897232055664,-20.541147232055664,-21.041597366333008,-16.604097366333008,-19.814807891845703,-17.221057891845703,32
test,1,The restless [wugs],The restless [wug],-16.604097366333008,-21.041597366333008,-20.541147232055664,-18.509897232055664,-19.156021118164062,-20.343521118164062,32
test,0,The clumsy [wug],The clumsy [wugs],-15.123245239257812,-16.498245239257812,-15.76981258392334,-14.51981258392334,-15.300168991088867,-14.987668991088867,32
test,1,The clumsy [wugs],The clumsy [wug],-14.51981258392334,-15.76981258392334,-16.498245239257812,-15.123245239257812,-16.15711212158203,-16.53211212158203,32
test,0,The restless [wug],The restless [wugs],-14.291147232055664,-17.353647232055664,-18.354097366333008,-16.104097366333008,-17.096057891845703,-16.908557891845703,32
test,1,The restless [wugs],The restless [wug],-16.104097366333008,-18.354097366333008,-17.353647232055664,-14.291147232055664,-16.187271118164062,-16.249771118164062,32
test,0,The round [wug],The round [wugs],-11.140340805053711,-12.702840805053711,-13.775426864624023,-12.837926864624023,-13.332590103149414,-12.957590103149414,32
test,1,The round [wugs],The round [wug],-12.837926864624023,-13.775426864624023,-12.702840805053711,-11.140340805053711,-11.782447814941406,-11.907447814941406,32
test,0,The sturdy [wug],The sturdy [wugs],-15.909558296203613,-17.06580924987793,-16.49637794494629,-12.058877944946289,-15.132040023803711,-12.569540023803711,32
test,1,The sturdy [wugs],The sturdy [wug],-12.058877944946289,-16.49637794494629,-17.06580924987793,-15.909558296203613,-15.558358192443848,-17.52710723876953,32
test,0,The round [wug],The round [wugs],-15.452840805053711,-16.20284080505371,-14.962926864624023,-14.337926864624023,-14.832590103149414,-14.770090103149414,32
test,1,The round [wugs],The round [wug],-14.337926864624023,-14.962926864624023,-16.20284080505371,-15.452840805053711,-15.719947814941406,-15.719947814941406,32
test,0,The wary [wug],The wary [wugs],-15.180991172790527,-16.49349021911621,-16.90431785583496,-14.404317855834961,-16.187923431396484,-14.625423431396484,32
test,1,The wary [wugs],The wary [wug],-14.404317855834961,-16.90431785583496,-16.49349021911621,-15.180991172790527,-15.239226341247559,-16.739225387573242,32
test,0,The bold [wug],The bold [wugs],-15.431543350219727,-16.556543350219727,-17.572397232055664,-15.197397232055664,-16.345966339111328,-15.658466339111328,32
test,1,The bold [wugs],The bold [wug],-15.197397232055664,-17.572397232055664,-16.556543350219727,-15.431543350219727,-15.359330177307129,-16.921829223632812,32
test,0,The round [wug],The round [wugs],-12.015340805053711,-15.890340805053711,-18.712926864624023,-13.712926864624023,-16.895090103149414,-14.082590103149414,32
test,1,The round [wugs],The round [wug],-13.712926864624023,-18.712926864624023,-15.890340805053711,-12.015340805053711,-12.719947814941406,-13.219947814941406,32
test,0,The wary [wug],The wary [wugs],-12.118491172790527,-12.430991172790527,-15.904317855834961,-12.716817855834961,-14.937923431396484,-13.125423431396484,32
test,1,The wary [wugs],The wary [wug],-12.716817855834961,-15.904317855834961,-12.430991172790527,-12.118491172790527,-12.114226341247559,-14.864226341247559,32
test,0,The spotted [wug],The spotted [wugs],-14.485701560974121,-17.485702514648438,-14.285229682922363,-10.160229682922363,-12.405384063720703,-10.780384063720703,32
test,1,The spotted [wugs],The spotted [wug],-10.160229682922363,-14.285229682922363,-17.485702514648438,-14.485701560974121,-15.53304672241211,-16.59554672241211,32
test,0,The lively [wug],The lively [wugs],-12.531956672668457,-14.781956672668457,-16.057384490966797,-13.869885444641113,-14.386530876159668,-14.261530876159668,32
test,1,The lively [wugs],The lively [wug],-13.869885444641113,-16.057384490966797,-14.781956672668457,-12.531956672668457,-14.344888687133789,-14.282388687133789,32
test,0,The curious [wug],The curious [wugs],-12.665776252746582,-13.040776252746582,-17.37836265563965,-14.190862655639648,-16.13437271118164,-14.69687271118164,32
test,1,The curious [wugs],The curious [wug],-14.190862655639648,-17.37836265563965,-13.040776252746582,-12.665776252746582,-12.371772766113281,-13.746772766113281,32
test,0,The clumsy [wug],The clumsy [wugs],-5.560744762420654,-11.810745239257812,-10.01981258392334,-5.01981258392334,-8.112668991088867,-5.612668991088867,32
test,1,The clumsy [wugs],The clumsy [wug],-5.01981258392334,-10.01981258392334,-11.810745239257812,-5.560744762420654,-6.782113075256348,-8.657113075256348,32
test,0,The clumsy [wug],The clumsy [wugs],-12.248245239257812,-14.373245239257812,-16.207313537597656,-14.51981258392334,-15.550168991088867,-15.300168991088867,32
test,1,The clumsy [wugs],The clumsy [wug],-14.51981258392334,-16.207313537597656,-14.373245239257812,-12.248245239257812,-13.344613075256348,-14.032113075256348,32
test,0,The bold [wug],The bold [wugs],-15.619043350219727,-15.806543350219727,-15.884897232055664,-14.509897232055664,-15.283466339111328,-14.470966339111328,32
test,1,The bold [wugs],The bold [wug],-14.509897232055664,-15.884897232055664,-15.806543350219727,-15.619043350219727,-16.109329223632812,-16.546829223632812,32
test,0,The gentle [wug],The gentle [wugs],-16.81972312927246,-17.31972312927246,-16.7489070892334,-13.748908042907715,-15.547074317932129,-14.359574317932129,32
test,1,The gentle [wugs],The gentle [wug],-13.748908042907715,-16.7489070892334,-17.31972312927246,-16.81972312927246,-17.151811599731445,-18.776811599731445,32
test,0,The graceful [wug],The graceful [wugs],-14.099678039550781,-15.662178039550781,-15.017722129821777,-14.142722129821777,-14.267586708068848,-14.267586708068848,32
test,1,The graceful [wugs],The graceful [wug],-14.142722129821777,-15.017722129821777,-15.662178039550781,-14.099678039550781,-15.103374481201172,-15.290874481201172,32
test,0,The clever [wug],The clever [wugs],-11.429723739624023,-13.804723739624023,-16.991653442382812,-12.741652488708496,-14.582903861999512,-13.332903861999512,32
test,1,The clever [wugs],The clever [wug],-12.741652488708496,-16.991653442382812,-13.804723739624023,-11.429723739624023,-12.687699317932129,-13.250199317932129,32
test,0,The fierce [wug],The fierce [wugs],-11.930598258972168,-14.493098258972168,-16.06789779663086,-11.81789779663086,-13.570514678955078,-12.195514678955078,32
test,1,The fierce [wugs],The fierce [wug],-11.81789779663086,-16.06789779663086,-14.493098258972168,-11.930598258972168,-12.505507469177246,-14.443007469177246,32
test,0,The clumsy [wug],The clumsy [wugs],-14.498245239257812,-16.060745239257812,-15.70731258392334,-14.95731258392334,-15.362668991088867,-15.675168991088867,32
test,1,The clumsy [wugs],The clumsy [wug],-14.95731258392334,-15.70731258392334,-16.060745239257812,-14.498245239257812,-14.782113075256348,-15.344613075256348,32
test,0,The shy [wug],The shy [wugs],-15.088808059692383,-17.588808059692383,-16.85538673400879,-16.23038673400879,-16.165029525756836,-16.915029525756836,32
test,1,The shy [wugs],The shy [wug],-16.23038673400879,-16.85538673400879,-17.588808059692383,-15.088808059692383,-17.195575714111328,-16.570575714111328,32
test,0,The restless [wug],The restless [wugs],-15.853647232055664,-16.791147232055664,-18.354097366333008,-15.166597366333008,-17.221057891845703,-15.65855884552002,32
test,1,The restless [wugs],The restless [wug],-15.166597366333008,-18.354097366333008,-16.791147232055664,-15.853647232055664,-16.249771118164062,-17.812271118164062,32
test,0,The strange [wug],The strange [wugs],-13.891824722290039,-18.07932472229004,-16.05188751220703,-13.551887512207031,-14.474642753601074,-14.474642753601074,32
test,1,The strange [wugs],The strange [wug],-13.551887512207031,-16.05188751220703,-18.07932472229004,-13.891824722290039,-15.544747352600098,-15.294747352600098,32
test,0,The graceful [wug],The graceful [wugs],-12.412178039550781,-13.349678039550781,-14.517722129821777,-14.017722129821777,-14.205086708068848,-14.392586708068848,32
test,1,The graceful [wugs],The graceful [wug],-14.017722129821777,-14.517722129821777,-13.349678039550781,-12.412178039550781,-13.103374481201172,-12.978374481201172,32
test,0,The shy [wug],The shy [wugs],-4.963808059692383,-12.526308059692383,-8.355386734008789,-4.230386734008789,-5.9775285720825195,-4.7275285720825195,32
test,1,The shy [wugs],The shy [wug],-4.230386734008789,-8.355386734008789,-12.526308059692383,-4.963808059692383,-7.070576190948486,-7.320576190948486,32
test,0,The spotted [wug],The spotted [wugs],-17.032577514648438,-17.188827514648438,-14.035229682922363,-11.722729682922363,-12.967884063720703,-11.842884063720703,32
test,1,The spotted [wugs],The spotted [wug],-11.722729682922363,-14.035229682922363,-17.188827514648438,-17.032577514648438,-16.93929672241211,-18.12679672241211,32
test,0,The shy [wug],The shy [wugs],-16.901308059692383,-17.776308059692383,-18.10538673400879,-15.605386734008789,-17.258779525756836,-15.85252857208252,32
test,1,The shy [wugs],The shy [wug],-15.605386734008789,-18.10538673400879,-17.776308059692383,-16.901308059692383,-17.445575714111328,-18.726825714111328,32
test,0,The restless [wug],The restless [wugs],-14.166147232055664,-17.041147232055664,-16.041597366333008,-13.791597366333008,-14.84605884552002,-14.59605884552002,32
test,1,The restless [wugs],The restless [wug],-13.791597366333008,-16.041597366333008,-17.041147232055664,-14.166147232055664,-15.999770164489746,-15.749770164489746,32
test,0,The bold [wug],The bold [wugs],-12.994043350219727,-14.556543350219727,-15.197397232055664,-13.509897232055664,-13.970966339111328,-13.908466339111328,32
test,1,The bold [wugs],The bold [wug],-13.509897232055664,-15.197397232055664,-14.556543350219727,-12.994043350219727,-13.921830177307129,-15.109330177307129,32
test,0,The shy [wug],The shy [wugs],-13.338808059692383,-16.213808059692383,-16.54288673400879,-13.542886734008789,-14.97752857208252,-14.10252857208252,32
test,1,The shy [wugs],The shy [wug],-13.542886734008789,-16.54288673400879,-16.213808059692383,-13.338808059692383,-15.258075714111328,-15.383075714111328,32
test,0,The tiny [wug],The tiny [wugs],-11.18729019165039,-14.18729019165039,-15.212986946105957,-11.837986946105957,-13.109647750854492,-12.359647750854492,32
test,1,The tiny [wugs],The tiny [wug],-11.837986946105957,-15.212986946105957,-14.18729019165039,-11.18729019165039,-12.71883487701416,-13.53133487701416,32
test,0,The wary [wug],The wary [wugs],-11.993491172790527,-15.493491172790527,-15.216817855834961,-13.404317855834961,-13.875423431396484,-13.875423431396484,32
test,1,The wary [wugs],The wary [wug],-13.404317855834961,-15.216817855834961,-15.493491172790527,-11.993491172790527,-13.801726341247559,-14.801726341247559,32
test,0,The gentle [wug],The gentle [wugs],-15.632224082946777,-17.69472312927246,-16.2489070892334,-12.436408042907715,-14.922074317932129,-13.047074317932129,32
test,1,The gentle [wugs],The gentle [wug],-12.436408042907715,-16.2489070892334,-17.69472312927246,-15.632224082946777,-16.589311599731445,-17.776811599731445,32
test,0,The shy [wug],The shy [wugs],-12.713808059692383,-15.838808059692383,-14.105386734008789,-10.542886734008789,-12.72752857208252,-11.54002857208252,32
test,1,The shy [wugs],The shy [wug],-10.542886734008789,-14.105386734008789,-15.838808059692383,-12.713808059692383,-14.883075714111328,-15.008075714111328,32
test,0,The gentle [wug],The gentle [wugs],-15.569724082946777,-17.88222312927246,-16.0614070892334,-14.123908042907715,-15.234574317932129,-14.422074317932129,32
test,1,The gentle [wugs],The gentle [wug],-14.123908042907715,-16.0614070892334,-17.88222312927246,-15.569724082946777,-17.589311599731445,-17.526811599731445,32
test,0,The fierce [wug],The fierce [wugs],-11.180598258972168,-14.055598258972168,-13.50539779663086,-9.50539779663086,-11.258014678955078,-10.008014678955078,32
test,1,The fierce [wugs],The fierce [wug],-9.50539779663086,-13.50539779663086,-14.055598258972168,-11.180598258972168,-12.193007469177246,-13.630507469177246,32
test,0,The clumsy [wug],The clumsy [wugs],-17.060745239257812,-17.935745239257812,-17.457313537597656,-15.58231258392334,-16.987668991088867,-16.175168991088867,32
test,1,The clumsy [wugs],The clumsy [wug],-15.58231258392334,-17.457313537597656,-17.935745239257812,-17.060745239257812,-17.46961212158203,-19.00086212158203,32
test,0,The wary [wug],The wary [wugs],-12.305991172790527,-17.08724021911621,-15.904317855834961,-12.529317855834961,-14.062923431396484,-13.250423431396484,32
test,1,The wary [wugs],The wary [wug],-12.529317855834961,-15.904317855834961,-17.08724021911621,-12.305991172790527,-14.239226341247559,-15.426726341247559,32
test,0,The wary [wug],The wary [wugs],-12.430991172790527,-16.68099021911621,-15.779317855834961,-12.216817855834961,-14.187923431396484,-12.875423431396484,32
test,1,The wary [wugs],The wary [wug],-12.216817855834961,-15.779317855834961,-16.68099021911621,-12.430991172790527,-14.489226341247559,-15.489226341247559,32
test,0,The graceful [wug],The graceful [wugs],-12.037178039550781,-14.162178039550781,-13.830222129821777,-11.705222129821777,-12.580086708068848,-12.080086708068848,32
test,1,The graceful [wugs],The graceful [wug],-11.705222129821777,-13.830222129821777,-14.162178039550781,-12.037178039550781,-13.040874481201172,-13.915874481201172,32
test,0,The fierce [wug],The fierce [wugs],-12.868098258972168,-15.305598258972168,-15.94289779663086,-14.13039779663086,-14.133014678955078,-14.508014678955078,32
test,1,The fierce [wugs],The fierce [wug],-14.13039779663086,-15.94289779663086,-15.305598258972168,-12.868098258972168,-14.818007469177246,-14.880507469177246,32
test,0,The lively [wug],The lively [wugs],-12.969456672668457,-15.281956672668457,-13.994885444641113,-12.182385444641113,-12.949030876159668,-13.136530876159668,32
test,1,The lively [wugs],The lively [wug],-12.182385444641113,-13.994885444641113,-15.281956672668457,-12.969456672668457,-14.719888687133789,-14.907388687133789,32
test,0,The wary [wug],The wary [wugs],-13.680991172790527,-16.61849021911621,-15.841817855834961,-14.279317855834961,-15.187923431396484,-14.625423431396484,32
test,1,The wary [wugs],The wary [wug],-14.279317855834961,-15.841817855834961,-16.61849021911621,-13.680991172790527,-16.051725387573242,-15.926726341247559,32
test,0,The round [wug],The round [wugs],-10.827840805053711,-14.390340805053711,-15.400426864624023,-12.400426864624023,-13.770090103149414,-13.020090103149414,32
test,1,The round [wugs],The round [wug],-12.400426864624023,-15.400426864624023,-14.390340805053711,-10.827840805053711,-12.282447814941406,-12.719947814941406,32
test,0,The strange [wug],The strange [wugs],-14.516824722290039,-15.579324722290039,-16.98938751220703,-14.301887512207031,-15.662142753601074,-14.787142753601074,32
test,1,The strange [wugs],The strange [wug],-14.301887512207031,-16.98938751220703,-15.579324722290039,-14.516824722290039,-15.044747352600098,-15.857247352600098,32
test,0,The strange [wug],The strange [wugs],-15.016824722290039,-17.57932472229004,-18.17688751220703,-16.30188751220703,-16.974641799926758,-17.037141799926758,32
test,1,The strange [wugs],The strange [wug],-16.30188751220703,-18.17688751220703,-17.57932472229004,-15.016824722290039,-16.482248306274414,-16.607248306274414,32
test,0,The gentle [wug],The gentle [wugs],-15.632224082946777,-17.63222312927246,-15.498908042907715,-14.936408042907715,-14.984574317932129,-15.359574317932129,32
test,1,The gentle [wugs],The gentle [wug],-14.936408042907715,-15.498908042907715,-17.63222312927246,-15.632224082946777,-17.589311599731445,-16.464311599731445,32
test,0,The curious [wug],The curious [wugs],-14.790776252746582,-18.103275299072266,-20.65961265563965,-16.06586265563965,-18.69687271118164,-16.63437271118164,32
test,1,The curious [wugs],The curious [wug],-16.06586265563965,-20.65961265563965,-18.103275299072266,-14.790776252746582,-16.18427276611328,-16.37177276611328,32
test,0,The wary [wug],The wary [wugs],-11.805991172790527,-15.993491172790527,-15.279317855834961,-14.654317855834961,-14.125423431396484,-15.000423431396484,32
test,1,The wary [wugs],The wary [wug],-14.654317855834961,-15.279317855834961,-15.993491172790527,-11.805991172790527,-14.114226341247559,-13.989226341247559,32
test,0,The gentle [wug],The gentle [wugs],-17.88222312927246,-19.69472312927246,-19.7489070892334,-15.748908042907715,-18.453323364257812,-16.234573364257812,32
test,1,The gentle [wugs],The gentle [wug],-15.748908042907715,-19.7489070892334,-19.69472312927246,-17.88222312927246,-18.214311599731445,-19.808061599731445,32
test,0,The wary [wug],The wary [wugs],-12.930991172790527,-15.118491172790527,-14.966817855834961,-12.341817855834961,-13.812923431396484,-12.750423431396484,32
test,1,The wary [wugs],The wary [wug],-12.341817855834961,-14.966817855834961,-15.118491172790527,-12.930991172790527,-13.239226341247559,-15.364226341247559,32
test,0,The shy [wug],The shy [wugs],-15.776308059692383,-17.682558059692383,-15.855386734008789,-13.667886734008789,-14.72752857208252,-13.72752857208252,32
test,1,The shy [wugs],The shy [wug],-13.667886734008789,-15.855386734008789,-17.682558059692383,-15.776308059692383,-17.570575714111328,-17.883075714111328,32
test,0,The curious [wug],The curious [wugs],-17.572025299072266,-17.822025299072266,-19.94086265563965,-17.69086265563965,-19.22812271118164,-18.04062271118164,32
test,1,The curious [wugs],The curious [wug],-17.69086265563965,-19.94086265563965,-17.822025299072266,-17.572025299072266,-17.43427276611328,-18.68427276611328,32
test,0,The sturdy [wug],The sturdy [wugs],-11.190808296203613,-14.128308296203613,-14.871377944946289,-12.746377944946289,-13.694540023803711,-13.569540023803711,32
test,1,The sturdy [wugs],The sturdy [wug],-12.746377944946289,-14.871377944946289,-14.128308296203613,-11.190808296203613,-13.433358192443848,-12.995858192443848,32
test,0,The tiny [wug],The tiny [wugs],-12.49979019165039,-15.12479019165039,-16.65048599243164,-14.337986946105957,-15.484647750854492,-14.734647750854492,32
test,1,The tiny [wugs],The tiny [wug],-14.337986946105957,-16.65048599243164,-15.12479019165039,-12.49979019165039,-14.21883487701416,-13.65633487701416,32
test,0,The wary [wug],The wary [wugs],-15.118491172790527,-17.89974021911621,-18.46681785583496,-14.279317855834961,-17.000423431396484,-14.875423431396484,32
test,1,The wary [wugs],The wary [wug],-14.279317855834961,-18.46681785583496,-17.89974021911621,-15.118491172790527,-14.551726341247559,-17.489225387573242,32
test,0,The strange [wug],The strange [wugs],-16.95432472229004,-17.70432472229004,-16.86438751220703,-13.739387512207031,-15.662142753601074,-14.287142753601074,32
test,1,The strange [wugs],The strange [wug],-13.739387512207031,-16.86438751220703,-17.70432472229004,-16.95432472229004,-16.419748306274414,-18.357248306274414,32
test,0,The clumsy [wug],The clumsy [wugs],-11.748245239257812,-15.935745239257812,-16.207313537597656,-11.45731258392334,-14.487668991088867,-11.737668991088867,32
test,1,The clumsy [wugs],The clumsy [wug],-11.45731258392334,-16.207313537597656,-15.935745239257812,-11.748245239257812,-13.282113075256348,-14.657113075256348,32
test,0,The strange [wug],The strange [wugs],-14.829324722290039,-16.76682472229004,-16.23938751220703,-14.426887512207031,-15.474642753601074,-14.662142753601074,32
test,1,The strange [wugs],The strange [wug],-14.426887512207031,-16.23938751220703,-16.76682472229004,-14.829324722290039,-16.044748306274414,-15.732247352600098,32
test,0,The tiny [wug],The tiny [wugs],-17.06229019165039,-19.78104019165039,-18.77548599243164,-14.337986946105957,-16.922147750854492,-14.672147750854492,32
test,1,The tiny [wugs],The tiny [wug],-14.337986946105957,-18.77548599243164,-19.78104019165039,-17.06229019165039,-17.218835830688477,-19.031335830688477,32
test,0,The tiny [wug],The tiny [wugs],-14.31229019165039,-16.68729019165039,-15.837986946105957,-12.150486946105957,-14.172147750854492,-12.547147750854492,32
test,1,The tiny [wugs],The tiny [wug],-12.150486946105957,-15.837986946105957,-16.68729019165039,-14.31229019165039,-15.53133487701416,-16.281335830688477,32
test,0,The clever [wug],The clever [wugs],-11.804723739624023,-16.429723739624023,-17.741653442382812,-15.804152488708496,-16.457904815673828,-16.270404815673828,32
test,1,The clever [wugs],The clever [wug],-15.804152488708496,-17.741653442382812,-16.429723739624023,-11.804723739624023,-15.750199317932129,-13.437699317932129,32
test,0,The shy [wug],The shy [wugs],-14.713808059692383,-18.026308059692383,-17.44913673400879,-15.230386734008789,-15.97752857208252,-15.97752857208252,32
test,1,The shy [wugs],The shy [wug],-15.230386734008789,-17.44913673400879,-18.026308059692383,-14.713808059692383,-16.820575714111328,-16.945575714111328,32
test,0,The restless [wug],The restless [wugs],-13.228647232055664,-17.791147232055664,-16.229097366333008,-13.791597366333008,-14.90855884552002,-14.90855884552002,32
test,1,The restless [wugs],The restless [wug],-13.791597366333008,-16.229097366333008,-17.791147232055664,-13.228647232055664,-15.624770164489746,-14.937270164489746,32
test,0,The curious [wug],The curious [wugs],-13.603276252746582,-15.665776252746582,-16.06586265563965,-12.003362655639648,-14.69687271118164,-12.75937271118164,32
test,1,The curious [wugs],The curious [wug],-12.003362655639648,-16.06586265563965,-15.665776252746582,-13.603276252746582,-14.934272766113281,-15.309272766113281,32
test,0,The restless [wug],The restless [wugs],-12.603647232055664,-15.978647232055664,-17.104097366333008,-15.291597366333008,-15.72105884552002,-15.84605884552002,32
test,1,The restless [wugs],The restless [wug],-15.291597366333008,-17.104097366333008,-15.978647232055664,-12.603647232055664,-15.124770164489746,-14.124770164489746,32
test,0,The gentle [wug],The gentle [wugs],-16.25722312927246,-17.38222312927246,-17.4989070892334,-14.936408042907715,-16.359573364257812,-15.672074317932129,32
test,1,The gentle [wugs],The gentle [wug],-14.936408042907715,-17.4989070892334,-17.38222312927246,-16.25722312927246,-16.214311599731445,-17.964311599731445,32
test,0,The graceful [wug],The graceful [wugs],-8.974678039550781,-13.599678039550781,-14.080222129821777,-9.017722129821777,-12.017586708068848,-9.517586708068848,32
test,1,The graceful [wugs],The graceful [wug],-9.017722129821777,-14.080222129821777,-13.599678039550781,-8.974678039550781,-10.103374481201172,-11.103374481201172,32
test,0,The graceful [wug],The graceful [wugs],-12.974678039550781,-14.162178039550781,-18.54897117614746,-17.14272117614746,-17.861337661743164,-17.423837661743164,32
test,1,The graceful [wugs],The graceful [wug],-17.14272117614746,-18.54897117614746,-14.162178039550781,-12.974678039550781,-13.290874481201172,-13.478374481201172,32
test,0,The clumsy [wug],The clumsy [wugs],-12.623245239257812,-16.560745239257812,-15.95731258392334,-13.64481258392334,-14.800168991088867,-14.237668991088867,32
test,1,The clumsy [wugs],The clumsy [wug],-13.64481258392334,-15.95731258392334,-16.560745239257812,-12.623245239257812,-15.219613075256348,-15.469613075256348,32
test,0,The spotted [wug],The spotted [wugs],-16.548202514648438,-23.985702514648438,-15.535229682922363,-13.097729682922363,-14.155384063720703,-13.280384063720703,32
test,1,The spotted [wugs],The spotted [wug],-13.097729682922363,-15.535229682922363,-23.985702514648438,-16.548202514648438,-23.25179672241211,-18.16585922241211,32
test,0,The tiny [wug],The tiny [wugs],-12.81229019165039,-15.81229019165039,-14.400486946105957,-12.337986946105957,-13.297147750854492,-12.797147750854492,32
test,1,The tiny [wugs],The tiny [wug],-12.337986946105957,-14.400486946105957,-15.81229019165039,-12.81229019165039,-15.09383487701416,-13.90633487701416,32
test,0,The shy [wug],The shy [wugs],-14.838808059692383,-15.776308059692383,-16.98038673400879,-13.980386734008789,-15.79002857208252,-14.47752857208252,32
test,1,The shy [wugs],The shy [wug],-13.980386734008789,-16.98038673400879,-15.776308059692383,-14.838808059692383,-15.883075714111328,-17.383075714111328,32
test,0,The strange [wug],The strange [wugs],-14.641824722290039,-18.45432472229004,-16.42688751220703,-14.739387512207031,-15.037142753601074,-15.787142753601074,32
test,1,The strange [wugs],The strange [wug],-14.739387512207031,-16.42688751220703,-18.45432472229004,-14.641824722290039,-16.044748306274414,-15.919747352600098,32
test,0,The fierce [wug],The fierce [wugs],-14.243098258972168,-14.493098258972168,-16.94289779663086,-13.19289779663086,-15.445514678955078,-13.195514678955078,32
test,1,The fierce [wugs],The fierce [wug],-13.19289779663086,-16.94289779663086,-14.493098258972168,-14.243098258972168,-14.755507469177246,-16.943008422851562,32
test,0,The wary [wug],The wary [wugs],-10.243491172790527,-15.680991172790527,-15.466817855834961,-13.779317855834961,-14.250423431396484,-14.062923431396484,32
test,1,The wary [wugs],The wary [wug],-13.779317855834961,-15.466817855834961,-15.680991172790527,-10.243491172790527,-14.114226341247559,-12.364226341247559,32
test,0,The fierce [wug],The fierce [wugs],-11.930598258972168,-15.805598258972168,-15.00539779663086,-11.81789779663086,-13.070514678955078,-12.883014678955078,32
test,1,The fierce [wugs],The fierce [wug],-11.81789779663086,-15.00539779663086,-15.805598258972168,-11.930598258972168,-13.568007469177246,-14.005507469177246,32
test,0,The bold [wug],The bold [wugs],-14.619043350219727,-16.494043350219727,-16.259897232055664,-15.634897232055664,-15.345966339111328,-15.970966339111328,32
test,1,The bold [wugs],The bold [wug],-15.634897232055664,-16.259897232055664,-16.494043350219727,-14.619043350219727,-15.671830177307129,-16.234329223632812,32
test,0,The gentle [wug],The gentle [wugs],-13.632224082946777,-18.38222312927246,-15.498908042907715,-12.686408042907715,-13.797074317932129,-13.422074317932129,32
test,1,The gentle [wugs],The gentle [wug],-12.686408042907715,-15.498908042907715,-18.38222312927246,-13.632224082946777,-16.526811599731445,-15.964310646057129,32
test,0,The strange [wug],The strange [wugs],-13.829324722290039,-13.954324722290039,-15.989387512207031,-15.301887512207031,-15.162142753601074,-15.224642753601074,32
test,1,The strange [wugs],The strange [wug],-15.301887512207031,-15.989387512207031,-13.954324722290039,-13.829324722290039,-13.607247352600098,-14.669747352600098,32
test,0,The bold [wug],The bold [wugs],-12.431543350219727,-13.056543350219727,-15.759897232055664,-12.447397232055664,-14.595966339111328,-12.845966339111328,32
test,1,The bold [wugs],The bold [wug],-12.447397232055664,-15.759897232055664,-13.056543350219727,-12.431543350219727,-12.296830177307129,-14.234330177307129,32
test,0,The bold [wug],The bold [wugs],-11.494043350219727,-13.244043350219727,-15.197397232055664,-12.697397232055664,-14.220966339111328,-13.158466339111328,32
test,1,The bold [wugs],The bold [wug],-12.697397232055664,-15.197397232055664,-13.244043350219727,-11.494043350219727,-12.609330177307129,-12.671830177307129,32
test,0,The wary [wug],The wary [wugs],-11.180991172790527,-14.430991172790527,-15.091817855834961,-13.466817855834961,-13.875423431396484,-13.812923431396484,32
test,1,The wary [wugs],The wary [wug],-13.466817855834961,-15.091817855834961,-14.430991172790527,-11.180991172790527,-13.176726341247559,-13.239226341247559,32
test,0,The gentle [wug],The gentle [wugs],-12.257224082946777,-14.257224082946777,-13.686408042907715,-11.623908042907715,-12.984574317932129,-12.484574317932129,32
test,1,The gentle [wugs],The gentle [wug],-11.623908042907715,-13.686408042907715,-14.257224082946777,-12.257224082946777,-13.651810646057129,-13.776810646057129,32
test,0,The graceful [wug],The graceful [wugs],-15.349678039550781,-16.72467803955078,-16.26772117614746,-15.517722129821777,-15.642586708068848,-15.580086708068848,32
test,1,The graceful [wugs],The graceful [wug],-15.517722129821777,-16.26772117614746,-16.72467803955078,-15.349678039550781,-16.353374481201172,-15.540874481201172,32
test,0,The shy [wug],The shy [wugs],-13.588808059692383,-16.838808059692383,-17.48038673400879,-12.605386734008789,-15.47752857208252,-13.29002857208252,32
test,1,The shy [wugs],The shy [wug],-12.605386734008789,-17.48038673400879,-16.838808059692383,-13.588808059692383,-15.445575714111328,-15.945575714111328,32
test,0,The tiny [wug],The tiny [wugs],-17.81229019165039,-18.56229019165039,-16.77548599243164,-14.400486946105957,-15.359647750854492,-14.172147750854492,32
test,1,The tiny [wugs],The tiny [wug],-14.400486946105957,-16.77548599243164,-18.56229019165039,-17.81229019165039,-18.031335830688477,-19.468835830688477,32
test,0,The curious [wug],The curious [wugs],-11.915776252746582,-16.290775299072266,-16.50336265563965,-13.378362655639648,-14.82187271118164,-14.25937271118164,32
test,1,The curious [wugs],The curious [wug],-13.378362655639648,-16.50336265563965,-16.290775299072266,-11.915776252746582,-14.746772766113281,-13.434272766113281,32
test,0,The shy [wug],The shy [wugs],-15.088808059692383,-17.088808059692383,-16.91788673400879,-14.417886734008789,-15.85252857208252,-14.97752857208252,32
test,1,The shy [wugs],The shy [wug],-14.417886734008789,-16.91788673400879,-17.088808059692383,-15.088808059692383,-16.758075714111328,-17.320575714111328,32
test,0,The spotted [wug],The spotted [wugs],-15.110701560974121,-17.946640014648438,-14.222729682922363,-11.535229682922363,-12.842884063720703,-12.030384063720703,32
test,1,The spotted [wugs],The spotted [wug],-11.535229682922363,-14.222729682922363,-17.946640014648438,-15.110701560974121,-16.73617172241211,-17.15804672241211,32
test,0,The fierce [wug],The fierce [wugs],-14.743098258972168,-17.18059730529785,-17.00539779663086,-12.88039779663086,-15.258014678955078,-13.758014678955078,32
test,1,The fierce [wugs],The fierce [wug],-12.88039779663086,-17.00539779663086,-17.18059730529785,-14.743098258972168,-14.568007469177246,-16.568008422851562,32
test,0,The clumsy [wug],The clumsy [wugs],-14.623245239257812,-16.935745239257812,-17.988563537597656,-12.51981258392334,-16.737668991088867,-13.237668991088867,32
test,1,The clumsy [wugs],The clumsy [wug],-12.51981258392334,-17.988563537597656,-16.935745239257812,-14.623245239257812,-15.282113075256348,-17.40711212158203,32
test,0,The tiny [wug],The tiny [wugs],-13.87479019165039,-15.93729019165039,-15.837986946105957,-13.462986946105957,-14.484647750854492,-13.859647750854492,32
test,1,The tiny [wugs],The tiny [wug],-13.462986946105957,-15.837986946105957,-15.93729019165039,-13.87479019165039,-15.40633487701416,-15.96883487701416,32
test,0,The restless [wug],The restless [wugs],-14.916147232055664,-15.478647232055664,-17.791597366333008,-13.854097366333008,-16.658557891845703,-14.09605884552002,32
test,1,The restless [wugs],The restless [wug],-13.854097366333008,-17.791597366333008,-15.478647232055664,-14.916147232055664,-15.749770164489746,-17.562271118164062,32
test,0,The restless [wug],The restless [wugs],-11.416147232055664,-13.791147232055664,-14.604097366333008,-12.354097366333008,-13.47105884552002,-12.97105884552002,32
test,1,The restless [wugs],The restless [wug],-12.354097366333008,-14.604097366333008,-13.791147232055664,-11.416147232055664,-13.312270164489746,-13.124770164489746,32
test,0,The sturdy [wug],The sturdy [wugs],-12.378308296203613,-14.565808296203613,-13.433877944946289,-9.683877944946289,-11.382040023803711,-10.007040023803711,32
test,1,The sturdy [wugs],The sturdy [wug],-9.683877944946289,-13.433877944946289,-14.565808296203613,-12.378308296203613,-12.745858192443848,-14.995858192443848,32
test,0,The clumsy [wug],The clumsy [wugs],-13.998245239257812,-18.341995239257812,-16.394813537597656,-13.58231258392334,-15.300168991088867,-14.112668991088867,32
test,1,The clumsy [wugs],The clumsy [wug],-13.58231258392334,-16.394813537597656,-18.341995239257812,-13.998245239257812,-16.53211212158203,-16.34461212158203,32
test,0,The gentle [wug],The gentle [wugs],-14.194724082946777,-14.819724082946777,-16.1239070892334,-12.936408042907715,-15.172074317932129,-13.547074317932129,32
test,1,The gentle [wugs],The gentle [wug],-12.936408042907715,-16.1239070892334,-14.819724082946777,-14.194724082946777,-14.589310646057129,-16.401811599731445,32
test,0,The wary [wug],The wary [wugs],-12.805991172790527,-15.368491172790527,-14.529317855834961,-14.154317855834961,-13.687923431396484,-14.187923431396484,32
test,1,The wary [wugs],The wary [wug],-14.154317855834961,-14.529317855834961,-15.368491172790527,-12.805991172790527,-14.676726341247559,-14.489226341247559,32
test,0,The sturdy [wug],The sturdy [wugs],-9.815808296203613,-14.190808296203613,-14.996377944946289,-12.621377944946289,-13.132040023803711,-13.007040023803711,32
test,1,The sturdy [wugs],The sturdy [wug],-12.621377944946289,-14.996377944946289,-14.190808296203613,-9.815808296203613,-12.308358192443848,-12.433358192443848,32
test,0,The spotted [wug],The spotted [wugs],-18.134140014648438,-19.777694702148438,-14.535229682922363,-12.597729682922363,-13.530384063720703,-12.717884063720703,32
test,1,The spotted [wugs],The spotted [wug],-12.597729682922363,-14.535229682922363,-19.777694702148438,-18.134140014648438,-18.76742172241211,-18.71273422241211,32
test,0,The tiny [wug],The tiny [wugs],-15.24979019165039,-16.74979019165039,-15.212986946105957,-14.337986946105957,-14.234647750854492,-14.359647750854492,32
test,1,The tiny [wugs],The tiny [wug],-14.337986946105957,-15.212986946105957,-16.74979019165039,-15.24979019165039,-16.656335830688477,-16.656335830688477,32
test,0,The lively [wug],The lively [wugs],-15.219456672668457,-16.34445571899414,-16.244884490966797,-11.932385444641113,-14.699030876159668,-12.574030876159668,32
test,1,The lively [wugs],The lively [wug],-11.932385444641113,-16.244884490966797,-16.34445571899414,-15.219456672668457,-15.407388687133789,-17.28238868713379,32
test,0,The curious [wug],The curious [wugs],-14.790776252746582,-16.540775299072266,-16.94086265563965,-15.315862655639648,-16.13437271118164,-15.57187271118164,32
test,1,The curious [wugs],The curious [wug],-15.315862655639648,-16.94086265563965,-16.540775299072266,-14.790776252746582,-16.43427276611328,-16.12177276611328,32
test,0,The wary [wug],The wary [wugs],-14.305991172790527,-16.68099021911621,-16.77931785583496,-14.529317855834961,-15.937923431396484,-15.125423431396484,32
test,1,The wary [wugs],The wary [wug],-14.529317855834961,-16.77931785583496,-16.68099021911621,-14.305991172790527,-15.614226341247559,-16.489225387573242,32
test,0,The tiny [wug],The tiny [wugs],-13.18729019165039,-17.74979019165039,-15.962986946105957,-12.587986946105957,-14.109647750854492,-13.234647750854492,32
test,1,The tiny [wugs],The tiny [wug],-12.587986946105957,-15.962986946105957,-17.74979019165039,-13.18729019165039,-15.46883487701416,-15.21883487701416,32
test,0,The bold [wug],The bold [wugs],-13.369043350219727,-14.056543350219727,-15.759897232055664,-14.634897232055664,-15.283466339111328,-14.908466339111328,32
test,1,The bold [wugs],The bold [wug],-14.634897232055664,-15.759897232055664,-14.056543350219727,-13.369043350219727,-14.171830177307129,-14.421830177307129,32
test,0,The round [wug],The round [wugs],-11.890340805053711,-14.515340805053711,-15.087926864624023,-11.400426864624023,-13.582590103149414,-12.082590103149414,32
test,1,The round [wugs],The round [wug],-11.400426864624023,-15.087926864624023,-14.515340805053711,-11.890340805053711,-12.344947814941406,-13.532447814941406,32
test,0,The fierce [wug],The fierce [wugs],-14.180598258972168,-15.680598258972168,-17.03664779663086,-15.00539779663086,-16.258014678955078,-15.570514678955078,32
test,1,The fierce [wugs],The fierce [wug],-15.00539779663086,-17.03664779663086,-15.680598258972168,-14.180598258972168,-15.255507469177246,-15.318007469177246,32
test,0,The shy [wug],The shy [wugs],-11.213808059692383,-12.276308059692383,-14.480386734008789,-10.292886734008789,-12.72752857208252,-10.79002857208252,32
test,1,The shy [wugs],The shy [wug],-10.292886734008789,-14.480386734008789,-12.276308059692383,-11.213808059692383,-11.320575714111328,-13.508075714111328,32
test,0,The graceful [wug],The graceful [wugs],-11.287178039550781,-14.787178039550781,-14.892722129821777,-13.017722129821777,-13.830086708068848,-13.580086708068848,32
test,1,The graceful [wugs],The graceful [wug],-13.017722129821777,-14.892722129821777,-14.787178039550781,-11.287178039550781,-13.728374481201172,-12.978374481201172,32
test,0,The round [wug],The round [wugs],-13.577840805053711,-15.202840805053711,-13.150426864624023,-10.337926864624023,-12.020090103149414,-10.832590103149414,32
test,1,The round [wugs],The round [wug],-10.337926864624023,-13.150426864624023,-15.202840805053711,-13.577840805053711,-13.719947814941406,-14.594947814941406,32
test,0,The gentle [wug],The gentle [wugs],-14.507224082946777,-14.757224082946777,-16.8739070892334,-13.186408042907715,-15.797074317932129,-13.422074317932129,32
test,1,The gentle [wugs],The gentle [wug],-13.186408042907715,-16.8739070892334,-14.757224082946777,-14.507224082946777,-15.214310646057129,-17.339311599731445,32
test,0,The tiny [wug],The tiny [wugs],-15.93729019165039,-18.49979019165039,-17.71298599243164,-16.08798599243164,-16.172147750854492,-16.109647750854492,32
test,1,The tiny [wugs],The tiny [wug],-16.08798599243164,-17.71298599243164,-18.49979019165039,-15.93729019165039,-18.156335830688477,-17.468835830688477,32
test,0,The graceful [wug],The graceful [wugs],-10.662178039550781,-13.599678039550781,-14.955222129821777,-10.955222129821777,-13.080086708068848,-11.517586708068848,32
test,1,The graceful [wugs],The graceful [wug],-10.955222129821777,-14.955222129821777,-13.599678039550781,-10.662178039550781,-12.040874481201172,-13.103374481201172,32
test,0,The strange [wug],The strange [wugs],-12.516824722290039,-15.266824722290039,-15.926887512207031,-14.614387512207031,-14.724642753601074,-15.162142753601074,32
test,1,The strange [wugs],The strange [wug],-14.614387512207031,-15.926887512207031,-15.266824722290039,-12.516824722290039,-14.294747352600098,-13.857247352600098,32
test,0,The shy [wug],The shy [wugs],-15.463808059692383,-16.963808059692383,-17.41788673400879,-14.667886734008789,-16.477529525756836,-15.22752857208252,32
test,1,The shy [wugs],The shy [wug],-14.667886734008789,-17.41788673400879,-16.963808059692383,-15.463808059692383,-17.195575714111328,-17.758075714111328,32
test,0,The bold [wug],The bold [wugs],-13.619043350219727,-16.869043350219727,-15.697397232055664,-13.884897232055664,-14.595966339111328,-14.220966339111328,32
test,1,The bold [wugs],The bold [wug],-13.884897232055664,-15.697397232055664,-16.869043350219727,-13.619043350219727,-15.671830177307129,-15.234330177307129,32
test,0,The fierce [wug],The fierce [wugs],-14.118098258972168,-15.993098258972168,-16.84914779663086,-13.31789779663086,-14.945514678955078,-13.758014678955078,32
test,1,The fierce [wugs],The fierce [wug],-13.31789779663086,-16.84914779663086,-15.993098258972168,-14.118098258972168,-15.130507469177246,-16.193008422851562,32
test,0,The bold [wug],The bold [wugs],-10.431543350219727,-12.681543350219727,-13.697397232055664,-10.884897232055664,-12.408466339111328,-11.658466339111328,32
test,1,The bold [wugs],The bold [wug],-10.884897232055664,-13.697397232055664,-12.681543350219727,-10.431543350219727,-11.546830177307129,-12.296830177307129,32
test,0,The strange [wug],The strange [wugs],-15.391824722290039,-16.76682472229004,-15.551887512207031,-13.301887512207031,-14.412142753601074,-13.787142753601074,32
test,1,The strange [wugs],The strange [wug],-13.301887512207031,-15.551887512207031,-16.76682472229004,-15.391824722290039,-15.294747352600098,-16.544748306274414,32
test,0,The bold [wug],The bold [wugs],-10.806543350219727,-10.931543350219727,-13.759897232055664,-9.697397232055664,-12.345966339111328,-10.283466339111328,32
test,1,The bold [wugs],The bold [wug],-9.697397232055664,-13.759897232055664,-10.931543350219727,-10.806543350219727,-9.609330177307129,-12.671830177307129,32
test,0,The wary [wug],The wary [wugs],-17.14974021911621,-18.30599021911621,-17.56056785583496,-15.966817855834961,-17.375423431396484,-16.687923431396484,32
test,1,The wary [wugs],The wary [wug],-15.966817855834961,-17.56056785583496,-18.30599021911621,-17.14974021911621,-17.301725387573242,-18.114225387573242,32
test,0,The lively [wug],The lively [wugs],-12.594456672668457,-16.34445571899414,-14.619885444641113,-12.932385444641113,-13.136530876159668,-13.949030876159668,32
test,1,The lively [wugs],The lively [wug],-12.932385444641113,-14.619885444641113,-16.34445571899414,-12.594456672668457,-14.657388687133789,-14.844888687133789,32
test,0,The gentle [wug],The gentle [wugs],-14.944724082946777,-15.444724082946777,-16.7489070892334,-14.436408042907715,-16.047073364257812,-14.859574317932129,32
test,1,The gentle [wugs],The gentle [wug],-14.436408042907715,-16.7489070892334,-15.444724082946777,-14.944724082946777,-15.339310646057129,-16.526811599731445,32
test,0,The gentle [wug],The gentle [wugs],-15.069724082946777,-15.944724082946777,-16.2489070892334,-13.373908042907715,-15.547074317932129,-13.797074317932129,32
test,1,The gentle [wugs],The gentle [wug],-13.373908042907715,-16.2489070892334,-15.944724082946777,-15.069724082946777,-15.464310646057129,-16.589311599731445,32
test,0,The spotted [wug],The spotted [wugs],-15.329451560974121,-17.516952514648438,-16.785228729248047,-11.910229682922363,-14.655384063720703,-12.155384063720703,32
test,1,The spotted [wugs],The spotted [wug],-11.910229682922363,-16.785228729248047,-17.516952514648438,-15.329451560974121,-16.22054672241211,-17.96273422241211,32
test,0,The restless [wug],The restless [wugs],-14.728647232055664,-16.603647232055664,-16.229097366333008,-13.604097366333008,-15.09605884552002,-14.22105884552002,32
test,1,The restless [wugs],The restless [wug],-13.604097366333008,-16.229097366333008,-16.603647232055664,-14.728647232055664,-15.562270164489746,-16.624771118164062,32
test,0,The tiny [wug],The tiny [wugs],-15.87479019165039,-16.68729019165039,-18.93173599243164,-16.83798599243164,-18.109647750854492,-17.109647750854492,32
test,1,The tiny [wugs],The tiny [wug],-16.83798599243164,-18.93173599243164,-16.68729019165039,-15.87479019165039,-16.218835830688477,-16.781335830688477,32
test,0,The bold [wug],The bold [wugs],-15.056543350219727,-16.244043350219727,-16.572397232055664,-13.947397232055664,-15.158466339111328,-14.220966339111328,32
test,1,The bold [wugs],The bold [wug],-13.947397232055664,-16.572397232055664,-16.244043350219727,-15.056543350219727,-15.984330177307129,-17.171829223632812,32
test,0,The clever [wug],The clever [wugs],-10.304723739624023,-11.304723739624023,-17.491653442382812,-14.804152488708496,-15.957903861999512,-15.332903861999512,32
test,1,The clever [wugs],The clever [wug],-14.804152488708496,-17.491653442382812,-11.304723739624023,-10.304723739624023,-10.812699317932129,-12.125199317932129,32
test,0,The graceful [wug],The graceful [wugs],-14.037178039550781,-17.44342803955078,-18.64272117614746,-14.642722129821777,-17.080087661743164,-15.142586708068848,32
test,1,The graceful [wugs],The graceful [wug],-14.642722129821777,-18.64272117614746,-17.44342803955078,-14.037178039550781,-16.165874481201172,-16.603374481201172,32
test,0,The clumsy [wug],The clumsy [wugs],-12.373245239257812,-13.623245239257812,-14.95731258392334,-12.58231258392334,-14.175168991088867,-13.112668991088867,32
test,1,The clumsy [wugs],The clumsy [wug],-12.58231258392334,-14.95731258392334,-13.623245239257812,-12.373245239257812,-13.032113075256348,-14.157113075256348,32
test,0,The tiny [wug],The tiny [wugs],-15.56229019165039,-17.68729019165039,-16.96298599243164,-15.775486946105957,-16.109647750854492,-16.172147750854492,32
test,1,The tiny [wugs],The tiny [wug],-15.775486946105957,-16.96298599243164,-17.68729019165039,-15.56229019165039,-17.031335830688477,-16.468835830688477,32
test,0,The lively [wug],The lively [wugs],-14.531956672668457,-17.40695571899414,-17.151134490966797,-15.807385444641113,-15.886530876159668,-16.07402992248535,32
test,1,The lively [wugs],The lively [wug],-15.807385444641113,-17.151134490966797,-17.40695571899414,-14.531956672668457,-16.71988868713379,-15.969888687133789,32
test,0,The restless [wug],The restless [wugs],-16.541147232055664,-20.322397232055664,-18.635347366333008,-15.166597366333008,-17.096057891845703,-15.65855884552002,32
test,1,The restless [wugs],The restless [wug],-15.166597366333008,-18.635347366333008,-20.322397232055664,-16.541147232055664,-18.374771118164062,-18.562271118164062,32
test,0,The gentle [wug],The gentle [wugs],-14.757224082946777,-17.00722312927246,-15.811408042907715,-13.248908042907715,-14.609574317932129,-13.922074317932129,32
test,1,The gentle [wugs],The gentle [wug],-13.248908042907715,-15.811408042907715,-17.00722312927246,-14.757224082946777,-16.526811599731445,-17.089311599731445,32
test,0,The bold [wug],The bold [wugs],-12.869043350219727,-13.931543350219727,-14.009897232055664,-11.759897232055664,-12.908466339111328,-12.220966339111328,32
test,1,The bold [wugs],The bold [wug],-11.759897232055664,-14.009897232055664,-13.931543350219727,-12.869043350219727,-12.921830177307129,-14.671830177307129,32
test,0,The wary [wug],The wary [wugs],-12.368491172790527,-16.99349021911621,-15.091817855834961,-13.529317855834961,-13.937923431396484,-14.187923431396484,32
test,1,The wary [wugs],The wary [wug],-13.529317855834961,-15.091817855834961,-16.99349021911621,-12.368491172790527,-14.864226341247559,-15.364226341247559,32
test,0,The clever [wug],The clever [wugs],-10.992223739624023,-15.054723739624023,-14.679152488708496,-11.429152488708496,-12.957903861999512,-12.020403861999512,32
test,1,The clever [wugs],The clever [wug],-11.429152488708496,-14.679152488708496,-15.054723739624023,-10.992223739624023,-12.875199317932129,-12.500199317932129,32
test,0,The round [wug],The round [wugs],-17.01534080505371,-19.64034080505371,-17.744176864624023,-14.900426864624023,-16.082590103149414,-15.145090103149414,32
test,1,The round [wugs],The round [wug],-14.900426864624023,-17.744176864624023,-19.64034080505371,-17.01534080505371,-18.219947814941406,-18.907447814941406,32
test,0,The lively [wug],The lively [wugs],-14.094456672668457,-14.594456672668457,-14.619885444641113,-10.807385444641113,-12.886530876159668,-11.324030876159668,32
test,1,The lively [wugs],The lively [wug],-10.807385444641113,-14.619885444641113,-14.594456672668457,-14.094456672668457,-14.532388687133789,-16.59488868713379,32
test,0,The gentle [wug],The gentle [wugs],-16.38222312927246,-19.60097312927246,-18.4051570892334,-14.998908042907715,-16.734573364257812,-15.234574317932129,32
test,1,The gentle [wugs],The gentle [wug],-14.998908042907715,-18.4051570892334,-19.60097312927246,-16.38222312927246,-17.526811599731445,-18.526811599731445,32
test,0,The strange [wug],The strange [wugs],-15.454324722290039,-18.01682472229004,-17.30188751220703,-13.489387512207031,-15.474642753601074,-14.037142753601074,32
test,1,The strange [wugs],The strange [wug],-13.489387512207031,-17.30188751220703,-18.01682472229004,-15.454324722290039,-15.482247352600098,-16.919748306274414,32
test,0,The lively [wug],The lively [wugs],-12.719456672668457,-15.406956672668457,-14.682385444641113,-10.557385444641113,-12.886530876159668,-11.636530876159668,32
test,1,The lively [wugs],The lively [wug],-10.557385444641113,-14.682385444641113,-15.406956672668457,-12.719456672668457,-13.844888687133789,-15.094888687133789,32
test,0,The clumsy [wug],The clumsy [wugs],-11.560745239257812,-15.560745239257812,-14.20731258392334,-10.89481258392334,-12.987668991088867,-11.237668991088867,32
test,1,The clumsy [wugs],The clumsy [wug],-10.89481258392334,-14.20731258392334,-15.560745239257812,-11.560745239257812,-13.219613075256348,-13.969613075256348,32
test,0,The spotted [wug],The spotted [wugs],-12.016951560974121,-13.298201560974121,-16.535228729248047,-12.097729682922363,-14.342884063720703,-12.280384063720703,32
test,1,The spotted [wugs],The spotted [wug],-12.097729682922363,-16.535228729248047,-13.298201560974121,-12.016951560974121,-12.31429672241211,-15.12679672241211,32
test,0,The curious [wug],The curious [wugs],-15.228276252746582,-16.353275299072266,-18.65961265563965,-16.00336265563965,-17.50937271118164,-16.32187271118164,32
test,1,The curious [wugs],The curious [wug],-16.00336265563965,-18.65961265563965,-16.353275299072266,-15.228276252746582,-16.30927276611328,-16.62177276611328,32
test,0,The shy [wug],The shy [wugs],-15.151308059692383,-16.713808059692383,-16.29288673400879,-14.105386734008789,-15.60252857208252,-14.66502857208252,32
test,1,The shy [wugs],The shy [wug],-14.105386734008789,-16.29288673400879,-16.713808059692383,-15.151308059692383,-17.258075714111328,-17.695575714111328,32
test,0,The restless [wug],The restless [wugs],-15.728647232055664,-17.416147232055664,-17.291597366333008,-14.604097366333008,-16.346057891845703,-15.28355884552002,32
test,1,The restless [wugs],The restless [wug],-14.604097366333008,-17.291597366333008,-17.416147232055664,-15.728647232055664,-17.249771118164062,-17.499771118164062,32
test,0,The gentle [wug],The gentle [wugs],-11.944724082946777,-15.069724082946777,-14.998908042907715,-13.373908042907715,-13.734574317932129,-13.922074317932129,32
test,1,The gentle [wugs],The gentle [wug],-13.373908042907715,-14.998908042907715,-15.069724082946777,-11.944724082946777,-14.401810646057129,-13.651810646057129,32
test,0,The bold [wug],The bold [wugs],-13.181543350219727,-15.494043350219727,-16.259897232055664,-13.822397232055664,-15.095966339111328,-14.033466339111328,32
test,1,The bold [wugs],The bold [wug],-13.822397232055664,-16.259897232055664,-15.494043350219727,-13.181543350219727,-14.921830177307129,-14.609330177307129,32
test,0,The gentle [wug],The gentle [wugs],-11.694724082946777,-14.132224082946777,-15.498908042907715,-13.561408042907715,-14.547074317932129,-14.359574317932129,32
test,1,The gentle [wugs],The gentle [wug],-13.561408042907715,-15.498908042907715,-14.132224082946777,-11.694724082946777,-13.339310646057129,-13.151810646057129,32
test,0,The fierce [wug],The fierce [wugs],-12.618098258972168,-13.868098258972168,-14.31789779663086,-10.50539779663086,-12.258014678955078,-11.008014678955078,32
test,1,The fierce [wugs],The fierce [wug],-10.50539779663086,-14.31789779663086,-13.868098258972168,-12.618098258972168,-13.380507469177246,-15.068007469177246,32
test,0,The sturdy [wug],The sturdy [wugs],-12.940808296203613,-15.909558296203613,-16.99637794494629,-13.246377944946289,-15.194540023803711,-13.694540023803711,32
test,1,The sturdy [wugs],The sturdy [wug],-13.246377944946289,-16.99637794494629,-15.909558296203613,-12.940808296203613,-14.495858192443848,-15.620858192443848,32
test,0,The sturdy [wug],The sturdy [wugs],-14.190808296203613,-14.565808296203613,-15.746377944946289,-13.996377944946289,-14.757040023803711,-14.194540023803711,32
test,1,The sturdy [wugs],The sturdy [wug],-13.996377944946289,-15.746377944946289,-14.565808296203613,-14.190808296203613,-14.058358192443848,-15.370858192443848,32
test,0,The wary [wug],The wary [wugs],-13.993491172790527,-15.368491172790527,-15.966817855834961,-13.341817855834961,-15.125423431396484,-13.750423431396484,32
test,1,The wary [wugs],The wary [wug],-13.341817855834961,-15.966817855834961,-15.368491172790527,-13.993491172790527,-14.489226341247559,-16.176725387573242,32
test,0,The fierce [wug],The fierce [wugs],-13.868098258972168,-16.89934730529785,-17.44289779663086,-13.50539779663086,-15.258014678955078,-14.008014678955078,32
test,1,The fierce [wugs],The fierce [wug],-13.50539779663086,-17.44289779663086,-16.89934730529785,-13.868098258972168,-14.880507469177246,-16.130508422851562,32
test,0,The shy [wug],The shy [wugs],-15.338808059692383,-16.838808059692383,-18.26163673400879,-16.73038673400879,-17.477529525756836,-16.977529525756836,32
test,1,The shy [wugs],The shy [wug],-16.73038673400879,-18.26163673400879,-16.838808059692383,-15.338808059692383,-16.820575714111328,-17.008075714111328,32
test,0,The clever [wug],The clever [wugs],-12.554723739624023,-14.742223739624023,-16.554153442382812,-12.241652488708496,-14.332903861999512,-12.832903861999512,32
test,1,The clever [wugs],The clever [wug],-12.241652488708496,-16.554153442382812,-14.742223739624023,-12.554723739624023,-13.437699317932129,-14.375199317932129,32
test,0,The fierce [wug],The fierce [wugs],-4.61809778213501,-11.180598258972168,-8.44289779663086,-3.4428975582122803,-5.44551420211792,-4.19551420211792,32
test,1,The fierce [wugs],The fierce [wug],-3.4428975582122803,-8.44289779663086,-11.180598258972168,-4.61809778213501,-5.755507469177246,-7.130507469177246,32
test,0,The gentle [wug],The gentle [wugs],-12.069724082946777,-15.319724082946777,-14.686408042907715,-11.061408042907715,-13.047074317932129,-11.859574317932129,32
test,1,The gentle [wugs],The gentle [wug],-11.061408042907715,-14.686408042907715,-15.319724082946777,-12.069724082946777,-13.401810646057129,-14.214310646057129,32
test,0,The curious [wug],The curious [wugs],-16.915775299072266,-18.540775299072266,-21.75336265563965,-18.09711265563965,-20.47812271118164,-18.66562271118164,32
test,1,The curious [wugs],The curious [wug],-18.09711265563965,-21.75336265563965,-18.540775299072266,-16.915775299072266,-17.68427276611328,-18.27802276611328,32
test,0,The curious [wug],The curious [wugs],-14.790776252746582,-16.165775299072266,-19.28461265563965,-17.87836265563965,-18.50937271118164,-18.38437271118164,32
test,1,The curious [wugs],The curious [wug],-17.87836265563965,-19.28461265563965,-16.165775299072266,-14.790776252746582,-15.621772766113281,-15.496772766113281,32
test,0,The round [wug],The round [wugs],-16.85909080505371,-21.12471580505371,-18.681676864624023,-14.525426864624023,-17.145090103149414,-15.020090103149414,32
test,1,The round [wugs],The round [wug],-14.525426864624023,-18.681676864624023,-21.12471580505371,-16.85909080505371,-18.001197814941406,-18.094947814941406,32
test,0,The clumsy [wug],The clumsy [wugs],-14.623245239257812,-15.998245239257812,-15.01981258392334,-12.33231258392334,-13.987668991088867,-12.737668991088867,32
test,1,The clumsy [wugs],The clumsy [wug],-12.33231258392334,-15.01981258392334,-15.998245239257812,-14.623245239257812,-14.657113075256348,-16.96961212158203,32
test,0,The tiny [wug],The tiny [wugs],-17.68729019165039,-19.59354019165039,-18.30673599243164,-15.525486946105957,-16.922147750854492,-16.109647750854492,32
test,1,The tiny [wugs],The tiny [wug],-15.525486946105957,-18.30673599243164,-19.59354019165039,-17.68729019165039,-18.531335830688477,-19.343835830688477,32
test,0,The shy [wug],The shy [wugs],-17.463808059692383,-18.838808059692383,-18.88663673400879,-16.29288673400879,-17.633779525756836,-16.977529525756836,32
test,1,The shy [wugs],The shy [wug],-16.29288673400879,-18.88663673400879,-18.838808059692383,-17.463808059692383,-17.758075714111328,-19.070575714111328,32
test,0,The wary [wug],The wary [wugs],-13.680991172790527,-15.868491172790527,-16.65431785583496,-12.341817855834961,-15.250423431396484,-13.000423431396484,32
test,1,The wary [wugs],The wary [wug],-12.341817855834961,-16.65431785583496,-15.868491172790527,-13.680991172790527,-13.676726341247559,-16.301725387573242,32
test,0,The lively [wug],The lively [wugs],-14.031956672668457,-16.15695571899414,-13.807385444641113,-12.619885444641113,-13.324030876159668,-13.261530876159668,32
test,1,The lively [wugs],The lively [wug],-12.619885444641113,-13.807385444641113,-16.15695571899414,-14.031956672668457,-16.03238868713379,-15.782388687133789,32
test,0,The sturdy [wug],The sturdy [wugs],-13.940808296203613,-15.003308296203613,-16.55887794494629,-14.183877944946289,-15.257040023803711,-14.257040023803711,32
test,1,The sturdy [wugs],The sturdy [wug],-14.183877944946289,-16.55887794494629,-15.003308296203613,-13.940808296203613,-14.933358192443848,-15.652108192443848,32
test,0,The curious [wug],The curious [wugs],-14.790776252746582,-16.290775299072266,-18.03461265563965,-13.003362655639648,-16.19687271118164,-13.63437271118164,32
test,1,The curious [wugs],The curious [wug],-13.003362655639648,-18.03461265563965,-16.290775299072266,-14.790776252746582,-14.809272766113281,-16.49677276611328,32
test,0,The sturdy [wug],The sturdy [wugs],-15.003308296203613,-15.253308296203613,-15.871377944946289,-13.933877944946289,-14.382040023803711,-14.319540023803711,32
test,1,The sturdy [wugs],The sturdy [wug],-13.933877944946289,-15.871377944946289,-15.253308296203613,-15.003308296203613,-14.558358192443848,-16.62085723876953,32
test,0,The fierce [wug],The fierce [wugs],-13.555598258972168,-13.930598258972168,-16.00539779663086,-11.88039779663086,-14.383014678955078,-12.383014678955078,32
test,1,The fierce [wugs],The fierce [wug],-11.88039779663086,-16.00539779663086,-13.930598258972168,-13.555598258972168,-13.068007469177246,-15.693007469177246,32
test,0,The restless [wug],The restless [wugs],-12.478647232055664,-14.916147232055664,-15.979097366333008,-11.666597366333008,-14.28355884552002,-12.34605884552002,32
test,1,The restless [wugs],The restless [wug],-11.666597366333008,-15.979097366333008,-14.916147232055664,-12.478647232055664,-13.312270164489746,-14.687270164489746,32
test,0,The clumsy [wug],The clumsy [wugs],-13.435745239257812,-16.248245239257812,-15.64481258392334,-12.89481258392334,-14.737668991088867,-13.425168991088867,32
test,1,The clumsy [wugs],The clumsy [wug],-12.89481258392334,-15.64481258392334,-16.248245239257812,-13.435745239257812,-15.657113075256348,-15.782113075256348,32
test,0,The lively [wug],The lively [wugs],-13.844456672668457,-15.406956672668457,-14.119885444641113,-10.057385444641113,-12.824030876159668,-11.136530876159668,32
test,1,The lively [wugs],The lively [wug],-10.057385444641113,-14.119885444641113,-15.406956672668457,-13.844456672668457,-14.469888687133789,-16.03238868713379,32
test,0,The clever [wug],The clever [wugs],-16.429723739624023,-16.867223739624023,-18.022903442382812,-13.116652488708496,-16.395404815673828,-13.770403861999512,32
test,1,The clever [wugs],The clever [wug],-13.116652488708496,-18.022903442382812,-16.867223739624023,-16.429723739624023,-16.000198364257812,-18.281448364257812,32
