split,inverse,source_input,base_input,source_logp_A,source_logp_B,base_logp_A,base_logp_B,base_intervention_logp_A,base_intervention_logp_B,n_nodes
train,0,The fuzzy monitor past the rocks beneath the chairs,The fuzzy monitors past the rock beneath the chair,-13.270052909851074,-17.27005386352539,-16.846818923950195,-15.596817970275879,-16.150753021240234,-17.088253021240234,128
train,1,The fuzzy monitors past the rock beneath the chair,The fuzzy monitor past the rocks beneath the chairs,-15.596817970275879,-16.846818923950195,-17.27005386352539,-13.270052909851074,-14.343343734741211,-14.593343734741211,128
train,0,The slender monitor beneath the logs around the columns,The slender monitors beneath the log around the column,-2.68845796585083,-5.81345796585083,-6.485278129577637,-1.9852781295776367,-4.192260265350342,-3.192260503768921,128
train,1,The slender monitors beneath the log around the column,The slender monitor beneath the logs around the columns,-1.9852781295776367,-6.485278129577637,-5.81345796585083,-2.68845796585083,-2.653637409210205,-3.653637409210205,128
train,0,The timid panda past the barrels beneath the statues,The timid pandas past the barrel beneath the statue,-7.7697529792785645,-9.769752502441406,-9.912375450134277,-8.662375450134277,-9.401365280151367,-11.401365280151367,128
train,1,The timid pandas past the barrel beneath the statue,The timid panda past the barrels beneath the statues,-8.662375450134277,-9.912375450134277,-9.769752502441406,-7.7697529792785645,-7.898822784423828,-8.648822784423828,128
train,0,The fuzzy lion behind the crates past the barrels,The fuzzy lions behind the crate past the barrel,-17.150115966796875,-19.712615966796875,-18.23458480834961,-17.01583480834961,-17.759357452392578,-18.509357452392578,128
train,1,The fuzzy lions behind the crate past the barrel,The fuzzy lion behind the crates past the barrels,-17.01583480834961,-18.23458480834961,-19.712615966796875,-17.150115966796875,-17.64591407775879,-17.83341407775879,128
train,0,The slender shark outside the pots behind the pans,The slender sharks outside the pot behind the pan,-4.453072547912598,-9.203072547912598,-5.174036502838135,-4.174036502838135,-3.9832334518432617,-7.733233451843262,128
train,1,The slender sharks outside the pot behind the pan,The slender shark outside the pots behind the pans,-4.174036502838135,-5.174036502838135,-9.203072547912598,-4.453072547912598,-4.849854469299316,-5.474854469299316,128
train,0,The calm kitten around the columns outside the towers,The calm kittens around the column outside the tower,-5.233323097229004,-9.545823097229004,-5.817519187927246,-3.067519426345825,-4.365492343902588,-5.740492343902588,128
train,1,The calm kittens around the column outside the tower,The calm kitten around the columns outside the towers,-3.067519426345825,-5.817519187927246,-9.545823097229004,-5.233323097229004,-5.201895236968994,-5.826895236968994,128
train,0,The nervous rat outside the clocks behind the plants,The nervous rats outside the clock behind the plant,-8.753030776977539,-12.815530776977539,-10.139888763427734,-6.389888763427734,-8.258258819580078,-8.883258819580078,128
train,1,The nervous rats outside the clock behind the plant,The nervous rat outside the clocks behind the plants,-6.389888763427734,-10.139888763427734,-12.815530776977539,-8.753030776977539,-8.129712104797363,-9.754712104797363,128
train,0,The small rabbit beneath the boilers around the tanks,The small rabbits beneath the boiler around the tank,-12.56600284576416,-15.69100284576416,-16.453649520874023,-13.609899520874023,-14.461993217468262,-14.649493217468262,128
train,1,The small rabbits beneath the boiler around the tank,The small rabbit beneath the boilers around the tanks,-13.609899520874023,-16.453649520874023,-15.69100284576416,-12.56600284576416,-13.07525634765625,-13.70025634765625,128
train,0,The quiet chick outside the pipes behind the valves,The quiet chicks outside the pipe behind the valve,-14.017498970031738,-15.017498970031738,-14.195399284362793,-11.570399284362793,-13.622563362121582,-12.435063362121582,128
train,1,The quiet chicks outside the pipe behind the valve,The quiet chick outside the pipes behind the valves,-11.570399284362793,-14.195399284362793,-15.017498970031738,-14.017498970031738,-13.586065292358398,-14.586065292358398,128
train,0,The sleepy whale around the columns outside the towers,The sleepy whales around the column outside the tower,-14.978121757507324,-15.790621757507324,-15.135506629943848,-12.323006629943848,-14.815878868103027,-13.940878868103027,128
train,1,The sleepy whales around the column outside the tower,The sleepy whale around the columns outside the towers,-12.323006629943848,-15.135506629943848,-15.790621757507324,-14.978121757507324,-13.522337913513184,-15.209837913513184,128
train,0,The sleepy pup beneath the milestones around the thresholds,The sleepy pups beneath the milestone around the threshold,-15.158909797668457,-15.908909797668457,-17.949012756347656,-13.04276180267334,-16.367277145385742,-13.773526191711426,128
train,1,The sleepy pups beneath the milestone around the threshold,The sleepy pup beneath the milestones around the thresholds,-13.04276180267334,-17.949012756347656,-15.908909797668457,-15.158909797668457,-14.14741039276123,-16.459911346435547,128
train,0,The nervous rabbit behind the windows past the crates,The nervous rabbits behind the window past the crate,-16.97080421447754,-18.53330421447754,-17.612464904785156,-15.799964904785156,-17.15125274658203,-17.52625274658203,128
train,1,The nervous rabbits behind the window past the crate,The nervous rabbit behind the windows past the crates,-15.799964904785156,-17.612464904785156,-18.53330421447754,-16.97080421447754,-16.681381225585938,-17.525131225585938,128
train,0,The quiet dog past the barrels beneath the statues,The quiet dogs past the barrel beneath the statue,-17.00965118408203,-18.38465118408203,-17.114940643310547,-16.114940643310547,-16.61054039001465,-16.86054039001465,128
train,1,The quiet dogs past the barrel beneath the statue,The quiet dog past the barrels beneath the statues,-16.114940643310547,-17.114940643310547,-18.38465118408203,-17.00965118408203,-17.449363708496094,-17.449363708496094,128
train,0,The quiet dolphin beneath the chairs around the carts,The quiet dolphins beneath the chair around the cart,-15.012248039245605,-15.574748039245605,-16.735837936401367,-15.329587936401367,-16.41398811340332,-15.88273811340332,128
train,1,The quiet dolphins beneath the chair around the cart,The quiet dolphin beneath the chairs around the carts,-15.329587936401367,-16.735837936401367,-15.574748039245605,-15.012248039245605,-14.586770057678223,-16.02427101135254,128
train,0,The timid cow outside the tables behind the houses,The timid cows outside the table behind the house,-13.370433807373047,-15.120433807373047,-15.210945129394531,-12.773445129394531,-15.11017894744873,-14.23517894744873,128
train,1,The timid cows outside the table behind the house,The timid cow outside the tables behind the houses,-12.773445129394531,-15.210945129394531,-15.120433807373047,-13.370433807373047,-12.938246726989746,-14.500746726989746,128
train,0,The small whale around the tanks outside the pipes,The small whales around the tank outside the pipe,-5.765940189361572,-9.390939712524414,-6.701964378356934,-2.8269641399383545,-4.934208393096924,-5.434208393096924,128
train,1,The small whales around the tank outside the pipe,The small whale around the tanks outside the pipes,-2.8269641399383545,-6.701964378356934,-9.390939712524414,-5.765940189361572,-4.183917999267578,-6.183917999267578,128
train,0,The nervous shark outside the pipes behind the valves,The nervous sharks outside the pipe behind the valve,-7.134851932525635,-10.509851455688477,-7.8105363845825195,-4.8105363845825195,-6.285020351409912,-6.910020351409912,128
train,1,The nervous sharks outside the pipe behind the valve,The nervous shark outside the pipes behind the valves,-4.8105363845825195,-7.8105363845825195,-10.509851455688477,-7.134851932525635,-7.136141777038574,-8.386141777038574,128
train,0,The sleepy monitor around the belts outside the piles,The sleepy monitors around the belt outside the pile,-5.959638595581055,-7.209638595581055,-8.523221015930176,-2.8357205390930176,-5.920960903167725,-4.045960903167725,128
train,1,The sleepy monitors around the belt outside the pile,The sleepy monitor around the belts outside the piles,-2.8357205390930176,-8.523221015930176,-7.209638595581055,-5.959638595581055,-4.743320465087891,-7.618320465087891,128
train,0,The bright panda outside the benches behind the windows,The bright pandas outside the bench behind the window,-4.683354377746582,-7.558354377746582,-7.755661964416504,-3.380661964416504,-5.1926188468933105,-4.9426188468933105,128
train,1,The bright pandas outside the bench behind the window,The bright panda outside the benches behind the windows,-3.380661964416504,-7.755661964416504,-7.558354377746582,-4.683354377746582,-4.699881553649902,-5.949881553649902,128
train,0,The nervous chick past the screws beneath the boilers,The nervous chicks past the screw beneath the boiler,-7.758271217346191,-10.758271217346191,-7.4882283210754395,-6.4882283210754395,-6.598843574523926,-7.848843574523926,128
train,1,The nervous chicks past the screw beneath the boiler,The nervous chick past the screws beneath the boilers,-6.4882283210754395,-7.4882283210754395,-10.758271217346191,-7.758271217346191,-8.635409355163574,-8.385409355163574,128
train,0,The small dog beneath the trenches around the dams,The small dogs beneath the trench around the dam,-4.011024475097656,-8.011024475097656,-6.788815498352051,-1.9138156175613403,-4.073470115661621,-3.198469877243042,128
train,1,The small dogs beneath the trench around the dam,The small dog beneath the trenches around the dams,-1.9138156175613403,-6.788815498352051,-8.011024475097656,-4.011024475097656,-4.1744890213012695,-5.5494890213012695,128
train,0,The nervous rabbit beneath the chairs around the carts,The nervous rabbits beneath the chair around the cart,-4.951393127441406,-8.951393127441406,-7.524162769317627,-2.899162769317627,-4.514571666717529,-5.139571666717529,128
train,1,The nervous rabbits beneath the chair around the cart,The nervous rabbit beneath the chairs around the carts,-2.899162769317627,-7.524162769317627,-8.951393127441406,-4.951393127441406,-4.716218948364258,-6.341218948364258,128
train,0,The slender frog around the towers outside the cabins,The slender frogs around the tower outside the cabin,-6.169197082519531,-9.294197082519531,-7.136775493621826,-2.2617757320404053,-4.90201473236084,-3.90201473236084,128
train,1,The slender frogs around the tower outside the cabin,The slender frog around the towers outside the cabins,-2.2617757320404053,-7.136775493621826,-9.294197082519531,-6.169197082519531,-4.286518573760986,-6.786518573760986,128
train,0,The bright bat around the columns outside the towers,The bright bats around the column outside the tower,-3.6539978981018066,-6.653997898101807,-3.8804726600646973,-1.8804725408554077,-2.453794479370117,-4.328794479370117,128
train,1,The bright bats around the column outside the tower,The bright bat around the columns outside the towers,-1.8804725408554077,-3.8804726600646973,-6.653997898101807,-3.6539978981018066,-3.1776669025421143,-4.177666664123535,128
train,0,The timid rat around the benches outside the windows,The timid rats around the bench outside the window,-15.637103080749512,-17.293352127075195,-13.797141075134277,-9.859641075134277,-12.28341293334961,-11.15841293334961,128
train,1,The timid rats around the bench outside the window,The timid rat around the benches outside the windows,-9.859641075134277,-13.797141075134277,-17.293352127075195,-15.637103080749512,-14.629694938659668,-15.504694938659668,128
train,0,The quiet rat beneath the columns around the towers,The quiet rats beneath the column around the tower,-4.954251289367676,-8.954251289367676,-6.945499420166016,-3.9454994201660156,-5.144904136657715,-5.894904136657715,128
train,1,The quiet rats beneath the column around the tower,The quiet rat beneath the columns around the towers,-3.9454994201660156,-6.945499420166016,-8.954251289367676,-4.954251289367676,-5.24558162689209,-5.62058162689209,128
train,0,The small kit outside the piles behind the rushes,The small kits outside the pile behind the rush,-3.739279270172119,-7.239279270172119,-5.452604293823242,-4.827604293823242,-4.828854084014893,-7.078854084014893,128
train,1,The small kits outside the pile behind the rush,The small kit outside the piles behind the rushes,-4.827604293823242,-5.452604293823242,-7.239279270172119,-3.739279270172119,-3.652115821838379,-3.527115821838379,128
train,0,The bright shark behind the valves past the cables,The bright sharks behind the valve past the cable,-19.446443557739258,-20.383943557739258,-19.395009994506836,-18.551259994506836,-19.31047821044922,-19.52922821044922,128
train,1,The bright sharks behind the valve past the cable,The bright shark behind the valves past the cables,-18.551259994506836,-19.395009994506836,-20.383943557739258,-19.446443557739258,-19.197284698486328,-19.947284698486328,128
train,0,The nervous panda outside the clocks behind the plants,The nervous pandas outside the clock behind the plant,-17.81431770324707,-20.93931770324707,-18.9146728515625,-17.9459228515625,-18.315969467163086,-19.690969467163086,128
train,1,The nervous pandas outside the clock behind the plant,The nervous panda outside the clocks behind the plants,-17.9459228515625,-18.9146728515625,-20.93931770324707,-17.81431770324707,-19.12701416015625,-19.12701416015625,128
train,0,The slender dolphin past the logs beneath the columns,The slender dolphins past the log beneath the column,-14.698623657226562,-16.761123657226562,-17.012184143066406,-14.51218318939209,-15.94632625579834,-15.82132625579834,128
train,1,The slender dolphins past the log beneath the column,The slender dolphin past the logs beneath the columns,-14.51218318939209,-17.012184143066406,-16.761123657226562,-14.698623657226562,-14.387277603149414,-16.637277603149414,128
train,0,The fuzzy horse past the vines beneath the trenches,The fuzzy horses past the vine beneath the trench,-8.881807327270508,-12.069307327270508,-8.528539657592773,-8.153539657592773,-8.268797874450684,-10.081297874450684,128
train,1,The fuzzy horses past the vine beneath the trench,The fuzzy horse past the vines beneath the trenches,-8.153539657592773,-8.528539657592773,-12.069307327270508,-8.881807327270508,-9.7589111328125,-9.1339111328125,128
train,0,The calm lion around the tanks outside the pipes,The calm lions around the tank outside the pipe,-6.274105072021484,-9.274105072021484,-6.8616557121276855,-4.6116557121276855,-6.1709980964660645,-6.9209980964660645,128
train,1,The calm lions around the tank outside the pipe,The calm lion around the tanks outside the pipes,-4.6116557121276855,-6.8616557121276855,-9.274105072021484,-6.274105072021484,-5.553653717041016,-6.428653717041016,128
train,0,The calm shark past the crates beneath the barrels,The calm sharks past the crate beneath the barrel,-14.452986717224121,-15.765486717224121,-14.05118179321289,-13.05118179321289,-13.533175468444824,-13.970675468444824,128
train,1,The calm sharks past the crate beneath the barrel,The calm shark past the crates beneath the barrels,-13.05118179321289,-14.05118179321289,-15.765486717224121,-14.452986717224121,-14.391764640808105,-15.016764640808105,128
train,0,The timid dog beneath the columns around the towers,The timid dogs beneath the column around the tower,-12.903244018554688,-13.965744018554688,-15.302777290344238,-12.865277290344238,-14.70842170715332,-14.08342170715332,128
train,1,The timid dogs beneath the column around the tower,The timid dog beneath the columns around the towers,-12.865277290344238,-15.302777290344238,-13.965744018554688,-12.903244018554688,-12.474798202514648,-13.662298202514648,128
train,0,The small rabbit around the towers outside the cabins,The small rabbits around the tower outside the cabin,-17.274429321289062,-18.961929321289062,-19.07628059387207,-14.26378059387207,-16.45827865600586,-14.614529609680176,128
train,1,The small rabbits around the tower outside the cabin,The small rabbit around the towers outside the cabins,-14.26378059387207,-19.07628059387207,-18.961929321289062,-17.274429321289062,-15.765713691711426,-17.76571273803711,128
train,0,The small cock around the columns outside the towers,The small cocks around the column outside the tower,-4.401123523712158,-6.401123523712158,-4.869980335235596,-2.6199803352355957,-3.8243398666381836,-4.449339866638184,128
train,1,The small cocks around the column outside the tower,The small cock around the columns outside the towers,-2.6199803352355957,-4.869980335235596,-6.401123523712158,-4.401123523712158,-3.8182194232940674,-4.443219184875488,128
train,0,The calm horse beneath the boxes around the walls,The calm horses beneath the box around the wall,-13.790867805480957,-16.04086685180664,-15.661965370178223,-14.099465370178223,-14.841564178466797,-15.341564178466797,128
train,1,The calm horses beneath the box around the wall,The calm horse beneath the boxes around the walls,-14.099465370178223,-15.661965370178223,-16.04086685180664,-13.790867805480957,-14.488884925842285,-14.613884925842285,128
train,0,The timid dolphin beneath the chairs around the carts,The timid dolphins beneath the chair around the cart,-3.9657580852508545,-7.090758323669434,-7.951313018798828,-2.888812780380249,-5.219707012176514,-4.469707012176514,128
train,1,The timid dolphins beneath the chair around the cart,The timid dolphin beneath the chairs around the carts,-2.888812780380249,-7.951313018798828,-7.090758323669434,-3.9657580852508545,-3.708540201187134,-6.958540439605713,128
train,0,The slender turtle beneath the boilers around the tanks,The slender turtles beneath the boiler around the tank,-2.590848922729492,-6.340848922729492,-5.909886360168457,-1.9098862409591675,-3.5352675914764404,-3.1602675914764404,128
train,1,The slender turtles beneath the boiler around the tank,The slender turtle beneath the boilers around the tanks,-1.9098862409591675,-5.909886360168457,-6.340848922729492,-2.590848922729492,-2.2689967155456543,-3.8939967155456543,128
train,0,The small kit around the towers outside the cabins,The small kits around the tower outside the cabin,-13.555323600769043,-17.336572647094727,-15.482938766479492,-14.607938766479492,-14.410355567932129,-15.847855567932129,128
train,1,The small kits around the tower outside the cabin,The small kit around the towers outside the cabins,-14.607938766479492,-15.482938766479492,-17.336572647094727,-13.555323600769043,-15.505690574645996,-13.943190574645996,128
train,0,The calm monitor behind the bolts past the screws,The calm monitors behind the bolt past the screw,-8.518511772155762,-10.518511772155762,-7.857072830200195,-7.607072830200195,-7.570648193359375,-9.383148193359375,128
train,1,The calm monitors behind the bolt past the screw,The calm monitor behind the bolts past the screws,-7.607072830200195,-7.857072830200195,-10.518511772155762,-8.518511772155762,-8.898364067077637,-8.898364067077637,128
train,0,The fuzzy cow around the towers outside the cabins,The fuzzy cows around the tower outside the cabin,-4.003542900085449,-7.128542900085449,-6.6834564208984375,-2.8084564208984375,-5.0407538414001465,-4.0407538414001465,128
train,1,The fuzzy cows around the tower outside the cabin,The fuzzy cow around the towers outside the cabins,-2.8084564208984375,-6.6834564208984375,-7.128542900085449,-4.003542900085449,-3.3664870262145996,-5.1164870262146,128
train,0,The small rabbit beneath the milestones around the thresholds,The small rabbits beneath the milestone around the threshold,-4.322542190551758,-6.947542190551758,-7.801724910736084,-3.426724910736084,-5.70745849609375,-4.70745849609375,128
train,1,The small rabbits beneath the milestone around the threshold,The small rabbit beneath the milestones around the thresholds,-3.426724910736084,-7.801724910736084,-6.947542190551758,-4.322542190551758,-4.355106353759766,-5.980106353759766,128
train,0,The timid doe outside the tables behind the houses,The timid does outside the table behind the house,-13.81119155883789,-14.56119155883789,-19.902931213378906,-19.090431213378906,-19.867441177368164,-19.242441177368164,128
train,1,The timid does outside the table behind the house,The timid doe outside the tables behind the houses,-19.090431213378906,-19.902931213378906,-14.56119155883789,-13.81119155883789,-14.274134635925293,-13.961634635925293,128
train,0,The quiet dog outside the pipes behind the valves,The quiet dogs outside the pipe behind the valve,-12.951963424682617,-14.576963424682617,-11.60413646697998,-10.22913646697998,-11.455513000488281,-10.893013000488281,128
train,1,The quiet dogs outside the pipe behind the valve,The quiet dog outside the pipes behind the valves,-10.22913646697998,-11.60413646697998,-14.576963424682617,-12.951963424682617,-13.356003761291504,-12.918503761291504,128
train,0,The slender dog behind the cars past the boxes,The slender dogs behind the car past the box,-6.0328474044799805,-9.15784740447998,-8.316655158996582,-5.06665563583374,-7.301307678222656,-7.301307678222656,128
train,1,The slender dogs behind the car past the box,The slender dog behind the cars past the boxes,-5.06665563583374,-8.316655158996582,-9.15784740447998,-6.0328474044799805,-6.654038906097412,-6.779038906097412,128
train,0,The bright turtle outside the piles behind the rushes,The bright turtles outside the pile behind the rush,-5.31739616394043,-8.69239616394043,-6.967972278594971,-4.967972278594971,-5.632121562957764,-7.069621562957764,128
train,1,The bright turtles outside the pile behind the rush,The bright turtle outside the piles behind the rushes,-4.967972278594971,-6.967972278594971,-8.69239616394043,-5.31739616394043,-4.218843460083008,-6.093843460083008,128
train,0,The calm kitten beneath the milestones around the thresholds,The calm kittens beneath the milestone around the threshold,-5.427873611450195,-8.802873611450195,-7.222303867340088,-4.722303867340088,-5.637621879577637,-6.262621879577637,128
train,1,The calm kittens beneath the milestone around the threshold,The calm kitten beneath the milestones around the thresholds,-4.722303867340088,-7.222303867340088,-8.802873611450195,-5.427873611450195,-5.979952335357666,-6.479952335357666,128
train,0,The bright monitor beneath the logs around the columns,The bright monitors beneath the log around the column,-11.540430068969727,-14.540430068969727,-13.739121437072754,-12.364121437072754,-12.690557479858398,-12.940557479858398,128
train,1,The bright monitors beneath the log around the column,The bright monitor beneath the logs around the columns,-12.364121437072754,-13.739121437072754,-14.540430068969727,-11.540430068969727,-12.690689086914062,-13.690689086914062,128
train,0,The quiet kitten behind the signs past the nests,The quiet kittens behind the sign past the nest,-15.418660163879395,-17.98116111755371,-16.881832122802734,-15.194332122802734,-16.04835319519043,-16.61085319519043,128
train,1,The quiet kittens behind the sign past the nest,The quiet kitten behind the signs past the nests,-15.194332122802734,-16.881832122802734,-17.98116111755371,-15.418660163879395,-16.040355682373047,-16.790355682373047,128
train,0,The small lion behind the bolts past the screws,The small lions behind the bolt past the screw,-7.634761810302734,-10.572261810302734,-8.379109382629395,-5.941608905792236,-7.292479991912842,-7.667479991912842,128
train,1,The small lions behind the bolt past the screw,The small lion behind the bolts past the screws,-5.941608905792236,-8.379109382629395,-10.572261810302734,-7.634761810302734,-7.5107879638671875,-8.760787963867188,128
train,0,The fuzzy rat around the carts outside the benches,The fuzzy rats around the cart outside the bench,-3.9264047145843506,-5.9264044761657715,-6.868378162384033,-1.868377923965454,-4.301717281341553,-3.1767172813415527,128
train,1,The fuzzy rats around the cart outside the bench,The fuzzy rat around the carts outside the benches,-1.868377923965454,-6.868378162384033,-5.9264044761657715,-3.9264047145843506,-3.2844300270080566,-5.034430027008057,128
train,0,The slender lion outside the piles behind the rushes,The slender lions outside the pile behind the rush,-14.314590454101562,-17.127090454101562,-14.101828575134277,-13.320578575134277,-13.532262802124023,-13.344762802124023,128
train,1,The slender lions outside the pile behind the rush,The slender lion outside the piles behind the rushes,-13.320578575134277,-14.101828575134277,-17.127090454101562,-14.314590454101562,-15.184866905212402,-15.684866905212402,128
train,0,The fuzzy lion behind the valves past the cables,The fuzzy lions behind the valve past the cable,-8.254531860351562,-11.754531860351562,-7.784544467926025,-6.284544467926025,-7.392452239990234,-9.017452239990234,128
train,1,The fuzzy lions behind the valve past the cable,The fuzzy lion behind the valves past the cables,-6.284544467926025,-7.784544467926025,-11.754531860351562,-8.254531860351562,-8.629914283752441,-8.879914283752441,128
train,0,The nervous kit behind the windows past the crates,The nervous kits behind the window past the crate,-7.5135016441345215,-10.38850212097168,-7.278139591217041,-6.903139591217041,-6.77009916305542,-9.020098686218262,128
train,1,The nervous kits behind the window past the crate,The nervous kit behind the windows past the crates,-6.903139591217041,-7.278139591217041,-10.38850212097168,-7.5135016441345215,-8.395737648010254,-7.395738124847412,128
train,0,The nervous turtle behind the rushes past the vines,The nervous turtles behind the rush past the vine,-10.586722373962402,-11.711722373962402,-8.000359535217285,-7.062859535217285,-7.723412990570068,-8.660913467407227,128
train,1,The nervous turtles behind the rush past the vine,The nervous turtle behind the rushes past the vines,-7.062859535217285,-8.000359535217285,-11.711722373962402,-10.586722373962402,-9.902533531188965,-10.277533531188965,128
train,0,The nervous dog beneath the columns around the towers,The nervous dogs beneath the column around the tower,-4.734496593475342,-8.9219970703125,-6.587662220001221,-3.4626622200012207,-5.180059909820557,-5.180059909820557,128
train,1,The nervous dogs beneath the column around the tower,The nervous dog beneath the columns around the towers,-3.4626622200012207,-6.587662220001221,-8.9219970703125,-4.734496593475342,-5.284449577331543,-5.284449577331543,128
train,0,The small kit around the walls outside the tables,The small kits around the wall outside the table,-4.115684986114502,-6.240684986114502,-6.249654293060303,-3.6246540546417236,-5.066215515136719,-5.316215515136719,128
train,1,The small kits around the wall outside the table,The small kit around the walls outside the tables,-3.6246540546417236,-6.249654293060303,-6.240684986114502,-4.115684986114502,-3.6025922298431396,-4.227592468261719,128
train,0,The sleepy monitor beneath the boxes around the walls,The sleepy monitors beneath the box around the wall,-5.09274959564209,-8.34274959564209,-7.037915229797363,-3.912914991378784,-5.705105781555176,-5.455105781555176,128
train,1,The sleepy monitors beneath the box around the wall,The sleepy monitor beneath the boxes around the walls,-3.912914991378784,-7.037915229797363,-8.34274959564209,-5.09274959564209,-5.375338554382324,-5.625338554382324,128
train,0,The nervous shark around the thresholds outside the drums,The nervous sharks around the threshold outside the drum,-18.542255401611328,-18.948505401611328,-16.860021591186523,-14.203771591186523,-15.778162956237793,-15.309412956237793,128
train,1,The nervous sharks around the threshold outside the drum,The nervous shark around the thresholds outside the drums,-14.203771591186523,-16.860021591186523,-18.948505401611328,-18.542255401611328,-17.209918975830078,-19.366168975830078,128
train,0,The quiet panda behind the signs past the nests,The quiet pandas behind the sign past the nest,-13.584406852722168,-15.396906852722168,-14.444096565246582,-12.569096565246582,-13.73073959350586,-14.66823959350586,128
train,1,The quiet pandas behind the sign past the nest,The quiet panda behind the signs past the nests,-12.569096565246582,-14.444096565246582,-15.396906852722168,-13.584406852722168,-12.538159370422363,-14.288159370422363,128
train,0,The calm panda around the tanks outside the pipes,The calm pandas around the tank outside the pipe,-6.392053127288818,-9.14205265045166,-6.80702543258667,-5.30702543258667,-6.403814315795898,-7.653814315795898,128
train,1,The calm pandas around the tank outside the pipe,The calm panda around the tanks outside the pipes,-5.30702543258667,-6.80702543258667,-9.14205265045166,-6.392053127288818,-6.279382705688477,-6.779382705688477,128
train,0,The bright rat behind the pans past the cars,The bright rats behind the pan past the car,-8.382101058959961,-11.319601058959961,-7.55538272857666,-6.18038272857666,-6.899381637573242,-10.086881637573242,128
train,1,The bright rats behind the pan past the car,The bright rat behind the pans past the cars,-6.18038272857666,-7.55538272857666,-11.319601058959961,-8.382101058959961,-9.008149147033691,-9.258149147033691,128
train,0,The fuzzy bat behind the clocks past the plants,The fuzzy bats behind the clock past the plant,-15.695886611938477,-17.758386611938477,-16.13677215576172,-16.01177215576172,-15.882916450500488,-17.257915496826172,128
train,1,The fuzzy bats behind the clock past the plant,The fuzzy bat behind the clocks past the plants,-16.01177215576172,-16.13677215576172,-17.758386611938477,-15.695886611938477,-15.635491371154785,-16.8229923248291,128
train,0,The timid rat behind the signs past the nests,The timid rats behind the sign past the nest,-5.953575611114502,-8.70357608795166,-9.175976753234863,-4.050976753234863,-6.359430313110352,-5.734430313110352,128
train,1,The timid rats behind the sign past the nest,The timid rat behind the signs past the nests,-4.050976753234863,-9.175976753234863,-8.70357608795166,-5.953575611114502,-5.2196879386901855,-7.4696879386901855,128
train,0,The timid cow around the benches outside the windows,The timid cows around the bench outside the window,-12.290647506713867,-13.353147506713867,-13.808212280273438,-9.433212280273438,-12.753711700439453,-10.191211700439453,128
train,1,The timid cows around the bench outside the window,The timid cow around the benches outside the windows,-9.433212280273438,-13.808212280273438,-13.353147506713867,-12.290647506713867,-11.393209457397461,-12.768209457397461,128
train,0,The slender bat behind the cabins past the signs,The slender bats behind the cabin past the sign,-6.9172749519348145,-9.042275428771973,-8.3808012008667,-6.380801200866699,-7.250957012176514,-8.188457489013672,128
train,1,The slender bats behind the cabin past the sign,The slender bat behind the cabins past the signs,-6.380801200866699,-8.3808012008667,-9.042275428771973,-6.9172749519348145,-6.668700218200684,-8.293700218200684,128
train,0,The quiet pup around the thresholds outside the drums,The quiet pups around the threshold outside the drum,-7.403346538543701,-9.84084701538086,-5.937198638916016,-5.187198638916016,-4.523770809173584,-6.648770809173584,128
train,1,The quiet pups around the threshold outside the drum,The quiet pup around the thresholds outside the drums,-5.187198638916016,-5.937198638916016,-9.84084701538086,-7.403346538543701,-7.052209854125977,-8.302209854125977,128
train,0,The fuzzy frog past the chairs beneath the carts,The fuzzy frogs past the chair beneath the cart,-8.133578300476074,-10.633578300476074,-7.4742751121521,-5.9742751121521,-6.311690330505371,-8.499190330505371,128
train,1,The fuzzy frogs past the chair beneath the cart,The fuzzy frog past the chairs beneath the carts,-5.9742751121521,-7.4742751121521,-10.633578300476074,-8.133578300476074,-8.882927894592285,-9.382927894592285,128
train,0,The sleepy rat around the stools outside the clocks,The sleepy rats around the stool outside the clock,-12.216354370117188,-13.216354370117188,-13.5183687210083,-10.5808687210083,-11.22645092010498,-9.91395092010498,128
train,1,The sleepy rats around the stool outside the clock,The sleepy rat around the stools outside the clocks,-10.5808687210083,-13.5183687210083,-13.216354370117188,-12.216354370117188,-10.79068660736084,-12.47818660736084,128
train,0,The bright monitor outside the cabins behind the signs,The bright monitors outside the cabin behind the sign,-4.952888011932373,-7.577888011932373,-7.710105895996094,-3.710106134414673,-5.967803955078125,-4.842803955078125,128
train,1,The bright monitors outside the cabin behind the sign,The bright monitor outside the cabins behind the signs,-3.710106134414673,-7.710105895996094,-7.577888011932373,-4.952888011932373,-4.29839563369751,-6.42339563369751,128
train,0,The slender monitor around the carts outside the benches,The slender monitors around the cart outside the bench,-1.8840891122817993,-4.63408899307251,-6.996272563934326,-0.9962724447250366,-3.402130603790283,-1.6521306037902832,128
train,1,The slender monitors around the cart outside the bench,The slender monitor around the carts outside the benches,-0.9962724447250366,-6.996272563934326,-4.63408899307251,-1.8840891122817993,-1.517717719078064,-2.8927178382873535,128
train,0,The nervous frog outside the tables behind the houses,The nervous frogs outside the table behind the house,-5.056424617767334,-8.306424140930176,-7.578515529632568,-4.078515529632568,-6.28633451461792,-6.03633451461792,128
train,1,The nervous frogs outside the table behind the house,The nervous frog outside the tables behind the houses,-4.078515529632568,-7.578515529632568,-8.306424140930176,-5.056424617767334,-4.704389572143555,-6.079389572143555,128
train,0,The bright lion around the tables outside the houses,The bright lions around the table outside the house,-18.11958122253418,-19.43208122253418,-16.80925178527832,-14.40300178527832,-16.461225509643555,-16.179975509643555,128
train,1,The bright lions around the table outside the house,The bright lion around the tables outside the houses,-14.40300178527832,-16.80925178527832,-19.43208122253418,-18.11958122253418,-17.303287506103516,-18.365787506103516,128
train,0,The sleepy kit beneath the boilers around the tanks,The sleepy kits beneath the boiler around the tank,-3.8500940799713135,-6.600093841552734,-5.319697380065918,-3.944697141647339,-4.640718460083008,-5.390718460083008,128
train,1,The sleepy kits beneath the boiler around the tank,The sleepy kit beneath the boilers around the tanks,-3.944697141647339,-5.319697380065918,-6.600093841552734,-3.8500940799713135,-4.722715854644775,-4.097715854644775,128
train,0,The nervous dog past the screws beneath the boilers,The nervous dogs past the screw beneath the boiler,-8.639180183410645,-11.639180183410645,-7.362496376037598,-7.112496376037598,-6.4751691818237305,-8.35016918182373,128
train,1,The nervous dogs past the screw beneath the boiler,The nervous dog past the screws beneath the boilers,-7.112496376037598,-7.362496376037598,-11.639180183410645,-8.639180183410645,-10.268840789794922,-9.393840789794922,128
train,0,The timid panda outside the pipes behind the valves,The timid pandas outside the pipe behind the valve,-2.9351565837860107,-5.560156345367432,-6.697754383087158,-2.3227546215057373,-3.7464075088500977,-3.2464075088500977,128
train,1,The timid pandas outside the pipe behind the valve,The timid panda outside the pipes behind the valves,-2.3227546215057373,-6.697754383087158,-5.560156345367432,-2.9351565837860107,-2.718017101287842,-4.968017101287842,128
train,0,The bright bat outside the benches behind the windows,The bright bats outside the bench behind the window,-4.024735450744629,-7.524735450744629,-6.860881328582764,-3.1108813285827637,-4.126632213592529,-5.751632213592529,128
train,1,The bright bats outside the bench behind the window,The bright bat outside the benches behind the windows,-3.1108813285827637,-6.860881328582764,-7.524735450744629,-4.024735450744629,-4.173364639282227,-5.173364639282227,128
train,0,The slender bat outside the drums behind the bolts,The slender bats outside the drum behind the bolt,-5.299196243286133,-8.049196243286133,-6.306820869445801,-2.681820869445801,-3.697333335876465,-4.947333335876465,128
train,1,The slender bats outside the drum behind the bolt,The slender bat outside the drums behind the bolts,-2.681820869445801,-6.306820869445801,-8.049196243286133,-5.299196243286133,-4.3310627937316895,-7.4560627937316895,128
train,0,The small monitor outside the benches behind the windows,The small monitors outside the bench behind the window,-2.6940457820892334,-8.444046020507812,-7.065019607543945,-1.9400197267532349,-3.668945074081421,-3.293945074081421,128
train,1,The small monitors outside the bench behind the window,The small monitor outside the benches behind the windows,-1.9400197267532349,-7.065019607543945,-8.444046020507812,-2.6940457820892334,-2.8028481006622314,-3.9278481006622314,128
train,0,The quiet chick outside the pipes behind the valves,The quiet chicks outside the pipe behind the valve,-4.5799994468688965,-8.454998970031738,-6.507899284362793,-3.632899045944214,-5.060062885284424,-4.685062885284424,128
train,1,The quiet chicks outside the pipe behind the valve,The quiet chick outside the pipes behind the valves,-3.632899045944214,-6.507899284362793,-8.454998970031738,-4.5799994468688965,-5.461065292358398,-4.961065292358398,128
train,0,The calm doe beneath the boxes around the walls,The calm does beneath the box around the wall,-14.831236839294434,-16.58123779296875,-18.156612396240234,-17.531612396240234,-18.279834747314453,-17.842334747314453,128
train,1,The calm does beneath the box around the wall,The calm doe beneath the boxes around the walls,-17.531612396240234,-18.156612396240234,-16.58123779296875,-14.831236839294434,-15.958686828613281,-14.708686828613281,128
train,0,The small rat beneath the carts around the benches,The small rats beneath the cart around the bench,-2.9206724166870117,-6.295672416687012,-6.811817646026611,-2.1868176460266113,-4.103740692138672,-3.728740692138672,128
train,1,The small rats beneath the cart around the bench,The small rat beneath the carts around the benches,-2.1868176460266113,-6.811817646026611,-6.295672416687012,-2.9206724166870117,-2.315613269805908,-4.690613269805908,128
train,0,The nervous dog around the benches outside the windows,The nervous dogs around the bench outside the window,-7.517265796661377,-10.517266273498535,-8.579789161682129,-4.579789161682129,-6.795599460601807,-6.670599460601807,128
train,1,The nervous dogs around the bench outside the window,The nervous dog around the benches outside the windows,-4.579789161682129,-8.579789161682129,-10.517266273498535,-7.517265796661377,-7.78088903427124,-8.030889511108398,128
train,0,The timid kitten outside the tables behind the houses,The timid kittens outside the table behind the house,-10.71963119506836,-12.65713119506836,-14.249603271484375,-9.562103271484375,-12.03728199005127,-10.66228199005127,128
train,1,The timid kittens outside the table behind the house,The timid kitten outside the tables behind the houses,-9.562103271484375,-14.249603271484375,-12.65713119506836,-10.71963119506836,-10.442071914672852,-12.004571914672852,128
train,0,The fuzzy rat behind the valves past the cables,The fuzzy rats behind the valve past the cable,-8.50427532196045,-11.50427532196045,-8.405479431152344,-6.530479431152344,-7.396591663360596,-8.646592140197754,128
train,1,The fuzzy rats behind the valve past the cable,The fuzzy rat behind the valves past the cables,-6.530479431152344,-8.405479431152344,-11.50427532196045,-8.50427532196045,-9.254297256469727,-9.129297256469727,128
train,0,The bright rabbit outside the cabins behind the signs,The bright rabbits outside the cabin behind the sign,-7.025938987731934,-9.713438987731934,-8.581052780151367,-4.456052780151367,-7.120975494384766,-5.745975494384766,128
train,1,The bright rabbits outside the cabin behind the sign,The bright rabbit outside the cabins behind the signs,-4.456052780151367,-8.581052780151367,-9.713438987731934,-7.025938987731934,-6.661149978637695,-8.036149978637695,128
train,0,The timid kit beneath the columns around the towers,The timid kits beneath the column around the tower,-12.762548446655273,-13.387548446655273,-13.401835441589355,-11.151835441589355,-13.370453834533691,-11.870453834533691,128
train,1,The timid kits beneath the column around the tower,The timid kit beneath the columns around the towers,-11.151835441589355,-13.401835441589355,-13.387548446655273,-12.762548446655273,-12.663925170898438,-12.788925170898438,128
train,0,The fuzzy panda outside the cabins behind the signs,The fuzzy pandas outside the cabin behind the sign,-12.778875350952148,-14.903875350952148,-13.449883460998535,-11.637383460998535,-11.614851951599121,-13.302351951599121,128
train,1,The fuzzy pandas outside the cabin behind the sign,The fuzzy panda outside the cabins behind the signs,-11.637383460998535,-13.449883460998535,-14.903875350952148,-12.778875350952148,-13.100475311279297,-13.412975311279297,128
train,0,The sleepy lion past the vines beneath the trenches,The sleepy lions past the vine beneath the trench,-8.882059097290039,-12.757059097290039,-9.037810325622559,-8.662810325622559,-8.713294982910156,-10.338294982910156,128
train,1,The sleepy lions past the vine beneath the trench,The sleepy lion past the vines beneath the trenches,-8.662810325622559,-9.037810325622559,-12.757059097290039,-8.882059097290039,-9.38479232788086,-9.63479232788086,128
train,0,The timid pup past the screws beneath the boilers,The timid pups past the screw beneath the boiler,-8.258393287658691,-11.633393287658691,-7.3168230056762695,-6.1293230056762695,-6.324184894561768,-7.824184894561768,128
train,1,The timid pups past the screw beneath the boiler,The timid pup past the screws beneath the boilers,-6.1293230056762695,-7.3168230056762695,-11.633393287658691,-8.258393287658691,-9.13752555847168,-9.63752555847168,128
train,0,The calm rabbit past the crates beneath the barrels,The calm rabbits past the crate beneath the barrel,-18.032657623291016,-18.345157623291016,-19.150148391723633,-16.618898391723633,-18.373214721679688,-17.466964721679688,128
train,1,The calm rabbits past the crate beneath the barrel,The calm rabbit past the crates beneath the barrels,-16.618898391723633,-19.150148391723633,-18.345157623291016,-18.032657623291016,-16.978065490722656,-18.228065490722656,128
train,0,The calm rabbit past the logs beneath the columns,The calm rabbits past the log beneath the column,-7.027921676635742,-9.652921676635742,-8.78836727142334,-7.78836727142334,-7.908829689025879,-9.533829689025879,128
train,1,The calm rabbits past the log beneath the column,The calm rabbit past the logs beneath the columns,-7.78836727142334,-8.78836727142334,-9.652921676635742,-7.027921676635742,-7.531430721282959,-7.781430721282959,128
train,0,The small rat around the walls outside the tables,The small rats around the wall outside the table,-6.519258499145508,-8.894258499145508,-7.906179904937744,-3.031179666519165,-5.45931339263916,-5.20931339263916,128
train,1,The small rats around the wall outside the table,The small rat around the walls outside the tables,-3.031179666519165,-7.906179904937744,-8.894258499145508,-6.519258499145508,-4.327816963195801,-7.327816963195801,128
train,0,The timid panda around the statues outside the stools,The timid pandas around the statue outside the stool,-12.307775497436523,-13.620275497436523,-13.942607879638672,-10.130107879638672,-13.080787658691406,-12.393287658691406,128
train,1,The timid pandas around the statue outside the stool,The timid panda around the statues outside the stools,-10.130107879638672,-13.942607879638672,-13.620275497436523,-12.307775497436523,-10.352051734924316,-12.852051734924316,128
train,0,The nervous whale behind the windows past the crates,The nervous whales behind the window past the crate,-15.854965209960938,-16.667465209960938,-16.846572875976562,-15.284071922302246,-16.650646209716797,-16.338146209716797,128
train,1,The nervous whales behind the window past the crate,The nervous whale behind the windows past the crates,-15.284071922302246,-16.846572875976562,-16.667465209960938,-15.854965209960938,-14.99112319946289,-16.17862319946289,128
train,0,The timid rabbit around the statues outside the stools,The timid rabbits around the statue outside the stool,-10.297088623046875,-10.797088623046875,-12.016849517822266,-6.516849517822266,-10.20402717590332,-7.64152717590332,128
train,1,The timid rabbits around the statue outside the stool,The timid rabbit around the statues outside the stools,-6.516849517822266,-12.016849517822266,-10.797088623046875,-10.297088623046875,-7.685580253601074,-10.185580253601074,128
train,0,The fuzzy whale outside the cabins behind the signs,The fuzzy whales outside the cabin behind the sign,-18.35996437072754,-20.01621437072754,-17.62681007385254,-17.00181007385254,-17.101181030273438,-17.788681030273438,128
train,1,The fuzzy whales outside the cabin behind the sign,The fuzzy whale outside the cabins behind the signs,-17.00181007385254,-17.62681007385254,-20.01621437072754,-18.35996437072754,-18.98939323425293,-19.02064323425293,128
train,0,The calm kitten beneath the boxes around the walls,The calm kittens beneath the box around the wall,-7.2139410972595215,-10.463940620422363,-9.824751853942871,-7.199751377105713,-8.540238380432129,-9.290238380432129,128
train,1,The calm kittens beneath the box around the wall,The calm kitten beneath the boxes around the walls,-7.199751377105713,-9.824751853942871,-10.463940620422363,-7.2139410972595215,-7.599005699157715,-8.474005699157715,128
train,0,The timid chick around the benches outside the windows,The timid chicks around the bench outside the window,-15.819185256958008,-19.256685256958008,-17.20616340637207,-13.79991340637207,-16.27317237854004,-15.335671424865723,128
train,1,The timid chicks around the bench outside the window,The timid chick around the benches outside the windows,-13.79991340637207,-17.20616340637207,-19.256685256958008,-15.819185256958008,-16.63898468017578,-16.79523468017578,128
train,0,The quiet bat beneath the chairs around the carts,The quiet bats beneath the chair around the cart,-11.17410659790039,-14.04910659790039,-12.2509183883667,-11.6884183883667,-10.826837539672852,-13.139337539672852,128
train,1,The quiet bats beneath the chair around the cart,The quiet bat beneath the chairs around the carts,-11.6884183883667,-12.2509183883667,-14.04910659790039,-11.17410659790039,-12.878796577453613,-12.441296577453613,128
train,0,The nervous bat behind the windows past the crates,The nervous bats behind the window past the crate,-6.048326015472412,-9.04832649230957,-7.471452713012695,-6.721452713012695,-6.707796096801758,-9.207796096801758,128
train,1,The nervous bats behind the window past the crate,The nervous bat behind the windows past the crates,-6.721452713012695,-7.471452713012695,-9.04832649230957,-6.048326015472412,-5.955575942993164,-6.205575942993164,128
train,0,The calm shark around the walls outside the tables,The calm sharks around the wall outside the table,-6.037319660186768,-8.16231918334961,-5.717881679534912,-2.967881679534912,-4.4402265548706055,-5.0652265548706055,128
train,1,The calm sharks around the wall outside the table,The calm shark around the walls outside the tables,-2.967881679534912,-5.717881679534912,-8.16231918334961,-6.037319660186768,-4.613218784332275,-6.613218784332275,128
train,0,The small turtle outside the stools behind the clocks,The small turtles outside the stool behind the clock,-12.347969055175781,-14.410469055175781,-14.200640678405762,-9.825640678405762,-13.213729858398438,-12.151229858398438,128
train,1,The small turtles outside the stool behind the clock,The small turtle outside the stools behind the clocks,-9.825640678405762,-14.200640678405762,-14.410469055175781,-12.347969055175781,-10.757594108581543,-13.320094108581543,128
train,0,The calm frog beneath the milestones around the thresholds,The calm frogs beneath the milestone around the threshold,-4.535466194152832,-7.410466194152832,-7.066131591796875,-5.441131591796875,-5.980498313903809,-6.730498313903809,128
train,1,The calm frogs beneath the milestone around the threshold,The calm frog beneath the milestones around the thresholds,-5.441131591796875,-7.066131591796875,-7.410466194152832,-4.535466194152832,-5.069631099700928,-5.444631099700928,128
train,0,The nervous lion behind the rocks past the chairs,The nervous lions behind the rock past the chair,-17.196088790893555,-17.571088790893555,-17.32604217529297,-16.20104217529297,-17.38545036315918,-16.63545036315918,128
train,1,The nervous lions behind the rock past the chair,The nervous lion behind the rocks past the chairs,-16.20104217529297,-17.32604217529297,-17.571088790893555,-17.196088790893555,-17.135183334350586,-17.260183334350586,128
train,0,The bright shark beneath the trenches around the dams,The bright sharks beneath the trench around the dam,-4.505545139312744,-6.505545139312744,-5.671577453613281,-2.546577215194702,-4.06352424621582,-4.06352424621582,128
train,1,The bright sharks beneath the trench around the dam,The bright shark beneath the trenches around the dams,-2.546577215194702,-5.671577453613281,-6.505545139312744,-4.505545139312744,-3.705348491668701,-5.955348491668701,128
train,0,The quiet kitten around the dams outside the pots,The quiet kittens around the dam outside the pot,-6.41323709487915,-10.100737571716309,-4.847774982452393,-3.4727749824523926,-3.933802843093872,-6.058802604675293,128
train,1,The quiet kittens around the dam outside the pot,The quiet kitten around the dams outside the pots,-3.4727749824523926,-4.847774982452393,-10.100737571716309,-6.41323709487915,-5.112465858459473,-6.737465858459473,128
train,0,The quiet turtle behind the signs past the nests,The quiet turtles behind the sign past the nest,-7.150576591491699,-9.9005765914917,-9.059553146362305,-5.809553146362305,-7.2900872230529785,-7.7900872230529785,128
train,1,The quiet turtles behind the sign past the nest,The quiet turtle behind the signs past the nests,-5.809553146362305,-9.059553146362305,-9.9005765914917,-7.150576591491699,-6.656591415405273,-8.531591415405273,128
train,0,The timid dolphin outside the pipes behind the valves,The timid dolphins outside the pipe behind the valve,-3.140079975128174,-6.515079975128174,-7.302824974060059,-2.4278249740600586,-5.019593715667725,-3.6445934772491455,128
train,1,The timid dolphins outside the pipe behind the valve,The timid dolphin outside the pipes behind the valves,-2.4278249740600586,-7.302824974060059,-6.515079975128174,-3.140079975128174,-2.595386266708374,-6.095386505126953,128
train,0,The bright whale behind the bolts past the screws,The bright whales behind the bolt past the screw,-8.010722160339355,-10.573222160339355,-8.419031143188477,-7.544031143188477,-7.77911901473999,-9.529118537902832,128
train,1,The bright whales behind the bolt past the screw,The bright whale behind the bolts past the screws,-7.544031143188477,-8.419031143188477,-10.573222160339355,-8.010722160339355,-7.886691093444824,-9.261691093444824,128
train,0,The bright pup outside the cabins behind the signs,The bright pups outside the cabin behind the sign,-6.921112537384033,-9.046112060546875,-8.180100440979004,-4.680100917816162,-6.631428241729736,-5.756428241729736,128
train,1,The bright pups outside the cabin behind the sign,The bright pup outside the cabins behind the signs,-4.680100917816162,-8.180100440979004,-9.046112060546875,-6.921112537384033,-6.8054423332214355,-8.055441856384277,128
train,0,The sleepy whale behind the valves past the cables,The sleepy whales behind the valve past the cable,-8.506806373596191,-12.194306373596191,-8.274128913879395,-7.649128437042236,-7.765805721282959,-9.890806198120117,128
train,1,The sleepy whales behind the valve past the cable,The sleepy whale behind the valves past the cables,-7.649128437042236,-8.274128913879395,-12.194306373596191,-8.506806373596191,-9.008285522460938,-9.133285522460938,128
train,0,The small frog outside the windows behind the crates,The small frogs outside the window behind the crate,-10.598423957824707,-13.848423957824707,-14.857969284057617,-12.357969284057617,-13.874378204345703,-13.561878204345703,128
train,1,The small frogs outside the window behind the crate,The small frog outside the windows behind the crates,-12.357969284057617,-14.857969284057617,-13.848423957824707,-10.598423957824707,-12.102378845214844,-11.477378845214844,128
train,0,The quiet shark outside the clocks behind the plants,The quiet sharks outside the clock behind the plant,-8.129167556762695,-12.504167556762695,-9.512319564819336,-7.512319564819336,-8.383598327636719,-10.008598327636719,128
train,1,The quiet sharks outside the clock behind the plant,The quiet shark outside the clocks behind the plants,-7.512319564819336,-9.512319564819336,-12.504167556762695,-8.129167556762695,-8.754693984985352,-8.879693984985352,128
train,0,The small turtle around the tanks outside the pipes,The small turtles around the tank outside the pipe,-6.634407997131348,-9.884407997131348,-7.561834335327148,-2.8118340969085693,-5.568264484405518,-4.693264484405518,128
train,1,The small turtles around the tank outside the pipe,The small turtle around the tanks outside the pipes,-2.8118340969085693,-7.561834335327148,-9.884407997131348,-6.634407997131348,-5.2780609130859375,-6.9030609130859375,128
train,0,The fuzzy kit outside the cabins behind the signs,The fuzzy kits outside the cabin behind the sign,-16.277976989746094,-17.152976989746094,-16.414491653442383,-15.101991653442383,-15.804795265197754,-15.867295265197754,128
train,1,The fuzzy kits outside the cabin behind the sign,The fuzzy kit outside the cabins behind the signs,-15.101991653442383,-16.414491653442383,-17.152976989746094,-16.277976989746094,-16.595937728881836,-16.658437728881836,128
train,0,The slender whale around the towers outside the cabins,The slender whales around the tower outside the cabin,-4.713286399841309,-8.963286399841309,-6.33898401260376,-2.0889840126037598,-3.8086960315704346,-4.3086957931518555,128
train,1,The slender whales around the tower outside the cabin,The slender whale around the towers outside the cabins,-2.0889840126037598,-6.33898401260376,-8.963286399841309,-4.713286399841309,-3.5306012630462646,-5.1556010246276855,128
train,0,The quiet shark beneath the chains around the belts,The quiet sharks beneath the chain around the belt,-6.937201023101807,-8.562201499938965,-7.639595985412598,-4.889595985412598,-5.974040985107422,-6.474040985107422,128
train,1,The quiet sharks beneath the chain around the belt,The quiet shark beneath the chains around the belts,-4.889595985412598,-7.639595985412598,-8.562201499938965,-6.937201023101807,-6.694399356842041,-9.069398880004883,128
train,0,The fuzzy dog beneath the boxes around the walls,The fuzzy dogs beneath the box around the wall,-6.023850440979004,-9.273850440979004,-7.40874719619751,-5.15874719619751,-6.394193649291992,-7.144193649291992,128
train,1,The fuzzy dogs beneath the box around the wall,The fuzzy dog beneath the boxes around the walls,-5.15874719619751,-7.40874719619751,-9.273850440979004,-6.023850440979004,-6.278014659881592,-6.903014659881592,128
train,0,The slender whale outside the piles behind the rushes,The slender whales outside the pile behind the rush,-12.982073783874512,-15.357073783874512,-15.671420097351074,-13.671420097351074,-14.493310928344727,-14.555810928344727,128
train,1,The slender whales outside the pile behind the rush,The slender whale outside the piles behind the rushes,-13.671420097351074,-15.671420097351074,-15.357073783874512,-12.982073783874512,-12.144909858703613,-13.582409858703613,128
train,0,The timid dolphin around the statues outside the stools,The timid dolphins around the statue outside the stool,-15.751036643981934,-17.063535690307617,-16.622241973876953,-14.247241020202637,-16.539499282836914,-15.539498329162598,128
train,1,The timid dolphins around the statue outside the stool,The timid dolphin around the statues outside the stools,-14.247241020202637,-16.622241973876953,-17.063535690307617,-15.751036643981934,-13.906777381896973,-15.344277381896973,128
train,0,The small chick beneath the boilers around the tanks,The small chicks beneath the boiler around the tank,-11.388553619384766,-12.701053619384766,-14.52714729309082,-9.58964729309082,-13.037057876586914,-10.287057876586914,128
train,1,The small chicks beneath the boiler around the tank,The small chick beneath the boilers around the tanks,-9.58964729309082,-14.52714729309082,-12.701053619384766,-11.388553619384766,-10.490509986877441,-12.553009986877441,128
train,0,The fuzzy lion past the nests beneath the milestones,The fuzzy lions past the nest beneath the milestone,-9.5023193359375,-12.7523193359375,-10.631778717041016,-8.131778717041016,-9.130370140075684,-9.755370140075684,128
train,1,The fuzzy lions past the nest beneath the milestone,The fuzzy lion past the nests beneath the milestones,-8.131778717041016,-10.631778717041016,-12.7523193359375,-9.5023193359375,-10.127384185791016,-10.377384185791016,128
train,0,The timid rabbit outside the tables behind the houses,The timid rabbits outside the table behind the house,-12.872347831726074,-16.278596878051758,-16.612104415893555,-16.237104415893555,-16.45738983154297,-17.20738983154297,128
train,1,The timid rabbits outside the table behind the house,The timid rabbit outside the tables behind the houses,-16.237104415893555,-16.612104415893555,-16.278596878051758,-12.872347831726074,-14.932452201843262,-13.932452201843262,128
train,0,The timid lion outside the pipes behind the valves,The timid lions outside the pipe behind the valve,-3.8949391841888428,-7.894939422607422,-7.193789005279541,-2.318788766860962,-4.8528900146484375,-3.7278900146484375,128
train,1,The timid lions outside the pipe behind the valve,The timid lion outside the pipes behind the valves,-2.318788766860962,-7.193789005279541,-7.894939422607422,-3.8949391841888428,-3.2484304904937744,-5.373430252075195,128
train,0,The calm dog around the belts outside the piles,The calm dogs around the belt outside the pile,-9.531097412109375,-10.593597412109375,-10.330097198486328,-7.267597198486328,-8.536113739013672,-8.911113739013672,128
train,1,The calm dogs around the belt outside the pile,The calm dog around the belts outside the piles,-7.267597198486328,-10.330097198486328,-10.593597412109375,-9.531097412109375,-8.430657386779785,-9.993157386779785,128
train,0,The quiet horse around the thresholds outside the drums,The quiet horses around the threshold outside the drum,-8.391611099243164,-10.016611099243164,-6.696146011352539,-4.571146011352539,-4.8609113693237305,-5.9859113693237305,128
train,1,The quiet horses around the threshold outside the drum,The quiet horse around the thresholds outside the drums,-4.571146011352539,-6.696146011352539,-10.016611099243164,-8.391611099243164,-7.1714558601379395,-9.233955383300781,128
train,0,The sleepy bat beneath the boilers around the tanks,The sleepy bats beneath the boiler around the tank,-3.012849807739258,-6.637849807739258,-5.861837863922119,-1.98683762550354,-3.726306676864624,-3.851306676864624,128
train,1,The sleepy bats beneath the boiler around the tank,The sleepy bat beneath the boilers around the tanks,-1.98683762550354,-5.861837863922119,-6.637849807739258,-3.012849807739258,-2.7248871326446533,-4.224886894226074,128
train,0,The quiet rat past the screws beneath the boilers,The quiet rats past the screw beneath the boiler,-8.381543159484863,-12.256543159484863,-7.94359827041626,-6.94359827041626,-6.796629428863525,-8.734128952026367,128
train,1,The quiet rats past the screw beneath the boiler,The quiet rat past the screws beneath the boilers,-6.94359827041626,-7.94359827041626,-12.256543159484863,-8.381543159484863,-9.381836891174316,-9.506836891174316,128
train,0,The timid lion around the dams outside the pots,The timid lions around the dam outside the pot,-4.98797082901001,-7.98797082901001,-5.197712421417236,-1.9477124214172363,-3.258091926574707,-3.758091926574707,128
train,1,The timid lions around the dam outside the pot,The timid lion around the dams outside the pots,-1.9477124214172363,-5.197712421417236,-7.98797082901001,-4.98797082901001,-2.6869161128997803,-5.436915874481201,128
train,0,The small panda beneath the boilers around the tanks,The small pandas beneath the boiler around the tank,-13.025313377380371,-15.650313377380371,-16.948558807373047,-15.136059761047363,-15.371277809143066,-15.871277809143066,128
train,1,The small pandas beneath the boiler around the tank,The small panda beneath the boilers around the tanks,-15.136059761047363,-16.948558807373047,-15.650313377380371,-13.025313377380371,-14.404807090759277,-14.279807090759277,128
train,0,The quiet chick around the dams outside the pots,The quiet chicks around the dam outside the pot,-5.681031703948975,-8.306032180786133,-4.623910903930664,-2.998910903930664,-3.8116137981414795,-5.061614036560059,128
train,1,The quiet chicks around the dam outside the pot,The quiet chick around the dams outside the pots,-2.998910903930664,-4.623910903930664,-8.306032180786133,-5.681031703948975,-4.903250694274902,-5.528250694274902,128
train,0,The slender dog beneath the carts around the benches,The slender dogs beneath the cart around the bench,-13.038369178771973,-13.913369178771973,-15.548247337341309,-12.079497337341309,-14.191032409667969,-13.003532409667969,128
train,1,The slender dogs beneath the cart around the bench,The slender dog beneath the carts around the benches,-12.079497337341309,-15.548247337341309,-13.913369178771973,-13.038369178771973,-12.935730934143066,-14.560730934143066,128
train,0,The sleepy frog behind the valves past the cables,The sleepy frogs behind the valve past the cable,-7.139523029327393,-10.952022552490234,-7.232456207275391,-5.357456207275391,-6.551446437835693,-7.926446437835693,128
train,1,The sleepy frogs behind the valve past the cable,The sleepy frog behind the valves past the cables,-5.357456207275391,-7.232456207275391,-10.952022552490234,-7.139523029327393,-7.63903284072876,-8.264032363891602,128
train,0,The fuzzy dog around the tanks outside the pipes,The fuzzy dogs around the tank outside the pipe,-19.822486877441406,-20.228736877441406,-20.667072296142578,-18.479572296142578,-20.396875381469727,-19.490625381469727,128
train,1,The fuzzy dogs around the tank outside the pipe,The fuzzy dog around the tanks outside the pipes,-18.479572296142578,-20.667072296142578,-20.228736877441406,-19.822486877441406,-18.921133041381836,-19.952383041381836,128
train,0,The bright rabbit beneath the trenches around the dams,The bright rabbits beneath the trench around the dam,-5.109955310821533,-7.609955310821533,-6.61181640625,-2.36181640625,-5.144388198852539,-4.019388198852539,128
train,1,The bright rabbits beneath the trench around the dam,The bright rabbit beneath the trenches around the dams,-2.36181640625,-6.61181640625,-7.609955310821533,-5.109955310821533,-5.250692367553711,-6.500692367553711,128
train,0,The quiet monitor behind the windows past the crates,The quiet monitors behind the window past the crate,-5.451765537261963,-9.201765060424805,-6.898770332336426,-5.023770332336426,-5.6753716468811035,-6.9253716468811035,128
train,1,The quiet monitors behind the window past the crate,The quiet monitor behind the windows past the crates,-5.023770332336426,-6.898770332336426,-9.201765060424805,-5.451765537261963,-6.212408542633057,-5.712408542633057,128
train,0,The slender kitten outside the piles behind the rushes,The slender kittens outside the pile behind the rush,-15.918842315673828,-16.606342315673828,-14.593277931213379,-13.405777931213379,-14.424544334411621,-13.237044334411621,128
train,1,The slender kittens outside the pile behind the rush,The slender kitten outside the piles behind the rushes,-13.405777931213379,-14.593277931213379,-16.606342315673828,-15.918842315673828,-13.1190824508667,-15.8690824508667,128
train,0,The sleepy rat around the towers outside the cabins,The sleepy rats around the tower outside the cabin,-5.341020107269287,-9.528519630432129,-8.054156303405762,-2.6166560649871826,-4.987881183624268,-3.8628811836242676,128
train,1,The sleepy rats around the tower outside the cabin,The sleepy rat around the towers outside the cabins,-2.6166560649871826,-8.054156303405762,-9.528519630432129,-5.341020107269287,-3.9047930240631104,-6.279792785644531,128
train,0,The calm shark outside the piles behind the rushes,The calm sharks outside the pile behind the rush,-5.802506923675537,-9.365006446838379,-6.772122383117676,-6.397122383117676,-6.216281890869141,-8.65378189086914,128
train,1,The calm sharks outside the pile behind the rush,The calm shark outside the piles behind the rushes,-6.397122383117676,-6.772122383117676,-9.365006446838379,-5.802506923675537,-5.142130374908447,-6.267130374908447,128
train,0,The bright panda beneath the milestones around the thresholds,The bright pandas beneath the milestone around the threshold,-5.849604606628418,-8.224604606628418,-6.908968448638916,-4.658968448638916,-5.797327041625977,-6.172327041625977,128
train,1,The bright pandas beneath the milestone around the threshold,The bright panda beneath the milestones around the thresholds,-4.658968448638916,-6.908968448638916,-8.224604606628418,-5.849604606628418,-6.242794513702393,-6.867794513702393,128
train,0,The quiet frog behind the signs past the nests,The quiet frogs behind the sign past the nest,-7.035548210144043,-9.285548210144043,-8.447065353393555,-6.197065353393555,-7.29567289352417,-8.420672416687012,128
train,1,The quiet frogs behind the sign past the nest,The quiet frog behind the signs past the nests,-6.197065353393555,-8.447065353393555,-9.285548210144043,-7.035548210144043,-6.666606903076172,-7.916606903076172,128
train,0,The nervous turtle outside the tables behind the houses,The nervous turtles outside the table behind the house,-5.899700164794922,-9.024700164794922,-8.449399948120117,-4.074399948120117,-6.903243064880371,-5.903243064880371,128
train,1,The nervous turtles outside the table behind the house,The nervous turtle outside the tables behind the houses,-4.074399948120117,-8.449399948120117,-9.024700164794922,-5.899700164794922,-5.166805267333984,-7.166805267333984,128
train,0,The fuzzy chick past the chairs beneath the carts,The fuzzy chicks past the chair beneath the cart,-6.765088081359863,-9.015088081359863,-7.68460750579834,-5.55960750579834,-6.0512495040893555,-7.3012495040893555,128
train,1,The fuzzy chicks past the chair beneath the cart,The fuzzy chick past the chairs beneath the carts,-5.55960750579834,-7.68460750579834,-9.015088081359863,-6.765088081359863,-7.015204429626465,-7.515204429626465,128
train,0,The sleepy panda outside the stools behind the clocks,The sleepy pandas outside the stool behind the clock,-4.430754661560059,-8.305754661560059,-8.308435440063477,-3.4334354400634766,-5.701934814453125,-4.826934814453125,128
train,1,The sleepy pandas outside the stool behind the clock,The sleepy panda outside the stools behind the clocks,-3.4334354400634766,-8.308435440063477,-8.305754661560059,-4.430754661560059,-4.320418834686279,-6.195418834686279,128
train,0,The timid cow around the benches outside the windows,The timid cows around the bench outside the window,-4.978147506713867,-8.103147506713867,-7.9957122802734375,-2.1207122802734375,-5.566212177276611,-3.4412119388580322,128
train,1,The timid cows around the bench outside the window,The timid cow around the benches outside the windows,-2.1207122802734375,-7.9957122802734375,-8.103147506713867,-4.978147506713867,-3.9557089805603027,-6.330708980560303,128
train,0,The small bat outside the stools behind the clocks,The small bats outside the stool behind the clock,-16.595680236816406,-19.283180236816406,-18.355289459228516,-15.511540412902832,-16.408493041992188,-17.689743041992188,128
train,1,The small bats outside the stool behind the clock,The small bat outside the stools behind the clocks,-15.511540412902832,-18.355289459228516,-19.283180236816406,-16.595680236816406,-16.25174331665039,-17.97049331665039,128
train,0,The fuzzy monitor behind the houses past the rocks,The fuzzy monitors behind the house past the rock,-6.882871150970459,-12.0078706741333,-9.02741813659668,-6.0274176597595215,-7.515079498291016,-9.140079498291016,128
train,1,The fuzzy monitors behind the house past the rock,The fuzzy monitor behind the houses past the rocks,-6.0274176597595215,-9.02741813659668,-12.0078706741333,-6.882871150970459,-7.00984525680542,-7.38484525680542,128
train,0,The small panda past the logs beneath the columns,The small pandas past the log beneath the column,-5.291740894317627,-7.541740894317627,-8.036723136901855,-6.2867231369018555,-7.028187274932861,-8.153186798095703,128
train,1,The small pandas past the log beneath the column,The small panda past the logs beneath the columns,-6.2867231369018555,-8.036723136901855,-7.541740894317627,-5.291740894317627,-5.2997236251831055,-5.9247236251831055,128
train,0,The nervous cow behind the rocks past the chairs,The nervous cows behind the rock past the chair,-14.574760437011719,-17.19976043701172,-16.33683204650879,-14.086833000183105,-15.329285621643066,-15.016785621643066,128
train,1,The nervous cows behind the rock past the chair,The nervous cow behind the rocks past the chairs,-14.086833000183105,-16.33683204650879,-17.19976043701172,-14.574760437011719,-15.393956184387207,-15.081456184387207,128
train,0,The timid rat outside the pipes behind the valves,The timid rats outside the pipe behind the valve,-3.1244702339172363,-7.749470233917236,-7.683438301086426,-2.245938301086426,-4.076185703277588,-3.326185703277588,128
train,1,The timid rats outside the pipe behind the valve,The timid rat outside the pipes behind the valves,-2.245938301086426,-7.683438301086426,-7.749470233917236,-3.1244702339172363,-2.862884998321533,-4.737884998321533,128
train,0,The quiet turtle beneath the chairs around the carts,The quiet turtles beneath the chair around the cart,-15.136940956115723,-15.886940956115723,-14.938864707946777,-11.126364707946777,-14.151177406311035,-11.588677406311035,128
train,1,The quiet turtles beneath the chair around the cart,The quiet turtle beneath the chairs around the carts,-11.126364707946777,-14.938864707946777,-15.886940956115723,-15.136940956115723,-14.68500804901123,-17.153759002685547,128
train,0,The fuzzy whale beneath the boxes around the walls,The fuzzy whales beneath the box around the wall,-5.893295764923096,-9.393296241760254,-6.800246238708496,-4.800246238708496,-6.148026943206787,-6.898026943206787,128
train,1,The fuzzy whales beneath the box around the wall,The fuzzy whale beneath the boxes around the walls,-4.800246238708496,-6.800246238708496,-9.393296241760254,-5.893295764923096,-6.146442413330078,-7.021442413330078,128
train,0,The calm frog around the stools outside the clocks,The calm frogs around the stool outside the clock,-6.531343460083008,-7.906343460083008,-7.128049850463867,-5.128049850463867,-5.026223182678223,-6.276223182678223,128
train,1,The calm frogs around the stool outside the clock,The calm frog around the stools outside the clocks,-5.128049850463867,-7.128049850463867,-7.906343460083008,-6.531343460083008,-4.973843574523926,-6.723843574523926,128
train,0,The small dolphin beneath the boilers around the tanks,The small dolphins beneath the boiler around the tank,-12.739645004272461,-15.364645004272461,-13.99772834777832,-13.37272834777832,-13.513359069824219,-14.513359069824219,128
train,1,The small dolphins beneath the boiler around the tank,The small dolphin beneath the boilers around the tanks,-13.37272834777832,-13.99772834777832,-15.364645004272461,-12.739645004272461,-12.412647247314453,-13.537647247314453,128
train,0,The nervous chick beneath the chains around the belts,The nervous chicks beneath the chain around the belt,-16.583772659301758,-16.708772659301758,-15.633024215698242,-13.258024215698242,-15.236651420593262,-14.174151420593262,128
train,1,The nervous chicks beneath the chain around the belt,The nervous chick beneath the chains around the belts,-13.258024215698242,-15.633024215698242,-16.708772659301758,-16.583772659301758,-15.277789115905762,-17.277790069580078,128
train,0,The quiet monitor outside the towers behind the cabins,The quiet monitors outside the tower behind the cabin,-4.0163960456848145,-8.891396522521973,-7.190560340881348,-2.4405603408813477,-4.066530227661133,-3.3165299892425537,128
train,1,The quiet monitors outside the tower behind the cabin,The quiet monitor outside the towers behind the cabins,-2.4405603408813477,-7.190560340881348,-8.891396522521973,-4.0163960456848145,-4.188563346862793,-4.563563346862793,128
train,0,The small kit past the vines beneath the trenches,The small kits past the vine beneath the trench,-15.04866886138916,-16.548669815063477,-16.73369026184082,-15.70244026184082,-16.600482940673828,-15.819233894348145,128
train,1,The small kits past the vine beneath the trench,The small kit past the vines beneath the trenches,-15.70244026184082,-16.73369026184082,-16.548669815063477,-15.04866886138916,-15.562471389770508,-15.124971389770508,128
train,0,The quiet chick behind the signs past the nests,The quiet chicks behind the sign past the nest,-6.283631801605225,-9.033632278442383,-8.435636520385742,-5.4356369972229,-6.922089099884033,-6.922089099884033,128
train,1,The quiet chicks behind the sign past the nest,The quiet chick behind the signs past the nests,-5.4356369972229,-8.435636520385742,-9.033632278442383,-6.283631801605225,-6.172563552856445,-6.672563552856445,128
train,0,The calm rabbit beneath the barrels around the statues,The calm rabbits beneath the barrel around the statue,-4.485266208648682,-7.235266208648682,-6.98095703125,-4.48095703125,-5.373979568481445,-6.123979568481445,128
train,1,The calm rabbits beneath the barrel around the statue,The calm rabbit beneath the barrels around the statues,-4.48095703125,-6.98095703125,-7.235266208648682,-4.485266208648682,-4.852666854858398,-5.602666854858398,128
train,0,The small bat around the walls outside the tables,The small bats around the wall outside the table,-5.785025119781494,-7.660025119781494,-5.7920756340026855,-1.9170756340026855,-3.692075729370117,-4.817075729370117,128
train,1,The small bats around the wall outside the table,The small bat around the walls outside the tables,-1.9170756340026855,-5.7920756340026855,-7.660025119781494,-5.785025119781494,-3.620842218399048,-6.245842456817627,128
train,0,The slender dog beneath the boilers around the tanks,The slender dogs beneath the boiler around the tank,-3.0254931449890137,-6.025493144989014,-5.018138408660889,-1.7681385278701782,-3.1581499576568604,-3.1581499576568604,128
train,1,The slender dogs beneath the boiler around the tank,The slender dog beneath the boilers around the tanks,-1.7681385278701782,-5.018138408660889,-6.025493144989014,-3.0254931449890137,-3.2791152000427246,-3.7791152000427246,128
train,0,The quiet dolphin past the screws beneath the boilers,The quiet dolphins past the screw beneath the boiler,-6.17346715927124,-9.735967636108398,-5.8294596672058105,-4.5794596672058105,-4.734772682189941,-6.359772682189941,128
train,1,The quiet dolphins past the screw beneath the boiler,The quiet dolphin past the screws beneath the boilers,-4.5794596672058105,-5.8294596672058105,-9.735967636108398,-6.17346715927124,-6.1779937744140625,-8.177993774414062,128
train,0,The bright turtle beneath the barrels around the statues,The bright turtles beneath the barrel around the statue,-4.652496814727783,-7.652496814727783,-8.324716567993164,-4.824716567993164,-6.523003578186035,-6.023003578186035,128
train,1,The bright turtles beneath the barrel around the statue,The bright turtle beneath the barrels around the statues,-4.824716567993164,-8.324716567993164,-7.652496814727783,-4.652496814727783,-4.883913040161133,-6.133913040161133,128
train,0,The calm shark behind the bolts past the screws,The calm sharks behind the bolt past the screw,-9.263185501098633,-11.138185501098633,-9.27458381652832,-8.77458381652832,-8.891382217407227,-10.453882217407227,128
train,1,The calm sharks behind the bolt past the screw,The calm shark behind the bolts past the screws,-8.77458381652832,-9.27458381652832,-11.138185501098633,-9.263185501098633,-9.262443542480469,-10.324943542480469,128
train,0,The quiet cow around the dams outside the pots,The quiet cows around the dam outside the pot,-11.848526954650879,-13.786026954650879,-13.029966354370117,-10.779966354370117,-12.84607219696045,-11.03357219696045,128
train,1,The quiet cows around the dam outside the pot,The quiet cow around the dams outside the pots,-10.779966354370117,-13.029966354370117,-13.786026954650879,-11.848526954650879,-11.927613258361816,-11.490113258361816,128
train,0,The nervous doe beneath the chains around the belts,The nervous does beneath the chain around the belt,-14.02901554107666,-14.52901554107666,-15.954280853271484,-14.704280853271484,-15.954174041748047,-15.141674041748047,128
train,1,The nervous does beneath the chain around the belt,The nervous doe beneath the chains around the belts,-14.704280853271484,-15.954280853271484,-14.52901554107666,-14.02901554107666,-13.657362937927246,-14.282362937927246,128
train,0,The calm dog beneath the milestones around the thresholds,The calm dogs beneath the milestone around the threshold,-5.557337284088135,-8.932336807250977,-7.537713527679443,-5.412713527679443,-5.967949867248535,-6.842949867248535,128
train,1,The calm dogs beneath the milestone around the threshold,The calm dog beneath the milestones around the thresholds,-5.412713527679443,-7.537713527679443,-8.932336807250977,-5.557337284088135,-6.430814266204834,-6.680814266204834,128
train,0,The slender cock around the walls outside the tables,The slender cocks around the wall outside the table,-12.780840873718262,-14.468340873718262,-11.87449836730957,-11.24949836730957,-11.882611274719238,-13.570111274719238,128
train,1,The slender cocks around the wall outside the table,The slender cock around the walls outside the tables,-11.24949836730957,-11.87449836730957,-14.468340873718262,-12.780840873718262,-12.561586380004883,-12.749086380004883,128
train,0,The slender turtle past the vines beneath the trenches,The slender turtles past the vine beneath the trench,-8.387666702270508,-11.512666702270508,-8.562725067138672,-6.437724590301514,-7.668519496917725,-8.668519973754883,128
train,1,The slender turtles past the vine beneath the trench,The slender turtle past the vines beneath the trenches,-6.437724590301514,-8.562725067138672,-11.512666702270508,-8.387666702270508,-8.767535209655762,-9.267535209655762,128
train,0,The bright bat behind the valves past the cables,The bright bats behind the valve past the cable,-16.449321746826172,-16.761821746826172,-14.654284477233887,-11.966784477233887,-14.743572235107422,-12.618572235107422,128
train,1,The bright bats behind the valve past the cable,The bright bat behind the valves past the cables,-11.966784477233887,-14.654284477233887,-16.761821746826172,-16.449321746826172,-15.45223331451416,-16.764734268188477,128
train,0,The sleepy whale around the carts outside the benches,The sleepy whales around the cart outside the bench,-4.956146240234375,-8.331146240234375,-7.06687593460083,-3.56687593460083,-5.123962879180908,-4.998962879180908,128
train,1,The sleepy whales around the cart outside the bench,The sleepy whale around the carts outside the benches,-3.56687593460083,-7.06687593460083,-8.331146240234375,-4.956146240234375,-4.2856059074401855,-6.0356059074401855,128
train,0,The timid panda around the dams outside the pots,The timid pandas around the dam outside the pot,-4.733192443847656,-6.983192443847656,-4.171168804168701,-2.171168804168701,-2.963306188583374,-4.838306427001953,128
train,1,The timid pandas around the dam outside the pot,The timid panda around the dams outside the pots,-2.171168804168701,-4.171168804168701,-6.983192443847656,-4.733192443847656,-2.343735933303833,-5.593735694885254,128
train,0,The bright frog behind the bolts past the screws,The bright frogs behind the bolt past the screw,-7.884214878082275,-10.634215354919434,-8.424159049987793,-5.674159049987793,-7.03109073638916,-7.28109073638916,128
train,1,The bright frogs behind the bolt past the screw,The bright frog behind the bolts past the screws,-5.674159049987793,-8.424159049987793,-10.634215354919434,-7.884214878082275,-7.885366916656494,-9.010367393493652,128
train,0,The bright cock outside the cabins behind the signs,The bright cocks outside the cabin behind the sign,-7.779472827911377,-8.904472351074219,-8.06350326538086,-6.251003742218018,-7.229342460632324,-7.354342460632324,128
train,1,The bright cocks outside the cabin behind the sign,The bright cock outside the cabins behind the signs,-6.251003742218018,-8.06350326538086,-8.904472351074219,-7.779472827911377,-8.031902313232422,-8.156902313232422,128
train,0,The slender shark past the logs beneath the columns,The slender sharks past the log beneath the column,-13.512572288513184,-14.325072288513184,-14.846327781677246,-11.283827781677246,-13.458097457885742,-12.895597457885742,128
train,1,The slender sharks past the log beneath the column,The slender shark past the logs beneath the columns,-11.283827781677246,-14.846327781677246,-14.325072288513184,-13.512572288513184,-12.454029083251953,-14.204029083251953,128
train,0,The fuzzy chick outside the drums behind the bolts,The fuzzy chicks outside the drum behind the bolt,-7.757440090179443,-10.507439613342285,-7.044575214385986,-4.669575214385986,-5.862835884094238,-6.237835884094238,128
train,1,The fuzzy chicks outside the drum behind the bolt,The fuzzy chick outside the drums behind the bolts,-4.669575214385986,-7.044575214385986,-10.507439613342285,-7.757440090179443,-8.2584228515625,-8.3834228515625,128
train,0,The small dolphin around the towers outside the cabins,The small dolphins around the tower outside the cabin,-10.370926856994629,-13.683426856994629,-11.771103858947754,-9.458603858947754,-9.770999908447266,-10.583499908447266,128
train,1,The small dolphins around the tower outside the cabin,The small dolphin around the towers outside the cabins,-9.458603858947754,-11.771103858947754,-13.683426856994629,-10.370926856994629,-10.962701797485352,-11.650201797485352,128
train,0,The nervous lion around the thresholds outside the drums,The nervous lions around the threshold outside the drum,-7.761834144592285,-10.011834144592285,-5.980182647705078,-3.4801828861236572,-4.3290205001831055,-5.3290205001831055,128
train,1,The nervous lions around the threshold outside the drum,The nervous lion around the thresholds outside the drums,-3.4801828861236572,-5.980182647705078,-10.011834144592285,-7.761834144592285,-6.650345325469971,-8.775345802307129,128
train,0,The fuzzy chick outside the cabins behind the signs,The fuzzy chicks outside the cabin behind the sign,-16.016511917114258,-18.266511917114258,-15.978629112243652,-14.728629112243652,-15.400714874267578,-15.775714874267578,128
train,1,The fuzzy chicks outside the cabin behind the sign,The fuzzy chick outside the cabins behind the signs,-14.728629112243652,-15.978629112243652,-18.266511917114258,-16.016511917114258,-16.76881217956543,-16.70631217956543,128
train,0,The timid dolphin around the dams outside the pots,The timid dolphins around the dam outside the pot,-4.315792560577393,-6.940792560577393,-4.956380844116211,-2.331380844116211,-3.4716970920562744,-4.596696853637695,128
train,1,The timid dolphins around the dam outside the pot,The timid dolphin around the dams outside the pots,-2.331380844116211,-4.956380844116211,-6.940792560577393,-4.315792560577393,-2.0959479808807373,-6.095948219299316,128
train,0,The bright rat beneath the milestones around the thresholds,The bright rats beneath the milestone around the threshold,-5.094570159912109,-7.844570159912109,-7.682101249694824,-4.557101249694824,-5.719668865203857,-6.094668865203857,128
train,1,The bright rats beneath the milestone around the threshold,The bright rat beneath the milestones around the thresholds,-4.557101249694824,-7.682101249694824,-7.844570159912109,-5.094570159912109,-5.567676067352295,-6.567676067352295,128
train,0,The fuzzy frog behind the plants past the logs,The fuzzy frogs behind the plant past the log,-6.262521743774414,-10.887521743774414,-6.797588348388672,-4.422588348388672,-5.773893356323242,-6.523893356323242,128
train,1,The fuzzy frogs behind the plant past the log,The fuzzy frog behind the plants past the logs,-4.422588348388672,-6.797588348388672,-10.887521743774414,-6.262521743774414,-7.13625431060791,-6.88625431060791,128
train,0,The sleepy pup outside the drums behind the bolts,The sleepy pups outside the drum behind the bolt,-6.278774261474609,-10.90377426147461,-7.436764240264893,-4.499264240264893,-5.531219959259033,-6.281219959259033,128
train,1,The sleepy pups outside the drum behind the bolt,The sleepy pup outside the drums behind the bolts,-4.499264240264893,-7.436764240264893,-10.90377426147461,-6.278774261474609,-7.032054424285889,-7.032054424285889,128
train,0,The slender frog beneath the boilers around the tanks,The slender frogs beneath the boiler around the tank,-2.2570459842681885,-5.882045745849609,-4.844426155090332,-1.3444260358810425,-2.7485415935516357,-2.6235415935516357,128
train,1,The slender frogs beneath the boiler around the tank,The slender frog beneath the boilers around the tanks,-1.3444260358810425,-4.844426155090332,-5.882045745849609,-2.2570459842681885,-1.8648320436477661,-3.7398319244384766,128
train,0,The fuzzy kit around the tanks outside the pipes,The fuzzy kits around the tank outside the pipe,-19.665746688842773,-19.884496688842773,-18.119834899902344,-15.74483585357666,-18.60372543334961,-16.54122543334961,128
train,1,The fuzzy kits around the tank outside the pipe,The fuzzy kit around the tanks outside the pipes,-15.74483585357666,-18.119834899902344,-19.884496688842773,-19.665746688842773,-18.52232551574707,-19.02232551574707,128
train,0,The nervous rat around the thresholds outside the drums,The nervous rats around the threshold outside the drum,-9.50577163696289,-10.88077163696289,-7.069082736968994,-3.8815829753875732,-5.657219409942627,-6.907219409942627,128
train,1,The nervous rats around the threshold outside the drum,The nervous rat around the thresholds outside the drums,-3.8815829753875732,-7.069082736968994,-10.88077163696289,-9.50577163696289,-7.887145519256592,-10.012145042419434,128
train,0,The timid shark past the screws beneath the boilers,The timid sharks past the screw beneath the boiler,-16.947811126708984,-19.229061126708984,-14.638691902160645,-14.388691902160645,-14.343830108642578,-15.093830108642578,128
train,1,The timid sharks past the screw beneath the boiler,The timid shark past the screws beneath the boilers,-14.388691902160645,-14.638691902160645,-19.229061126708984,-16.947811126708984,-17.579736709594727,-17.642236709594727,128
train,0,The small chick past the rocks beneath the chairs,The small chicks past the rock beneath the chair,-5.40659236907959,-10.96909236907959,-9.525936126708984,-5.650936126708984,-7.521543502807617,-6.646543502807617,128
train,1,The small chicks past the rock beneath the chair,The small chick past the rocks beneath the chairs,-5.650936126708984,-9.525936126708984,-10.96909236907959,-5.40659236907959,-5.54386043548584,-6.29386043548584,128
train,0,The sleepy frog behind the pans past the cars,The sleepy frogs behind the pan past the car,-12.574081420898438,-13.511581420898438,-12.456966400146484,-9.206966400146484,-12.499456405639648,-10.561956405639648,128
train,1,The sleepy frogs behind the pan past the car,The sleepy frog behind the pans past the cars,-9.206966400146484,-12.456966400146484,-13.511581420898438,-12.574081420898438,-12.202217102050781,-13.389717102050781,128
train,0,The small cock beneath the milestones around the thresholds,The small cocks beneath the milestone around the threshold,-5.188554763793945,-6.938554763793945,-6.414383411407471,-4.664383411407471,-5.567053318023682,-5.817053318023682,128
train,1,The small cocks beneath the milestone around the threshold,The small cock beneath the milestones around the thresholds,-4.664383411407471,-6.414383411407471,-6.938554763793945,-5.188554763793945,-5.37824821472168,-5.62824821472168,128
train,0,The fuzzy shark outside the stools behind the clocks,The fuzzy sharks outside the stool behind the clock,-6.508963584899902,-9.508963584899902,-8.538570404052734,-4.788569927215576,-6.517634391784668,-6.767634391784668,128
train,1,The fuzzy sharks outside the stool behind the clock,The fuzzy shark outside the stools behind the clocks,-4.788569927215576,-8.538570404052734,-9.508963584899902,-6.508963584899902,-6.3870086669921875,-7.8870086669921875,128
train,0,The small frog beneath the trenches around the dams,The small frogs beneath the trench around the dam,-3.37203311920166,-5.99703311920166,-6.302158355712891,-1.0521583557128906,-3.6443355083465576,-2.2693355083465576,128
train,1,The small frogs beneath the trench around the dam,The small frog beneath the trenches around the dams,-1.0521583557128906,-6.302158355712891,-5.99703311920166,-3.37203311920166,-2.736531972885132,-4.611532211303711,128
train,0,The sleepy rat beneath the boilers around the tanks,The sleepy rats beneath the boiler around the tank,-3.2413527965545654,-7.9913530349731445,-6.6551618576049805,-2.5301620960235596,-4.283862113952637,-3.908862352371216,128
train,1,The sleepy rats beneath the boiler around the tank,The sleepy rat beneath the boilers around the tanks,-2.5301620960235596,-6.6551618576049805,-7.9913530349731445,-3.2413527965545654,-3.2425711154937744,-4.617570877075195,128
train,0,The bright whale past the logs beneath the columns,The bright whales past the log beneath the column,-7.512993812561035,-10.825493812561035,-9.26906681060791,-8.14406681060791,-8.390175819396973,-9.765175819396973,128
train,1,The bright whales past the log beneath the column,The bright whale past the logs beneath the columns,-8.14406681060791,-9.26906681060791,-10.825493812561035,-7.512993812561035,-8.137818336486816,-8.512818336486816,128
train,0,The quiet frog outside the pipes behind the valves,The quiet frogs outside the pipe behind the valve,-2.932976722717285,-7.557976722717285,-6.005034923553467,-2.755034923553467,-4.070219039916992,-4.195219039916992,128
train,1,The quiet frogs outside the pipe behind the valve,The quiet frog outside the pipes behind the valves,-2.755034923553467,-6.005034923553467,-7.557976722717285,-2.932976722717285,-3.1284260749816895,-4.0034260749816895,128
train,0,The calm pup around the walls outside the tables,The calm pups around the wall outside the table,-5.805426120758057,-8.430426597595215,-6.944764137268066,-4.194764137268066,-5.3535051345825195,-5.9785051345825195,128
train,1,The calm pups around the wall outside the table,The calm pup around the walls outside the tables,-4.194764137268066,-6.944764137268066,-8.430426597595215,-5.805426120758057,-5.476815700531006,-6.351815700531006,128
train,0,The timid dog around the thresholds outside the drums,The timid dogs around the threshold outside the drum,-8.261369705200195,-10.073869705200195,-5.9929518699646,-4.0554518699646,-4.324582576751709,-5.699582576751709,128
train,1,The timid dogs around the threshold outside the drum,The timid dog around the thresholds outside the drums,-4.0554518699646,-5.9929518699646,-10.073869705200195,-8.261369705200195,-6.661942005157471,-8.661942481994629,128
train,0,The calm chick around the belts outside the piles,The calm chicks around the belt outside the pile,-15.733238220214844,-16.233238220214844,-16.31845474243164,-13.630953788757324,-15.668925285339355,-14.918925285339355,128
train,1,The calm chicks around the belt outside the pile,The calm chick around the belts outside the piles,-13.630953788757324,-16.31845474243164,-16.233238220214844,-15.733238220214844,-14.759779930114746,-16.00977897644043,128
test,0,The clever [wug] opposite the panels alongside the boards,The clever [wugs] opposite the panel alongside the board,-14.200248718261719,-16.88774871826172,-15.457732200622559,-14.395232200622559,-14.221961975097656,-15.471961975097656,128
test,1,The clever [wugs] opposite the panel alongside the board,The clever [wug] opposite the panels alongside the boards,-14.395232200622559,-15.457732200622559,-16.88774871826172,-14.200248718261719,-15.519813537597656,-15.019813537597656,128
test,0,The wary [wug] near the knobs beside the hinges,The wary [wugs] near the knob beside the hinge,-17.56696891784668,-19.37946891784668,-18.445154190063477,-17.570154190063477,-17.692790985107422,-18.130290985107422,128
test,1,The wary [wugs] near the knob beside the hinge,The wary [wug] near the knobs beside the hinges,-17.570154190063477,-18.445154190063477,-19.37946891784668,-17.56696891784668,-18.505720138549805,-18.505720138549805,128
test,0,The spotted [wug] alongside the poles near the buckets,The spotted [wugs] alongside the pole near the bucket,-4.3975725173950195,-6.1475725173950195,-5.81649112701416,-2.94149112701416,-4.810400009155273,-5.060400009155273,128
test,1,The spotted [wugs] alongside the pole near the bucket,The spotted [wug] alongside the poles near the buckets,-2.94149112701416,-5.81649112701416,-6.1475725173950195,-4.3975725173950195,-3.6862964630126953,-4.561296463012695,128
test,0,The gentle [wug] above the banks below the locks,The gentle [wugs] above the bank below the lock,-7.88433313369751,-11.259332656860352,-9.880160331726074,-9.755160331726074,-9.503666877746582,-12.066166877746582,128
test,1,The gentle [wugs] above the bank below the lock,The gentle [wug] above the banks below the locks,-9.755160331726074,-9.880160331726074,-11.259332656860352,-7.88433313369751,-8.759358406066895,-8.634358406066895,128
test,0,The fierce [wug] opposite the sofas alongside the mirrors,The fierce [wugs] opposite the sofa alongside the mirror,-15.238614082336426,-16.86361312866211,-17.318923950195312,-16.193923950195312,-16.476390838623047,-16.976390838623047,128
test,1,The fierce [wugs] opposite the sofa alongside the mirror,The fierce [wug] opposite the sofas alongside the mirrors,-16.193923950195312,-17.318923950195312,-16.86361312866211,-15.238614082336426,-16.066505432128906,-15.94150447845459,128
test,0,The restless [wug] below the wires between the ropes,The restless [wugs] below the wire between the rope,-16.330944061279297,-17.893444061279297,-14.69371223449707,-14.19371223449707,-14.700201034545898,-14.450201034545898,128
test,1,The restless [wugs] below the wire between the rope,The restless [wug] below the wires between the ropes,-14.19371223449707,-14.69371223449707,-17.893444061279297,-16.330944061279297,-16.026508331298828,-16.714008331298828,128
test,0,The sturdy [wug] between the knobs atop the hinges,The sturdy [wugs] between the knob atop the hinge,-19.368488311767578,-19.618488311767578,-18.65692138671875,-16.09442138671875,-19.136056900024414,-16.636056900024414,128
test,1,The sturdy [wugs] between the knob atop the hinge,The sturdy [wug] between the knobs atop the hinges,-16.09442138671875,-18.65692138671875,-19.618488311767578,-19.368488311767578,-18.935203552246094,-19.185203552246094,128
test,0,The restless [wug] alongside the hooks near the knobs,The restless [wugs] alongside the hook near the knob,-8.014484405517578,-11.014484405517578,-9.905892372131348,-7.030892372131348,-8.275003433227539,-9.025003433227539,128
test,1,The restless [wugs] alongside the hook near the knob,The restless [wug] alongside the hooks near the knobs,-7.030892372131348,-9.905892372131348,-11.014484405517578,-8.014484405517578,-8.13998031616211,-9.01498031616211,128
test,0,The round [wug] under the beams by the braces,The round [wugs] under the beam by the brace,-15.087223052978516,-16.462223052978516,-13.987859725952148,-12.675359725952148,-13.987870216369629,-13.550370216369629,128
test,1,The round [wugs] under the beam by the brace,The round [wug] under the beams by the braces,-12.675359725952148,-13.987859725952148,-16.462223052978516,-15.087223052978516,-15.031437873840332,-15.593937873840332,128
test,0,The graceful [wug] opposite the posts alongside the doors,The graceful [wugs] opposite the post alongside the door,-14.838295936584473,-16.775794982910156,-15.594108581542969,-13.906608581542969,-15.707509994506836,-15.082509994506836,128
test,1,The graceful [wugs] opposite the post alongside the door,The graceful [wug] opposite the posts alongside the doors,-13.906608581542969,-15.594108581542969,-16.775794982910156,-14.838295936584473,-15.651965141296387,-15.026965141296387,128
test,0,The wary [wug] alongside the knobs near the hinges,The wary [wugs] alongside the knob near the hinge,-19.9736385345459,-20.2548885345459,-19.165176391601562,-17.946426391601562,-19.69480323791504,-18.81980323791504,128
test,1,The wary [wugs] alongside the knob near the hinge,The wary [wug] alongside the knobs near the hinges,-17.946426391601562,-19.165176391601562,-20.2548885345459,-19.9736385345459,-19.318634033203125,-19.693634033203125,128
test,0,The graceful [wug] atop the straps opposite the heaps,The graceful [wugs] atop the strap opposite the heap,-10.969898223876953,-14.032398223876953,-10.787577629089355,-10.537577629089355,-10.135912895202637,-11.448412895202637,128
test,1,The graceful [wugs] atop the strap opposite the heap,The graceful [wug] atop the straps opposite the heaps,-10.537577629089355,-10.787577629089355,-14.032398223876953,-10.969898223876953,-13.102967262268066,-11.540467262268066,128
test,0,The graceful [wug] above the gates below the fences,The graceful [wugs] above the gate below the fence,-8.00545597076416,-11.19295597076416,-7.763534069061279,-7.388534069061279,-7.010793209075928,-9.13579273223877,128
test,1,The graceful [wugs] above the gate below the fence,The graceful [wug] above the gates below the fences,-7.388534069061279,-7.763534069061279,-11.19295597076416,-8.00545597076416,-10.129608154296875,-8.754608154296875,128
test,0,The fierce [wug] atop the slopes opposite the banks,The fierce [wugs] atop the slope opposite the bank,-15.588685035705566,-16.651185989379883,-16.979764938354492,-13.573515892028809,-15.97500228881836,-14.69375228881836,128
test,1,The fierce [wugs] atop the slope opposite the bank,The fierce [wug] atop the slopes opposite the banks,-13.573515892028809,-16.979764938354492,-16.651185989379883,-15.588685035705566,-14.720272064208984,-16.032772064208984,128
test,0,The clever [wug] alongside the wells near the cabinets,The clever [wugs] alongside the well near the cabinet,-7.165820598602295,-8.915821075439453,-7.981612205505371,-4.981612205505371,-6.563014030456543,-6.563014030456543,128
test,1,The clever [wugs] alongside the well near the cabinet,The clever [wug] alongside the wells near the cabinets,-4.981612205505371,-7.981612205505371,-8.915821075439453,-7.165820598602295,-6.678405284881592,-8.053404808044434,128
test,0,The lively [wug] between the pens atop the bulbs,The lively [wugs] between the pen atop the bulb,-5.898228168487549,-9.523228645324707,-5.785478591918945,-5.035478591918945,-5.1023335456848145,-7.1023335456848145,128
test,1,The lively [wugs] between the pen atop the bulb,The lively [wug] between the pens atop the bulbs,-5.035478591918945,-5.785478591918945,-9.523228645324707,-5.898228168487549,-6.528934001922607,-6.653934001922607,128
test,0,The round [wug] alongside the ropes near the cords,The round [wugs] alongside the rope near the cord,-17.2552490234375,-17.8802490234375,-13.75309944152832,-13.31559944152832,-14.429431915283203,-14.429431915283203,128
test,1,The round [wugs] alongside the rope near the cord,The round [wug] alongside the ropes near the cords,-13.31559944152832,-13.75309944152832,-17.8802490234375,-17.2552490234375,-16.944021224975586,-18.069021224975586,128
test,0,The gentle [wug] between the cabinets atop the desks,The gentle [wugs] between the cabinet atop the desk,-16.13282012939453,-18.85157012939453,-16.782394409179688,-16.094894409179688,-15.632478713989258,-17.069978713989258,128
test,1,The gentle [wugs] between the cabinet atop the desk,The gentle [wug] between the cabinets atop the desks,-16.094894409179688,-16.782394409179688,-18.85157012939453,-16.13282012939453,-17.35123062133789,-16.53873062133789,128
test,0,The curious [wug] near the sacks beside the bins,The curious [wugs] near the sack beside the bin,-5.425332069396973,-10.550332069396973,-8.415090560913086,-4.227591037750244,-6.790307521820068,-6.415307521820068,128
test,1,The curious [wugs] near the sack beside the bin,The curious [wug] near the sacks beside the bins,-4.227591037750244,-8.415090560913086,-10.550332069396973,-5.425332069396973,-5.313473224639893,-6.688473224639893,128
test,0,The graceful [wug] alongside the cabinets near the desks,The graceful [wugs] alongside the cabinet near the desk,-5.303996562957764,-8.053997039794922,-5.61306619644165,-2.3630661964416504,-4.284079074859619,-4.034079074859619,128
test,1,The graceful [wugs] alongside the cabinet near the desk,The graceful [wug] alongside the cabinets near the desks,-2.3630661964416504,-5.61306619644165,-8.053997039794922,-5.303996562957764,-5.685800552368164,-6.060800552368164,128
test,0,The lively [wug] by the jars above the trees,The lively [wugs] by the jar above the tree,-6.514576435089111,-11.01457691192627,-8.146124839782715,-6.896124839782715,-6.894472599029541,-8.6444730758667,128
test,1,The lively [wugs] by the jar above the tree,The lively [wug] by the jars above the trees,-6.896124839782715,-8.146124839782715,-11.01457691192627,-6.514576435089111,-7.763058662414551,-7.388058662414551,128
test,0,The sturdy [wug] by the bridges above the gates,The sturdy [wugs] by the bridge above the gate,-7.029109954833984,-9.529109954833984,-7.284902095794678,-6.409902095794678,-6.770885467529297,-8.520885467529297,128
test,1,The sturdy [wugs] by the bridge above the gate,The sturdy [wug] by the bridges above the gates,-6.409902095794678,-7.284902095794678,-9.529109954833984,-7.029109954833984,-7.908925533294678,-7.408925533294678,128
test,0,The clever [wug] opposite the sacks alongside the bins,The clever [wugs] opposite the sack alongside the bin,-12.00712776184082,-13.50712776184082,-16.331819534301758,-11.675569534301758,-14.768449783325195,-12.580949783325195,128
test,1,The clever [wugs] opposite the sack alongside the bin,The clever [wug] opposite the sacks alongside the bins,-11.675569534301758,-16.331819534301758,-13.50712776184082,-12.00712776184082,-11.619604110717773,-13.244604110717773,128
test,0,The strange [wug] near the switches beside the sockets,The strange [wugs] near the switch beside the socket,-21.34803581237793,-22.34803581237793,-20.698522567749023,-19.667272567749023,-20.2586727142334,-20.1649227142334,128
test,1,The strange [wugs] near the switch beside the socket,The strange [wug] near the switches beside the sockets,-19.667272567749023,-20.698522567749023,-22.34803581237793,-21.34803581237793,-21.44241714477539,-22.44241714477539,128
test,0,The round [wug] between the pens atop the bulbs,The round [wugs] between the pen atop the bulb,-18.71482276916504,-19.80857276916504,-17.864118576049805,-17.207868576049805,-17.885501861572266,-17.510501861572266,128
test,1,The round [wugs] between the pen atop the bulb,The round [wug] between the pens atop the bulbs,-17.207868576049805,-17.864118576049805,-19.80857276916504,-18.71482276916504,-18.639720916748047,-18.639720916748047,128
test,0,The lively [wug] beside the hinges under the nails,The lively [wugs] beside the hinge under the nail,-6.785304546356201,-10.347804069519043,-7.315242767333984,-5.565242767333984,-6.296555042266846,-7.421555042266846,128
test,1,The lively [wugs] beside the hinge under the nail,The lively [wug] beside the hinges under the nails,-5.565242767333984,-7.315242767333984,-10.347804069519043,-6.785304546356201,-7.5372796058654785,-7.4122796058654785,128
test,0,The curious [wug] opposite the racks alongside the hooks,The curious [wugs] opposite the rack alongside the hook,-5.470546722412109,-8.72054672241211,-7.331209659576416,-4.706209659576416,-5.858867168426514,-5.858867168426514,128
test,1,The curious [wugs] opposite the rack alongside the hook,The curious [wug] opposite the racks alongside the hooks,-4.706209659576416,-7.331209659576416,-8.72054672241211,-5.470546722412109,-5.751558780670166,-6.501558780670166,128
test,0,The restless [wug] above the bushes below the tents,The restless [wugs] above the bush below the tent,-16.387508392333984,-18.200008392333984,-17.327299118041992,-16.764799118041992,-17.07419776916504,-17.32419776916504,128
test,1,The restless [wugs] above the bush below the tent,The restless [wug] above the bushes below the tents,-16.764799118041992,-17.327299118041992,-18.200008392333984,-16.387508392333984,-17.761497497558594,-17.136497497558594,128
test,0,The restless [wug] near the buckets beside the sacks,The restless [wugs] near the bucket beside the sack,-15.258363723754883,-15.883363723754883,-16.902263641357422,-13.558513641357422,-16.40707778930664,-14.71957778930664,128
test,1,The restless [wugs] near the bucket beside the sack,The restless [wug] near the buckets beside the sacks,-13.558513641357422,-16.902263641357422,-15.883363723754883,-15.258363723754883,-14.382058143615723,-16.06955909729004,128
test,0,The strange [wug] opposite the sofas alongside the mirrors,The strange [wugs] opposite the sofa alongside the mirror,-13.0891695022583,-16.276670455932617,-14.806497573852539,-12.556497573852539,-13.051494598388672,-13.238994598388672,128
test,1,The strange [wugs] opposite the sofa alongside the mirror,The strange [wug] opposite the sofas alongside the mirrors,-12.556497573852539,-14.806497573852539,-16.276670455932617,-13.0891695022583,-13.592179298400879,-14.342179298400879,128
test,0,The round [wug] near the bushes beside the tents,The round [wugs] near the bush beside the tent,-4.867193222045898,-7.117193222045898,-6.819868087768555,-2.0698680877685547,-4.630682945251465,-3.0056827068328857,128
test,1,The round [wugs] near the bush beside the tent,The round [wug] near the bushes beside the tents,-2.0698680877685547,-6.819868087768555,-7.117193222045898,-4.867193222045898,-3.6438307762145996,-6.6438307762146,128
test,0,The clumsy [wug] under the poles by the buckets,The clumsy [wugs] under the pole by the bucket,-11.537208557128906,-13.662208557128906,-14.408032417297363,-13.158032417297363,-13.99962043762207,-13.87462043762207,128
test,1,The clumsy [wugs] under the pole by the bucket,The clumsy [wug] under the poles by the buckets,-13.158032417297363,-14.408032417297363,-13.662208557128906,-11.537208557128906,-12.570643424987793,-12.758143424987793,128
test,0,The fierce [wug] below the mirrors between the bushes,The fierce [wugs] below the mirror between the bush,-6.02039909362793,-10.52039909362793,-6.639621734619141,-6.014621734619141,-6.174699783325195,-8.299699783325195,128
test,1,The fierce [wugs] below the mirror between the bush,The fierce [wug] below the mirrors between the bushes,-6.014621734619141,-6.639621734619141,-10.52039909362793,-6.02039909362793,-6.158626556396484,-6.408626556396484,128
test,0,The clever [wug] between the doors atop the baskets,The clever [wugs] between the door atop the basket,-5.478885650634766,-9.353885650634766,-6.718759536743164,-5.468759536743164,-5.461958408355713,-6.961958408355713,128
test,1,The clever [wugs] between the door atop the basket,The clever [wug] between the doors atop the baskets,-5.468759536743164,-6.718759536743164,-9.353885650634766,-5.478885650634766,-6.121200084686279,-6.246200084686279,128
test,0,The spotted [wug] opposite the poles alongside the buckets,The spotted [wugs] opposite the pole alongside the bucket,-4.0690412521362305,-5.6940412521362305,-5.453334808349609,-3.5783348083496094,-4.3576154708862305,-4.9826154708862305,128
test,1,The spotted [wugs] opposite the pole alongside the bucket,The spotted [wug] opposite the poles alongside the buckets,-3.5783348083496094,-5.453334808349609,-5.6940412521362305,-4.0690412521362305,-4.330267429351807,-4.455267429351807,128
test,0,The restless [wug] near the cabinets beside the desks,The restless [wugs] near the cabinet beside the desk,-6.034204959869385,-10.409204483032227,-9.988364219665527,-5.550863742828369,-7.529927730560303,-7.279927730560303,128
test,1,The restless [wugs] near the cabinet beside the desk,The restless [wug] near the cabinets beside the desks,-5.550863742828369,-9.988364219665527,-10.409204483032227,-6.034204959869385,-5.5498528480529785,-7.4248528480529785,128
test,0,The graceful [wug] opposite the tents alongside the poles,The graceful [wugs] opposite the tent alongside the pole,-4.605389595031738,-7.730389595031738,-5.94728422164917,-3.322284460067749,-4.503456115722656,-4.753456115722656,128
test,1,The graceful [wugs] opposite the tent alongside the pole,The graceful [wug] opposite the tents alongside the poles,-3.322284460067749,-5.94728422164917,-7.730389595031738,-4.605389595031738,-5.86159610748291,-4.98659610748291,128
test,0,The tiny [wug] opposite the nails alongside the switches,The tiny [wugs] opposite the nail alongside the switch,-6.527460098266602,-8.277460098266602,-4.822568416595459,-2.697568416595459,-3.901191473007202,-4.401191711425781,128
test,1,The tiny [wugs] opposite the nail alongside the switch,The tiny [wug] opposite the nails alongside the switches,-2.697568416595459,-4.822568416595459,-8.277460098266602,-6.527460098266602,-5.787330150604248,-7.287330150604248,128
test,0,The fierce [wug] by the sheds above the posts,The fierce [wugs] by the shed above the post,-6.161926746368408,-9.78692626953125,-6.867719650268555,-4.867719650268555,-5.822498321533203,-7.197498321533203,128
test,1,The fierce [wugs] by the shed above the post,The fierce [wug] by the sheds above the posts,-4.867719650268555,-6.867719650268555,-9.78692626953125,-6.161926746368408,-6.408889293670654,-7.283889293670654,128
test,0,The curious [wug] atop the sheds opposite the posts,The curious [wugs] atop the shed opposite the post,-3.505035877227783,-7.505035877227783,-6.368125915527344,-2.7431259155273438,-3.4406094551086426,-3.8156094551086426,128
test,1,The curious [wugs] atop the shed opposite the post,The curious [wug] atop the sheds opposite the posts,-2.7431259155273438,-6.368125915527344,-7.505035877227783,-3.505035877227783,-3.2924749851226807,-4.167474746704102,128
test,0,The strange [wug] beside the desks under the sofas,The strange [wugs] beside the desk under the sofa,-7.258530616760254,-10.633530616760254,-7.775483131408691,-5.400483131408691,-6.516354084014893,-7.141354084014893,128
test,1,The strange [wugs] beside the desk under the sofa,The strange [wug] beside the desks under the sofas,-5.400483131408691,-7.775483131408691,-10.633530616760254,-7.258530616760254,-7.3839569091796875,-8.633956909179688,128
test,0,The lively [wug] alongside the ponds near the bridges,The lively [wugs] alongside the pond near the bridge,-4.480809688568115,-7.105809688568115,-5.084664344787598,-2.0846645832061768,-3.4824342727661133,-3.4824342727661133,128
test,1,The lively [wugs] alongside the pond near the bridge,The lively [wug] alongside the ponds near the bridges,-2.0846645832061768,-5.084664344787598,-7.105809688568115,-4.480809688568115,-4.863958835601807,-5.488958835601807,128
test,0,The tiny [wug] atop the baskets opposite the pillars,The tiny [wugs] atop the basket opposite the pillar,-14.156251907348633,-15.218751907348633,-14.908390045166016,-12.408390045166016,-14.876764297485352,-13.001764297485352,128
test,1,The tiny [wugs] atop the basket opposite the pillar,The tiny [wug] atop the baskets opposite the pillars,-12.408390045166016,-14.908390045166016,-15.218751907348633,-14.156251907348633,-13.903963088989258,-14.841463088989258,128
test,0,The curious [wug] opposite the trees alongside the ponds,The curious [wugs] opposite the tree alongside the pond,-12.109970092773438,-16.109970092773438,-16.71550750732422,-14.403008460998535,-15.270476341247559,-16.145477294921875,128
test,1,The curious [wugs] opposite the tree alongside the pond,The curious [wug] opposite the trees alongside the ponds,-14.403008460998535,-16.71550750732422,-16.109970092773438,-12.109970092773438,-14.162779808044434,-12.850279808044434,128
test,0,The graceful [wug] near the pillars beside the wells,The graceful [wugs] near the pillar beside the well,-3.7906672954559326,-6.540667533874512,-6.996157169342041,-3.746156930923462,-5.076455116271973,-5.326455116271973,128
test,1,The graceful [wugs] near the pillar beside the well,The graceful [wug] near the pillars beside the wells,-3.746156930923462,-6.996157169342041,-6.540667533874512,-3.7906672954559326,-4.667749881744385,-5.167749881744385,128
test,0,The lively [wug] by the buckets above the sacks,The lively [wugs] by the bucket above the sack,-5.745401382446289,-8.370401382446289,-7.462556838989258,-6.212556838989258,-6.338593482971191,-7.588593482971191,128
test,1,The lively [wugs] by the bucket above the sack,The lively [wug] by the buckets above the sacks,-6.212556838989258,-7.462556838989258,-8.370401382446289,-5.745401382446289,-6.248172760009766,-6.873172760009766,128
test,0,The sturdy [wug] between the shelves atop the racks,The sturdy [wugs] between the shelf atop the rack,-14.203251838684082,-15.078251838684082,-13.655755996704102,-12.968255996704102,-13.929993629455566,-13.992493629455566,128
test,1,The sturdy [wugs] between the shelf atop the rack,The sturdy [wug] between the shelves atop the racks,-12.968255996704102,-13.655755996704102,-15.078251838684082,-14.203251838684082,-13.977782249450684,-14.352782249450684,128
test,0,The shy [wug] opposite the hinges alongside the nails,The shy [wugs] opposite the hinge alongside the nail,-5.694694519042969,-8.569694519042969,-7.5606889724731445,-5.9356889724731445,-6.786916732788086,-7.661916732788086,128
test,1,The shy [wugs] opposite the hinge alongside the nail,The shy [wug] opposite the hinges alongside the nails,-5.9356889724731445,-7.5606889724731445,-8.569694519042969,-5.694694519042969,-6.450992584228516,-6.200992584228516,128
test,0,The restless [wug] by the cords above the straps,The restless [wugs] by the cord above the strap,-15.636220932006836,-16.698720932006836,-14.95927906036377,-14.64677906036377,-14.271078109741211,-15.646078109741211,128
test,1,The restless [wugs] by the cord above the strap,The restless [wug] by the cords above the straps,-14.64677906036377,-14.95927906036377,-16.698720932006836,-15.636220932006836,-15.572993278503418,-16.260494232177734,128
test,0,The strange [wug] near the bushes beside the tents,The strange [wugs] near the bush beside the tent,-3.986297369003296,-8.861297607421875,-6.787078857421875,-2.412079095840454,-4.211966037750244,-4.086966037750244,128
test,1,The strange [wugs] near the bush beside the tent,The strange [wug] near the bushes beside the tents,-2.412079095840454,-6.787078857421875,-8.861297607421875,-3.986297369003296,-3.8767502307891846,-6.251750469207764,128
test,0,The curious [wug] between the locks atop the jars,The curious [wugs] between the lock atop the jar,-14.071438789367676,-15.133938789367676,-12.001777648925781,-10.439277648925781,-11.65749454498291,-11.71999454498291,128
test,1,The curious [wugs] between the lock atop the jar,The curious [wug] between the locks atop the jars,-10.439277648925781,-12.001777648925781,-15.133938789367676,-14.071438789367676,-13.719332695007324,-14.281832695007324,128
test,0,The gentle [wug] beside the desks under the sofas,The gentle [wugs] beside the desk under the sofa,-17.3853816986084,-18.0728816986084,-18.287303924560547,-14.349804878234863,-17.14801025390625,-15.83551025390625,128
test,1,The gentle [wugs] beside the desk under the sofa,The gentle [wug] beside the desks under the sofas,-14.349804878234863,-18.287303924560547,-18.0728816986084,-17.3853816986084,-16.199321746826172,-18.449321746826172,128
test,0,The strange [wug] atop the sheds opposite the posts,The strange [wugs] atop the shed opposite the post,-3.3990700244903564,-7.1490702629089355,-7.1139373779296875,-4.2389373779296875,-4.176971435546875,-4.926971435546875,128
test,1,The strange [wugs] atop the shed opposite the post,The strange [wug] atop the sheds opposite the posts,-4.2389373779296875,-7.1139373779296875,-7.1490702629089355,-3.3990700244903564,-2.598503828048706,-4.473504066467285,128
test,0,The wary [wug] alongside the poles near the buckets,The wary [wugs] alongside the pole near the bucket,-6.313478469848633,-8.813478469848633,-8.195183753967285,-4.070183753967285,-6.275635242462158,-5.775635242462158,128
test,1,The wary [wugs] alongside the pole near the bucket,The wary [wug] alongside the poles near the buckets,-4.070183753967285,-8.195183753967285,-8.813478469848633,-6.313478469848633,-5.6119232177734375,-7.4869232177734375,128
test,0,The tiny [wug] alongside the poles near the buckets,The tiny [wugs] alongside the pole near the bucket,-14.737960815429688,-18.144210815429688,-16.876405715942383,-16.063905715942383,-15.556777954101562,-16.838027954101562,128
test,1,The tiny [wugs] alongside the pole near the bucket,The tiny [wug] alongside the poles near the buckets,-16.063905715942383,-16.876405715942383,-18.144210815429688,-14.737960815429688,-16.146217346191406,-15.521217346191406,128
test,0,The spotted [wug] near the desks beside the sofas,The spotted [wugs] near the desk beside the sofa,-5.524631500244141,-9.02463150024414,-6.985567569732666,-3.485567331314087,-5.42098331451416,-5.42098331451416,128
test,1,The spotted [wugs] near the desk beside the sofa,The spotted [wug] near the desks beside the sofas,-3.485567331314087,-6.985567569732666,-9.02463150024414,-5.524631500244141,-5.418529033660889,-5.918529033660889,128
test,0,The round [wug] atop the buckets opposite the sacks,The round [wugs] atop the bucket opposite the sack,-10.864492416381836,-11.739492416381836,-12.41751480102539,-10.23001480102539,-11.347267150878906,-10.534767150878906,128
test,1,The round [wugs] atop the bucket opposite the sack,The round [wug] atop the buckets opposite the sacks,-10.23001480102539,-12.41751480102539,-11.739492416381836,-10.864492416381836,-10.322524070739746,-12.322524070739746,128
test,0,The tiny [wug] beside the fences under the lamps,The tiny [wugs] beside the fence under the lamp,-6.392087936401367,-9.642087936401367,-6.770013809204102,-3.5200140476226807,-5.311017036437988,-5.561017036437988,128
test,1,The tiny [wugs] beside the fence under the lamp,The tiny [wug] beside the fences under the lamps,-3.5200140476226807,-6.770013809204102,-9.642087936401367,-6.392087936401367,-6.1487298011779785,-7.7737298011779785,128
test,0,The round [wug] near the gates beside the fences,The round [wugs] near the gate beside the fence,-6.261612892150879,-10.136612892150879,-6.549682140350342,-3.0496819019317627,-5.3370680809021,-4.2120680809021,128
test,1,The round [wugs] near the gate beside the fence,The round [wug] near the gates beside the fences,-3.0496819019317627,-6.549682140350342,-10.136612892150879,-6.261612892150879,-6.016602516174316,-7.516602516174316,128
test,0,The tiny [wug] atop the braces opposite the panels,The tiny [wugs] atop the brace opposite the panel,-3.576707124710083,-6.576706886291504,-4.638927459716797,-2.263927459716797,-2.795844793319702,-3.545844793319702,128
test,1,The tiny [wugs] atop the brace opposite the panel,The tiny [wug] atop the braces opposite the panels,-2.263927459716797,-4.638927459716797,-6.576706886291504,-3.576707124710083,-3.0170371532440186,-5.142037391662598,128
test,0,The gentle [wug] beside the desks under the sofas,The gentle [wugs] beside the desk under the sofa,-7.260382175445557,-10.260381698608398,-7.787304401397705,-5.537304401397705,-6.648010730743408,-7.523010730743408,128
test,1,The gentle [wugs] beside the desk under the sofa,The gentle [wug] beside the desks under the sofas,-5.537304401397705,-7.787304401397705,-10.260381698608398,-7.260382175445557,-7.386821746826172,-8.136821746826172,128
test,0,The curious [wug] alongside the boards near the shelves,The curious [wugs] alongside the board near the shelf,-16.785877227783203,-18.254627227783203,-17.996442794799805,-14.871443748474121,-17.260286331176758,-16.291536331176758,128
test,1,The curious [wugs] alongside the board near the shelf,The curious [wug] alongside the boards near the shelves,-14.871443748474121,-17.996442794799805,-18.254627227783203,-16.785877227783203,-16.165668487548828,-17.540668487548828,128
test,0,The restless [wug] atop the sockets opposite the wires,The restless [wugs] atop the socket opposite the wire,-4.738121032714844,-8.238121032714844,-5.5695319175720215,-2.8195319175720215,-3.9686484336853027,-4.593648433685303,128
test,1,The restless [wugs] atop the socket opposite the wire,The restless [wug] atop the sockets opposite the wires,-2.8195319175720215,-5.5695319175720215,-8.238121032714844,-4.738121032714844,-4.414251804351807,-5.414251804351807,128
test,0,The tiny [wug] near the baskets beside the pillars,The tiny [wugs] near the basket beside the pillar,-5.780074119567871,-8.530074119567871,-7.636780261993408,-3.261780023574829,-5.808258056640625,-4.808258056640625,128
test,1,The tiny [wugs] near the basket beside the pillar,The tiny [wug] near the baskets beside the pillars,-3.261780023574829,-7.636780261993408,-8.530074119567871,-5.780074119567871,-4.688643455505371,-7.313643455505371,128
test,0,The gentle [wug] near the bushes beside the tents,The gentle [wugs] near the bush beside the tent,-4.502902030944824,-8.252902030944824,-6.607203006744385,-2.6072030067443848,-4.252793312072754,-4.502793312072754,128
test,1,The gentle [wugs] near the bush beside the tent,The gentle [wug] near the bushes beside the tents,-2.6072030067443848,-6.607203006744385,-8.252902030944824,-4.502902030944824,-4.397824764251709,-6.147824764251709,128
test,0,The shy [wug] by the braces above the panels,The shy [wugs] by the brace above the panel,-7.636667251586914,-11.011667251586914,-8.271784782409668,-7.52178430557251,-7.271097660064697,-9.146097183227539,128
test,1,The shy [wugs] by the brace above the panel,The shy [wug] by the braces above the panels,-7.52178430557251,-8.271784782409668,-11.011667251586914,-7.636667251586914,-8.511849403381348,-8.261849403381348,128
test,0,The bold [wug] near the hinges beside the nails,The bold [wugs] near the hinge beside the nail,-15.567313194274902,-17.536062240600586,-17.302780151367188,-16.865280151367188,-17.194232940673828,-18.037982940673828,128
test,1,The bold [wugs] near the hinge beside the nail,The bold [wug] near the hinges beside the nails,-16.865280151367188,-17.302780151367188,-17.536062240600586,-15.567313194274902,-15.841262817382812,-16.341262817382812,128
test,0,The clumsy [wug] below the racks between the hooks,The clumsy [wugs] below the rack between the hook,-4.870324611663818,-8.87032413482666,-7.628795623779297,-6.503795623779297,-6.606027603149414,-7.481027603149414,128
test,1,The clumsy [wugs] below the rack between the hook,The clumsy [wug] below the racks between the hooks,-6.503795623779297,-7.628795623779297,-8.87032413482666,-4.870324611663818,-4.776394844055176,-6.276394844055176,128
test,0,The bold [wug] above the banks below the locks,The bold [wugs] above the bank below the lock,-6.267702102661133,-8.892702102661133,-7.8841552734375,-7.3841552734375,-7.507339000701904,-9.132339477539062,128
test,1,The bold [wugs] above the bank below the lock,The bold [wug] above the banks below the locks,-7.3841552734375,-7.8841552734375,-8.892702102661133,-6.267702102661133,-6.767160892486572,-6.892160892486572,128
test,0,The clumsy [wug] atop the shelves opposite the racks,The clumsy [wugs] atop the shelf opposite the rack,-13.820572853088379,-15.945572853088379,-15.838109970092773,-12.775609970092773,-15.25342082977295,-13.62842082977295,128
test,1,The clumsy [wugs] atop the shelf opposite the rack,The clumsy [wug] atop the shelves opposite the racks,-12.775609970092773,-15.838109970092773,-15.945572853088379,-13.820572853088379,-14.05387020111084,-15.24137020111084,128
test,0,The clever [wug] above the braces below the panels,The clever [wugs] above the brace below the panel,-13.392614364624023,-16.392614364624023,-15.080347061157227,-13.830347061157227,-13.828994750976562,-14.891494750976562,128
test,1,The clever [wugs] above the brace below the panel,The clever [wug] above the braces below the panels,-13.830347061157227,-15.080347061157227,-16.392614364624023,-13.392614364624023,-14.516218185424805,-14.453718185424805,128
test,0,The lively [wug] under the cabinets by the desks,The lively [wugs] under the cabinet by the desk,-14.467320442199707,-16.52981948852539,-18.946819305419922,-15.009319305419922,-16.807872772216797,-15.995372772216797,128
test,1,The lively [wugs] under the cabinet by the desk,The lively [wug] under the cabinets by the desks,-15.009319305419922,-18.946819305419922,-16.52981948852539,-14.467320442199707,-14.03831672668457,-15.85081672668457,128
test,0,The graceful [wug] by the lamps above the sheds,The graceful [wugs] by the lamp above the shed,-7.509678363800049,-11.197178840637207,-7.787635803222656,-5.912635803222656,-6.651485443115234,-7.526485443115234,128
test,1,The graceful [wugs] by the lamp above the shed,The graceful [wug] by the lamps above the sheds,-5.912635803222656,-7.787635803222656,-11.197178840637207,-7.509678363800049,-9.259819984436035,-8.009819984436035,128
test,0,The wary [wug] opposite the trees alongside the ponds,The wary [wugs] opposite the tree alongside the pond,-13.413748741149902,-17.851247787475586,-16.04129981994629,-15.041299819946289,-14.533531188964844,-16.346031188964844,128
test,1,The wary [wugs] opposite the tree alongside the pond,The wary [wug] opposite the trees alongside the ponds,-15.041299819946289,-16.04129981994629,-17.851247787475586,-13.413748741149902,-16.968992233276367,-14.593992233276367,128
test,0,The gentle [wug] opposite the fences alongside the lamps,The gentle [wugs] opposite the fence alongside the lamp,-5.445945739746094,-7.570945739746094,-5.740024566650391,-5.115024566650391,-4.396573066711426,-7.021573066711426,128
test,1,The gentle [wugs] opposite the fence alongside the lamp,The gentle [wug] opposite the fences alongside the lamps,-5.115024566650391,-5.740024566650391,-7.570945739746094,-5.445945739746094,-5.21823787689209,-6.21823787689209,128
test,0,The lively [wug] above the sheds below the posts,The lively [wugs] above the shed below the post,-14.651422500610352,-16.46392250061035,-15.490299224853516,-13.552799224853516,-15.469950675964355,-14.907450675964355,128
test,1,The lively [wugs] above the shed below the post,The lively [wug] above the sheds below the posts,-13.552799224853516,-15.490299224853516,-16.46392250061035,-14.651422500610352,-14.962438583374023,-15.399938583374023,128
test,0,The strange [wug] above the posts below the doors,The strange [wugs] above the post below the door,-17.317148208618164,-19.004648208618164,-19.25392723083496,-18.56642723083496,-18.628263473510742,-19.003263473510742,128
test,1,The strange [wugs] above the post below the door,The strange [wug] above the posts below the doors,-18.56642723083496,-19.25392723083496,-19.004648208618164,-17.317148208618164,-18.379331588745117,-18.441831588745117,128
test,0,The curious [wug] beside the sacks under the bins,The curious [wugs] beside the sack under the bin,-6.029888153076172,-10.717388153076172,-9.14780330657959,-6.27280330657959,-7.144349575042725,-8.019349098205566,128
test,1,The curious [wugs] beside the sack under the bin,The curious [wug] beside the sacks under the bins,-6.27280330657959,-9.14780330657959,-10.717388153076172,-6.029888153076172,-6.774560928344727,-7.399560928344727,128
test,0,The gentle [wug] beside the sacks under the bins,The gentle [wugs] beside the sack under the bin,-6.1548686027526855,-9.779868125915527,-8.283369064331055,-6.0333685874938965,-6.780727386474609,-7.655727386474609,128
test,1,The gentle [wugs] beside the sack under the bin,The gentle [wug] beside the sacks under the bins,-6.0333685874938965,-8.283369064331055,-9.779868125915527,-6.1548686027526855,-6.775050640106201,-7.650050640106201,128
test,0,The wary [wug] between the cords atop the straps,The wary [wugs] between the cord atop the strap,-15.752403259277344,-16.314903259277344,-16.7921142578125,-15.4171142578125,-16.228166580200195,-15.790667533874512,128
test,1,The wary [wugs] between the cord atop the strap,The wary [wug] between the cords atop the straps,-15.4171142578125,-16.7921142578125,-16.314903259277344,-15.752403259277344,-15.439494132995605,-16.31449317932129,128
test,0,The restless [wug] beside the wires under the ropes,The restless [wugs] beside the wire under the rope,-8.25964069366455,-13.00964069366455,-10.201054573059082,-8.638554573059082,-8.761689186096191,-10.261689186096191,128
test,1,The restless [wugs] beside the wire under the rope,The restless [wug] beside the wires under the ropes,-8.638554573059082,-10.201054573059082,-13.00964069366455,-8.25964069366455,-9.635298728942871,-9.010298728942871,128
test,0,The bold [wug] under the beams by the braces,The bold [wugs] under the beam by the brace,-15.575108528137207,-16.38760757446289,-15.39523983001709,-14.95773983001709,-15.464823722839355,-15.402323722839355,128
test,1,The bold [wugs] under the beam by the brace,The bold [wug] under the beams by the braces,-14.95773983001709,-15.39523983001709,-16.38760757446289,-15.575108528137207,-15.962040901184082,-15.774540901184082,128
test,0,The graceful [wug] beside the racks under the hooks,The graceful [wugs] beside the rack under the hook,-6.65380859375,-9.90380859375,-7.219449996948242,-5.594449996948242,-6.435153007507324,-6.685153007507324,128
test,1,The graceful [wugs] beside the rack under the hook,The graceful [wug] beside the racks under the hooks,-5.594449996948242,-7.219449996948242,-9.90380859375,-6.65380859375,-8.025925636291504,-7.275925636291504,128
test,0,The graceful [wug] above the desks below the sofas,The graceful [wugs] above the desk below the sofa,-7.756331443786621,-10.506331443786621,-7.641751289367676,-7.016751289367676,-7.013253688812256,-8.513253211975098,128
test,1,The graceful [wugs] above the desk below the sofa,The graceful [wug] above the desks below the sofas,-7.016751289367676,-7.641751289367676,-10.506331443786621,-7.756331443786621,-9.255589485168457,-8.505589485168457,128
test,0,The tiny [wug] near the sockets beside the wires,The tiny [wugs] near the socket beside the wire,-12.26628589630127,-13.64128589630127,-9.735886573791504,-7.923386573791504,-9.838521957397461,-8.963521957397461,128
test,1,The tiny [wugs] near the socket beside the wire,The tiny [wug] near the sockets beside the wires,-7.923386573791504,-9.735886573791504,-13.64128589630127,-12.26628589630127,-10.660277366638184,-12.660277366638184,128
test,0,The tiny [wug] by the cords above the straps,The tiny [wugs] by the cord above the strap,-7.6497578620910645,-9.149757385253906,-7.5665388107299805,-5.5665388107299805,-6.674075126647949,-7.049075126647949,128
test,1,The tiny [wugs] by the cord above the strap,The tiny [wug] by the cords above the straps,-5.5665388107299805,-7.5665388107299805,-9.149757385253906,-7.6497578620910645,-7.5226616859436035,-9.022662162780762,128
test,0,The gentle [wug] opposite the heaps alongside the pens,The gentle [wugs] opposite the heap alongside the pen,-5.075603485107422,-7.450603485107422,-4.9301252365112305,-3.5551254749298096,-3.715334892272949,-5.590334892272949,128
test,1,The gentle [wugs] opposite the heap alongside the pen,The gentle [wug] opposite the heaps alongside the pens,-3.5551254749298096,-4.9301252365112305,-7.450603485107422,-5.075603485107422,-5.584560394287109,-5.459560394287109,128
test,0,The gentle [wug] opposite the trees alongside the ponds,The gentle [wugs] opposite the tree alongside the pond,-16.15767478942871,-19.18892478942871,-18.068815231323242,-15.662565231323242,-16.593069076538086,-17.218069076538086,128
test,1,The gentle [wugs] opposite the tree alongside the pond,The gentle [wug] opposite the trees alongside the ponds,-15.662565231323242,-18.068815231323242,-19.18892478942871,-16.15767478942871,-17.035249710083008,-16.472749710083008,128
test,0,The curious [wug] between the mirrors atop the bushes,The curious [wugs] between the mirror atop the bush,-17.58152961730957,-18.70652961730957,-17.609041213989258,-15.890291213989258,-17.385717391967773,-16.791967391967773,128
test,1,The curious [wugs] between the mirror atop the bush,The curious [wug] between the mirrors atop the bushes,-15.890291213989258,-17.609041213989258,-18.70652961730957,-17.58152961730957,-16.72060775756836,-17.47060775756836,128
test,0,The bold [wug] atop the bushes opposite the tents,The bold [wugs] atop the bush opposite the tent,-14.980385780334473,-19.011634826660156,-19.0830135345459,-17.7080135345459,-17.266191482543945,-18.266191482543945,128
test,1,The bold [wugs] atop the bush opposite the tent,The bold [wug] atop the bushes opposite the tents,-17.7080135345459,-19.0830135345459,-19.011634826660156,-14.980385780334473,-17.0919189453125,-17.4669189453125,128
test,0,The strange [wug] between the switches atop the sockets,The strange [wugs] between the switch atop the socket,-7.135390281677246,-10.635390281677246,-7.969475269317627,-6.219475269317627,-6.7321906089782715,-7.9821906089782715,128
test,1,The strange [wugs] between the switch atop the socket,The strange [wug] between the switches atop the sockets,-6.219475269317627,-7.969475269317627,-10.635390281677246,-7.135390281677246,-6.762253284454346,-8.512253761291504,128
test,0,The clever [wug] atop the cords opposite the straps,The clever [wugs] atop the cord opposite the strap,-13.809688568115234,-15.559688568115234,-14.50823974609375,-13.88323974609375,-14.338515281677246,-14.526015281677246,128
test,1,The clever [wugs] atop the cord opposite the strap,The clever [wug] atop the cords opposite the straps,-13.88323974609375,-14.50823974609375,-15.559688568115234,-13.809688568115234,-14.383857727050781,-14.446357727050781,128
test,0,The clever [wug] between the pens atop the bulbs,The clever [wugs] between the pen atop the bulb,-17.202611923217773,-18.640111923217773,-15.995232582092285,-15.307732582092285,-16.04768943786621,-15.735189437866211,128
test,1,The clever [wugs] between the pen atop the bulb,The clever [wug] between the pens atop the bulbs,-15.307732582092285,-15.995232582092285,-18.640111923217773,-17.202611923217773,-18.01848602294922,-17.33098602294922,128
test,0,The spotted [wug] alongside the locks near the jars,The spotted [wugs] alongside the lock near the jar,-5.477975368499756,-7.477975368499756,-5.128805160522461,-4.253805160522461,-5.142374515533447,-6.892374515533447,128
test,1,The spotted [wugs] alongside the lock near the jar,The spotted [wug] alongside the locks near the jars,-4.253805160522461,-5.128805160522461,-7.477975368499756,-5.477975368499756,-5.189492225646973,-5.564492225646973,128
test,0,The spotted [wug] atop the sockets opposite the wires,The spotted [wugs] atop the socket opposite the wire,-10.123693466186523,-12.186193466186523,-11.810908317565918,-10.248408317565918,-11.245063781738281,-10.620063781738281,128
test,1,The spotted [wugs] atop the socket opposite the wire,The spotted [wug] atop the sockets opposite the wires,-10.248408317565918,-11.810908317565918,-12.186193466186523,-10.123693466186523,-10.273698806762695,-10.836198806762695,128
test,0,The round [wug] atop the bushes opposite the tents,The round [wugs] atop the bush opposite the tent,-11.512598037719727,-13.325098037719727,-15.871942520141602,-11.371942520141602,-13.581121444702148,-11.831121444702148,128
test,1,The round [wugs] atop the bush opposite the tent,The round [wug] atop the bushes opposite the tents,-11.371942520141602,-15.871942520141602,-13.325098037719727,-11.512598037719727,-11.026307106018066,-13.588807106018066,128
test,0,The restless [wug] beside the straps under the heaps,The restless [wugs] beside the strap under the heap,-9.414077758789062,-10.789077758789062,-9.938230514526367,-9.563230514526367,-9.079170227050781,-10.766670227050781,128
test,1,The restless [wugs] beside the strap under the heap,The restless [wug] beside the straps under the heaps,-9.563230514526367,-9.938230514526367,-10.789077758789062,-9.414077758789062,-9.958271026611328,-10.333271026611328,128
test,0,The wary [wug] between the hooks atop the knobs,The wary [wugs] between the hook atop the knob,-6.181001663208008,-9.118501663208008,-6.891146659851074,-5.016146659851074,-5.448540687561035,-6.698540687561035,128
test,1,The wary [wugs] between the hook atop the knob,The wary [wug] between the hooks atop the knobs,-5.016146659851074,-6.891146659851074,-9.118501663208008,-6.181001663208008,-6.327617645263672,-6.827617645263672,128
test,0,The restless [wug] between the shelves atop the racks,The restless [wugs] between the shelf atop the rack,-6.429628849029541,-9.617128372192383,-7.03019905090332,-5.28019905090332,-5.767973899841309,-6.517973899841309,128
test,1,The restless [wugs] between the shelf atop the rack,The restless [wug] between the shelves atop the racks,-5.28019905090332,-7.03019905090332,-9.617128372192383,-6.429628849029541,-6.695780277252197,-6.820780277252197,128
test,0,The tiny [wug] beside the panels under the boards,The tiny [wugs] beside the panel under the board,-12.557680130004883,-15.182680130004883,-13.185734748840332,-11.748234748840332,-12.319341659545898,-13.194341659545898,128
test,1,The tiny [wugs] beside the panel under the board,The tiny [wug] beside the panels under the boards,-11.748234748840332,-13.185734748840332,-15.182680130004883,-12.557680130004883,-12.818242073059082,-13.630742073059082,128
test,0,The bold [wug] opposite the nails alongside the switches,The bold [wugs] opposite the nail alongside the switch,-6.296489238739014,-7.296489238739014,-5.389581203460693,-4.639581203460693,-5.09026575088501,-6.21526575088501,128
test,1,The bold [wugs] opposite the nail alongside the switch,The bold [wug] opposite the nails alongside the switches,-4.639581203460693,-5.389581203460693,-7.296489238739014,-6.296489238739014,-5.811008930206299,-6.811008930206299,128
test,0,The clever [wug] alongside the heaps near the pens,The clever [wugs] alongside the heap near the pen,-6.169996738433838,-7.919996738433838,-6.353825569152832,-4.478825569152832,-5.068298816680908,-6.818298816680908,128
test,1,The clever [wugs] alongside the heap near the pen,The clever [wug] alongside the heaps near the pens,-4.478825569152832,-6.353825569152832,-7.919996738433838,-6.169996738433838,-5.798349380493164,-7.048349380493164,128
test,0,The lively [wug] between the poles atop the buckets,The lively [wugs] between the pole atop the bucket,-12.315183639526367,-13.127683639526367,-12.691264152526855,-10.378764152526855,-12.13576602935791,-11.38576602935791,128
test,1,The lively [wugs] between the pole atop the bucket,The lively [wug] between the poles atop the buckets,-10.378764152526855,-12.691264152526855,-13.127683639526367,-12.315183639526367,-11.374262809753418,-12.936762809753418,128
test,0,The round [wug] atop the bushes opposite the tents,The round [wugs] atop the bush opposite the tent,-1.137597680091858,-5.637597560882568,-4.871942043304443,-0.7469422221183777,-1.7686212062835693,-1.6436212062835693,128
test,1,The round [wugs] atop the bush opposite the tent,The round [wug] atop the bushes opposite the tents,-0.7469422221183777,-4.871942043304443,-5.637597560882568,-1.137597680091858,-1.276307463645935,-2.6513075828552246,128
test,0,The shy [wug] below the nails between the switches,The shy [wugs] below the nail between the switch,-16.282155990600586,-16.657155990600586,-16.619783401489258,-15.151033401489258,-16.60763931274414,-15.54513931274414,128
test,1,The shy [wugs] below the nail between the switch,The shy [wug] below the nails between the switches,-15.151033401489258,-16.619783401489258,-16.657155990600586,-16.282155990600586,-15.968823432922363,-17.343822479248047,128
test,0,The round [wug] above the shelves below the racks,The round [wugs] above the shelf below the rack,-5.281639575958252,-7.281639575958252,-5.230690002441406,-2.980689764022827,-4.510735511779785,-4.135735511779785,128
test,1,The round [wugs] above the shelf below the rack,The round [wug] above the shelves below the racks,-2.980689764022827,-5.230690002441406,-7.281639575958252,-5.281639575958252,-4.790335178375244,-6.540335178375244,128
test,0,The wary [wug] opposite the racks alongside the hooks,The wary [wugs] opposite the rack alongside the hook,-6.302152156829834,-9.864652633666992,-8.201827049255371,-5.639326572418213,-6.827511787414551,-6.702511787414551,128
test,1,The wary [wugs] opposite the rack alongside the hook,The wary [wug] opposite the racks alongside the hooks,-5.639326572418213,-8.201827049255371,-9.864652633666992,-6.302152156829834,-6.687592029571533,-7.312592029571533,128
test,0,The strange [wug] above the hinges below the nails,The strange [wugs] above the hinge below the nail,-15.132996559143066,-16.695497512817383,-17.01279640197754,-14.512797355651855,-16.19826889038086,-15.69826889038086,128
test,1,The strange [wugs] above the hinge below the nail,The strange [wug] above the hinges below the nails,-14.512797355651855,-17.01279640197754,-16.695497512817383,-15.132996559143066,-15.06978702545166,-16.069786071777344,128
test,0,The bold [wug] near the baskets beside the pillars,The bold [wugs] near the basket beside the pillar,-4.931151390075684,-6.556151390075684,-7.800836086273193,-4.675836086273193,-6.530616283416748,-6.280616283416748,128
test,1,The bold [wugs] near the basket beside the pillar,The bold [wug] near the baskets beside the pillars,-4.675836086273193,-7.800836086273193,-6.556151390075684,-4.931151390075684,-4.2059221267700195,-6.5809221267700195,128
test,0,The gentle [wug] near the cabinets beside the desks,The gentle [wugs] near the cabinet beside the desk,-6.028973579406738,-8.653973579406738,-8.319788932800293,-4.319788932800293,-6.045767784118652,-5.920767784118652,128
test,1,The gentle [wugs] near the cabinet beside the desk,The gentle [wug] near the cabinets beside the desks,-4.319788932800293,-8.319788932800293,-8.653973579406738,-6.028973579406738,-5.409523010253906,-8.034523010253906,128
test,0,The strange [wug] near the desks beside the sofas,The strange [wugs] near the desk beside the sofa,-7.383968353271484,-11.008968353271484,-8.283455848693848,-5.033456325531006,-6.396859645843506,-6.396859645843506,128
test,1,The strange [wugs] near the desk beside the sofa,The strange [wug] near the desks beside the sofas,-5.033456325531006,-8.283455848693848,-11.008968353271484,-7.383968353271484,-7.135943412780762,-9.135943412780762,128
test,0,The wary [wug] between the lamps atop the sheds,The wary [wugs] between the lamp atop the shed,-7.267150402069092,-10.20465087890625,-7.78435754776001,-4.59685754776001,-5.877068519592285,-6.127068519592285,128
test,1,The wary [wugs] between the lamp atop the shed,The wary [wug] between the lamps atop the sheds,-4.59685754776001,-7.78435754776001,-10.20465087890625,-7.267150402069092,-7.647604465484619,-7.897604465484619,128
test,0,The graceful [wug] under the lamps by the sheds,The graceful [wugs] under the lamp by the shed,-7.382309913635254,-11.319809913635254,-8.632011413574219,-8.382011413574219,-7.881640911102295,-9.881640434265137,128
test,1,The graceful [wugs] under the lamp by the shed,The graceful [wug] under the lamps by the sheds,-8.382011413574219,-8.632011413574219,-11.319809913635254,-7.382309913635254,-9.506926536560059,-7.756927013397217,128
test,0,The wary [wug] atop the slopes opposite the banks,The wary [wugs] atop the slope opposite the bank,-14.086019515991211,-18.08601951599121,-16.55507469177246,-16.05507469177246,-15.012545585632324,-16.668794631958008,128
test,1,The wary [wugs] atop the slope opposite the bank,The wary [wug] atop the slopes opposite the banks,-16.05507469177246,-16.55507469177246,-18.08601951599121,-14.086019515991211,-16.386962890625,-14.949462890625,128
test,0,The gentle [wug] under the switches by the sockets,The gentle [wugs] under the switch by the socket,-8.132513999938965,-11.382513999938965,-9.13327693939209,-7.63327693939209,-8.256082534790039,-9.631082534790039,128
test,1,The gentle [wugs] under the switch by the socket,The gentle [wug] under the switches by the sockets,-7.63327693939209,-9.13327693939209,-11.382513999938965,-8.132513999938965,-8.383587837219238,-9.008587837219238,128
test,0,The lively [wug] opposite the hooks alongside the knobs,The lively [wugs] opposite the hook alongside the knob,-14.96784782409668,-15.65534782409668,-16.284143447875977,-13.034144401550293,-15.942574501037598,-14.005074501037598,128
test,1,The lively [wugs] opposite the hook alongside the knob,The lively [wug] opposite the hooks alongside the knobs,-13.034144401550293,-16.284143447875977,-15.65534782409668,-14.96784782409668,-14.291156768798828,-15.728656768798828,128
test,0,The clever [wug] atop the slopes opposite the banks,The clever [wugs] atop the slope opposite the bank,-4.824681282043457,-9.699681282043457,-6.682499885559082,-2.057499647140503,-3.8387582302093506,-3.4637582302093506,128
test,1,The clever [wugs] atop the slope opposite the bank,The clever [wug] atop the slopes opposite the banks,-2.057499647140503,-6.682499885559082,-9.699681282043457,-4.824681282043457,-5.043271541595459,-5.793271541595459,128
test,0,The bold [wug] above the racks below the hooks,The bold [wugs] above the rack below the hook,-5.5296735763549805,-7.4046735763549805,-7.0510149002075195,-5.0510149002075195,-6.036602020263672,-6.411602020263672,128
test,1,The bold [wugs] above the rack below the hook,The bold [wug] above the racks below the hooks,-5.0510149002075195,-7.0510149002075195,-7.4046735763549805,-5.5296735763549805,-5.283398151397705,-7.033398151397705,128
test,0,The wary [wug] above the banks below the locks,The wary [wugs] above the bank below the lock,-8.25676441192627,-11.75676441192627,-10.442934036254883,-9.630434036254883,-9.629109382629395,-11.754109382629395,128
test,1,The wary [wugs] above the bank below the lock,The wary [wug] above the banks below the locks,-9.630434036254883,-10.442934036254883,-11.75676441192627,-8.25676441192627,-9.380834579467773,-9.380834579467773,128
test,0,The round [wug] under the sofas by the mirrors,The round [wugs] under the sofa by the mirror,-11.152952194213867,-14.152952194213867,-12.665494918823242,-10.290494918823242,-12.211686134338379,-11.649186134338379,128
test,1,The round [wugs] under the sofa by the mirror,The round [wug] under the sofas by the mirrors,-10.290494918823242,-12.665494918823242,-14.152952194213867,-11.152952194213867,-11.406665802001953,-11.969165802001953,128
test,0,The fierce [wug] near the desks beside the sofas,The fierce [wugs] near the desk beside the sofa,-6.5193634033203125,-10.019363403320312,-7.9590559005737305,-4.3340559005737305,-6.2846879959106445,-6.7846879959106445,128
test,1,The fierce [wugs] near the desk beside the sofa,The fierce [wug] near the desks beside the sofas,-4.3340559005737305,-7.9590559005737305,-10.019363403320312,-6.5193634033203125,-6.033257484436035,-7.533257484436035,128
test,0,The clumsy [wug] by the boards above the shelves,The clumsy [wugs] by the board above the shelf,-8.012923240661621,-10.762923240661621,-8.530256271362305,-6.7802557945251465,-7.528880596160889,-7.653880596160889,128
test,1,The clumsy [wugs] by the board above the shelf,The clumsy [wug] by the boards above the shelves,-6.7802557945251465,-8.530256271362305,-10.762923240661621,-8.012923240661621,-8.26215934753418,-8.88715934753418,128
test,0,The curious [wug] atop the baskets opposite the pillars,The curious [wugs] atop the basket opposite the pillar,-3.2467474937438965,-6.4967474937438965,-6.740727424621582,-2.865727186203003,-4.604048252105713,-4.354048252105713,128
test,1,The curious [wugs] atop the basket opposite the pillar,The curious [wug] atop the baskets opposite the pillars,-2.865727186203003,-6.740727424621582,-6.4967474937438965,-3.2467474937438965,-3.035778522491455,-4.285778522491455,128
test,0,The gentle [wug] between the bushes atop the tents,The gentle [wugs] between the bush atop the tent,-16.814315795898438,-18.283065795898438,-16.513349533081055,-15.575849533081055,-16.271894454956055,-16.459394454956055,128
test,1,The gentle [wugs] between the bush atop the tent,The gentle [wug] between the bushes atop the tents,-15.575849533081055,-16.513349533081055,-18.283065795898438,-16.814315795898438,-17.12526512145996,-16.78151512145996,128
test,0,The curious [wug] near the gates beside the fences,The curious [wugs] near the gate beside the fence,-6.767040252685547,-11.142040252685547,-8.211817741394043,-4.461818218231201,-6.77942419052124,-6.52942419052124,128
test,1,The curious [wugs] near the gate beside the fence,The curious [wug] near the gates beside the fences,-4.461818218231201,-8.211817741394043,-11.142040252685547,-6.767040252685547,-6.899957656860352,-7.649957656860352,128
test,0,The clever [wug] above the slopes below the banks,The clever [wugs] above the slope below the bank,-16.76847267150879,-18.14347267150879,-18.674320220947266,-16.580570220947266,-18.20355987548828,-17.14105987548828,128
test,1,The clever [wugs] above the slope below the bank,The clever [wug] above the slopes below the banks,-16.580570220947266,-18.674320220947266,-18.14347267150879,-16.76847267150879,-17.20374870300293,-17.64124870300293,128
test,0,The graceful [wug] opposite the nails alongside the switches,The graceful [wugs] opposite the nail alongside the switch,-6.9048895835876465,-8.404890060424805,-5.731404781341553,-5.481404781341553,-5.567234039306641,-6.817234039306641,128
test,1,The graceful [wugs] opposite the nail alongside the switch,The graceful [wug] opposite the nails alongside the switches,-5.481404781341553,-5.731404781341553,-8.404890060424805,-6.9048895835876465,-7.404539108276367,-7.279539108276367,128
test,0,The graceful [wug] beside the fences under the lamps,The graceful [wugs] beside the fence under the lamp,-16.700788497924805,-18.513288497924805,-16.583791732788086,-16.271291732788086,-16.922088623046875,-17.109588623046875,128
test,1,The graceful [wugs] beside the fence under the lamp,The graceful [wug] beside the fences under the lamps,-16.271291732788086,-16.583791732788086,-18.513288497924805,-16.700788497924805,-17.951635360717773,-16.701635360717773,128
test,0,The lively [wug] below the sofas between the mirrors,The lively [wugs] below the sofa between the mirror,-11.816593170166016,-13.816593170166016,-13.168649673461914,-12.856149673461914,-12.908132553100586,-12.908132553100586,128
test,1,The lively [wugs] below the sofa between the mirror,The lively [wug] below the sofas between the mirrors,-12.856149673461914,-13.168649673461914,-13.816593170166016,-11.816593170166016,-11.825505256652832,-12.388005256652832,128
test,0,The clever [wug] under the heaps by the pens,The clever [wugs] under the heap by the pen,-12.848182678222656,-13.973182678222656,-15.276912689208984,-12.651912689208984,-14.713248252868652,-13.463248252868652,128
test,1,The clever [wugs] under the heap by the pen,The clever [wug] under the heaps by the pens,-12.651912689208984,-15.276912689208984,-13.973182678222656,-12.848182678222656,-13.399795532226562,-13.962295532226562,128
test,0,The fierce [wug] atop the braces opposite the panels,The fierce [wugs] atop the brace opposite the panel,-11.069037437438965,-12.694037437438965,-11.32655143737793,-9.01405143737793,-10.399957656860352,-9.649957656860352,128
test,1,The fierce [wugs] atop the brace opposite the panel,The fierce [wug] atop the braces opposite the panels,-9.01405143737793,-11.32655143737793,-12.694037437438965,-11.069037437438965,-10.794187545776367,-11.919187545776367,128
test,0,The round [wug] atop the baskets opposite the pillars,The round [wugs] atop the basket opposite the pillar,-11.597769737243652,-14.035269737243652,-13.857366561889648,-11.232366561889648,-12.677225112915039,-11.989725112915039,128
test,1,The round [wugs] atop the basket opposite the pillar,The round [wug] atop the baskets opposite the pillars,-11.232366561889648,-13.857366561889648,-14.035269737243652,-11.597769737243652,-11.432326316833496,-12.807326316833496,128
test,0,The clumsy [wug] alongside the lamps near the sheds,The clumsy [wugs] alongside the lamp near the shed,-16.702646255493164,-17.452646255493164,-17.395036697387695,-15.520037651062012,-17.324668884277344,-16.699668884277344,128
test,1,The clumsy [wugs] alongside the lamp near the shed,The clumsy [wug] alongside the lamps near the sheds,-15.520037651062012,-17.395036697387695,-17.452646255493164,-16.702646255493164,-16.392263412475586,-17.204763412475586,128
test,0,The shy [wug] beside the wells under the cabinets,The shy [wugs] beside the well under the cabinet,-17.20351791381836,-19.29726791381836,-19.833654403686523,-17.646154403686523,-18.920934677124023,-18.920934677124023,128
test,1,The shy [wugs] beside the well under the cabinet,The shy [wug] beside the wells under the cabinets,-17.646154403686523,-19.833654403686523,-19.29726791381836,-17.20351791381836,-17.394622802734375,-17.644622802734375,128
test,0,The spotted [wug] by the cabinets above the desks,The spotted [wugs] by the cabinet above the desk,-14.904335975646973,-16.341835021972656,-16.28830909729004,-14.475808143615723,-15.529048919677734,-16.154048919677734,128
test,1,The spotted [wugs] by the cabinet above the desk,The spotted [wug] by the cabinets above the desks,-14.475808143615723,-16.28830909729004,-16.341835021972656,-14.904335975646973,-14.781781196594238,-15.094281196594238,128
test,0,The lively [wug] alongside the beams near the braces,The lively [wugs] alongside the beam near the brace,-12.974166870117188,-13.599166870117188,-13.231956481933594,-10.169456481933594,-12.598108291625977,-11.535608291625977,128
test,1,The lively [wugs] alongside the beam near the brace,The lively [wug] alongside the beams near the braces,-10.169456481933594,-13.231956481933594,-13.599166870117188,-12.974166870117188,-12.163985252380371,-13.851485252380371,128
test,0,The shy [wug] opposite the trees alongside the ponds,The shy [wugs] opposite the tree alongside the pond,-11.044900894165039,-15.607400894165039,-14.646217346191406,-12.646217346191406,-12.577740669250488,-14.077740669250488,128
test,1,The shy [wugs] opposite the tree alongside the pond,The shy [wug] opposite the trees alongside the ponds,-12.646217346191406,-14.646217346191406,-15.607400894165039,-11.044900894165039,-14.165751457214355,-11.790751457214355,128
test,0,The spotted [wug] beside the hinges under the nails,The spotted [wugs] beside the hinge under the nail,-16.220252990722656,-16.782752990722656,-14.595748901367188,-14.283248901367188,-14.8836088180542,-14.9461088180542,128
test,1,The spotted [wugs] beside the hinge under the nail,The spotted [wug] beside the hinges under the nails,-14.283248901367188,-14.595748901367188,-16.782752990722656,-16.220252990722656,-16.219093322753906,-16.219093322753906,128
test,0,The bold [wug] near the hinges beside the nails,The bold [wugs] near the hinge beside the nail,-14.317313194274902,-15.692313194274902,-16.865280151367188,-14.177781105041504,-16.381732940673828,-15.756733894348145,128
test,1,The bold [wugs] near the hinge beside the nail,The bold [wug] near the hinges beside the nails,-14.177781105041504,-16.865280151367188,-15.692313194274902,-14.317313194274902,-13.591262817382812,-15.466262817382812,128
test,0,The lively [wug] under the ponds by the bridges,The lively [wugs] under the pond by the bridge,-16.651165008544922,-17.838665008544922,-19.203113555908203,-17.078113555908203,-18.138214111328125,-17.763214111328125,128
test,1,The lively [wugs] under the pond by the bridge,The lively [wug] under the ponds by the bridges,-17.078113555908203,-19.203113555908203,-17.838665008544922,-16.651165008544922,-17.081071853637695,-17.768571853637695,128
test,0,The shy [wug] near the jars beside the trees,The shy [wugs] near the jar beside the tree,-14.077773094177246,-18.077774047851562,-17.016292572021484,-14.3912935256958,-15.946078300476074,-15.946078300476074,128
test,1,The shy [wugs] near the jar beside the tree,The shy [wug] near the jars beside the trees,-14.3912935256958,-17.016292572021484,-18.077774047851562,-14.077773094177246,-15.079490661621094,-14.891990661621094,128
test,0,The clumsy [wug] opposite the roots alongside the cliffs,The clumsy [wugs] opposite the root alongside the cliff,-15.265713691711426,-16.390714645385742,-16.636659622192383,-13.9804105758667,-15.971661567687988,-14.721661567687988,128
test,1,The clumsy [wugs] opposite the root alongside the cliff,The clumsy [wug] opposite the roots alongside the cliffs,-13.9804105758667,-16.636659622192383,-16.390714645385742,-15.265713691711426,-14.951091766357422,-16.451091766357422,128
test,0,The sturdy [wug] under the boards by the shelves,The sturdy [wugs] under the board by the shelf,-5.779234409332275,-8.279233932495117,-6.446557521820068,-4.946557521820068,-6.0401716232299805,-6.9151716232299805,128
test,1,The sturdy [wugs] under the board by the shelf,The sturdy [wug] under the boards by the shelves,-4.946557521820068,-6.446557521820068,-8.279233932495117,-5.779234409332275,-6.159215450286865,-6.659215450286865,128
test,0,The shy [wug] atop the sheds opposite the posts,The shy [wugs] atop the shed opposite the post,-3.2759928703308105,-7.7759928703308105,-6.273292541503906,-2.8982925415039062,-3.5882930755615234,-3.7132930755615234,128
test,1,The shy [wugs] atop the shed opposite the post,The shy [wug] atop the sheds opposite the posts,-2.8982925415039062,-6.273292541503906,-7.7759928703308105,-3.2759928703308105,-3.2666447162628174,-3.7666447162628174,128
test,0,The clever [wug] near the sockets beside the wires,The clever [wugs] near the socket beside the wire,-6.151669502258301,-10.0266695022583,-6.379517078399658,-2.879516839981079,-4.771310806274414,-5.146310806274414,128
test,1,The clever [wugs] near the socket beside the wire,The clever [wug] near the sockets beside the wires,-2.879516839981079,-6.379517078399658,-10.0266695022583,-6.151669502258301,-5.417417049407959,-7.417417049407959,128
test,0,The shy [wug] alongside the wells near the cabinets,The shy [wugs] alongside the well near the cabinet,-15.163470268249512,-17.538469314575195,-15.961319923400879,-15.211319923400879,-15.584506034851074,-16.584505081176758,128
test,1,The shy [wugs] alongside the well near the cabinet,The shy [wug] alongside the wells near the cabinets,-15.211319923400879,-15.961319923400879,-17.538469314575195,-15.163470268249512,-16.300216674804688,-15.675216674804688,128
test,0,The tiny [wug] between the doors atop the baskets,The tiny [wugs] between the door atop the basket,-17.371042251586914,-19.308542251586914,-16.573524475097656,-14.44852352142334,-15.501383781433105,-15.407633781433105,128
test,1,The tiny [wugs] between the door atop the basket,The tiny [wug] between the doors atop the baskets,-14.44852352142334,-16.573524475097656,-19.308542251586914,-17.371042251586914,-16.568397521972656,-17.662147521972656,128
test,0,The restless [wug] opposite the tents alongside the poles,The restless [wugs] opposite the tent alongside the pole,-15.321874618530273,-16.446874618530273,-15.587645530700684,-13.775145530700684,-15.3468656539917,-14.7843656539917,128
test,1,The restless [wugs] opposite the tent alongside the pole,The restless [wug] opposite the tents alongside the poles,-13.775145530700684,-15.587645530700684,-16.446874618530273,-15.321874618530273,-15.206485748291016,-15.643985748291016,128
test,0,The restless [wug] near the sheds beside the posts,The restless [wugs] near the shed beside the post,-5.6859564781188965,-10.123456954956055,-7.286513328552246,-5.036513328552246,-4.83296537399292,-5.83296537399292,128
test,1,The restless [wugs] near the shed beside the post,The restless [wug] near the sheds beside the posts,-5.036513328552246,-7.286513328552246,-10.123456954956055,-5.6859564781188965,-5.124311447143555,-6.124311447143555,128
test,0,The sturdy [wug] under the nails by the switches,The sturdy [wugs] under the nail by the switch,-15.6347017288208,-16.759702682495117,-14.906903266906738,-14.469403266906738,-14.896607398986816,-14.959107398986816,128
test,1,The sturdy [wugs] under the nail by the switch,The sturdy [wug] under the nails by the switches,-14.469403266906738,-14.906903266906738,-16.759702682495117,-15.6347017288208,-15.950374603271484,-15.762874603271484,128
test,0,The gentle [wug] opposite the fences alongside the lamps,The gentle [wugs] opposite the fence alongside the lamp,-13.945945739746094,-16.070945739746094,-15.49002456665039,-14.05252456665039,-14.334073066711426,-14.771573066711426,128
test,1,The gentle [wugs] opposite the fence alongside the lamp,The gentle [wug] opposite the fences alongside the lamps,-14.05252456665039,-15.49002456665039,-16.070945739746094,-13.945945739746094,-14.15573787689209,-14.53073787689209,128
test,0,The sturdy [wug] opposite the heaps alongside the pens,The sturdy [wugs] opposite the heap alongside the pen,-3.8124260902404785,-5.9374260902404785,-4.065792083740234,-2.0657920837402344,-2.5734457969665527,-3.8234457969665527,128
test,1,The sturdy [wugs] opposite the heap alongside the pen,The sturdy [wug] opposite the heaps alongside the pens,-2.0657920837402344,-4.065792083740234,-5.9374260902404785,-3.8124260902404785,-4.019914150238037,-3.894914150238037,128
test,0,The lively [wug] above the trees below the ponds,The lively [wugs] above the tree below the pond,-6.394982814788818,-9.769983291625977,-7.896914005279541,-6.021914005279541,-6.76779317855835,-7.64279317855835,128
test,1,The lively [wugs] above the tree below the pond,The lively [wug] above the trees below the ponds,-6.021914005279541,-7.896914005279541,-9.769983291625977,-6.394982814788818,-7.268909931182861,-7.268909931182861,128
test,0,The bold [wug] below the ponds between the bridges,The bold [wugs] below the pond between the bridge,-13.533647537231445,-15.596147537231445,-13.979477882385254,-13.666977882385254,-13.402294158935547,-14.527294158935547,128
test,1,The bold [wugs] below the pond between the bridge,The bold [wug] below the ponds between the bridges,-13.666977882385254,-13.979477882385254,-15.596147537231445,-13.533647537231445,-14.264391899108887,-14.451891899108887,128
test,0,The gentle [wug] beside the fences under the lamps,The gentle [wugs] beside the fence under the lamp,-7.636753082275391,-10.38675308227539,-7.660732746124268,-6.410732746124268,-7.018586158752441,-9.018586158752441,128
test,1,The gentle [wugs] beside the fence under the lamp,The gentle [wug] beside the fences under the lamps,-6.410732746124268,-7.660732746124268,-10.38675308227539,-7.636753082275391,-8.01313591003418,-8.51313591003418,128
test,0,The round [wug] by the buckets above the sacks,The round [wugs] by the bucket above the sack,-6.197139263153076,-7.947139263153076,-6.989095211029053,-5.864095211029053,-6.344480991363525,-7.094480991363525,128
test,1,The round [wugs] by the bucket above the sack,The round [wug] by the buckets above the sacks,-5.864095211029053,-6.989095211029053,-7.947139263153076,-6.197139263153076,-6.072969436645508,-7.447969436645508,128
test,0,The bold [wug] by the slopes above the banks,The bold [wugs] by the slope above the bank,-5.9211249351501465,-8.421124458312988,-6.005557060241699,-4.255557060241699,-5.106508731842041,-5.981508731842041,128
test,1,The bold [wugs] by the slope above the bank,The bold [wug] by the slopes above the banks,-4.255557060241699,-6.005557060241699,-8.421124458312988,-5.9211249351501465,-6.314257621765137,-6.814257621765137,128
test,0,The spotted [wug] opposite the panels alongside the boards,The spotted [wugs] opposite the panel alongside the board,-4.1678242683410645,-6.2928242683410645,-5.5514702796936035,-4.3014702796936035,-4.949742794036865,-6.199742794036865,128
test,1,The spotted [wugs] opposite the panel alongside the board,The spotted [wug] opposite the panels alongside the boards,-4.3014702796936035,-5.5514702796936035,-6.2928242683410645,-4.1678242683410645,-4.804511547088623,-4.554511547088623,128
test,0,The clever [wug] alongside the bridges near the gates,The clever [wugs] alongside the bridge near the gate,-16.79488754272461,-17.85738754272461,-18.20346450805664,-16.70346450805664,-18.07270622253418,-18.07270622253418,128
test,1,The clever [wugs] alongside the bridge near the gate,The clever [wug] alongside the bridges near the gates,-16.70346450805664,-18.20346450805664,-17.85738754272461,-16.79488754272461,-16.796585083007812,-17.359085083007812,128
test,0,The wary [wug] between the buckets atop the sacks,The wary [wugs] between the bucket atop the sack,-6.087558746337891,-8.77505874633789,-6.964065074920654,-5.464065074920654,-5.7616658210754395,-6.8866658210754395,128
test,1,The wary [wugs] between the bucket atop the sack,The wary [wug] between the buckets atop the sacks,-5.464065074920654,-6.964065074920654,-8.77505874633789,-6.087558746337891,-6.25931453704834,-6.63431453704834,128
test,0,The clever [wug] alongside the mirrors near the bushes,The clever [wugs] alongside the mirror near the bush,-14.267898559570312,-15.955398559570312,-16.730382919311523,-13.41788387298584,-15.586342811584473,-14.523842811584473,128
test,1,The clever [wugs] alongside the mirror near the bush,The clever [wug] alongside the mirrors near the bushes,-13.41788387298584,-16.730382919311523,-15.955398559570312,-14.267898559570312,-13.899957656860352,-15.524957656860352,128
test,0,The curious [wug] beside the wires under the ropes,The curious [wugs] beside the wire under the rope,-19.605144500732422,-21.105144500732422,-22.500246047973633,-19.078371047973633,-21.45069694519043,-20.13819694519043,128
test,1,The curious [wugs] beside the wire under the rope,The curious [wug] beside the wires under the ropes,-19.078371047973633,-22.500246047973633,-21.105144500732422,-19.605144500732422,-19.23106575012207,-20.51231575012207,128
test,0,The graceful [wug] alongside the wells near the cabinets,The graceful [wugs] alongside the well near the cabinet,-14.737396240234375,-15.299896240234375,-13.85385799407959,-10.97885799407959,-13.58031177520752,-12.01781177520752,128
test,1,The graceful [wugs] alongside the well near the cabinet,The graceful [wug] alongside the wells near the cabinets,-10.97885799407959,-13.85385799407959,-15.299896240234375,-14.737396240234375,-14.445316314697266,-14.882816314697266,128
test,0,The graceful [wug] beside the hinges under the nails,The graceful [wugs] beside the hinge under the nail,-7.530613899230957,-10.718113899230957,-7.658196926116943,-7.283196926116943,-7.151590824127197,-8.651591300964355,128
test,1,The graceful [wugs] beside the hinge under the nail,The graceful [wug] beside the hinges under the nails,-7.283196926116943,-7.658196926116943,-10.718113899230957,-7.530613899230957,-9.523262977600098,-8.023262977600098,128
test,0,The shy [wug] between the cliffs atop the slopes,The shy [wugs] between the cliff atop the slope,-5.877376079559326,-9.627376556396484,-6.9615631103515625,-6.2115631103515625,-5.59680700302124,-6.97180700302124,128
test,1,The shy [wugs] between the cliff atop the slope,The shy [wug] between the cliffs atop the slopes,-6.2115631103515625,-6.9615631103515625,-9.627376556396484,-5.877376079559326,-7.4709367752075195,-6.4709367752075195,128
test,0,The bold [wug] alongside the heaps near the pens,The bold [wugs] alongside the heap near the pen,-3.472311019897461,-5.222311019897461,-2.999136447906494,-2.374136447906494,-2.317905902862549,-4.442905902862549,128
test,1,The bold [wugs] alongside the heap near the pen,The bold [wug] alongside the heaps near the pens,-2.374136447906494,-2.999136447906494,-5.222311019897461,-3.472311019897461,-3.268187999725342,-4.518187999725342,128
test,0,The wary [wug] atop the buckets opposite the sacks,The wary [wugs] atop the bucket opposite the sack,-9.769935607910156,-10.769935607910156,-13.362674713134766,-9.987674713134766,-12.24360466003418,-10.80610466003418,128
test,1,The wary [wugs] atop the bucket opposite the sack,The wary [wug] atop the buckets opposite the sacks,-9.987674713134766,-13.362674713134766,-10.769935607910156,-9.769935607910156,-9.593562126159668,-11.343562126159668,128
test,0,The clever [wug] near the switches beside the sockets,The clever [wugs] near the switch beside the socket,-7.019981384277344,-10.894981384277344,-9.409573554992676,-5.659574031829834,-7.642004013061523,-7.392004013061523,128
test,1,The clever [wugs] near the switch beside the socket,The clever [wug] near the switches beside the sockets,-5.659574031829834,-9.409573554992676,-10.894981384277344,-7.019981384277344,-6.035012245178223,-8.160012245178223,128
test,0,The wary [wug] atop the sacks opposite the bins,The wary [wugs] atop the sack opposite the bin,-11.646080017089844,-14.583580017089844,-16.562726974487305,-11.343976974487305,-14.56979751586914,-12.16354751586914,128
test,1,The wary [wugs] atop the sack opposite the bin,The wary [wug] atop the sacks opposite the bins,-11.343976974487305,-16.562726974487305,-14.583580017089844,-11.646080017089844,-11.273880004882812,-13.398880004882812,128
test,0,The round [wug] between the mirrors atop the bushes,The round [wugs] between the mirror atop the bush,-4.214155673980713,-8.339155197143555,-6.008119583129883,-3.633119583129883,-4.826573371887207,-4.951573371887207,128
test,1,The round [wugs] between the mirror atop the bush,The round [wug] between the mirrors atop the bushes,-3.633119583129883,-6.008119583129883,-8.339155197143555,-4.214155673980713,-4.0313286781311035,-4.6563286781311035,128
test,0,The curious [wug] alongside the boards near the shelves,The curious [wugs] alongside the board near the shelf,-6.660877227783203,-8.660877227783203,-7.683943271636963,-4.183943271636963,-6.354036331176758,-5.354036331176758,128
test,1,The curious [wugs] alongside the board near the shelf,The curious [wug] alongside the boards near the shelves,-4.183943271636963,-7.683943271636963,-8.660877227783203,-6.660877227783203,-6.290668964385986,-7.665668964385986,128
test,0,The tiny [wug] near the bushes beside the tents,The tiny [wugs] near the bush beside the tent,-13.520349502563477,-16.457849502563477,-16.387413024902344,-12.793662071228027,-14.800827026367188,-13.550827026367188,128
test,1,The tiny [wugs] near the bush beside the tent,The tiny [wug] near the bushes beside the tents,-12.793662071228027,-16.387413024902344,-16.457849502563477,-13.520349502563477,-13.521409034729004,-15.021409034729004,128
test,0,The graceful [wug] above the sockets below the wires,The graceful [wugs] above the socket below the wire,-17.012184143066406,-17.762184143066406,-16.83185386657715,-14.394352912902832,-16.704748153686523,-14.642248153686523,128
test,1,The graceful [wugs] above the socket below the wire,The graceful [wug] above the sockets below the wires,-14.394352912902832,-16.83185386657715,-17.762184143066406,-17.012184143066406,-17.322757720947266,-17.822757720947266,128
test,0,The lively [wug] alongside the switches near the sockets,The lively [wugs] alongside the switch near the socket,-15.86164665222168,-16.92414665222168,-17.307323455810547,-15.182323455810547,-17.220964431762695,-16.158464431762695,128
test,1,The lively [wugs] alongside the switch near the socket,The lively [wug] alongside the switches near the sockets,-15.182323455810547,-17.307323455810547,-16.92414665222168,-15.86164665222168,-15.917583465576172,-17.105083465576172,128
test,0,The tiny [wug] near the knobs beside the hinges,The tiny [wugs] near the knob beside the hinge,-8.007287979125977,-10.882287979125977,-8.672693252563477,-5.172693252563477,-7.271002769470215,-7.021002769470215,128
test,1,The tiny [wugs] near the knob beside the hinge,The tiny [wug] near the knobs beside the hinges,-5.172693252563477,-8.672693252563477,-10.882287979125977,-8.007287979125977,-7.012503623962402,-9.637503623962402,128
test,0,The clumsy [wug] atop the shelves opposite the racks,The clumsy [wugs] atop the shelf opposite the rack,-3.445572853088379,-7.945572853088379,-6.963109970092773,-2.9631097316741943,-5.378420829772949,-3.878420829772949,128
test,1,The clumsy [wugs] atop the shelf opposite the rack,The clumsy [wug] atop the shelves opposite the racks,-2.9631097316741943,-6.963109970092773,-7.945572853088379,-3.445572853088379,-3.4913699626922607,-4.86637020111084,128
test,0,The spotted [wug] atop the gates opposite the fences,The spotted [wugs] atop the gate opposite the fence,-13.509804725646973,-13.634804725646973,-14.534302711486816,-13.096802711486816,-14.749608993530273,-14.124608993530273,128
test,1,The spotted [wugs] atop the gate opposite the fence,The spotted [wug] atop the gates opposite the fences,-13.096802711486816,-14.534302711486816,-13.634804725646973,-13.509804725646973,-13.000913619995117,-13.813413619995117,128
test,0,The wary [wug] opposite the doors alongside the baskets,The wary [wugs] opposite the door alongside the basket,-6.150912761688232,-8.400912284851074,-8.16082763671875,-5.848328113555908,-6.843070030212402,-6.968070030212402,128
test,1,The wary [wugs] opposite the door alongside the basket,The wary [wug] opposite the doors alongside the baskets,-5.848328113555908,-8.16082763671875,-8.400912284851074,-6.150912761688232,-6.495225429534912,-7.120225429534912,128
test,0,The curious [wug] beside the gates under the fences,The curious [wugs] beside the gate under the fence,-7.761385917663574,-11.386385917663574,-9.885653495788574,-7.260653972625732,-8.383525848388672,-8.758525848388672,128
test,1,The curious [wugs] beside the gate under the fence,The curious [wug] beside the gates under the fences,-7.260653972625732,-9.885653495788574,-11.386385917663574,-7.761385917663574,-8.513178825378418,-8.388178825378418,128
test,0,The lively [wug] beside the racks under the hooks,The lively [wugs] beside the rack under the hook,-5.685471057891846,-8.810471534729004,-7.517373085021973,-4.892373085021973,-6.204366207122803,-6.204366207122803,128
test,1,The lively [wugs] beside the rack under the hook,The lively [wug] beside the racks under the hooks,-4.892373085021973,-7.517373085021973,-8.810471534729004,-5.685471057891846,-5.570806980133057,-6.945806980133057,128
test,0,The graceful [wug] above the braces below the panels,The graceful [wugs] above the brace below the panel,-12.891271591186523,-16.328771591186523,-14.266863822937012,-13.954363822937012,-13.577912330627441,-14.952912330627441,128
test,1,The graceful [wugs] above the brace below the panel,The graceful [wug] above the braces below the panels,-13.954363822937012,-14.266863822937012,-16.328771591186523,-12.891271591186523,-15.387795448303223,-13.762795448303223,128
test,0,The spotted [wug] opposite the banks alongside the locks,The spotted [wugs] opposite the bank alongside the lock,-4.827089786529541,-8.0770902633667,-5.859315395355225,-5.609315395355225,-5.683273792266846,-8.433273315429688,128
test,1,The spotted [wugs] opposite the bank alongside the lock,The spotted [wug] opposite the banks alongside the locks,-5.609315395355225,-5.859315395355225,-8.0770902633667,-4.827089786529541,-5.5914387702941895,-4.7164387702941895,128
test,0,The sturdy [wug] by the switches above the sockets,The sturdy [wugs] by the switch above the socket,-6.764468669891357,-9.3894681930542,-7.7748308181762695,-5.8998308181762695,-6.6454973220825195,-7.6454973220825195,128
test,1,The sturdy [wugs] by the switch above the socket,The sturdy [wug] by the switches above the sockets,-5.8998308181762695,-7.7748308181762695,-9.3894681930542,-6.764468669891357,-6.889975547790527,-7.764975547790527,128
test,0,The clumsy [wug] alongside the mirrors near the bushes,The clumsy [wugs] alongside the mirror near the bush,-13.09749698638916,-17.222497940063477,-15.961087226867676,-12.961087226867676,-15.295811653137207,-14.233311653137207,128
test,1,The clumsy [wugs] alongside the mirror near the bush,The clumsy [wug] alongside the mirrors near the bushes,-12.961087226867676,-15.961087226867676,-17.222497940063477,-13.09749698638916,-13.797809600830078,-14.172809600830078,128
test,0,The clumsy [wug] near the bridges beside the gates,The clumsy [wugs] near the bridge beside the gate,-5.223779201507568,-9.34877872467041,-8.788776397705078,-4.976276874542236,-7.416988372802734,-6.666988372802734,128
test,1,The clumsy [wugs] near the bridge beside the gate,The clumsy [wug] near the bridges beside the gates,-4.976276874542236,-8.788776397705078,-9.34877872467041,-5.223779201507568,-5.487905025482178,-6.737905025482178,128
test,0,The bold [wug] beside the sockets under the wires,The bold [wugs] beside the socket under the wire,-4.928132057189941,-7.303132057189941,-4.9837799072265625,-2.9837796688079834,-4.281954288482666,-4.656954288482666,128
test,1,The bold [wugs] beside the socket under the wire,The bold [wug] beside the sockets under the wires,-2.9837796688079834,-4.9837799072265625,-7.303132057189941,-4.928132057189941,-4.568065643310547,-6.193065643310547,128
test,0,The round [wug] opposite the sacks alongside the bins,The round [wugs] opposite the sack alongside the bin,-3.435225009918213,-6.435225009918213,-6.236472129821777,-3.6114723682403564,-4.826302528381348,-4.076302528381348,128
test,1,The round [wugs] opposite the sack alongside the bin,The round [wug] opposite the sacks alongside the bins,-3.6114723682403564,-6.236472129821777,-6.435225009918213,-3.435225009918213,-3.9094910621643066,-4.784491062164307,128
test,0,The wary [wug] beside the panels under the boards,The wary [wugs] beside the panel under the board,-6.533936023712158,-10.096435546875,-7.940042018890381,-5.065042018890381,-6.389219284057617,-6.889219284057617,128
test,1,The wary [wugs] beside the panel under the board,The wary [wug] beside the panels under the boards,-5.065042018890381,-7.940042018890381,-10.096435546875,-6.533936023712158,-7.0342793464660645,-7.5342793464660645,128
test,0,The clumsy [wug] alongside the knobs near the hinges,The clumsy [wugs] alongside the knob near the hinge,-18.385364532470703,-19.229114532470703,-20.82172203063965,-18.07172203063965,-20.414072036743164,-18.632822036743164,128
test,1,The clumsy [wugs] alongside the knob near the hinge,The clumsy [wug] alongside the knobs near the hinges,-18.07172203063965,-20.82172203063965,-19.229114532470703,-18.385364532470703,-17.824462890625,-19.324462890625,128
test,0,The lively [wug] under the roots by the cliffs,The lively [wugs] under the root by the cliff,-6.761102199554443,-10.636101722717285,-8.760296821594238,-7.635296821594238,-7.758975505828857,-9.2589750289917,128
test,1,The lively [wugs] under the root by the cliff,The lively [wug] under the roots by the cliffs,-7.635296821594238,-8.760296821594238,-10.636101722717285,-6.761102199554443,-7.885040760040283,-7.760040760040283,128
test,0,The round [wug] atop the jars opposite the trees,The round [wugs] atop the jar opposite the tree,-4.331249237060547,-7.331249237060547,-6.197417736053467,-2.822417974472046,-4.645564079284668,-4.145564079284668,128
test,1,The round [wugs] atop the jar opposite the tree,The round [wug] atop the jars opposite the trees,-2.822417974472046,-6.197417736053467,-7.331249237060547,-4.331249237060547,-3.8716418743133545,-5.496642112731934,128
test,0,The strange [wug] atop the slopes opposite the banks,The strange [wugs] atop the slope opposite the bank,-12.371833801269531,-14.871833801269531,-11.346715927124023,-9.409215927124023,-10.033100128173828,-10.220600128173828,128
test,1,The strange [wugs] atop the slope opposite the bank,The strange [wug] atop the slopes opposite the banks,-9.409215927124023,-11.346715927124023,-14.871833801269531,-12.371833801269531,-13.586297035217285,-13.648797035217285,128
test,0,The bold [wug] beside the sacks under the bins,The bold [wugs] beside the sack under the bin,-16.337825775146484,-16.806575775146484,-17.583097457885742,-15.645598411560059,-17.123008728027344,-16.310508728027344,128
test,1,The bold [wugs] beside the sack under the bin,The bold [wug] beside the sacks under the bins,-15.645598411560059,-17.583097457885742,-16.806575775146484,-16.337825775146484,-15.952849388122559,-17.359100341796875,128
test,0,The clumsy [wug] atop the sacks opposite the bins,The clumsy [wugs] atop the sack opposite the bin,-2.5875043869018555,-7.5875043869018555,-7.376359462738037,-3.188859462738037,-5.3219218254089355,-3.8219218254089355,128
test,1,The clumsy [wugs] atop the sack opposite the bin,The clumsy [wug] atop the sacks opposite the bins,-3.188859462738037,-7.376359462738037,-7.5875043869018555,-2.5875043869018555,-2.5439453125,-4.2939453125,128
test,0,The bold [wug] under the sofas by the mirrors,The bold [wugs] under the sofa by the mirror,-15.411333084106445,-16.661333084106445,-18.120210647583008,-16.370210647583008,-17.17106056213379,-16.60856056213379,128
test,1,The bold [wugs] under the sofa by the mirror,The bold [wug] under the sofas by the mirrors,-16.370210647583008,-18.120210647583008,-16.661333084106445,-15.411333084106445,-16.28824234008789,-16.85074234008789,128
test,0,The restless [wug] opposite the fences alongside the lamps,The restless [wugs] opposite the fence alongside the lamp,-15.545429229736328,-17.795429229736328,-16.91988754272461,-14.544886589050293,-15.474371910095215,-15.536871910095215,128
test,1,The restless [wugs] opposite the fence alongside the lamp,The restless [wug] opposite the fences alongside the lamps,-14.544886589050293,-16.91988754272461,-17.795429229736328,-15.545429229736328,-15.190735816955566,-16.12823486328125,128
test,0,The lively [wug] below the boards between the shelves,The lively [wugs] below the board between the shelf,-3.618558645248413,-6.868558406829834,-7.871675968170166,-7.121675968170166,-7.308014869689941,-8.308014869689941,128
test,1,The lively [wugs] below the board between the shelf,The lively [wug] below the boards between the shelves,-7.121675968170166,-7.871675968170166,-6.868558406829834,-3.618558645248413,-3.3442087173461914,-4.219208717346191,128
test,0,The wary [wug] by the braces above the panels,The wary [wugs] by the brace above the panel,-16.946792602539062,-18.946792602539062,-16.533273696899414,-15.53327465057373,-16.032569885253906,-16.032569885253906,128
test,1,The wary [wugs] by the brace above the panel,The wary [wug] by the braces above the panels,-15.53327465057373,-16.533273696899414,-18.946792602539062,-16.946792602539062,-18.446409225463867,-17.508909225463867,128
test,0,The tiny [wug] between the baskets atop the pillars,The tiny [wugs] between the basket atop the pillar,-4.295551300048828,-7.545551300048828,-6.437387466430664,-2.812387228012085,-4.502762794494629,-4.002762794494629,128
test,1,The tiny [wugs] between the basket atop the pillar,The tiny [wug] between the baskets atop the pillars,-2.812387228012085,-6.437387466430664,-7.545551300048828,-4.295551300048828,-3.860098123550415,-5.610097885131836,128
test,0,The graceful [wug] near the bushes beside the tents,The graceful [wugs] near the bush beside the tent,-3.907350540161133,-8.282350540161133,-5.65708589553833,-2.53208589553833,-3.869441509246826,-4.619441509246826,128
test,1,The graceful [wugs] near the bush beside the tent,The graceful [wug] near the bushes beside the tents,-2.53208589553833,-5.65708589553833,-8.282350540161133,-3.907350540161133,-5.399323463439941,-4.774323463439941,128
