split,inverse,eval_input,counterfactual_input,clean_logp_A,clean_logp_B,complement_ablation_logp_A,complement_ablation_logp_B,circuit_ablation_logp_A,circuit_ablation_logp_B,all_ablation_logp_A,all_ablation_logp_B,n_nodes
train,0,The sleepy bat,The sleepy bats,-2.0464906692504883,-10.171490669250488,-2.574732542037964,-10.199732780456543,-2.5352187156677246,-7.410218715667725,-3.241126775741577,-7.616127014160156,64
train,1,The sleepy bats,The sleepy bat,-1.76617431640625,-8.45367431640625,-1.816485047340393,-7.6914849281311035,-1.9672455787658691,-6.592245578765869,-2.0196237564086914,-6.269623756408691,64
train,0,The fuzzy frog,The fuzzy frogs,-12.373226165771484,-15.185726165771484,-13.186789512634277,-15.936789512634277,-12.74591064453125,-14.55841064453125,-13.59736156463623,-15.40986156463623,64
train,1,The fuzzy frogs,The fuzzy frog,-11.707802772521973,-15.832802772521973,-11.675227165222168,-15.362727165222168,-11.783878326416016,-14.658878326416016,-11.681936264038086,-14.431936264038086,64
train,0,The bright shark,The bright sharks,-9.019481658935547,-11.706981658935547,-9.693746566772461,-13.006246566772461,-9.539277076721191,-11.039277076721191,-10.088102340698242,-12.400602340698242,64
train,1,The bright sharks,The bright shark,-9.171207427978516,-11.733707427978516,-9.85765266418457,-12.73265266418457,-9.738548278808594,-10.863548278808594,-10.48565673828125,-11.79815673828125,64
train,0,The small bat,The small bats,-8.144024848937988,-14.706524848937988,-8.551342010498047,-14.551342010498047,-8.006834983825684,-12.881834983825684,-8.745671272277832,-13.495671272277832,64
train,1,The small bats,The small bat,-7.596708297729492,-13.221708297729492,-7.557425498962402,-13.057425498962402,-7.718612194061279,-11.468611717224121,-7.915181636810303,-12.102682113647461,64
train,0,The bright chick,The bright chicks,-15.253191947937012,-17.190692901611328,-14.625265121459961,-16.34401512145996,-16.064739227294922,-16.939739227294922,-15.088672637939453,-16.026172637939453,64
train,1,The bright chicks,The bright chick,-15.0490140914917,-16.955263137817383,-14.618171691894531,-16.39942169189453,-15.186444282531738,-16.748945236206055,-14.797167778015137,-16.10966682434082,64
train,0,The nervous panda,The nervous pandas,-12.229968070983887,-13.292468070983887,-11.412984848022461,-12.787984848022461,-12.742709159851074,-13.117709159851074,-12.079751014709473,-12.829751014709473,64
train,1,The nervous pandas,The nervous panda,-12.117985725402832,-14.242985725402832,-11.62878704071045,-14.06628704071045,-12.322171211242676,-13.947171211242676,-11.689697265625,-13.689697265625,64
train,0,The slender turtle,The slender turtles,-12.91177749633789,-16.72427749633789,-12.760430335998535,-16.01042938232422,-13.566696166992188,-16.972946166992188,-13.264269828796387,-16.07676887512207,64
train,1,The slender turtles,The slender turtle,-13.880208015441895,-16.817707061767578,-12.716710090637207,-16.279211044311523,-14.291433334350586,-16.385183334350586,-12.738450050354004,-15.550950050354004,64
train,0,The quiet turtle,The quiet turtles,-3.8923959732055664,-11.767395973205566,-3.560225486755371,-11.935225486755371,-4.409195423126221,-9.721694946289062,-4.081637382507324,-9.644137382507324,64
train,1,The quiet turtles,The quiet turtle,-3.1281983852386475,-8.378198623657227,-2.103687286376953,-8.853687286376953,-3.5025057792663574,-7.127505779266357,-2.5835776329040527,-7.458577632904053,64
train,0,The sleepy doe,The sleepy does,-13.937175750732422,-15.312175750732422,-14.10417366027832,-15.35417366027832,-13.959929466247559,-14.709929466247559,-13.869906425476074,-14.744906425476074,64
train,1,The sleepy does,The sleepy doe,-14.350380897521973,-16.412879943847656,-13.689411163330078,-16.251911163330078,-14.642852783203125,-16.330352783203125,-14.151653289794922,-16.401653289794922,64
train,0,The timid horse,The timid horses,-3.622795581817627,-11.185295104980469,-2.7826640605926514,-10.84516429901123,-4.366570949554443,-9.179070472717285,-3.568152904510498,-8.81815242767334,64
train,1,The timid horses,The timid horse,-2.5954999923706055,-9.032999992370605,-1.9944950342178345,-8.306995391845703,-2.88265061378479,-7.632650375366211,-2.4956977367401123,-7.120697975158691,64
train,0,The nervous rat,The nervous rats,-3.7572693824768066,-11.007269859313965,-3.0697312355041504,-10.819730758666992,-3.7951431274414062,-7.295143127441406,-3.7432048320770264,-8.305705070495605,64
train,1,The nervous rats,The nervous rat,-3.4496827125549316,-8.699682235717773,-2.6128692626953125,-8.237869262695312,-3.6661314964294434,-6.916131496429443,-2.9643406867980957,-6.839340686798096,64
train,0,The fuzzy shark,The fuzzy sharks,-2.384080171585083,-9.009079933166504,-2.484703540802002,-9.734703063964844,-2.462704658508301,-6.212704658508301,-3.06630277633667,-7.19130277633667,64
train,1,The fuzzy sharks,The fuzzy shark,-1.513036847114563,-5.888036727905273,-1.4674675464630127,-6.717467308044434,-1.7837425470352173,-4.158742427825928,-1.894137978553772,-5.144137859344482,64
train,0,The timid horse,The timid horses,-11.435295104980469,-14.904045104980469,-11.09516429901123,-14.65766429901123,-12.241570472717285,-14.866570472717285,-11.69315242767334,-14.38065242767334,64
train,1,The timid horses,The timid horse,-10.845499992370605,-14.657999992370605,-10.744495391845703,-14.744495391845703,-11.445150375366211,-14.132650375366211,-11.308197975158691,-14.120697975158691,64
train,0,The timid dog,The timid dogs,-11.90491008758545,-13.52991008758545,-13.14833927154541,-14.14833927154541,-12.457181930541992,-13.332181930541992,-13.721414566040039,-14.096414566040039,64
train,1,The timid dogs,The timid dog,-10.489075660705566,-14.114075660705566,-11.078948974609375,-15.203948974609375,-11.131190299987793,-14.006190299987793,-11.555051803588867,-15.055051803588867,64
train,0,The timid rabbit,The timid rabbits,-3.582519769668579,-11.77001953125,-3.777531862258911,-12.215031623840332,-4.134585857391357,-10.009586334228516,-4.5069804191589355,-10.819479942321777,64
train,1,The timid rabbits,The timid rabbit,-1.8715049028396606,-8.246504783630371,-2.5175375938415527,-8.642538070678711,-2.2196145057678223,-7.344614505767822,-3.098432779312134,-7.848432540893555,64
train,0,The bright panda,The bright pandas,-9.874908447265625,-11.937408447265625,-9.596395492553711,-12.283895492553711,-10.531525611877441,-11.531525611877441,-10.252110481262207,-12.002110481262207,64
train,1,The bright pandas,The bright panda,-8.915623664855957,-12.603123664855957,-8.705362319946289,-12.330362319946289,-8.72695541381836,-11.41445541381836,-8.683249473571777,-11.120749473571777,64
train,0,The fuzzy turtle,The fuzzy turtles,-11.224119186401367,-13.474119186401367,-12.345983505249023,-14.908483505249023,-11.79760456085205,-13.36010456085205,-12.693456649780273,-14.630956649780273,64
train,1,The fuzzy turtles,The fuzzy turtle,-10.917819023132324,-14.917819023132324,-11.640066146850586,-15.640066146850586,-11.330086708068848,-13.830086708068848,-12.111368179321289,-14.611368179321289,64
train,0,The sleepy monitor,The sleepy monitors,-3.844548225402832,-11.344548225402832,-4.78071403503418,-12.46821403503418,-4.005825042724609,-9.50582504272461,-4.9898505210876465,-10.489850997924805,64
train,1,The sleepy monitors,The sleepy monitor,-3.5129377841949463,-9.137937545776367,-2.981626510620117,-8.106626510620117,-3.7041690349578857,-7.579168796539307,-3.1982970237731934,-6.823297023773193,64
train,0,The calm dolphin,The calm dolphins,-8.824138641357422,-12.511638641357422,-9.389959335327148,-14.077459335327148,-9.422404289245605,-11.172404289245605,-10.098860740661621,-12.911360740661621,64
train,1,The calm dolphins,The calm dolphin,-9.02589225769043,-13.90089225769043,-9.271720886230469,-14.646720886230469,-9.037240982055664,-12.849740982055664,-9.317913055419922,-13.692913055419922,64
train,0,The small pup,The small pups,-11.638948440551758,-15.013948440551758,-11.87386417388916,-15.68636417388916,-12.05373477935791,-14.36623477935791,-12.648523330688477,-15.648523330688477,64
train,1,The small pups,The small pup,-11.759438514709473,-15.196938514709473,-11.676716804504395,-14.989216804504395,-12.384541511535645,-15.009541511535645,-12.112418174743652,-14.799918174743652,64
train,0,The quiet whale,The quiet whales,-9.87840461730957,-12.50340461730957,-10.619660377502441,-14.119660377502441,-9.987621307373047,-11.362621307373047,-10.764440536499023,-13.139440536499023,64
train,1,The quiet whales,The quiet whale,-10.036538124084473,-13.536538124084473,-10.03046703338623,-14.59296703338623,-10.064705848693848,-12.127205848693848,-10.10986042022705,-13.04736042022705,64
train,0,The slender doe,The slender does,-15.092765808105469,-18.34276580810547,-13.855085372924805,-17.605085372924805,-15.310260772705078,-17.622760772705078,-14.202091217041016,-17.139591217041016,64
train,1,The slender does,The slender doe,-14.77166748046875,-18.52166748046875,-14.12021541595459,-16.651466369628906,-15.093761444091797,-18.250011444091797,-14.497513771057129,-16.716262817382812,64
train,0,The fuzzy kitten,The fuzzy kittens,-12.808009147644043,-13.308009147644043,-12.99735164642334,-13.87235164642334,-13.473807334899902,-13.223807334899902,-13.531776428222656,-13.719276428222656,64
train,1,The fuzzy kittens,The fuzzy kitten,-11.892393112182617,-15.517393112182617,-12.006717681884766,-15.569217681884766,-12.253024101257324,-15.128024101257324,-12.241922378540039,-14.991922378540039,64
train,0,The bright dog,The bright dogs,-11.89501667022705,-12.58251667022705,-12.36416244506836,-12.98916244506836,-12.106708526611328,-12.106708526611328,-12.576478004455566,-12.701478004455566,64
train,1,The bright dogs,The bright dog,-10.554031372070312,-14.304031372070312,-10.570666313171387,-14.633166313171387,-10.981781959533691,-13.856781959533691,-10.772552490234375,-14.085052490234375,64
train,0,The slender rabbit,The slender rabbits,-11.207054138183594,-16.457054138183594,-11.485889434814453,-16.735889434814453,-11.81919002532959,-16.194189071655273,-12.187705039978027,-16.625205993652344,64
train,1,The slender rabbits,The slender rabbit,-12.732667922973633,-15.545167922973633,-12.567224502563477,-15.879724502563477,-13.178373336791992,-15.053373336791992,-12.861165046691895,-15.361165046691895,64
train,0,The fuzzy whale,The fuzzy whales,-2.13865065574646,-8.638650894165039,-2.979280948638916,-10.416781425476074,-2.3480873107910156,-6.223087310791016,-3.34887957572937,-7.973879337310791,64
train,1,The fuzzy whales,The fuzzy whale,-1.7178006172180176,-5.342800617218018,-1.9388530254364014,-6.4388532638549805,-2.054049491882324,-3.929049491882324,-2.3590312004089355,-4.8590312004089355,64
train,0,The quiet pup,The quiet pups,-4.8490142822265625,-11.599014282226562,-4.566720485687256,-11.129220008850098,-4.959641456604004,-9.584641456604004,-5.02953577041626,-9.529536247253418,64
train,1,The quiet pups,The quiet pup,-4.164048194885254,-8.164048194885254,-3.4514517784118652,-8.513951301574707,-4.378512859344482,-7.003512859344482,-3.7369518280029297,-7.48695182800293,64
train,0,The timid horse,The timid horses,-12.997795104980469,-13.622795104980469,-12.15766429901123,-12.72016429901123,-13.554070472717285,-13.616570472717285,-12.56815242767334,-12.63065242767334,64
train,1,The timid horses,The timid horse,-11.970499992370605,-15.157999992370605,-11.431995391845703,-14.681995391845703,-12.007650375366211,-14.757650375366211,-11.308197975158691,-14.120697975158691,64
train,0,The timid bat,The timid bats,-10.331415176391602,-16.5501651763916,-10.538431167602539,-15.350931167602539,-10.570499420166016,-16.164249420166016,-10.732877731323242,-14.920377731323242,64
train,1,The timid bats,The timid bat,-12.28349494934082,-15.22099494934082,-10.859100341796875,-14.109100341796875,-12.813365936279297,-14.500865936279297,-11.210721969604492,-13.523221969604492,64
train,0,The quiet dolphin,The quiet dolphins,-13.498290061950684,-15.123290061950684,-13.605064392089844,-15.605064392089844,-13.757684707641602,-14.820184707641602,-13.89984130859375,-15.08734130859375,64
train,1,The quiet dolphins,The quiet dolphin,-13.738818168640137,-16.145069122314453,-13.166133880615234,-16.228633880615234,-13.790098190307617,-15.633848190307617,-13.253782272338867,-15.785032272338867,64
train,0,The slender rabbit,The slender rabbits,-11.644554138183594,-15.957054138183594,-11.298389434814453,-15.610889434814453,-12.25669002532959,-15.63169002532959,-11.812705039978027,-15.250205039978027,64
train,1,The slender rabbits,The slender rabbit,-11.670167922973633,-15.607667922973633,-10.942224502563477,-14.754724502563477,-12.178373336791992,-14.928373336791992,-11.548665046691895,-14.236165046691895,64
train,0,The sleepy dolphin,The sleepy dolphins,-3.2807798385620117,-10.218279838562012,-3.2919063568115234,-11.041906356811523,-3.865892171859741,-6.240891933441162,-4.182755947113037,-7.307755947113037,64
train,1,The sleepy dolphins,The sleepy dolphin,-3.0441553592681885,-7.919155120849609,-2.640321731567383,-7.890321731567383,-3.0242273807525635,-6.524227142333984,-2.8849048614501953,-6.759904861450195,64
train,0,The calm horse,The calm horses,-3.8239660263061523,-10.823966026306152,-2.973095417022705,-10.660594940185547,-4.385348320007324,-8.385348320007324,-3.5618200302124023,-8.311820030212402,64
train,1,The calm horses,The calm horse,-3.156306266784668,-8.406306266784668,-2.362415313720703,-8.237415313720703,-3.48050594329834,-6.98050594329834,-2.8394103050231934,-6.839410305023193,64
train,0,The fuzzy cow,The fuzzy cows,-3.6432242393493652,-9.330724716186523,-3.2848541736602783,-9.9723539352417,-3.6561262607574463,-6.906126022338867,-3.881594181060791,-8.131593704223633,64
train,1,The fuzzy cows,The fuzzy cow,-1.6401793956756592,-6.015179634094238,-2.2424116134643555,-7.1174116134643555,-1.7839018106460571,-4.783901691436768,-2.5023038387298584,-5.752303600311279,64
train,0,The calm chick,The calm chicks,-12.234189987182617,-14.765439987182617,-13.142141342163086,-16.360891342163086,-13.029658317565918,-14.717158317565918,-13.676532745361328,-16.051532745361328,64
train,1,The calm chicks,The calm chick,-13.872265815734863,-15.903515815734863,-14.355303764343262,-17.136552810668945,-13.953984260559082,-15.453984260559082,-14.203180313110352,-16.57818031311035,64
train,0,The small turtle,The small turtles,-14.315163612365723,-17.190162658691406,-13.926081657409668,-16.519832611083984,-15.008561134338379,-17.039810180664062,-14.478175163269043,-16.29067611694336,64
train,1,The small turtles,The small turtle,-13.329790115356445,-18.673540115356445,-12.918581008911133,-17.731081008911133,-13.41755199432373,-18.042551040649414,-12.976875305175781,-17.16437530517578,64
train,0,The nervous kit,The nervous kits,-10.946656227111816,-12.571656227111816,-10.933199882507324,-13.558199882507324,-11.03848648071289,-12.41348648071289,-11.206475257873535,-13.268975257873535,64
train,1,The nervous kits,The nervous kit,-12.06264591217041,-12.75014591217041,-13.070058822631836,-14.070058822631836,-12.205129623413086,-12.267629623413086,-13.433595657348633,-13.683595657348633,64
train,0,The small rat,The small rats,-3.4573755264282227,-10.832375526428223,-3.572995662689209,-12.197996139526367,-4.283933639526367,-7.783933639526367,-4.2620415687561035,-10.324542045593262,64
train,1,The small rats,The small rat,-2.6979422569274902,-9.822942733764648,-2.462031364440918,-9.024531364440918,-3.2886338233947754,-8.288633346557617,-2.8922219276428223,-7.642221927642822,64
train,0,The timid turtle,The timid turtles,-2.692564010620117,-11.442564010620117,-3.2035739421844482,-12.078574180603027,-3.201859712600708,-9.889359474182129,-3.8438336849212646,-10.593833923339844,64
train,1,The timid turtles,The timid turtle,-1.8238136768341064,-8.323813438415527,-1.9630861282348633,-8.588086128234863,-2.126422166824341,-7.251421928405762,-2.548286199569702,-7.298286437988281,64
train,0,The nervous chick,The nervous chicks,-10.208433151245117,-12.958433151245117,-8.907085418701172,-12.344585418701172,-10.53546142578125,-12.16046142578125,-9.49920654296875,-11.56170654296875,64
train,1,The nervous chicks,The nervous chick,-9.925161361694336,-13.862661361694336,-8.787975311279297,-13.662975311279297,-9.924379348754883,-12.986879348754883,-8.581520080566406,-12.769020080566406,64
train,0,The calm doe,The calm does,-6.801996231079102,-11.801996231079102,-6.185295104980469,-11.372795104980469,-7.134603977203369,-11.072103500366211,-6.398643493652344,-10.398643493652344,64
train,1,The calm does,The calm doe,-12.288032531738281,-17.28803253173828,-11.149959564208984,-13.587459564208984,-12.43989086151123,-16.002389907836914,-11.099507331848145,-12.537007331848145,64
train,0,The sleepy panda,The sleepy pandas,-12.8878173828125,-18.0128173828125,-11.955201148986816,-16.455202102661133,-12.98412036895752,-16.734119415283203,-12.346583366394043,-15.471583366394043,64
train,1,The sleepy pandas,The sleepy panda,-12.05525016784668,-14.43025016784668,-11.181310653686523,-13.931310653686523,-12.425814628601074,-13.488314628601074,-11.48843002319336,-13.11343002319336,64
train,0,The quiet kitten,The quiet kittens,-14.344233512878418,-18.281734466552734,-13.897851943969727,-17.741601943969727,-15.260351181030273,-18.166601181030273,-14.504387855529785,-17.4106388092041,64
train,1,The quiet kittens,The quiet kitten,-15.578365325927734,-17.922115325927734,-14.47375202178955,-17.317501068115234,-15.991080284118652,-17.366079330444336,-14.922760963439941,-16.766510009765625,64
train,0,The small frog,The small frogs,-7.775501251220703,-10.213001251220703,-10.488126754760742,-11.613126754760742,-8.006071090698242,-9.943571090698242,-11.299633026123047,-11.737133026123047,64
train,1,The small frogs,The small frog,-8.748495101928711,-14.185995101928711,-9.825215339660645,-14.325215339660645,-9.00938892364502,-13.13438892364502,-10.10367202758789,-13.60367202758789,64
train,0,The small panda,The small pandas,-14.670658111572266,-15.358158111572266,-13.687746047973633,-15.125246047973633,-15.274664878845215,-15.024664878845215,-14.4166898727417,-15.1041898727417,64
train,1,The small pandas,The small panda,-13.382686614990234,-15.195186614990234,-13.220782279968262,-15.095782279968262,-13.70702838897705,-14.89452838897705,-13.484283447265625,-14.546783447265625,64
train,0,The bright cock,The bright cocks,-19.47186851501465,-20.51874351501465,-12.346435546875,-15.533935546875,-18.9488525390625,-19.6988525390625,-12.561985969543457,-15.186985969543457,64
train,1,The bright cocks,The bright cock,-15.19832992553711,-18.29207992553711,-13.49874210357666,-16.654991149902344,-15.505364418029785,-18.0991153717041,-13.499218940734863,-15.842968940734863,64
train,0,The nervous lion,The nervous lions,-11.539170265197754,-15.726670265197754,-11.945691108703613,-17.00819206237793,-11.706273078918457,-14.143773078918457,-12.401110649108887,-15.713610649108887,64
train,1,The nervous lions,The nervous lion,-11.078434944152832,-14.640934944152832,-11.22960376739502,-15.60460376739502,-11.303522109985352,-13.428522109985352,-11.897886276245117,-14.585386276245117,64
train,0,The bright lion,The bright lions,-13.326513290405273,-14.139013290405273,-13.69186782836914,-14.94186782836914,-13.894193649291992,-14.206693649291992,-14.057600975036621,-14.870100975036621,64
train,1,The bright lions,The bright lion,-14.202536582946777,-15.952536582946777,-14.531603813171387,-15.781603813171387,-14.043561935424805,-15.293561935424805,-14.564666748046875,-15.252166748046875,64
train,0,The slender kitten,The slender kittens,-4.759136199951172,-13.321636199951172,-4.583855628967285,-13.146355628967285,-5.604186058044434,-11.979186058044434,-5.308557510375977,-11.808557510375977,64
train,1,The slender kittens,The slender kitten,-3.8564963340759277,-10.41899585723877,-3.006939649581909,-9.569439888000488,-4.689637184143066,-9.564637184143066,-3.553201198577881,-8.803201675415039,64
train,0,The bright kitten,The bright kittens,-13.268521308898926,-15.018521308898926,-12.501399993896484,-14.563899993896484,-14.058195114135742,-14.745695114135742,-13.273170471191406,-14.460670471191406,64
train,1,The bright kittens,The bright kitten,-13.512795448303223,-17.01279640197754,-12.570942878723145,-16.008441925048828,-13.677263259887695,-16.302263259887695,-12.901577949523926,-15.401577949523926,64
train,0,The calm turtle,The calm turtles,-12.88520622253418,-15.63520622253418,-12.865117073059082,-15.802617073059082,-13.567437171936035,-15.442437171936035,-13.582487106323242,-15.707487106323242,64
train,1,The calm turtles,The calm turtle,-12.178465843200684,-16.615966796875,-12.722804069519043,-16.660303115844727,-12.711181640625,-15.836181640625,-13.181234359741211,-16.02498435974121,64
train,0,The quiet lion,The quiet lions,-11.025493621826172,-12.400493621826172,-12.290139198303223,-13.977639198303223,-11.389708518981934,-11.952208518981934,-12.74370002746582,-13.49370002746582,64
train,1,The quiet lions,The quiet lion,-9.763991355895996,-14.263991355895996,-10.854316711425781,-15.979316711425781,-10.144293785095215,-13.206793785095215,-10.87297534942627,-14.81047534942627,64
train,0,The nervous dolphin,The nervous dolphins,-10.229757308959961,-12.229757308959961,-9.975449562072754,-12.475449562072754,-10.841102600097656,-11.278602600097656,-10.726523399353027,-11.914023399353027,64
train,1,The nervous dolphins,The nervous dolphin,-9.768719673156738,-14.018719673156738,-8.949247360229492,-13.886747360229492,-9.643731117248535,-13.081231117248535,-8.91200065612793,-13.03700065612793,64
train,0,The timid cow,The timid cows,-9.847577095031738,-14.035077095031738,-10.278119087219238,-14.590619087219238,-10.193683624267578,-13.193683624267578,-10.782282829284668,-14.094782829284668,64
train,1,The timid cows,The timid cow,-8.385356903076172,-13.322856903076172,-9.199792861938477,-13.887292861938477,-8.436707496643066,-12.186707496643066,-9.504705429077148,-13.129705429077148,64
train,0,The calm rat,The calm rats,-9.511632919311523,-11.324132919311523,-10.435473442077637,-12.747973442077637,-9.410087585449219,-10.972587585449219,-10.301660537719727,-12.301660537719727,64
train,1,The calm rats,The calm rat,-12.00590991973877,-13.06840991973877,-12.498170852661133,-13.623170852661133,-12.019553184509277,-12.519553184509277,-12.259085655212402,-12.946585655212402,64
train,0,The timid shark,The timid sharks,-10.590666770935059,-11.590666770935059,-10.918313026428223,-11.355813026428223,-11.575603485107422,-11.325603485107422,-11.60383415222168,-11.29133415222168,64
train,1,The timid sharks,The timid shark,-8.970365524291992,-13.782865524291992,-9.127747535705566,-14.127747535705566,-9.342586517333984,-13.155086517333984,-9.404813766479492,-13.592313766479492,64
train,0,The fuzzy monitor,The fuzzy monitors,-12.422109603881836,-16.172109603881836,-12.774494171142578,-16.711994171142578,-12.4414701461792,-15.5664701461792,-12.854873657226562,-16.167373657226562,64
train,1,The fuzzy monitors,The fuzzy monitor,-11.971248626708984,-15.596248626708984,-11.709855079650879,-16.084854125976562,-12.171734809875488,-14.671734809875488,-11.725839614868164,-14.975839614868164,64
train,0,The fuzzy whale,The fuzzy whales,-9.388650894165039,-9.888650894165039,-10.166781425476074,-11.916781425476074,-9.785587310791016,-9.598087310791016,-10.47387981414795,-11.59887981414795,64
train,1,The fuzzy whales,The fuzzy whale,-8.84280014038086,-11.71780014038086,-9.37635326385498,-12.68885326385498,-8.866549491882324,-10.741549491882324,-9.609031677246094,-11.546531677246094,64
train,0,The quiet shark,The quiet sharks,-11.749894142150879,-14.499894142150879,-11.739236831665039,-15.176736831665039,-12.310491561889648,-13.622991561889648,-12.27301025390625,-14.27301025390625,64
train,1,The quiet sharks,The quiet shark,-11.5961275100708,-15.7211275100708,-11.376102447509766,-16.157352447509766,-11.852526664733887,-14.290026664733887,-11.441688537597656,-14.691688537597656,64
train,0,The calm cock,The calm cocks,-5.94998836517334,-10.94998836517334,-2.6575663089752197,-8.53256607055664,-5.809491157531738,-9.934491157531738,-3.2006564140319824,-7.325656414031982,64
train,1,The calm cocks,The calm cock,-3.724282741546631,-7.161782741546631,-3.0988175868988037,-6.973817825317383,-3.649110794067383,-6.399110794067383,-3.4109699726104736,-5.7859697341918945,64
train,0,The slender dolphin,The slender dolphins,-2.0267014503479004,-9.026700973510742,-2.506124496459961,-10.068624496459961,-2.712010145187378,-5.712009906768799,-3.553309679031372,-6.928309440612793,64
train,1,The slender dolphins,The slender dolphin,-2.4745101928710938,-8.287010192871094,-2.183725357055664,-8.308725357055664,-2.854508876800537,-7.104508876800537,-2.4277150630950928,-7.427715301513672,64
train,0,The calm dolphin,The calm dolphins,-9.824138641357422,-12.261638641357422,-9.952459335327148,-13.389959335327148,-10.422404289245605,-11.984904289245605,-10.473860740661621,-12.911360740661621,64
train,1,The calm dolphins,The calm dolphin,-10.52589225769043,-13.27589225769043,-10.271720886230469,-13.459220886230469,-10.849740982055664,-12.787240982055664,-10.692913055419922,-12.942913055419922,64
train,0,The sleepy whale,The sleepy whales,-12.3383150100708,-13.2133150100708,-13.998210906982422,-14.560710906982422,-12.816142082214355,-12.941142082214355,-14.435362815856934,-14.372862815856934,64
train,1,The sleepy whales,The sleepy whale,-11.428743362426758,-15.366243362426758,-12.460553169250488,-16.710554122924805,-11.806977272033691,-14.431977272033691,-12.968600273132324,-15.906100273132324,64
train,0,The timid rat,The timid rats,-13.304764747619629,-15.617264747619629,-13.036458969116211,-15.348958969116211,-14.117297172546387,-15.617297172546387,-13.746603012084961,-15.434103012084961,64
train,1,The timid rats,The timid rat,-13.55733871459961,-15.68233871459961,-12.992963790893555,-14.742963790893555,-13.924455642700195,-15.236955642700195,-13.365735054016113,-14.428235054016113,64
train,0,The nervous chick,The nervous chicks,-14.645933151245117,-16.989683151245117,-14.282085418701172,-16.813335418701172,-14.84796142578125,-16.56671142578125,-14.68670654296875,-16.49920654296875,64
train,1,The nervous chicks,The nervous chick,-14.862661361694336,-17.550161361694336,-13.725475311279297,-17.225475311279297,-15.049379348754883,-16.924379348754883,-13.831520080566406,-16.644020080566406,64
train,0,The sleepy frog,The sleepy frogs,-14.378683090209961,-15.566183090209961,-14.706321716308594,-15.081321716308594,-14.449739456176758,-15.012239456176758,-14.94443416595459,-14.81943416595459,64
train,1,The sleepy frogs,The sleepy frog,-12.55232048034668,-17.17732048034668,-12.119150161743164,-16.775400161743164,-12.831936836242676,-16.42568588256836,-12.31950569152832,-16.13200569152832,64
train,0,The slender chick,The slender chicks,-15.186155319213867,-15.498655319213867,-12.049025535583496,-13.486525535583496,-15.476411819458008,-15.132661819458008,-12.705785751342773,-13.455785751342773,64
train,1,The slender chicks,The slender chick,-13.712087631225586,-16.430837631225586,-13.232277870178223,-16.48227882385254,-13.79653549194336,-15.92153549194336,-13.111738204956055,-16.049238204956055,64
train,0,The slender doe,The slender does,-9.811515808105469,-10.874015808105469,-10.980085372924805,-11.730085372924805,-10.591510772705078,-10.591510772705078,-11.577091217041016,-11.452091217041016,64
train,1,The slender does,The slender doe,-10.33416748046875,-13.08416748046875,-11.37021541595459,-13.43271541595459,-10.093761444091797,-12.593761444091797,-11.560013771057129,-13.560013771057129,64
train,0,The slender cow,The slender cows,-14.973971366882324,-17.348970413208008,-12.967429161071777,-16.34242820739746,-15.512604713439941,-16.981353759765625,-13.695252418518066,-16.132753372192383,64
train,1,The slender cows,The slender cow,-13.365460395812988,-16.584209442138672,-12.166851043701172,-15.666851043701172,-13.549022674560547,-15.799022674560547,-12.320302963256836,-14.882802963256836,64
train,0,The sleepy turtle,The sleepy turtles,-12.553534507751465,-13.366034507751465,-12.0582857131958,-13.4332857131958,-12.975136756896973,-13.037636756896973,-12.5319185256958,-13.1569185256958,64
train,1,The sleepy turtles,The sleepy turtle,-11.02270793914795,-17.053958892822266,-10.832536697387695,-15.770036697387695,-11.622108459472656,-16.559608459472656,-11.381232261657715,-15.318732261657715,64
train,0,The nervous shark,The nervous sharks,-11.158218383789062,-14.470718383789062,-11.202293395996094,-14.389793395996094,-11.579066276550293,-13.641566276550293,-11.811782836914062,-13.561782836914062,64
train,1,The nervous sharks,The nervous shark,-10.569704055786133,-14.444704055786133,-10.353887557983398,-15.041387557983398,-10.935855865478516,-13.185855865478516,-10.62144660949707,-13.99644660949707,64
train,0,The calm panda,The calm pandas,-13.371621131896973,-13.934121131896973,-12.781793594360352,-14.031793594360352,-13.509364128112793,-13.384364128112793,-13.128620147705078,-13.628620147705078,64
train,1,The calm pandas,The calm panda,-12.787285804748535,-14.474785804748535,-12.744768142700195,-14.369768142700195,-12.867070198059082,-13.929570198059082,-12.75401496887207,-13.69151496887207,64
train,0,The calm frog,The calm frogs,-9.3425874710083,-12.2800874710083,-10.157479286193848,-13.032479286193848,-9.581897735595703,-11.331897735595703,-10.561742782592773,-12.311742782592773,64
train,1,The calm frogs,The calm frog,-8.811083793640137,-13.061083793640137,-8.328877449035645,-13.016377449035645,-9.069232940673828,-12.131732940673828,-8.744451522827148,-12.181951522827148,64
train,0,The small pup,The small pups,-10.951448440551758,-14.263948440551758,-12.68636417388916,-16.811363220214844,-12.24123477935791,-13.86623477935791,-13.648523330688477,-17.023523330688477,64
train,1,The small pups,The small pup,-13.384438514709473,-17.134437561035156,-13.176716804504395,-16.926715850830078,-13.572041511535645,-16.82204246520996,-13.237418174743652,-16.67491912841797,64
train,0,The nervous rat,The nervous rats,-12.257269859313965,-13.569769859313965,-11.569730758666992,-13.132230758666992,-12.045143127441406,-12.857643127441406,-11.555705070495605,-12.680705070495605,64
train,1,The nervous rats,The nervous rat,-13.012182235717773,-14.762182235717773,-12.362869262695312,-14.175369262695312,-13.041131973266602,-14.041131973266602,-12.401840209960938,-13.651840209960938,64
train,0,The timid rat,The timid rats,-11.992264747619629,-17.773515701293945,-11.036458969116211,-16.84895896911621,-12.492297172546387,-17.42979621887207,-11.496603012084961,-16.65285301208496,64
train,1,The timid rats,The timid rat,-13.18233871459961,-16.58858871459961,-13.055463790893555,-16.149213790893555,-13.424455642700195,-15.611955642700195,-13.240735054016113,-15.303235054016113,64
train,0,The timid chick,The timid chicks,-13.353830337524414,-15.416330337524414,-11.807843208312988,-14.307843208312988,-13.892434120178223,-15.079934120178223,-12.455522537231445,-14.143022537231445,64
train,1,The timid chicks,The timid chick,-12.141790390014648,-16.36054039001465,-11.31611442565918,-15.25361442565918,-12.371268272399902,-15.965018272399902,-11.616850852966309,-14.866850852966309,64
train,0,The quiet whale,The quiet whales,-9.62840461730957,-9.94090461730957,-10.494660377502441,-10.994660377502441,-10.112621307373047,-9.800121307373047,-11.076940536499023,-10.951940536499023,64
train,1,The quiet whales,The quiet whale,-9.536538124084473,-13.661538124084473,-10.15546703338623,-15.03046703338623,-9.689705848693848,-12.439705848693848,-10.29736042022705,-13.54736042022705,64
train,0,The timid shark,The timid sharks,-2.8406670093536377,-9.840666770935059,-2.7308127880096436,-10.605813026428223,-3.388103723526001,-6.638103485107422,-3.478834629058838,-7.916334629058838,64
train,1,The timid sharks,The timid shark,-2.282865524291992,-7.407865524291992,-1.940247654914856,-7.565247535705566,-2.5925867557525635,-5.967586517333984,-2.342313528060913,-6.342313766479492,64
train,0,The slender whale,The slender whales,-13.973556518554688,-15.567306518554688,-12.20383358001709,-13.57883358001709,-14.050455093383789,-15.050455093383789,-12.655574798583984,-13.343074798583984,64
train,1,The slender whales,The slender whale,-12.107365608215332,-14.732365608215332,-10.246833801269531,-14.371833801269531,-12.580707550048828,-14.330707550048828,-10.471028327941895,-13.846028327941895,64
train,0,The fuzzy bat,The fuzzy bats,-10.084092140197754,-15.084092140197754,-10.033468246459961,-15.220968246459961,-10.508235931396484,-14.195735931396484,-10.292485237121582,-14.479985237121582,64
train,1,The fuzzy bats,The fuzzy bat,-10.6426420211792,-15.0176420211792,-10.138936996459961,-13.826436996459961,-10.924006462097168,-13.424006462097168,-10.561586380004883,-12.811586380004883,64
train,0,The nervous rabbit,The nervous rabbits,-10.736897468566895,-12.799397468566895,-10.644396781921387,-12.894396781921387,-11.247629165649414,-12.622629165649414,-11.133975982666016,-12.758975982666016,64
train,1,The nervous rabbits,The nervous rabbit,-10.815077781677246,-14.690077781677246,-10.438420295715332,-14.000920295715332,-11.24855899810791,-13.93605899810791,-10.837020874023438,-13.587020874023438,64
train,0,The calm whale,The calm whales,-2.7510647773742676,-9.12606430053711,-3.717449188232422,-11.592449188232422,-3.2038397789001465,-6.3288397789001465,-4.228516578674316,-8.978516578674316,64
train,1,The calm whales,The calm whale,-2.757869243621826,-6.257869243621826,-2.897291898727417,-7.522292137145996,-3.242544174194336,-4.742544174194336,-3.539294719696045,-6.039294719696045,64
train,0,The nervous kitten,The nervous kittens,-5.213214874267578,-12.588214874267578,-4.651718616485596,-12.714218139648438,-5.292296886444092,-10.04229736328125,-5.108654022216797,-10.858654022216797,64
train,1,The nervous kittens,The nervous kitten,-4.282220840454102,-8.282220840454102,-3.7376935482025146,-8.987693786621094,-4.676974773406982,-7.051974773406982,-4.221523284912109,-7.971523284912109,64
train,0,The bright kitten,The bright kittens,-14.643521308898926,-15.268521308898926,-13.876399993896484,-14.251399993896484,-15.120695114135742,-15.183195114135742,-14.523170471191406,-14.335670471191406,64
train,1,The bright kittens,The bright kitten,-14.012795448303223,-17.01279640197754,-13.070942878723145,-16.445941925048828,-14.177263259887695,-16.739763259887695,-13.339077949523926,-16.214078903198242,64
train,0,The slender horse,The slender horses,-15.280925750732422,-16.312175750732422,-14.424097061157227,-14.799097061157227,-15.56906795501709,-15.91281795501709,-14.574836730957031,-14.449836730957031,64
train,1,The slender horses,The slender horse,-14.583518981933594,-16.114768981933594,-13.704136848449707,-15.641636848449707,-14.947769165039062,-16.291519165039062,-13.7896089553833,-15.4771089553833,64
train,0,The nervous turtle,The nervous turtles,-13.211115837097168,-13.711115837097168,-12.009134292602539,-12.946634292602539,-13.146716117858887,-13.271716117858887,-12.385061264038086,-12.822561264038086,64
train,1,The nervous turtles,The nervous turtle,-12.22817325592041,-15.04067325592041,-11.46115779876709,-14.21115779876709,-12.291705131530762,-14.416705131530762,-11.400813102722168,-13.650813102722168,64
train,0,The timid lion,The timid lions,-2.96475887298584,-10.21475887298584,-3.434563398361206,-11.247063636779785,-3.413081645965576,-7.163081645965576,-4.217415809631348,-9.092415809631348,64
train,1,The timid lions,The timid lion,-2.7293901443481445,-8.729390144348145,-2.6561965942382812,-9.093696594238281,-3.203618288040161,-7.45361852645874,-3.1101233959198,-7.860123157501221,64
train,0,The quiet bat,The quiet bats,-2.5424349308013916,-9.167434692382812,-2.5754833221435547,-9.325483322143555,-2.895596981048584,-6.958096981048584,-3.124232292175293,-7.499232292175293,64
train,1,The quiet bats,The quiet bat,-2.2387256622314453,-7.113725662231445,-1.8635731935501099,-7.55107307434082,-2.514040470123291,-5.264040470123291,-2.1901564598083496,-6.06515645980835,64
train,0,The fuzzy dolphin,The fuzzy dolphins,-2.6948442459106445,-9.444844245910645,-3.0230515003204346,-9.898051261901855,-3.0074477195739746,-6.132447719573975,-3.730325937271118,-6.730325698852539,64
train,1,The fuzzy dolphins,The fuzzy dolphin,-2.3621115684509277,-7.237111568450928,-2.218475580215454,-7.218475341796875,-2.5283761024475098,-5.65337610244751,-2.272519826889038,-5.647520065307617,64
train,0,The small dolphin,The small dolphins,-2.026648759841919,-9.65164852142334,-2.9098880290985107,-10.97238826751709,-2.7014317512512207,-5.826431751251221,-3.900244951248169,-8.15024471282959,64
train,1,The small dolphins,The small dolphin,-1.9161078929901123,-7.916108131408691,-2.191739320755005,-7.941739082336426,-2.1251158714294434,-6.750115871429443,-2.488370895385742,-6.988370895385742,64
train,0,The bright shark,The bright sharks,-11.706981658935547,-12.831981658935547,-12.568746566772461,-14.256246566772461,-12.039277076721191,-12.226777076721191,-12.963102340698242,-13.775602340698242,64
train,1,The bright sharks,The bright shark,-11.171207427978516,-15.046207427978516,-11.79515266418457,-16.35765266418457,-11.363548278808594,-13.988548278808594,-11.98565673828125,-15.23565673828125,64
train,0,The quiet rabbit,The quiet rabbits,-12.495320320129395,-12.807820320129395,-12.383322715759277,-12.945822715759277,-13.199149131774902,-13.011649131774902,-12.936843872070312,-13.061843872070312,64
train,1,The quiet rabbits,The quiet rabbit,-12.36960506439209,-15.05710506439209,-11.914999961853027,-14.977499961853027,-12.356917381286621,-14.544417381286621,-11.898839950561523,-14.461339950561523,64
train,0,The sleepy kit,The sleepy kits,-12.07808780670166,-16.359336853027344,-13.751338005065918,-17.657588958740234,-12.501408576965332,-16.157657623291016,-14.177332878112793,-17.30233383178711,64
train,1,The sleepy kits,The sleepy kit,-11.246537208557129,-12.371537208557129,-12.805275917053223,-15.367775917053223,-11.441594123840332,-11.879094123840332,-12.927659034729004,-14.677659034729004,64
train,0,The nervous turtle,The nervous turtles,-12.711115837097168,-13.648615837097168,-12.509134292602539,-14.071634292602539,-12.709216117858887,-13.209216117858887,-12.885061264038086,-13.760061264038086,64
train,1,The nervous turtles,The nervous turtle,-11.97817325592041,-15.22817325592041,-12.08615779876709,-15.08615779876709,-12.416705131530762,-14.729205131530762,-12.338313102722168,-14.588313102722168,64
train,0,The sleepy whale,The sleepy whales,-8.7758150100708,-12.7133150100708,-9.060710906982422,-12.998210906982422,-9.128642082214355,-12.191142082214355,-9.372862815856934,-12.435362815856934,64
train,1,The sleepy whales,The sleepy whale,-10.428743362426758,-12.241243362426758,-9.960553169250488,-11.898053169250488,-10.681977272033691,-11.181977272033691,-10.281100273132324,-11.031100273132324,64
train,0,The bright monitor,The bright monitors,-13.955649375915527,-14.393149375915527,-13.80864429473877,-15.37114429473877,-13.997166633605957,-14.184666633605957,-13.810426712036133,-14.997926712036133,64
train,1,The bright monitors,The bright monitor,-13.583820343017578,-15.896320343017578,-13.47391414642334,-15.16141414642334,-13.811461448669434,-15.811461448669434,-13.735036849975586,-14.985036849975586,64
train,0,The nervous rabbit,The nervous rabbits,-3.2368974685668945,-10.799397468566895,-3.5818967819213867,-11.706896781921387,-3.6851296424865723,-8.435129165649414,-4.196475505828857,-9.696475982666016,64
train,1,The nervous rabbits,The nervous rabbit,-2.440077304840088,-7.190077304840088,-2.625920057296753,-8.250920295715332,-2.99855899810791,-5.87355899810791,-3.2745213508605957,-7.149521350860596,64
train,0,The timid monitor,The timid monitors,-2.2739710807800293,-8.023971557617188,-3.696629047393799,-11.88412857055664,-2.5815811157226562,-6.081581115722656,-4.357751846313477,-10.607751846313477,64
train,1,The timid monitors,The timid monitor,-2.9736623764038086,-9.223662376403809,-2.2557802200317383,-8.568280220031738,-3.1436164379119873,-7.518616199493408,-2.4684898853302,-7.468490123748779,64
train,0,The timid kitten,The timid kittens,-4.240572929382324,-12.678072929382324,-4.30190372467041,-12.73940372467041,-4.9560112953186035,-10.956010818481445,-4.986272811889648,-11.298772811889648,64
train,1,The timid kittens,The timid kitten,-3.8218929767608643,-9.696892738342285,-3.181047201156616,-9.181047439575195,-4.399655818939209,-8.774656295776367,-3.8317573070526123,-8.456757545471191,64
train,0,The fuzzy turtle,The fuzzy turtles,-10.224119186401367,-12.036619186401367,-10.220983505249023,-12.470983505249023,-10.86010456085205,-11.92260456085205,-10.943456649780273,-12.318456649780273,64
train,1,The fuzzy turtles,The fuzzy turtle,-9.480319023132324,-15.042819023132324,-9.577566146850586,-15.640066146850586,-9.392586708068848,-13.455086708068848,-9.611368179321289,-14.173868179321289,64
train,0,The sleepy rat,The sleepy rats,-14.420149803161621,-15.607649803161621,-13.230884552001953,-14.918384552001953,-14.610657691955566,-15.360657691955566,-13.509090423583984,-14.634090423583984,64
train,1,The sleepy rats,The sleepy rat,-13.155891418457031,-16.03089141845703,-12.508283615112305,-15.133283615112305,-13.391962051391602,-15.391962051391602,-12.79658317565918,-14.67158317565918,64
train,0,The quiet horse,The quiet horses,-11.924629211425781,-13.987129211425781,-12.044581413269043,-14.482081413269043,-12.453875541687012,-13.703875541687012,-12.266040802001953,-14.016040802001953,64
train,1,The quiet horses,The quiet horse,-11.809103965759277,-15.059103965759277,-11.45683479309082,-15.73808479309082,-12.168646812438965,-14.418646812438965,-11.85040283203125,-14.91290283203125,64
train,0,The calm horse,The calm horses,-11.136466026306152,-14.761466026306152,-10.598094940185547,-14.598094940185547,-11.760348320007324,-14.197848320007324,-10.936820030212402,-13.936820030212402,64
train,1,The calm horses,The calm horse,-11.093806266784668,-15.343806266784668,-10.612415313720703,-15.331165313720703,-11.23050594329834,-14.35550594329834,-10.776909828186035,-14.276909828186035,64
train,0,The fuzzy panda,The fuzzy pandas,-12.23034954071045,-13.73034954071045,-11.099533081054688,-13.224533081054688,-12.77205753326416,-13.52205753326416,-11.550326347351074,-12.862826347351074,64
train,1,The fuzzy pandas,The fuzzy panda,-13.299384117126465,-15.174384117126465,-11.934080123901367,-14.184080123901367,-13.734687805175781,-14.609687805175781,-12.295754432678223,-13.358254432678223,64
train,0,The sleepy horse,The sleepy horses,-4.085330009460449,-10.96033000946045,-3.269444704055786,-10.644444465637207,-4.504473686218262,-8.941973686218262,-3.879606008529663,-8.129606246948242,64
train,1,The sleepy horses,The sleepy horse,-2.9237380027770996,-8.611237525939941,-2.3443775177001953,-8.219377517700195,-3.1849312782287598,-7.37243127822876,-2.6464943885803223,-7.021494388580322,64
train,0,The sleepy dog,The sleepy dogs,-4.399181842803955,-12.024181365966797,-4.224954605102539,-12.099954605102539,-4.636865139007568,-10.38686466217041,-4.64756965637207,-10.33506965637207,64
train,1,The sleepy dogs,The sleepy dog,-3.4616451263427734,-8.211645126342773,-2.569751739501953,-8.444751739501953,-3.8016929626464844,-7.051692962646484,-3.054637908935547,-7.554637908935547,64
train,0,The sleepy doe,The sleepy does,-13.874675750732422,-16.562175750732422,-13.10417366027832,-14.97917366027832,-14.084929466247559,-15.772429466247559,-13.057406425476074,-14.307406425476074,64
train,1,The sleepy does,The sleepy doe,-12.287880897521973,-14.287880897521973,-12.064411163330078,-14.251911163330078,-12.455352783203125,-14.142852783203125,-12.276653289794922,-14.214153289794922,64
train,0,The bright cow,The bright cows,-2.7717175483703613,-8.709217071533203,-3.5044875144958496,-10.191987037658691,-3.071943521499634,-6.071943283081055,-4.035930633544922,-8.160930633544922,64
train,1,The bright cows,The bright cow,-1.9002437591552734,-7.275243759155273,-2.4040331840515137,-7.154033184051514,-2.1440539360046387,-6.019053936004639,-2.816660165786743,-6.066659927368164,64
train,0,The quiet pup,The quiet pups,-10.099014282226562,-13.786514282226562,-10.941720008850098,-14.816720008850098,-10.334641456604004,-13.022141456604004,-11.279536247253418,-14.342036247253418,64
train,1,The quiet pups,The quiet pup,-11.226548194885254,-13.164048194885254,-11.388951301574707,-13.701451301574707,-11.628512382507324,-12.628512382507324,-11.67445182800293,-13.11195182800293,64
train,0,The nervous cow,The nervous cows,-9.958852767944336,-10.333852767944336,-11.245800018310547,-11.995800018310547,-9.856925010681152,-9.919425010681152,-11.545551300048828,-11.920551300048828,64
train,1,The nervous cows,The nervous cow,-9.512292861938477,-12.637292861938477,-9.453782081604004,-13.141282081604004,-9.7556734085083,-12.3181734085083,-9.804588317871094,-12.742088317871094,64
train,0,The quiet shark,The quiet sharks,-12.999894142150879,-16.124895095825195,-13.114236831665039,-16.23923683166504,-13.435491561889648,-15.560491561889648,-13.52301025390625,-15.64801025390625,64
train,1,The quiet sharks,The quiet shark,-13.4711275100708,-16.564878463745117,-13.688602447509766,-17.532352447509766,-13.852526664733887,-15.227526664733887,-13.816688537597656,-16.097938537597656,64
train,0,The calm cow,The calm cows,-12.19478988647461,-15.63228988647461,-10.817296981811523,-15.379796981811523,-12.562055587768555,-14.687055587768555,-11.145689010620117,-14.708189010620117,64
train,1,The calm cows,The calm cow,-11.4865140914917,-14.5490140914917,-11.249292373657227,-13.999292373657227,-11.615705490112305,-13.803205490112305,-11.388761520385742,-13.263761520385742,64
train,0,The nervous frog,The nervous frogs,-12.220325469970703,-12.907825469970703,-12.012435913085938,-12.824935913085938,-12.757511138916016,-12.382511138916016,-12.558075904846191,-12.620575904846191,64
train,1,The nervous frogs,The nervous frog,-12.05429458618164,-15.24179458618164,-11.429944038391113,-14.992444038391113,-12.207977294921875,-14.457977294921875,-11.59084415435791,-14.40334415435791,64
train,0,The small lion,The small lions,-10.900309562683105,-15.025309562683105,-11.226831436157227,-15.914331436157227,-11.760359764099121,-14.572859764099121,-12.0503568649292,-15.6753568649292,64
train,1,The small lions,The small lion,-10.476531028747559,-15.414031028747559,-10.944894790649414,-15.694894790649414,-10.906025886535645,-14.718525886535645,-11.454374313354492,-15.016874313354492,64
train,0,The timid dolphin,The timid dolphins,-10.022871017456055,-13.210371017456055,-9.127412796020508,-12.502412796020508,-10.894735336303711,-12.207235336303711,-9.970520973205566,-11.845520973205566,64
train,1,The timid dolphins,The timid dolphin,-10.248043060302734,-15.623043060302734,-8.945292472839355,-14.070292472839355,-10.057411193847656,-14.744911193847656,-8.896066665649414,-13.271066665649414,64
train,0,The bright bat,The bright bats,-17.08770179748535,-18.68145179748535,-15.634705543518066,-17.75970458984375,-17.161392211914062,-18.380142211914062,-15.98100471496582,-17.76225471496582,64
train,1,The bright bats,The bright bat,-15.429753303527832,-17.273502349853516,-14.30959415435791,-15.52834415435791,-15.66551399230957,-16.69676399230957,-14.537622451782227,-15.100122451782227,64
train,0,The small doe,The small does,-12.440010070800781,-14.565010070800781,-12.145170211791992,-14.395170211791992,-12.962424278259277,-14.212424278259277,-12.676899909973145,-14.239399909973145,64
train,1,The small does,The small doe,-13.344267845153809,-15.906767845153809,-12.085382461547852,-14.835382461547852,-13.831501960754395,-15.581501960754395,-12.346488952636719,-14.783988952636719,64
train,0,The small bat,The small bats,-8.956524848937988,-11.581524848937988,-10.363842010498047,-11.551342010498047,-9.131834983825684,-11.256834983825684,-10.683171272277832,-11.558171272277832,64
train,1,The small bats,The small bat,-10.721708297729492,-13.659208297729492,-8.869925498962402,-13.369925498962402,-10.593611717224121,-12.718611717224121,-9.040182113647461,-12.602682113647461,64
train,0,The quiet kitten,The quiet kittens,-12.219233512878418,-13.406733512878418,-12.897851943969727,-13.585351943969727,-12.760351181030273,-13.197851181030273,-13.254387855529785,-13.316887855529785,64
train,1,The quiet kittens,The quiet kitten,-12.390865325927734,-15.765865325927734,-11.41125202178955,-15.09875202178955,-13.178580284118652,-15.553580284118652,-12.110260963439941,-14.922760963439941,64
train,0,The nervous dolphin,The nervous dolphins,-13.729757308959961,-16.16725730895996,-12.600449562072754,-15.412949562072754,-13.966102600097656,-14.591102600097656,-13.101523399353027,-14.226523399353027,64
train,1,The nervous dolphins,The nervous dolphin,-12.581219673156738,-17.331220626831055,-11.574247360229492,-17.074247360229492,-12.456231117248535,-16.20623207092285,-11.47450065612793,-16.09950065612793,64
train,0,The small monitor,The small monitors,-14.450672149658203,-15.950672149658203,-14.438262939453125,-17.125762939453125,-14.679420471191406,-15.804420471191406,-14.584556579589844,-16.959556579589844,64
train,1,The small monitors,The small monitor,-13.75914478302002,-16.259145736694336,-13.46767807006836,-15.40517807006836,-13.92437744140625,-15.98687744140625,-13.654449462890625,-15.091949462890625,64
train,0,The bright pup,The bright pups,-3.6550183296203613,-8.530017852783203,-4.178230285644531,-9.740730285644531,-4.109967231750488,-5.859967231750488,-4.800044536590576,-8.175044059753418,64
train,1,The bright pups,The bright pup,-4.020157814025879,-8.395157814025879,-3.6554038524627686,-8.405404090881348,-4.107812881469727,-7.357812881469727,-3.7118070125579834,-7.336806774139404,64
train,0,The sleepy panda,The sleepy pandas,-9.3253173828125,-13.7003173828125,-8.392701148986816,-13.205201148986816,-9.54662036895752,-13.29662036895752,-9.034083366394043,-12.909083366394043,64
train,1,The sleepy pandas,The sleepy panda,-11.11775016784668,-12.68025016784668,-10.431310653686523,-12.181310653686523,-11.550814628601074,-11.800814628601074,-10.73843002319336,-11.30093002319336,64
train,0,The calm chick,The calm chicks,-3.9841904640197754,-8.796689987182617,-3.2046408653259277,-10.017141342163086,-4.842158317565918,-7.779658317565918,-3.864032745361328,-8.676532745361328,64
train,1,The calm chicks,The calm chick,-3.3097658157348633,-7.434765815734863,-2.7303037643432617,-7.792803764343262,-3.641484498977661,-6.516484260559082,-3.1406803131103516,-6.765680313110352,64
train,0,The nervous shark,The nervous sharks,-14.470718383789062,-16.626968383789062,-14.389793395996094,-16.546043395996094,-14.516566276550293,-15.454066276550293,-14.686782836914062,-15.499282836914062,64
train,1,The nervous sharks,The nervous shark,-12.819704055786133,-16.538454055786133,-12.853887557983398,-17.1663875579834,-13.123355865478516,-15.498355865478516,-13.05894660949707,-16.24644660949707,64
train,0,The slender frog,The slender frogs,-9.902005195617676,-11.464505195617676,-10.917340278625488,-12.729840278625488,-10.109935760498047,-10.797435760498047,-11.294649124145508,-12.607149124145508,64
train,1,The slender frogs,The slender frog,-8.991656303405762,-14.054156303405762,-9.606253623962402,-13.856253623962402,-9.244471549987793,-13.056971549987793,-9.949576377868652,-13.137076377868652,64
train,0,The small pup,The small pups,-2.576448440551758,-7.826448440551758,-3.81136417388916,-10.74886417388916,-3.30373477935791,-5.30373477935791,-4.523523330688477,-9.648523330688477,64
train,1,The small pups,The small pup,-3.3219382762908936,-9.696938514709473,-2.6767168045043945,-9.051716804504395,-3.7595415115356445,-8.884541511535645,-3.1124181747436523,-8.362418174743652,64
train,0,The nervous bat,The nervous bats,-9.679049491882324,-14.429049491882324,-10.92201042175293,-15.10951042175293,-9.922111511230469,-12.984611511230469,-11.283269882202148,-14.283269882202148,64
train,1,The nervous bats,The nervous bat,-8.969841003417969,-12.469841003417969,-9.065723419189453,-13.065723419189453,-9.255252838134766,-11.880252838134766,-9.281594276428223,-12.594094276428223,64
train,0,The timid pup,The timid pups,-12.632628440856934,-14.070128440856934,-12.753477096557617,-13.378477096557617,-13.120279312133789,-13.932779312133789,-13.266990661621094,-13.454490661621094,64
train,1,The timid pups,The timid pup,-12.593888282775879,-15.593888282775879,-11.877864837646484,-15.502864837646484,-13.037128448486328,-15.412128448486328,-12.203551292419434,-15.328551292419434,64
train,0,The quiet turtle,The quiet turtles,-6.142395973205566,-10.329895973205566,-7.185225486755371,-11.247725486755371,-6.659195423126221,-9.971694946289062,-7.456637382507324,-10.769137382507324,64
train,1,The quiet turtles,The quiet turtle,-8.190698623657227,-11.128198623657227,-8.103687286376953,-11.416187286376953,-8.690006256103516,-10.377506256103516,-8.333578109741211,-10.708578109741211,64
train,0,The timid pup,The timid pups,-10.507628440856934,-14.820128440856934,-10.503477096557617,-15.440977096557617,-10.620279312133789,-13.432779312133789,-10.516990661621094,-14.266990661621094,64
train,1,The timid pups,The timid pup,-8.906388282775879,-13.906388282775879,-8.565364837646484,-13.752864837646484,-9.349628448486328,-13.474628448486328,-8.828551292419434,-13.391051292419434,64
train,0,The fuzzy rabbit,The fuzzy rabbits,-11.803403854370117,-14.740903854370117,-11.416128158569336,-15.291128158569336,-12.338677406311035,-14.088677406311035,-11.744527816772461,-14.557027816772461,64
train,1,The fuzzy rabbits,The fuzzy rabbit,-11.690415382385254,-15.065415382385254,-11.43305778503418,-14.55805778503418,-12.117932319641113,-14.117932319641113,-11.966483116149902,-13.716483116149902,64
train,0,The small chick,The small chicks,-3.4985392093658447,-9.936038970947266,-3.1600422859191895,-10.972541809082031,-4.522088527679443,-8.022089004516602,-4.169864177703857,-9.919864654541016,64
train,1,The small chicks,The small chick,-2.456907272338867,-9.019407272338867,-2.504875659942627,-8.629875183105469,-2.8502187728881836,-8.100218772888184,-2.944652795791626,-7.819652557373047,64
train,0,The nervous whale,The nervous whales,-13.715022087097168,-16.62127113342285,-14.22920036315918,-16.66670036315918,-13.937276840209961,-16.09352684020996,-14.660167694091797,-16.222667694091797,64
train,1,The nervous whales,The nervous whale,-14.609500885009766,-16.672000885009766,-14.25399398803711,-17.84774398803711,-14.654314994812012,-15.841814994812012,-14.199889183044434,-16.949888229370117,64
train,0,The small bat,The small bats,-13.456524848937988,-18.269023895263672,-12.176342010498047,-15.676342010498047,-13.069334983825684,-17.194334030151367,-12.308171272277832,-15.245671272277832,64
train,1,The small bats,The small bat,-14.034208297729492,-17.877958297729492,-12.244925498962402,-16.432424545288086,-14.218611717224121,-16.749862670898438,-12.540182113647461,-15.571432113647461,64
train,0,The fuzzy horse,The fuzzy horses,-2.7622971534729004,-9.449796676635742,-2.9949324131011963,-10.119932174682617,-3.061293601989746,-7.373793601989746,-3.6712570190429688,-7.796257019042969,64
train,1,The fuzzy horses,The fuzzy horse,-2.4290902614593506,-8.24159049987793,-2.543163537979126,-7.980663299560547,-2.6347365379333496,-6.63473653793335,-2.900125503540039,-6.400125503540039,64
train,0,The slender doe,The slender does,-11.561515808105469,-15.311515808105469,-11.292585372924805,-15.105085372924805,-11.591510772705078,-14.154010772705078,-11.327091217041016,-14.077091217041016,64
train,1,The slender does,The slender doe,-11.45916748046875,-15.27166748046875,-11.24521541595459,-14.62021541595459,-11.468761444091797,-14.968761444091797,-11.310013771057129,-14.810013771057129,64
train,0,The sleepy doe,The sleepy does,-7.937175750732422,-12.187175750732422,-9.79167366027832,-13.91667366027832,-8.084929466247559,-10.709929466247559,-9.869906425476074,-12.869906425476074,64
train,1,The sleepy does,The sleepy doe,-10.100380897521973,-13.662880897521973,-9.689411163330078,-12.689411163330078,-10.267852783203125,-13.517852783203125,-9.589153289794922,-12.776653289794922,64
train,0,The calm rat,The calm rats,-12.886632919311523,-15.636632919311523,-13.247973442077637,-16.591724395751953,-13.222587585449219,-15.222587585449219,-13.614160537719727,-16.332910537719727,64
train,1,The calm rats,The calm rat,-13.50590991973877,-16.912160873413086,-13.935670852661133,-17.873170852661133,-14.082053184509277,-15.769553184509277,-14.384085655212402,-16.759084701538086,64
train,0,The slender kitten,The slender kittens,-15.571636199951172,-16.009136199951172,-15.208855628967285,-15.646355628967285,-16.35418701171875,-16.10418701171875,-15.808557510375977,-15.558557510375977,64
train,1,The slender kittens,The slender kitten,-15.04399585723877,-19.075246810913086,-13.506939888000488,-17.288188934326172,-15.689637184143066,-19.064638137817383,-14.053201675415039,-17.24070167541504,64
train,0,The slender lion,The slender lions,-10.658550262451172,-13.283550262451172,-10.609037399291992,-13.609037399291992,-11.408957481384277,-13.221457481384277,-10.984231948852539,-13.296731948852539,64
train,1,The slender lions,The slender lion,-12.482269287109375,-14.732269287109375,-10.91823673248291,-13.41823673248291,-12.83669662475586,-14.21169662475586,-11.358155250549316,-12.920655250549316,64
train,0,The small horse,The small horses,-3.5525341033935547,-10.927534103393555,-3.163893461227417,-11.413893699645996,-4.238081455230713,-8.988080978393555,-4.098485469818115,-9.160985946655273,64
train,1,The small horses,The small horse,-2.4163873195648193,-8.666387557983398,-2.284179210662842,-8.4091796875,-2.7849230766296387,-7.034923076629639,-2.7427074909210205,-6.992707252502441,64
train,0,The quiet rat,The quiet rats,-7.787792682647705,-10.975292205810547,-7.922336578369141,-11.42233657836914,-8.280601501464844,-10.655601501464844,-8.438936233520508,-11.188936233520508,64
train,1,The quiet rats,The quiet rat,-9.753133773803711,-13.190633773803711,-8.635817527770996,-13.073317527770996,-9.719099044799805,-12.031599044799805,-8.648174285888672,-12.023174285888672,64
train,0,The sleepy rat,The sleepy rats,-11.232649803161621,-12.795149803161621,-11.043384552001953,-13.043384552001953,-11.673157691955566,-12.735657691955566,-11.571590423583984,-12.946590423583984,64
train,1,The sleepy rats,The sleepy rat,-11.155891418457031,-13.905891418457031,-11.258283615112305,-14.070783615112305,-11.329462051391602,-13.454462051391602,-11.35908317565918,-13.67158317565918,64
train,0,The nervous dog,The nervous dogs,-4.6374287605285645,-11.637429237365723,-4.3497467041015625,-12.099746704101562,-4.495292663574219,-9.245292663574219,-4.9242706298828125,-10.236770629882812,64
train,1,The nervous dogs,The nervous dog,-2.969731330871582,-7.719731330871582,-2.993358612060547,-8.368358612060547,-3.3404598236083984,-6.715459823608398,-3.552995204925537,-7.427995204925537,64
train,0,The small lion,The small lions,-13.337809562683105,-14.837809562683105,-13.851831436157227,-15.414331436157227,-14.197859764099121,-14.822859764099121,-14.6128568649292,-15.3628568649292,64
train,1,The small lions,The small lion,-13.289031028747559,-16.914031982421875,-13.007394790649414,-16.976144790649414,-13.343525886535645,-16.28102684020996,-13.329374313354492,-16.454374313354492,64
train,0,The slender chick,The slender chicks,-3.061155319213867,-6.311155319213867,-2.799025058746338,-7.799025058746338,-3.5389115810394287,-4.78891134262085,-3.6432857513427734,-6.643285751342773,64
train,1,The slender chicks,The slender chick,-2.962087631225586,-8.587087631225586,-2.294778347015381,-8.357277870178223,-3.3590357303619385,-7.609035491943359,-2.6742382049560547,-7.424238204956055,64
train,0,The slender turtle,The slender turtles,-13.66177749633789,-16.59927749633789,-11.572930335998535,-15.197930335998535,-14.379196166992188,-16.504196166992188,-12.264269828796387,-15.076769828796387,64
train,1,The slender turtles,The slender turtle,-11.005208015441895,-15.692708015441895,-10.529210090637207,-14.904210090637207,-11.291433334350586,-15.291433334350586,-10.550950050354004,-14.175950050354004,64
train,0,The nervous pup,The nervous pups,-3.510653495788574,-7.948153495788574,-3.3152213096618652,-8.440221786499023,-3.8812477588653564,-5.3812479972839355,-4.460068225860596,-6.960068225860596,64
train,1,The nervous pups,The nervous pup,-3.499540328979492,-7.499540328979492,-2.7015271186828613,-8.076526641845703,-3.715386152267456,-6.590385913848877,-3.036644220352173,-7.536643981933594,64
train,0,The small dog,The small dogs,-2.9084835052490234,-11.345983505249023,-4.112918376922607,-12.55041790008545,-3.523202896118164,-9.773202896118164,-4.9434309005737305,-11.56843090057373,64
train,1,The small dogs,The small dog,-2.222886562347412,-8.410386085510254,-2.8379645347595215,-9.21296501159668,-2.780791997909546,-7.155792236328125,-3.3875155448913574,-8.3875150680542,64
train,0,The slender dolphin,The slender dolphins,-10.214200973510742,-13.714200973510742,-9.943624496459961,-14.256124496459961,-10.712010383605957,-12.837010383605957,-10.428309440612793,-13.303309440612793,64
train,1,The slender dolphins,The slender dolphin,-9.662010192871094,-14.349510192871094,-9.496225357055664,-14.433725357055664,-9.854508399963379,-13.479508399963379,-9.615215301513672,-13.677715301513672,64
train,0,The bright dog,The bright dogs,-13.14501667022705,-13.77001667022705,-13.73916244506836,-14.55166244506836,-13.544208526611328,-13.544208526611328,-14.138978004455566,-14.388978004455566,64
train,1,The bright dogs,The bright dog,-12.679031372070312,-15.491531372070312,-13.320666313171387,-16.28941535949707,-13.169281959533691,-15.231781959533691,-13.585052490234375,-15.960052490234375,64
train,0,The nervous lion,The nervous lions,-3.664170026779175,-9.601670265197754,-4.1956915855407715,-10.883191108703613,-3.768772840499878,-6.518773078918457,-4.776110649108887,-8.526110649108887,64
train,1,The nervous lions,The nervous lion,-3.515934944152832,-7.390934944152832,-3.2921040058135986,-8.29210376739502,-3.5535216331481934,-5.803521633148193,-3.7728865146636963,-6.897886753082275,64
train,0,The timid turtle,The timid turtles,-14.880064010620117,-17.817564010620117,-13.391074180603027,-16.07857322692871,-15.608109474182129,-17.576860427856445,-14.093833923339844,-16.093833923339844,64
train,1,The timid turtles,The timid turtle,-14.136313438415527,-18.823814392089844,-13.088086128234863,-16.963085174560547,-14.313921928405762,-18.001422882080078,-13.298286437988281,-16.14203643798828,64
train,0,The bright whale,The bright whales,-9.439862251281738,-11.314862251281738,-10.34959602355957,-12.03709602355957,-9.97836971282959,-10.72836971282959,-11.015365600585938,-11.702865600585938,64
train,1,The bright whales,The bright whale,-8.63528060913086,-12.94778060913086,-8.795634269714355,-14.170634269714355,-8.668743133544922,-11.606243133544922,-8.690866470336914,-12.628366470336914,64
train,0,The slender panda,The slender pandas,-4.841509819030762,-11.279009819030762,-2.9096529483795166,-10.659652709960938,-5.501384258270264,-8.376384735107422,-4.004183292388916,-8.254182815551758,64
train,1,The slender pandas,The slender panda,-3.181784152984619,-8.181784629821777,-2.126891613006592,-7.876891613006592,-3.725499391555786,-6.975499153137207,-2.987060308456421,-6.612060070037842,64
train,0,The small dog,The small dogs,-6.283483505249023,-10.845983505249023,-8.48791790008545,-12.80041790008545,-6.773202896118164,-10.648202896118164,-9.06843090057373,-12.75593090057373,64
train,1,The small dogs,The small dog,-8.910386085510254,-10.847886085510254,-10.02546501159668,-11.90046501159668,-9.530792236328125,-10.343292236328125,-10.5750150680542,-11.5750150680542,64
train,0,The quiet horse,The quiet horses,-11.424629211425781,-12.987129211425781,-10.669581413269043,-13.607081413269043,-11.891375541687012,-12.641375541687012,-11.078540802001953,-13.078540802001953,64
train,1,The quiet horses,The quiet horse,-11.309103965759277,-14.746603965759277,-10.64433479309082,-14.76933479309082,-11.606146812438965,-13.981146812438965,-11.03790283203125,-13.97540283203125,64
train,0,The small kit,The small kits,-4.422110557556152,-11.234610557556152,-4.840689182281494,-12.403189659118652,-4.778162002563477,-9.340662002563477,-5.4354472160339355,-10.872946739196777,64
train,1,The small kits,The small kit,-2.2635629177093506,-5.63856315612793,-4.001429557800293,-9.501429557800293,-2.4772253036499023,-4.852225303649902,-4.261631011962891,-8.38663101196289,64
train,0,The nervous bat,The nervous bats,-9.804049491882324,-15.272799491882324,-11.73451042175293,-16.60951042175293,-10.109611511230469,-14.672111511230469,-11.970769882202148,-16.22076988220215,64
train,1,The nervous bats,The nervous bat,-11.907341003417969,-14.719841003417969,-12.503223419189453,-16.003223419189453,-12.380252838134766,-13.567752838134766,-13.094094276428223,-15.094094276428223,64
train,0,The sleepy turtle,The sleepy turtles,-13.303534507751465,-14.928534507751465,-12.9332857131958,-14.5582857131958,-13.475136756896973,-14.412636756896973,-13.2819185256958,-14.3444185256958,64
train,1,The sleepy turtles,The sleepy turtle,-12.71020793914795,-15.74145793914795,-12.207536697387695,-15.145036697387695,-13.122108459472656,-15.309608459472656,-12.443732261657715,-14.443732261657715,64
train,0,The sleepy whale,The sleepy whales,-2.650815486907959,-9.9633150100708,-3.4982104301452637,-11.123210906982422,-3.0661418437957764,-7.3161420822143555,-4.060362815856934,-8.435362815856934,64
train,1,The sleepy whales,The sleepy whale,-2.616243839263916,-6.241243839263916,-2.7105534076690674,-7.085553169250488,-2.7444770336151123,-4.619477272033691,-3.093600273132324,-5.718600273132324,64
train,0,The timid pup,The timid pups,-14.195128440856934,-14.570128440856934,-14.753477096557617,-14.628477096557617,-14.745279312133789,-14.495279312133789,-15.454490661621094,-14.954490661621094,64
train,1,The timid pups,The timid pup,-14.156388282775879,-17.781387329101562,-14.440364837646484,-18.440364837646484,-14.412128448486328,-17.662128448486328,-14.703551292419434,-18.391050338745117,64
train,0,The small kitten,The small kittens,-13.523730278015137,-16.27372932434082,-13.273159980773926,-15.773159980773926,-14.462992668151855,-16.21299171447754,-14.062856674194336,-15.750356674194336,64
train,1,The small kittens,The small kitten,-14.847264289855957,-18.159765243530273,-14.033449172973633,-17.064699172973633,-15.048304557800293,-17.673303604125977,-14.185754776000977,-16.623254776000977,64
train,0,The small shark,The small sharks,-12.368236541748047,-14.680736541748047,-12.278504371643066,-14.528504371643066,-12.900412559509277,-14.087912559509277,-12.714807510375977,-14.152307510375977,64
train,1,The small sharks,The small shark,-11.506364822387695,-15.381364822387695,-11.635778427124023,-15.323278427124023,-11.949023246765137,-14.761523246765137,-11.929129600524902,-14.679129600524902,64
train,0,The small panda,The small pandas,-15.858158111572266,-19.545658111572266,-13.437746047973633,-17.750246047973633,-16.3371639251709,-19.2746639251709,-14.1041898727417,-17.666688919067383,64
train,1,The small pandas,The small panda,-14.757686614990234,-18.038936614990234,-13.908282279968262,-16.845783233642578,-15.64452838897705,-17.488277435302734,-14.421783447265625,-16.046783447265625,64
train,0,The small doe,The small does,-14.815010070800781,-16.90876007080078,-13.770170211791992,-15.395170211791992,-15.462424278259277,-16.712425231933594,-14.114399909973145,-15.301899909973145,64
train,1,The small does,The small doe,-13.906767845153809,-17.406766891479492,-13.397882461547852,-17.08538246154785,-13.956501960754395,-17.08150291442871,-13.533988952636719,-17.03398895263672,64
train,0,The bright rat,The bright rats,-11.396021842956543,-15.646021842956543,-11.99453353881836,-16.08828353881836,-11.487762451171875,-14.612762451171875,-12.261652946472168,-15.511652946472168,64
train,1,The bright rats,The bright rat,-10.86795711517334,-14.49295711517334,-10.94882869720459,-14.26132869720459,-11.367086410522461,-13.804586410522461,-11.239691734313965,-13.677191734313965,64
train,0,The bright turtle,The bright turtles,-9.642560958862305,-12.955060958862305,-9.684349060058594,-13.059349060058594,-10.277338027954102,-12.339838027954102,-10.155787467956543,-12.468287467956543,64
train,1,The bright turtles,The bright turtle,-8.91513442993164,-13.91513442993164,-9.449546813964844,-13.762046813964844,-9.341638565063477,-13.029138565063477,-9.87773609161377,-12.75273609161377,64
train,0,The small kitten,The small kittens,-3.8987298011779785,-12.836230278015137,-4.398159980773926,-13.210659980773926,-4.587992191314697,-11.025492668151855,-5.000356674194336,-11.937856674194336,64
train,1,The small kittens,The small kitten,-3.409764289855957,-10.284764289855957,-3.220949411392212,-9.658449172973633,-3.985804319381714,-9.235804557800293,-3.8107550144195557,-8.685754776000977,64
train,0,The sleepy chick,The sleepy chicks,-11.836796760559082,-13.899296760559082,-10.78902816772461,-13.72652816772461,-12.279757499694824,-13.592257499694824,-11.5558500289917,-13.5558500289917,64
train,1,The sleepy chicks,The sleepy chick,-11.987305641174316,-15.424805641174316,-12.056204795837402,-15.431204795837402,-12.06596851348877,-14.75346851348877,-12.124685287475586,-14.687185287475586,64
train,0,The bright chick,The bright chicks,-13.534441947937012,-15.628191947937012,-13.375265121459961,-16.06276512145996,-14.408489227294922,-15.220989227294922,-13.838672637939453,-15.463672637939453,64
train,1,The bright chicks,The bright chick,-13.1740140914917,-16.580263137817383,-14.243171691894531,-17.05567169189453,-13.373944282531738,-16.030195236206055,-14.422167778015137,-16.35966682434082,64
train,0,The sleepy lion,The sleepy lions,-10.27151107788086,-13.20901107788086,-10.334020614624023,-12.896520614624023,-10.789310455322266,-12.976810455322266,-10.859818458557129,-12.484818458557129,64
train,1,The sleepy lions,The sleepy lion,-11.612409591674805,-13.674909591674805,-11.029239654541016,-13.654239654541016,-12.183666229248047,-13.058666229248047,-11.474495887756348,-12.911995887756348,64
train,0,The sleepy shark,The sleepy sharks,-10.498805046081543,-14.748805046081543,-10.687744140625,-14.562744140625,-10.847959518432617,-13.660459518432617,-11.143267631530762,-13.643267631530762,64
train,1,The sleepy sharks,The sleepy shark,-11.353487968444824,-13.978487968444824,-11.09981632232666,-14.53731632232666,-11.785748481750488,-12.848248481750488,-11.296818733215332,-13.359318733215332,64
train,0,The fuzzy bat,The fuzzy bats,-10.959092140197754,-15.459092140197754,-11.283468246459961,-15.783468246459961,-11.445735931396484,-15.008235931396484,-11.604985237121582,-15.292485237121582,64
train,1,The fuzzy bats,The fuzzy bat,-12.5176420211792,-14.3301420211792,-12.138936996459961,-14.326436996459961,-12.861506462097168,-12.924006462097168,-12.436586380004883,-13.374086380004883,64
train,0,The nervous doe,The nervous does,-12.360885620117188,-13.048385620117188,-10.105949401855469,-11.605949401855469,-12.426072120666504,-11.926072120666504,-10.543396949768066,-10.855896949768066,64
train,1,The nervous does,The nervous doe,-10.436782836914062,-15.436782836914062,-9.693790435791016,-14.881290435791016,-10.909398078918457,-15.346898078918457,-9.538528442382812,-14.476028442382812,64
train,0,The bright frog,The bright frogs,-12.862932205200195,-14.394182205200195,-13.57746410369873,-15.07746410369873,-13.192770004272461,-13.817770004272461,-14.062234878540039,-14.812234878540039,64
train,1,The bright frogs,The bright frog,-13.068583488464355,-19.22483253479004,-12.41938304901123,-16.419382095336914,-13.039534568786621,-18.164533615112305,-12.769767761230469,-15.707267761230469,64
train,0,The timid panda,The timid pandas,-12.428879737854004,-16.99138069152832,-10.142542839050293,-14.767542839050293,-12.485947608947754,-15.673447608947754,-10.67847728729248,-13.99097728729248,64
train,1,The timid pandas,The timid panda,-9.121816635131836,-13.746816635131836,-8.945941925048828,-13.320941925048828,-9.747354507446289,-12.997354507446289,-9.327750205993652,-12.452750205993652,64
train,0,The bright dolphin,The bright dolphins,-10.044795989990234,-12.982295989990234,-10.611129760742188,-13.548629760742188,-10.440312385559082,-12.377812385559082,-11.063325881958008,-13.125825881958008,64
train,1,The bright dolphins,The bright dolphin,-11.820124626159668,-14.382624626159668,-11.561014175415039,-14.061014175415039,-12.157970428466797,-13.845470428466797,-11.917102813720703,-13.417102813720703,64
train,0,The fuzzy kit,The fuzzy kits,-11.74692440032959,-13.05942440032959,-13.493085861206055,-16.368085861206055,-11.973748207092285,-12.723748207092285,-13.873600006103516,-16.123600006103516,64
train,1,The fuzzy kits,The fuzzy kit,-10.858407020568848,-11.608407020568848,-13.65983772277832,-15.97233772277832,-11.121916770935059,-11.246916770935059,-13.98184585571289,-15.23184585571289,64
train,0,The calm cow,The calm cows,-3.6947903633117676,-9.63228988647461,-3.7547969818115234,-10.879796981811523,-4.062055587768555,-6.812055587768555,-4.333189487457275,-8.833189010620117,64
train,1,The calm cows,The calm cow,-2.424014091491699,-7.299014091491699,-2.4367921352386475,-7.499292373657227,-2.8032052516937256,-6.053205490112305,-2.888761520385742,-6.263761520385742,64
train,0,The sleepy dog,The sleepy dogs,-13.149181365966797,-16.742931365966797,-12.099954605102539,-15.912454605102539,-13.44936466217041,-16.230615615844727,-12.39756965637207,-15.33506965637207,64
train,1,The sleepy dogs,The sleepy dog,-12.336645126342773,-16.086645126342773,-10.944751739501953,-15.882251739501953,-12.426692962646484,-15.114192962646484,-10.992137908935547,-15.054637908935547,64
train,0,The sleepy whale,The sleepy whales,-11.7758150100708,-13.7133150100708,-12.498210906982422,-13.873210906982422,-12.316142082214355,-13.378642082214355,-12.997862815856934,-13.497862815856934,64
train,1,The sleepy whales,The sleepy whale,-11.053743362426758,-14.741243362426758,-10.960553169250488,-15.398053169250488,-11.056977272033691,-13.744477272033691,-11.031100273132324,-14.593600273132324,64
train,0,The sleepy dog,The sleepy dogs,-11.649181365966797,-12.836681365966797,-11.037454605102539,-12.099954605102539,-12.13686466217041,-12.63686466217041,-11.39756965637207,-11.89756965637207,64
train,1,The sleepy dogs,The sleepy dog,-11.086645126342773,-14.524145126342773,-10.069751739501953,-14.069751739501953,-11.364192962646484,-13.676692962646484,-10.367137908935547,-13.367137908935547,64
train,0,The sleepy cock,The sleepy cocks,-18.033283233642578,-18.658283233642578,-12.242410659790039,-15.179910659790039,-17.563295364379883,-18.125795364379883,-12.191640853881836,-14.691640853881836,64
train,1,The sleepy cocks,The sleepy cock,-14.240245819091797,-16.302745819091797,-12.061908721923828,-14.374408721923828,-13.951204299926758,-15.482454299926758,-11.94878101348877,-13.51128101348877,64
train,0,The sleepy rat,The sleepy rats,-13.545149803161621,-16.545150756835938,-12.668384552001953,-15.668384552001953,-13.860657691955566,-15.860657691955566,-12.946590423583984,-15.009090423583984,64
train,1,The sleepy rats,The sleepy rat,-13.405891418457031,-17.12464141845703,-12.445783615112305,-16.508283615112305,-13.766962051391602,-16.3919620513916,-12.73408317565918,-15.82783317565918,64
train,0,The sleepy dolphin,The sleepy dolphins,-10.655779838562012,-11.843279838562012,-10.479406356811523,-11.979406356811523,-11.24089241027832,-11.99089241027832,-11.057756423950195,-12.182756423950195,64
train,1,The sleepy dolphins,The sleepy dolphin,-11.91915512084961,-13.54415512084961,-11.702821731567383,-13.202821731567383,-11.899227142333984,-13.024227142333984,-11.634904861450195,-12.697404861450195,64
train,0,The quiet whale,The quiet whales,-14.50340461730957,-16.12840461730957,-14.182160377502441,-16.369659423828125,-14.800121307373047,-15.862621307373047,-14.451940536499023,-16.139440536499023,64
train,1,The quiet whales,The quiet whale,-14.161538124084473,-16.536537170410156,-14.28046703338623,-17.030466079711914,-14.627205848693848,-15.627205848693848,-14.73486042022705,-15.85986042022705,64
train,0,The sleepy pup,The sleepy pups,-13.275734901428223,-17.11948585510254,-13.06432056427002,-17.033071517944336,-13.709940910339355,-16.45993995666504,-13.489094734191895,-16.42659568786621,64
train,1,The sleepy pups,The sleepy pup,-13.858107566833496,-17.733108520507812,-12.994131088256836,-17.431631088256836,-14.084285736083984,-17.053035736083984,-13.168105125427246,-16.918106079101562,64
train,0,The calm rabbit,The calm rabbits,-13.535538673400879,-17.191787719726562,-13.171473503112793,-16.85897445678711,-14.169919967651367,-16.638669967651367,-13.754117965698242,-16.441617965698242,64
train,1,The calm rabbits,The calm rabbit,-13.008678436279297,-16.352428436279297,-12.683048248291016,-16.683048248291016,-13.25379467010498,-15.50379467010498,-12.827519416809082,-15.890019416809082,64
train,0,The quiet shark,The quiet sharks,-11.499894142150879,-11.687394142150879,-11.426736831665039,-11.864236831665039,-12.122991561889648,-11.622991561889648,-11.83551025390625,-11.64801025390625,64
train,1,The quiet sharks,The quiet shark,-10.4711275100708,-13.9711275100708,-10.063602447509766,-14.251102447509766,-10.977526664733887,-13.352526664733887,-10.441688537597656,-13.504188537597656,64
train,0,The bright rat,The bright rats,-9.458521842956543,-10.208521842956543,-10.36953353881836,-11.05703353881836,-9.550262451171875,-9.925262451171875,-10.574152946472168,-10.949152946472168,64
train,1,The bright rats,The bright rat,-11.43045711517334,-13.61795711517334,-10.69882869720459,-13.07382869720459,-11.742086410522461,-13.242086410522461,-10.927191734313965,-12.739691734313965,64
train,0,The nervous pup,The nervous pups,-11.823153495788574,-12.323153495788574,-11.190221786499023,-13.627721786499023,-11.506247520446777,-11.381247520446777,-11.835067749023438,-13.585067749023438,64
train,1,The nervous pups,The nervous pup,-12.437040328979492,-16.249540328979492,-12.201526641845703,-16.795276641845703,-12.652886390686035,-15.715386390686035,-12.349143981933594,-16.286643981933594,64
train,0,The fuzzy rat,The fuzzy rats,-12.65405559539795,-14.46655559539795,-13.205873489379883,-15.268373489379883,-12.803142547607422,-13.928142547607422,-13.4696683883667,-14.8446683883667,64
train,1,The fuzzy rats,The fuzzy rat,-14.422194480895996,-17.328445434570312,-13.83579158782959,-16.992040634155273,-14.877984046936035,-16.62798309326172,-14.221331596374512,-16.440082550048828,64
train,0,The slender shark,The slender sharks,-12.540213584899902,-15.946463584899902,-11.692598342895508,-15.380098342895508,-12.907946586608887,-14.907946586608887,-12.07378101348877,-14.82378101348877,64
train,1,The slender sharks,The slender shark,-12.186598777770996,-14.999098777770996,-11.847848892211914,-14.972848892211914,-12.472809791564941,-14.160309791564941,-12.183091163635254,-14.183091163635254,64
train,0,The timid pup,The timid pups,-3.8826282024383545,-10.820128440856934,-4.128477573394775,-10.753477096557617,-4.307778835296631,-8.120279312133789,-4.7044901847839355,-9.204490661621094,64
train,1,The timid pups,The timid pup,-3.0938880443573,-8.843888282775879,-2.6278653144836426,-8.815364837646484,-3.599628448486328,-8.224628448486328,-3.1410512924194336,-8.266051292419434,64
train,0,The nervous pup,The nervous pups,-10.260653495788574,-13.448153495788574,-9.502721786499023,-12.940221786499023,-10.381247520446777,-12.193747520446777,-10.335067749023438,-12.585067749023438,64
train,1,The nervous pups,The nervous pup,-10.749540328979492,-12.749540328979492,-10.201526641845703,-13.014026641845703,-11.090386390686035,-12.340386390686035,-10.599143981933594,-12.661643981933594,64
train,0,The calm pup,The calm pups,-8.851519584655762,-11.601519584655762,-9.651519775390625,-13.089019775390625,-9.146842002868652,-10.896842002868652,-10.073019027709961,-12.698019027709961,64
train,1,The calm pups,The calm pup,-8.79316234588623,-12.73066234588623,-8.31283187866211,-13.31283187866211,-9.039895057678223,-11.977395057678223,-8.464176177978516,-12.589176177978516,64
train,0,The small turtle,The small turtles,-11.940163612365723,-14.377663612365723,-11.113581657409668,-13.176081657409668,-12.508561134338379,-14.196061134338379,-11.603175163269043,-13.040675163269043,64
train,1,The small turtles,The small turtle,-10.329790115356445,-14.329790115356445,-9.981081008911133,-13.543581008911133,-10.60505199432373,-13.91755199432373,-10.289375305175781,-13.101875305175781,64
test,0,The wary [wug],The wary [wugs],-9.430991172790527,-13.805991172790527,-10.517884254455566,-15.517884254455566,-9.945374488830566,-13.132874488830566,-10.883288383483887,-14.945788383483887,64
test,1,The wary [wugs],The wary [wug],-11.466817855834961,-14.966817855834961,-10.354633331298828,-14.667133331298828,-11.708951950073242,-14.146451950073242,-10.593887329101562,-14.218887329101562,64
test,0,The tiny [wug],The tiny [wugs],-13.49979019165039,-16.74979019165039,-11.57942008972168,-15.76692008972168,-14.220342636108398,-16.5328426361084,-12.187939643859863,-15.625439643859863,64
test,1,The tiny [wugs],The tiny [wug],-11.400486946105957,-15.337986946105957,-10.931049346923828,-15.806049346923828,-11.597455978393555,-14.784955978393555,-11.227097511291504,-15.477097511291504,64
test,0,The curious [wug],The curious [wugs],-11.790776252746582,-16.228275299072266,-11.324830055236816,-15.512330055236816,-12.253493309020996,-15.503493309020996,-11.753486633300781,-15.065986633300781,64
test,1,The curious [wugs],The curious [wug],-11.315862655639648,-14.378362655639648,-10.051729202270508,-13.801729202270508,-11.48324203491211,-13.85824203491211,-10.073732376098633,-13.386232376098633,64
test,0,The gentle [wug],The gentle [wugs],-14.257224082946777,-16.38222312927246,-13.509352684020996,-15.509352684020996,-14.726682662963867,-16.226682662963867,-13.56796646118164,-15.13046646118164,64
test,1,The gentle [wugs],The gentle [wug],-13.123908042907715,-14.748908042907715,-13.862932205200195,-15.425432205200195,-13.274161338806152,-14.461661338806152,-13.9098539352417,-15.0348539352417,64
test,0,The spotted [wug],The spotted [wugs],-14.360701560974121,-14.454451560974121,-11.180908203125,-12.805908203125,-13.360686302185059,-12.673186302185059,-11.330793380737305,-12.580793380737305,64
test,1,The spotted [wugs],The spotted [wug],-11.410229682922363,-13.597729682922363,-11.728903770446777,-13.603903770446777,-11.389813423156738,-12.764813423156738,-12.012529373168945,-13.012529373168945,64
test,0,The wary [wug],The wary [wugs],-14.993491172790527,-15.555991172790527,-13.392884254455566,-14.830384254455566,-15.445374488830566,-15.507874488830566,-13.758288383483887,-14.758288383483887,64
test,1,The wary [wugs],The wary [wug],-13.779317855834961,-16.84181785583496,-11.604633331298828,-14.792133331298828,-13.771451950073242,-16.396451950073242,-11.656387329101562,-14.468887329101562,64
test,0,The gentle [wug],The gentle [wugs],-14.132224082946777,-14.507224082946777,-13.196852684020996,-13.696852684020996,-14.851682662963867,-14.351682662963867,-13.56796646118164,-13.50546646118164,64
test,1,The gentle [wugs],The gentle [wug],-13.436408042907715,-17.3114070892334,-11.862932205200195,-16.425432205200195,-13.399161338806152,-16.586660385131836,-11.7848539352417,-15.6598539352417,64
test,0,The clever [wug],The clever [wugs],-14.242223739624023,-16.992223739624023,-12.936779022216797,-16.811779022216797,-14.792635917663574,-17.167634963989258,-13.530107498168945,-16.717607498168945,64
test,1,The clever [wugs],The clever [wug],-14.241652488708496,-18.022903442382812,-13.907423973083496,-17.344924926757812,-14.42126178741455,-17.171262741088867,-13.925814628601074,-16.48831558227539,64
test,0,The shy [wug],The shy [wugs],-12.276308059692383,-14.651308059692383,-10.814740180969238,-13.814740180969238,-12.986273765563965,-14.736273765563965,-11.251347541809082,-13.688847541809082,64
test,1,The shy [wugs],The shy [wug],-10.792886734008789,-13.417886734008789,-9.90142822265625,-13.58892822265625,-10.933494567871094,-12.933494567871094,-9.941132545471191,-13.066132545471191,64
test,0,The wary [wug],The wary [wugs],-11.555991172790527,-14.993491172790527,-10.705384254455566,-14.705384254455566,-11.945374488830566,-14.382874488830566,-11.133288383483887,-14.195788383483887,64
test,1,The wary [wugs],The wary [wug],-10.966817855834961,-15.279317855834961,-9.729633331298828,-14.854633331298828,-11.208951950073242,-14.521451950073242,-9.906387329101562,-14.343887329101562,64
test,0,The shy [wug],The shy [wugs],-13.276308059692383,-17.026308059692383,-12.439740180969238,-16.127239227294922,-13.923773765563965,-16.86127471923828,-12.813847541809082,-15.876347541809082,64
test,1,The shy [wugs],The shy [wug],-12.792886734008789,-14.542886734008789,-12.58892822265625,-14.77642822265625,-12.870994567871094,-14.183494567871094,-12.816132545471191,-14.503632545471191,64
test,0,The fierce [wug],The fierce [wugs],-15.430598258972168,-16.05559730529785,-14.490127563476562,-15.052627563476562,-15.991671562194824,-16.30417251586914,-14.794051170349121,-14.981551170349121,64
test,1,The fierce [wugs],The fierce [wug],-13.56789779663086,-16.44289779663086,-13.237154960632324,-16.86215591430664,-13.647936820983887,-15.772936820983887,-13.361993789672852,-16.29949378967285,64
test,0,The bold [wug],The bold [wugs],-13.994043350219727,-16.306543350219727,-13.202144622802734,-16.202144622802734,-14.167787551879883,-15.667787551879883,-13.543570518493652,-15.606070518493652,64
test,1,The bold [wugs],The bold [wug],-13.947397232055664,-16.072397232055664,-11.276561737060547,-14.964061737060547,-14.211669921875,-15.461669921875,-11.304932594299316,-14.304932594299316,64
test,0,The strange [wug],The strange [wugs],-15.454324722290039,-17.51682472229004,-13.326042175292969,-15.701042175292969,-15.407958984375,-16.595458984375,-13.764237403869629,-15.326737403869629,64
test,1,The strange [wugs],The strange [wug],-13.614387512207031,-17.80188751220703,-10.307116508483887,-15.182116508483887,-13.683760643005371,-16.746261596679688,-10.400920867919922,-14.338420867919922,64
test,0,The clumsy [wug],The clumsy [wugs],-17.998245239257812,-19.810745239257812,-15.316600799560547,-17.816600799560547,-18.425153732299805,-19.425153732299805,-15.498881340026855,-17.24888038635254,64
test,1,The clumsy [wugs],The clumsy [wug],-14.70731258392334,-19.051063537597656,-13.67679500579834,-18.395545959472656,-14.745774269104004,-18.495773315429688,-13.48135757446289,-17.73135757446289,64
test,0,The fierce [wug],The fierce [wugs],-11.993098258972168,-13.618098258972168,-10.865127563476562,-12.677627563476562,-12.616671562194824,-13.741671562194824,-11.231551170349121,-12.544051170349121,64
test,1,The fierce [wugs],The fierce [wug],-10.25539779663086,-13.31789779663086,-9.237154960632324,-12.862154960632324,-10.647936820983887,-12.897936820983887,-9.611993789672852,-12.549493789672852,64
test,0,The restless [wug],The restless [wugs],-16.478647232055664,-16.916147232055664,-14.527637481689453,-15.652637481689453,-16.806005477905273,-16.743505477905273,-14.975339889526367,-15.537839889526367,64
test,1,The restless [wugs],The restless [wug],-14.291597366333008,-17.979097366333008,-12.825455665588379,-16.919204711914062,-14.431771278381348,-17.494272232055664,-12.744477272033691,-16.244476318359375,64
test,0,The sturdy [wug],The sturdy [wugs],-5.378308296203613,-10.315808296203613,-7.107626914978027,-11.857626914978027,-6.338973045349121,-8.963973045349121,-7.607076168060303,-10.169575691223145,64
test,1,The sturdy [wugs],The sturdy [wug],-5.871377944946289,-10.433877944946289,-4.79573392868042,-9.670733451843262,-6.236645698547363,-9.361645698547363,-5.345935821533203,-8.783435821533203,64
test,0,The bold [wug],The bold [wugs],-14.306543350219727,-14.806543350219727,-13.077144622802734,-13.702144622802734,-14.730287551879883,-15.105287551879883,-13.293570518493652,-13.668570518493652,64
test,1,The bold [wugs],The bold [wug],-14.009897232055664,-16.509897232055664,-12.901561737060547,-16.464061737060547,-14.211669921875,-16.211669921875,-12.929932594299316,-15.929932594299316,64
test,0,The graceful [wug],The graceful [wugs],-11.037178039550781,-13.412178039550781,-10.499935150146484,-13.749935150146484,-11.164836883544922,-12.914836883544922,-10.713020324707031,-13.213020324707031,64
test,1,The graceful [wugs],The graceful [wug],-10.642722129821777,-13.955222129821777,-10.060966491699219,-14.185966491699219,-10.897899627685547,-13.085399627685547,-10.498287200927734,-13.623287200927734,64
test,0,The tiny [wug],The tiny [wugs],-12.68729019165039,-15.74979019165039,-10.07942008972168,-14.64192008972168,-13.532842636108398,-15.470342636108398,-10.875439643859863,-14.625439643859863,64
test,1,The tiny [wugs],The tiny [wug],-10.587986946105957,-14.650486946105957,-9.868549346923828,-14.493549346923828,-10.659955978393555,-13.909955978393555,-10.164597511291504,-14.227097511291504,64
test,0,The restless [wug],The restless [wugs],-18.509897232055664,-20.541147232055664,-16.027637481689453,-18.621387481689453,-18.806005477905273,-20.243505477905273,-16.537839889526367,-18.319089889526367,64
test,1,The restless [wugs],The restless [wug],-16.604097366333008,-21.041597366333008,-13.950455665588379,-18.762954711914062,-16.681772232055664,-20.306772232055664,-14.056977272033691,-18.088226318359375,64
test,0,The clumsy [wug],The clumsy [wugs],-15.123245239257812,-16.498245239257812,-14.816600799560547,-16.441600799560547,-15.612654685974121,-16.675153732299805,-14.936381340026855,-16.18638038635254,64
test,1,The clumsy [wugs],The clumsy [wug],-14.51981258392334,-15.76981258392334,-13.30179500579834,-14.86429500579834,-14.620774269104004,-15.308274269104004,-13.23135757446289,-14.48135757446289,64
test,0,The restless [wug],The restless [wugs],-14.291147232055664,-17.353647232055664,-12.590137481689453,-16.090137481689453,-14.68100643157959,-17.056005477905273,-13.100339889526367,-15.850339889526367,64
test,1,The restless [wugs],The restless [wug],-16.104097366333008,-18.354097366333008,-14.075455665588379,-17.200454711914062,-16.181772232055664,-17.619272232055664,-14.181977272033691,-16.494476318359375,64
test,0,The round [wug],The round [wugs],-11.140340805053711,-12.702840805053711,-12.331892013549805,-14.206892013549805,-10.76793384552002,-12.33043384552002,-12.270905494689941,-14.083405494689941,64
test,1,The round [wugs],The round [wug],-12.837926864624023,-13.775426864624023,-12.32754135131836,-13.64004135131836,-12.74238395690918,-13.55488395690918,-12.273141860961914,-13.273141860961914,64
test,0,The sturdy [wug],The sturdy [wugs],-15.909558296203613,-17.06580924987793,-14.795126914978027,-17.23262596130371,-16.588972091674805,-17.088972091674805,-15.294575691223145,-16.73207664489746,64
test,1,The sturdy [wugs],The sturdy [wug],-12.058877944946289,-16.49637794494629,-12.045733451843262,-16.545734405517578,-12.361645698547363,-15.924145698547363,-12.470935821533203,-16.033435821533203,64
test,0,The round [wug],The round [wugs],-15.452840805053711,-16.20284080505371,-14.206892013549805,-14.519392013549805,-15.64293384552002,-15.89293384552002,-14.333405494689941,-14.395905494689941,64
test,1,The round [wugs],The round [wug],-14.337926864624023,-14.962926864624023,-12.89004135131836,-13.51504135131836,-14.49238395690918,-14.99238395690918,-12.835641860961914,-13.460641860961914,64
test,0,The wary [wug],The wary [wugs],-15.180991172790527,-16.49349021911621,-13.330384254455566,-14.642884254455566,-15.507874488830566,-16.070375442504883,-13.758288383483887,-14.445788383483887,64
test,1,The wary [wugs],The wary [wug],-14.404317855834961,-16.90431785583496,-11.729633331298828,-14.979633331298828,-14.208951950073242,-16.458951950073242,-11.718887329101562,-14.781387329101562,64
test,0,The bold [wug],The bold [wugs],-15.431543350219727,-16.556543350219727,-15.577144622802734,-17.327144622802734,-15.605287551879883,-16.230287551879883,-15.981070518493652,-16.981069564819336,64
test,1,The bold [wugs],The bold [wug],-15.197397232055664,-17.572397232055664,-13.901561737060547,-17.495311737060547,-15.461669921875,-17.274169921875,-13.992432594299316,-16.961181640625,64
test,0,The round [wug],The round [wugs],-12.015340805053711,-15.890340805053711,-14.144392013549805,-17.206892013549805,-12.20543384552002,-15.20543384552002,-14.333405494689941,-16.708406448364258,64
test,1,The round [wugs],The round [wug],-13.712926864624023,-18.712926864624023,-12.07754135131836,-16.70254135131836,-13.86738395690918,-18.08613395690918,-12.023141860961914,-15.835641860961914,64
test,0,The wary [wug],The wary [wugs],-12.118491172790527,-12.430991172790527,-12.205384254455566,-13.455384254455566,-13.007874488830566,-12.570374488830566,-12.945788383483887,-13.570788383483887,64
test,1,The wary [wugs],The wary [wug],-12.716817855834961,-15.904317855834961,-11.229633331298828,-15.917133331298828,-12.771451950073242,-15.396451950073242,-11.218887329101562,-15.218887329101562,64
test,0,The spotted [wug],The spotted [wugs],-14.485701560974121,-17.485702514648438,-10.805908203125,-13.805908203125,-14.610686302185059,-16.282560348510742,-11.268293380737305,-13.768293380737305,64
test,1,The spotted [wugs],The spotted [wug],-10.160229682922363,-14.285229682922363,-11.291403770446777,-14.978903770446777,-10.577313423156738,-13.389813423156738,-11.575029373168945,-14.262529373168945,64
test,0,The lively [wug],The lively [wugs],-12.531956672668457,-14.781956672668457,-12.176034927368164,-15.551034927368164,-13.36630630493164,-15.05380630493164,-12.649069786071777,-15.461569786071777,64
test,1,The lively [wugs],The lively [wug],-13.869885444641113,-16.057384490966797,-13.953030586242676,-15.453030586242676,-13.74979305267334,-15.06229305267334,-14.04293155670166,-14.85543155670166,64
test,0,The curious [wug],The curious [wugs],-12.665776252746582,-13.040776252746582,-10.012330055236816,-12.137330055236816,-13.003493309020996,-12.878493309020996,-10.315986633300781,-11.940986633300781,64
test,1,The curious [wugs],The curious [wug],-14.190862655639648,-17.37836265563965,-11.551729202270508,-13.614229202270508,-14.23324203491211,-16.79574203491211,-11.573732376098633,-13.073732376098633,64
test,0,The clumsy [wug],The clumsy [wugs],-5.560744762420654,-11.810745239257812,-5.754101276397705,-12.504100799560547,-6.550154685974121,-10.175154685974121,-6.248880863189697,-10.873881340026855,64
test,1,The clumsy [wugs],The clumsy [wug],-5.01981258392334,-10.01981258392334,-4.176795482635498,-8.92679500579834,-5.245773792266846,-9.120774269104004,-4.106357097625732,-7.981357097625732,64
test,0,The clumsy [wug],The clumsy [wugs],-12.248245239257812,-14.373245239257812,-11.941600799560547,-15.316600799560547,-12.987654685974121,-14.550154685974121,-12.373881340026855,-15.186381340026855,64
test,1,The clumsy [wugs],The clumsy [wug],-14.51981258392334,-16.207313537597656,-13.73929500579834,-15.23929500579834,-14.745774269104004,-15.745774269104004,-13.85635757446289,-14.73135757446289,64
test,0,The bold [wug],The bold [wugs],-15.619043350219727,-15.806543350219727,-15.702144622802734,-15.452144622802734,-15.855287551879883,-15.855287551879883,-15.793570518493652,-15.481070518493652,64
test,1,The bold [wugs],The bold [wug],-14.509897232055664,-15.884897232055664,-14.214061737060547,-15.651561737060547,-14.586669921875,-15.836669921875,-14.304932594299316,-15.554932594299316,64
test,0,The gentle [wug],The gentle [wugs],-16.81972312927246,-17.31972312927246,-15.134352684020996,-15.509352684020996,-17.476682662963867,-17.289182662963867,-15.31796646118164,-15.25546646118164,64
test,1,The gentle [wugs],The gentle [wug],-13.748908042907715,-16.7489070892334,-14.300432205200195,-17.862932205200195,-13.899161338806152,-16.149160385131836,-14.0973539352417,-17.003604888916016,64
test,0,The graceful [wug],The graceful [wugs],-14.099678039550781,-15.662178039550781,-14.812435150146484,-16.312435150146484,-14.664836883544922,-15.789836883544922,-15.150520324707031,-16.21302032470703,64
test,1,The graceful [wugs],The graceful [wug],-14.142722129821777,-15.017722129821777,-13.185966491699219,-14.560966491699219,-14.147899627685547,-14.522899627685547,-13.310787200927734,-14.310787200927734,64
test,0,The clever [wug],The clever [wugs],-11.429723739624023,-13.804723739624023,-10.311779022216797,-13.499279022216797,-12.105135917663574,-14.105135917663574,-10.967607498168945,-13.530107498168945,64
test,1,The clever [wugs],The clever [wug],-12.741652488708496,-16.991653442382812,-11.719923973083496,-15.719923973083496,-12.73376178741455,-15.79626178741455,-11.675814628601074,-14.675814628601074,64
test,0,The fierce [wug],The fierce [wugs],-11.930598258972168,-14.493098258972168,-11.365127563476562,-14.740127563476562,-12.804171562194824,-14.429171562194824,-11.919051170349121,-14.356551170349121,64
test,1,The fierce [wugs],The fierce [wug],-11.81789779663086,-16.06789779663086,-11.112154960632324,-15.862154960632324,-12.147936820983887,-15.210436820983887,-11.174493789672852,-15.049493789672852,64
test,0,The clumsy [wug],The clumsy [wugs],-14.498245239257812,-16.060745239257812,-14.629100799560547,-16.566600799560547,-14.737654685974121,-16.050153732299805,-14.623881340026855,-16.31138038635254,64
test,1,The clumsy [wugs],The clumsy [wug],-14.95731258392334,-15.70731258392334,-14.48929500579834,-15.67679500579834,-15.120774269104004,-15.370774269104004,-14.41885757446289,-15.23135757446289,64
test,0,The shy [wug],The shy [wugs],-15.088808059692383,-17.588808059692383,-13.127240180969238,-16.314739227294922,-15.173773765563965,-17.42377471923828,-13.376347541809082,-16.188846588134766,64
test,1,The shy [wugs],The shy [wug],-16.23038673400879,-16.85538673400879,-14.58892822265625,-15.71392822265625,-16.308494567871094,-16.495994567871094,-14.566132545471191,-15.191132545471191,64
test,0,The restless [wug],The restless [wugs],-15.853647232055664,-16.791147232055664,-13.652637481689453,-15.340137481689453,-16.181005477905273,-16.743505477905273,-14.037839889526367,-15.287839889526367,64
test,1,The restless [wugs],The restless [wug],-15.166597366333008,-18.354097366333008,-12.700455665588379,-16.137954711914062,-15.119271278381348,-17.681772232055664,-12.681977272033691,-15.556977272033691,64
test,0,The strange [wug],The strange [wugs],-13.891824722290039,-18.07932472229004,-12.951042175292969,-16.95104217529297,-13.782958984375,-17.345458984375,-13.201737403869629,-16.576736450195312,64
test,1,The strange [wugs],The strange [wug],-13.551887512207031,-16.05188751220703,-11.619616508483887,-14.932116508483887,-13.558760643005371,-14.996260643005371,-11.900920867919922,-14.338420867919922,64
test,0,The graceful [wug],The graceful [wugs],-12.412178039550781,-13.349678039550781,-12.937435150146484,-13.937435150146484,-12.914836883544922,-13.289836883544922,-13.150520324707031,-13.838020324707031,64
test,1,The graceful [wugs],The graceful [wug],-14.017722129821777,-14.517722129821777,-12.685966491699219,-13.623466491699219,-13.835399627685547,-14.335399627685547,-12.935787200927734,-13.748287200927734,64
test,0,The shy [wug],The shy [wugs],-4.963808059692383,-12.526308059692383,-4.314740180969238,-12.627240180969238,-5.611274242401123,-10.986273765563965,-5.001347541809082,-11.313847541809082,64
test,1,The shy [wugs],The shy [wug],-4.230386734008789,-8.355386734008789,-3.15142822265625,-8.77642822265625,-4.3084940910339355,-7.3084940910339355,-3.2536323070526123,-7.753632068634033,64
test,0,The spotted [wug],The spotted [wugs],-17.032577514648438,-17.188827514648438,-12.555908203125,-12.180908203125,-17.126310348510742,-16.298185348510742,-12.830793380737305,-12.143293380737305,64
test,1,The spotted [wugs],The spotted [wug],-11.722729682922363,-14.035229682922363,-11.041403770446777,-13.541403770446777,-11.639813423156738,-13.389813423156738,-11.137529373168945,-13.137529373168945,64
test,0,The shy [wug],The shy [wugs],-16.901308059692383,-17.776308059692383,-14.189740180969238,-15.127240180969238,-17.23627471923828,-17.61127471923828,-14.438847541809082,-14.938847541809082,64
test,1,The shy [wugs],The shy [wug],-15.605386734008789,-18.10538673400879,-13.27642822265625,-16.46392822265625,-15.683494567871094,-17.777244567871094,-13.191132545471191,-16.191131591796875,64
test,0,The restless [wug],The restless [wugs],-14.166147232055664,-17.041147232055664,-13.152637481689453,-16.402637481689453,-14.43100643157959,-16.806005477905273,-13.475339889526367,-16.162839889526367,64
test,1,The restless [wugs],The restless [wug],-13.791597366333008,-16.041597366333008,-12.137955665588379,-14.950455665588379,-13.994271278381348,-15.431771278381348,-12.181977272033691,-14.431977272033691,64
test,0,The bold [wug],The bold [wugs],-12.994043350219727,-14.556543350219727,-11.327144622802734,-15.264644622802734,-13.167787551879883,-14.417787551879883,-11.731070518493652,-15.043570518493652,64
test,1,The bold [wugs],The bold [wug],-13.509897232055664,-15.197397232055664,-12.276561737060547,-14.089061737060547,-13.649169921875,-14.524169921875,-12.617432594299316,-13.617432594299316,64
test,0,The shy [wug],The shy [wugs],-13.338808059692383,-16.213808059692383,-11.502240180969238,-14.814740180969238,-13.986273765563965,-16.17377471923828,-12.063847541809082,-14.751347541809082,64
test,1,The shy [wugs],The shy [wug],-13.542886734008789,-16.54288673400879,-11.71392822265625,-15.90142822265625,-13.495994567871094,-15.808494567871094,-11.753632545471191,-15.128632545471191,64
test,0,The tiny [wug],The tiny [wugs],-11.18729019165039,-14.18729019165039,-9.57942008972168,-13.64192008972168,-11.845342636108398,-14.032842636108398,-10.187939643859863,-13.687939643859863,64
test,1,The tiny [wugs],The tiny [wug],-11.837986946105957,-15.212986946105957,-10.431049346923828,-14.743549346923828,-11.847455978393555,-14.472455978393555,-10.477097511291504,-14.227097511291504,64
test,0,The wary [wug],The wary [wugs],-11.993491172790527,-15.493491172790527,-11.955384254455566,-16.51788330078125,-12.632874488830566,-15.257874488830566,-12.508288383483887,-16.258289337158203,64
test,1,The wary [wugs],The wary [wug],-13.404317855834961,-15.216817855834961,-13.229633331298828,-15.229633331298828,-13.396451950073242,-14.333951950073242,-13.531387329101562,-14.843887329101562,64
test,0,The gentle [wug],The gentle [wugs],-15.632224082946777,-17.69472312927246,-12.821852684020996,-15.321852684020996,-16.289182662963867,-17.226682662963867,-13.06796646118164,-14.75546646118164,64
test,1,The gentle [wugs],The gentle [wug],-12.436408042907715,-16.2489070892334,-10.800432205200195,-15.175432205200195,-12.586661338806152,-15.649161338806152,-10.8473539352417,-14.4723539352417,64
test,0,The shy [wug],The shy [wugs],-12.713808059692383,-15.838808059692383,-11.127240180969238,-14.564740180969238,-13.486273765563965,-15.798773765563965,-11.688847541809082,-14.376347541809082,64
test,1,The shy [wugs],The shy [wug],-10.542886734008789,-14.105386734008789,-10.02642822265625,-14.40142822265625,-10.995994567871094,-13.620994567871094,-10.253632545471191,-13.753632545471191,64
test,0,The gentle [wug],The gentle [wugs],-15.569724082946777,-17.88222312927246,-13.696852684020996,-16.38435173034668,-16.289182662963867,-17.601682662963867,-14.00546646118164,-15.94296646118164,64
test,1,The gentle [wugs],The gentle [wug],-14.123908042907715,-16.0614070892334,-13.175432205200195,-15.175432205200195,-14.086661338806152,-15.524161338806152,-13.0973539352417,-14.6598539352417,64
test,0,The fierce [wug],The fierce [wugs],-11.180598258972168,-14.055598258972168,-10.427627563476562,-13.802627563476562,-11.929171562194824,-13.804171562194824,-10.919051170349121,-13.419051170349121,64
test,1,The fierce [wugs],The fierce [wug],-9.50539779663086,-13.50539779663086,-8.862154960632324,-13.737154960632324,-9.835436820983887,-12.647936820983887,-9.174493789672852,-13.174493789672852,64
test,0,The clumsy [wug],The clumsy [wugs],-17.060745239257812,-17.935745239257812,-15.254100799560547,-16.941600799560547,-17.425153732299805,-17.862653732299805,-15.436381340026855,-16.56138038635254,64
test,1,The clumsy [wugs],The clumsy [wug],-15.58231258392334,-17.457313537597656,-14.67679500579834,-17.176795959472656,-15.683274269104004,-17.120773315429688,-14.73135757446289,-16.66885757446289,64
test,0,The wary [wug],The wary [wugs],-12.305991172790527,-17.08724021911621,-10.892884254455566,-16.39288330078125,-12.570374488830566,-16.257875442504883,-11.320788383483887,-15.883288383483887,64
test,1,The wary [wugs],The wary [wug],-12.529317855834961,-15.904317855834961,-11.042133331298828,-15.042133331298828,-12.708951950073242,-15.021451950073242,-11.218887329101562,-14.531387329101562,64
test,0,The wary [wug],The wary [wugs],-12.430991172790527,-16.68099021911621,-11.455384254455566,-16.14288330078125,-12.757874488830566,-16.070375442504883,-11.883288383483887,-15.758288383483887,64
test,1,The wary [wugs],The wary [wug],-12.216817855834961,-15.779317855834961,-11.542133331298828,-15.479633331298828,-12.271451950073242,-14.958951950073242,-11.468887329101562,-14.843887329101562,64
test,0,The graceful [wug],The graceful [wugs],-12.037178039550781,-14.162178039550781,-12.187435150146484,-15.624935150146484,-12.664836883544922,-14.102336883544922,-12.650520324707031,-15.463020324707031,64
test,1,The graceful [wugs],The graceful [wug],-11.705222129821777,-13.830222129821777,-12.248466491699219,-13.998466491699219,-11.522899627685547,-12.835399627685547,-12.623287200927734,-13.560787200927734,64
test,0,The fierce [wug],The fierce [wugs],-12.868098258972168,-15.305598258972168,-11.990127563476562,-14.990127563476562,-13.554171562194824,-15.429171562194824,-12.544051170349121,-14.919051170349121,64
test,1,The fierce [wugs],The fierce [wug],-14.13039779663086,-15.94289779663086,-13.799654960632324,-15.737154960632324,-14.147936820983887,-14.960436820983887,-13.799493789672852,-14.924493789672852,64
test,0,The lively [wug],The lively [wugs],-12.969456672668457,-15.281956672668457,-12.676034927368164,-15.488534927368164,-13.55380630493164,-15.42880630493164,-13.024069786071777,-15.274069786071777,64
test,1,The lively [wugs],The lively [wug],-12.182385444641113,-13.994885444641113,-11.890530586242676,-14.390530586242676,-12.56229305267334,-13.56229305267334,-12.16793155670166,-14.10543155670166,64
test,0,The wary [wug],The wary [wugs],-13.680991172790527,-16.61849021911621,-12.642884254455566,-15.767884254455566,-14.132874488830566,-16.445375442504883,-13.008288383483887,-15.508288383483887,64
test,1,The wary [wugs],The wary [wug],-14.279317855834961,-15.841817855834961,-12.729633331298828,-14.542133331298828,-14.333951950073242,-15.583951950073242,-13.031387329101562,-14.343887329101562,64
test,0,The round [wug],The round [wugs],-10.827840805053711,-14.390340805053711,-12.144392013549805,-16.331892013549805,-11.39293384552002,-14.01793384552002,-12.395905494689941,-15.958405494689941,64
test,1,The round [wugs],The round [wug],-12.400426864624023,-15.400426864624023,-11.70254135131836,-14.95254135131836,-12.80488395690918,-15.11738395690918,-11.960641860961914,-14.460641860961914,64
test,0,The strange [wug],The strange [wugs],-14.516824722290039,-15.579324722290039,-13.263542175292969,-14.576042175292969,-14.470458984375,-15.407958984375,-13.576737403869629,-14.764237403869629,64
test,1,The strange [wugs],The strange [wug],-14.301887512207031,-16.98938751220703,-11.557116508483887,-15.119616508483887,-14.308760643005371,-16.058761596679688,-11.775920867919922,-14.400920867919922,64
test,0,The strange [wug],The strange [wugs],-15.016824722290039,-17.57932472229004,-13.638542175292969,-16.38854217529297,-15.157958984375,-17.157958984375,-14.014237403869629,-16.076736450195312,64
test,1,The strange [wugs],The strange [wug],-16.30188751220703,-18.17688751220703,-13.744616508483887,-16.30711555480957,-16.308761596679688,-17.308761596679688,-13.963420867919922,-15.650920867919922,64
test,0,The gentle [wug],The gentle [wugs],-15.632224082946777,-17.63222312927246,-14.946852684020996,-16.50935173034668,-15.976682662963867,-17.664182662963867,-14.94296646118164,-16.25546646118164,64
test,1,The gentle [wugs],The gentle [wug],-14.936408042907715,-15.498908042907715,-15.300432205200195,-15.300432205200195,-15.024161338806152,-15.086661338806152,-15.2848539352417,-14.7223539352417,64
test,0,The curious [wug],The curious [wugs],-14.790776252746582,-18.103275299072266,-12.762330055236816,-16.012331008911133,-15.315993309020996,-17.75349235534668,-13.315986633300781,-15.815986633300781,64
test,1,The curious [wugs],The curious [wug],-16.06586265563965,-20.65961265563965,-11.426729202270508,-16.114229202270508,-16.17074203491211,-19.85824203491211,-11.448732376098633,-15.511232376098633,64
test,0,The wary [wug],The wary [wugs],-11.805991172790527,-15.993491172790527,-11.080384254455566,-15.455384254455566,-12.070374488830566,-15.320374488830566,-11.508288383483887,-15.008288383483887,64
test,1,The wary [wugs],The wary [wug],-14.654317855834961,-15.279317855834961,-12.042133331298828,-14.042133331298828,-14.396451950073242,-14.458951950073242,-12.031387329101562,-13.531387329101562,64
test,0,The gentle [wug],The gentle [wugs],-17.88222312927246,-19.69472312927246,-16.88435173034668,-19.07185173034668,-18.570432662963867,-19.289182662963867,-17.25546646118164,-18.66171646118164,64
test,1,The gentle [wugs],The gentle [wug],-15.748908042907715,-19.7489070892334,-14.925432205200195,-19.269182205200195,-15.899161338806152,-19.024160385131836,-14.9098539352417,-18.409854888916016,64
test,0,The wary [wug],The wary [wugs],-12.930991172790527,-15.118491172790527,-12.017884254455566,-14.642884254455566,-13.382874488830566,-14.820374488830566,-12.445788383483887,-14.320788383483887,64
test,1,The wary [wugs],The wary [wug],-12.341817855834961,-14.966817855834961,-10.229633331298828,-14.042133331298828,-12.333951950073242,-14.396451950073242,-10.343887329101562,-13.656387329101562,64
test,0,The shy [wug],The shy [wugs],-15.776308059692383,-17.682558059692383,-13.377240180969238,-15.564740180969238,-16.29877471923828,-17.73627471923828,-13.813847541809082,-15.626347541809082,64
test,1,The shy [wugs],The shy [wug],-13.667886734008789,-15.855386734008789,-13.02642822265625,-15.90142822265625,-13.370994567871094,-15.183494567871094,-12.753632545471191,-15.253632545471191,64
test,0,The curious [wug],The curious [wugs],-17.572025299072266,-17.822025299072266,-15.949830055236816,-16.574831008911133,-17.97224235534668,-17.69099235534668,-16.19098663330078,-16.31598663330078,64
test,1,The curious [wugs],The curious [wug],-17.69086265563965,-19.94086265563965,-13.864229202270508,-16.739229202270508,-17.67074203491211,-19.79574203491211,-14.011232376098633,-16.636232376098633,64
test,0,The sturdy [wug],The sturdy [wugs],-11.190808296203613,-14.128308296203613,-11.920126914978027,-13.982626914978027,-11.651473045349121,-13.963973045349121,-12.357075691223145,-13.669575691223145,64
test,1,The sturdy [wugs],The sturdy [wug],-12.746377944946289,-14.871377944946289,-11.670733451843262,-14.545733451843262,-13.049145698547363,-14.424145698547363,-12.158435821533203,-14.158435821533203,64
test,0,The tiny [wug],The tiny [wugs],-12.49979019165039,-15.12479019165039,-10.82942008972168,-13.70442008972168,-12.970342636108398,-14.970342636108398,-11.437939643859863,-13.687939643859863,64
test,1,The tiny [wugs],The tiny [wug],-14.337986946105957,-16.65048599243164,-11.618549346923828,-14.306049346923828,-14.284955978393555,-16.034955978393555,-11.914597511291504,-14.039597511291504,64
test,0,The wary [wug],The wary [wugs],-15.118491172790527,-17.89974021911621,-13.142884254455566,-16.58038330078125,-15.445374488830566,-17.070375442504883,-13.570788383483887,-16.008289337158203,64
test,1,The wary [wugs],The wary [wug],-14.279317855834961,-18.46681785583496,-11.354633331298828,-16.823383331298828,-14.396451950073242,-17.771451950073242,-11.406387329101562,-16.437637329101562,64
test,0,The strange [wug],The strange [wugs],-16.95432472229004,-17.70432472229004,-15.263542175292969,-16.63854217529297,-16.782958984375,-17.220458984375,-15.764237403869629,-16.639236450195312,64
test,1,The strange [wugs],The strange [wug],-13.739387512207031,-16.86438751220703,-12.994616508483887,-16.52586555480957,-13.683760643005371,-15.996260643005371,-13.088420867919922,-15.775920867919922,64
test,0,The clumsy [wug],The clumsy [wugs],-11.748245239257812,-15.935745239257812,-11.566600799560547,-16.129100799560547,-12.487654685974121,-15.362654685974121,-11.873881340026855,-15.311381340026855,64
test,1,The clumsy [wugs],The clumsy [wug],-11.45731258392334,-16.207313537597656,-10.92679500579834,-15.61429500579834,-11.370774269104004,-15.370774269104004,-10.73135757446289,-14.73135757446289,64
test,0,The strange [wug],The strange [wugs],-14.829324722290039,-16.76682472229004,-13.076042175292969,-15.513542175292969,-14.720458984375,-16.157958984375,-13.389237403869629,-15.389237403869629,64
test,1,The strange [wugs],The strange [wug],-14.426887512207031,-16.23938751220703,-12.557116508483887,-14.494616508483887,-14.183760643005371,-15.621260643005371,-12.838420867919922,-14.400920867919922,64
test,0,The tiny [wug],The tiny [wugs],-17.06229019165039,-19.78104019165039,-14.14192008972168,-17.61067008972168,-17.6578426361084,-19.1578426361084,-14.687939643859863,-17.37544059753418,64
test,1,The tiny [wugs],The tiny [wug],-14.337986946105957,-18.77548599243164,-12.993549346923828,-18.337299346923828,-14.409955978393555,-18.034955978393555,-13.102097511291504,-18.10209846496582,64
test,0,The tiny [wug],The tiny [wugs],-14.31229019165039,-16.68729019165039,-12.20442008972168,-15.82942008972168,-14.907842636108398,-16.4703426361084,-12.812939643859863,-15.687939643859863,64
test,1,The tiny [wugs],The tiny [wug],-12.150486946105957,-15.837986946105957,-11.431049346923828,-15.868549346923828,-12.222455978393555,-15.159955978393555,-11.727097511291504,-15.414597511291504,64
test,0,The clever [wug],The clever [wugs],-11.804723739624023,-16.429723739624023,-12.499279022216797,-16.061779022216797,-12.667635917663574,-16.605134963989258,-13.280107498168945,-16.092607498168945,64
test,1,The clever [wugs],The clever [wug],-15.804152488708496,-17.741653442382812,-13.782423973083496,-16.657424926757812,-15.98376178741455,-17.296262741088867,-13.863314628601074,-16.05081558227539,64
test,0,The shy [wug],The shy [wugs],-14.713808059692383,-18.026308059692383,-12.189740180969238,-16.314739227294922,-15.548773765563965,-18.04877471923828,-12.813847541809082,-16.126346588134766,64
test,1,The shy [wugs],The shy [wug],-15.230386734008789,-17.44913673400879,-14.27642822265625,-17.52642822265625,-15.308494567871094,-16.745994567871094,-14.378632545471191,-16.909881591796875,64
test,0,The restless [wug],The restless [wugs],-13.228647232055664,-17.791147232055664,-12.527637481689453,-17.402637481689453,-13.49350643157959,-17.181005477905273,-12.912839889526367,-16.787839889526367,64
test,1,The restless [wugs],The restless [wug],-13.791597366333008,-16.229097366333008,-12.450455665588379,-15.387955665588379,-14.181771278381348,-15.556771278381348,-12.681977272033691,-14.619477272033691,64
test,0,The curious [wug],The curious [wugs],-13.603276252746582,-15.665776252746582,-12.637330055236816,-15.387330055236816,-14.065993309020996,-15.628493309020996,-13.128486633300781,-15.253486633300781,64
test,1,The curious [wugs],The curious [wug],-12.003362655639648,-16.06586265563965,-10.676729202270508,-14.676729202270508,-12.35824203491211,-15.60824203491211,-11.136232376098633,-14.386232376098633,64
test,0,The restless [wug],The restless [wugs],-12.603647232055664,-15.978647232055664,-12.527637481689453,-15.902637481689453,-13.11850643157959,-15.99350643157959,-13.037839889526367,-15.850339889526367,64
test,1,The restless [wugs],The restless [wug],-15.291597366333008,-17.104097366333008,-13.637955665588379,-15.450455665588379,-15.369271278381348,-16.369272232055664,-13.806977272033691,-14.931977272033691,64
test,0,The gentle [wug],The gentle [wugs],-16.25722312927246,-17.38222312927246,-15.946852684020996,-17.32185173034668,-16.914182662963867,-17.039182662963867,-16.25546646118164,-17.06796646118164,64
test,1,The gentle [wugs],The gentle [wug],-14.936408042907715,-17.4989070892334,-14.800432205200195,-18.112932205200195,-15.086661338806152,-16.899160385131836,-14.8473539352417,-17.441104888916016,64
test,0,The graceful [wug],The graceful [wugs],-8.974678039550781,-13.599678039550781,-10.312435150146484,-15.062435150146484,-9.477336883544922,-12.602336883544922,-10.775520324707031,-14.275520324707031,64
test,1,The graceful [wugs],The graceful [wug],-9.017722129821777,-14.080222129821777,-9.435966491699219,-14.498466491699219,-9.272899627685547,-13.085399627685547,-9.498287200927734,-13.685787200927734,64
test,0,The graceful [wug],The graceful [wugs],-12.974678039550781,-14.162178039550781,-14.187435150146484,-15.937435150146484,-13.477336883544922,-14.164836883544922,-14.650520324707031,-15.775520324707031,64
test,1,The graceful [wugs],The graceful [wug],-17.14272117614746,-18.54897117614746,-14.810966491699219,-16.81096649169922,-17.147899627685547,-17.960399627685547,-14.998287200927734,-16.435787200927734,64
test,0,The clumsy [wug],The clumsy [wugs],-12.623245239257812,-16.560745239257812,-12.629100799560547,-16.879100799560547,-13.237654685974121,-16.362653732299805,-12.998881340026855,-16.43638038635254,64
test,1,The clumsy [wugs],The clumsy [wug],-13.64481258392334,-15.95731258392334,-13.17679500579834,-15.55179500579834,-13.808274269104004,-15.245774269104004,-13.29385757446289,-14.85635757446289,64
test,0,The spotted [wug],The spotted [wugs],-16.548202514648438,-23.985702514648438,-13.180908203125,-15.680908203125,-17.063810348510742,-23.798185348510742,-13.955793380737305,-15.830793380737305,64
test,1,The spotted [wugs],The spotted [wug],-13.097729682922363,-15.535229682922363,-13.353903770446777,-15.916403770446777,-13.327313423156738,-14.952313423156738,-13.512529373168945,-15.325029373168945,64
test,0,The tiny [wug],The tiny [wugs],-12.81229019165039,-15.81229019165039,-11.57942008972168,-15.01692008972168,-13.032842636108398,-15.532842636108398,-12.000439643859863,-14.750439643859863,64
test,1,The tiny [wugs],The tiny [wug],-12.337986946105957,-14.400486946105957,-11.868549346923828,-14.056049346923828,-12.472455978393555,-13.972455978393555,-12.039597511291504,-13.789597511291504,64
test,0,The shy [wug],The shy [wugs],-14.838808059692383,-15.776308059692383,-12.752240180969238,-14.064740180969238,-15.423773765563965,-15.798773765563965,-13.251347541809082,-14.001347541809082,64
test,1,The shy [wugs],The shy [wug],-13.980386734008789,-16.98038673400879,-12.40142822265625,-16.40142822265625,-14.058494567871094,-16.495994567871094,-12.316132545471191,-15.753632545471191,64
test,0,The strange [wug],The strange [wugs],-14.641824722290039,-18.45432472229004,-13.076042175292969,-17.32604217529297,-14.470458984375,-17.532958984375,-13.389237403869629,-16.889236450195312,64
test,1,The strange [wugs],The strange [wug],-14.739387512207031,-16.42688751220703,-12.494616508483887,-14.869616508483887,-14.871260643005371,-15.496260643005371,-12.963420867919922,-14.213420867919922,64
test,0,The fierce [wug],The fierce [wugs],-14.243098258972168,-14.493098258972168,-13.865127563476562,-14.302627563476562,-15.179171562194824,-14.741671562194824,-14.544051170349121,-14.356551170349121,64
test,1,The fierce [wugs],The fierce [wug],-13.19289779663086,-16.94289779663086,-12.424654960632324,-16.73715591430664,-13.210436820983887,-16.397937774658203,-12.361993789672852,-16.17449378967285,64
test,0,The wary [wug],The wary [wugs],-10.243491172790527,-15.680991172790527,-11.767884254455566,-15.392884254455566,-11.007874488830566,-15.445374488830566,-12.383288383483887,-15.383288383483887,64
test,1,The wary [wugs],The wary [wug],-13.779317855834961,-15.466817855834961,-12.729633331298828,-15.917133331298828,-13.708951950073242,-14.833951950073242,-12.781387329101562,-15.343887329101562,64
test,0,The fierce [wug],The fierce [wugs],-11.930598258972168,-15.805598258972168,-11.115127563476562,-15.490127563476562,-12.491671562194824,-15.491671562194824,-11.481551170349121,-14.981551170349121,64
test,1,The fierce [wugs],The fierce [wug],-11.81789779663086,-15.00539779663086,-11.424654960632324,-15.237154960632324,-12.397936820983887,-14.397936820983887,-11.674493789672852,-14.736993789672852,64
test,0,The bold [wug],The bold [wugs],-14.619043350219727,-16.494043350219727,-12.702144622802734,-16.264644622802734,-14.605287551879883,-16.042787551879883,-13.043570518493652,-15.793570518493652,64
test,1,The bold [wugs],The bold [wug],-15.634897232055664,-16.259897232055664,-13.776561737060547,-15.276561737060547,-15.649169921875,-15.836669921875,-13.679932594299316,-14.679932594299316,64
test,0,The gentle [wug],The gentle [wugs],-13.632224082946777,-18.38222312927246,-12.321852684020996,-17.19685173034668,-14.289182662963867,-17.664182662963867,-12.69296646118164,-16.69296646118164,64
test,1,The gentle [wugs],The gentle [wug],-12.686408042907715,-15.498908042907715,-12.925432205200195,-15.737932205200195,-12.836661338806152,-14.649161338806152,-12.9098539352417,-14.8473539352417,64
test,0,The strange [wug],The strange [wugs],-13.829324722290039,-13.954324722290039,-12.701042175292969,-13.763542175292969,-13.720458984375,-13.782958984375,-12.951737403869629,-13.764237403869629,64
test,1,The strange [wugs],The strange [wug],-15.301887512207031,-15.989387512207031,-12.994616508483887,-13.994616508483887,-15.058760643005371,-15.433760643005371,-13.088420867919922,-13.713420867919922,64
test,0,The bold [wug],The bold [wugs],-12.431543350219727,-13.056543350219727,-12.264644622802734,-13.514644622802734,-12.730287551879883,-12.980287551879883,-12.606070518493652,-13.231070518493652,64
test,1,The bold [wugs],The bold [wug],-12.447397232055664,-15.759897232055664,-11.026561737060547,-15.464061737060547,-12.524169921875,-15.274169921875,-10.992432594299316,-14.742432594299316,64
test,0,The bold [wug],The bold [wugs],-11.494043350219727,-13.244043350219727,-11.827144622802734,-14.327144622802734,-11.792787551879883,-13.230287551879883,-11.981070518493652,-13.918570518493652,64
test,1,The bold [wugs],The bold [wug],-12.697397232055664,-15.197397232055664,-11.214061737060547,-13.526561737060547,-12.899169921875,-14.836669921875,-11.492432594299316,-13.054932594299316,64
test,0,The wary [wug],The wary [wugs],-11.180991172790527,-14.430991172790527,-11.830384254455566,-15.205384254455566,-11.695374488830566,-14.007874488830566,-12.133288383483887,-14.758288383483887,64
test,1,The wary [wugs],The wary [wug],-13.466817855834961,-15.091817855834961,-12.042133331298828,-14.479633331298828,-13.583951950073242,-14.521451950073242,-12.468887329101562,-14.093887329101562,64
test,0,The gentle [wug],The gentle [wugs],-12.257224082946777,-14.257224082946777,-12.509352684020996,-14.821852684020996,-12.664182662963867,-13.914182662963867,-12.50546646118164,-14.31796646118164,64
test,1,The gentle [wugs],The gentle [wug],-11.623908042907715,-13.686408042907715,-12.612932205200195,-14.487932205200195,-12.024161338806152,-13.336661338806152,-12.7223539352417,-13.8473539352417,64
test,0,The graceful [wug],The graceful [wugs],-15.349678039550781,-16.72467803955078,-15.812435150146484,-16.499935150146484,-15.852336883544922,-16.664836883544922,-16.08802032470703,-16.33802032470703,64
test,1,The graceful [wugs],The graceful [wug],-15.517722129821777,-16.26772117614746,-14.873466491699219,-15.748466491699219,-15.397899627685547,-15.897899627685547,-14.935787200927734,-15.435787200927734,64
test,0,The shy [wug],The shy [wugs],-13.588808059692383,-16.838808059692383,-11.627240180969238,-14.939740180969238,-14.298773765563965,-16.67377471923828,-12.188847541809082,-14.688847541809082,64
test,1,The shy [wugs],The shy [wug],-12.605386734008789,-17.48038673400879,-11.21392822265625,-17.21392822265625,-12.870994567871094,-16.620994567871094,-11.316132545471191,-16.378631591796875,64
test,0,The tiny [wug],The tiny [wugs],-17.81229019165039,-18.56229019165039,-14.57942008972168,-16.45442008972168,-18.4078426361084,-18.5328426361084,-15.187939643859863,-16.50044059753418,64
test,1,The tiny [wugs],The tiny [wug],-14.400486946105957,-16.77548599243164,-13.368549346923828,-16.556049346923828,-14.097455978393555,-16.222455978393555,-13.352097511291504,-16.28959846496582,64
test,0,The curious [wug],The curious [wugs],-11.915776252746582,-16.290775299072266,-11.324830055236816,-16.012331008911133,-12.253493309020996,-15.940993309020996,-11.690986633300781,-15.628486633300781,64
test,1,The curious [wugs],The curious [wug],-13.378362655639648,-16.50336265563965,-11.801729202270508,-15.114229202270508,-13.67074203491211,-15.92074203491211,-12.011232376098633,-14.698732376098633,64
test,0,The shy [wug],The shy [wugs],-15.088808059692383,-17.088808059692383,-12.939740180969238,-15.064740180969238,-15.611273765563965,-17.04877471923828,-13.376347541809082,-15.001347541809082,64
test,1,The shy [wugs],The shy [wug],-14.417886734008789,-16.91788673400879,-12.08892822265625,-15.58892822265625,-14.495994567871094,-16.495994567871094,-12.128632545471191,-15.003632545471191,64
test,0,The spotted [wug],The spotted [wugs],-15.110701560974121,-17.946640014648438,-11.930908203125,-12.618408203125,-14.173186302185059,-15.907561302185059,-12.205793380737305,-12.393293380737305,64
test,1,The spotted [wugs],The spotted [wug],-11.535229682922363,-14.222729682922363,-11.666403770446777,-14.541403770446777,-11.702313423156738,-13.577313423156738,-11.825029373168945,-13.825029373168945,64
test,0,The fierce [wug],The fierce [wugs],-14.743098258972168,-17.18059730529785,-13.740127563476562,-16.615127563476562,-15.304171562194824,-16.67917251586914,-14.106551170349121,-16.044052124023438,64
test,1,The fierce [wugs],The fierce [wug],-12.88039779663086,-17.00539779663086,-11.612154960632324,-16.64340591430664,-13.397936820983887,-16.460437774658203,-11.986993789672852,-16.29949378967285,64
test,0,The clumsy [wug],The clumsy [wugs],-14.623245239257812,-16.935745239257812,-13.316600799560547,-15.629100799560547,-15.362654685974121,-16.737653732299805,-13.811381340026855,-15.248881340026855,64
test,1,The clumsy [wugs],The clumsy [wug],-12.51981258392334,-17.988563537597656,-11.92679500579834,-17.426795959472656,-12.808274269104004,-17.370773315429688,-11.85635757446289,-16.60635757446289,64
test,0,The tiny [wug],The tiny [wugs],-13.87479019165039,-15.93729019165039,-12.45442008972168,-15.95442008972168,-14.657842636108398,-16.0328426361084,-13.125439643859863,-16.06294059753418,64
test,1,The tiny [wugs],The tiny [wug],-13.462986946105957,-15.837986946105957,-13.118549346923828,-15.681049346923828,-13.534955978393555,-15.222455978393555,-13.414597511291504,-15.477097511291504,64
test,0,The restless [wug],The restless [wugs],-14.916147232055664,-15.478647232055664,-13.715137481689453,-14.840137481689453,-15.55600643157959,-15.49350643157959,-14.475339889526367,-14.912839889526367,64
test,1,The restless [wugs],The restless [wug],-13.854097366333008,-17.791597366333008,-12.200455665588379,-16.762954711914062,-13.744271278381348,-17.181772232055664,-11.994477272033691,-15.994477272033691,64
test,0,The restless [wug],The restless [wugs],-11.416147232055664,-13.791147232055664,-11.840137481689453,-14.590137481689453,-11.68100643157959,-13.49350643157959,-12.037839889526367,-14.162839889526367,64
test,1,The restless [wugs],The restless [wug],-12.354097366333008,-14.604097366333008,-11.637955665588379,-13.762955665588379,-12.494271278381348,-13.994271278381348,-11.806977272033691,-13.119477272033691,64
test,0,The sturdy [wug],The sturdy [wugs],-12.378308296203613,-14.565808296203613,-11.232626914978027,-14.607626914978027,-13.213973045349121,-14.276473045349121,-11.794575691223145,-14.107075691223145,64
test,1,The sturdy [wugs],The sturdy [wug],-9.683877944946289,-13.433877944946289,-9.108233451843262,-13.420733451843262,-9.799145698547363,-12.424145698547363,-9.470935821533203,-12.783435821533203,64
test,0,The clumsy [wug],The clumsy [wugs],-13.998245239257812,-18.341995239257812,-12.441600799560547,-16.816600799560547,-14.550154685974121,-17.862653732299805,-12.748881340026855,-16.24888038635254,64
test,1,The clumsy [wugs],The clumsy [wug],-13.58231258392334,-16.394813537597656,-11.98929500579834,-14.86429500579834,-13.620774269104004,-15.808274269104004,-11.85635757446289,-14.10635757446289,64
test,0,The gentle [wug],The gentle [wugs],-14.194724082946777,-14.819724082946777,-13.196852684020996,-14.009352684020996,-15.101682662963867,-14.914182662963867,-13.44296646118164,-13.69296646118164,64
test,1,The gentle [wugs],The gentle [wug],-12.936408042907715,-16.1239070892334,-12.612932205200195,-15.987932205200195,-13.211661338806152,-15.711661338806152,-12.4098539352417,-15.2223539352417,64
test,0,The wary [wug],The wary [wugs],-12.805991172790527,-15.368491172790527,-13.080384254455566,-15.767884254455566,-13.257874488830566,-15.320374488830566,-13.383288383483887,-15.570788383483887,64
test,1,The wary [wugs],The wary [wug],-14.154317855834961,-14.529317855834961,-13.042133331298828,-14.479633331298828,-14.083951950073242,-14.208951950073242,-13.218887329101562,-14.281387329101562,64
test,0,The sturdy [wug],The sturdy [wugs],-9.815808296203613,-14.190808296203613,-11.232626914978027,-15.607626914978027,-10.651473045349121,-13.713973045349121,-11.669575691223145,-14.919575691223145,64
test,1,The sturdy [wugs],The sturdy [wug],-12.621377944946289,-14.996377944946289,-11.483233451843262,-14.295733451843262,-12.674145698547363,-14.049145698547363,-11.595935821533203,-13.470935821533203,64
test,0,The spotted [wug],The spotted [wugs],-18.134140014648438,-19.777694702148438,-12.743408203125,-14.430908203125,-17.946622848510742,-18.977872848510742,-13.205793380737305,-14.393293380737305,64
test,1,The spotted [wugs],The spotted [wug],-12.597729682922363,-14.535229682922363,-13.103903770446777,-14.853903770446777,-12.764813423156738,-14.139813423156738,-13.450029373168945,-14.637529373168945,64
test,0,The tiny [wug],The tiny [wugs],-15.24979019165039,-16.74979019165039,-13.76692008972168,-15.76692008972168,-15.782842636108398,-16.9078426361084,-14.250439643859863,-15.875439643859863,64
test,1,The tiny [wugs],The tiny [wug],-14.337986946105957,-15.212986946105957,-14.243549346923828,-16.243549346923828,-14.472455978393555,-14.909955978393555,-14.477097511291504,-16.03959846496582,64
test,0,The lively [wug],The lively [wugs],-15.219456672668457,-16.34445571899414,-12.863534927368164,-15.801034927368164,-15.80380630493164,-16.24130630493164,-13.149069786071777,-15.399069786071777,64
test,1,The lively [wugs],The lively [wug],-11.932385444641113,-16.244884490966797,-10.953030586242676,-15.265530586242676,-12.06229305267334,-15.68729305267334,-11.23043155670166,-14.85543155670166,64
test,0,The curious [wug],The curious [wugs],-14.790776252746582,-16.540775299072266,-13.324830055236816,-15.824830055236816,-15.003493309020996,-16.50349235534668,-13.440986633300781,-15.565986633300781,64
test,1,The curious [wugs],The curious [wug],-15.315862655639648,-16.94086265563965,-13.614229202270508,-15.239229202270508,-15.29574203491211,-16.67074203491211,-13.761232376098633,-14.948732376098633,64
test,0,The wary [wug],The wary [wugs],-14.305991172790527,-16.68099021911621,-13.455384254455566,-15.830384254455566,-14.820374488830566,-16.507875442504883,-13.695788383483887,-15.508288383483887,64
test,1,The wary [wugs],The wary [wug],-14.529317855834961,-16.77931785583496,-12.854633331298828,-15.667133331298828,-14.646451950073242,-16.396451950073242,-13.343887329101562,-15.406387329101562,64
test,0,The tiny [wug],The tiny [wugs],-13.18729019165039,-17.74979019165039,-11.51692008972168,-16.57942008972168,-13.595342636108398,-17.0328426361084,-12.000439643859863,-16.31294059753418,64
test,1,The tiny [wugs],The tiny [wug],-12.587986946105957,-15.962986946105957,-11.681049346923828,-15.931049346923828,-12.722455978393555,-15.222455978393555,-11.789597511291504,-15.539597511291504,64
test,0,The bold [wug],The bold [wugs],-13.369043350219727,-14.056543350219727,-11.952144622802734,-12.639644622802734,-13.730287551879883,-14.042787551879883,-12.168570518493652,-12.606070518493652,64
test,1,The bold [wugs],The bold [wug],-14.634897232055664,-15.759897232055664,-12.151561737060547,-13.589061737060547,-14.711669921875,-15.649169921875,-12.304932594299316,-13.554932594299316,64
test,0,The round [wug],The round [wugs],-11.890340805053711,-14.515340805053711,-12.331892013549805,-15.269392013549805,-11.89293384552002,-13.51793384552002,-12.333405494689941,-14.708405494689941,64
test,1,The round [wugs],The round [wug],-11.400426864624023,-15.087926864624023,-11.20254135131836,-15.20254135131836,-11.42988395690918,-14.49238395690918,-11.210641860961914,-14.523141860961914,64
test,0,The fierce [wug],The fierce [wugs],-14.180598258972168,-15.680598258972168,-13.865127563476562,-15.490127563476562,-14.679171562194824,-15.741671562194824,-14.231551170349121,-15.356551170349121,64
test,1,The fierce [wugs],The fierce [wug],-15.00539779663086,-17.03664779663086,-14.299654960632324,-15.799654960632324,-15.210436820983887,-16.710437774658203,-14.611993789672852,-15.611993789672852,64
test,0,The shy [wug],The shy [wugs],-11.213808059692383,-12.276308059692383,-10.377240180969238,-11.689740180969238,-11.923773765563965,-12.298773765563965,-10.938847541809082,-11.751347541809082,64
test,1,The shy [wugs],The shy [wug],-10.292886734008789,-14.480386734008789,-8.40142822265625,-14.27642822265625,-10.308494567871094,-13.683494567871094,-8.253632545471191,-13.503632545471191,64
test,0,The graceful [wug],The graceful [wugs],-11.287178039550781,-14.787178039550781,-12.749935150146484,-15.937435150146484,-11.602336883544922,-14.664836883544922,-13.088020324707031,-15.713020324707031,64
test,1,The graceful [wugs],The graceful [wug],-13.017722129821777,-14.892722129821777,-12.435966491699219,-15.248466491699219,-13.272899627685547,-14.397899627685547,-12.685787200927734,-14.873287200927734,64
test,0,The round [wug],The round [wugs],-13.577840805053711,-15.202840805053711,-10.831892013549805,-13.144392013549805,-13.45543384552002,-14.39293384552002,-10.645905494689941,-12.458405494689941,64
test,1,The round [wugs],The round [wug],-10.337926864624023,-13.150426864624023,-10.26504135131836,-13.82754135131836,-10.42988395690918,-12.74238395690918,-10.398141860961914,-13.273141860961914,64
test,0,The gentle [wug],The gentle [wugs],-14.507224082946777,-14.757224082946777,-13.884352684020996,-14.321852684020996,-15.664182662963867,-14.976682662963867,-14.38046646118164,-14.31796646118164,64
test,1,The gentle [wugs],The gentle [wug],-13.186408042907715,-16.8739070892334,-12.612932205200195,-16.550432205200195,-12.961661338806152,-16.211660385131836,-12.3473539352417,-15.7848539352417,64
test,0,The tiny [wug],The tiny [wugs],-15.93729019165039,-18.49979019165039,-14.95442008972168,-17.92317008972168,-16.5328426361084,-18.5953426361084,-15.562939643859863,-18.00044059753418,64
test,1,The tiny [wugs],The tiny [wug],-16.08798599243164,-17.71298599243164,-15.993549346923828,-17.962299346923828,-16.159955978393555,-17.097455978393555,-16.22709846496582,-17.60209846496582,64
test,0,The graceful [wug],The graceful [wugs],-10.662178039550781,-13.599678039550781,-10.562435150146484,-13.687435150146484,-11.477336883544922,-13.727336883544922,-11.150520324707031,-13.713020324707031,64
test,1,The graceful [wugs],The graceful [wug],-10.955222129821777,-14.955222129821777,-10.748466491699219,-14.248466491699219,-11.085399627685547,-14.022899627685547,-10.810787200927734,-13.498287200927734,64
test,0,The strange [wug],The strange [wugs],-12.516824722290039,-15.266824722290039,-12.576042175292969,-15.763542175292969,-12.282958984375,-14.720458984375,-12.826737403869629,-15.639237403869629,64
test,1,The strange [wugs],The strange [wug],-14.614387512207031,-15.926887512207031,-12.244616508483887,-13.994616508483887,-14.496260643005371,-14.871260643005371,-12.713420867919922,-13.463420867919922,64
test,0,The shy [wug],The shy [wugs],-15.463808059692383,-16.963808059692383,-13.002240180969238,-15.252240180969238,-15.861273765563965,-16.86127471923828,-13.313847541809082,-14.938847541809082,64
test,1,The shy [wugs],The shy [wug],-14.667886734008789,-17.41788673400879,-13.40142822265625,-16.21392822265625,-14.683494567871094,-16.933494567871094,-13.628632545471191,-15.816132545471191,64
test,0,The bold [wug],The bold [wugs],-13.619043350219727,-16.869043350219727,-13.139644622802734,-15.952144622802734,-14.167787551879883,-16.480287551879883,-13.731070518493652,-15.856070518493652,64
test,1,The bold [wugs],The bold [wug],-13.884897232055664,-15.697397232055664,-13.151561737060547,-16.151561737060547,-13.961669921875,-15.336669921875,-13.117432594299316,-15.554932594299316,64
test,0,The fierce [wug],The fierce [wugs],-14.118098258972168,-15.993098258972168,-12.865127563476562,-14.865127563476562,-14.804171562194824,-16.05417251586914,-13.294051170349121,-14.669051170349121,64
test,1,The fierce [wugs],The fierce [wug],-13.31789779663086,-16.84914779663086,-12.362154960632324,-16.23715591430664,-13.460436820983887,-16.085437774658203,-12.361993789672852,-15.486993789672852,64
test,0,The bold [wug],The bold [wugs],-10.431543350219727,-12.681543350219727,-9.577144622802734,-12.889644622802734,-10.292787551879883,-12.042787551879883,-9.668570518493652,-12.168570518493652,64
test,1,The bold [wugs],The bold [wug],-10.884897232055664,-13.697397232055664,-8.276561737060547,-12.464061737060547,-11.149169921875,-13.149169921875,-8.742432594299316,-11.867432594299316,64
test,0,The strange [wug],The strange [wugs],-15.391824722290039,-16.76682472229004,-13.513542175292969,-15.451042175292969,-15.345458984375,-16.157958984375,-13.951737403869629,-15.326737403869629,64
test,1,The strange [wugs],The strange [wug],-13.301887512207031,-15.551887512207031,-11.182116508483887,-14.182116508483887,-13.246260643005371,-14.871260643005371,-11.275920867919922,-13.650920867919922,64
test,0,The bold [wug],The bold [wugs],-10.806543350219727,-10.931543350219727,-11.014644622802734,-12.389644622802734,-10.855287551879883,-10.605287551879883,-11.418570518493652,-12.106070518493652,64
test,1,The bold [wugs],The bold [wug],-9.697397232055664,-13.759897232055664,-9.214061737060547,-14.464061737060547,-10.024169921875,-13.211669921875,-9.242432594299316,-13.804932594299316,64
test,0,The wary [wug],The wary [wugs],-17.14974021911621,-18.30599021911621,-14.892884254455566,-16.20538330078125,-17.195375442504883,-17.914125442504883,-15.133288383483887,-16.008289337158203,64
test,1,The wary [wugs],The wary [wug],-15.966817855834961,-17.56056785583496,-13.979633331298828,-15.917133331298828,-16.146451950073242,-17.365201950073242,-14.218887329101562,-15.593887329101562,64
test,0,The lively [wug],The lively [wugs],-12.594456672668457,-16.34445571899414,-12.363534927368164,-17.176034927368164,-13.30380630493164,-16.24130630493164,-12.836569786071777,-16.774070739746094,64
test,1,The lively [wugs],The lively [wug],-12.932385444641113,-14.619885444641113,-12.828030586242676,-14.890530586242676,-13.31229305267334,-13.87479305267334,-13.23043155670166,-14.29293155670166,64
test,0,The gentle [wug],The gentle [wugs],-14.944724082946777,-15.444724082946777,-13.884352684020996,-14.009352684020996,-15.726682662963867,-15.539182662963867,-14.13046646118164,-13.88046646118164,64
test,1,The gentle [wugs],The gentle [wug],-14.436408042907715,-16.7489070892334,-13.237932205200195,-16.112932205200195,-14.336661338806152,-16.336660385131836,-13.2223539352417,-15.6598539352417,64
test,0,The gentle [wug],The gentle [wugs],-15.069724082946777,-15.944724082946777,-12.884352684020996,-14.071852684020996,-15.539182662963867,-15.851682662963867,-12.88046646118164,-13.81796646118164,64
test,1,The gentle [wugs],The gentle [wug],-13.373908042907715,-16.2489070892334,-12.237932205200195,-14.925432205200195,-13.399161338806152,-15.899161338806152,-12.1598539352417,-14.3473539352417,64
test,0,The spotted [wug],The spotted [wugs],-15.329451560974121,-17.516952514648438,-11.993408203125,-14.618408203125,-15.376311302185059,-16.626310348510742,-12.518293380737305,-14.705793380737305,64
test,1,The spotted [wugs],The spotted [wug],-11.910229682922363,-16.785228729248047,-11.603903770446777,-16.416404724121094,-12.077313423156738,-15.639813423156738,-11.700029373168945,-15.512529373168945,64
test,0,The restless [wug],The restless [wugs],-14.728647232055664,-16.603647232055664,-13.152637481689453,-15.715137481689453,-15.05600643157959,-16.368505477905273,-13.600339889526367,-15.475339889526367,64
test,1,The restless [wugs],The restless [wug],-13.604097366333008,-16.229097366333008,-11.762955665588379,-15.012955665588379,-13.744271278381348,-15.744271278381348,-11.681977272033691,-14.431977272033691,64
test,0,The tiny [wug],The tiny [wugs],-15.87479019165039,-16.68729019165039,-14.70442008972168,-16.20442008972168,-16.4078426361084,-16.5953426361084,-15.187939643859863,-16.12544059753418,64
test,1,The tiny [wugs],The tiny [wug],-16.83798599243164,-18.93173599243164,-14.618549346923828,-17.056049346923828,-16.909955978393555,-18.503705978393555,-14.852097511291504,-16.85209846496582,64
test,0,The bold [wug],The bold [wugs],-15.056543350219727,-16.244043350219727,-12.264644622802734,-15.389644622802734,-15.292787551879883,-16.355287551879883,-12.668570518493652,-15.356070518493652,64
test,1,The bold [wugs],The bold [wug],-13.947397232055664,-16.572397232055664,-12.651561737060547,-15.589061737060547,-14.086669921875,-16.024169921875,-12.742432594299316,-14.867432594299316,64
test,0,The clever [wug],The clever [wugs],-10.304723739624023,-11.304723739624023,-11.061779022216797,-13.999279022216797,-11.292635917663574,-11.855135917663574,-11.717607498168945,-13.967607498168945,64
test,1,The clever [wugs],The clever [wug],-14.804152488708496,-17.491653442382812,-13.907423973083496,-17.032424926757812,-14.98376178741455,-16.983762741088867,-14.113314628601074,-16.30081558227539,64
test,0,The graceful [wug],The graceful [wugs],-14.037178039550781,-17.44342803955078,-13.374935150146484,-17.374935150146484,-14.477336883544922,-17.227336883544922,-13.775520324707031,-17.15052032470703,64
test,1,The graceful [wugs],The graceful [wug],-14.642722129821777,-18.64272117614746,-13.185966491699219,-16.74846649169922,-14.710399627685547,-17.647899627685547,-13.248287200927734,-16.123287200927734,64
test,0,The clumsy [wug],The clumsy [wugs],-12.373245239257812,-13.623245239257812,-12.254100799560547,-14.441600799560547,-12.925154685974121,-13.550154685974121,-12.248881340026855,-13.936381340026855,64
test,1,The clumsy [wugs],The clumsy [wug],-12.58231258392334,-14.95731258392334,-11.67679500579834,-13.92679500579834,-12.745774269104004,-14.433274269104004,-11.73135757446289,-13.29385757446289,64
test,0,The tiny [wug],The tiny [wugs],-15.56229019165039,-17.68729019165039,-13.95442008972168,-16.51692008972168,-15.782842636108398,-17.5953426361084,-14.312939643859863,-16.56294059753418,64
test,1,The tiny [wugs],The tiny [wug],-15.775486946105957,-16.96298599243164,-14.556049346923828,-15.993549346923828,-15.847455978393555,-16.597455978393555,-14.664597511291504,-15.789597511291504,64
test,0,The lively [wug],The lively [wugs],-14.531956672668457,-17.40695571899414,-13.926034927368164,-17.051034927368164,-15.17880630493164,-17.61630630493164,-14.274069786071777,-16.899070739746094,64
test,1,The lively [wugs],The lively [wug],-15.807385444641113,-17.151134490966797,-14.890530586242676,-16.32802963256836,-15.68729305267334,-16.374792098999023,-14.98043155670166,-15.79293155670166,64
test,0,The restless [wug],The restless [wugs],-16.541147232055664,-20.322397232055664,-14.152637481689453,-18.371387481689453,-16.868505477905273,-19.774755477905273,-14.725339889526367,-17.881589889526367,64
test,1,The restless [wugs],The restless [wug],-15.166597366333008,-18.635347366333008,-13.200455665588379,-17.450454711914062,-15.119271278381348,-17.869272232055664,-13.056977272033691,-16.744476318359375,64
test,0,The gentle [wug],The gentle [wugs],-14.757224082946777,-17.00722312927246,-13.321852684020996,-15.696852684020996,-15.601682662963867,-16.976682662963867,-13.63046646118164,-15.31796646118164,64
test,1,The gentle [wugs],The gentle [wug],-13.248908042907715,-15.811408042907715,-12.737932205200195,-15.862932205200195,-13.461661338806152,-15.211661338806152,-12.7223539352417,-15.0348539352417,64
test,0,The bold [wug],The bold [wugs],-12.869043350219727,-13.931543350219727,-12.264644622802734,-14.139644622802734,-13.105287551879883,-13.542787551879883,-12.668570518493652,-13.793570518493652,64
test,1,The bold [wugs],The bold [wug],-11.759897232055664,-14.009897232055664,-10.651561737060547,-14.339061737060547,-11.899169921875,-13.711669921875,-10.742432594299316,-13.929932594299316,64
test,0,The wary [wug],The wary [wugs],-12.368491172790527,-16.99349021911621,-10.830384254455566,-15.830384254455566,-12.945374488830566,-16.632875442504883,-11.570788383483887,-15.820788383483887,64
test,1,The wary [wugs],The wary [wug],-13.529317855834961,-15.091817855834961,-11.979633331298828,-14.417133331298828,-13.521451950073242,-14.396451950073242,-11.968887329101562,-13.968887329101562,64
test,0,The clever [wug],The clever [wugs],-10.992223739624023,-15.054723739624023,-11.936779022216797,-16.436779022216797,-11.417635917663574,-14.730135917663574,-12.405107498168945,-15.905107498168945,64
test,1,The clever [wugs],The clever [wug],-11.429152488708496,-14.679152488708496,-10.719923973083496,-14.657423973083496,-11.73376178741455,-13.98376178741455,-10.863314628601074,-13.988314628601074,64
test,0,The round [wug],The round [wugs],-17.01534080505371,-19.64034080505371,-14.456892013549805,-17.831892013549805,-17.267932891845703,-19.361682891845703,-14.645905494689941,-17.645906448364258,64
test,1,The round [wugs],The round [wug],-14.900426864624023,-17.744176864624023,-13.76504135131836,-16.70254135131836,-14.92988395690918,-17.11738395690918,-13.710641860961914,-16.085641860961914,64
test,0,The lively [wug],The lively [wugs],-14.094456672668457,-14.594456672668457,-12.551034927368164,-14.176034927368164,-14.67880630493164,-14.74130630493164,-12.899069786071777,-13.961569786071777,64
test,1,The lively [wugs],The lively [wug],-10.807385444641113,-14.619885444641113,-10.328030586242676,-14.140530586242676,-10.81229305267334,-13.68729305267334,-10.48043155670166,-13.54293155670166,64
test,0,The gentle [wug],The gentle [wugs],-16.38222312927246,-19.60097312927246,-15.321852684020996,-18.91560173034668,-17.226682662963867,-18.914182662963867,-15.69296646118164,-18.34921646118164,64
test,1,The gentle [wugs],The gentle [wug],-14.998908042907715,-18.4051570892334,-14.987932205200195,-18.894182205200195,-14.961661338806152,-17.555410385131836,-14.7223539352417,-17.941104888916016,64
test,0,The strange [wug],The strange [wugs],-15.454324722290039,-18.01682472229004,-13.388542175292969,-16.45104217529297,-15.470458984375,-17.282958984375,-13.826737403869629,-16.201736450195312,64
test,1,The strange [wugs],The strange [wug],-13.489387512207031,-17.30188751220703,-11.244616508483887,-15.807116508483887,-13.371260643005371,-16.183761596679688,-11.338420867919922,-14.900920867919922,64
test,0,The lively [wug],The lively [wugs],-12.719456672668457,-15.406956672668457,-11.863534927368164,-15.488534927368164,-13.36630630493164,-15.17880630493164,-12.211569786071777,-15.024069786071777,64
test,1,The lively [wugs],The lively [wug],-10.557385444641113,-14.682385444641113,-10.953030586242676,-15.015530586242676,-10.87479305267334,-13.87479305267334,-11.23043155670166,-14.41793155670166,64
test,0,The clumsy [wug],The clumsy [wugs],-11.560745239257812,-15.560745239257812,-11.754100799560547,-15.754100799560547,-12.175154685974121,-15.050154685974121,-12.061381340026855,-15.061381340026855,64
test,1,The clumsy [wugs],The clumsy [wug],-10.89481258392334,-14.20731258392334,-10.42679500579834,-13.98929500579834,-10.808274269104004,-13.495774269104004,-10.16885757446289,-13.29385757446289,64
test,0,The spotted [wug],The spotted [wugs],-12.016951560974121,-13.298201560974121,-11.993408203125,-14.368408203125,-12.141936302185059,-12.298186302185059,-12.455793380737305,-14.205793380737305,64
test,1,The spotted [wugs],The spotted [wug],-12.097729682922363,-16.535228729248047,-13.603903770446777,-17.978904724121094,-12.202313423156738,-15.327313423156738,-13.575029373168945,-16.950029373168945,64
test,0,The curious [wug],The curious [wugs],-15.228276252746582,-16.353275299072266,-14.512330055236816,-16.324831008911133,-15.565993309020996,-16.25349235534668,-14.753486633300781,-16.06598663330078,64
test,1,The curious [wugs],The curious [wug],-16.00336265563965,-18.65961265563965,-14.676729202270508,-16.739229202270508,-16.04574203491211,-18.20199203491211,-14.948732376098633,-16.386232376098633,64
test,0,The shy [wug],The shy [wugs],-15.151308059692383,-16.713808059692383,-13.314740180969238,-15.252240180969238,-15.798773765563965,-16.86127471923828,-13.813847541809082,-15.188847541809082,64
test,1,The shy [wugs],The shy [wug],-14.105386734008789,-16.29288673400879,-11.58892822265625,-14.58892822265625,-14.308494567871094,-16.058494567871094,-11.816132545471191,-14.441132545471191,64
test,0,The restless [wug],The restless [wugs],-15.728647232055664,-17.416147232055664,-14.402637481689453,-16.277637481689453,-15.93100643157959,-17.243505477905273,-14.662839889526367,-16.100339889526367,64
test,1,The restless [wugs],The restless [wug],-14.604097366333008,-17.291597366333008,-13.700455665588379,-16.137954711914062,-14.681771278381348,-16.806772232055664,-13.869477272033691,-15.681977272033691,64
test,0,The gentle [wug],The gentle [wugs],-11.944724082946777,-15.069724082946777,-12.196852684020996,-15.571852684020996,-12.789182662963867,-15.039182662963867,-12.56796646118164,-15.31796646118164,64
test,1,The gentle [wugs],The gentle [wug],-13.373908042907715,-14.998908042907715,-13.925432205200195,-15.362932205200195,-13.399161338806152,-14.274161338806152,-13.8473539352417,-14.6598539352417,64
test,0,The bold [wug],The bold [wugs],-13.181543350219727,-15.494043350219727,-13.952144622802734,-17.139644622802734,-13.480287551879883,-15.480287551879883,-14.293570518493652,-16.856069564819336,64
test,1,The bold [wugs],The bold [wug],-13.822397232055664,-16.259897232055664,-14.589061737060547,-16.214061737060547,-13.836669921875,-15.774169921875,-14.679932594299316,-15.679932594299316,64
test,0,The gentle [wug],The gentle [wugs],-11.694724082946777,-14.132224082946777,-11.509352684020996,-14.071852684020996,-12.351682662963867,-14.039182662963867,-11.75546646118164,-13.75546646118164,64
test,1,The gentle [wugs],The gentle [wug],-13.561408042907715,-15.498908042907715,-12.800432205200195,-14.675432205200195,-13.774161338806152,-14.961661338806152,-12.8473539352417,-14.0348539352417,64
test,0,The fierce [wug],The fierce [wugs],-12.618098258972168,-13.868098258972168,-11.865127563476562,-13.427627563476562,-13.241671562194824,-13.866671562194824,-12.231551170349121,-13.231551170349121,64
test,1,The fierce [wugs],The fierce [wug],-10.50539779663086,-14.31789779663086,-10.549654960632324,-14.674654960632324,-10.585436820983887,-13.335436820983887,-10.674493789672852,-13.799493789672852,64
test,0,The sturdy [wug],The sturdy [wugs],-12.940808296203613,-15.909558296203613,-12.357626914978027,-15.732626914978027,-13.651473045349121,-15.713973045349121,-13.044575691223145,-15.357075691223145,64
test,1,The sturdy [wugs],The sturdy [wug],-13.246377944946289,-16.99637794494629,-12.233233451843262,-16.608234405517578,-13.361645698547363,-16.174144744873047,-12.470935821533203,-15.908435821533203,64
test,0,The sturdy [wug],The sturdy [wugs],-14.190808296203613,-14.565808296203613,-13.607626914978027,-14.857626914978027,-14.276473045349121,-14.276473045349121,-13.669575691223145,-14.419575691223145,64
test,1,The sturdy [wugs],The sturdy [wug],-13.996377944946289,-15.746377944946289,-13.108233451843262,-15.108233451843262,-13.924145698547363,-15.236645698547363,-13.283435821533203,-14.783435821533203,64
test,0,The wary [wug],The wary [wugs],-13.993491172790527,-15.368491172790527,-12.455384254455566,-14.330384254455566,-14.507874488830566,-15.320374488830566,-13.070788383483887,-14.508288383483887,64
test,1,The wary [wugs],The wary [wug],-13.341817855834961,-15.966817855834961,-11.417133331298828,-14.542133331298828,-13.208951950073242,-15.333951950073242,-11.468887329101562,-14.093887329101562,64
test,0,The fierce [wug],The fierce [wugs],-13.868098258972168,-16.89934730529785,-13.427627563476562,-16.490127563476562,-14.679171562194824,-16.74167251586914,-14.044051170349121,-16.294052124023438,64
test,1,The fierce [wugs],The fierce [wug],-13.50539779663086,-17.44289779663086,-12.549654960632324,-17.20590591430664,-13.710436820983887,-16.522937774658203,-12.674493789672852,-16.54949378967285,64
test,0,The shy [wug],The shy [wugs],-15.338808059692383,-16.838808059692383,-14.314740180969238,-16.252239227294922,-15.861273765563965,-16.79877471923828,-14.813847541809082,-16.188846588134766,64
test,1,The shy [wugs],The shy [wug],-16.73038673400879,-18.26163673400879,-15.33892822265625,-17.18267822265625,-16.620994567871094,-17.870994567871094,-15.441132545471191,-16.691131591796875,64
test,0,The clever [wug],The clever [wugs],-12.554723739624023,-14.742223739624023,-12.749279022216797,-15.624279022216797,-12.917635917663574,-14.542635917663574,-13.342607498168945,-15.467607498168945,64
test,1,The clever [wugs],The clever [wug],-12.241652488708496,-16.554153442382812,-11.407423973083496,-16.282424926757812,-12.48376178741455,-15.67126178741455,-11.675814628601074,-15.488314628601074,64
test,0,The fierce [wug],The fierce [wugs],-4.61809778213501,-11.180598258972168,-4.3026275634765625,-11.240127563476562,-5.304172039031982,-9.054171562194824,-4.856551647186279,-9.356551170349121,64
test,1,The fierce [wugs],The fierce [wug],-3.4428975582122803,-8.44289779663086,-2.4246551990509033,-8.549654960632324,-3.772937297821045,-7.147937297821045,-2.7369933128356934,-7.486993312835693,64
test,0,The gentle [wug],The gentle [wugs],-12.069724082946777,-15.319724082946777,-11.259352684020996,-14.571852684020996,-12.789182662963867,-14.726682662963867,-11.63046646118164,-14.13046646118164,64
test,1,The gentle [wugs],The gentle [wug],-11.061408042907715,-14.686408042907715,-10.925432205200195,-14.925432205200195,-11.336661338806152,-13.899161338806152,-11.0973539352417,-14.1598539352417,64
test,0,The curious [wug],The curious [wugs],-16.915775299072266,-18.540775299072266,-15.824830055236816,-17.449831008911133,-17.44099235534668,-18.47224235534668,-16.25348663330078,-17.44098663330078,64
test,1,The curious [wugs],The curious [wug],-18.09711265563965,-21.75336265563965,-15.551729202270508,-18.801729202270508,-18.48324203491211,-21.42074203491211,-15.761232376098633,-18.417482376098633,64
test,0,The curious [wug],The curious [wugs],-14.790776252746582,-16.165775299072266,-14.199830055236816,-15.762330055236816,-14.815993309020996,-16.00349235534668,-14.253486633300781,-15.628486633300781,64
test,1,The curious [wugs],The curious [wug],-17.87836265563965,-19.28461265563965,-15.051729202270508,-16.051729202270508,-17.73324203491211,-18.79574203491211,-15.011232376098633,-15.511232376098633,64
test,0,The round [wug],The round [wugs],-16.85909080505371,-21.12471580505371,-15.456892013549805,-18.394392013549805,-16.705432891845703,-20.174182891845703,-15.520905494689941,-17.770906448364258,64
test,1,The round [wugs],The round [wug],-14.525426864624023,-18.681676864624023,-13.89004135131836,-18.20254135131836,-14.80488395690918,-18.17988395690918,-14.023141860961914,-17.741891860961914,64
test,0,The clumsy [wug],The clumsy [wugs],-14.623245239257812,-15.998245239257812,-13.566600799560547,-16.254100799560547,-15.112654685974121,-15.675154685974121,-13.873881340026855,-15.748881340026855,64
test,1,The clumsy [wugs],The clumsy [wug],-12.33231258392334,-15.01981258392334,-11.67679500579834,-15.11429500579834,-12.433274269104004,-14.433274269104004,-11.66885757446289,-14.48135757446289,64
test,0,The tiny [wug],The tiny [wugs],-17.68729019165039,-19.59354019165039,-16.70442008972168,-19.29817008972168,-18.2828426361084,-19.5015926361084,-17.18794059753418,-19.25044059753418,64
test,1,The tiny [wugs],The tiny [wug],-15.525486946105957,-18.30673599243164,-15.431049346923828,-19.306049346923828,-15.784955978393555,-17.847455978393555,-15.602097511291504,-19.07084846496582,64
test,0,The shy [wug],The shy [wugs],-17.463808059692383,-18.838808059692383,-15.814740180969238,-17.908489227294922,-17.98627471923828,-18.83002471923828,-16.188846588134766,-17.782596588134766,64
test,1,The shy [wugs],The shy [wug],-16.29288673400879,-18.88663673400879,-14.52642822265625,-18.40142822265625,-16.620994567871094,-18.464744567871094,-14.628632545471191,-17.909881591796875,64
test,0,The wary [wug],The wary [wugs],-13.680991172790527,-15.868491172790527,-11.767884254455566,-15.705384254455566,-14.007874488830566,-15.445374488830566,-12.195788383483887,-15.258288383483887,64
test,1,The wary [wugs],The wary [wug],-12.341817855834961,-16.65431785583496,-10.229633331298828,-15.104633331298828,-12.583951950073242,-16.083951950073242,-10.468887329101562,-14.593887329101562,64
test,0,The lively [wug],The lively [wugs],-14.031956672668457,-16.15695571899414,-12.426034927368164,-15.238534927368164,-14.55380630493164,-16.17880630493164,-12.586569786071777,-14.899069786071777,64
test,1,The lively [wugs],The lively [wug],-12.619885444641113,-13.807385444641113,-12.765530586242676,-14.078030586242676,-12.87479305267334,-13.68729305267334,-13.04293155670166,-13.91793155670166,64
test,0,The sturdy [wug],The sturdy [wugs],-13.940808296203613,-15.003308296203613,-13.545126914978027,-14.232626914978027,-14.588973045349121,-15.088973045349121,-13.982075691223145,-14.232075691223145,64
test,1,The sturdy [wugs],The sturdy [wug],-14.183877944946289,-16.55887794494629,-12.358233451843262,-15.233233451843262,-13.799145698547363,-15.736645698547363,-12.408435821533203,-14.783435821533203,64
test,0,The curious [wug],The curious [wugs],-14.790776252746582,-16.290775299072266,-13.762330055236816,-16.637331008911133,-15.378493309020996,-16.12849235534668,-14.378486633300781,-16.50348663330078,64
test,1,The curious [wugs],The curious [wug],-13.003362655639648,-18.03461265563965,-11.864229202270508,-16.614229202270508,-13.35824203491211,-17.48324203491211,-12.073732376098633,-16.198732376098633,64
test,0,The sturdy [wug],The sturdy [wugs],-15.003308296203613,-15.253308296203613,-12.607626914978027,-15.045126914978027,-15.463973045349121,-15.401473045349121,-13.044575691223145,-14.669575691223145,64
test,1,The sturdy [wugs],The sturdy [wug],-13.933877944946289,-15.871377944946289,-13.233233451843262,-15.233233451843262,-13.986645698547363,-14.986645698547363,-13.658435821533203,-14.658435821533203,64
test,0,The fierce [wug],The fierce [wugs],-13.555598258972168,-13.930598258972168,-12.802627563476562,-13.490127563476562,-14.241671562194824,-14.054171562194824,-13.356551170349121,-13.419051170349121,64
test,1,The fierce [wugs],The fierce [wug],-11.88039779663086,-16.00539779663086,-10.987154960632324,-15.862154960632324,-12.085436820983887,-15.272936820983887,-11.049493789672852,-15.236993789672852,64
test,0,The restless [wug],The restless [wugs],-12.478647232055664,-14.916147232055664,-11.340137481689453,-14.340137481689453,-12.86850643157959,-14.61850643157959,-11.975339889526367,-14.162839889526367,64
test,1,The restless [wugs],The restless [wug],-11.666597366333008,-15.979097366333008,-10.262955665588379,-15.387955665588379,-11.744271278381348,-15.119271278381348,-10.181977272033691,-14.431977272033691,64
test,0,The clumsy [wug],The clumsy [wugs],-13.435745239257812,-16.248245239257812,-13.316600799560547,-16.191600799560547,-13.800154685974121,-16.050153732299805,-13.561381340026855,-15.936381340026855,64
test,1,The clumsy [wugs],The clumsy [wug],-12.89481258392334,-15.64481258392334,-12.55179500579834,-15.36429500579834,-13.058274269104004,-15.183274269104004,-12.54385757446289,-14.85635757446289,64
test,0,The lively [wug],The lively [wugs],-13.844456672668457,-15.406956672668457,-12.426034927368164,-15.113534927368164,-14.49130630493164,-15.36630630493164,-12.899069786071777,-14.899069786071777,64
test,1,The lively [wugs],The lively [wug],-10.057385444641113,-14.119885444641113,-10.015530586242676,-13.953030586242676,-10.56229305267334,-13.49979305267334,-10.41793155670166,-13.54293155670166,64
test,0,The clever [wug],The clever [wugs],-16.429723739624023,-16.867223739624023,-14.124279022216797,-16.874279022216797,-16.855134963989258,-16.855134963989258,-14.405107498168945,-16.467607498168945,64
test,1,The clever [wugs],The clever [wug],-13.116652488708496,-18.022903442382812,-11.219923973083496,-15.969923973083496,-13.48376178741455,-17.608762741088867,-11.675814628601074,-15.488314628601074,64
