split,inverse,eval_input,counterfactual_input,clean_logp_A,clean_logp_B,complement_ablation_logp_A,complement_ablation_logp_B,circuit_ablation_logp_A,circuit_ablation_logp_B,all_ablation_logp_A,all_ablation_logp_B,n_nodes
train,0,The sleepy bat,The sleepy bats,-2.0464906692504883,-10.171490669250488,-2.5856881141662598,-10.085687637329102,-2.657576084136963,-7.157576084136963,-3.241126775741577,-7.616127014160156,128
train,1,The sleepy bats,The sleepy bat,-1.76617431640625,-8.45367431640625,-1.8650431632995605,-7.8650431632995605,-2.0924453735351562,-6.217445373535156,-2.0196237564086914,-6.269623756408691,128
train,0,The fuzzy frog,The fuzzy frogs,-12.373226165771484,-15.185726165771484,-13.014863967895508,-15.702363967895508,-12.672943115234375,-14.610443115234375,-13.59736156463623,-15.40986156463623,128
train,1,The fuzzy frogs,The fuzzy frog,-11.707802772521973,-15.832802772521973,-11.685486793518066,-15.372986793518066,-11.664422988891602,-14.539422988891602,-11.681936264038086,-14.431936264038086,128
train,0,The bright shark,The bright sharks,-9.019481658935547,-11.706981658935547,-9.77004623413086,-12.95754623413086,-9.537457466125488,-11.037457466125488,-10.088102340698242,-12.400602340698242,128
train,1,The bright sharks,The bright shark,-9.171207427978516,-11.733707427978516,-9.755256652832031,-12.692756652832031,-9.762894630432129,-10.825394630432129,-10.48565673828125,-11.79815673828125,128
train,0,The small bat,The small bats,-8.144024848937988,-14.706524848937988,-8.349834442138672,-14.287334442138672,-8.17890453338623,-12.80390453338623,-8.745671272277832,-13.495671272277832,128
train,1,The small bats,The small bat,-7.596708297729492,-13.221708297729492,-7.53553581237793,-13.16053581237793,-7.867960453033447,-11.367959976196289,-7.915181636810303,-12.102682113647461,128
train,0,The bright chick,The bright chicks,-15.253191947937012,-17.190692901611328,-14.5144624710083,-16.264461517333984,-16.176803588867188,-16.895553588867188,-15.088672637939453,-16.026172637939453,128
train,1,The bright chicks,The bright chick,-15.0490140914917,-16.955263137817383,-14.574338912963867,-16.480588912963867,-15.099533081054688,-16.537033081054688,-14.797167778015137,-16.10966682434082,128
train,0,The nervous panda,The nervous pandas,-12.229968070983887,-13.292468070983887,-11.379051208496094,-12.879051208496094,-12.769207954406738,-13.081707954406738,-12.079751014709473,-12.829751014709473,128
train,1,The nervous pandas,The nervous panda,-12.117985725402832,-14.242985725402832,-11.50310230255127,-14.06560230255127,-12.440210342407227,-14.002710342407227,-11.689697265625,-13.689697265625,128
train,0,The slender turtle,The slender turtles,-12.91177749633789,-16.72427749633789,-12.684523582458496,-16.059524536132812,-13.718439102172852,-17.09343910217285,-13.264269828796387,-16.07676887512207,128
train,1,The slender turtles,The slender turtle,-13.880208015441895,-16.817707061767578,-12.715967178344727,-16.278467178344727,-14.086109161376953,-16.148609161376953,-12.738450050354004,-15.550950050354004,128
train,0,The quiet turtle,The quiet turtles,-3.8923959732055664,-11.767395973205566,-3.5706543922424316,-12.008153915405273,-4.48412561416626,-9.359125137329102,-4.081637382507324,-9.644137382507324,128
train,1,The quiet turtles,The quiet turtle,-3.1281983852386475,-8.378198623657227,-2.2067296504974365,-9.019229888916016,-3.503352165222168,-6.878352165222168,-2.5835776329040527,-7.458577632904053,128
train,0,The sleepy doe,The sleepy does,-13.937175750732422,-15.312175750732422,-13.949726104736328,-15.324726104736328,-14.322977066040039,-14.760477066040039,-13.869906425476074,-14.744906425476074,128
train,1,The sleepy does,The sleepy doe,-14.350380897521973,-16.412879943847656,-14.154858589172363,-16.65485954284668,-14.356901168823242,-15.981901168823242,-14.151653289794922,-16.401653289794922,128
train,0,The timid horse,The timid horses,-3.622795581817627,-11.185295104980469,-2.8426382541656494,-10.90513801574707,-4.368905067443848,-8.806405067443848,-3.568152904510498,-8.81815242767334,128
train,1,The timid horses,The timid horse,-2.5954999923706055,-9.032999992370605,-1.9587671756744385,-8.45876693725586,-3.0054190158843994,-7.50541877746582,-2.4956977367401123,-7.120697975158691,128
train,0,The nervous rat,The nervous rats,-3.7572693824768066,-11.007269859313965,-2.862321138381958,-10.737320899963379,-3.967581033706665,-7.217581272125244,-3.7432048320770264,-8.305705070495605,128
train,1,The nervous rats,The nervous rat,-3.4496827125549316,-8.699682235717773,-2.684368133544922,-8.309368133544922,-3.6184704303741455,-6.868470191955566,-2.9643406867980957,-6.839340686798096,128
train,0,The fuzzy shark,The fuzzy sharks,-2.384080171585083,-9.009079933166504,-2.473562479019165,-9.723562240600586,-2.5796618461608887,-6.079661846160889,-3.06630277633667,-7.19130277633667,128
train,1,The fuzzy sharks,The fuzzy shark,-1.513036847114563,-5.888036727905273,-1.5070897340774536,-6.757089614868164,-1.7795201539993286,-4.029520034790039,-1.894137978553772,-5.144137859344482,128
train,0,The timid horse,The timid horses,-11.435295104980469,-14.904045104980469,-11.15513801574707,-14.78013801574707,-12.181405067443848,-14.681405067443848,-11.69315242767334,-14.38065242767334,128
train,1,The timid horses,The timid horse,-10.845499992370605,-14.657999992370605,-10.70876693725586,-14.89626693725586,-11.50541877746582,-13.94291877746582,-11.308197975158691,-14.120697975158691,128
train,0,The timid dog,The timid dogs,-11.90491008758545,-13.52991008758545,-13.048521041870117,-14.111021041870117,-12.451702117919922,-13.326702117919922,-13.721414566040039,-14.096414566040039,128
train,1,The timid dogs,The timid dog,-10.489075660705566,-14.114075660705566,-11.151262283325195,-15.401262283325195,-11.104257583618164,-13.791757583618164,-11.555051803588867,-15.055051803588867,128
train,0,The timid rabbit,The timid rabbits,-3.582519769668579,-11.77001953125,-3.901679515838623,-12.464179992675781,-4.091571807861328,-9.779071807861328,-4.5069804191589355,-10.819479942321777,128
train,1,The timid rabbits,The timid rabbit,-1.8715049028396606,-8.246504783630371,-2.4465713500976562,-8.634071350097656,-2.3476336002349854,-7.222633361816406,-3.098432779312134,-7.848432540893555,128
train,0,The bright panda,The bright pandas,-9.874908447265625,-11.937408447265625,-9.476061820983887,-12.226061820983887,-10.532964706420898,-11.407964706420898,-10.252110481262207,-12.002110481262207,128
train,1,The bright pandas,The bright panda,-8.915623664855957,-12.603123664855957,-8.640435218811035,-12.390435218811035,-8.830573081970215,-11.330573081970215,-8.683249473571777,-11.120749473571777,128
train,0,The fuzzy turtle,The fuzzy turtles,-11.224119186401367,-13.474119186401367,-12.394630432128906,-14.957130432128906,-11.6990966796875,-13.3240966796875,-12.693456649780273,-14.630956649780273,128
train,1,The fuzzy turtles,The fuzzy turtle,-10.917819023132324,-14.917819023132324,-11.839875221252441,-15.902375221252441,-11.262225151062012,-13.699725151062012,-12.111368179321289,-14.611368179321289,128
train,0,The sleepy monitor,The sleepy monitors,-3.844548225402832,-11.344548225402832,-4.781545162200928,-12.406545639038086,-4.048433303833008,-9.235933303833008,-4.9898505210876465,-10.489850997924805,128
train,1,The sleepy monitors,The sleepy monitor,-3.5129377841949463,-9.137937545776367,-2.9627552032470703,-8.21275520324707,-3.6015846729278564,-7.476584434509277,-3.1982970237731934,-6.823297023773193,128
train,0,The calm dolphin,The calm dolphins,-8.824138641357422,-12.511638641357422,-9.156925201416016,-13.969425201416016,-9.564329147338867,-11.189329147338867,-10.098860740661621,-12.911360740661621,128
train,1,The calm dolphins,The calm dolphin,-9.02589225769043,-13.90089225769043,-9.070602416992188,-14.633102416992188,-9.089959144592285,-12.589959144592285,-9.317913055419922,-13.692913055419922,128
train,0,The small pup,The small pups,-11.638948440551758,-15.013948440551758,-11.901235580444336,-15.651235580444336,-12.0952787399292,-14.2827787399292,-12.648523330688477,-15.648523330688477,128
train,1,The small pups,The small pup,-11.759438514709473,-15.196938514709473,-11.355276107788086,-14.980276107788086,-12.586045265197754,-14.898545265197754,-12.112418174743652,-14.799918174743652,128
train,0,The quiet whale,The quiet whales,-9.87840461730957,-12.50340461730957,-10.740827560424805,-14.178327560424805,-10.020171165466309,-11.332671165466309,-10.764440536499023,-13.139440536499023,128
train,1,The quiet whales,The quiet whale,-10.036538124084473,-13.536538124084473,-9.99504280090332,-14.68254280090332,-10.100761413574219,-12.038261413574219,-10.10986042022705,-13.04736042022705,128
train,0,The slender doe,The slender does,-15.092765808105469,-18.34276580810547,-13.967960357666016,-17.717960357666016,-15.616406440734863,-17.55390739440918,-14.202091217041016,-17.139591217041016,128
train,1,The slender does,The slender doe,-14.77166748046875,-18.52166748046875,-14.581022262573242,-17.393522262573242,-14.74388599395752,-17.775136947631836,-14.497513771057129,-16.716262817382812,128
train,0,The fuzzy kitten,The fuzzy kittens,-12.808009147644043,-13.308009147644043,-13.05019760131836,-13.86269760131836,-13.514647483825684,-13.202147483825684,-13.531776428222656,-13.719276428222656,128
train,1,The fuzzy kittens,The fuzzy kitten,-11.892393112182617,-15.517393112182617,-11.823187828063965,-15.573187828063965,-12.282343864440918,-15.094843864440918,-12.241922378540039,-14.991922378540039,128
train,0,The bright dog,The bright dogs,-11.89501667022705,-12.58251667022705,-12.321440696716309,-13.008940696716309,-12.234440803527832,-12.171940803527832,-12.576478004455566,-12.701478004455566,128
train,1,The bright dogs,The bright dog,-10.554031372070312,-14.304031372070312,-10.667064666748047,-14.854564666748047,-10.900141716003418,-13.525141716003418,-10.772552490234375,-14.085052490234375,128
train,0,The slender rabbit,The slender rabbits,-11.207054138183594,-16.457054138183594,-11.421687126159668,-16.859188079833984,-11.992198944091797,-16.242198944091797,-12.187705039978027,-16.625205993652344,128
train,1,The slender rabbits,The slender rabbit,-12.732667922973633,-15.545167922973633,-12.461240768432617,-15.836240768432617,-13.328429222106934,-15.015929222106934,-12.861165046691895,-15.361165046691895,128
train,0,The fuzzy whale,The fuzzy whales,-2.13865065574646,-8.638650894165039,-2.989169120788574,-10.426669120788574,-2.2513346672058105,-6.1263346672058105,-3.34887957572937,-7.973879337310791,128
train,1,The fuzzy whales,The fuzzy whale,-1.7178006172180176,-5.342800617218018,-1.8966220617294312,-6.646622180938721,-2.004375696182251,-3.754375696182251,-2.3590312004089355,-4.8590312004089355,128
train,0,The quiet pup,The quiet pups,-4.8490142822265625,-11.599014282226562,-4.4862847328186035,-11.361284255981445,-4.851881980895996,-8.976881980895996,-5.02953577041626,-9.529536247253418,128
train,1,The quiet pups,The quiet pup,-4.164048194885254,-8.164048194885254,-3.3848066329956055,-8.572306632995605,-4.585790634155273,-7.085790634155273,-3.7369518280029297,-7.48695182800293,128
train,0,The timid horse,The timid horses,-12.997795104980469,-13.622795104980469,-12.15513801574707,-12.78013801574707,-13.431405067443848,-13.431405067443848,-12.56815242767334,-12.63065242767334,128
train,1,The timid horses,The timid horse,-11.970499992370605,-15.157999992370605,-11.52126693725586,-14.89626693725586,-11.88041877746582,-14.50541877746582,-11.308197975158691,-14.120697975158691,128
train,0,The timid bat,The timid bats,-10.331415176391602,-16.5501651763916,-10.421001434326172,-15.421001434326172,-10.487325668334961,-15.799825668334961,-10.732877731323242,-14.920377731323242,128
train,1,The timid bats,The timid bat,-12.28349494934082,-15.22099494934082,-10.62789535522461,-14.00289535522461,-12.970684051513672,-14.470684051513672,-11.210721969604492,-13.523221969604492,128
train,0,The quiet dolphin,The quiet dolphins,-13.498290061950684,-15.123290061950684,-13.43797779083252,-15.43797779083252,-13.83714485168457,-14.77464485168457,-13.89984130859375,-15.08734130859375,128
train,1,The quiet dolphins,The quiet dolphin,-13.738818168640137,-16.145069122314453,-13.05355167388916,-16.272300720214844,-13.777595520019531,-15.465095520019531,-13.253782272338867,-15.785032272338867,128
train,0,The slender rabbit,The slender rabbits,-11.644554138183594,-15.957054138183594,-11.484187126159668,-15.859187126159668,-12.304698944091797,-15.492198944091797,-11.812705039978027,-15.250205039978027,128
train,1,The slender rabbits,The slender rabbit,-11.670167922973633,-15.607667922973633,-11.023740768432617,-14.961240768432617,-12.203429222106934,-14.703429222106934,-11.548665046691895,-14.236165046691895,128
train,0,The sleepy dolphin,The sleepy dolphins,-3.2807798385620117,-10.218279838562012,-3.334946632385254,-10.959946632385254,-4.177224159240723,-6.302224159240723,-4.182755947113037,-7.307755947113037,128
train,1,The sleepy dolphins,The sleepy dolphin,-3.0441553592681885,-7.919155120849609,-2.4997754096984863,-7.999775409698486,-3.204075574874878,-6.454075813293457,-2.8849048614501953,-6.759904861450195,128
train,0,The calm horse,The calm horses,-3.8239660263061523,-10.823966026306152,-2.865593910217285,-10.678093910217285,-4.420638084411621,-7.983138084411621,-3.5618200302124023,-8.311820030212402,128
train,1,The calm horses,The calm horse,-3.156306266784668,-8.406306266784668,-2.3685529232025146,-8.243553161621094,-3.727221727371216,-6.977221965789795,-2.8394103050231934,-6.839410305023193,128
train,0,The fuzzy cow,The fuzzy cows,-3.6432242393493652,-9.330724716186523,-3.0137596130371094,-9.76375961303711,-3.950197696685791,-6.950197696685791,-3.881594181060791,-8.131593704223633,128
train,1,The fuzzy cows,The fuzzy cow,-1.6401793956756592,-6.015179634094238,-2.211811065673828,-7.086811065673828,-1.7947266101837158,-4.794726371765137,-2.5023038387298584,-5.752303600311279,128
train,0,The calm chick,The calm chicks,-12.234189987182617,-14.765439987182617,-13.060894966125488,-16.217144012451172,-12.914521217346191,-14.602021217346191,-13.676532745361328,-16.051532745361328,128
train,1,The calm chicks,The calm chick,-13.872265815734863,-15.903515815734863,-14.293980598449707,-17.075231552124023,-14.264753341674805,-15.514753341674805,-14.203180313110352,-16.57818031311035,128
train,0,The small turtle,The small turtles,-14.315163612365723,-17.190162658691406,-13.823988914489746,-16.480239868164062,-15.079916954040527,-16.89241600036621,-14.478175163269043,-16.29067611694336,128
train,1,The small turtles,The small turtle,-13.329790115356445,-18.673540115356445,-12.784405708312988,-17.659404754638672,-13.432204246520996,-17.869705200195312,-12.976875305175781,-17.16437530517578,128
train,0,The nervous kit,The nervous kits,-10.946656227111816,-12.571656227111816,-10.934651374816895,-13.372151374816895,-10.971348762512207,-12.346348762512207,-11.206475257873535,-13.268975257873535,128
train,1,The nervous kits,The nervous kit,-12.06264591217041,-12.75014591217041,-13.122153282165527,-14.059653282165527,-12.401185989379883,-12.463685989379883,-13.433595657348633,-13.683595657348633,128
train,0,The small rat,The small rats,-3.4573755264282227,-10.832375526428223,-3.5688283443450928,-12.318828582763672,-4.339930534362793,-7.839930534362793,-4.2620415687561035,-10.324542045593262,128
train,1,The small rats,The small rat,-2.6979422569274902,-9.822942733764648,-2.534278392791748,-9.284278869628906,-3.0823323726654053,-7.957332611083984,-2.8922219276428223,-7.642221927642822,128
train,0,The timid turtle,The timid turtles,-2.692564010620117,-11.442564010620117,-3.3499581813812256,-12.349958419799805,-3.2242963314056396,-9.661796569824219,-3.8438336849212646,-10.593833923339844,128
train,1,The timid turtles,The timid turtle,-1.8238136768341064,-8.323813438415527,-2.120542049407959,-8.870542526245117,-2.2361364364624023,-6.861136436462402,-2.548286199569702,-7.298286437988281,128
train,0,The nervous chick,The nervous chicks,-10.208433151245117,-12.958433151245117,-8.869118690490723,-12.369118690490723,-10.628482818603516,-12.128482818603516,-9.49920654296875,-11.56170654296875,128
train,1,The nervous chicks,The nervous chick,-9.925161361694336,-13.862661361694336,-8.627870559692383,-13.690370559692383,-10.01737117767334,-13.01737117767334,-8.581520080566406,-12.769020080566406,128
train,0,The calm doe,The calm does,-6.801996231079102,-11.801996231079102,-5.874956130981445,-11.062456130981445,-7.5719146728515625,-11.259414672851562,-6.398643493652344,-10.398643493652344,128
train,1,The calm does,The calm doe,-12.288032531738281,-17.28803253173828,-11.597604751586914,-14.160104751586914,-12.271646499633789,-15.834146499633789,-11.099507331848145,-12.537007331848145,128
train,0,The sleepy panda,The sleepy pandas,-12.8878173828125,-18.0128173828125,-11.92041015625,-16.54541015625,-13.022865295410156,-16.647865295410156,-12.346583366394043,-15.471583366394043,128
train,1,The sleepy pandas,The sleepy panda,-12.05525016784668,-14.43025016784668,-11.011014938354492,-13.886014938354492,-12.757781982421875,-13.445281982421875,-11.48843002319336,-13.11343002319336,128
train,0,The quiet kitten,The quiet kittens,-14.344233512878418,-18.281734466552734,-13.681371688842773,-17.681371688842773,-15.243695259094238,-17.993696212768555,-14.504387855529785,-17.4106388092041,128
train,1,The quiet kittens,The quiet kitten,-15.578365325927734,-17.922115325927734,-14.40372371673584,-17.403724670410156,-15.888320922851562,-17.200820922851562,-14.922760963439941,-16.766510009765625,128
train,0,The small frog,The small frogs,-7.775501251220703,-10.213001251220703,-10.33775520324707,-11.71275520324707,-8.567070960998535,-9.942070960998535,-11.299633026123047,-11.737133026123047,128
train,1,The small frogs,The small frog,-8.748495101928711,-14.185995101928711,-10.022995948791504,-14.522995948791504,-9.11080551147461,-12.92330551147461,-10.10367202758789,-13.60367202758789,128
train,0,The small panda,The small pandas,-14.670658111572266,-15.358158111572266,-13.369414329528809,-15.119414329528809,-15.500207901000977,-15.250207901000977,-14.4166898727417,-15.1041898727417,128
train,1,The small pandas,The small panda,-13.382686614990234,-15.195186614990234,-13.062643051147461,-15.000143051147461,-14.27541446685791,-15.21291446685791,-13.484283447265625,-14.546783447265625,128
train,0,The bright cock,The bright cocks,-19.47186851501465,-20.51874351501465,-12.480525016784668,-15.668025016784668,-19.35090446472168,-20.02277946472168,-12.561985969543457,-15.186985969543457,128
train,1,The bright cocks,The bright cock,-15.19832992553711,-18.29207992553711,-13.610794067382812,-16.673294067382812,-15.433578491210938,-17.871078491210938,-13.499218940734863,-15.842968940734863,128
train,0,The nervous lion,The nervous lions,-11.539170265197754,-15.726670265197754,-12.012969970703125,-17.012969970703125,-11.818695068359375,-14.068695068359375,-12.401110649108887,-15.713610649108887,128
train,1,The nervous lions,The nervous lion,-11.078434944152832,-14.640934944152832,-11.11596393585205,-15.67846393585205,-11.47276496887207,-13.59776496887207,-11.897886276245117,-14.585386276245117,128
train,0,The bright lion,The bright lions,-13.326513290405273,-14.139013290405273,-13.740227699279785,-14.865227699279785,-13.961708068847656,-14.211708068847656,-14.057600975036621,-14.870100975036621,128
train,1,The bright lions,The bright lion,-14.202536582946777,-15.952536582946777,-14.71617317199707,-15.96617317199707,-14.06990909576416,-15.19490909576416,-14.564666748046875,-15.252166748046875,128
train,0,The slender kitten,The slender kittens,-4.759136199951172,-13.321636199951172,-4.396389007568359,-13.27138900756836,-5.8202314376831055,-11.820231437683105,-5.308557510375977,-11.808557510375977,128
train,1,The slender kittens,The slender kitten,-3.8564963340759277,-10.41899585723877,-3.103952407836914,-9.791452407836914,-4.696563720703125,-9.321563720703125,-3.553201198577881,-8.803201675415039,128
train,0,The bright kitten,The bright kittens,-13.268521308898926,-15.018521308898926,-12.513381004333496,-14.513381004333496,-14.166176795959473,-14.853676795959473,-13.273170471191406,-14.460670471191406,128
train,1,The bright kittens,The bright kitten,-13.512795448303223,-17.01279640197754,-12.634385108947754,-16.07188606262207,-13.626411437988281,-16.18891143798828,-12.901577949523926,-15.401577949523926,128
train,0,The calm turtle,The calm turtles,-12.88520622253418,-15.63520622253418,-12.831356048583984,-15.956356048583984,-13.691128730773926,-15.378628730773926,-13.582487106323242,-15.707487106323242,128
train,1,The calm turtles,The calm turtle,-12.178465843200684,-16.615966796875,-12.57436466217041,-16.699363708496094,-12.826231002807617,-15.638731002807617,-13.181234359741211,-16.02498435974121,128
train,0,The quiet lion,The quiet lions,-11.025493621826172,-12.400493621826172,-11.807188034057617,-13.557188034057617,-11.80661392211914,-12.18161392211914,-12.74370002746582,-13.49370002746582,128
train,1,The quiet lions,The quiet lion,-9.763991355895996,-14.263991355895996,-10.512466430664062,-15.762466430664062,-10.377911567687988,-13.252911567687988,-10.87297534942627,-14.81047534942627,128
train,0,The nervous dolphin,The nervous dolphins,-10.229757308959961,-12.229757308959961,-10.012242317199707,-12.449742317199707,-10.779634475708008,-11.217134475708008,-10.726523399353027,-11.914023399353027,128
train,1,The nervous dolphins,The nervous dolphin,-9.768719673156738,-14.018719673156738,-8.971599578857422,-14.096599578857422,-9.703842163085938,-13.016342163085938,-8.91200065612793,-13.03700065612793,128
train,0,The timid cow,The timid cows,-9.847577095031738,-14.035077095031738,-10.195524215698242,-14.508024215698242,-10.234903335571289,-12.984903335571289,-10.782282829284668,-14.094782829284668,128
train,1,The timid cows,The timid cow,-8.385356903076172,-13.322856903076172,-9.272371292114258,-14.022371292114258,-8.549388885498047,-12.174388885498047,-9.504705429077148,-13.129705429077148,128
train,0,The calm rat,The calm rats,-9.511632919311523,-11.324132919311523,-10.26307201385498,-12.51307201385498,-9.749521255493164,-11.374521255493164,-10.301660537719727,-12.301660537719727,128
train,1,The calm rats,The calm rat,-12.00590991973877,-13.06840991973877,-12.546870231628418,-13.734370231628418,-12.015164375305176,-12.515164375305176,-12.259085655212402,-12.946585655212402,128
train,0,The timid shark,The timid sharks,-10.590666770935059,-11.590666770935059,-10.955639839172363,-11.330639839172363,-11.538614273071289,-11.288614273071289,-11.60383415222168,-11.29133415222168,128
train,1,The timid sharks,The timid shark,-8.970365524291992,-13.782865524291992,-9.17132568359375,-14.17132568359375,-9.418767929077148,-13.231267929077148,-9.404813766479492,-13.592313766479492,128
train,0,The fuzzy monitor,The fuzzy monitors,-12.422109603881836,-16.172109603881836,-12.979969024658203,-16.792469024658203,-12.300514221191406,-15.488014221191406,-12.854873657226562,-16.167373657226562,128
train,1,The fuzzy monitors,The fuzzy monitor,-11.971248626708984,-15.596248626708984,-11.777287483215332,-16.21478843688965,-12.050239562988281,-14.362739562988281,-11.725839614868164,-14.975839614868164,128
train,0,The fuzzy whale,The fuzzy whales,-9.388650894165039,-9.888650894165039,-10.364169120788574,-11.926669120788574,-9.501335144042969,-9.501335144042969,-10.47387981414795,-11.59887981414795,128
train,1,The fuzzy whales,The fuzzy whale,-8.84280014038086,-11.71780014038086,-9.459121704101562,-12.834121704101562,-8.754375457763672,-10.629375457763672,-9.609031677246094,-11.546531677246094,128
train,0,The quiet shark,The quiet sharks,-11.749894142150879,-14.499894142150879,-11.692754745483398,-15.067754745483398,-12.254951477050781,-13.504951477050781,-12.27301025390625,-14.27301025390625,128
train,1,The quiet sharks,The quiet shark,-11.5961275100708,-15.7211275100708,-11.286855697631836,-16.224355697631836,-11.867825508117676,-14.180325508117676,-11.441688537597656,-14.691688537597656,128
train,0,The calm cock,The calm cocks,-5.94998836517334,-10.94998836517334,-2.6734395027160645,-8.610939979553223,-5.549135208129883,-9.611635208129883,-3.2006564140319824,-7.325656414031982,128
train,1,The calm cocks,The calm cock,-3.724282741546631,-7.161782741546631,-3.106019973754883,-6.856019973754883,-3.593398094177246,-5.968398094177246,-3.4109699726104736,-5.7859697341918945,128
train,0,The slender dolphin,The slender dolphins,-2.0267014503479004,-9.026700973510742,-2.635964870452881,-10.260965347290039,-2.7044684886932373,-5.329468727111816,-3.553309679031372,-6.928309440612793,128
train,1,The slender dolphins,The slender dolphin,-2.4745101928710938,-8.287010192871094,-2.24892520904541,-8.56142520904541,-2.8490805625915527,-6.974080562591553,-2.4277150630950928,-7.427715301513672,128
train,0,The calm dolphin,The calm dolphins,-9.824138641357422,-12.261638641357422,-9.656925201416016,-13.281925201416016,-10.501829147338867,-12.064329147338867,-10.473860740661621,-12.911360740661621,128
train,1,The calm dolphins,The calm dolphin,-10.52589225769043,-13.27589225769043,-10.070602416992188,-13.445602416992188,-10.964959144592285,-12.652459144592285,-10.692913055419922,-12.942913055419922,128
train,0,The sleepy whale,The sleepy whales,-12.3383150100708,-13.2133150100708,-14.072123527526855,-14.572123527526855,-12.821887016296387,-12.946887016296387,-14.435362815856934,-14.372862815856934,128
train,1,The sleepy whales,The sleepy whale,-11.428743362426758,-15.366243362426758,-12.564448356628418,-16.845699310302734,-11.907546043395996,-14.345046043395996,-12.968600273132324,-15.906100273132324,128
train,0,The timid rat,The timid rats,-13.304764747619629,-15.617264747619629,-12.88514518737793,-15.44764518737793,-14.280905723571777,-15.593405723571777,-13.746603012084961,-15.434103012084961,128
train,1,The timid rats,The timid rat,-13.55733871459961,-15.68233871459961,-12.920661926269531,-14.608161926269531,-14.164107322692871,-15.289107322692871,-13.365735054016113,-14.428235054016113,128
train,0,The nervous chick,The nervous chicks,-14.645933151245117,-16.989683151245117,-14.369118690490723,-16.93161964416504,-14.878482818603516,-16.565982818603516,-14.68670654296875,-16.49920654296875,128
train,1,The nervous chicks,The nervous chick,-14.862661361694336,-17.550161361694336,-13.565370559692383,-17.315370559692383,-15.20487117767334,-16.923622131347656,-13.831520080566406,-16.644020080566406,128
train,0,The sleepy frog,The sleepy frogs,-14.378683090209961,-15.566183090209961,-14.438437461853027,-15.063437461853027,-14.571518898010254,-14.915268898010254,-14.94443416595459,-14.81943416595459,128
train,1,The sleepy frogs,The sleepy frog,-12.55232048034668,-17.17732048034668,-12.129480361938477,-16.941980361938477,-12.748971939086914,-16.217721939086914,-12.31950569152832,-16.13200569152832,128
train,0,The slender chick,The slender chicks,-15.186155319213867,-15.498655319213867,-12.012649536132812,-13.575149536132812,-15.848475456237793,-15.004725456237793,-12.705785751342773,-13.455785751342773,128
train,1,The slender chicks,The slender chick,-13.712087631225586,-16.430837631225586,-13.304949760437012,-16.617448806762695,-13.8406343460083,-15.9656343460083,-13.111738204956055,-16.049238204956055,128
train,0,The slender doe,The slender does,-9.811515808105469,-10.874015808105469,-11.342960357666016,-12.155460357666016,-10.647656440734863,-10.272656440734863,-11.577091217041016,-11.452091217041016,128
train,1,The slender does,The slender doe,-10.33416748046875,-13.08416748046875,-11.518522262573242,-13.768522262573242,-9.80638599395752,-12.24388599395752,-11.560013771057129,-13.560013771057129,128
train,0,The slender cow,The slender cows,-14.973971366882324,-17.348970413208008,-13.007926940917969,-16.19542694091797,-15.061657905578613,-16.71790885925293,-13.695252418518066,-16.132753372192383,128
train,1,The slender cows,The slender cow,-13.365460395812988,-16.584209442138672,-12.22403621673584,-15.81778621673584,-13.55483341217041,-15.67983341217041,-12.320302963256836,-14.882802963256836,128
train,0,The sleepy turtle,The sleepy turtles,-12.553534507751465,-13.366034507751465,-12.029352188110352,-13.529352188110352,-13.295875549316406,-13.108375549316406,-12.5319185256958,-13.1569185256958,128
train,1,The sleepy turtles,The sleepy turtle,-11.02270793914795,-17.053958892822266,-10.74744701385498,-15.80994701385498,-11.656207084655762,-16.312456130981445,-11.381232261657715,-15.318732261657715,128
train,0,The nervous shark,The nervous sharks,-11.158218383789062,-14.470718383789062,-11.248885154724121,-14.373885154724121,-11.636063575744629,-13.636063575744629,-11.811782836914062,-13.561782836914062,128
train,1,The nervous sharks,The nervous shark,-10.569704055786133,-14.444704055786133,-10.309171676635742,-15.184171676635742,-10.970597267150879,-13.158097267150879,-10.62144660949707,-13.99644660949707,128
train,0,The calm panda,The calm pandas,-13.371621131896973,-13.934121131896973,-12.604936599731445,-13.979936599731445,-13.709673881530762,-13.522173881530762,-13.128620147705078,-13.628620147705078,128
train,1,The calm pandas,The calm panda,-12.787285804748535,-14.474785804748535,-12.662466049194336,-14.412466049194336,-13.085992813110352,-13.898492813110352,-12.75401496887207,-13.69151496887207,128
train,0,The calm frog,The calm frogs,-9.3425874710083,-12.2800874710083,-9.7619047164917,-12.7619047164917,-9.826324462890625,-11.451324462890625,-10.561742782592773,-12.311742782592773,128
train,1,The calm frogs,The calm frog,-8.811083793640137,-13.061083793640137,-8.225337028503418,-13.037837028503418,-9.268860816955566,-12.081360816955566,-8.744451522827148,-12.181951522827148,128
train,0,The small pup,The small pups,-10.951448440551758,-14.263948440551758,-12.901235580444336,-16.994985580444336,-12.2827787399292,-13.8452787399292,-13.648523330688477,-17.023523330688477,128
train,1,The small pups,The small pup,-13.384438514709473,-17.134437561035156,-13.105276107788086,-17.042776107788086,-13.523545265197754,-16.461044311523438,-13.237418174743652,-16.67491912841797,128
train,0,The nervous rat,The nervous rats,-12.257269859313965,-13.569769859313965,-11.487320899963379,-13.112320899963379,-12.342580795288086,-12.967580795288086,-11.555705070495605,-12.680705070495605,128
train,1,The nervous rats,The nervous rat,-13.012182235717773,-14.762182235717773,-12.246868133544922,-14.246868133544922,-13.055970191955566,-14.055970191955566,-12.401840209960938,-13.651840209960938,128
train,0,The timid rat,The timid rats,-11.992264747619629,-17.773515701293945,-11.01014518737793,-16.97889518737793,-12.530905723571777,-17.187156677246094,-11.496603012084961,-16.65285301208496,128
train,1,The timid rats,The timid rat,-13.18233871459961,-16.58858871459961,-12.983161926269531,-16.10816192626953,-13.414107322692871,-15.414107322692871,-13.240735054016113,-15.303235054016113,128
train,0,The timid chick,The timid chicks,-13.353830337524414,-15.416330337524414,-11.650636672973633,-14.525636672973633,-14.079663276672363,-14.954663276672363,-12.455522537231445,-14.143022537231445,128
train,1,The timid chicks,The timid chick,-12.141790390014648,-16.36054039001465,-11.337488174438477,-15.337488174438477,-12.406234741210938,-15.843734741210938,-11.616850852966309,-14.866850852966309,128
train,0,The quiet whale,The quiet whales,-9.62840461730957,-9.94090461730957,-10.615827560424805,-11.053327560424805,-10.207671165466309,-9.770171165466309,-11.076940536499023,-10.951940536499023,128
train,1,The quiet whales,The quiet whale,-9.536538124084473,-13.661538124084473,-10.24504280090332,-15.12004280090332,-9.600761413574219,-12.350761413574219,-10.29736042022705,-13.54736042022705,128
train,0,The timid shark,The timid sharks,-2.8406670093536377,-9.840666770935059,-2.7681403160095215,-10.580639839172363,-3.47611403465271,-6.476114273071289,-3.478834629058838,-7.916334629058838,128
train,1,The timid sharks,The timid shark,-2.282865524291992,-7.407865524291992,-2.108825206756592,-7.796325206756592,-2.6687679290771484,-5.793767929077148,-2.342313528060913,-6.342313766479492,128
train,0,The slender whale,The slender whales,-13.973556518554688,-15.567306518554688,-12.184210777282715,-13.621710777282715,-14.186306953430176,-15.061306953430176,-12.655574798583984,-13.343074798583984,128
train,1,The slender whales,The slender whale,-12.107365608215332,-14.732365608215332,-10.311116218566895,-14.498616218566895,-12.491924285888672,-14.241924285888672,-10.471028327941895,-13.846028327941895,128
train,0,The fuzzy bat,The fuzzy bats,-10.084092140197754,-15.084092140197754,-9.929888725280762,-15.054888725280762,-10.651314735412598,-14.151314735412598,-10.292485237121582,-14.479985237121582,128
train,1,The fuzzy bats,The fuzzy bat,-10.6426420211792,-15.0176420211792,-10.094731330871582,-13.907231330871582,-11.05258846282959,-13.30258846282959,-10.561586380004883,-12.811586380004883,128
train,0,The nervous rabbit,The nervous rabbits,-10.736897468566895,-12.799397468566895,-10.683572769165039,-12.996072769165039,-11.327545166015625,-12.640045166015625,-11.133975982666016,-12.758975982666016,128
train,1,The nervous rabbits,The nervous rabbit,-10.815077781677246,-14.690077781677246,-10.449028968811035,-14.136528968811035,-11.195467948913574,-13.820467948913574,-10.837020874023438,-13.587020874023438,128
train,0,The calm whale,The calm whales,-2.7510647773742676,-9.12606430053711,-3.6043009757995605,-11.604300498962402,-3.225165843963623,-6.100165843963623,-4.228516578674316,-8.978516578674316,128
train,1,The calm whales,The calm whale,-2.757869243621826,-6.257869243621826,-2.7918219566345215,-7.5418219566345215,-3.1770195960998535,-4.6770195960998535,-3.539294719696045,-6.039294719696045,128
train,0,The nervous kitten,The nervous kittens,-5.213214874267578,-12.588214874267578,-4.663846492767334,-12.726346015930176,-5.377012252807617,-10.064512252807617,-5.108654022216797,-10.858654022216797,128
train,1,The nervous kittens,The nervous kitten,-4.282220840454102,-8.282220840454102,-3.617616891860962,-8.930116653442383,-4.794992446899414,-7.169992446899414,-4.221523284912109,-7.971523284912109,128
train,0,The bright kitten,The bright kittens,-14.643521308898926,-15.268521308898926,-13.950881004333496,-14.325881004333496,-15.166176795959473,-15.166176795959473,-14.523170471191406,-14.335670471191406,128
train,1,The bright kittens,The bright kitten,-14.012795448303223,-17.01279640197754,-13.134385108947754,-16.50938606262207,-14.063911437988281,-16.62641143798828,-13.339077949523926,-16.214078903198242,128
train,0,The slender horse,The slender horses,-15.280925750732422,-16.312175750732422,-14.479047775268555,-14.791547775268555,-15.635653495788574,-15.948153495788574,-14.574836730957031,-14.449836730957031,128
train,1,The slender horses,The slender horse,-14.583518981933594,-16.114768981933594,-13.801521301269531,-15.676521301269531,-14.772444725036621,-16.084945678710938,-13.7896089553833,-15.4771089553833,128
train,0,The nervous turtle,The nervous turtles,-13.211115837097168,-13.711115837097168,-12.225095748901367,-13.100095748901367,-13.146706581115723,-13.209206581115723,-12.385061264038086,-12.822561264038086,128
train,1,The nervous turtles,The nervous turtle,-12.22817325592041,-15.04067325592041,-11.52573013305664,-14.27573013305664,-12.29417896270752,-14.35667896270752,-11.400813102722168,-13.650813102722168,128
train,0,The timid lion,The timid lions,-2.96475887298584,-10.21475887298584,-3.349104404449463,-11.224104881286621,-3.6182973384857178,-7.243297576904297,-4.217415809631348,-9.092415809631348,128
train,1,The timid lions,The timid lion,-2.7293901443481445,-8.729390144348145,-2.4740724563598633,-9.036572456359863,-3.4926559925079346,-7.492656230926514,-3.1101233959198,-7.860123157501221,128
train,0,The quiet bat,The quiet bats,-2.5424349308013916,-9.167434692382812,-2.3394455909729004,-9.214445114135742,-3.0213208198547363,-6.771320819854736,-3.124232292175293,-7.499232292175293,128
train,1,The quiet bats,The quiet bat,-2.2387256622314453,-7.113725662231445,-1.8372478485107422,-7.587247848510742,-2.510308265686035,-5.260308265686035,-2.1901564598083496,-6.06515645980835,128
train,0,The fuzzy dolphin,The fuzzy dolphins,-2.6948442459106445,-9.444844245910645,-2.9817628860473633,-9.919262886047363,-3.1024999618530273,-6.102499961853027,-3.730325937271118,-6.730325698852539,128
train,1,The fuzzy dolphins,The fuzzy dolphin,-2.3621115684509277,-7.237111568450928,-2.032282590866089,-7.282282829284668,-2.4356532096862793,-5.310653209686279,-2.272519826889038,-5.647520065307617,128
train,0,The small dolphin,The small dolphins,-2.026648759841919,-9.65164852142334,-2.8665153980255127,-10.991515159606934,-2.973567008972168,-5.848567008972168,-3.900244951248169,-8.15024471282959,128
train,1,The small dolphins,The small dolphin,-1.9161078929901123,-7.916108131408691,-2.0311827659606934,-8.093683242797852,-2.305891513824463,-6.555891513824463,-2.488370895385742,-6.988370895385742,128
train,0,The bright shark,The bright sharks,-11.706981658935547,-12.831981658935547,-12.70754623413086,-14.20754623413086,-12.162457466125488,-12.412457466125488,-12.963102340698242,-13.775602340698242,128
train,1,The bright sharks,The bright shark,-11.171207427978516,-15.046207427978516,-11.817756652832031,-16.34900665283203,-11.387894630432129,-14.012894630432129,-11.98565673828125,-15.23565673828125,128
train,0,The quiet rabbit,The quiet rabbits,-12.495320320129395,-12.807820320129395,-12.423598289489746,-12.986098289489746,-13.141691207885742,-12.891691207885742,-12.936843872070312,-13.061843872070312,128
train,1,The quiet rabbits,The quiet rabbit,-12.36960506439209,-15.05710506439209,-11.888988494873047,-15.013988494873047,-12.286643981933594,-14.349143981933594,-11.898839950561523,-14.461339950561523,128
train,0,The sleepy kit,The sleepy kits,-12.07808780670166,-16.359336853027344,-13.606660842895508,-17.637910842895508,-12.462504386901855,-16.056255340576172,-14.177332878112793,-17.30233383178711,128
train,1,The sleepy kits,The sleepy kit,-11.246537208557129,-12.371537208557129,-12.537217140197754,-15.099717140197754,-11.242415428161621,-11.492415428161621,-12.927659034729004,-14.677659034729004,128
train,0,The nervous turtle,The nervous turtles,-12.711115837097168,-13.648615837097168,-12.662595748901367,-14.162595748901367,-12.709206581115723,-13.271706581115723,-12.885061264038086,-13.760061264038086,128
train,1,The nervous turtles,The nervous turtle,-11.97817325592041,-15.22817325592041,-12.21323013305664,-15.27573013305664,-12.35667896270752,-14.54417896270752,-12.338313102722168,-14.588313102722168,128
train,0,The sleepy whale,The sleepy whales,-8.7758150100708,-12.7133150100708,-9.134623527526855,-12.947123527526855,-9.196887016296387,-12.196887016296387,-9.372862815856934,-12.435362815856934,128
train,1,The sleepy whales,The sleepy whale,-10.428743362426758,-12.241243362426758,-10.126948356628418,-12.189448356628418,-10.657546043395996,-10.970046043395996,-10.281100273132324,-11.031100273132324,128
train,0,The bright monitor,The bright monitors,-13.955649375915527,-14.393149375915527,-13.642029762268066,-15.142029762268066,-14.062520980834961,-14.250020980834961,-13.810426712036133,-14.997926712036133,128
train,1,The bright monitors,The bright monitor,-13.583820343017578,-15.896320343017578,-13.489961624145508,-15.364961624145508,-13.62010383605957,-15.49510383605957,-13.735036849975586,-14.985036849975586,128
train,0,The nervous rabbit,The nervous rabbits,-3.2368974685668945,-10.799397468566895,-3.4960732460021973,-11.871072769165039,-3.640045642852783,-8.140045166015625,-4.196475505828857,-9.696475982666016,128
train,1,The nervous rabbits,The nervous rabbit,-2.440077304840088,-7.190077304840088,-2.6365294456481934,-8.136528968811035,-3.0079684257507324,-6.007968425750732,-3.2745213508605957,-7.149521350860596,128
train,0,The timid monitor,The timid monitors,-2.2739710807800293,-8.023971557617188,-3.7081096172332764,-12.083109855651855,-2.585646152496338,-5.710646152496338,-4.357751846313477,-10.607751846313477,128
train,1,The timid monitors,The timid monitor,-2.9736623764038086,-9.223662376403809,-2.1447839736938477,-8.707283973693848,-3.1440184116363525,-7.394018173217773,-2.4684898853302,-7.468490123748779,128
train,0,The timid kitten,The timid kittens,-4.240572929382324,-12.678072929382324,-4.3334527015686035,-12.958453178405762,-4.8885498046875,-10.7635498046875,-4.986272811889648,-11.298772811889648,128
train,1,The timid kittens,The timid kitten,-3.8218929767608643,-9.696892738342285,-3.189056396484375,-9.251556396484375,-4.283960819244385,-8.408960342407227,-3.8317573070526123,-8.456757545471191,128
train,0,The fuzzy turtle,The fuzzy turtles,-10.224119186401367,-12.036619186401367,-10.394630432128906,-12.582130432128906,-10.6990966796875,-11.6990966796875,-10.943456649780273,-12.318456649780273,128
train,1,The fuzzy turtles,The fuzzy turtle,-9.480319023132324,-15.042819023132324,-9.839875221252441,-15.902375221252441,-9.324725151062012,-13.324725151062012,-9.611368179321289,-14.173868179321289,128
train,0,The sleepy rat,The sleepy rats,-14.420149803161621,-15.607649803161621,-13.151927947998047,-14.901927947998047,-14.655924797058105,-15.343424797058105,-13.509090423583984,-14.634090423583984,128
train,1,The sleepy rats,The sleepy rat,-13.155891418457031,-16.03089141845703,-12.534017562866211,-15.096517562866211,-13.520236015319824,-15.395236015319824,-12.79658317565918,-14.67158317565918,128
train,0,The quiet horse,The quiet horses,-11.924629211425781,-13.987129211425781,-12.094627380371094,-14.657127380371094,-12.387450218200684,-13.574950218200684,-12.266040802001953,-14.016040802001953,128
train,1,The quiet horses,The quiet horse,-11.809103965759277,-15.059103965759277,-11.365751266479492,-15.865751266479492,-12.204792022705078,-14.267292022705078,-11.85040283203125,-14.91290283203125,128
train,0,The calm horse,The calm horses,-11.136466026306152,-14.761466026306152,-10.428093910217285,-14.490593910217285,-11.670638084411621,-13.983138084411621,-10.936820030212402,-13.936820030212402,128
train,1,The calm horses,The calm horse,-11.093806266784668,-15.343806266784668,-10.493553161621094,-15.431053161621094,-11.352221488952637,-14.164721488952637,-10.776909828186035,-14.276909828186035,128
train,0,The fuzzy panda,The fuzzy pandas,-12.23034954071045,-13.73034954071045,-10.947909355163574,-13.010409355163574,-12.799756050109863,-13.737256050109863,-11.550326347351074,-12.862826347351074,128
train,1,The fuzzy pandas,The fuzzy panda,-13.299384117126465,-15.174384117126465,-11.798924446105957,-14.298924446105957,-13.833576202392578,-14.521076202392578,-12.295754432678223,-13.358254432678223,128
train,0,The sleepy horse,The sleepy horses,-4.085330009460449,-10.96033000946045,-3.1393444538116455,-10.639344215393066,-4.626263618469238,-8.563763618469238,-3.879606008529663,-8.129606246948242,128
train,1,The sleepy horses,The sleepy horse,-2.9237380027770996,-8.611237525939941,-2.1745095252990723,-8.23701000213623,-3.3386523723602295,-7.213652610778809,-2.6464943885803223,-7.021494388580322,128
train,0,The sleepy dog,The sleepy dogs,-4.399181842803955,-12.024181365966797,-4.097701072692871,-12.097701072692871,-4.744489669799805,-10.181989669799805,-4.64756965637207,-10.33506965637207,128
train,1,The sleepy dogs,The sleepy dog,-3.4616451263427734,-8.211645126342773,-2.5935394763946533,-8.593539237976074,-4.019209384918213,-7.019209384918213,-3.054637908935547,-7.554637908935547,128
train,0,The sleepy doe,The sleepy does,-13.874675750732422,-16.562175750732422,-13.074726104736328,-15.012226104736328,-14.135477066040039,-15.447977066040039,-13.057406425476074,-14.307406425476074,128
train,1,The sleepy does,The sleepy doe,-12.287880897521973,-14.287880897521973,-12.404858589172363,-14.842358589172363,-12.169401168823242,-13.794401168823242,-12.276653289794922,-14.214153289794922,128
train,0,The bright cow,The bright cows,-2.7717175483703613,-8.709217071533203,-3.3401992321014404,-10.15269947052002,-3.460019111633301,-6.085019111633301,-4.035930633544922,-8.160930633544922,128
train,1,The bright cows,The bright cow,-1.9002437591552734,-7.275243759155273,-2.255220890045166,-7.130220890045166,-2.1495540142059326,-5.899554252624512,-2.816660165786743,-6.066659927368164,128
train,0,The quiet pup,The quiet pups,-10.099014282226562,-13.786514282226562,-10.798784255981445,-14.736284255981445,-10.351881980895996,-12.976881980895996,-11.279536247253418,-14.342036247253418,128
train,1,The quiet pups,The quiet pup,-11.226548194885254,-13.164048194885254,-11.197306632995605,-13.759806632995605,-11.773290634155273,-12.585790634155273,-11.67445182800293,-13.11195182800293,128
train,0,The nervous cow,The nervous cows,-9.958852767944336,-10.333852767944336,-11.430055618286133,-11.930055618286133,-9.845620155334473,-10.095620155334473,-11.545551300048828,-11.920551300048828,128
train,1,The nervous cows,The nervous cow,-9.512292861938477,-12.637292861938477,-9.539412498474121,-13.289412498474121,-9.669297218322754,-12.169297218322754,-9.804588317871094,-12.742088317871094,128
train,0,The quiet shark,The quiet sharks,-12.999894142150879,-16.124895095825195,-13.067754745483398,-16.1615047454834,-13.317451477050781,-15.317451477050781,-13.52301025390625,-15.64801025390625,128
train,1,The quiet sharks,The quiet shark,-13.4711275100708,-16.564878463745117,-13.599355697631836,-17.599355697631836,-13.930325508117676,-15.180325508117676,-13.816688537597656,-16.097938537597656,128
train,0,The calm cow,The calm cows,-12.19478988647461,-15.63228988647461,-10.74818229675293,-15.12318229675293,-12.509198188781738,-14.571698188781738,-11.145689010620117,-14.708189010620117,128
train,1,The calm cows,The calm cow,-11.4865140914917,-14.5490140914917,-11.279189109802246,-14.154189109802246,-11.64564037322998,-13.70814037322998,-11.388761520385742,-13.263761520385742,128
train,0,The nervous frog,The nervous frogs,-12.220325469970703,-12.907825469970703,-11.948665618896484,-12.823665618896484,-12.838109970092773,-12.338109970092773,-12.558075904846191,-12.620575904846191,128
train,1,The nervous frogs,The nervous frog,-12.05429458618164,-15.24179458618164,-11.45897102355957,-15.08397102355957,-12.133913040161133,-14.196413040161133,-11.59084415435791,-14.40334415435791,128
train,0,The small lion,The small lions,-10.900309562683105,-15.025309562683105,-11.065061569213867,-15.815061569213867,-11.97949504852295,-14.60449504852295,-12.0503568649292,-15.6753568649292,128
train,1,The small lions,The small lion,-10.476531028747559,-15.414031028747559,-10.970541000366211,-15.783041000366211,-11.061941146850586,-14.499441146850586,-11.454374313354492,-15.016874313354492,128
train,0,The timid dolphin,The timid dolphins,-10.022871017456055,-13.210371017456055,-9.111831665039062,-12.486831665039062,-10.918719291687012,-11.981219291687012,-9.970520973205566,-11.845520973205566,128
train,1,The timid dolphins,The timid dolphin,-10.248043060302734,-15.623043060302734,-8.777580261230469,-14.152580261230469,-10.158262252807617,-14.533262252807617,-8.896066665649414,-13.271066665649414,128
train,0,The bright bat,The bright bats,-17.08770179748535,-18.68145179748535,-15.688298225402832,-17.81329917907715,-17.287097930908203,-18.162097930908203,-15.98100471496582,-17.76225471496582,128
train,1,The bright bats,The bright bat,-15.429753303527832,-17.273502349853516,-14.529525756835938,-15.592025756835938,-15.388142585754395,-16.575641632080078,-14.537622451782227,-15.100122451782227,128
train,0,The small doe,The small does,-12.440010070800781,-14.565010070800781,-12.047642707824707,-14.422642707824707,-13.163619995117188,-14.101119995117188,-12.676899909973145,-14.239399909973145,128
train,1,The small does,The small doe,-13.344267845153809,-15.906767845153809,-12.266963005065918,-15.329463005065918,-13.544659614562988,-15.169659614562988,-12.346488952636719,-14.783988952636719,128
train,0,The small bat,The small bats,-8.956524848937988,-11.581524848937988,-10.224834442138672,-11.474834442138672,-9.30390453338623,-11.36640453338623,-10.683171272277832,-11.558171272277832,128
train,1,The small bats,The small bat,-10.721708297729492,-13.659208297729492,-8.78553581237793,-13.34803581237793,-10.617959976196289,-12.617959976196289,-9.040182113647461,-12.602682113647461,128
train,0,The quiet kitten,The quiet kittens,-12.219233512878418,-13.406733512878418,-12.618871688842773,-13.556371688842773,-12.806195259094238,-13.118695259094238,-13.254387855529785,-13.316887855529785,128
train,1,The quiet kittens,The quiet kitten,-12.390865325927734,-15.765865325927734,-11.27872371673584,-15.15372371673584,-13.200820922851562,-15.388320922851562,-12.110260963439941,-14.922760963439941,128
train,0,The nervous dolphin,The nervous dolphins,-13.729757308959961,-16.16725730895996,-12.574742317199707,-15.449742317199707,-14.029634475708008,-14.467134475708008,-13.101523399353027,-14.226523399353027,128
train,1,The nervous dolphins,The nervous dolphin,-12.581219673156738,-17.331220626831055,-11.659099578857422,-17.221599578857422,-12.391342163085938,-16.141342163085938,-11.47450065612793,-16.09950065612793,128
train,0,The small monitor,The small monitors,-14.450672149658203,-15.950672149658203,-14.368670463562012,-17.056171417236328,-14.817035675048828,-16.004535675048828,-14.584556579589844,-16.959556579589844,128
train,1,The small monitors,The small monitor,-13.75914478302002,-16.259145736694336,-13.2900972366333,-15.4150972366333,-14.040754318237305,-15.853254318237305,-13.654449462890625,-15.091949462890625,128
train,0,The bright pup,The bright pups,-3.6550183296203613,-8.530017852783203,-3.87760591506958,-9.752605438232422,-4.049734115600586,-5.799734115600586,-4.800044536590576,-8.175044059753418,128
train,1,The bright pups,The bright pup,-4.020157814025879,-8.395157814025879,-3.5431015491485596,-8.29310131072998,-4.119079113006592,-7.369079113006592,-3.7118070125579834,-7.336806774139404,128
train,0,The sleepy panda,The sleepy pandas,-9.3253173828125,-13.7003173828125,-8.42041015625,-13.35791015625,-9.460365295410156,-13.147865295410156,-9.034083366394043,-12.909083366394043,128
train,1,The sleepy pandas,The sleepy panda,-11.11775016784668,-12.68025016784668,-10.323514938354492,-12.136014938354492,-11.945281982421875,-11.945281982421875,-10.73843002319336,-11.30093002319336,128
train,0,The calm chick,The calm chicks,-3.9841904640197754,-8.796689987182617,-3.185894727706909,-10.123394966125488,-4.85202169418335,-7.35202169418335,-3.864032745361328,-8.676532745361328,128
train,1,The calm chicks,The calm chick,-3.3097658157348633,-7.434765815734863,-2.543980836868286,-7.793980598449707,-4.077253341674805,-6.577253341674805,-3.1406803131103516,-6.765680313110352,128
train,0,The nervous shark,The nervous sharks,-14.470718383789062,-16.626968383789062,-14.498885154724121,-16.592636108398438,-14.573563575744629,-15.386063575744629,-14.686782836914062,-15.499282836914062,128
train,1,The nervous sharks,The nervous shark,-12.819704055786133,-16.538454055786133,-12.934171676635742,-17.277921676635742,-13.158097267150879,-15.595597267150879,-13.05894660949707,-16.24644660949707,128
train,0,The slender frog,The slender frogs,-9.902005195617676,-11.464505195617676,-10.874284744262695,-12.811784744262695,-10.468421936035156,-11.093421936035156,-11.294649124145508,-12.607149124145508,128
train,1,The slender frogs,The slender frog,-8.991656303405762,-14.054156303405762,-9.695340156555176,-14.007840156555176,-9.318498611450195,-12.818498611450195,-9.949576377868652,-13.137076377868652,128
train,0,The small pup,The small pups,-2.576448440551758,-7.826448440551758,-3.713735818862915,-11.213735580444336,-3.345278739929199,-4.970278739929199,-4.523523330688477,-9.648523330688477,128
train,1,The small pups,The small pup,-3.3219382762908936,-9.696938514709473,-2.6677756309509277,-9.230276107788086,-3.773545026779175,-8.648545265197754,-3.1124181747436523,-8.362418174743652,128
train,0,The nervous bat,The nervous bats,-9.679049491882324,-14.429049491882324,-10.909849166870117,-15.097349166870117,-9.799242973327637,-12.799242973327637,-11.283269882202148,-14.283269882202148,128
train,1,The nervous bats,The nervous bat,-8.969841003417969,-12.469841003417969,-8.994726181030273,-13.119726181030273,-9.256683349609375,-11.881683349609375,-9.281594276428223,-12.594094276428223,128
train,0,The timid pup,The timid pups,-12.632628440856934,-14.070128440856934,-12.594093322753906,-13.219093322753906,-13.25637149810791,-14.00637149810791,-13.266990661621094,-13.454490661621094,128
train,1,The timid pups,The timid pup,-12.593888282775879,-15.593888282775879,-11.935978889465332,-15.685978889465332,-12.906608581542969,-15.219108581542969,-12.203551292419434,-15.328551292419434,128
train,0,The quiet turtle,The quiet turtles,-6.142395973205566,-10.329895973205566,-7.195654392242432,-11.258153915405273,-6.73412561416626,-9.921625137329102,-7.456637382507324,-10.769137382507324,128
train,1,The quiet turtles,The quiet turtle,-8.190698623657227,-11.128198623657227,-8.206729888916016,-11.644229888916016,-8.565852165222168,-10.065852165222168,-8.333578109741211,-10.708578109741211,128
train,0,The timid pup,The timid pups,-10.507628440856934,-14.820128440856934,-10.406593322753906,-15.531593322753906,-10.81887149810791,-13.44387149810791,-10.516990661621094,-14.266990661621094,128
train,1,The timid pups,The timid pup,-8.906388282775879,-13.906388282775879,-8.560978889465332,-13.873478889465332,-9.406608581542969,-13.219108581542969,-8.828551292419434,-13.391051292419434,128
train,0,The fuzzy rabbit,The fuzzy rabbits,-11.803403854370117,-14.740903854370117,-11.42491340637207,-15.23741340637207,-12.329347610473633,-14.079347610473633,-11.744527816772461,-14.557027816772461,128
train,1,The fuzzy rabbits,The fuzzy rabbit,-11.690415382385254,-15.065415382385254,-11.506248474121094,-14.756248474121094,-12.121326446533203,-14.058826446533203,-11.966483116149902,-13.716483116149902,128
train,0,The small chick,The small chicks,-3.4985392093658447,-9.936038970947266,-3.208059310913086,-11.270559310913086,-4.754601955413818,-7.379601955413818,-4.169864177703857,-9.919864654541016,128
train,1,The small chicks,The small chick,-2.456907272338867,-9.019407272338867,-2.3855645656585693,-8.823064804077148,-3.0677740573883057,-7.817774295806885,-2.944652795791626,-7.819652557373047,128
train,0,The nervous whale,The nervous whales,-13.715022087097168,-16.62127113342285,-14.491496086120605,-16.80399513244629,-13.877348899841309,-16.064847946166992,-14.660167694091797,-16.222667694091797,128
train,1,The nervous whales,The nervous whale,-14.609500885009766,-16.672000885009766,-14.220120429992676,-17.97011947631836,-14.629545211791992,-15.817045211791992,-14.199889183044434,-16.949888229370117,128
train,0,The small bat,The small bats,-13.456524848937988,-18.269023895263672,-11.974834442138672,-15.599834442138672,-13.24140453338623,-17.085153579711914,-12.308171272277832,-15.245671272277832,128
train,1,The small bats,The small bat,-14.034208297729492,-17.877958297729492,-12.34803581237793,-16.44178581237793,-13.992959976196289,-16.55545997619629,-12.540182113647461,-15.571432113647461,128
train,0,The fuzzy horse,The fuzzy horses,-2.7622971534729004,-9.449796676635742,-2.9632387161254883,-10.088238716125488,-3.115882396697998,-7.178382396697998,-3.6712570190429688,-7.796257019042969,128
train,1,The fuzzy horses,The fuzzy horse,-2.4290902614593506,-8.24159049987793,-2.5409834384918213,-8.103483200073242,-2.746016025543213,-6.496016025543213,-2.900125503540039,-6.400125503540039,128
train,0,The slender doe,The slender does,-11.561515808105469,-15.311515808105469,-11.655460357666016,-15.342960357666016,-11.772656440734863,-13.897656440734863,-11.327091217041016,-14.077091217041016,128
train,1,The slender does,The slender doe,-11.45916748046875,-15.27166748046875,-11.518522262573242,-15.206022262573242,-11.18138599395752,-14.68138599395752,-11.310013771057129,-14.810013771057129,128
train,0,The sleepy doe,The sleepy does,-7.937175750732422,-12.187175750732422,-9.637226104736328,-13.887226104736328,-8.635477066040039,-10.885477066040039,-9.869906425476074,-12.869906425476074,128
train,1,The sleepy does,The sleepy doe,-10.100380897521973,-13.662880897521973,-9.967358589172363,-13.342358589172363,-10.106901168823242,-13.106901168823242,-9.589153289794922,-12.776653289794922,128
train,0,The calm rat,The calm rats,-12.886632919311523,-15.636632919311523,-13.13807201385498,-16.513072967529297,-13.499521255493164,-15.499521255493164,-13.614160537719727,-16.332910537719727,128
train,1,The calm rats,The calm rat,-13.50590991973877,-16.912160873413086,-13.921870231628418,-17.921871185302734,-14.265164375305176,-15.765164375305176,-14.384085655212402,-16.759084701538086,128
train,0,The slender kitten,The slender kittens,-15.571636199951172,-16.009136199951172,-15.20888900756836,-15.64638900756836,-16.445232391357422,-16.132732391357422,-15.808557510375977,-15.558557510375977,128
train,1,The slender kittens,The slender kitten,-15.04399585723877,-19.075246810913086,-13.353952407836914,-17.416452407836914,-15.634063720703125,-18.852813720703125,-14.053201675415039,-17.24070167541504,128
train,0,The slender lion,The slender lions,-10.658550262451172,-13.283550262451172,-10.835570335388184,-13.773070335388184,-11.353455543518066,-13.165955543518066,-10.984231948852539,-13.296731948852539,128
train,1,The slender lions,The slender lion,-12.482269287109375,-14.732269287109375,-11.030068397521973,-13.592568397521973,-12.739418029785156,-14.114418029785156,-11.358155250549316,-12.920655250549316,128
train,0,The small horse,The small horses,-3.5525341033935547,-10.927534103393555,-3.362746477127075,-11.612746238708496,-4.19233512878418,-8.56733512878418,-4.098485469818115,-9.160985946655273,128
train,1,The small horses,The small horse,-2.4163873195648193,-8.666387557983398,-2.2896857261657715,-8.539685249328613,-2.9878604412078857,-6.612860679626465,-2.7427074909210205,-6.992707252502441,128
train,0,The quiet rat,The quiet rats,-7.787792682647705,-10.975292205810547,-7.9756622314453125,-11.413162231445312,-8.29408073425293,-10.54408073425293,-8.438936233520508,-11.188936233520508,128
train,1,The quiet rats,The quiet rat,-9.753133773803711,-13.190633773803711,-8.652376174926758,-13.089876174926758,-9.772171020507812,-11.959671020507812,-8.648174285888672,-12.023174285888672,128
train,0,The sleepy rat,The sleepy rats,-11.232649803161621,-12.795149803161621,-10.901927947998047,-12.901927947998047,-11.843424797058105,-12.780924797058105,-11.571590423583984,-12.946590423583984,128
train,1,The sleepy rats,The sleepy rat,-11.155891418457031,-13.905891418457031,-11.221517562866211,-14.096517562866211,-11.457736015319824,-13.520236015319824,-11.35908317565918,-13.67158317565918,128
train,0,The nervous dog,The nervous dogs,-4.6374287605285645,-11.637429237365723,-4.2713775634765625,-12.083877563476562,-4.678380966186523,-9.053380966186523,-4.9242706298828125,-10.236770629882812,128
train,1,The nervous dogs,The nervous dog,-2.969731330871582,-7.719731330871582,-2.9955599308013916,-8.245559692382812,-3.373525381088257,-6.623525619506836,-3.552995204925537,-7.427995204925537,128
train,0,The small lion,The small lions,-13.337809562683105,-14.837809562683105,-13.752561569213867,-15.252561569213867,-14.41699504852295,-14.85449504852295,-14.6128568649292,-15.3628568649292,128
train,1,The small lions,The small lion,-13.289031028747559,-16.914031982421875,-13.095541000366211,-17.09554100036621,-13.124441146850586,-16.061941146850586,-13.329374313354492,-16.454374313354492,128
train,0,The slender chick,The slender chicks,-3.061155319213867,-6.311155319213867,-2.7626490592956543,-8.012649536132812,-3.317225694656372,-4.317225456237793,-3.6432857513427734,-6.643285751342773,128
train,1,The slender chicks,The slender chick,-2.962087631225586,-8.587087631225586,-2.3674492835998535,-8.617449760437012,-3.46563458442688,-7.590634822845459,-2.6742382049560547,-7.424238204956055,128
train,0,The slender turtle,The slender turtles,-13.66177749633789,-16.59927749633789,-11.434523582458496,-15.122023582458496,-14.593439102172852,-16.71843910217285,-12.264269828796387,-15.076769828796387,128
train,1,The slender turtles,The slender turtle,-11.005208015441895,-15.692708015441895,-10.465967178344727,-14.965967178344727,-11.273609161376953,-15.148609161376953,-10.550950050354004,-14.175950050354004,128
train,0,The nervous pup,The nervous pups,-3.510653495788574,-7.948153495788574,-3.132681131362915,-8.570180892944336,-3.5970890522003174,-4.847088813781738,-4.460068225860596,-6.960068225860596,128
train,1,The nervous pups,The nervous pup,-3.499540328979492,-7.499540328979492,-2.7027781009674072,-8.202777862548828,-3.7143375873565674,-6.5893378257751465,-3.036644220352173,-7.536643981933594,128
train,0,The small dog,The small dogs,-2.9084835052490234,-11.345983505249023,-4.206871509552002,-12.706871032714844,-3.519681215286255,-9.519680976867676,-4.9434309005737305,-11.56843090057373,128
train,1,The small dogs,The small dog,-2.222886562347412,-8.410386085510254,-2.8298797607421875,-9.329879760742188,-2.7816824913024902,-6.90668249130249,-3.3875155448913574,-8.3875150680542,128
train,0,The slender dolphin,The slender dolphins,-10.214200973510742,-13.714200973510742,-9.885965347290039,-14.198465347290039,-10.704468727111816,-12.766968727111816,-10.428309440612793,-13.303309440612793,128
train,1,The slender dolphins,The slender dolphin,-9.662010192871094,-14.349510192871094,-9.56142520904541,-14.49892520904541,-9.974081039428711,-13.411581039428711,-9.615215301513672,-13.677715301513672,128
train,0,The bright dog,The bright dogs,-13.14501667022705,-13.77001667022705,-13.633940696716309,-14.383940696716309,-13.734440803527832,-13.734440803527832,-14.138978004455566,-14.388978004455566,128
train,1,The bright dogs,The bright dog,-12.679031372070312,-15.491531372070312,-13.417064666748047,-16.448314666748047,-13.025141716003418,-14.962641716003418,-13.585052490234375,-15.960052490234375,128
train,0,The nervous lion,The nervous lions,-3.664170026779175,-9.601670265197754,-4.075469970703125,-10.825469970703125,-4.068695068359375,-6.318695068359375,-4.776110649108887,-8.526110649108887,128
train,1,The nervous lions,The nervous lion,-3.515934944152832,-7.390934944152832,-3.05346417427063,-8.30346393585205,-3.7852649688720703,-6.16026496887207,-3.7728865146636963,-6.897886753082275,128
train,0,The timid turtle,The timid turtles,-14.880064010620117,-17.817564010620117,-13.349958419799805,-16.099958419799805,-15.693046569824219,-17.50554656982422,-14.093833923339844,-16.093833923339844,128
train,1,The timid turtles,The timid turtle,-14.136313438415527,-18.823814392089844,-12.995542526245117,-17.026792526245117,-14.361136436462402,-17.82988739013672,-13.298286437988281,-16.14203643798828,128
train,0,The bright whale,The bright whales,-9.439862251281738,-11.314862251281738,-10.663741111755371,-12.163741111755371,-9.893404006958008,-10.643404006958008,-11.015365600585938,-11.702865600585938,128
train,1,The bright whales,The bright whale,-8.63528060913086,-12.94778060913086,-8.662333488464355,-14.162333488464355,-8.743508338928223,-11.556008338928223,-8.690866470336914,-12.628366470336914,128
train,0,The slender panda,The slender pandas,-4.841509819030762,-11.279009819030762,-2.861233711242676,-10.861233711242676,-5.257181167602539,-8.132181167602539,-4.004183292388916,-8.254182815551758,128
train,1,The slender pandas,The slender panda,-3.181784152984619,-8.181784629821777,-2.125009536743164,-8.250009536743164,-3.986163854598999,-6.98616361618042,-2.987060308456421,-6.612060070037842,128
train,0,The small dog,The small dogs,-6.283483505249023,-10.845983505249023,-8.331871032714844,-12.706871032714844,-7.144681453704834,-10.957180976867676,-9.06843090057373,-12.75593090057373,128
train,1,The small dogs,The small dog,-8.910386085510254,-10.847886085510254,-10.079879760742188,-12.079879760742188,-9.594182968139648,-10.344182968139648,-10.5750150680542,-11.5750150680542,128
train,0,The quiet horse,The quiet horses,-11.424629211425781,-12.987129211425781,-10.657127380371094,-13.594627380371094,-11.949950218200684,-12.574950218200684,-11.078540802001953,-13.078540802001953,128
train,1,The quiet horses,The quiet horse,-11.309103965759277,-14.746603965759277,-10.615751266479492,-14.928251266479492,-11.642292022705078,-13.829792022705078,-11.03790283203125,-13.97540283203125,128
train,0,The small kit,The small kits,-4.422110557556152,-11.234610557556152,-4.521893501281738,-12.209393501281738,-5.104156494140625,-9.229156494140625,-5.4354472160339355,-10.872946739196777,128
train,1,The small kits,The small kit,-2.2635629177093506,-5.63856315612793,-3.9821410179138184,-9.482141494750977,-2.5341389179229736,-4.9091386795043945,-4.261631011962891,-8.38663101196289,128
train,0,The nervous bat,The nervous bats,-9.804049491882324,-15.272799491882324,-11.659849166870117,-16.659849166870117,-10.174242973327637,-14.611742973327637,-11.970769882202148,-16.22076988220215,128
train,1,The nervous bats,The nervous bat,-11.907341003417969,-14.719841003417969,-12.494726181030273,-16.057226181030273,-12.631683349609375,-13.506683349609375,-13.094094276428223,-15.094094276428223,128
train,0,The sleepy turtle,The sleepy turtles,-13.303534507751465,-14.928534507751465,-13.029352188110352,-14.654352188110352,-13.670875549316406,-14.483375549316406,-13.2819185256958,-14.3444185256958,128
train,1,The sleepy turtles,The sleepy turtle,-12.71020793914795,-15.74145793914795,-12.24744701385498,-15.12244701385498,-13.031207084655762,-15.093707084655762,-12.443732261657715,-14.443732261657715,128
train,0,The sleepy whale,The sleepy whales,-2.650815486907959,-9.9633150100708,-3.4471230506896973,-11.197123527526855,-3.071887254714966,-7.071887016296387,-4.060362815856934,-8.435362815856934,128
train,1,The sleepy whales,The sleepy whale,-2.616243839263916,-6.241243839263916,-2.751948833465576,-7.251948833465576,-2.970045566558838,-4.595045566558838,-3.093600273132324,-5.718600273132324,128
train,0,The timid pup,The timid pups,-14.195128440856934,-14.570128440856934,-14.719093322753906,-14.656593322753906,-14.88137149810791,-14.63137149810791,-15.454490661621094,-14.954490661621094,128
train,1,The timid pups,The timid pup,-14.156388282775879,-17.781387329101562,-14.435978889465332,-18.529727935791016,-14.344108581542969,-17.59410858154297,-14.703551292419434,-18.391050338745117,128
train,0,The small kitten,The small kittens,-13.523730278015137,-16.27372932434082,-13.230826377868652,-15.793326377868652,-14.661652565002441,-16.286651611328125,-14.062856674194336,-15.750356674194336,128
train,1,The small kittens,The small kitten,-14.847264289855957,-18.159765243530273,-13.974722862243652,-17.19347381591797,-14.989025115966797,-17.489025115966797,-14.185754776000977,-16.623254776000977,128
train,0,The small shark,The small sharks,-12.368236541748047,-14.680736541748047,-12.24264144897461,-14.49264144897461,-12.8611478805542,-13.9236478805542,-12.714807510375977,-14.152307510375977,128
train,1,The small sharks,The small shark,-11.506364822387695,-15.381364822387695,-11.602243423461914,-15.352243423461914,-12.088385581970215,-14.838385581970215,-11.929129600524902,-14.679129600524902,128
train,0,The small panda,The small pandas,-15.858158111572266,-19.545658111572266,-13.431914329528809,-17.869415283203125,-16.312707901000977,-19.125207901000977,-14.1041898727417,-17.666688919067383,128
train,1,The small pandas,The small panda,-14.757686614990234,-18.038936614990234,-13.875143051147461,-17.00014305114746,-16.025413513183594,-17.525413513183594,-14.421783447265625,-16.046783447265625,128
train,0,The small doe,The small does,-14.815010070800781,-16.90876007080078,-13.735142707824707,-15.422642707824707,-15.226119995117188,-16.351119995117188,-14.114399909973145,-15.301899909973145,128
train,1,The small does,The small doe,-13.906767845153809,-17.406766891479492,-13.516963005065918,-17.360713958740234,-13.794659614562988,-16.857158660888672,-13.533988952636719,-17.03398895263672,128
train,0,The bright rat,The bright rats,-11.396021842956543,-15.646021842956543,-12.083357810974121,-16.177106857299805,-11.825507164001465,-14.700507164001465,-12.261652946472168,-15.511652946472168,128
train,1,The bright rats,The bright rat,-10.86795711517334,-14.49295711517334,-10.897845268249512,-14.397845268249512,-11.29919147491455,-13.54919147491455,-11.239691734313965,-13.677191734313965,128
train,0,The bright turtle,The bright turtles,-9.642560958862305,-12.955060958862305,-9.7608060836792,-13.0733060836792,-10.42219066619873,-12.35969066619873,-10.155787467956543,-12.468287467956543,128
train,1,The bright turtles,The bright turtle,-8.91513442993164,-13.91513442993164,-9.450390815734863,-13.887890815734863,-9.452617645263672,-12.952617645263672,-9.87773609161377,-12.75273609161377,128
train,0,The small kitten,The small kittens,-3.8987298011779785,-12.836230278015137,-4.355826377868652,-13.355826377868652,-4.661652565002441,-10.724152565002441,-5.000356674194336,-11.937856674194336,128
train,1,The small kittens,The small kitten,-3.409764289855957,-10.284764289855957,-3.2247233390808105,-9.787222862243652,-3.989025592803955,-8.989025115966797,-3.8107550144195557,-8.685754776000977,128
train,0,The sleepy chick,The sleepy chicks,-11.836796760559082,-13.899296760559082,-10.535848617553711,-13.598348617553711,-12.521429061889648,-13.708929061889648,-11.5558500289917,-13.5558500289917,128
train,1,The sleepy chicks,The sleepy chick,-11.987305641174316,-15.424805641174316,-11.905145645141602,-15.467645645141602,-12.302491188049316,-14.677491188049316,-12.124685287475586,-14.687185287475586,128
train,0,The bright chick,The bright chicks,-13.534441947937012,-15.628191947937012,-13.3269624710083,-15.9519624710083,-14.458053588867188,-15.020553588867188,-13.838672637939453,-15.463672637939453,128
train,1,The bright chicks,The bright chick,-13.1740140914917,-16.580263137817383,-14.199338912963867,-17.168088912963867,-13.474533081054688,-15.912033081054688,-14.422167778015137,-16.35966682434082,128
train,0,The sleepy lion,The sleepy lions,-10.27151107788086,-13.20901107788086,-10.170445442199707,-12.857945442199707,-10.901971817016602,-13.026971817016602,-10.859818458557129,-12.484818458557129,128
train,1,The sleepy lions,The sleepy lion,-11.612409591674805,-13.674909591674805,-10.826410293579102,-13.576410293579102,-12.517067909240723,-13.204567909240723,-11.474495887756348,-12.911995887756348,128
train,0,The sleepy shark,The sleepy sharks,-10.498805046081543,-14.748805046081543,-10.532184600830078,-14.532184600830078,-11.0099515914917,-13.6974515914917,-11.143267631530762,-13.643267631530762,128
train,1,The sleepy sharks,The sleepy shark,-11.353487968444824,-13.978487968444824,-11.068414688110352,-14.630914688110352,-11.84810733795166,-12.72310733795166,-11.296818733215332,-13.359318733215332,128
train,0,The fuzzy bat,The fuzzy bats,-10.959092140197754,-15.459092140197754,-11.367388725280762,-15.742388725280762,-11.401314735412598,-14.901314735412598,-11.604985237121582,-15.292485237121582,128
train,1,The fuzzy bats,The fuzzy bat,-12.5176420211792,-14.3301420211792,-12.344731330871582,-14.469731330871582,-12.55258846282959,-12.80258846282959,-12.436586380004883,-13.374086380004883,128
train,0,The nervous doe,The nervous does,-12.360885620117188,-13.048385620117188,-10.116694450378418,-11.554194450378418,-12.204545974731445,-11.517045974731445,-10.543396949768066,-10.855896949768066,128
train,1,The nervous does,The nervous doe,-10.436782836914062,-15.436782836914062,-10.246533393859863,-15.809033393859863,-10.54501724243164,-14.79501724243164,-9.538528442382812,-14.476028442382812,128
train,0,The bright frog,The bright frogs,-12.862932205200195,-14.394182205200195,-13.528940200805664,-15.153940200805664,-13.454168319702148,-13.954168319702148,-14.062234878540039,-14.812234878540039,128
train,1,The bright frogs,The bright frog,-13.068583488464355,-19.22483253479004,-12.239450454711914,-16.426950454711914,-13.413965225219727,-18.226465225219727,-12.769767761230469,-15.707267761230469,128
train,0,The timid panda,The timid pandas,-12.428879737854004,-16.99138069152832,-10.041897773742676,-14.854397773742676,-12.526597023010254,-15.589097023010254,-10.67847728729248,-13.99097728729248,128
train,1,The timid pandas,The timid panda,-9.121816635131836,-13.746816635131836,-8.659944534301758,-13.347444534301758,-10.253217697143555,-13.065717697143555,-9.327750205993652,-12.452750205993652,128
train,0,The bright dolphin,The bright dolphins,-10.044795989990234,-12.982295989990234,-10.545632362365723,-13.545632362365723,-10.68526554107666,-12.49776554107666,-11.063325881958008,-13.125825881958008,128
train,1,The bright dolphins,The bright dolphin,-11.820124626159668,-14.382624626159668,-11.610803604125977,-14.235803604125977,-12.187036514282227,-13.812036514282227,-11.917102813720703,-13.417102813720703,128
train,0,The fuzzy kit,The fuzzy kits,-11.74692440032959,-13.05942440032959,-13.434015274047852,-16.12151527404785,-11.905287742614746,-12.905287742614746,-13.873600006103516,-16.123600006103516,128
train,1,The fuzzy kits,The fuzzy kit,-10.858407020568848,-11.608407020568848,-13.312593460083008,-15.625093460083008,-11.232159614562988,-11.544659614562988,-13.98184585571289,-15.23184585571289,128
train,0,The calm cow,The calm cows,-3.6947903633117676,-9.63228988647461,-3.685682535171509,-10.81068229675293,-4.321698188781738,-6.696698188781738,-4.333189487457275,-8.833189010620117,128
train,1,The calm cows,The calm cow,-2.424014091491699,-7.299014091491699,-2.3416895866394043,-7.529189586639404,-3.0206403732299805,-6.1456403732299805,-2.888761520385742,-6.263761520385742,128
train,0,The sleepy dog,The sleepy dogs,-13.149181365966797,-16.742931365966797,-11.972701072692871,-15.847701072692871,-13.431989669799805,-16.150739669799805,-12.39756965637207,-15.33506965637207,128
train,1,The sleepy dogs,The sleepy dog,-12.336645126342773,-16.086645126342773,-10.968539237976074,-15.999789237976074,-12.519209861755371,-15.019209861755371,-10.992137908935547,-15.054637908935547,128
train,0,The sleepy whale,The sleepy whales,-11.7758150100708,-13.7133150100708,-12.447123527526855,-13.759623527526855,-12.571887016296387,-13.571887016296387,-12.997862815856934,-13.497862815856934,128
train,1,The sleepy whales,The sleepy whale,-11.053743362426758,-14.741243362426758,-11.001948356628418,-15.564448356628418,-11.282546043395996,-13.845046043395996,-11.031100273132324,-14.593600273132324,128
train,0,The sleepy dog,The sleepy dogs,-11.649181365966797,-12.836681365966797,-10.972701072692871,-12.097701072692871,-12.119489669799805,-12.619489669799805,-11.39756965637207,-11.89756965637207,128
train,1,The sleepy dogs,The sleepy dog,-11.086645126342773,-14.524145126342773,-10.156039237976074,-14.406039237976074,-11.394209861755371,-13.456709861755371,-10.367137908935547,-13.367137908935547,128
train,0,The sleepy cock,The sleepy cocks,-18.033283233642578,-18.658283233642578,-12.474963188171387,-15.287463188171387,-17.051294326782227,-17.676294326782227,-12.191640853881836,-14.691640853881836,128
train,1,The sleepy cocks,The sleepy cock,-14.240245819091797,-16.302745819091797,-12.277809143066406,-14.715309143066406,-13.783848762512207,-14.690098762512207,-11.94878101348877,-13.51128101348877,128
train,0,The sleepy rat,The sleepy rats,-13.545149803161621,-16.545150756835938,-12.526927947998047,-15.589427947998047,-14.030924797058105,-15.905924797058105,-12.946590423583984,-15.009090423583984,128
train,1,The sleepy rats,The sleepy rat,-13.405891418457031,-17.12464141845703,-12.409017562866211,-16.56526756286621,-13.770236015319824,-16.332735061645508,-12.73408317565918,-15.82783317565918,128
train,0,The sleepy dolphin,The sleepy dolphins,-10.655779838562012,-11.843279838562012,-10.522446632385254,-11.959946632385254,-11.427224159240723,-12.177224159240723,-11.057756423950195,-12.182756423950195,128
train,1,The sleepy dolphins,The sleepy dolphin,-11.91915512084961,-13.54415512084961,-11.499774932861328,-13.249774932861328,-12.079075813293457,-13.079075813293457,-11.634904861450195,-12.697404861450195,128
train,0,The quiet whale,The quiet whales,-14.50340461730957,-16.12840461730957,-14.428327560424805,-16.678327560424805,-14.770171165466309,-15.707671165466309,-14.451940536499023,-16.139440536499023,128
train,1,The quiet whales,The quiet whale,-14.161538124084473,-16.536537170410156,-14.12004280090332,-17.08879280090332,-14.725761413574219,-15.600761413574219,-14.73486042022705,-15.85986042022705,128
train,0,The sleepy pup,The sleepy pups,-13.275734901428223,-17.11948585510254,-12.92918586730957,-16.92918586730957,-14.02303695678711,-16.67928695678711,-13.489094734191895,-16.42659568786621,128
train,1,The sleepy pups,The sleepy pup,-13.858107566833496,-17.733108520507812,-12.874731063842773,-17.499731063842773,-14.179590225219727,-16.929590225219727,-13.168105125427246,-16.918106079101562,128
train,0,The calm rabbit,The calm rabbits,-13.535538673400879,-17.191787719726562,-13.017990112304688,-16.799240112304688,-14.393366813659668,-16.580867767333984,-13.754117965698242,-16.441617965698242,128
train,1,The calm rabbits,The calm rabbit,-13.008678436279297,-16.352428436279297,-12.618351936340332,-16.64960289001465,-13.31466293334961,-15.43966293334961,-12.827519416809082,-15.890019416809082,128
train,0,The quiet shark,The quiet sharks,-11.499894142150879,-11.687394142150879,-11.380254745483398,-11.880254745483398,-12.067451477050781,-11.504951477050781,-11.83551025390625,-11.64801025390625,128
train,1,The quiet sharks,The quiet shark,-10.4711275100708,-13.9711275100708,-10.099355697631836,-14.349355697631836,-11.055325508117676,-13.305325508117676,-10.441688537597656,-13.504188537597656,128
train,0,The bright rat,The bright rats,-9.458521842956543,-10.208521842956543,-10.145857810974121,-10.833357810974121,-10.138007164001465,-10.388007164001465,-10.574152946472168,-10.949152946472168,128
train,1,The bright rats,The bright rat,-11.43045711517334,-13.61795711517334,-10.710345268249512,-13.022845268249512,-11.61169147491455,-13.04919147491455,-10.927191734313965,-12.739691734313965,128
train,0,The nervous pup,The nervous pups,-11.823153495788574,-12.323153495788574,-11.320180892944336,-13.507680892944336,-10.972088813781738,-11.159588813781738,-11.835067749023438,-13.585067749023438,128
train,1,The nervous pups,The nervous pup,-12.437040328979492,-16.249540328979492,-12.077777862548828,-16.859027862548828,-12.651837348937988,-15.776837348937988,-12.349143981933594,-16.286643981933594,128
train,0,The fuzzy rat,The fuzzy rats,-12.65405559539795,-14.46655559539795,-12.949003219604492,-15.136503219604492,-13.006694793701172,-14.006694793701172,-13.4696683883667,-14.8446683883667,128
train,1,The fuzzy rats,The fuzzy rat,-14.422194480895996,-17.328445434570312,-13.782382011413574,-16.96988296508789,-14.86917495727539,-16.68167495727539,-14.221331596374512,-16.440082550048828,128
train,0,The slender shark,The slender sharks,-12.540213584899902,-15.946463584899902,-11.749051094055176,-15.374051094055176,-12.884366035461426,-14.884366035461426,-12.07378101348877,-14.82378101348877,128
train,1,The slender sharks,The slender shark,-12.186598777770996,-14.999098777770996,-11.832842826843262,-15.082842826843262,-12.476410865783691,-14.038910865783691,-12.183091163635254,-14.183091163635254,128
train,0,The timid pup,The timid pups,-3.8826282024383545,-10.820128440856934,-3.9065935611724854,-11.031593322753906,-4.506371021270752,-8.00637149810791,-4.7044901847839355,-9.204490661621094,128
train,1,The timid pups,The timid pup,-3.0938880443573,-8.843888282775879,-2.623478889465332,-8.935978889465332,-3.7191083431243896,-8.094108581542969,-3.1410512924194336,-8.266051292419434,128
train,0,The nervous pup,The nervous pups,-10.260653495788574,-13.448153495788574,-9.320180892944336,-12.757680892944336,-9.972088813781738,-11.909588813781738,-10.335067749023438,-12.585067749023438,128
train,1,The nervous pups,The nervous pup,-10.749540328979492,-12.749540328979492,-10.077777862548828,-13.077777862548828,-11.214337348937988,-12.339337348937988,-10.599143981933594,-12.661643981933594,128
train,0,The calm pup,The calm pups,-8.851519584655762,-11.601519584655762,-9.602091789245605,-13.102091789245605,-8.832427024841309,-10.269927024841309,-10.073019027709961,-12.698019027709961,128
train,1,The calm pups,The calm pup,-8.79316234588623,-12.73066234588623,-8.067766189575195,-13.192766189575195,-9.401410102844238,-11.963910102844238,-8.464176177978516,-12.589176177978516,128
train,0,The small turtle,The small turtles,-11.940163612365723,-14.377663612365723,-11.073988914489746,-13.136488914489746,-12.517416954040527,-14.017416954040527,-11.603175163269043,-13.040675163269043,128
train,1,The small turtles,The small turtle,-10.329790115356445,-14.329790115356445,-9.721905708312988,-13.409405708312988,-10.807204246520996,-13.869704246520996,-10.289375305175781,-13.101875305175781,128
test,0,The wary [wug],The wary [wugs],-9.430991172790527,-13.805991172790527,-10.363517761230469,-15.613517761230469,-10.247907638549805,-13.310407638549805,-10.883288383483887,-14.945788383483887,128
test,1,The wary [wugs],The wary [wug],-11.466817855834961,-14.966817855834961,-10.315653800964355,-14.753153800964355,-11.494919776916504,-14.119919776916504,-10.593887329101562,-14.218887329101562,128
test,0,The tiny [wug],The tiny [wugs],-13.49979019165039,-16.74979019165039,-11.417150497436523,-15.667150497436523,-14.656254768371582,-16.656253814697266,-12.187939643859863,-15.625439643859863,128
test,1,The tiny [wugs],The tiny [wug],-11.400486946105957,-15.337986946105957,-11.098136901855469,-16.03563690185547,-11.475065231323242,-14.662565231323242,-11.227097511291504,-15.477097511291504,128
test,0,The curious [wug],The curious [wugs],-11.790776252746582,-16.228275299072266,-11.089065551757812,-15.401565551757812,-12.266889572143555,-15.204389572143555,-11.753486633300781,-15.065986633300781,128
test,1,The curious [wugs],The curious [wug],-11.315862655639648,-14.378362655639648,-10.243837356567383,-14.056337356567383,-11.702580451965332,-14.140080451965332,-10.073732376098633,-13.386232376098633,128
test,0,The gentle [wug],The gentle [wugs],-14.257224082946777,-16.38222312927246,-13.498321533203125,-15.623321533203125,-14.901632308959961,-16.21413230895996,-13.56796646118164,-15.13046646118164,128
test,1,The gentle [wugs],The gentle [wug],-13.123908042907715,-14.748908042907715,-13.90852165222168,-15.59602165222168,-13.395464897155762,-14.582964897155762,-13.9098539352417,-15.0348539352417,128
test,0,The spotted [wug],The spotted [wugs],-14.360701560974121,-14.454451560974121,-11.039350509643555,-12.914350509643555,-13.554238319396973,-12.241738319396973,-11.330793380737305,-12.580793380737305,128
test,1,The spotted [wugs],The spotted [wug],-11.410229682922363,-13.597729682922363,-11.619744300842285,-13.619744300842285,-11.557943344116211,-12.745443344116211,-12.012529373168945,-13.012529373168945,128
test,0,The wary [wug],The wary [wugs],-14.993491172790527,-15.555991172790527,-13.113517761230469,-14.738517761230469,-15.810407638549805,-15.810407638549805,-13.758288383483887,-14.758288383483887,128
test,1,The wary [wugs],The wary [wug],-13.779317855834961,-16.84181785583496,-11.690653800964355,-14.940653800964355,-13.369919776916504,-16.244918823242188,-11.656387329101562,-14.468887329101562,128
test,0,The gentle [wug],The gentle [wugs],-14.132224082946777,-14.507224082946777,-13.060821533203125,-13.560821533203125,-15.339132308959961,-14.651632308959961,-13.56796646118164,-13.50546646118164,128
test,1,The gentle [wugs],The gentle [wug],-13.436408042907715,-17.3114070892334,-12.03352165222168,-16.72102165222168,-13.332964897155762,-16.582965850830078,-11.7848539352417,-15.6598539352417,128
test,0,The clever [wug],The clever [wugs],-14.242223739624023,-16.992223739624023,-12.721080780029297,-16.721080780029297,-15.257555961608887,-17.445056915283203,-13.530107498168945,-16.717607498168945,128
test,1,The clever [wugs],The clever [wug],-14.241652488708496,-18.022903442382812,-13.869590759277344,-17.557090759277344,-14.882518768310547,-17.132518768310547,-13.925814628601074,-16.48831558227539,128
test,0,The shy [wug],The shy [wugs],-12.276308059692383,-14.651308059692383,-10.501086235046387,-13.688586235046387,-13.263153076171875,-14.888153076171875,-11.251347541809082,-13.688847541809082,128
test,1,The shy [wugs],The shy [wug],-10.792886734008789,-13.417886734008789,-9.883517265319824,-13.696017265319824,-11.022622108459473,-12.960122108459473,-9.941132545471191,-13.066132545471191,128
test,0,The wary [wug],The wary [wugs],-11.555991172790527,-14.993491172790527,-10.613517761230469,-14.801017761230469,-12.435407638549805,-14.622907638549805,-11.133288383483887,-14.195788383483887,128
test,1,The wary [wugs],The wary [wug],-10.966817855834961,-15.279317855834961,-9.815653800964355,-15.065653800964355,-10.994919776916504,-14.557419776916504,-9.906387329101562,-14.343887329101562,128
test,0,The shy [wug],The shy [wugs],-13.276308059692383,-17.026308059692383,-12.251086235046387,-16.06358528137207,-14.263153076171875,-17.075653076171875,-12.813847541809082,-15.876347541809082,128
test,1,The shy [wugs],The shy [wug],-12.792886734008789,-14.542886734008789,-12.633517265319824,-14.821017265319824,-13.085122108459473,-14.335122108459473,-12.816132545471191,-14.503632545471191,128
test,0,The fierce [wug],The fierce [wugs],-15.430598258972168,-16.05559730529785,-14.4536714553833,-15.0786714553833,-16.022741317749023,-16.272741317749023,-14.794051170349121,-14.981551170349121,128
test,1,The fierce [wugs],The fierce [wug],-13.56789779663086,-16.44289779663086,-13.208455085754395,-16.927204132080078,-13.672895431518555,-15.797895431518555,-13.361993789672852,-16.29949378967285,128
test,0,The bold [wug],The bold [wugs],-13.994043350219727,-16.306543350219727,-13.227139472961426,-16.22713851928711,-14.18398380279541,-15.68398380279541,-13.543570518493652,-15.606070518493652,128
test,1,The bold [wugs],The bold [wug],-13.947397232055664,-16.072397232055664,-11.519457817077637,-15.269457817077637,-13.748597145080566,-15.061097145080566,-11.304932594299316,-14.304932594299316,128
test,0,The strange [wug],The strange [wugs],-15.454324722290039,-17.51682472229004,-13.27482795715332,-15.58732795715332,-15.467766761779785,-16.5927677154541,-13.764237403869629,-15.326737403869629,128
test,1,The strange [wugs],The strange [wug],-13.614387512207031,-17.80188751220703,-10.600715637207031,-15.538215637207031,-13.355976104736328,-16.418476104736328,-10.400920867919922,-14.338420867919922,128
test,0,The clumsy [wug],The clumsy [wugs],-17.998245239257812,-19.810745239257812,-15.267131805419922,-17.767131805419922,-18.611587524414062,-19.611587524414062,-15.498881340026855,-17.24888038635254,128
test,1,The clumsy [wugs],The clumsy [wug],-14.70731258392334,-19.051063537597656,-13.792256355285645,-18.511005401611328,-14.527437210083008,-18.339937210083008,-13.48135757446289,-17.73135757446289,128
test,0,The fierce [wug],The fierce [wugs],-11.993098258972168,-13.618098258972168,-10.8911714553833,-12.7036714553833,-12.58524227142334,-13.64774227142334,-11.231551170349121,-12.544051170349121,128
test,1,The fierce [wugs],The fierce [wug],-10.25539779663086,-13.31789779663086,-9.458455085754395,-12.958455085754395,-10.547895431518555,-12.797895431518555,-9.611993789672852,-12.549493789672852,128
test,0,The restless [wug],The restless [wugs],-16.478647232055664,-16.916147232055664,-14.437300682067871,-15.562300682067871,-17.211933135986328,-17.086933135986328,-14.975339889526367,-15.537839889526367,128
test,1,The restless [wugs],The restless [wug],-14.291597366333008,-17.979097366333008,-12.92599868774414,-17.05099868774414,-14.047469139099121,-17.109970092773438,-12.744477272033691,-16.244476318359375,128
test,0,The sturdy [wug],The sturdy [wugs],-5.378308296203613,-10.315808296203613,-6.834788799285889,-11.647289276123047,-6.1942644119262695,-8.63176441192627,-7.607076168060303,-10.169575691223145,128
test,1,The sturdy [wugs],The sturdy [wug],-5.871377944946289,-10.433877944946289,-5.017571926116943,-9.705071449279785,-5.544549942016602,-9.044549942016602,-5.345935821533203,-8.783435821533203,128
test,0,The bold [wug],The bold [wugs],-14.306543350219727,-14.806543350219727,-13.039639472961426,-13.602139472961426,-14.87148380279541,-15.24648380279541,-13.293570518493652,-13.668570518493652,128
test,1,The bold [wugs],The bold [wug],-14.009897232055664,-16.509897232055664,-12.894457817077637,-16.581958770751953,-14.248597145080566,-16.123598098754883,-12.929932594299316,-15.929932594299316,128
test,0,The graceful [wug],The graceful [wugs],-11.037178039550781,-13.412178039550781,-10.557832717895508,-13.870332717895508,-11.68896770477295,-13.00146770477295,-10.713020324707031,-13.213020324707031,128
test,1,The graceful [wugs],The graceful [wug],-10.642722129821777,-13.955222129821777,-9.986644744873047,-14.049144744873047,-11.069622993469238,-13.569622993469238,-10.498287200927734,-13.623287200927734,128
test,0,The tiny [wug],The tiny [wugs],-12.68729019165039,-15.74979019165039,-9.979650497436523,-14.604650497436523,-13.906254768371582,-15.531254768371582,-10.875439643859863,-14.625439643859863,128
test,1,The tiny [wugs],The tiny [wug],-10.587986946105957,-14.650486946105957,-10.035636901855469,-14.723136901855469,-10.537565231323242,-13.787565231323242,-10.164597511291504,-14.227097511291504,128
test,0,The restless [wug],The restless [wugs],-18.509897232055664,-20.541147232055664,-16.062301635742188,-18.687301635742188,-18.993183135986328,-20.336933135986328,-16.537839889526367,-18.319089889526367,128
test,1,The restless [wugs],The restless [wug],-16.604097366333008,-21.041597366333008,-14.05099868774414,-19.01974868774414,-16.422470092773438,-20.047470092773438,-14.056977272033691,-18.088226318359375,128
test,0,The clumsy [wug],The clumsy [wugs],-15.123245239257812,-16.498245239257812,-14.892131805419922,-16.454631805419922,-15.611586570739746,-16.611587524414062,-14.936381340026855,-16.18638038635254,128
test,1,The clumsy [wugs],The clumsy [wug],-14.51981258392334,-15.76981258392334,-13.542256355285645,-15.104756355285645,-14.152437210083008,-14.964937210083008,-13.23135757446289,-14.48135757446289,128
test,0,The restless [wug],The restless [wugs],-14.291147232055664,-17.353647232055664,-12.624800682067871,-16.249801635742188,-14.899433135986328,-17.086933135986328,-13.100339889526367,-15.850339889526367,128
test,1,The restless [wugs],The restless [wug],-16.104097366333008,-18.354097366333008,-13.98849868774414,-17.11349868774414,-16.047470092773438,-17.672470092773438,-14.181977272033691,-16.494476318359375,128
test,0,The round [wug],The round [wugs],-11.140340805053711,-12.702840805053711,-12.638842582702637,-14.326342582702637,-11.058579444885254,-12.246079444885254,-12.270905494689941,-14.083405494689941,128
test,1,The round [wugs],The round [wug],-12.837926864624023,-13.775426864624023,-12.256921768188477,-13.569421768188477,-12.573809623718262,-13.448809623718262,-12.273141860961914,-13.273141860961914,128
test,0,The sturdy [wug],The sturdy [wugs],-15.909558296203613,-17.06580924987793,-14.772289276123047,-17.209789276123047,-16.475515365600586,-16.788015365600586,-15.294575691223145,-16.73207664489746,128
test,1,The sturdy [wugs],The sturdy [wug],-12.058877944946289,-16.49637794494629,-12.267571449279785,-16.8925724029541,-11.669549942016602,-15.419549942016602,-12.470935821533203,-16.033435821533203,128
test,0,The round [wug],The round [wugs],-15.452840805053711,-16.20284080505371,-14.451342582702637,-14.701342582702637,-15.246079444885254,-15.433579444885254,-14.333405494689941,-14.395905494689941,128
test,1,The round [wugs],The round [wug],-14.337926864624023,-14.962926864624023,-12.881921768188477,-13.444421768188477,-14.073809623718262,-14.698809623718262,-12.835641860961914,-13.460641860961914,128
test,0,The wary [wug],The wary [wugs],-15.180991172790527,-16.49349021911621,-12.988517761230469,-14.551017761230469,-15.935407638549805,-16.497907638549805,-13.758288383483887,-14.445788383483887,128
test,1,The wary [wugs],The wary [wug],-14.404317855834961,-16.90431785583496,-11.878153800964355,-15.128153800964355,-13.869919776916504,-16.244918823242188,-11.718887329101562,-14.781387329101562,128
test,0,The bold [wug],The bold [wugs],-15.431543350219727,-16.556543350219727,-15.539639472961426,-17.16463851928711,-15.74648380279541,-16.371484756469727,-15.981070518493652,-16.981069564819336,128
test,1,The bold [wugs],The bold [wug],-15.197397232055664,-17.572397232055664,-14.019457817077637,-17.706958770751953,-15.123597145080566,-16.873598098754883,-13.992432594299316,-16.961181640625,128
test,0,The round [wug],The round [wugs],-12.015340805053711,-15.890340805053711,-14.138842582702637,-17.01384162902832,-12.683579444885254,-15.308579444885254,-14.333405494689941,-16.708406448364258,128
test,1,The round [wugs],The round [wug],-13.712926864624023,-18.712926864624023,-12.256921768188477,-16.944421768188477,-13.386309623718262,-17.573810577392578,-12.023141860961914,-15.835641860961914,128
test,0,The wary [wug],The wary [wugs],-12.118491172790527,-12.430991172790527,-11.801017761230469,-13.426017761230469,-13.372907638549805,-12.810407638549805,-12.945788383483887,-13.570788383483887,128
test,1,The wary [wugs],The wary [wug],-12.716817855834961,-15.904317855834961,-11.253153800964355,-16.06565284729004,-12.494919776916504,-15.244919776916504,-11.218887329101562,-15.218887329101562,128
test,0,The spotted [wug],The spotted [wugs],-14.485701560974121,-17.485702514648438,-10.601850509643555,-13.914350509643555,-15.335488319396973,-16.647987365722656,-11.268293380737305,-13.768293380737305,128
test,1,The spotted [wugs],The spotted [wug],-10.160229682922363,-14.285229682922363,-11.182244300842285,-14.932244300842285,-10.745443344116211,-13.432943344116211,-11.575029373168945,-14.262529373168945,128
test,0,The lively [wug],The lively [wugs],-12.531956672668457,-14.781956672668457,-12.075118064880371,-15.575118064880371,-13.529428482055664,-14.966928482055664,-12.649069786071777,-15.461569786071777,128
test,1,The lively [wugs],The lively [wug],-13.869885444641113,-16.057384490966797,-13.982776641845703,-15.607776641845703,-14.017498970031738,-15.204998970031738,-14.04293155670166,-14.85543155670166,128
test,0,The curious [wug],The curious [wugs],-12.665776252746582,-13.040776252746582,-9.839065551757812,-12.151565551757812,-13.016889572143555,-12.516889572143555,-10.315986633300781,-11.940986633300781,128
test,1,The curious [wugs],The curious [wug],-14.190862655639648,-17.37836265563965,-11.681337356567383,-13.993837356567383,-14.515080451965332,-16.57758140563965,-11.573732376098633,-13.073732376098633,128
test,0,The clumsy [wug],The clumsy [wugs],-5.560744762420654,-11.810745239257812,-5.642131328582764,-12.454631805419922,-6.549086570739746,-10.049086570739746,-6.248880863189697,-10.873881340026855,128
test,1,The clumsy [wugs],The clumsy [wug],-5.01981258392334,-10.01981258392334,-4.104755878448486,-8.979756355285645,-5.089937210083008,-8.839937210083008,-4.106357097625732,-7.981357097625732,128
test,0,The clumsy [wug],The clumsy [wugs],-12.248245239257812,-14.373245239257812,-11.954631805419922,-15.392131805419922,-12.986586570739746,-14.424086570739746,-12.373881340026855,-15.186381340026855,128
test,1,The clumsy [wugs],The clumsy [wug],-14.51981258392334,-16.207313537597656,-13.917256355285645,-15.479756355285645,-14.527437210083008,-15.339937210083008,-13.85635757446289,-14.73135757446289,128
test,0,The bold [wug],The bold [wugs],-15.619043350219727,-15.806543350219727,-15.664639472961426,-15.352139472961426,-15.93398380279541,-16.121484756469727,-15.793570518493652,-15.481070518493652,128
test,1,The bold [wugs],The bold [wug],-14.509897232055664,-15.884897232055664,-14.269457817077637,-15.769457817077637,-14.811097145080566,-15.936097145080566,-14.304932594299316,-15.554932594299316,128
test,0,The gentle [wug],The gentle [wugs],-16.81972312927246,-17.31972312927246,-15.123321533203125,-15.560821533203125,-17.65163230895996,-17.33913230895996,-15.31796646118164,-15.25546646118164,128
test,1,The gentle [wugs],The gentle [wug],-13.748908042907715,-16.7489070892334,-14.40852165222168,-18.06477165222168,-13.957964897155762,-16.082965850830078,-14.0973539352417,-17.003604888916016,128
test,0,The graceful [wug],The graceful [wugs],-14.099678039550781,-15.662178039550781,-14.807832717895508,-16.432832717895508,-14.81396770477295,-15.62646770477295,-15.150520324707031,-16.21302032470703,128
test,1,The graceful [wugs],The graceful [wug],-14.142722129821777,-15.017722129821777,-13.361644744873047,-14.736644744873047,-14.132122993469238,-14.569622993469238,-13.310787200927734,-14.310787200927734,128
test,0,The clever [wug],The clever [wugs],-11.429723739624023,-13.804723739624023,-10.158580780029297,-13.471080780029297,-12.257555961608887,-13.882555961608887,-10.967607498168945,-13.530107498168945,128
test,1,The clever [wugs],The clever [wug],-12.741652488708496,-16.991653442382812,-11.932090759277344,-16.057090759277344,-12.945018768310547,-15.757518768310547,-11.675814628601074,-14.675814628601074,128
test,0,The fierce [wug],The fierce [wugs],-11.930598258972168,-14.493098258972168,-11.3911714553833,-14.7661714553833,-12.83524227142334,-14.33524227142334,-11.919051170349121,-14.356551170349121,128
test,1,The fierce [wugs],The fierce [wug],-11.81789779663086,-16.06789779663086,-11.333455085754395,-16.208454132080078,-11.985395431518555,-14.985395431518555,-11.174493789672852,-15.049493789672852,128
test,0,The clumsy [wug],The clumsy [wugs],-14.498245239257812,-16.060745239257812,-14.642131805419922,-16.579631805419922,-14.924086570739746,-16.236587524414062,-14.623881340026855,-16.31138038635254,128
test,1,The clumsy [wugs],The clumsy [wug],-14.95731258392334,-15.70731258392334,-14.667256355285645,-15.979756355285645,-14.964937210083008,-15.152437210083008,-14.41885757446289,-15.23135757446289,128
test,0,The shy [wug],The shy [wugs],-15.088808059692383,-17.588808059692383,-12.938586235046387,-16.18858528137207,-15.763153076171875,-17.763153076171875,-13.376347541809082,-16.188846588134766,128
test,1,The shy [wugs],The shy [wug],-16.23038673400879,-16.85538673400879,-14.696017265319824,-15.946017265319824,-16.27262306213379,-16.39762306213379,-14.566132545471191,-15.191132545471191,128
test,0,The restless [wug],The restless [wugs],-15.853647232055664,-16.791147232055664,-13.687300682067871,-15.249800682067871,-16.461933135986328,-16.961933135986328,-14.037839889526367,-15.287839889526367,128
test,1,The restless [wugs],The restless [wug],-15.166597366333008,-18.354097366333008,-12.80099868774414,-16.30099868774414,-14.984969139099121,-17.484970092773438,-12.681977272033691,-15.556977272033691,128
test,0,The strange [wug],The strange [wugs],-13.891824722290039,-18.07932472229004,-12.83732795715332,-16.89982795715332,-13.655266761779785,-17.1552677154541,-13.201737403869629,-16.576736450195312,128
test,1,The strange [wugs],The strange [wug],-13.551887512207031,-16.05188751220703,-11.663215637207031,-15.100715637207031,-13.605976104736328,-15.043476104736328,-11.900920867919922,-14.338420867919922,128
test,0,The graceful [wug],The graceful [wugs],-12.412178039550781,-13.349678039550781,-12.995332717895508,-13.932832717895508,-13.18896770477295,-13.62646770477295,-13.150520324707031,-13.838020324707031,128
test,1,The graceful [wugs],The graceful [wug],-14.017722129821777,-14.517722129821777,-12.674144744873047,-13.549144744873047,-14.257122993469238,-14.944622993469238,-12.935787200927734,-13.748287200927734,128
test,0,The shy [wug],The shy [wugs],-4.963808059692383,-12.526308059692383,-4.251086235046387,-12.563586235046387,-5.950653553009033,-10.575653076171875,-5.001347541809082,-11.313847541809082,128
test,1,The shy [wugs],The shy [wug],-4.230386734008789,-8.355386734008789,-3.133517026901245,-8.883517265319824,-4.460122585296631,-7.335122585296631,-3.2536323070526123,-7.753632068634033,128
test,0,The spotted [wug],The spotted [wugs],-17.032577514648438,-17.188827514648438,-12.101850509643555,-11.789350509643555,-19.335487365722656,-17.741737365722656,-12.830793380737305,-12.143293380737305,128
test,1,The spotted [wugs],The spotted [wug],-11.722729682922363,-14.035229682922363,-11.369744300842285,-13.682244300842285,-11.620443344116211,-13.557943344116211,-11.137529373168945,-13.137529373168945,128
test,0,The shy [wug],The shy [wugs],-16.901308059692383,-17.776308059692383,-13.813586235046387,-14.938586235046387,-17.763153076171875,-18.013153076171875,-14.438847541809082,-14.938847541809082,128
test,1,The shy [wugs],The shy [wug],-15.605386734008789,-18.10538673400879,-13.508517265319824,-16.633516311645508,-15.460122108459473,-17.71012306213379,-13.191132545471191,-16.191131591796875,128
test,0,The restless [wug],The restless [wugs],-14.166147232055664,-17.041147232055664,-13.187300682067871,-16.499801635742188,-14.524433135986328,-16.899433135986328,-13.475339889526367,-16.162839889526367,128
test,1,The restless [wugs],The restless [wug],-13.791597366333008,-16.041597366333008,-12.05099868774414,-14.92599868774414,-13.859969139099121,-15.609969139099121,-12.181977272033691,-14.431977272033691,128
test,0,The bold [wug],The bold [wugs],-12.994043350219727,-14.556543350219727,-11.352139472961426,-15.289639472961426,-13.12148380279541,-14.43398380279541,-11.731070518493652,-15.043570518493652,128
test,1,The bold [wugs],The bold [wug],-13.509897232055664,-15.197397232055664,-12.456957817077637,-14.394457817077637,-13.311097145080566,-14.061097145080566,-12.617432594299316,-13.617432594299316,128
test,0,The shy [wug],The shy [wugs],-13.338808059692383,-16.213808059692383,-11.313586235046387,-14.813586235046387,-14.388153076171875,-16.388153076171875,-12.063847541809082,-14.751347541809082,128
test,1,The shy [wugs],The shy [wug],-13.542886734008789,-16.54288673400879,-11.821017265319824,-16.071016311645508,-13.522622108459473,-15.835122108459473,-11.753632545471191,-15.128632545471191,128
test,0,The tiny [wug],The tiny [wugs],-11.18729019165039,-14.18729019165039,-9.354650497436523,-13.729650497436523,-12.281254768371582,-14.093754768371582,-10.187939643859863,-13.687939643859863,128
test,1,The tiny [wugs],The tiny [wug],-11.837986946105957,-15.212986946105957,-10.473136901855469,-14.973136901855469,-11.975065231323242,-14.350065231323242,-10.477097511291504,-14.227097511291504,128
test,0,The wary [wug],The wary [wugs],-11.993491172790527,-15.493491172790527,-11.738517761230469,-16.42601776123047,-13.060407638549805,-15.560407638549805,-12.508288383483887,-16.258289337158203,128
test,1,The wary [wugs],The wary [wug],-13.404317855834961,-15.216817855834961,-13.190653800964355,-15.378153800964355,-13.182419776916504,-14.244919776916504,-13.531387329101562,-14.843887329101562,128
test,0,The gentle [wug],The gentle [wugs],-15.632224082946777,-17.69472312927246,-12.810821533203125,-15.310821533203125,-16.46413230895996,-17.27663230895996,-13.06796646118164,-14.75546646118164,128
test,1,The gentle [wugs],The gentle [wug],-12.436408042907715,-16.2489070892334,-10.97102165222168,-15.40852165222168,-12.582964897155762,-15.582964897155762,-10.8473539352417,-14.4723539352417,128
test,0,The shy [wug],The shy [wugs],-12.713808059692383,-15.838808059692383,-11.001086235046387,-14.563586235046387,-13.700653076171875,-15.763153076171875,-11.688847541809082,-14.376347541809082,128
test,1,The shy [wugs],The shy [wug],-10.542886734008789,-14.105386734008789,-10.071017265319824,-14.571017265319824,-11.147622108459473,-13.647622108459473,-10.253632545471191,-13.753632545471191,128
test,0,The gentle [wug],The gentle [wugs],-15.569724082946777,-17.88222312927246,-13.748321533203125,-16.435821533203125,-16.33913230895996,-17.58913230895996,-14.00546646118164,-15.94296646118164,128
test,1,The gentle [wugs],The gentle [wug],-14.123908042907715,-16.0614070892334,-13.22102165222168,-15.22102165222168,-14.207964897155762,-15.645464897155762,-13.0973539352417,-14.6598539352417,128
test,0,The fierce [wug],The fierce [wugs],-11.180598258972168,-14.055598258972168,-10.5786714553833,-14.0161714553833,-11.83524227142334,-13.52274227142334,-10.919051170349121,-13.419051170349121,128
test,1,The fierce [wugs],The fierce [wug],-9.50539779663086,-13.50539779663086,-9.145955085754395,-14.083455085754395,-9.672895431518555,-12.547895431518555,-9.174493789672852,-13.174493789672852,128
test,0,The clumsy [wug],The clumsy [wugs],-17.060745239257812,-17.935745239257812,-15.204631805419922,-16.892131805419922,-17.674087524414062,-18.049087524414062,-15.436381340026855,-16.56138038635254,128
test,1,The clumsy [wugs],The clumsy [wug],-15.58231258392334,-17.457313537597656,-14.792256355285645,-17.323505401611328,-15.527437210083008,-16.964937210083008,-14.73135757446289,-16.66885757446289,128
test,0,The wary [wug],The wary [wugs],-12.305991172790527,-17.08724021911621,-10.676017761230469,-16.30101776123047,-12.747907638549805,-16.247907638549805,-11.320788383483887,-15.883288383483887,128
test,1,The wary [wugs],The wary [wug],-12.529317855834961,-15.904317855834961,-11.065653800964355,-15.190653800964355,-12.682419776916504,-15.182419776916504,-11.218887329101562,-14.531387329101562,128
test,0,The wary [wug],The wary [wugs],-12.430991172790527,-16.68099021911621,-11.238517761230469,-16.17601776123047,-13.122907638549805,-16.247907638549805,-11.883288383483887,-15.758288383483887,128
test,1,The wary [wugs],The wary [wug],-12.216817855834961,-15.779317855834961,-11.503153800964355,-15.628153800964355,-12.119919776916504,-14.807419776916504,-11.468887329101562,-14.843887329101562,128
test,0,The graceful [wug],The graceful [wugs],-12.037178039550781,-14.162178039550781,-12.182832717895508,-15.682832717895508,-13.06396770477295,-14.25146770477295,-12.650520324707031,-15.463020324707031,128
test,1,The graceful [wugs],The graceful [wug],-11.705222129821777,-13.830222129821777,-12.486644744873047,-14.236644744873047,-11.757122993469238,-13.132122993469238,-12.623287200927734,-13.560787200927734,128
test,0,The fierce [wug],The fierce [wugs],-12.868098258972168,-15.305598258972168,-12.0161714553833,-15.0786714553833,-13.71024227142334,-15.46024227142334,-12.544051170349121,-14.919051170349121,128
test,1,The fierce [wugs],The fierce [wug],-14.13039779663086,-15.94289779663086,-13.895955085754395,-15.833455085754395,-14.297895431518555,-15.047895431518555,-13.799493789672852,-14.924493789672852,128
test,0,The lively [wug],The lively [wugs],-12.969456672668457,-15.281956672668457,-12.637618064880371,-15.450118064880371,-13.591928482055664,-15.466928482055664,-13.024069786071777,-15.274069786071777,128
test,1,The lively [wugs],The lively [wug],-12.182385444641113,-13.994885444641113,-11.982776641845703,-14.482776641845703,-12.767498970031738,-13.954998970031738,-12.16793155670166,-14.10543155670166,128
test,0,The wary [wug],The wary [wugs],-13.680991172790527,-16.61849021911621,-12.613517761230469,-15.863517761230469,-14.310407638549805,-16.560407638549805,-13.008288383483887,-15.508288383483887,128
test,1,The wary [wugs],The wary [wug],-14.279317855834961,-15.841817855834961,-12.753153800964355,-14.565653800964355,-14.182419776916504,-15.494919776916504,-13.031387329101562,-14.343887329101562,128
test,0,The round [wug],The round [wugs],-10.827840805053711,-14.390340805053711,-12.013842582702637,-16.13884162902832,-11.496079444885254,-13.933579444885254,-12.395905494689941,-15.958405494689941,128
test,1,The round [wugs],The round [wug],-12.400426864624023,-15.400426864624023,-11.631921768188477,-14.881921768188477,-12.511309623718262,-14.886309623718262,-11.960641860961914,-14.460641860961914,128
test,0,The strange [wug],The strange [wugs],-14.516824722290039,-15.579324722290039,-13.27482795715332,-14.52482795715332,-14.467766761779785,-15.342766761779785,-13.576737403869629,-14.764237403869629,128
test,1,The strange [wugs],The strange [wug],-14.301887512207031,-16.98938751220703,-11.663215637207031,-15.288215637207031,-14.105976104736328,-15.918476104736328,-11.775920867919922,-14.400920867919922,128
test,0,The strange [wug],The strange [wugs],-15.016824722290039,-17.57932472229004,-13.58732795715332,-16.33732795715332,-15.217766761779785,-17.2802677154541,-14.014237403869629,-16.076736450195312,128
test,1,The strange [wugs],The strange [wug],-16.30188751220703,-18.17688751220703,-13.725715637207031,-16.41321563720703,-16.355976104736328,-17.418476104736328,-13.963420867919922,-15.650920867919922,128
test,0,The gentle [wug],The gentle [wugs],-15.632224082946777,-17.63222312927246,-14.873321533203125,-16.435821533203125,-16.46413230895996,-17.96413230895996,-14.94296646118164,-16.25546646118164,128
test,1,The gentle [wugs],The gentle [wug],-14.936408042907715,-15.498908042907715,-15.40852165222168,-15.40852165222168,-15.020464897155762,-14.957964897155762,-15.2848539352417,-14.7223539352417,128
test,0,The curious [wug],The curious [wugs],-14.790776252746582,-18.103275299072266,-12.526565551757812,-15.839065551757812,-15.391889572143555,-17.516889572143555,-13.315986633300781,-15.815986633300781,128
test,1,The curious [wugs],The curious [wug],-16.06586265563965,-20.65961265563965,-11.743837356567383,-16.618837356567383,-15.890080451965332,-19.48383140563965,-11.448732376098633,-15.511232376098633,128
test,0,The wary [wug],The wary [wugs],-11.805991172790527,-15.993491172790527,-10.738517761230469,-15.426017761230469,-12.560407638549805,-15.497907638549805,-11.508288383483887,-15.008288383483887,128
test,1,The wary [wugs],The wary [wug],-14.654317855834961,-15.279317855834961,-12.190653800964355,-14.190653800964355,-13.682419776916504,-13.994919776916504,-12.031387329101562,-13.531387329101562,128
test,0,The gentle [wug],The gentle [wugs],-17.88222312927246,-19.69472312927246,-16.873321533203125,-19.185821533203125,-18.87038230895996,-19.40163230895996,-17.25546646118164,-18.66171646118164,128
test,1,The gentle [wugs],The gentle [wug],-15.748908042907715,-19.7489070892334,-14.97102165222168,-19.43977165222168,-15.895464897155762,-18.989215850830078,-14.9098539352417,-18.409854888916016,128
test,0,The wary [wug],The wary [wugs],-12.930991172790527,-15.118491172790527,-11.863517761230469,-14.676017761230469,-13.872907638549805,-15.060407638549805,-12.445788383483887,-14.320788383483887,128
test,1,The wary [wugs],The wary [wug],-12.341817855834961,-14.966817855834961,-10.253153800964355,-14.065653800964355,-12.244919776916504,-14.557419776916504,-10.343887329101562,-13.656387329101562,128
test,0,The shy [wug],The shy [wugs],-15.776308059692383,-17.682558059692383,-13.001086235046387,-15.376086235046387,-16.888153076171875,-18.263153076171875,-13.813847541809082,-15.626347541809082,128
test,1,The shy [wugs],The shy [wug],-13.667886734008789,-15.855386734008789,-13.133517265319824,-16.008516311645508,-13.460122108459473,-15.210122108459473,-12.753632545471191,-15.253632545471191,128
test,0,The curious [wug],The curious [wugs],-17.572025299072266,-17.822025299072266,-15.839065551757812,-16.401565551757812,-18.016889572143555,-17.704389572143555,-16.19098663330078,-16.31598663330078,128
test,1,The curious [wugs],The curious [wug],-17.69086265563965,-19.94086265563965,-14.431337356567383,-17.025087356567383,-16.89008140563965,-19.54633140563965,-14.011232376098633,-16.636232376098633,128
test,0,The sturdy [wug],The sturdy [wugs],-11.190808296203613,-14.128308296203613,-11.897289276123047,-13.959789276123047,-11.63176441192627,-13.88176441192627,-12.357075691223145,-13.669575691223145,128
test,1,The sturdy [wugs],The sturdy [wug],-12.746377944946289,-14.871377944946289,-11.892571449279785,-14.580071449279785,-12.669549942016602,-14.294549942016602,-12.158435821533203,-14.158435821533203,128
test,0,The tiny [wug],The tiny [wugs],-12.49979019165039,-15.12479019165039,-10.604650497436523,-13.667150497436523,-13.531254768371582,-15.156254768371582,-11.437939643859863,-13.687939643859863,128
test,1,The tiny [wugs],The tiny [wug],-14.337986946105957,-16.65048599243164,-11.660636901855469,-14.473136901855469,-14.537565231323242,-16.100065231323242,-11.914597511291504,-14.039597511291504,128
test,0,The wary [wug],The wary [wugs],-15.118491172790527,-17.89974021911621,-12.863517761230469,-16.48851776123047,-15.872907638549805,-17.310407638549805,-13.570788383483887,-16.008289337158203,128
test,1,The wary [wugs],The wary [wug],-14.279317855834961,-18.46681785583496,-11.378153800964355,-16.94065284729004,-13.994919776916504,-17.744918823242188,-11.406387329101562,-16.437637329101562,128
test,0,The strange [wug],The strange [wugs],-16.95432472229004,-17.70432472229004,-15.33732795715332,-16.64982795715332,-16.7802677154541,-17.3427677154541,-15.764237403869629,-16.639236450195312,128
test,1,The strange [wugs],The strange [wug],-13.739387512207031,-16.86438751220703,-13.038215637207031,-16.66321563720703,-13.543476104736328,-15.918476104736328,-13.088420867919922,-15.775920867919922,128
test,0,The clumsy [wug],The clumsy [wugs],-11.748245239257812,-15.935745239257812,-11.454631805419922,-16.079631805419922,-12.674086570739746,-15.611586570739746,-11.873881340026855,-15.311381340026855,128
test,1,The clumsy [wugs],The clumsy [wug],-11.45731258392334,-16.207313537597656,-10.917256355285645,-15.667256355285645,-11.339937210083008,-15.214937210083008,-10.73135757446289,-14.73135757446289,128
test,0,The strange [wug],The strange [wugs],-14.829324722290039,-16.76682472229004,-13.02482795715332,-15.39982795715332,-14.405266761779785,-16.0302677154541,-13.389237403869629,-15.389237403869629,128
test,1,The strange [wugs],The strange [wug],-14.426887512207031,-16.23938751220703,-12.663215637207031,-14.600715637207031,-14.230976104736328,-15.605976104736328,-12.838420867919922,-14.400920867919922,128
test,0,The tiny [wug],The tiny [wugs],-17.06229019165039,-19.78104019165039,-13.917150497436523,-17.510900497436523,-18.156253814697266,-19.406253814697266,-14.687939643859863,-17.37544059753418,128
test,1,The tiny [wugs],The tiny [wug],-14.337986946105957,-18.77548599243164,-13.160636901855469,-18.59813690185547,-14.162565231323242,-17.850065231323242,-13.102097511291504,-18.10209846496582,128
test,0,The tiny [wug],The tiny [wugs],-14.31229019165039,-16.68729019165039,-11.979650497436523,-15.729650497436523,-15.343754768371582,-16.718753814697266,-12.812939643859863,-15.687939643859863,128
test,1,The tiny [wugs],The tiny [wug],-12.150486946105957,-15.837986946105957,-11.598136901855469,-16.09813690185547,-12.225065231323242,-15.037565231323242,-11.727097511291504,-15.414597511291504,128
test,0,The clever [wug],The clever [wugs],-11.804723739624023,-16.429723739624023,-12.408580780029297,-16.033580780029297,-13.320055961608887,-17.007556915283203,-13.280107498168945,-16.092607498168945,128
test,1,The clever [wugs],The clever [wug],-15.804152488708496,-17.741653442382812,-13.807090759277344,-16.807090759277344,-16.070018768310547,-17.382518768310547,-13.863314628601074,-16.05081558227539,128
test,0,The shy [wug],The shy [wugs],-14.713808059692383,-18.026308059692383,-12.063586235046387,-16.37608528137207,-15.638153076171875,-17.825653076171875,-12.813847541809082,-16.126346588134766,128
test,1,The shy [wugs],The shy [wug],-15.230386734008789,-17.44913673400879,-14.383517265319824,-17.758516311645508,-15.522622108459473,-16.89762306213379,-14.378632545471191,-16.909881591796875,128
test,0,The restless [wug],The restless [wugs],-13.228647232055664,-17.791147232055664,-12.374800682067871,-17.374801635742188,-13.774433135986328,-17.336933135986328,-12.912839889526367,-16.787839889526367,128
test,1,The restless [wugs],The restless [wug],-13.791597366333008,-16.229097366333008,-12.48849868774414,-15.48849868774414,-13.984969139099121,-15.422469139099121,-12.681977272033691,-14.619477272033691,128
test,0,The curious [wug],The curious [wugs],-13.603276252746582,-15.665776252746582,-12.526565551757812,-15.401565551757812,-14.141889572143555,-15.329389572143555,-13.128486633300781,-15.253486633300781,128
test,1,The curious [wugs],The curious [wug],-12.003362655639648,-16.06586265563965,-10.931337356567383,-14.993837356567383,-12.265080451965332,-15.577580451965332,-11.136232376098633,-14.386232376098633,128
test,0,The restless [wug],The restless [wugs],-12.603647232055664,-15.978647232055664,-12.499800682067871,-15.874800682067871,-13.274433135986328,-16.086933135986328,-13.037839889526367,-15.850339889526367,128
test,1,The restless [wugs],The restless [wug],-15.291597366333008,-17.104097366333008,-13.61349868774414,-15.55099868774414,-15.172469139099121,-16.109970092773438,-13.806977272033691,-14.931977272033691,128
test,0,The gentle [wug],The gentle [wugs],-16.25722312927246,-17.38222312927246,-15.998321533203125,-17.310821533203125,-17.21413230895996,-17.27663230895996,-16.25546646118164,-17.06796646118164,128
test,1,The gentle [wugs],The gentle [wug],-14.936408042907715,-17.4989070892334,-14.97102165222168,-18.40852165222168,-15.082964897155762,-16.707965850830078,-14.8473539352417,-17.441104888916016,128
test,0,The graceful [wug],The graceful [wugs],-8.974678039550781,-13.599678039550781,-10.182832717895508,-14.932832717895508,-9.81396770477295,-12.56396770477295,-10.775520324707031,-14.275520324707031,128
test,1,The graceful [wugs],The graceful [wug],-9.017722129821777,-14.080222129821777,-9.424144744873047,-14.424144744873047,-9.382122993469238,-13.382122993469238,-9.498287200927734,-13.685787200927734,128
test,0,The graceful [wug],The graceful [wugs],-12.974678039550781,-14.162178039550781,-13.995332717895508,-15.870332717895508,-14.25146770477295,-14.50146770477295,-14.650520324707031,-15.775520324707031,128
test,1,The graceful [wugs],The graceful [wug],-17.14272117614746,-18.54897117614746,-14.924144744873047,-17.111644744873047,-17.132123947143555,-17.944623947143555,-14.998287200927734,-16.435787200927734,128
test,0,The clumsy [wug],The clumsy [wugs],-12.623245239257812,-16.560745239257812,-12.517131805419922,-16.829631805419922,-13.174086570739746,-16.236587524414062,-12.998881340026855,-16.43638038635254,128
test,1,The clumsy [wugs],The clumsy [wug],-13.64481258392334,-15.95731258392334,-13.354756355285645,-15.792256355285645,-13.464937210083008,-15.027437210083008,-13.29385757446289,-14.85635757446289,128
test,0,The spotted [wug],The spotted [wugs],-16.548202514648438,-23.985702514648438,-12.726850509643555,-15.601850509643555,-19.382362365722656,-25.351112365722656,-13.955793380737305,-15.830793380737305,128
test,1,The spotted [wugs],The spotted [wug],-13.097729682922363,-15.535229682922363,-13.494744300842285,-15.932244300842285,-13.307943344116211,-14.995443344116211,-13.512529373168945,-15.325029373168945,128
test,0,The tiny [wug],The tiny [wugs],-12.81229019165039,-15.81229019165039,-11.417150497436523,-14.917150497436523,-13.343754768371582,-15.593754768371582,-12.000439643859863,-14.750439643859863,128
test,1,The tiny [wugs],The tiny [wug],-12.337986946105957,-14.400486946105957,-12.035636901855469,-14.223136901855469,-12.350065231323242,-13.787565231323242,-12.039597511291504,-13.789597511291504,128
test,0,The shy [wug],The shy [wugs],-14.838808059692383,-15.776308059692383,-12.438586235046387,-14.001086235046387,-16.075653076171875,-16.263153076171875,-13.251347541809082,-14.001347541809082,128
test,1,The shy [wugs],The shy [wug],-13.980386734008789,-16.98038673400879,-12.571017265319824,-16.571016311645508,-13.897622108459473,-16.33512306213379,-12.316132545471191,-15.753632545471191,128
test,0,The strange [wug],The strange [wugs],-14.641824722290039,-18.45432472229004,-12.96232795715332,-17.27482795715332,-14.530266761779785,-17.5302677154541,-13.389237403869629,-16.889236450195312,128
test,1,The strange [wugs],The strange [wug],-14.739387512207031,-16.42688751220703,-12.600715637207031,-15.100715637207031,-14.855976104736328,-15.480976104736328,-12.963420867919922,-14.213420867919922,128
test,0,The fierce [wug],The fierce [wugs],-14.243098258972168,-14.493098258972168,-13.8911714553833,-14.3286714553833,-15.27274227142334,-14.83524227142334,-14.544051170349121,-14.356551170349121,128
test,1,The fierce [wugs],The fierce [wug],-13.19289779663086,-16.94289779663086,-12.458455085754395,-16.770954132080078,-13.172895431518555,-16.422895431518555,-12.361993789672852,-16.17449378967285,128
test,0,The wary [wug],The wary [wugs],-10.243491172790527,-15.680991172790527,-11.551017761230469,-15.363517761230469,-11.497907638549805,-15.747907638549805,-12.383288383483887,-15.383288383483887,128
test,1,The wary [wugs],The wary [wug],-13.779317855834961,-15.466817855834961,-12.753153800964355,-16.06565284729004,-13.557419776916504,-14.932419776916504,-12.781387329101562,-15.343887329101562,128
test,0,The fierce [wug],The fierce [wugs],-11.930598258972168,-15.805598258972168,-11.2036714553833,-15.6411714553833,-12.46024227142334,-15.21024227142334,-11.481551170349121,-14.981551170349121,128
test,1,The fierce [wugs],The fierce [wug],-11.81789779663086,-15.00539779663086,-11.395955085754395,-15.458455085754395,-12.360395431518555,-14.360395431518555,-11.674493789672852,-14.736993789672852,128
test,0,The bold [wug],The bold [wugs],-14.619043350219727,-16.494043350219727,-12.602139472961426,-16.16463851928711,-14.80898380279541,-15.93398380279541,-13.043570518493652,-15.793570518493652,128
test,1,The bold [wugs],The bold [wug],-15.634897232055664,-16.259897232055664,-14.019457817077637,-15.456957817077637,-15.061097145080566,-15.311097145080566,-13.679932594299316,-14.679932594299316,128
test,0,The gentle [wug],The gentle [wugs],-13.632224082946777,-18.38222312927246,-12.248321533203125,-17.310821533203125,-14.526632308959961,-17.58913230895996,-12.69296646118164,-16.69296646118164,128
test,1,The gentle [wugs],The gentle [wug],-12.686408042907715,-15.498908042907715,-12.90852165222168,-15.78352165222168,-12.895464897155762,-14.770464897155762,-12.9098539352417,-14.8473539352417,128
test,0,The strange [wug],The strange [wugs],-13.829324722290039,-13.954324722290039,-12.71232795715332,-13.77482795715332,-13.780266761779785,-13.842766761779785,-12.951737403869629,-13.764237403869629,128
test,1,The strange [wugs],The strange [wug],-15.301887512207031,-15.989387512207031,-13.225715637207031,-14.225715637207031,-14.793476104736328,-15.230976104736328,-13.088420867919922,-13.713420867919922,128
test,0,The bold [wug],The bold [wugs],-12.431543350219727,-13.056543350219727,-12.227139472961426,-13.352139472961426,-12.74648380279541,-12.99648380279541,-12.606070518493652,-13.231070518493652,128
test,1,The bold [wugs],The bold [wug],-12.447397232055664,-15.759897232055664,-11.206957817077637,-15.644457817077637,-12.311097145080566,-14.936097145080566,-10.992432594299316,-14.742432594299316,128
test,0,The bold [wug],The bold [wugs],-11.494043350219727,-13.244043350219727,-11.789639472961426,-14.227139472961426,-11.80898380279541,-13.24648380279541,-11.981070518493652,-13.918570518493652,128
test,1,The bold [wugs],The bold [wug],-12.697397232055664,-15.197397232055664,-11.269457817077637,-13.644457817077637,-12.748597145080566,-14.561097145080566,-11.492432594299316,-13.054932594299316,128
test,0,The wary [wug],The wary [wugs],-11.180991172790527,-14.430991172790527,-11.738517761230469,-15.238517761230469,-12.122907638549805,-14.372907638549805,-12.133288383483887,-14.758288383483887,128
test,1,The wary [wugs],The wary [wug],-13.466817855834961,-15.091817855834961,-12.128153800964355,-14.628153800964355,-13.369919776916504,-14.494919776916504,-12.468887329101562,-14.093887329101562,128
test,0,The gentle [wug],The gentle [wugs],-12.257224082946777,-14.257224082946777,-12.310821533203125,-14.623321533203125,-13.464132308959961,-14.651632308959961,-12.50546646118164,-14.31796646118164,128
test,1,The gentle [wugs],The gentle [wug],-11.623908042907715,-13.686408042907715,-12.72102165222168,-14.65852165222168,-11.895464897155762,-13.270464897155762,-12.7223539352417,-13.8473539352417,128
test,0,The graceful [wug],The graceful [wugs],-15.349678039550781,-16.72467803955078,-15.745332717895508,-16.432832717895508,-16.251468658447266,-16.751468658447266,-16.08802032470703,-16.33802032470703,128
test,1,The graceful [wugs],The graceful [wug],-15.517722129821777,-16.26772117614746,-14.799144744873047,-15.674144744873047,-15.569622993469238,-16.257123947143555,-14.935787200927734,-15.435787200927734,128
test,0,The shy [wug],The shy [wugs],-13.588808059692383,-16.838808059692383,-11.376086235046387,-14.938586235046387,-14.700653076171875,-16.950653076171875,-12.188847541809082,-14.688847541809082,128
test,1,The shy [wugs],The shy [wug],-12.605386734008789,-17.48038673400879,-11.196017265319824,-17.446016311645508,-12.897622108459473,-16.52262306213379,-11.316132545471191,-16.378631591796875,128
test,0,The tiny [wug],The tiny [wugs],-17.81229019165039,-18.56229019165039,-14.354650497436523,-16.292150497436523,-18.843753814697266,-18.781253814697266,-15.187939643859863,-16.50044059753418,128
test,1,The tiny [wugs],The tiny [wug],-14.400486946105957,-16.77548599243164,-13.473136901855469,-16.72313690185547,-14.037565231323242,-16.100065231323242,-13.352097511291504,-16.28959846496582,128
test,0,The curious [wug],The curious [wugs],-11.915776252746582,-16.290775299072266,-11.214065551757812,-15.964065551757812,-12.204389572143555,-15.579389572143555,-11.690986633300781,-15.628486633300781,128
test,1,The curious [wugs],The curious [wug],-13.378362655639648,-16.50336265563965,-11.993837356567383,-15.431337356567383,-13.765080451965332,-16.01508140563965,-12.011232376098633,-14.698732376098633,128
test,0,The shy [wug],The shy [wugs],-15.088808059692383,-17.088808059692383,-12.626086235046387,-14.938586235046387,-15.950653076171875,-17.388153076171875,-13.376347541809082,-15.001347541809082,128
test,1,The shy [wugs],The shy [wug],-14.417886734008789,-16.91788673400879,-12.258517265319824,-15.821017265319824,-14.460122108459473,-16.33512306213379,-12.128632545471191,-15.003632545471191,128
test,0,The spotted [wug],The spotted [wugs],-15.110701560974121,-17.946640014648438,-11.726850509643555,-12.601850509643555,-15.429238319396973,-16.679237365722656,-12.205793380737305,-12.393293380737305,128
test,1,The spotted [wugs],The spotted [wug],-11.535229682922363,-14.222729682922363,-11.619744300842285,-14.432244300842285,-11.682943344116211,-13.557943344116211,-11.825029373168945,-13.825029373168945,128
test,0,The fierce [wug],The fierce [wugs],-14.743098258972168,-17.18059730529785,-13.7036714553833,-16.641172409057617,-15.39774227142334,-16.647741317749023,-14.106551170349121,-16.044052124023438,128
test,1,The fierce [wugs],The fierce [wug],-12.88039779663086,-17.00539779663086,-11.833455085754395,-16.833454132080078,-13.172895431518555,-16.360395431518555,-11.986993789672852,-16.29949378967285,128
test,0,The clumsy [wug],The clumsy [wugs],-14.623245239257812,-16.935745239257812,-13.267131805419922,-15.579631805419922,-15.361586570739746,-16.799087524414062,-13.811381340026855,-15.248881340026855,128
test,1,The clumsy [wugs],The clumsy [wug],-12.51981258392334,-17.988563537597656,-12.042256355285645,-17.729755401611328,-12.527437210083008,-17.027437210083008,-11.85635757446289,-16.60635757446289,128
test,0,The tiny [wug],The tiny [wugs],-13.87479019165039,-15.93729019165039,-12.354650497436523,-15.917150497436523,-15.031254768371582,-16.281253814697266,-13.125439643859863,-16.06294059753418,128
test,1,The tiny [wugs],The tiny [wug],-13.462986946105957,-15.837986946105957,-13.098136901855469,-15.910636901855469,-13.600065231323242,-15.162565231323242,-13.414597511291504,-15.477097511291504,128
test,0,The restless [wug],The restless [wugs],-14.916147232055664,-15.478647232055664,-13.687300682067871,-14.749800682067871,-15.711933135986328,-15.711933135986328,-14.475339889526367,-14.912839889526367,128
test,1,The restless [wugs],The restless [wug],-13.854097366333008,-17.791597366333008,-12.05099868774414,-16.61349868774414,-13.609969139099121,-17.109970092773438,-11.994477272033691,-15.994477272033691,128
test,0,The restless [wug],The restless [wugs],-11.416147232055664,-13.791147232055664,-11.812300682067871,-14.437300682067871,-11.836933135986328,-13.836933135986328,-12.037839889526367,-14.162839889526367,128
test,1,The restless [wugs],The restless [wug],-12.354097366333008,-14.604097366333008,-11.55099868774414,-13.73849868774414,-12.172469139099121,-13.797469139099121,-11.806977272033691,-13.119477272033691,128
test,0,The sturdy [wug],The sturdy [wugs],-12.378308296203613,-14.565808296203613,-11.147289276123047,-14.584789276123047,-12.94426441192627,-13.75676441192627,-11.794575691223145,-14.107075691223145,128
test,1,The sturdy [wugs],The sturdy [wug],-9.683877944946289,-13.433877944946289,-9.267571449279785,-13.517571449279785,-9.169549942016602,-12.169549942016602,-9.470935821533203,-12.783435821533203,128
test,0,The clumsy [wug],The clumsy [wugs],-13.998245239257812,-18.341995239257812,-12.579631805419922,-16.892131805419922,-14.674086570739746,-17.924087524414062,-12.748881340026855,-16.24888038635254,128
test,1,The clumsy [wugs],The clumsy [wug],-13.58231258392334,-16.394813537597656,-12.104756355285645,-15.104756355285645,-13.339937210083008,-15.464937210083008,-11.85635757446289,-14.10635757446289,128
test,0,The gentle [wug],The gentle [wugs],-14.194724082946777,-14.819724082946777,-13.060821533203125,-13.935821533203125,-15.589132308959961,-15.276632308959961,-13.44296646118164,-13.69296646118164,128
test,1,The gentle [wugs],The gentle [wug],-12.936408042907715,-16.1239070892334,-12.84602165222168,-16.28352165222168,-13.082964897155762,-15.582964897155762,-12.4098539352417,-15.2223539352417,128
test,0,The wary [wug],The wary [wugs],-12.805991172790527,-15.368491172790527,-12.863517761230469,-15.676017761230469,-13.435407638549805,-15.435407638549805,-13.383288383483887,-15.570788383483887,128
test,1,The wary [wugs],The wary [wug],-14.154317855834961,-14.529317855834961,-13.190653800964355,-14.690653800964355,-13.932419776916504,-14.057419776916504,-13.218887329101562,-14.281387329101562,128
test,0,The sturdy [wug],The sturdy [wugs],-9.815808296203613,-14.190808296203613,-11.084789276123047,-15.584789276123047,-10.69426441192627,-13.44426441192627,-11.669575691223145,-14.919575691223145,128
test,1,The sturdy [wugs],The sturdy [wug],-12.621377944946289,-14.996377944946289,-11.642571449279785,-14.455071449279785,-12.169549942016602,-13.732049942016602,-11.595935821533203,-13.470935821533203,128
test,0,The spotted [wug],The spotted [wugs],-18.134140014648438,-19.777694702148438,-12.601850509643555,-14.289350509643555,-18.835487365722656,-19.882362365722656,-13.205793380737305,-14.393293380737305,128
test,1,The spotted [wugs],The spotted [wug],-12.597729682922363,-14.535229682922363,-13.057244300842285,-14.744744300842285,-12.870443344116211,-14.245443344116211,-13.450029373168945,-14.637529373168945,128
test,0,The tiny [wug],The tiny [wugs],-15.24979019165039,-16.74979019165039,-13.729650497436523,-15.792150497436523,-16.093753814697266,-16.843753814697266,-14.250439643859863,-15.875439643859863,128
test,1,The tiny [wugs],The tiny [wug],-14.337986946105957,-15.212986946105957,-14.535636901855469,-16.53563690185547,-14.162565231323242,-14.787565231323242,-14.477097511291504,-16.03959846496582,128
test,0,The lively [wug],The lively [wugs],-15.219456672668457,-16.34445571899414,-12.700118064880371,-15.637618064880371,-15.966928482055664,-16.279428482055664,-13.149069786071777,-15.399069786071777,128
test,1,The lively [wugs],The lively [wug],-11.932385444641113,-16.244884490966797,-11.232776641845703,-15.545276641845703,-12.142498970031738,-15.767498970031738,-11.23043155670166,-14.85543155670166,128
test,0,The curious [wug],The curious [wugs],-14.790776252746582,-16.540775299072266,-13.276565551757812,-15.776565551757812,-15.016889572143555,-16.204389572143555,-13.440986633300781,-15.565986633300781,128
test,1,The curious [wugs],The curious [wug],-15.315862655639648,-16.94086265563965,-13.618837356567383,-15.243837356567383,-15.327580451965332,-16.76508140563965,-13.761232376098633,-14.948732376098633,128
test,0,The wary [wug],The wary [wugs],-14.305991172790527,-16.68099021911621,-13.301017761230469,-15.863517761230469,-15.247907638549805,-16.872907638549805,-13.695788383483887,-15.508288383483887,128
test,1,The wary [wugs],The wary [wug],-14.529317855834961,-16.77931785583496,-12.815653800964355,-15.753153800964355,-14.619919776916504,-16.369918823242188,-13.343887329101562,-15.406387329101562,128
test,0,The tiny [wug],The tiny [wugs],-13.18729019165039,-17.74979019165039,-11.417150497436523,-16.667150497436523,-13.968754768371582,-17.156253814697266,-12.000439643859863,-16.31294059753418,128
test,1,The tiny [wugs],The tiny [wug],-12.587986946105957,-15.962986946105957,-11.660636901855469,-16.03563690185547,-12.787565231323242,-15.225065231323242,-11.789597511291504,-15.539597511291504,128
test,0,The bold [wug],The bold [wugs],-13.369043350219727,-14.056543350219727,-11.977139472961426,-12.539639472961426,-13.87148380279541,-14.30898380279541,-12.168570518493652,-12.606070518493652,128
test,1,The bold [wugs],The bold [wug],-14.634897232055664,-15.759897232055664,-12.269457817077637,-13.706957817077637,-14.561097145080566,-15.498597145080566,-12.304932594299316,-13.554932594299316,128
test,0,The round [wug],The round [wugs],-11.890340805053711,-14.515340805053711,-12.201342582702637,-15.076342582702637,-12.183579444885254,-13.558579444885254,-12.333405494689941,-14.708405494689941,128
test,1,The round [wugs],The round [wug],-11.400426864624023,-15.087926864624023,-11.256921768188477,-15.256921768188477,-11.073809623718262,-14.261309623718262,-11.210641860961914,-14.523141860961914,128
test,0,The fierce [wug],The fierce [wugs],-14.180598258972168,-15.680598258972168,-13.8286714553833,-15.5161714553833,-14.77274227142334,-15.77274227142334,-14.231551170349121,-15.356551170349121,128
test,1,The fierce [wugs],The fierce [wug],-15.00539779663086,-17.03664779663086,-14.395955085754395,-16.020954132080078,-15.172895431518555,-16.485395431518555,-14.611993789672852,-15.611993789672852,128
test,0,The shy [wug],The shy [wugs],-11.213808059692383,-12.276308059692383,-10.251086235046387,-11.688586235046387,-12.263153076171875,-12.700653076171875,-10.938847541809082,-11.751347541809082,128
test,1,The shy [wugs],The shy [wug],-10.292886734008789,-14.480386734008789,-8.383517265319824,-14.446017265319824,-10.335122108459473,-13.647622108459473,-8.253632545471191,-13.503632545471191,128
test,0,The graceful [wug],The graceful [wugs],-11.287178039550781,-14.787178039550781,-12.807832717895508,-15.932832717895508,-12.00146770477295,-14.81396770477295,-13.088020324707031,-15.713020324707031,128
test,1,The graceful [wugs],The graceful [wug],-13.017722129821777,-14.892722129821777,-12.486644744873047,-15.299144744873047,-13.382122993469238,-14.694622993469238,-12.685787200927734,-14.873287200927734,128
test,0,The round [wug],The round [wugs],-13.577840805053711,-15.202840805053711,-11.076342582702637,-13.138842582702637,-13.183579444885254,-13.933579444885254,-10.645905494689941,-12.458405494689941,128
test,1,The round [wugs],The round [wug],-10.337926864624023,-13.150426864624023,-10.256921768188477,-13.694421768188477,-9.886309623718262,-12.323809623718262,-10.398141860961914,-13.273141860961914,128
test,0,The gentle [wug],The gentle [wugs],-14.507224082946777,-14.757224082946777,-13.873321533203125,-14.373321533203125,-16.08913230895996,-15.214132308959961,-14.38046646118164,-14.31796646118164,128
test,1,The gentle [wugs],The gentle [wug],-13.186408042907715,-16.8739070892334,-12.65852165222168,-16.72102165222168,-13.145464897155762,-16.395465850830078,-12.3473539352417,-15.7848539352417,128
test,0,The tiny [wug],The tiny [wugs],-15.93729019165039,-18.49979019165039,-14.917150497436523,-17.948400497436523,-16.843753814697266,-18.656253814697266,-15.562939643859863,-18.00044059753418,128
test,1,The tiny [wugs],The tiny [wug],-16.08798599243164,-17.71298599243164,-16.09813690185547,-18.12938690185547,-16.037565231323242,-16.975065231323242,-16.22709846496582,-17.60209846496582,128
test,0,The graceful [wug],The graceful [wugs],-10.662178039550781,-13.599678039550781,-10.432832717895508,-13.745332717895508,-11.81396770477295,-13.62646770477295,-11.150520324707031,-13.713020324707031,128
test,1,The graceful [wugs],The graceful [wug],-10.955222129821777,-14.955222129821777,-10.799144744873047,-14.424144744873047,-11.132122993469238,-14.007122993469238,-10.810787200927734,-13.498287200927734,128
test,0,The strange [wug],The strange [wugs],-12.516824722290039,-15.266824722290039,-12.64982795715332,-15.83732795715332,-12.030266761779785,-14.467766761779785,-12.826737403869629,-15.639237403869629,128
test,1,The strange [wugs],The strange [wug],-14.614387512207031,-15.926887512207031,-12.475715637207031,-14.288215637207031,-14.355976104736328,-14.730976104736328,-12.713420867919922,-13.463420867919922,128
test,0,The shy [wug],The shy [wugs],-15.463808059692383,-16.963808059692383,-12.751086235046387,-15.126086235046387,-16.450653076171875,-17.325653076171875,-13.313847541809082,-14.938847541809082,128
test,1,The shy [wugs],The shy [wug],-14.667886734008789,-17.41788673400879,-13.446017265319824,-16.383516311645508,-14.835122108459473,-16.96012306213379,-13.628632545471191,-15.816132545471191,128
test,0,The bold [wug],The bold [wugs],-13.619043350219727,-16.869043350219727,-13.039639472961426,-15.914639472961426,-14.30898380279541,-16.558984756469727,-13.731070518493652,-15.856070518493652,128
test,1,The bold [wugs],The bold [wug],-13.884897232055664,-15.697397232055664,-13.206957817077637,-16.206958770751953,-13.748597145080566,-15.123597145080566,-13.117432594299316,-15.554932594299316,128
test,0,The fierce [wug],The fierce [wugs],-14.118098258972168,-15.993098258972168,-12.8286714553833,-14.8286714553833,-14.83524227142334,-16.085241317749023,-13.294051170349121,-14.669051170349121,128
test,1,The fierce [wugs],The fierce [wug],-13.31789779663086,-16.84914779663086,-12.333455085754395,-16.208454132080078,-13.485395431518555,-16.110395431518555,-12.361993789672852,-15.486993789672852,128
test,0,The bold [wug],The bold [wugs],-10.431543350219727,-12.681543350219727,-9.602139472961426,-12.852139472961426,-10.37148380279541,-12.05898380279541,-9.668570518493652,-12.168570518493652,128
test,1,The bold [wugs],The bold [wug],-10.884897232055664,-13.697397232055664,-8.394457817077637,-12.519457817077637,-10.998597145080566,-12.936097145080566,-8.742432594299316,-11.867432594299316,128
test,0,The strange [wug],The strange [wugs],-15.391824722290039,-16.76682472229004,-13.58732795715332,-15.52482795715332,-15.217766761779785,-16.1552677154541,-13.951737403869629,-15.326737403869629,128
test,1,The strange [wugs],The strange [wug],-13.301887512207031,-15.551887512207031,-11.350715637207031,-14.350715637207031,-13.168476104736328,-14.980976104736328,-11.275920867919922,-13.650920867919922,128
test,0,The bold [wug],The bold [wugs],-10.806543350219727,-10.931543350219727,-10.977139472961426,-12.227139472961426,-10.99648380279541,-10.62148380279541,-11.418570518493652,-12.106070518493652,128
test,1,The bold [wugs],The bold [wug],-9.697397232055664,-13.759897232055664,-9.331957817077637,-14.644457817077637,-9.873597145080566,-12.998597145080566,-9.242432594299316,-13.804932594299316,128
test,0,The wary [wug],The wary [wugs],-17.14974021911621,-18.30599021911621,-14.613517761230469,-16.11351776123047,-17.435407638549805,-17.997907638549805,-15.133288383483887,-16.008289337158203,128
test,1,The wary [wugs],The wary [wug],-15.966817855834961,-17.56056785583496,-13.940653800964355,-15.815653800964355,-16.119918823242188,-17.119918823242188,-14.218887329101562,-15.593887329101562,128
test,0,The lively [wug],The lively [wugs],-12.594456672668457,-16.34445571899414,-12.137618064880371,-17.200117111206055,-13.466928482055664,-16.154428482055664,-12.836569786071777,-16.774070739746094,128
test,1,The lively [wugs],The lively [wug],-12.932385444641113,-14.619885444641113,-12.795276641845703,-14.857776641845703,-13.704998970031738,-14.267498970031738,-13.23043155670166,-14.29293155670166,128
test,0,The gentle [wug],The gentle [wugs],-14.944724082946777,-15.444724082946777,-13.748321533203125,-14.060821533203125,-16.02663230895996,-15.651632308959961,-14.13046646118164,-13.88046646118164,128
test,1,The gentle [wugs],The gentle [wug],-14.436408042907715,-16.7489070892334,-13.53352165222168,-16.34602165222168,-14.207964897155762,-16.270465850830078,-13.2223539352417,-15.6598539352417,128
test,0,The gentle [wug],The gentle [wugs],-15.069724082946777,-15.944724082946777,-12.810821533203125,-14.060821533203125,-15.651632308959961,-15.901632308959961,-12.88046646118164,-13.81796646118164,128
test,1,The gentle [wugs],The gentle [wug],-13.373908042907715,-16.2489070892334,-12.47102165222168,-15.09602165222168,-13.270464897155762,-15.832964897155762,-12.1598539352417,-14.3473539352417,128
test,0,The spotted [wug],The spotted [wugs],-15.329451560974121,-17.516952514648438,-11.664350509643555,-14.664350509643555,-16.991737365722656,-17.866737365722656,-12.518293380737305,-14.705793380737305,128
test,1,The spotted [wugs],The spotted [wug],-11.910229682922363,-16.785228729248047,-11.807244300842285,-16.6197452545166,-11.870443344116211,-15.432943344116211,-11.700029373168945,-15.512529373168945,128
test,0,The restless [wug],The restless [wugs],-14.728647232055664,-16.603647232055664,-13.062300682067871,-15.624800682067871,-15.399433135986328,-16.649433135986328,-13.600339889526367,-15.475339889526367,128
test,1,The restless [wugs],The restless [wug],-13.604097366333008,-16.229097366333008,-11.73849868774414,-14.98849868774414,-13.609969139099121,-15.797469139099121,-11.681977272033691,-14.431977272033691,128
test,0,The tiny [wug],The tiny [wugs],-15.87479019165039,-16.68729019165039,-14.479650497436523,-16.104650497436523,-16.843753814697266,-16.781253814697266,-15.187939643859863,-16.12544059753418,128
test,1,The tiny [wugs],The tiny [wug],-16.83798599243164,-18.93173599243164,-14.723136901855469,-17.28563690185547,-16.662565231323242,-18.381315231323242,-14.852097511291504,-16.85209846496582,128
test,0,The bold [wug],The bold [wugs],-15.056543350219727,-16.244043350219727,-12.289639472961426,-15.352139472961426,-15.55898380279541,-16.683984756469727,-12.668570518493652,-15.356070518493652,128
test,1,The bold [wugs],The bold [wug],-13.947397232055664,-16.572397232055664,-12.706957817077637,-15.706957817077637,-13.998597145080566,-15.561097145080566,-12.742432594299316,-14.867432594299316,128
test,0,The clever [wug],The clever [wugs],-10.304723739624023,-11.304723739624023,-10.971080780029297,-14.096080780029297,-11.320055961608887,-11.570055961608887,-11.717607498168945,-13.967607498168945,128
test,1,The clever [wugs],The clever [wug],-14.804152488708496,-17.491653442382812,-14.057090759277344,-17.244590759277344,-15.382518768310547,-17.320018768310547,-14.113314628601074,-16.30081558227539,128
test,0,The graceful [wug],The graceful [wugs],-14.037178039550781,-17.44342803955078,-13.182832717895508,-17.370332717895508,-15.12646770477295,-17.438968658447266,-13.775520324707031,-17.15052032470703,128
test,1,The graceful [wugs],The graceful [wug],-14.642722129821777,-18.64272117614746,-13.111644744873047,-16.955394744873047,-14.882122993469238,-17.663373947143555,-13.248287200927734,-16.123287200927734,128
test,0,The clumsy [wug],The clumsy [wugs],-12.373245239257812,-13.623245239257812,-12.204631805419922,-14.329631805419922,-12.986586570739746,-13.424086570739746,-12.248881340026855,-13.936381340026855,128
test,1,The clumsy [wugs],The clumsy [wug],-12.58231258392334,-14.95731258392334,-11.854756355285645,-14.104756355285645,-12.339937210083008,-14.152437210083008,-11.73135757446289,-13.29385757446289,128
test,0,The tiny [wug],The tiny [wugs],-15.56229019165039,-17.68729019165039,-13.917150497436523,-16.479650497436523,-16.156253814697266,-17.718753814697266,-14.312939643859863,-16.56294059753418,128
test,1,The tiny [wugs],The tiny [wug],-15.775486946105957,-16.96298599243164,-14.660636901855469,-16.16063690185547,-15.725065231323242,-16.475065231323242,-14.664597511291504,-15.789597511291504,128
test,0,The lively [wug],The lively [wugs],-14.531956672668457,-17.40695571899414,-13.825118064880371,-17.075117111206055,-15.216928482055664,-17.529428482055664,-14.274069786071777,-16.899070739746094,128
test,1,The lively [wugs],The lively [wug],-15.807385444641113,-17.151134490966797,-14.920276641845703,-16.482776641845703,-16.017499923706055,-16.454999923706055,-14.98043155670166,-15.79293155670166,128
test,0,The restless [wug],The restless [wugs],-16.541147232055664,-20.322397232055664,-14.124800682067871,-18.437301635742188,-17.149433135986328,-19.805683135986328,-14.725339889526367,-17.881589889526367,128
test,1,The restless [wugs],The restless [wug],-15.166597366333008,-18.635347366333008,-13.23849868774414,-17.61349868774414,-14.859969139099121,-17.609970092773438,-13.056977272033691,-16.744476318359375,128
test,0,The gentle [wug],The gentle [wugs],-14.757224082946777,-17.00722312927246,-13.310821533203125,-15.810821533203125,-15.964132308959961,-16.96413230895996,-13.63046646118164,-15.31796646118164,128
test,1,The gentle [wugs],The gentle [wug],-13.248908042907715,-15.811408042907715,-12.90852165222168,-16.03352165222168,-13.457964897155762,-15.207964897155762,-12.7223539352417,-15.0348539352417,128
test,0,The bold [wug],The bold [wugs],-12.869043350219727,-13.931543350219727,-12.227139472961426,-13.977139472961426,-13.37148380279541,-13.68398380279541,-12.668570518493652,-13.793570518493652,128
test,1,The bold [wugs],The bold [wug],-11.759897232055664,-14.009897232055664,-10.894457817077637,-14.519457817077637,-11.686097145080566,-13.498597145080566,-10.742432594299316,-13.929932594299316,128
test,0,The wary [wug],The wary [wugs],-12.368491172790527,-16.99349021911621,-10.488517761230469,-15.738517761230469,-13.247907638549805,-16.747907638549805,-11.570788383483887,-15.820788383483887,128
test,1,The wary [wugs],The wary [wug],-13.529317855834961,-15.091817855834961,-12.190653800964355,-14.690653800964355,-13.119919776916504,-14.307419776916504,-11.968887329101562,-13.968887329101562,128
test,0,The clever [wug],The clever [wugs],-10.992223739624023,-15.054723739624023,-11.721080780029297,-16.346080780029297,-11.695055961608887,-14.757555961608887,-12.405107498168945,-15.905107498168945,128
test,1,The clever [wugs],The clever [wug],-11.429152488708496,-14.679152488708496,-10.682090759277344,-14.744590759277344,-11.945018768310547,-14.257518768310547,-10.863314628601074,-13.988314628601074,128
test,0,The round [wug],The round [wugs],-17.01534080505371,-19.64034080505371,-14.513842582702637,-17.76384162902832,-17.21483039855957,-18.96483039855957,-14.645905494689941,-17.645906448364258,128
test,1,The round [wugs],The round [wug],-14.900426864624023,-17.744176864624023,-13.631921768188477,-16.819421768188477,-14.823809623718262,-16.761310577392578,-13.710641860961914,-16.085641860961914,128
test,0,The lively [wug],The lively [wugs],-14.094456672668457,-14.594456672668457,-12.387618064880371,-14.262618064880371,-15.029428482055664,-14.779428482055664,-12.899069786071777,-13.961569786071777,128
test,1,The lively [wugs],The lively [wug],-10.807385444641113,-14.619885444641113,-10.420276641845703,-14.295276641845703,-11.142498970031738,-14.142498970031738,-10.48043155670166,-13.54293155670166,128
test,0,The gentle [wug],The gentle [wugs],-16.38222312927246,-19.60097312927246,-15.185821533203125,-18.873321533203125,-17.71413230895996,-19.15163230895996,-15.69296646118164,-18.34921646118164,128
test,1,The gentle [wugs],The gentle [wug],-14.998908042907715,-18.4051570892334,-15.15852165222168,-19.09602165222168,-14.832964897155762,-17.457965850830078,-14.7223539352417,-17.941104888916016,128
test,0,The strange [wug],The strange [wugs],-15.454324722290039,-18.01682472229004,-13.39982795715332,-16.46232795715332,-15.342766761779785,-17.2177677154541,-13.826737403869629,-16.201736450195312,128
test,1,The strange [wugs],The strange [wug],-13.489387512207031,-17.30188751220703,-11.600715637207031,-16.22571563720703,-13.168476104736328,-16.043476104736328,-11.338420867919922,-14.900920867919922,128
test,0,The lively [wug],The lively [wugs],-12.719456672668457,-15.406956672668457,-11.637618064880371,-15.325118064880371,-13.716928482055664,-15.341928482055664,-12.211569786071777,-15.024069786071777,128
test,1,The lively [wugs],The lively [wug],-10.557385444641113,-14.682385444641113,-11.107776641845703,-15.170276641845703,-11.017498970031738,-14.079998970031738,-11.23043155670166,-14.41793155670166,128
test,0,The clumsy [wug],The clumsy [wugs],-11.560745239257812,-15.560745239257812,-11.704631805419922,-15.767131805419922,-12.299086570739746,-15.111586570739746,-12.061381340026855,-15.061381340026855,128
test,1,The clumsy [wugs],The clumsy [wug],-10.89481258392334,-14.20731258392334,-10.479756355285645,-14.104756355285645,-10.589937210083008,-13.277437210083008,-10.16885757446289,-13.29385757446289,128
test,0,The spotted [wug],The spotted [wugs],-12.016951560974121,-13.298201560974121,-11.539350509643555,-14.101850509643555,-14.460488319396973,-14.679238319396973,-12.455793380737305,-14.205793380737305,128
test,1,The spotted [wugs],The spotted [wug],-12.097729682922363,-16.535228729248047,-13.744744300842285,-18.1197452545166,-12.432943344116211,-15.370443344116211,-13.575029373168945,-16.950029373168945,128
test,0,The curious [wug],The curious [wugs],-15.228276252746582,-16.353275299072266,-14.401565551757812,-16.276565551757812,-15.766889572143555,-16.204389572143555,-14.753486633300781,-16.06598663330078,128
test,1,The curious [wugs],The curious [wug],-16.00336265563965,-18.65961265563965,-14.806337356567383,-16.931337356567383,-16.32758140563965,-18.39008140563965,-14.948732376098633,-16.386232376098633,128
test,0,The shy [wug],The shy [wugs],-15.151308059692383,-16.713808059692383,-13.126086235046387,-15.251086235046387,-16.325653076171875,-17.075653076171875,-13.813847541809082,-15.188847541809082,128
test,1,The shy [wugs],The shy [wug],-14.105386734008789,-16.29288673400879,-11.821017265319824,-14.883517265319824,-14.022622108459473,-15.647622108459473,-11.816132545471191,-14.441132545471191,128
test,0,The restless [wug],The restless [wugs],-15.728647232055664,-17.416147232055664,-14.312300682067871,-16.312301635742188,-16.211933135986328,-17.399433135986328,-14.662839889526367,-16.100339889526367,128
test,1,The restless [wugs],The restless [wug],-14.604097366333008,-17.291597366333008,-13.48849868774414,-16.11349868774414,-14.672469139099121,-16.672470092773438,-13.869477272033691,-15.681977272033691,128
test,0,The gentle [wug],The gentle [wugs],-11.944724082946777,-15.069724082946777,-12.060821533203125,-15.498321533203125,-13.401632308959961,-15.464132308959961,-12.56796646118164,-15.31796646118164,128
test,1,The gentle [wugs],The gentle [wug],-13.373908042907715,-14.998908042907715,-13.97102165222168,-15.59602165222168,-13.520464897155762,-14.332964897155762,-13.8473539352417,-14.6598539352417,128
test,0,The bold [wug],The bold [wugs],-13.181543350219727,-15.494043350219727,-13.977139472961426,-17.10213851928711,-13.55898380279541,-15.62148380279541,-14.293570518493652,-16.856069564819336,128
test,1,The bold [wugs],The bold [wug],-13.822397232055664,-16.259897232055664,-14.581957817077637,-16.456958770751953,-14.061097145080566,-15.623597145080566,-14.679932594299316,-15.679932594299316,128
test,0,The gentle [wug],The gentle [wugs],-11.694724082946777,-14.132224082946777,-11.185821533203125,-13.935821533203125,-12.964132308959961,-14.339132308959961,-11.75546646118164,-13.75546646118164,128
test,1,The gentle [wugs],The gentle [wug],-13.561408042907715,-15.498908042907715,-12.90852165222168,-14.84602165222168,-13.895464897155762,-14.895464897155762,-12.8473539352417,-14.0348539352417,128
test,0,The fierce [wug],The fierce [wugs],-12.618098258972168,-13.868098258972168,-11.8911714553833,-13.5161714553833,-13.27274227142334,-13.77274227142334,-12.231551170349121,-13.231551170349121,128
test,1,The fierce [wugs],The fierce [wug],-10.50539779663086,-14.31789779663086,-10.520955085754395,-14.645955085754395,-10.672895431518555,-13.360395431518555,-10.674493789672852,-13.799493789672852,128
test,0,The sturdy [wug],The sturdy [wugs],-12.940808296203613,-15.909558296203613,-12.147289276123047,-15.522289276123047,-13.56926441192627,-15.50676441192627,-13.044575691223145,-15.357075691223145,128
test,1,The sturdy [wugs],The sturdy [wug],-13.246377944946289,-16.99637794494629,-12.392571449279785,-16.7363224029541,-12.732049942016602,-15.794549942016602,-12.470935821533203,-15.908435821533203,128
test,0,The sturdy [wug],The sturdy [wugs],-14.190808296203613,-14.565808296203613,-13.709789276123047,-14.834789276123047,-14.00676441192627,-13.88176441192627,-13.669575691223145,-14.419575691223145,128
test,1,The sturdy [wugs],The sturdy [wug],-13.996377944946289,-15.746377944946289,-13.017571449279785,-15.142571449279785,-13.669549942016602,-15.107049942016602,-13.283435821533203,-14.783435821533203,128
test,0,The wary [wug],The wary [wugs],-13.993491172790527,-15.368491172790527,-12.176017761230469,-14.176017761230469,-14.810407638549805,-15.247907638549805,-13.070788383483887,-14.508288383483887,128
test,1,The wary [wugs],The wary [wug],-13.341817855834961,-15.966817855834961,-11.378153800964355,-14.690653800964355,-12.869919776916504,-14.869919776916504,-11.468887329101562,-14.093887329101562,128
test,0,The fierce [wug],The fierce [wugs],-13.868098258972168,-16.89934730529785,-13.4536714553833,-16.641172409057617,-14.71024227142334,-16.647741317749023,-14.044051170349121,-16.294052124023438,128
test,1,The fierce [wugs],The fierce [wug],-13.50539779663086,-17.44289779663086,-12.770955085754395,-17.489704132080078,-13.547895431518555,-16.422895431518555,-12.674493789672852,-16.54949378967285,128
test,0,The shy [wug],The shy [wugs],-15.338808059692383,-16.838808059692383,-14.001086235046387,-16.06358528137207,-16.513153076171875,-17.263153076171875,-14.813847541809082,-16.188846588134766,128
test,1,The shy [wugs],The shy [wug],-16.73038673400879,-18.26163673400879,-15.321017265319824,-17.352266311645508,-16.52262306213379,-17.74137306213379,-15.441132545471191,-16.691131591796875,128
test,0,The clever [wug],The clever [wugs],-12.554723739624023,-14.742223739624023,-12.596080780029297,-15.533580780029297,-13.320055961608887,-14.695055961608887,-13.342607498168945,-15.467607498168945,128
test,1,The clever [wugs],The clever [wug],-12.241652488708496,-16.554153442382812,-11.432090759277344,-16.432090759277344,-12.757518768310547,-15.945018768310547,-11.675814628601074,-15.488314628601074,128
test,0,The fierce [wug],The fierce [wugs],-4.61809778213501,-11.180598258972168,-4.328671455383301,-11.3911714553833,-5.397741794586182,-8.77274227142334,-4.856551647186279,-9.356551170349121,128
test,1,The fierce [wugs],The fierce [wug],-3.4428975582122803,-8.44289779663086,-2.5209550857543945,-8.770955085754395,-3.7353949546813965,-7.1103949546813965,-2.7369933128356934,-7.486993312835693,128
test,0,The gentle [wug],The gentle [wugs],-12.069724082946777,-15.319724082946777,-11.123321533203125,-14.498321533203125,-13.276632308959961,-14.901632308959961,-11.63046646118164,-14.13046646118164,128
test,1,The gentle [wugs],The gentle [wug],-11.061408042907715,-14.686408042907715,-11.09602165222168,-15.15852165222168,-11.207964897155762,-13.832964897155762,-11.0973539352417,-14.1598539352417,128
test,0,The curious [wug],The curious [wugs],-16.915775299072266,-18.540775299072266,-15.839065551757812,-17.464065551757812,-17.266889572143555,-18.298139572143555,-16.25348663330078,-17.44098663330078,128
test,1,The curious [wugs],The curious [wug],-18.09711265563965,-21.75336265563965,-15.806337356567383,-19.275087356567383,-18.20258140563965,-20.48383140563965,-15.761232376098633,-18.417482376098633,128
test,0,The curious [wug],The curious [wugs],-14.790776252746582,-16.165775299072266,-14.089065551757812,-15.651565551757812,-14.891889572143555,-15.891889572143555,-14.253486633300781,-15.628486633300781,128
test,1,The curious [wugs],The curious [wug],-17.87836265563965,-19.28461265563965,-15.243837356567383,-16.368837356567383,-17.70258140563965,-18.39008140563965,-15.011232376098633,-15.511232376098633,128
test,0,The round [wug],The round [wugs],-16.85909080505371,-21.12471580505371,-15.451342582702637,-18.32634162902832,-17.08983039855957,-20.12108039855957,-15.520905494689941,-17.770906448364258,128
test,1,The round [wugs],The round [wug],-14.525426864624023,-18.681676864624023,-13.881921768188477,-18.163171768188477,-14.448809623718262,-17.980060577392578,-14.023141860961914,-17.741891860961914,128
test,0,The clumsy [wug],The clumsy [wugs],-14.623245239257812,-15.998245239257812,-13.579631805419922,-16.204631805419922,-15.111586570739746,-15.549086570739746,-13.873881340026855,-15.748881340026855,128
test,1,The clumsy [wugs],The clumsy [wug],-12.33231258392334,-15.01981258392334,-11.854756355285645,-15.229756355285645,-12.152437210083008,-14.339937210083008,-11.66885757446289,-14.48135757446289,128
test,0,The tiny [wug],The tiny [wugs],-17.68729019165039,-19.59354019165039,-16.604650497436523,-19.292150497436523,-18.468753814697266,-19.531253814697266,-17.18794059753418,-19.25044059753418,128
test,1,The tiny [wugs],The tiny [wug],-15.525486946105957,-18.30673599243164,-15.535636901855469,-19.53563690185547,-15.725065231323242,-17.600065231323242,-15.602097511291504,-19.07084846496582,128
test,0,The shy [wug],The shy [wugs],-17.463808059692383,-18.838808059692383,-15.626086235046387,-17.84483528137207,-18.075653076171875,-18.919403076171875,-16.188846588134766,-17.782596588134766,128
test,1,The shy [wugs],The shy [wug],-16.29288673400879,-18.88663673400879,-14.571017265319824,-18.571016311645508,-16.58512306213379,-18.24137306213379,-14.628632545471191,-17.909881591796875,128
test,0,The wary [wug],The wary [wugs],-13.680991172790527,-15.868491172790527,-11.551017761230469,-15.676017761230469,-14.372907638549805,-15.685407638549805,-12.195788383483887,-15.258288383483887,128
test,1,The wary [wugs],The wary [wug],-12.341817855834961,-16.65431785583496,-10.315653800964355,-15.315653800964355,-12.307419776916504,-15.994919776916504,-10.468887329101562,-14.593887329101562,128
test,0,The lively [wug],The lively [wugs],-14.031956672668457,-16.15695571899414,-12.450118064880371,-15.200118064880371,-14.654428482055664,-16.216928482055664,-12.586569786071777,-14.899069786071777,128
test,1,The lively [wugs],The lively [wug],-12.619885444641113,-13.807385444641113,-12.795276641845703,-14.170276641845703,-13.142498970031738,-13.954998970031738,-13.04293155670166,-13.91793155670166,128
test,0,The sturdy [wug],The sturdy [wugs],-13.940808296203613,-15.003308296203613,-13.522289276123047,-14.334789276123047,-15.00676441192627,-15.13176441192627,-13.982075691223145,-14.232075691223145,128
test,1,The sturdy [wugs],The sturdy [wug],-14.183877944946289,-16.55887794494629,-12.392571449279785,-15.642571449279785,-13.607049942016602,-15.419549942016602,-12.408435821533203,-14.783435821533203,128
test,0,The curious [wug],The curious [wugs],-14.790776252746582,-16.290775299072266,-13.651565551757812,-16.464065551757812,-15.266889572143555,-15.829389572143555,-14.378486633300781,-16.50348663330078,128
test,1,The curious [wugs],The curious [wug],-13.003362655639648,-18.03461265563965,-12.306337356567383,-17.212587356567383,-13.077580451965332,-17.14008140563965,-12.073732376098633,-16.198732376098633,128
test,0,The sturdy [wug],The sturdy [wugs],-15.003308296203613,-15.253308296203613,-12.584789276123047,-15.022289276123047,-15.31926441192627,-15.25676441192627,-13.044575691223145,-14.669575691223145,128
test,1,The sturdy [wugs],The sturdy [wug],-13.933877944946289,-15.871377944946289,-13.392571449279785,-15.392571449279785,-13.669549942016602,-14.857049942016602,-13.658435821533203,-14.658435821533203,128
test,0,The fierce [wug],The fierce [wugs],-13.555598258972168,-13.930598258972168,-12.8911714553833,-13.5161714553833,-14.27274227142334,-13.96024227142334,-13.356551170349121,-13.419051170349121,128
test,1,The fierce [wugs],The fierce [wug],-11.88039779663086,-16.00539779663086,-11.208455085754395,-16.083454132080078,-11.985395431518555,-15.235395431518555,-11.049493789672852,-15.236993789672852,128
test,0,The restless [wug],The restless [wugs],-12.478647232055664,-14.916147232055664,-11.437300682067871,-14.374800682067871,-13.149433135986328,-14.836933135986328,-11.975339889526367,-14.162839889526367,128
test,1,The restless [wugs],The restless [wug],-11.666597366333008,-15.979097366333008,-10.42599868774414,-15.55099868774414,-11.484969139099121,-14.984969139099121,-10.181977272033691,-14.431977272033691,128
test,0,The clumsy [wug],The clumsy [wugs],-13.435745239257812,-16.248245239257812,-13.392131805419922,-16.204631805419922,-13.799086570739746,-15.986586570739746,-13.561381340026855,-15.936381340026855,128
test,1,The clumsy [wugs],The clumsy [wug],-12.89481258392334,-15.64481258392334,-12.792256355285645,-15.604756355285645,-12.714937210083008,-14.902437210083008,-12.54385757446289,-14.85635757446289,128
test,0,The lively [wug],The lively [wugs],-13.844456672668457,-15.406956672668457,-12.262618064880371,-15.075118064880371,-14.591928482055664,-15.341928482055664,-12.899069786071777,-14.899069786071777,128
test,1,The lively [wugs],The lively [wug],-10.057385444641113,-14.119885444641113,-10.107776641845703,-13.982776641845703,-10.767498970031738,-13.829998970031738,-10.41793155670166,-13.54293155670166,128
test,0,The clever [wug],The clever [wugs],-16.429723739624023,-16.867223739624023,-13.908580780029297,-16.658580780029297,-17.195056915283203,-17.070056915283203,-14.405107498168945,-16.467607498168945,128
test,1,The clever [wugs],The clever [wug],-13.116652488708496,-18.022903442382812,-11.432090759277344,-16.244590759277344,-13.132518768310547,-17.195018768310547,-11.675814628601074,-15.488314628601074,128
