split,inverse,eval_input,counterfactual_input,clean_logp_A,clean_logp_B,complement_ablation_logp_A,complement_ablation_logp_B,circuit_ablation_logp_A,circuit_ablation_logp_B,all_ablation_logp_A,all_ablation_logp_B,n_nodes
train,0,The sleepy bat,The sleepy bats,-2.0464906692504883,-10.171490669250488,-2.711836338043213,-9.711835861206055,-2.2882328033447266,-8.350732803344727,-3.241126775741577,-7.616127014160156,8
train,1,The sleepy bats,The sleepy bat,-1.76617431640625,-8.45367431640625,-1.7548434734344482,-7.504843711853027,-1.9826605319976807,-6.732660293579102,-2.0196237564086914,-6.269623756408691,8
train,0,The fuzzy frog,The fuzzy frogs,-12.373226165771484,-15.185726165771484,-13.2579984664917,-15.7579984664917,-12.502228736877441,-14.752228736877441,-13.59736156463623,-15.40986156463623,8
train,1,The fuzzy frogs,The fuzzy frog,-11.707802772521973,-15.832802772521973,-11.424583435058594,-15.174583435058594,-11.732748985290527,-14.607748985290527,-11.681936264038086,-14.431936264038086,8
train,0,The bright shark,The bright sharks,-9.019481658935547,-11.706981658935547,-9.848833084106445,-12.848833084106445,-9.123733520507812,-11.123733520507812,-10.088102340698242,-12.400602340698242,8
train,1,The bright sharks,The bright shark,-9.171207427978516,-11.733707427978516,-9.987457275390625,-12.424957275390625,-9.630868911743164,-10.943368911743164,-10.48565673828125,-11.79815673828125,8
train,0,The small bat,The small bats,-8.144024848937988,-14.706524848937988,-8.498950958251953,-14.248950958251953,-8.137147903442383,-13.699647903442383,-8.745671272277832,-13.495671272277832,8
train,1,The small bats,The small bat,-7.596708297729492,-13.221708297729492,-7.790721416473389,-12.97822093963623,-7.544874668121338,-11.60737419128418,-7.915181636810303,-12.102682113647461,8
train,0,The bright chick,The bright chicks,-15.253191947937012,-17.190692901611328,-14.950448036193848,-16.32544708251953,-15.718952178955078,-17.031452178955078,-15.088672637939453,-16.026172637939453,8
train,1,The bright chicks,The bright chick,-15.0490140914917,-16.955263137817383,-14.59915542602539,-16.22415542602539,-15.215810775756836,-16.778310775756836,-14.797167778015137,-16.10966682434082,8
train,0,The nervous panda,The nervous pandas,-12.229968070983887,-13.292468070983887,-11.6343412399292,-12.8218412399292,-12.615937232971191,-13.240937232971191,-12.079751014709473,-12.829751014709473,8
train,1,The nervous pandas,The nervous panda,-12.117985725402832,-14.242985725402832,-11.58615779876709,-13.96115779876709,-12.297004699707031,-13.984504699707031,-11.689697265625,-13.689697265625,8
train,0,The slender turtle,The slender turtles,-12.91177749633789,-16.72427749633789,-12.955717086791992,-16.205717086791992,-13.048145294189453,-16.548145294189453,-13.264269828796387,-16.07676887512207,8
train,1,The slender turtles,The slender turtle,-13.880208015441895,-16.817707061767578,-12.763643264770508,-16.138643264770508,-13.965131759643555,-16.246381759643555,-12.738450050354004,-15.550950050354004,8
train,0,The quiet turtle,The quiet turtles,-3.8923959732055664,-11.767395973205566,-3.5456619262695312,-11.670661926269531,-4.148416042327881,-10.335916519165039,-4.081637382507324,-9.644137382507324,8
train,1,The quiet turtles,The quiet turtle,-3.1281983852386475,-8.378198623657227,-2.206540584564209,-8.58154010772705,-3.4245553016662598,-7.29955530166626,-2.5835776329040527,-7.458577632904053,8
train,0,The sleepy doe,The sleepy does,-13.937175750732422,-15.312175750732422,-13.820127487182617,-14.820127487182617,-14.119654655456543,-15.119654655456543,-13.869906425476074,-14.744906425476074,8
train,1,The sleepy does,The sleepy doe,-14.350380897521973,-16.412879943847656,-14.065492630004883,-16.252992630004883,-14.458833694458008,-16.396333694458008,-14.151653289794922,-16.401653289794922,8
train,0,The timid horse,The timid horses,-3.622795581817627,-11.185295104980469,-2.948190689086914,-10.760690689086914,-3.9342572689056396,-9.371757507324219,-3.568152904510498,-8.81815242767334,8
train,1,The timid horses,The timid horse,-2.5954999923706055,-9.032999992370605,-2.082900047302246,-8.207900047302246,-2.789365768432617,-7.914365768432617,-2.4956977367401123,-7.120697975158691,8
train,0,The nervous rat,The nervous rats,-3.7572693824768066,-11.007269859313965,-3.235968589782715,-10.298468589782715,-3.856022357940674,-8.918521881103516,-3.7432048320770264,-8.305705070495605,8
train,1,The nervous rats,The nervous rat,-3.4496827125549316,-8.699682235717773,-2.6649303436279297,-7.91493034362793,-3.726074457168579,-7.351074695587158,-2.9643406867980957,-6.839340686798096,8
train,0,The fuzzy shark,The fuzzy sharks,-2.384080171585083,-9.009079933166504,-2.562620162963867,-9.312620162963867,-2.490912437438965,-6.990912437438965,-3.06630277633667,-7.19130277633667,8
train,1,The fuzzy sharks,The fuzzy shark,-1.513036847114563,-5.888036727905273,-1.536623239517212,-6.536623001098633,-1.8371750116348267,-4.337174892425537,-1.894137978553772,-5.144137859344482,8
train,0,The timid horse,The timid horses,-11.435295104980469,-14.904045104980469,-11.385690689086914,-14.635690689086914,-11.871757507324219,-14.746757507324219,-11.69315242767334,-14.38065242767334,8
train,1,The timid horses,The timid horse,-10.845499992370605,-14.657999992370605,-11.145400047302246,-14.707900047302246,-11.039365768432617,-14.164365768432617,-11.308197975158691,-14.120697975158691,8
train,0,The timid dog,The timid dogs,-11.90491008758545,-13.52991008758545,-13.509507179260254,-14.259507179260254,-12.122196197509766,-13.247196197509766,-13.721414566040039,-14.096414566040039,8
train,1,The timid dogs,The timid dog,-10.489075660705566,-14.114075660705566,-11.303072929382324,-15.178072929382324,-10.924368858337402,-14.049368858337402,-11.555051803588867,-15.055051803588867,8
train,0,The timid rabbit,The timid rabbits,-3.582519769668579,-11.77001953125,-3.9301552772521973,-12.117654800415039,-3.803334951400757,-10.240835189819336,-4.5069804191589355,-10.819479942321777,8
train,1,The timid rabbits,The timid rabbit,-1.8715049028396606,-8.246504783630371,-2.812211751937866,-8.687211990356445,-1.9802662134170532,-7.355266094207764,-3.098432779312134,-7.848432540893555,8
train,0,The bright panda,The bright pandas,-9.874908447265625,-11.937408447265625,-9.805414199829102,-12.305414199829102,-10.222933769226074,-11.722933769226074,-10.252110481262207,-12.002110481262207,8
train,1,The bright pandas,The bright panda,-8.915623664855957,-12.603123664855957,-8.285868644714355,-11.535868644714355,-8.997960090637207,-11.872960090637207,-8.683249473571777,-11.120749473571777,8
train,0,The fuzzy turtle,The fuzzy turtles,-11.224119186401367,-13.474119186401367,-12.355331420898438,-14.730331420898438,-11.519156455993652,-13.456656455993652,-12.693456649780273,-14.630956649780273,8
train,1,The fuzzy turtles,The fuzzy turtle,-10.917819023132324,-14.917819023132324,-11.5956449508667,-15.4081449508667,-11.21853256225586,-13.96853256225586,-12.111368179321289,-14.611368179321289,8
train,0,The sleepy monitor,The sleepy monitors,-3.844548225402832,-11.344548225402832,-4.822305679321289,-12.072305679321289,-3.965442180633545,-9.902942657470703,-4.9898505210876465,-10.489850997924805,8
train,1,The sleepy monitors,The sleepy monitor,-3.5129377841949463,-9.137937545776367,-2.750899314880371,-7.750899314880371,-3.7811665534973145,-8.031167030334473,-3.1982970237731934,-6.823297023773193,8
train,0,The calm dolphin,The calm dolphins,-8.824138641357422,-12.511638641357422,-9.642680168151855,-14.142680168151855,-9.189346313476562,-11.501846313476562,-10.098860740661621,-12.911360740661621,8
train,1,The calm dolphins,The calm dolphin,-9.02589225769043,-13.90089225769043,-9.098043441772461,-14.285543441772461,-9.183878898620605,-13.183878898620605,-9.317913055419922,-13.692913055419922,8
train,0,The small pup,The small pups,-11.638948440551758,-15.013948440551758,-12.467629432678223,-15.967629432678223,-11.888965606689453,-14.326465606689453,-12.648523330688477,-15.648523330688477,8
train,1,The small pups,The small pup,-11.759438514709473,-15.196938514709473,-11.864255905151367,-14.926755905151367,-12.025188446044922,-14.837688446044922,-12.112418174743652,-14.799918174743652,8
train,0,The quiet whale,The quiet whales,-9.87840461730957,-12.50340461730957,-10.502107620239258,-13.814607620239258,-10.09994888305664,-11.78744888305664,-10.764440536499023,-13.139440536499023,8
train,1,The quiet whales,The quiet whale,-10.036538124084473,-13.536538124084473,-9.623929977416992,-14.061429977416992,-10.21306037902832,-12.46306037902832,-10.10986042022705,-13.04736042022705,8
train,0,The slender doe,The slender does,-15.092765808105469,-18.34276580810547,-14.087177276611328,-17.555927276611328,-15.056904792785645,-17.80690574645996,-14.202091217041016,-17.139591217041016,8
train,1,The slender does,The slender doe,-14.77166748046875,-18.52166748046875,-14.667522430419922,-16.542522430419922,-14.834699630737305,-18.459699630737305,-14.497513771057129,-16.716262817382812,8
train,0,The fuzzy kitten,The fuzzy kittens,-12.808009147644043,-13.308009147644043,-13.234413146972656,-13.859413146972656,-13.21334457397461,-13.27584457397461,-13.531776428222656,-13.719276428222656,8
train,1,The fuzzy kittens,The fuzzy kitten,-11.892393112182617,-15.517393112182617,-11.938004493713379,-15.188004493713379,-12.18552303314209,-15.31052303314209,-12.241922378540039,-14.991922378540039,8
train,0,The bright dog,The bright dogs,-11.89501667022705,-12.58251667022705,-12.34912395477295,-12.84912395477295,-12.084775924682617,-12.334775924682617,-12.576478004455566,-12.701478004455566,8
train,1,The bright dogs,The bright dog,-10.554031372070312,-14.304031372070312,-10.532962799072266,-14.345462799072266,-10.945734977722168,-14.008234977722168,-10.772552490234375,-14.085052490234375,8
train,0,The slender rabbit,The slender rabbits,-11.207054138183594,-16.457054138183594,-11.89344310760498,-16.830942153930664,-11.365066528320312,-16.240066528320312,-12.187705039978027,-16.625205993652344,8
train,1,The slender rabbits,The slender rabbit,-12.732667922973633,-15.545167922973633,-12.68353271484375,-15.74603271484375,-13.026986122131348,-15.089486122131348,-12.861165046691895,-15.361165046691895,8
train,0,The fuzzy whale,The fuzzy whales,-2.13865065574646,-8.638650894165039,-2.908421039581299,-9.845921516418457,-2.3174867630004883,-6.817486763000488,-3.34887957572937,-7.973879337310791,8
train,1,The fuzzy whales,The fuzzy whale,-1.7178006172180176,-5.342800617218018,-1.8639403581619263,-6.238940238952637,-2.02013897895813,-4.145138740539551,-2.3590312004089355,-4.8590312004089355,8
train,0,The quiet pup,The quiet pups,-4.8490142822265625,-11.599014282226562,-4.814047813415527,-11.126547813415527,-5.001040458679199,-10.1260404586792,-5.02953577041626,-9.529536247253418,8
train,1,The quiet pups,The quiet pup,-4.164048194885254,-8.164048194885254,-3.496617078781128,-8.246617317199707,-4.4919562339782715,-7.2419562339782715,-3.7369518280029297,-7.48695182800293,8
train,0,The timid horse,The timid horses,-12.997795104980469,-13.622795104980469,-12.323190689086914,-12.760690689086914,-13.246757507324219,-13.496757507324219,-12.56815242767334,-12.63065242767334,8
train,1,The timid horses,The timid horse,-11.970499992370605,-15.157999992370605,-11.270400047302246,-14.520400047302246,-12.039365768432617,-14.851865768432617,-11.308197975158691,-14.120697975158691,8
train,0,The timid bat,The timid bats,-10.331415176391602,-16.5501651763916,-10.533686637878418,-15.221186637878418,-10.36492919921875,-16.23992919921875,-10.732877731323242,-14.920377731323242,8
train,1,The timid bats,The timid bat,-12.28349494934082,-15.22099494934082,-10.980886459350586,-13.980886459350586,-12.551119804382324,-14.426119804382324,-11.210721969604492,-13.523221969604492,8
train,0,The quiet dolphin,The quiet dolphins,-13.498290061950684,-15.123290061950684,-13.533650398254395,-15.471150398254395,-13.811185836791992,-14.936185836791992,-13.89984130859375,-15.08734130859375,8
train,1,The quiet dolphins,The quiet dolphin,-13.738818168640137,-16.145069122314453,-13.181073188781738,-16.087322235107422,-13.896827697753906,-15.896827697753906,-13.253782272338867,-15.785032272338867,8
train,0,The slender rabbit,The slender rabbits,-11.644554138183594,-15.957054138183594,-11.64344310760498,-15.51844310760498,-11.802566528320312,-15.677566528320312,-11.812705039978027,-15.250205039978027,8
train,1,The slender rabbits,The slender rabbit,-11.670167922973633,-15.607667922973633,-11.30853271484375,-14.55853271484375,-11.839486122131348,-15.089486122131348,-11.548665046691895,-14.236165046691895,8
train,0,The sleepy dolphin,The sleepy dolphins,-3.2807798385620117,-10.218279838562012,-3.539912462234497,-10.477412223815918,-3.7436277866363525,-6.993627548217773,-4.182755947113037,-7.307755947113037,8
train,1,The sleepy dolphins,The sleepy dolphin,-3.0441553592681885,-7.919155120849609,-2.512080192565918,-7.637080192565918,-3.1501011848449707,-6.775101184844971,-2.8849048614501953,-6.759904861450195,8
train,0,The calm horse,The calm horses,-3.8239660263061523,-10.823966026306152,-3.0852808952331543,-10.460281372070312,-4.078267574310303,-8.578268051147461,-3.5618200302124023,-8.311820030212402,8
train,1,The calm horses,The calm horse,-3.156306266784668,-8.406306266784668,-2.4394690990448,-8.001969337463379,-3.492821455001831,-7.492821216583252,-2.8394103050231934,-6.839410305023193,8
train,0,The fuzzy cow,The fuzzy cows,-3.6432242393493652,-9.330724716186523,-3.517174005508423,-9.829673767089844,-3.651369333267212,-7.276369094848633,-3.881594181060791,-8.131593704223633,8
train,1,The fuzzy cows,The fuzzy cow,-1.6401793956756592,-6.015179634094238,-2.166928291320801,-6.916928291320801,-1.859857201576233,-4.859857082366943,-2.5023038387298584,-5.752303600311279,8
train,0,The calm chick,The calm chicks,-12.234189987182617,-14.765439987182617,-13.42270278930664,-16.45395278930664,-12.534296989440918,-14.471796989440918,-13.676532745361328,-16.051532745361328,8
train,1,The calm chicks,The calm chick,-13.872265815734863,-15.903515815734863,-14.042713165283203,-16.948963165283203,-14.140704154968262,-15.546954154968262,-14.203180313110352,-16.57818031311035,8
train,0,The small turtle,The small turtles,-14.315163612365723,-17.190162658691406,-14.247823715209961,-16.52907371520996,-14.539610862731934,-17.008359909057617,-14.478175163269043,-16.29067611694336,8
train,1,The small turtles,The small turtle,-13.329790115356445,-18.673540115356445,-12.883737564086914,-17.571237564086914,-13.323017120361328,-18.166767120361328,-12.976875305175781,-17.16437530517578,8
train,0,The nervous kit,The nervous kits,-10.946656227111816,-12.571656227111816,-11.008203506469727,-13.445703506469727,-11.103667259216309,-12.541167259216309,-11.206475257873535,-13.268975257873535,8
train,1,The nervous kits,The nervous kit,-12.06264591217041,-12.75014591217041,-13.08339786529541,-13.89589786529541,-12.28856086730957,-12.41356086730957,-13.433595657348633,-13.683595657348633,8
train,0,The small rat,The small rats,-3.4573755264282227,-10.832375526428223,-4.020326614379883,-12.207826614379883,-3.733940601348877,-8.358941078186035,-4.2620415687561035,-10.324542045593262,8
train,1,The small rats,The small rat,-2.6979422569274902,-9.822942733764648,-2.5714263916015625,-8.946426391601562,-2.986029863357544,-8.361029624938965,-2.8922219276428223,-7.642221927642822,8
train,0,The timid turtle,The timid turtles,-2.692564010620117,-11.442564010620117,-3.400866985321045,-12.088367462158203,-2.958858013153076,-10.146358489990234,-3.8438336849212646,-10.593833923339844,8
train,1,The timid turtles,The timid turtle,-1.8238136768341064,-8.323813438415527,-2.089401960372925,-8.401902198791504,-1.9738755226135254,-7.223875522613525,-2.548286199569702,-7.298286437988281,8
train,0,The nervous chick,The nervous chicks,-10.208433151245117,-12.958433151245117,-9.163052558898926,-12.225552558898926,-10.36205005645752,-12.48705005645752,-9.49920654296875,-11.56170654296875,8
train,1,The nervous chicks,The nervous chick,-9.925161361694336,-13.862661361694336,-8.50636100769043,-13.19386100769043,-10.046692848205566,-13.296692848205566,-8.581520080566406,-12.769020080566406,8
train,0,The calm doe,The calm does,-6.801996231079102,-11.801996231079102,-6.269139766693115,-10.831640243530273,-6.950752258300781,-11.388252258300781,-6.398643493652344,-10.398643493652344,8
train,1,The calm does,The calm doe,-12.288032531738281,-17.28803253173828,-11.03421688079834,-12.28421688079834,-12.35155200958252,-17.164051055908203,-11.099507331848145,-12.537007331848145,8
train,0,The sleepy panda,The sleepy pandas,-12.8878173828125,-18.0128173828125,-11.984052658081055,-16.234052658081055,-12.96889591217041,-17.281394958496094,-12.346583366394043,-15.471583366394043,8
train,1,The sleepy pandas,The sleepy panda,-12.05525016784668,-14.43025016784668,-11.080405235290527,-13.455405235290527,-12.296204566955566,-13.858704566955566,-11.48843002319336,-13.11343002319336,8
train,0,The quiet kitten,The quiet kittens,-14.344233512878418,-18.281734466552734,-14.037458419799805,-17.474958419799805,-14.961132049560547,-18.367382049560547,-14.504387855529785,-17.4106388092041,8
train,1,The quiet kittens,The quiet kitten,-15.578365325927734,-17.922115325927734,-14.696670532226562,-17.165420532226562,-15.868996620178223,-17.68149757385254,-14.922760963439941,-16.766510009765625,8
train,0,The small frog,The small frogs,-7.775501251220703,-10.213001251220703,-10.87683391571045,-11.62683391571045,-7.979676246643066,-10.167176246643066,-11.299633026123047,-11.737133026123047,8
train,1,The small frogs,The small frog,-8.748495101928711,-14.185995101928711,-9.945297241210938,-14.132797241210938,-8.849645614624023,-13.412145614624023,-10.10367202758789,-13.60367202758789,8
train,0,The small panda,The small pandas,-14.670658111572266,-15.358158111572266,-14.033113479614258,-15.158113479614258,-14.905557632446289,-15.155557632446289,-14.4166898727417,-15.1041898727417,8
train,1,The small pandas,The small panda,-13.382686614990234,-15.195186614990234,-13.260456085205078,-14.822956085205078,-13.629487037658691,-15.066987037658691,-13.484283447265625,-14.546783447265625,8
train,0,The bright cock,The bright cocks,-19.47186851501465,-20.51874351501465,-12.45827579498291,-15.61452579498291,-19.409332275390625,-19.940582275390625,-12.561985969543457,-15.186985969543457,8
train,1,The bright cocks,The bright cock,-15.19832992553711,-18.29207992553711,-13.289653778076172,-16.320903778076172,-15.202167510986328,-17.858417510986328,-13.499218940734863,-15.842968940734863,8
train,0,The nervous lion,The nervous lions,-11.539170265197754,-15.726670265197754,-12.119684219360352,-16.61968421936035,-11.728431701660156,-14.853431701660156,-12.401110649108887,-15.713610649108887,8
train,1,The nervous lions,The nervous lion,-11.078434944152832,-14.640934944152832,-11.43445110321045,-15.43445110321045,-11.214394569396973,-13.714394569396973,-11.897886276245117,-14.585386276245117,8
train,0,The bright lion,The bright lions,-13.326513290405273,-14.139013290405273,-14.02379322052002,-15.08629322052002,-13.517144203186035,-14.017144203186035,-14.057600975036621,-14.870100975036621,8
train,1,The bright lions,The bright lion,-14.202536582946777,-15.952536582946777,-14.299904823303223,-15.487404823303223,-14.212483406066895,-15.524983406066895,-14.564666748046875,-15.252166748046875,8
train,0,The slender kitten,The slender kittens,-4.759136199951172,-13.321636199951172,-4.817539691925049,-13.192540168762207,-5.107165336608887,-12.169665336608887,-5.308557510375977,-11.808557510375977,8
train,1,The slender kittens,The slender kitten,-3.8564963340759277,-10.41899585723877,-3.122058868408203,-9.372058868408203,-4.322506427764893,-9.69750690460205,-3.553201198577881,-8.803201675415039,8
train,0,The bright kitten,The bright kittens,-13.268521308898926,-15.018521308898926,-12.908249855041504,-14.658249855041504,-13.635165214538574,-14.760165214538574,-13.273170471191406,-14.460670471191406,8
train,1,The bright kittens,The bright kitten,-13.512795448303223,-17.01279640197754,-12.742337226867676,-15.867337226867676,-13.730779647827148,-16.66827964782715,-12.901577949523926,-15.401577949523926,8
train,0,The calm turtle,The calm turtles,-12.88520622253418,-15.63520622253418,-13.101812362670898,-15.851812362670898,-13.349668502807617,-15.599668502807617,-13.582487106323242,-15.707487106323242,8
train,1,The calm turtles,The calm turtle,-12.178465843200684,-16.615966796875,-12.862283706665039,-16.45603370666504,-12.576311111450195,-16.107561111450195,-13.181234359741211,-16.02498435974121,8
train,0,The quiet lion,The quiet lions,-11.025493621826172,-12.400493621826172,-12.355836868286133,-13.918336868286133,-11.339031219482422,-12.089031219482422,-12.74370002746582,-13.49370002746582,8
train,1,The quiet lions,The quiet lion,-9.763991355895996,-14.263991355895996,-10.666572570800781,-15.479072570800781,-10.070014953613281,-13.570014953613281,-10.87297534942627,-14.81047534942627,8
train,0,The nervous dolphin,The nervous dolphins,-10.229757308959961,-12.229757308959961,-10.368719100952148,-12.556219100952148,-10.583830833435059,-11.708830833435059,-10.726523399353027,-11.914023399353027,8
train,1,The nervous dolphins,The nervous dolphin,-9.768719673156738,-14.018719673156738,-8.747435569763184,-13.559935569763184,-9.87536334991455,-13.43786334991455,-8.91200065612793,-13.03700065612793,8
train,0,The timid cow,The timid cows,-9.847577095031738,-14.035077095031738,-10.43458080291748,-14.55958080291748,-10.010242462158203,-13.260242462158203,-10.782282829284668,-14.094782829284668,8
train,1,The timid cows,The timid cow,-8.385356903076172,-13.322856903076172,-9.303499221801758,-13.740999221801758,-8.480512619018555,-12.605512619018555,-9.504705429077148,-13.129705429077148,8
train,0,The calm rat,The calm rats,-9.511632919311523,-11.324132919311523,-10.22988510131836,-12.54238510131836,-9.572131156921387,-11.197131156921387,-10.301660537719727,-12.301660537719727,8
train,1,The calm rats,The calm rat,-12.00590991973877,-13.06840991973877,-12.289941787719727,-13.352441787719727,-12.132171630859375,-12.694671630859375,-12.259085655212402,-12.946585655212402,8
train,0,The timid shark,The timid sharks,-10.590666770935059,-11.590666770935059,-11.21812915802002,-11.59312915802002,-11.121847152709961,-11.121847152709961,-11.60383415222168,-11.29133415222168,8
train,1,The timid sharks,The timid shark,-8.970365524291992,-13.782865524291992,-9.148215293884277,-13.960715293884277,-9.193256378173828,-13.193256378173828,-9.404813766479492,-13.592313766479492,8
train,0,The fuzzy monitor,The fuzzy monitors,-12.422109603881836,-16.172109603881836,-12.756362915039062,-16.568862915039062,-12.485576629638672,-15.735576629638672,-12.854873657226562,-16.167373657226562,8
train,1,The fuzzy monitors,The fuzzy monitor,-11.971248626708984,-15.596248626708984,-11.456676483154297,-15.706676483154297,-12.209091186523438,-14.896591186523438,-11.725839614868164,-14.975839614868164,8
train,0,The fuzzy whale,The fuzzy whales,-9.388650894165039,-9.888650894165039,-10.220921516418457,-11.845921516418457,-9.567486763000488,-9.629986763000488,-10.47387981414795,-11.59887981414795,8
train,1,The fuzzy whales,The fuzzy whale,-8.84280014038086,-11.71780014038086,-9.426440238952637,-12.363940238952637,-8.83263874053955,-10.95763874053955,-9.609031677246094,-11.546531677246094,8
train,0,The quiet shark,The quiet sharks,-11.749894142150879,-14.499894142150879,-11.966217041015625,-15.153717041015625,-12.142555236816406,-13.767555236816406,-12.27301025390625,-14.27301025390625,8
train,1,The quiet sharks,The quiet shark,-11.5961275100708,-15.7211275100708,-11.027771949768066,-15.527771949768066,-11.957409858703613,-14.582409858703613,-11.441688537597656,-14.691688537597656,8
train,0,The calm cock,The calm cocks,-5.94998836517334,-10.94998836517334,-2.767758369445801,-8.4552583694458,-6.110733985900879,-10.298233985900879,-3.2006564140319824,-7.325656414031982,8
train,1,The calm cocks,The calm cock,-3.724282741546631,-7.161782741546631,-2.887155055999756,-6.762155055999756,-3.8344902992248535,-6.5844902992248535,-3.4109699726104736,-5.7859697341918945,8
train,0,The slender dolphin,The slender dolphins,-2.0267014503479004,-9.026700973510742,-2.8785781860351562,-9.878578186035156,-2.4060704708099365,-6.281070232391357,-3.553309679031372,-6.928309440612793,8
train,1,The slender dolphins,The slender dolphin,-2.4745101928710938,-8.287010192871094,-2.1352059841156006,-8.07270622253418,-2.8472177982330322,-7.347217559814453,-2.4277150630950928,-7.427715301513672,8
train,0,The calm dolphin,The calm dolphins,-9.824138641357422,-12.261638641357422,-10.080180168151855,-13.267680168151855,-10.189346313476562,-12.126846313476562,-10.473860740661621,-12.911360740661621,8
train,1,The calm dolphins,The calm dolphin,-10.52589225769043,-13.27589225769043,-10.535543441772461,-13.285543441772461,-10.621378898620605,-12.808878898620605,-10.692913055419922,-12.942913055419922,8
train,0,The sleepy whale,The sleepy whales,-12.3383150100708,-13.2133150100708,-14.099311828613281,-14.474311828613281,-12.52026653289795,-12.95776653289795,-14.435362815856934,-14.372862815856934,8
train,1,The sleepy whales,The sleepy whale,-11.428743362426758,-15.366243362426758,-12.550752639770508,-16.488252639770508,-11.844438552856445,-14.719438552856445,-12.968600273132324,-15.906100273132324,8
train,0,The timid rat,The timid rats,-13.304764747619629,-15.617264747619629,-13.427541732788086,-15.552541732788086,-13.570636749267578,-15.445636749267578,-13.746603012084961,-15.434103012084961,8
train,1,The timid rats,The timid rat,-13.55733871459961,-15.68233871459961,-13.204438209533691,-14.641938209533691,-13.821686744689941,-15.321686744689941,-13.365735054016113,-14.428235054016113,8
train,0,The nervous chick,The nervous chicks,-14.645933151245117,-16.989683151245117,-14.413052558898926,-16.75680160522461,-14.86205005645752,-16.737049102783203,-14.68670654296875,-16.49920654296875,8
train,1,The nervous chicks,The nervous chick,-14.862661361694336,-17.550161361694336,-13.69386100769043,-16.94386100769043,-15.046692848205566,-17.077943801879883,-13.831520080566406,-16.644020080566406,8
train,0,The sleepy frog,The sleepy frogs,-14.378683090209961,-15.566183090209961,-14.714509963989258,-14.964509963989258,-14.252066612243652,-15.127066612243652,-14.94443416595459,-14.81943416595459,8
train,1,The sleepy frogs,The sleepy frog,-12.55232048034668,-17.17732048034668,-12.060993194580078,-16.404743194580078,-12.779332160949707,-16.68558120727539,-12.31950569152832,-16.13200569152832,8
train,0,The slender chick,The slender chicks,-15.186155319213867,-15.498655319213867,-12.358499526977539,-13.920999526977539,-15.561077117919922,-15.186077117919922,-12.705785751342773,-13.455785751342773,8
train,1,The slender chicks,The slender chick,-13.712087631225586,-16.430837631225586,-13.178868293762207,-16.33511734008789,-13.795266151428223,-16.107765197753906,-13.111738204956055,-16.049238204956055,8
train,0,The slender doe,The slender does,-9.811515808105469,-10.874015808105469,-11.462177276611328,-11.712177276611328,-9.838154792785645,-10.463154792785645,-11.577091217041016,-11.452091217041016,8
train,1,The slender does,The slender doe,-10.33416748046875,-13.08416748046875,-11.542522430419922,-13.355022430419922,-10.459699630737305,-13.084699630737305,-11.560013771057129,-13.560013771057129,8
train,0,The slender cow,The slender cows,-14.973971366882324,-17.348970413208008,-13.187662124633789,-16.50016212463379,-15.272649765014648,-16.89764976501465,-13.695252418518066,-16.132753372192383,8
train,1,The slender cows,The slender cow,-13.365460395812988,-16.584209442138672,-12.245677947998047,-15.620677947998047,-13.44216537475586,-15.81716537475586,-12.320302963256836,-14.882802963256836,8
train,0,The sleepy turtle,The sleepy turtles,-12.553534507751465,-13.366034507751465,-12.265454292297363,-13.265454292297363,-12.70010757446289,-13.20010757446289,-12.5319185256958,-13.1569185256958,8
train,1,The sleepy turtles,The sleepy turtle,-11.02270793914795,-17.053958892822266,-10.989421844482422,-15.489421844482422,-11.364301681518555,-16.708051681518555,-11.381232261657715,-15.318732261657715,8
train,0,The nervous shark,The nervous sharks,-11.158218383789062,-14.470718383789062,-11.508123397827148,-14.445623397827148,-11.338472366333008,-13.775972366333008,-11.811782836914062,-13.561782836914062,8
train,1,The nervous sharks,The nervous shark,-10.569704055786133,-14.444704055786133,-10.33390998840332,-14.83390998840332,-10.832568168640137,-13.332568168640137,-10.62144660949707,-13.99644660949707,8
train,0,The calm panda,The calm pandas,-13.371621131896973,-13.934121131896973,-12.781888008117676,-13.719388008117676,-13.611414909362793,-13.861414909362793,-13.128620147705078,-13.628620147705078,8
train,1,The calm pandas,The calm panda,-12.787285804748535,-14.474785804748535,-12.469477653503418,-13.844477653503418,-13.149436950683594,-14.274436950683594,-12.75401496887207,-13.69151496887207,8
train,0,The calm frog,The calm frogs,-9.3425874710083,-12.2800874710083,-10.364855766296387,-12.802355766296387,-9.382733345031738,-11.757733345031738,-10.561742782592773,-12.311742782592773,8
train,1,The calm frogs,The calm frog,-8.811083793640137,-13.061083793640137,-8.301716804504395,-12.739216804504395,-9.042119026184082,-12.229619026184082,-8.744451522827148,-12.181951522827148,8
train,0,The small pup,The small pups,-10.951448440551758,-14.263948440551758,-13.405129432678223,-17.28013038635254,-11.326465606689453,-13.638965606689453,-13.648523330688477,-17.023523330688477,8
train,1,The small pups,The small pup,-13.384438514709473,-17.134437561035156,-13.051755905151367,-16.833005905151367,-13.587688446044922,-16.712688446044922,-13.237418174743652,-16.67491912841797,8
train,0,The nervous rat,The nervous rats,-12.257269859313965,-13.569769859313965,-11.548468589782715,-12.985968589782715,-12.293521881103516,-13.293521881103516,-11.555705070495605,-12.680705070495605,8
train,1,The nervous rats,The nervous rat,-13.012182235717773,-14.762182235717773,-12.28993034362793,-14.03993034362793,-13.03857421875,-14.16357421875,-12.401840209960938,-13.651840209960938,8
train,0,The timid rat,The timid rats,-11.992264747619629,-17.773515701293945,-11.177541732788086,-16.958791732788086,-12.320636749267578,-17.445636749267578,-11.496603012084961,-16.65285301208496,8
train,1,The timid rats,The timid rat,-13.18233871459961,-16.58858871459961,-13.079438209533691,-15.860688209533691,-13.509186744689941,-15.946686744689941,-13.240735054016113,-15.303235054016113,8
train,0,The timid chick,The timid chicks,-13.353830337524414,-15.416330337524414,-11.998272895812988,-14.185772895812988,-13.718360900878906,-15.218360900878906,-12.455522537231445,-14.143022537231445,8
train,1,The timid chicks,The timid chick,-12.141790390014648,-16.36054039001465,-11.409083366394043,-15.034083366394043,-12.211310386657715,-16.0863094329834,-11.616850852966309,-14.866850852966309,8
train,0,The quiet whale,The quiet whales,-9.62840461730957,-9.94090461730957,-10.689607620239258,-11.064607620239258,-9.91244888305664,-9.72494888305664,-11.076940536499023,-10.951940536499023,8
train,1,The quiet whales,The quiet whale,-9.536538124084473,-13.661538124084473,-9.998929977416992,-14.436429977416992,-9.77556037902832,-12.83806037902832,-10.29736042022705,-13.54736042022705,8
train,0,The timid shark,The timid sharks,-2.8406670093536377,-9.840666770935059,-2.9056293964385986,-10.21812915802002,-3.309347152709961,-7.309347152709961,-3.478834629058838,-7.916334629058838,8
train,1,The timid sharks,The timid shark,-2.282865524291992,-7.407865524291992,-1.8982151746749878,-7.335715293884277,-2.693256378173828,-6.068256378173828,-2.342313528060913,-6.342313766479492,8
train,0,The slender whale,The slender whales,-13.973556518554688,-15.567306518554688,-12.312024116516113,-13.437024116516113,-14.001194953918457,-15.376194953918457,-12.655574798583984,-13.343074798583984,8
train,1,The slender whales,The slender whale,-12.107365608215332,-14.732365608215332,-10.231380462646484,-14.293880462646484,-12.461851119995117,-14.274351119995117,-10.471028327941895,-13.846028327941895,8
train,0,The fuzzy bat,The fuzzy bats,-10.084092140197754,-15.084092140197754,-10.007328987121582,-15.007328987121582,-10.275524139404297,-14.588024139404297,-10.292485237121582,-14.479985237121582,8
train,1,The fuzzy bats,The fuzzy bat,-10.6426420211792,-15.0176420211792,-10.165067672729492,-13.665067672729492,-10.901354789733887,-13.588854789733887,-10.561586380004883,-12.811586380004883,8
train,0,The nervous rabbit,The nervous rabbits,-10.736897468566895,-12.799397468566895,-10.829095840454102,-12.829095840454102,-10.96110725402832,-12.77360725402832,-11.133975982666016,-12.758975982666016,8
train,1,The nervous rabbits,The nervous rabbit,-10.815077781677246,-14.690077781677246,-10.540160179138184,-13.852660179138184,-10.894879341125488,-14.144879341125488,-10.837020874023438,-13.587020874023438,8
train,0,The calm whale,The calm whales,-2.7510647773742676,-9.12606430053711,-3.8317654132843018,-11.206765174865723,-3.08709716796875,-6.96209716796875,-4.228516578674316,-8.978516578674316,8
train,1,The calm whales,The calm whale,-2.757869243621826,-6.257869243621826,-2.8747599124908447,-7.249759674072266,-3.2005257606506348,-5.075525760650635,-3.539294719696045,-6.039294719696045,8
train,0,The nervous kitten,The nervous kittens,-5.213214874267578,-12.588214874267578,-4.654961109161377,-12.279961585998535,-5.36882209777832,-11.11882209777832,-5.108654022216797,-10.858654022216797,8
train,1,The nervous kittens,The nervous kitten,-4.282220840454102,-8.282220840454102,-3.774009943008423,-8.774009704589844,-4.622969150543213,-7.372969150543213,-4.221523284912109,-7.971523284912109,8
train,0,The bright kitten,The bright kittens,-14.643521308898926,-15.268521308898926,-14.158249855041504,-14.408249855041504,-14.822665214538574,-15.072665214538574,-14.523170471191406,-14.335670471191406,8
train,1,The bright kittens,The bright kitten,-14.012795448303223,-17.01279640197754,-13.054837226867676,-16.367338180541992,-14.293279647827148,-16.91827964782715,-13.339077949523926,-16.214078903198242,8
train,0,The slender horse,The slender horses,-15.280925750732422,-16.312175750732422,-14.424093246459961,-14.549093246459961,-15.473198890686035,-16.22319793701172,-14.574836730957031,-14.449836730957031,8
train,1,The slender horses,The slender horse,-14.583518981933594,-16.114768981933594,-13.847342491149902,-15.659842491149902,-14.628453254699707,-16.00345230102539,-13.7896089553833,-15.4771089553833,8
train,0,The nervous turtle,The nervous turtles,-13.211115837097168,-13.711115837097168,-12.082303047180176,-12.957303047180176,-13.18099308013916,-13.43099308013916,-12.385061264038086,-12.822561264038086,8
train,1,The nervous turtles,The nervous turtle,-12.22817325592041,-15.04067325592041,-11.301257133483887,-13.988757133483887,-12.473271369934082,-14.723271369934082,-11.400813102722168,-13.650813102722168,8
train,0,The timid lion,The timid lions,-2.96475887298584,-10.21475887298584,-3.5325047969818115,-10.97000503540039,-3.2434451580047607,-7.93094539642334,-4.217415809631348,-9.092415809631348,8
train,1,The timid lions,The timid lion,-2.7293901443481445,-8.729390144348145,-2.6689021587371826,-8.793902397155762,-3.0145201683044434,-7.764520168304443,-3.1101233959198,-7.860123157501221,8
train,0,The quiet bat,The quiet bats,-2.5424349308013916,-9.167434692382812,-2.8033668994903564,-9.178366661071777,-2.749668598175049,-7.437168598175049,-3.124232292175293,-7.499232292175293,8
train,1,The quiet bats,The quiet bat,-2.2387256622314453,-7.113725662231445,-1.8881031274795532,-7.263103008270264,-2.4829235076904297,-5.35792350769043,-2.1901564598083496,-6.06515645980835,8
train,0,The fuzzy dolphin,The fuzzy dolphins,-2.6948442459106445,-9.444844245910645,-3.1951096057891846,-9.382609367370605,-2.9688527584075928,-6.968852519989014,-3.730325937271118,-6.730325698852539,8
train,1,The fuzzy dolphins,The fuzzy dolphin,-2.3621115684509277,-7.237111568450928,-1.9174519777297974,-6.917451858520508,-2.4562783241271973,-5.831278324127197,-2.272519826889038,-5.647520065307617,8
train,0,The small dolphin,The small dolphins,-2.026648759841919,-9.65164852142334,-3.1221957206726074,-10.684696197509766,-2.5589966773986816,-6.558996677398682,-3.900244951248169,-8.15024471282959,8
train,1,The small dolphins,The small dolphin,-1.9161078929901123,-7.916108131408691,-2.100761890411377,-7.850761890411377,-2.121462106704712,-6.996461868286133,-2.488370895385742,-6.988370895385742,8
train,0,The bright shark,The bright sharks,-11.706981658935547,-12.831981658935547,-12.723833084106445,-14.161333084106445,-11.998733520507812,-12.436233520507812,-12.963102340698242,-13.775602340698242,8
train,1,The bright sharks,The bright shark,-11.171207427978516,-15.046207427978516,-11.799957275390625,-15.987457275390625,-11.380868911743164,-14.193368911743164,-11.98565673828125,-15.23565673828125,8
train,0,The quiet rabbit,The quiet rabbits,-12.495320320129395,-12.807820320129395,-12.652787208557129,-13.152787208557129,-12.905275344848633,-12.842775344848633,-12.936843872070312,-13.061843872070312,8
train,1,The quiet rabbits,The quiet rabbit,-12.36960506439209,-15.05710506439209,-11.82690143585205,-14.76440143585205,-12.439556121826172,-14.752056121826172,-11.898839950561523,-14.461339950561523,8
train,0,The sleepy kit,The sleepy kits,-12.07808780670166,-16.359336853027344,-13.910646438598633,-17.691896438598633,-12.192527770996094,-16.005027770996094,-14.177332878112793,-17.30233383178711,8
train,1,The sleepy kits,The sleepy kit,-11.246537208557129,-12.371537208557129,-12.698253631591797,-15.073253631591797,-11.379060745239258,-12.066560745239258,-12.927659034729004,-14.677659034729004,8
train,0,The nervous turtle,The nervous turtles,-12.711115837097168,-13.648615837097168,-12.582303047180176,-13.894803047180176,-12.68099308013916,-13.36849308013916,-12.885061264038086,-13.760061264038086,8
train,1,The nervous turtles,The nervous turtle,-11.97817325592041,-15.22817325592041,-12.176257133483887,-14.926257133483887,-12.348271369934082,-14.973271369934082,-12.338313102722168,-14.588313102722168,8
train,0,The sleepy whale,The sleepy whales,-8.7758150100708,-12.7133150100708,-9.099311828613281,-12.661811828613281,-8.89526653289795,-12.45776653289795,-9.372862815856934,-12.435362815856934,8
train,1,The sleepy whales,The sleepy whale,-10.428743362426758,-12.241243362426758,-9.988252639770508,-11.675752639770508,-10.656938552856445,-11.406938552856445,-10.281100273132324,-11.031100273132324,8
train,0,The bright monitor,The bright monitors,-13.955649375915527,-14.393149375915527,-13.84328842163086,-15.21828842163086,-14.019750595092773,-14.269750595092773,-13.810426712036133,-14.997926712036133,8
train,1,The bright monitors,The bright monitor,-13.583820343017578,-15.896320343017578,-13.519864082336426,-15.144864082336426,-13.687050819396973,-15.624550819396973,-13.735036849975586,-14.985036849975586,8
train,0,The nervous rabbit,The nervous rabbits,-3.2368974685668945,-10.799397468566895,-3.7665958404541016,-11.391595840454102,-3.461106777191162,-9.39860725402832,-4.196475505828857,-9.696475982666016,8
train,1,The nervous rabbits,The nervous rabbit,-2.440077304840088,-7.190077304840088,-2.8526597023010254,-7.977659702301025,-2.7073793411254883,-6.082379341125488,-3.2745213508605957,-7.149521350860596,8
train,0,The timid monitor,The timid monitors,-2.2739710807800293,-8.023971557617188,-3.8764455318450928,-11.813945770263672,-2.518033027648926,-6.393033027648926,-4.357751846313477,-10.607751846313477,8
train,1,The timid monitors,The timid monitor,-2.9736623764038086,-9.223662376403809,-2.18922758102417,-8.439228057861328,-3.297187328338623,-7.922187328338623,-2.4684898853302,-7.468490123748779,8
train,0,The timid kitten,The timid kittens,-4.240572929382324,-12.678072929382324,-4.647057056427002,-12.709556579589844,-4.6052470207214355,-11.292747497558594,-4.986272811889648,-11.298772811889648,8
train,1,The timid kittens,The timid kitten,-3.8218929767608643,-9.696892738342285,-3.2950680255889893,-9.04506778717041,-4.1593427658081055,-8.909342765808105,-3.8317573070526123,-8.456757545471191,8
train,0,The fuzzy turtle,The fuzzy turtles,-10.224119186401367,-12.036619186401367,-10.480331420898438,-12.542831420898438,-10.394156455993652,-11.831656455993652,-10.943456649780273,-12.318456649780273,8
train,1,The fuzzy turtles,The fuzzy turtle,-9.480319023132324,-15.042819023132324,-9.2206449508667,-15.1581449508667,-9.71853256225586,-13.90603256225586,-9.611368179321289,-14.173868179321289,8
train,0,The sleepy rat,The sleepy rats,-14.420149803161621,-15.607649803161621,-13.41309642791748,-14.91309642791748,-14.450403213500977,-15.512903213500977,-13.509090423583984,-14.634090423583984,8
train,1,The sleepy rats,The sleepy rat,-13.155891418457031,-16.03089141845703,-12.579432487487793,-14.891932487487793,-13.513251304626465,-15.763251304626465,-12.79658317565918,-14.67158317565918,8
train,0,The quiet horse,The quiet horses,-11.924629211425781,-13.987129211425781,-12.130003929138184,-14.442503929138184,-12.217656135559082,-13.780156135559082,-12.266040802001953,-14.016040802001953,8
train,1,The quiet horses,The quiet horse,-11.809103965759277,-15.059103965759277,-11.595108032226562,-15.438858032226562,-12.043817520141602,-14.543817520141602,-11.85040283203125,-14.91290283203125,8
train,0,The calm horse,The calm horses,-11.136466026306152,-14.761466026306152,-10.710281372070312,-14.585281372070312,-11.390768051147461,-14.078268051147461,-10.936820030212402,-13.936820030212402,8
train,1,The calm horses,The calm horse,-11.093806266784668,-15.343806266784668,-10.564469337463379,-15.064469337463379,-11.36782169342041,-14.68032169342041,-10.776909828186035,-14.276909828186035,8
train,0,The fuzzy panda,The fuzzy pandas,-12.23034954071045,-13.73034954071045,-11.233898162841797,-12.983898162841797,-12.575193405151367,-13.762693405151367,-11.550326347351074,-12.862826347351074,8
train,1,The fuzzy pandas,The fuzzy panda,-13.299384117126465,-15.174384117126465,-11.954719543457031,-13.892219543457031,-13.523974418640137,-14.523974418640137,-12.295754432678223,-13.358254432678223,8
train,0,The sleepy horse,The sleepy horses,-4.085330009460449,-10.96033000946045,-3.314807176589966,-10.314806938171387,-4.2679033279418945,-9.392903327941895,-3.879606008529663,-8.129606246948242,8
train,1,The sleepy horses,The sleepy horse,-2.9237380027770996,-8.611237525939941,-2.38682222366333,-8.074321746826172,-3.047407627105713,-7.609907627105713,-2.6464943885803223,-7.021494388580322,8
train,0,The sleepy dog,The sleepy dogs,-4.399181842803955,-12.024181365966797,-4.3759894371032715,-11.93848991394043,-4.572072505950928,-10.69707202911377,-4.64756965637207,-10.33506965637207,8
train,1,The sleepy dogs,The sleepy dog,-3.4616451263427734,-8.211645126342773,-2.6132373809814453,-8.300737380981445,-3.766571044921875,-7.516571044921875,-3.054637908935547,-7.554637908935547,8
train,0,The sleepy doe,The sleepy does,-13.874675750732422,-16.562175750732422,-12.820127487182617,-14.507627487182617,-14.182154655456543,-16.182153701782227,-13.057406425476074,-14.307406425476074,8
train,1,The sleepy does,The sleepy doe,-12.287880897521973,-14.287880897521973,-12.190492630004883,-14.065492630004883,-12.271333694458008,-14.271333694458008,-12.276653289794922,-14.214153289794922,8
train,0,The bright cow,The bright cows,-2.7717175483703613,-8.709217071533203,-3.6820263862609863,-9.994526863098145,-2.9319305419921875,-6.4319305419921875,-4.035930633544922,-8.160930633544922,8
train,1,The bright cows,The bright cow,-1.9002437591552734,-7.275243759155273,-2.304962396621704,-6.929962158203125,-2.0687270164489746,-6.193727016448975,-2.816660165786743,-6.066659927368164,8
train,0,The quiet pup,The quiet pups,-10.099014282226562,-13.786514282226562,-11.064047813415527,-14.751547813415527,-10.4385404586792,-13.5010404586792,-11.279536247253418,-14.342036247253418,8
train,1,The quiet pups,The quiet pup,-11.226548194885254,-13.164048194885254,-11.496617317199707,-13.496617317199707,-11.616955757141113,-12.804455757141113,-11.67445182800293,-13.11195182800293,8
train,0,The nervous cow,The nervous cows,-9.958852767944336,-10.333852767944336,-11.368803977966309,-12.118803977966309,-9.930057525634766,-9.992557525634766,-11.545551300048828,-11.920551300048828,8
train,1,The nervous cows,The nervous cow,-9.512292861938477,-12.637292861938477,-9.487624168395996,-12.987624168395996,-9.770261764526367,-12.332761764526367,-9.804588317871094,-12.742088317871094,8
train,0,The quiet shark,The quiet sharks,-12.999894142150879,-16.124895095825195,-13.216217041015625,-16.028717041015625,-13.267555236816406,-15.705055236816406,-13.52301025390625,-15.64801025390625,8
train,1,The quiet sharks,The quiet shark,-13.4711275100708,-16.564878463745117,-13.402771949768066,-16.90277099609375,-13.957409858703613,-15.519909858703613,-13.816688537597656,-16.097938537597656,8
train,0,The calm cow,The calm cows,-12.19478988647461,-15.63228988647461,-10.819787979125977,-15.194787979125977,-12.359314918518066,-14.671814918518066,-11.145689010620117,-14.708189010620117,8
train,1,The calm cows,The calm cow,-11.4865140914917,-14.5490140914917,-11.24020767211914,-13.74020767211914,-11.608442306518555,-13.983442306518555,-11.388761520385742,-13.263761520385742,8
train,0,The nervous frog,The nervous frogs,-12.220325469970703,-12.907825469970703,-12.086974143981934,-12.711974143981934,-12.610751152038574,-12.735751152038574,-12.558075904846191,-12.620575904846191,8
train,1,The nervous frogs,The nervous frog,-12.05429458618164,-15.24179458618164,-11.450580596923828,-14.825580596923828,-12.268553733825684,-14.643553733825684,-11.59084415435791,-14.40334415435791,8
train,0,The small lion,The small lions,-10.900309562683105,-15.025309562683105,-11.699923515319824,-16.012422561645508,-11.181563377380371,-14.556563377380371,-12.0503568649292,-15.6753568649292,8
train,1,The small lions,The small lion,-10.476531028747559,-15.414031028747559,-11.056793212890625,-15.556793212890625,-10.791420936584473,-14.978920936584473,-11.454374313354492,-15.016874313354492,8
train,0,The timid dolphin,The timid dolphins,-10.022871017456055,-13.210371017456055,-9.636552810668945,-12.574052810668945,-10.399286270141602,-12.336786270141602,-9.970520973205566,-11.845520973205566,8
train,1,The timid dolphins,The timid dolphin,-10.248043060302734,-15.623043060302734,-8.838107109069824,-13.713107109069824,-10.217077255249023,-15.029577255249023,-8.896066665649414,-13.271066665649414,8
train,0,The bright bat,The bright bats,-17.08770179748535,-18.68145179748535,-15.80313777923584,-17.740636825561523,-17.04944610595703,-18.48694610595703,-15.98100471496582,-17.76225471496582,8
train,1,The bright bats,The bright bat,-15.429753303527832,-17.273502349853516,-14.507798194885254,-15.507798194885254,-15.41563892364502,-16.634387969970703,-14.537622451782227,-15.100122451782227,8
train,0,The small doe,The small does,-12.440010070800781,-14.565010070800781,-12.451322555541992,-14.326322555541992,-12.654038429260254,-14.091538429260254,-12.676899909973145,-14.239399909973145,8
train,1,The small does,The small doe,-13.344267845153809,-15.906767845153809,-12.50514030456543,-14.94264030456543,-13.405889511108398,-15.780889511108398,-12.346488952636719,-14.783988952636719,8
train,0,The small bat,The small bats,-8.956524848937988,-11.581524848937988,-10.623950958251953,-11.811450958251953,-8.762147903442383,-11.199647903442383,-10.683171272277832,-11.558171272277832,8
train,1,The small bats,The small bat,-10.721708297729492,-13.659208297729492,-8.91572093963623,-13.22822093963623,-10.73237419128418,-12.79487419128418,-9.040182113647461,-12.602682113647461,8
train,0,The quiet kitten,The quiet kittens,-12.219233512878418,-13.406733512878418,-12.912458419799805,-13.349958419799805,-12.398632049560547,-13.148632049560547,-13.254387855529785,-13.316887855529785,8
train,1,The quiet kittens,The quiet kitten,-12.390865325927734,-15.765865325927734,-11.759170532226562,-15.071670532226562,-12.931496620178223,-15.743996620178223,-12.110260963439941,-14.922760963439941,8
train,0,The nervous dolphin,The nervous dolphins,-13.729757308959961,-16.16725730895996,-12.743719100952148,-15.181219100952148,-14.021330833435059,-15.271330833435059,-13.101523399353027,-14.226523399353027,8
train,1,The nervous dolphins,The nervous dolphin,-12.581219673156738,-17.331220626831055,-11.372435569763184,-16.684934616088867,-12.75036334991455,-16.625362396240234,-11.47450065612793,-16.09950065612793,8
train,0,The small monitor,The small monitors,-14.450672149658203,-15.950672149658203,-14.534110069274902,-17.096609115600586,-14.434243202209473,-15.809243202209473,-14.584556579589844,-16.959556579589844,8
train,1,The small monitors,The small monitor,-13.75914478302002,-16.259145736694336,-13.270158767700195,-15.270158767700195,-14.014792442321777,-15.952292442321777,-13.654449462890625,-15.091949462890625,8
train,0,The bright pup,The bright pups,-3.6550183296203613,-8.530017852783203,-4.350549697875977,-9.600549697875977,-3.962796688079834,-6.650296688079834,-4.800044536590576,-8.175044059753418,8
train,1,The bright pups,The bright pup,-4.020157814025879,-8.395157814025879,-3.592303514480591,-8.092303276062012,-4.234951019287109,-7.734951019287109,-3.7118070125579834,-7.336806774139404,8
train,0,The sleepy panda,The sleepy pandas,-9.3253173828125,-13.7003173828125,-8.609052658081055,-13.109052658081055,-9.34389591217041,-13.53139591217041,-9.034083366394043,-12.909083366394043,8
train,1,The sleepy pandas,The sleepy panda,-11.11775016784668,-12.68025016784668,-10.517905235290527,-11.892905235290527,-11.296204566955566,-11.921204566955566,-10.73843002319336,-11.30093002319336,8
train,0,The calm chick,The calm chicks,-3.9841904640197754,-8.796689987182617,-3.5477027893066406,-9.92270278930664,-4.409296989440918,-7.846796989440918,-3.864032745361328,-8.676532745361328,8
train,1,The calm chicks,The calm chick,-3.3097658157348633,-7.434765815734863,-2.8552136421203613,-7.605213642120361,-3.640704393386841,-6.765704154968262,-3.1406803131103516,-6.765680313110352,8
train,0,The nervous shark,The nervous sharks,-14.470718383789062,-16.626968383789062,-14.445623397827148,-16.38312339782715,-14.650972366333008,-15.963472366333008,-14.686782836914062,-15.499282836914062,8
train,1,The nervous sharks,The nervous shark,-12.819704055786133,-16.538454055786133,-12.83390998840332,-16.89640998840332,-13.020068168640137,-15.645068168640137,-13.05894660949707,-16.24644660949707,8
train,0,The slender frog,The slender frogs,-9.902005195617676,-11.464505195617676,-11.109061241149902,-12.796561241149902,-10.003795623779297,-11.066295623779297,-11.294649124145508,-12.607149124145508,8
train,1,The slender frogs,The slender frog,-8.991656303405762,-14.054156303405762,-9.763099670410156,-13.888099670410156,-9.309959411621094,-12.934959411621094,-9.949576377868652,-13.137076377868652,8
train,0,The small pup,The small pups,-2.576448440551758,-7.826448440551758,-4.280129909515381,-10.905129432678223,-2.826465606689453,-5.576465606689453,-4.523523330688477,-9.648523330688477,8
train,1,The small pups,The small pup,-3.3219382762908936,-9.696938514709473,-2.8017561435699463,-8.989255905151367,-3.6501882076263428,-8.900188446044922,-3.1124181747436523,-8.362418174743652,8
train,0,The nervous bat,The nervous bats,-9.679049491882324,-14.429049491882324,-11.042888641357422,-14.980388641357422,-9.759751319885254,-13.572251319885254,-11.283269882202148,-14.283269882202148,8
train,1,The nervous bats,The nervous bat,-8.969841003417969,-12.469841003417969,-9.009969711303711,-13.009969711303711,-9.290055274963379,-11.915055274963379,-9.281594276428223,-12.594094276428223,8
train,0,The timid pup,The timid pups,-12.632628440856934,-14.070128440856934,-12.897926330566406,-13.397926330566406,-13.025962829589844,-14.025962829589844,-13.266990661621094,-13.454490661621094,8
train,1,The timid pups,The timid pup,-12.593888282775879,-15.593888282775879,-12.141144752502441,-15.453644752502441,-12.706029891967773,-15.331029891967773,-12.203551292419434,-15.328551292419434,8
train,0,The quiet turtle,The quiet turtles,-6.142395973205566,-10.329895973205566,-7.170661926269531,-11.045661926269531,-6.523416042327881,-10.210916519165039,-7.456637382507324,-10.769137382507324,8
train,1,The quiet turtles,The quiet turtle,-8.190698623657227,-11.128198623657227,-8.14404010772705,-11.14404010772705,-8.612054824829102,-10.674554824829102,-8.333578109741211,-10.708578109741211,8
train,0,The timid pup,The timid pups,-10.507628440856934,-14.820128440856934,-10.272926330566406,-15.022926330566406,-10.650962829589844,-13.900962829589844,-10.516990661621094,-14.266990661621094,8
train,1,The timid pups,The timid pup,-8.906388282775879,-13.906388282775879,-8.703644752502441,-13.641144752502441,-9.143529891967773,-13.456029891967773,-8.828551292419434,-13.391051292419434,8
train,0,The fuzzy rabbit,The fuzzy rabbits,-11.803403854370117,-14.740903854370117,-11.55785083770752,-14.87035083770752,-11.997879028320312,-14.435379028320312,-11.744527816772461,-14.557027816772461,8
train,1,The fuzzy rabbits,The fuzzy rabbit,-11.690415382385254,-15.065415382385254,-11.60473346710205,-14.29223346710205,-11.85591983795166,-14.29341983795166,-11.966483116149902,-13.716483116149902,8
train,0,The small chick,The small chicks,-3.4985392093658447,-9.936038970947266,-3.6949462890625,-11.0699462890625,-3.957806348800659,-8.207806587219238,-4.169864177703857,-9.919864654541016,8
train,1,The small chicks,The small chick,-2.456907272338867,-9.019407272338867,-2.451829671859741,-8.32682991027832,-2.9456253051757812,-8.320625305175781,-2.944652795791626,-7.819652557373047,8
train,0,The nervous whale,The nervous whales,-13.715022087097168,-16.62127113342285,-14.3939208984375,-16.5814208984375,-13.806709289550781,-16.30670928955078,-14.660167694091797,-16.222667694091797,8
train,1,The nervous whales,The nervous whale,-14.609500885009766,-16.672000885009766,-13.967011451721191,-17.560760498046875,-14.948888778686523,-16.136388778686523,-14.199889183044434,-16.949888229370117,8
train,0,The small bat,The small bats,-13.456524848937988,-18.269023895263672,-12.248950958251953,-15.623950958251953,-13.262147903442383,-17.793397903442383,-12.308171272277832,-15.245671272277832,8
train,1,The small bats,The small bat,-14.034208297729492,-17.877958297729492,-12.47822093963623,-16.321971893310547,-14.04487419128418,-16.66987419128418,-12.540182113647461,-15.571432113647461,8
train,0,The fuzzy horse,The fuzzy horses,-2.7622971534729004,-9.449796676635742,-3.145874500274658,-9.7708740234375,-2.9571335315704346,-7.7696332931518555,-3.6712570190429688,-7.796257019042969,8
train,1,The fuzzy horses,The fuzzy horse,-2.4290902614593506,-8.24159049987793,-2.4717659950256348,-7.721765995025635,-2.6349563598632812,-6.884956359863281,-2.900125503540039,-6.400125503540039,8
train,0,The slender doe,The slender does,-11.561515808105469,-15.311515808105469,-11.149677276611328,-14.712177276611328,-11.588154792785645,-14.525654792785645,-11.327091217041016,-14.077091217041016,8
train,1,The slender does,The slender doe,-11.45916748046875,-15.27166748046875,-11.605022430419922,-14.480022430419922,-11.397199630737305,-15.209699630737305,-11.310013771057129,-14.810013771057129,8
train,0,The sleepy doe,The sleepy does,-7.937175750732422,-12.187175750732422,-9.695127487182617,-13.507627487182617,-8.119654655456543,-11.119654655456543,-9.869906425476074,-12.869906425476074,8
train,1,The sleepy does,The sleepy doe,-10.100380897521973,-13.662880897521973,-9.690492630004883,-12.502992630004883,-10.083833694458008,-13.708833694458008,-9.589153289794922,-12.776653289794922,8
train,0,The calm rat,The calm rats,-12.886632919311523,-15.636632919311523,-13.35488510131836,-16.44863510131836,-13.197131156921387,-15.509631156921387,-13.614160537719727,-16.332910537719727,8
train,1,The calm rats,The calm rat,-13.50590991973877,-16.912160873413086,-14.164941787719727,-17.571191787719727,-13.882171630859375,-15.944671630859375,-14.384085655212402,-16.759084701538086,8
train,0,The slender kitten,The slender kittens,-15.571636199951172,-16.009136199951172,-15.505040168762207,-15.505040168762207,-15.982165336608887,-16.232166290283203,-15.808557510375977,-15.558557510375977,8
train,1,The slender kittens,The slender kitten,-15.04399585723877,-19.075246810913086,-13.809558868408203,-17.340808868408203,-15.38500690460205,-18.978755950927734,-14.053201675415039,-17.24070167541504,8
train,0,The slender lion,The slender lions,-10.658550262451172,-13.283550262451172,-10.712272644042969,-13.399772644042969,-11.068016052246094,-13.193016052246094,-10.984231948852539,-13.296731948852539,8
train,1,The slender lions,The slender lion,-12.482269287109375,-14.732269287109375,-11.10723876953125,-13.29473876953125,-12.859679222106934,-14.609679222106934,-11.358155250549316,-12.920655250549316,8
train,0,The small horse,The small horses,-3.5525341033935547,-10.927534103393555,-3.2928709983825684,-11.167871475219727,-3.859281539916992,-9.171781539916992,-4.098485469818115,-9.160985946655273,8
train,1,The small horses,The small horse,-2.4163873195648193,-8.666387557983398,-2.4172825813293457,-8.229782104492188,-2.5999183654785156,-7.224918365478516,-2.7427074909210205,-6.992707252502441,8
train,0,The quiet rat,The quiet rats,-7.787792682647705,-10.975292205810547,-8.121088027954102,-11.433588027954102,-8.129661560058594,-10.817161560058594,-8.438936233520508,-11.188936233520508,8
train,1,The quiet rats,The quiet rat,-9.753133773803711,-13.190633773803711,-8.44421100616455,-12.63171100616455,-9.948698997497559,-12.511198997497559,-8.648174285888672,-12.023174285888672,8
train,0,The sleepy rat,The sleepy rats,-11.232649803161621,-12.795149803161621,-11.22559642791748,-12.97559642791748,-11.450403213500977,-12.887903213500977,-11.571590423583984,-12.946590423583984,8
train,1,The sleepy rats,The sleepy rat,-11.155891418457031,-13.905891418457031,-11.266932487487793,-14.016932487487793,-11.388251304626465,-13.638251304626465,-11.35908317565918,-13.67158317565918,8
train,0,The nervous dog,The nervous dogs,-4.6374287605285645,-11.637429237365723,-4.387105464935303,-11.762105941772461,-4.669597625732422,-10.044597625732422,-4.9242706298828125,-10.236770629882812,8
train,1,The nervous dogs,The nervous dog,-2.969731330871582,-7.719731330871582,-3.0935280323028564,-8.093527793884277,-3.056365966796875,-6.931365966796875,-3.552995204925537,-7.427995204925537,8
train,0,The small lion,The small lions,-13.337809562683105,-14.837809562683105,-14.199923515319824,-15.387423515319824,-13.681563377380371,-14.744063377380371,-14.6128568649292,-15.3628568649292,8
train,1,The small lions,The small lion,-13.289031028747559,-16.914031982421875,-13.119293212890625,-16.931793212890625,-13.478920936584473,-16.603919982910156,-13.329374313354492,-16.454374313354492,8
train,0,The slender chick,The slender chicks,-3.061155319213867,-6.311155319213867,-3.170999526977539,-8.045999526977539,-3.4673266410827637,-4.967326641082764,-3.6432857513427734,-6.643285751342773,8
train,1,The slender chicks,The slender chick,-2.962087631225586,-8.587087631225586,-2.491368055343628,-8.116368293762207,-3.3577661514282227,-7.857766151428223,-2.6742382049560547,-7.424238204956055,8
train,0,The slender turtle,The slender turtles,-13.66177749633789,-16.59927749633789,-11.893217086791992,-15.205717086791992,-13.798145294189453,-16.454395294189453,-12.264269828796387,-15.076769828796387,8
train,1,The slender turtles,The slender turtle,-11.005208015441895,-15.692708015441895,-10.513643264770508,-14.763643264770508,-11.215131759643555,-15.152631759643555,-10.550950050354004,-14.175950050354004,8
train,0,The nervous pup,The nervous pups,-3.510653495788574,-7.948153495788574,-3.8118183612823486,-8.43681812286377,-3.883965492248535,-6.571465492248535,-4.460068225860596,-6.960068225860596,8
train,1,The nervous pups,The nervous pup,-3.499540328979492,-7.499540328979492,-2.8340377807617188,-8.084037780761719,-3.7175018787384033,-6.717501640319824,-3.036644220352173,-7.536643981933594,8
train,0,The small dog,The small dogs,-2.9084835052490234,-11.345983505249023,-4.582667827606201,-12.770167350769043,-3.11246919631958,-9.862469673156738,-4.9434309005737305,-11.56843090057373,8
train,1,The small dogs,The small dog,-2.222886562347412,-8.410386085510254,-3.0571658611297607,-9.18216609954834,-2.418755054473877,-7.168755054473877,-3.3875155448913574,-8.3875150680542,8
train,0,The slender dolphin,The slender dolphins,-10.214200973510742,-13.714200973510742,-10.128578186035156,-14.253578186035156,-10.281070709228516,-12.968570709228516,-10.428309440612793,-13.303309440612793,8
train,1,The slender dolphins,The slender dolphin,-9.662010192871094,-14.349510192871094,-9.38520622253418,-14.07270622253418,-9.909717559814453,-13.784717559814453,-9.615215301513672,-13.677715301513672,8
train,0,The bright dog,The bright dogs,-13.14501667022705,-13.77001667022705,-13.78662395477295,-14.41162395477295,-13.397275924682617,-13.647275924682617,-14.138978004455566,-14.388978004455566,8
train,1,The bright dogs,The bright dog,-12.679031372070312,-15.491531372070312,-13.282962799072266,-16.157962799072266,-13.008234977722168,-15.258234977722168,-13.585052490234375,-15.960052490234375,8
train,0,The nervous lion,The nervous lions,-3.664170026779175,-9.601670265197754,-4.307183742523193,-10.369684219360352,-4.040931701660156,-7.540931701660156,-4.776110649108887,-8.526110649108887,8
train,1,The nervous lions,The nervous lion,-3.515934944152832,-7.390934944152832,-3.18445086479187,-7.934450626373291,-3.6518943309783936,-6.276894569396973,-3.7728865146636963,-6.897886753082275,8
train,0,The timid turtle,The timid turtles,-14.880064010620117,-17.817564010620117,-13.713367462158203,-16.213367462158203,-15.302608489990234,-17.521358489990234,-14.093833923339844,-16.093833923339844,8
train,1,The timid turtles,The timid turtle,-14.136313438415527,-18.823814392089844,-13.026902198791504,-16.620651245117188,-14.223875045776367,-18.223875045776367,-13.298286437988281,-16.14203643798828,8
train,0,The bright whale,The bright whales,-9.439862251281738,-11.314862251281738,-10.667990684509277,-12.230490684509277,-9.701171875,-10.763671875,-11.015365600585938,-11.702865600585938,8
train,1,The bright whales,The bright whale,-8.63528060913086,-12.94778060913086,-8.351980209350586,-13.601980209350586,-8.81127643585205,-11.93627643585205,-8.690866470336914,-12.628366470336914,8
train,0,The slender panda,The slender pandas,-4.841509819030762,-11.279009819030762,-3.247053384780884,-10.434553146362305,-5.015020370483398,-8.640020370483398,-4.004183292388916,-8.254182815551758,8
train,1,The slender pandas,The slender panda,-3.181784152984619,-8.181784629821777,-2.3447396755218506,-7.5947394371032715,-3.3898448944091797,-6.88984489440918,-2.987060308456421,-6.612060070037842,8
train,0,The small dog,The small dogs,-6.283483505249023,-10.845983505249023,-8.832667350769043,-12.832667350769043,-6.36246919631958,-10.612469673156738,-9.06843090057373,-12.75593090057373,8
train,1,The small dogs,The small dog,-8.910386085510254,-10.847886085510254,-10.30716609954834,-11.86966609954834,-9.043755531311035,-10.231255531311035,-10.5750150680542,-11.5750150680542,8
train,0,The quiet horse,The quiet horses,-11.424629211425781,-12.987129211425781,-10.755003929138184,-13.442503929138184,-11.655156135559082,-12.655156135559082,-11.078540802001953,-13.078540802001953,8
train,1,The quiet horses,The quiet horse,-11.309103965759277,-14.746603965759277,-10.657608032226562,-14.407608032226562,-11.606317520141602,-14.231317520141602,-11.03790283203125,-13.97540283203125,8
train,0,The small kit,The small kits,-4.422110557556152,-11.234610557556152,-5.085044860839844,-12.397544860839844,-4.626623153686523,-9.564123153686523,-5.4354472160339355,-10.872946739196777,8
train,1,The small kits,The small kit,-2.2635629177093506,-5.63856315612793,-4.010179042816162,-9.260178565979004,-2.401108741760254,-4.901108741760254,-4.261631011962891,-8.38663101196289,8
train,0,The nervous bat,The nervous bats,-9.804049491882324,-15.272799491882324,-11.667888641357422,-16.417888641357422,-9.947251319885254,-14.947251319885254,-11.970769882202148,-16.22076988220215,8
train,1,The nervous bats,The nervous bat,-11.907341003417969,-14.719841003417969,-12.822469711303711,-15.822469711303711,-12.165055274963379,-13.602555274963379,-13.094094276428223,-15.094094276428223,8
train,0,The sleepy turtle,The sleepy turtles,-13.303534507751465,-14.928534507751465,-13.077954292297363,-14.452954292297363,-13.32510757446289,-14.63760757446289,-13.2819185256958,-14.3444185256958,8
train,1,The sleepy turtles,The sleepy turtle,-12.71020793914795,-15.74145793914795,-12.239421844482422,-14.739421844482422,-12.989301681518555,-15.489301681518555,-12.443732261657715,-14.443732261657715,8
train,0,The sleepy whale,The sleepy whales,-2.650815486907959,-9.9633150100708,-3.5993123054504395,-10.724311828613281,-2.895266532897949,-8.02026653289795,-4.060362815856934,-8.435362815856934,8
train,1,The sleepy whales,The sleepy whale,-2.616243839263916,-6.241243839263916,-2.4882521629333496,-6.86325216293335,-2.9694390296936035,-4.9694390296936035,-3.093600273132324,-5.718600273132324,8
train,0,The timid pup,The timid pups,-14.195128440856934,-14.570128440856934,-15.272926330566406,-15.147926330566406,-14.463462829589844,-14.400962829589844,-15.454490661621094,-14.954490661621094,8
train,1,The timid pups,The timid pup,-14.156388282775879,-17.781387329101562,-14.453644752502441,-18.391143798828125,-14.331029891967773,-17.581029891967773,-14.703551292419434,-18.391050338745117,8
train,0,The small kitten,The small kittens,-13.523730278015137,-16.27372932434082,-13.753434181213379,-15.815934181213379,-13.894688606262207,-16.207189559936523,-14.062856674194336,-15.750356674194336,8
train,1,The small kittens,The small kitten,-14.847264289855957,-18.159765243530273,-14.037270545959473,-16.974769592285156,-15.11870288848877,-17.868701934814453,-14.185754776000977,-16.623254776000977,8
train,0,The small shark,The small sharks,-12.368236541748047,-14.680736541748047,-12.50218391418457,-14.43968391418457,-12.629841804504395,-14.379841804504395,-12.714807510375977,-14.152307510375977,8
train,1,The small sharks,The small shark,-11.506364822387695,-15.381364822387695,-11.643379211425781,-15.143379211425781,-11.761394500732422,-14.823894500732422,-11.929129600524902,-14.679129600524902,8
train,0,The small panda,The small pandas,-15.858158111572266,-19.545658111572266,-13.658113479614258,-17.845613479614258,-16.09305763244629,-19.24930763244629,-14.1041898727417,-17.666688919067383,8
train,1,The small pandas,The small panda,-14.757686614990234,-18.038936614990234,-14.197956085205078,-16.604206085205078,-15.066987037658691,-17.410737991333008,-14.421783447265625,-16.046783447265625,8
train,0,The small doe,The small does,-14.815010070800781,-16.90876007080078,-13.826322555541992,-15.263822555541992,-15.154038429260254,-16.716537475585938,-14.114399909973145,-15.301899909973145,8
train,1,The small does,The small doe,-13.906767845153809,-17.406766891479492,-13.56764030456543,-17.09889030456543,-13.905889511108398,-17.3433895111084,-13.533988952636719,-17.03398895263672,8
train,0,The bright rat,The bright rats,-11.396021842956543,-15.646021842956543,-12.05284309387207,-15.99034309387207,-11.482939720153809,-14.982939720153809,-12.261652946472168,-15.511652946472168,8
train,1,The bright rats,The bright rat,-10.86795711517334,-14.49295711517334,-10.91018009185791,-14.03518009185791,-11.328664779663086,-14.016164779663086,-11.239691734313965,-13.677191734313965,8
train,0,The bright turtle,The bright turtles,-9.642560958862305,-12.955060958862305,-9.898926734924316,-12.773926734924316,-9.900247573852539,-12.650247573852539,-10.155787467956543,-12.468287467956543,8
train,1,The bright turtles,The bright turtle,-8.91513442993164,-13.91513442993164,-9.46125316619873,-13.33625316619873,-9.20252799987793,-13.32752799987793,-9.87773609161377,-12.75273609161377,8
train,0,The small kitten,The small kittens,-3.8987298011779785,-12.836230278015137,-4.753433704376221,-13.190934181213379,-4.019689083099365,-11.207188606262207,-5.000356674194336,-11.937856674194336,8
train,1,The small kittens,The small kitten,-3.409764289855957,-10.284764289855957,-3.3497703075408936,-9.474770545959473,-3.7437026500701904,-9.49370288848877,-3.8107550144195557,-8.685754776000977,8
train,0,The sleepy chick,The sleepy chicks,-11.836796760559082,-13.899296760559082,-11.118765830993652,-13.743765830993652,-12.111335754394531,-13.673835754394531,-11.5558500289917,-13.5558500289917,8
train,1,The sleepy chicks,The sleepy chick,-11.987305641174316,-15.424805641174316,-12.038458824157715,-15.100958824157715,-12.150903701782227,-14.963403701782227,-12.124685287475586,-14.687185287475586,8
train,0,The bright chick,The bright chicks,-13.534441947937012,-15.628191947937012,-13.637948036193848,-15.950448036193848,-14.062702178955078,-15.343952178955078,-13.838672637939453,-15.463672637939453,8
train,1,The bright chicks,The bright chick,-13.1740140914917,-16.580263137817383,-14.22415542602539,-16.66165542602539,-13.340810775756836,-16.309560775756836,-14.422167778015137,-16.35966682434082,8
train,0,The sleepy lion,The sleepy lions,-10.27151107788086,-13.20901107788086,-10.583108901977539,-12.708108901977539,-10.426216125488281,-13.113716125488281,-10.859818458557129,-12.484818458557129,8
train,1,The sleepy lions,The sleepy lion,-11.612409591674805,-13.674909591674805,-11.122751235961914,-13.435251235961914,-11.988828659057617,-13.238828659057617,-11.474495887756348,-12.911995887756348,8
train,0,The sleepy shark,The sleepy sharks,-10.498805046081543,-14.748805046081543,-10.699850082397461,-14.199850082397461,-10.672722816467285,-14.235222816467285,-11.143267631530762,-13.643267631530762,8
train,1,The sleepy sharks,The sleepy shark,-11.353487968444824,-13.978487968444824,-10.925299644470215,-14.050299644470215,-11.810037612915039,-13.060037612915039,-11.296818733215332,-13.359318733215332,8
train,0,The fuzzy bat,The fuzzy bats,-10.959092140197754,-15.459092140197754,-11.319828987121582,-15.632328987121582,-11.213024139404297,-15.213024139404297,-11.604985237121582,-15.292485237121582,8
train,1,The fuzzy bats,The fuzzy bat,-12.5176420211792,-14.3301420211792,-12.290067672729492,-14.352567672729492,-12.776354789733887,-12.901354789733887,-12.436586380004883,-13.374086380004883,8
train,0,The nervous doe,The nervous does,-12.360885620117188,-13.048385620117188,-10.351550102233887,-11.414050102233887,-12.497294425964355,-12.372294425964355,-10.543396949768066,-10.855896949768066,8
train,1,The nervous does,The nervous doe,-10.436782836914062,-15.436782836914062,-9.707369804382324,-14.019869804382324,-10.319051742553711,-15.319051742553711,-9.538528442382812,-14.476028442382812,8
train,0,The bright frog,The bright frogs,-12.862932205200195,-14.394182205200195,-13.813416481018066,-15.063416481018066,-13.048168182373047,-14.110668182373047,-14.062234878540039,-14.812234878540039,8
train,1,The bright frogs,The bright frog,-13.068583488464355,-19.22483253479004,-12.474446296691895,-16.161945343017578,-13.21293830871582,-18.27543830871582,-12.769767761230469,-15.707267761230469,8
train,0,The timid panda,The timid pandas,-12.428879737854004,-16.99138069152832,-10.307852745056152,-14.620352745056152,-12.507987022399902,-16.132986068725586,-10.67847728729248,-13.99097728729248,8
train,1,The timid pandas,The timid panda,-9.121816635131836,-13.746816635131836,-8.934228897094727,-12.934228897094727,-9.360323905944824,-12.985323905944824,-9.327750205993652,-12.452750205993652,8
train,0,The bright dolphin,The bright dolphins,-10.044795989990234,-12.982295989990234,-10.803568840026855,-13.428568840026855,-10.360620498657227,-12.673120498657227,-11.063325881958008,-13.125825881958008,8
train,1,The bright dolphins,The bright dolphin,-11.820124626159668,-14.382624626159668,-11.661060333251953,-13.848560333251953,-12.033260345458984,-13.908260345458984,-11.917102813720703,-13.417102813720703,8
train,0,The fuzzy kit,The fuzzy kits,-11.74692440032959,-13.05942440032959,-13.565484046936035,-16.25298500061035,-11.893697738647461,-12.831197738647461,-13.873600006103516,-16.123600006103516,8
train,1,The fuzzy kits,The fuzzy kit,-10.858407020568848,-11.608407020568848,-13.583869934082031,-15.708869934082031,-11.206990242004395,-11.519490242004395,-13.98184585571289,-15.23184585571289,8
train,0,The calm cow,The calm cows,-3.6947903633117676,-9.63228988647461,-3.8822882175445557,-10.569787979125977,-3.8593149185180664,-7.234314918518066,-4.333189487457275,-8.833189010620117,8
train,1,The calm cows,The calm cow,-2.424014091491699,-7.299014091491699,-2.427708148956299,-7.302708148956299,-2.7959423065185547,-6.295942306518555,-2.888761520385742,-6.263761520385742,8
train,0,The sleepy dog,The sleepy dogs,-13.149181365966797,-16.742931365966797,-12.12598991394043,-15.68848991394043,-13.32207202911377,-16.415822982788086,-12.39756965637207,-15.33506965637207,8
train,1,The sleepy dogs,The sleepy dog,-12.336645126342773,-16.086645126342773,-10.800737380981445,-15.550737380981445,-12.579071044921875,-15.579071044921875,-10.992137908935547,-15.054637908935547,8
train,0,The sleepy whale,The sleepy whales,-11.7758150100708,-13.7133150100708,-12.599311828613281,-13.786811828613281,-11.95776653289795,-13.45776653289795,-12.997862815856934,-13.497862815856934,8
train,1,The sleepy whales,The sleepy whale,-11.053743362426758,-14.741243362426758,-10.800752639770508,-15.175752639770508,-11.281938552856445,-14.094438552856445,-11.031100273132324,-14.593600273132324,8
train,0,The sleepy dog,The sleepy dogs,-11.649181365966797,-12.836681365966797,-11.12598991394043,-11.93848991394043,-12.00957202911377,-12.82207202911377,-11.39756965637207,-11.89756965637207,8
train,1,The sleepy dogs,The sleepy dog,-11.086645126342773,-14.524145126342773,-10.175737380981445,-13.738237380981445,-11.391571044921875,-14.204071044921875,-10.367137908935547,-13.367137908935547,8
train,0,The sleepy cock,The sleepy cocks,-18.033283233642578,-18.658283233642578,-12.171343803405762,-15.233843803405762,-18.017980575561523,-18.361730575561523,-12.191640853881836,-14.691640853881836,8
train,1,The sleepy cocks,The sleepy cock,-14.240245819091797,-16.302745819091797,-11.851707458496094,-14.039207458496094,-14.245264053344727,-15.870264053344727,-11.94878101348877,-13.51128101348877,8
train,0,The sleepy rat,The sleepy rats,-13.545149803161621,-16.545150756835938,-12.66309642791748,-15.28809642791748,-13.825403213500977,-16.325403213500977,-12.946590423583984,-15.009090423583984,8
train,1,The sleepy rats,The sleepy rat,-13.405891418457031,-17.12464141845703,-12.454432487487793,-16.29818344116211,-13.763251304626465,-16.63825035095215,-12.73408317565918,-15.82783317565918,8
train,0,The sleepy dolphin,The sleepy dolphins,-10.655779838562012,-11.843279838562012,-10.664912223815918,-12.039912223815918,-10.993627548217773,-11.931127548217773,-11.057756423950195,-12.182756423950195,8
train,1,The sleepy dolphins,The sleepy dolphin,-11.91915512084961,-13.54415512084961,-11.637080192565918,-13.074580192565918,-11.900100708007812,-13.150100708007812,-11.634904861450195,-12.697404861450195,8
train,0,The quiet whale,The quiet whales,-14.50340461730957,-16.12840461730957,-14.189607620239258,-16.314607620239258,-14.66244888305664,-15.91244888305664,-14.451940536499023,-16.139440536499023,8
train,1,The quiet whales,The quiet whale,-14.161538124084473,-16.536537170410156,-14.248929977416992,-16.592679977416992,-14.46306037902832,-15.80681037902832,-14.73486042022705,-15.85986042022705,8
train,0,The sleepy pup,The sleepy pups,-13.275734901428223,-17.11948585510254,-13.284807205200195,-16.847307205200195,-13.49708366394043,-16.80958366394043,-13.489094734191895,-16.42659568786621,8
train,1,The sleepy pups,The sleepy pup,-13.858107566833496,-17.733108520507812,-12.872553825378418,-17.2163028717041,-14.14455795288086,-17.17580795288086,-13.168105125427246,-16.918106079101562,8
train,0,The calm rabbit,The calm rabbits,-13.535538673400879,-17.191787719726562,-13.475006103515625,-16.850006103515625,-13.884668350219727,-16.853418350219727,-13.754117965698242,-16.441617965698242,8
train,1,The calm rabbits,The calm rabbit,-13.008678436279297,-16.352428436279297,-12.690534591674805,-16.534284591674805,-13.146806716918945,-15.584306716918945,-12.827519416809082,-15.890019416809082,8
train,0,The quiet shark,The quiet sharks,-11.499894142150879,-11.687394142150879,-11.591217041015625,-12.028717041015625,-11.892555236816406,-11.517555236816406,-11.83551025390625,-11.64801025390625,8
train,1,The quiet sharks,The quiet shark,-10.4711275100708,-13.9711275100708,-9.965271949768066,-13.965271949768066,-11.019909858703613,-13.519909858703613,-10.441688537597656,-13.504188537597656,8
train,0,The bright rat,The bright rats,-9.458521842956543,-10.208521842956543,-10.42784309387207,-10.92784309387207,-9.607939720153809,-10.107939720153809,-10.574152946472168,-10.949152946472168,8
train,1,The bright rats,The bright rat,-11.43045711517334,-13.61795711517334,-10.72268009185791,-12.91018009185791,-11.578664779663086,-13.328664779663086,-10.927191734313965,-12.739691734313965,8
train,0,The nervous pup,The nervous pups,-11.823153495788574,-12.323153495788574,-11.24931812286377,-14.12431812286377,-12.196465492248535,-11.946465492248535,-11.835067749023438,-13.585067749023438,8
train,1,The nervous pups,The nervous pup,-12.437040328979492,-16.249540328979492,-12.271537780761719,-16.64653778076172,-12.592501640319824,-15.780001640319824,-12.349143981933594,-16.286643981933594,8
train,0,The fuzzy rat,The fuzzy rats,-12.65405559539795,-14.46655559539795,-13.257403373718262,-15.069903373718262,-12.884681701660156,-14.322181701660156,-13.4696683883667,-14.8446683883667,8
train,1,The fuzzy rats,The fuzzy rat,-14.422194480895996,-17.328445434570312,-13.987540245056152,-17.01879119873047,-14.615514755249023,-16.615514755249023,-14.221331596374512,-16.440082550048828,8
train,0,The slender shark,The slender sharks,-12.540213584899902,-15.946463584899902,-11.93691635131836,-15.18691635131836,-12.611612319946289,-15.299112319946289,-12.07378101348877,-14.82378101348877,8
train,1,The slender sharks,The slender shark,-12.186598777770996,-14.999098777770996,-11.92508316040039,-14.80008316040039,-12.466608047485352,-14.341608047485352,-12.183091163635254,-14.183091163635254,8
train,0,The timid pup,The timid pups,-3.8826282024383545,-10.820128440856934,-4.335426330566406,-10.835426330566406,-4.088463306427002,-8.463462829589844,-4.7044901847839355,-9.204490661621094,8
train,1,The timid pups,The timid pup,-3.0938880443573,-8.843888282775879,-2.8286445140838623,-8.828644752502441,-3.3935298919677734,-8.143529891967773,-3.1410512924194336,-8.266051292419434,8
train,0,The nervous pup,The nervous pups,-10.260653495788574,-13.448153495788574,-9.87431812286377,-13.24931812286377,-10.508965492248535,-12.821465492248535,-10.335067749023438,-12.585067749023438,8
train,1,The nervous pups,The nervous pup,-10.749540328979492,-12.749540328979492,-10.459037780761719,-12.896537780761719,-10.967501640319824,-12.405001640319824,-10.599143981933594,-12.661643981933594,8
train,0,The calm pup,The calm pups,-8.851519584655762,-11.601519584655762,-9.873320579528809,-13.248320579528809,-8.962471961975098,-10.899971961975098,-10.073019027709961,-12.698019027709961,8
train,1,The calm pups,The calm pup,-8.79316234588623,-12.73066234588623,-8.280376434326172,-13.092876434326172,-9.03651237487793,-12.16151237487793,-8.464176177978516,-12.589176177978516,8
train,0,The small turtle,The small turtles,-11.940163612365723,-14.377663612365723,-11.372823715209961,-13.122823715209961,-12.227110862731934,-14.289610862731934,-11.603175163269043,-13.040675163269043,8
train,1,The small turtles,The small turtle,-10.329790115356445,-14.329790115356445,-10.008737564086914,-13.383737564086914,-10.448017120361328,-13.948017120361328,-10.289375305175781,-13.101875305175781,8
test,0,The wary [wug],The wary [wugs],-9.430991172790527,-13.805991172790527,-10.588984489440918,-15.401484489440918,-9.462063789367676,-13.149563789367676,-10.883288383483887,-14.945788383483887,8
test,1,The wary [wugs],The wary [wug],-11.466817855834961,-14.966817855834961,-10.420330047607422,-14.607830047607422,-11.71828556060791,-14.40578556060791,-10.593887329101562,-14.218887329101562,8
test,0,The tiny [wug],The tiny [wugs],-13.49979019165039,-16.74979019165039,-11.989331245422363,-15.864331245422363,-13.920968055725098,-16.545969009399414,-12.187939643859863,-15.625439643859863,8
test,1,The tiny [wugs],The tiny [wug],-11.400486946105957,-15.337986946105957,-11.047389030456543,-15.797389030456543,-11.703364372253418,-14.953364372253418,-11.227097511291504,-15.477097511291504,8
test,0,The curious [wug],The curious [wugs],-11.790776252746582,-16.228275299072266,-11.55817985534668,-15.62067985534668,-11.772708892822266,-15.335208892822266,-11.753486633300781,-15.065986633300781,8
test,1,The curious [wugs],The curious [wug],-11.315862655639648,-14.378362655639648,-9.776219367980957,-13.651219367980957,-11.534799575805664,-14.097299575805664,-10.073732376098633,-13.386232376098633,8
test,0,The gentle [wug],The gentle [wugs],-14.257224082946777,-16.38222312927246,-13.287347793579102,-15.162347793579102,-14.737591743469238,-16.425090789794922,-13.56796646118164,-15.13046646118164,8
test,1,The gentle [wugs],The gentle [wug],-13.123908042907715,-14.748908042907715,-13.78829288482666,-15.28829288482666,-13.281245231628418,-14.531245231628418,-13.9098539352417,-15.0348539352417,8
test,0,The spotted [wug],The spotted [wugs],-14.360701560974121,-14.454451560974121,-11.3381986618042,-12.7756986618042,-14.127842903137207,-13.877842903137207,-11.330793380737305,-12.580793380737305,8
test,1,The spotted [wugs],The spotted [wug],-11.410229682922363,-13.597729682922363,-11.788717269897461,-13.476217269897461,-11.592504501342773,-13.155004501342773,-12.012529373168945,-13.012529373168945,8
test,0,The wary [wug],The wary [wugs],-14.993491172790527,-15.555991172790527,-13.463984489440918,-14.838984489440918,-15.274563789367676,-15.337063789367676,-13.758288383483887,-14.758288383483887,8
test,1,The wary [wugs],The wary [wug],-13.779317855834961,-16.84181785583496,-11.795330047607422,-14.795330047607422,-13.78078556060791,-16.530784606933594,-11.656387329101562,-14.468887329101562,8
test,0,The gentle [wug],The gentle [wugs],-14.132224082946777,-14.507224082946777,-13.287347793579102,-13.787347793579102,-14.612591743469238,-14.300091743469238,-13.56796646118164,-13.50546646118164,8
test,1,The gentle [wugs],The gentle [wug],-13.436408042907715,-17.3114070892334,-11.60079288482666,-16.100793838500977,-13.531245231628418,-16.843746185302734,-11.7848539352417,-15.6598539352417,8
test,0,The clever [wug],The clever [wugs],-14.242223739624023,-16.992223739624023,-13.047470092773438,-16.859970092773438,-14.54598331451416,-16.858484268188477,-13.530107498168945,-16.717607498168945,8
test,1,The clever [wugs],The clever [wug],-14.241652488708496,-18.022903442382812,-13.694398880004883,-17.069398880004883,-14.385794639587402,-17.323293685913086,-13.925814628601074,-16.48831558227539,8
test,0,The shy [wug],The shy [wugs],-12.276308059692383,-14.651308059692383,-10.994219779968262,-13.744219779968262,-12.612716674804688,-14.612716674804688,-11.251347541809082,-13.688847541809082,8
test,1,The shy [wugs],The shy [wug],-10.792886734008789,-13.417886734008789,-9.769673347473145,-13.394673347473145,-11.010905265808105,-13.073405265808105,-9.941132545471191,-13.066132545471191,8
test,0,The wary [wug],The wary [wugs],-11.555991172790527,-14.993491172790527,-10.838984489440918,-14.651484489440918,-11.774563789367676,-14.462063789367676,-11.133288383483887,-14.195788383483887,8
test,1,The wary [wugs],The wary [wug],-10.966817855834961,-15.279317855834961,-9.795330047607422,-14.732830047607422,-11.15578556060791,-14.78078556060791,-9.906387329101562,-14.343887329101562,8
test,0,The shy [wug],The shy [wugs],-13.276308059692383,-17.026308059692383,-12.619219779968262,-15.994219779968262,-13.487716674804688,-16.925216674804688,-12.813847541809082,-15.876347541809082,8
test,1,The shy [wugs],The shy [wug],-12.792886734008789,-14.542886734008789,-12.707173347473145,-14.707173347473145,-12.823405265808105,-14.323405265808105,-12.816132545471191,-14.503632545471191,8
test,0,The fierce [wug],The fierce [wugs],-15.430598258972168,-16.05559730529785,-14.58193302154541,-15.01943302154541,-15.64992618560791,-16.149925231933594,-14.794051170349121,-14.981551170349121,8
test,1,The fierce [wugs],The fierce [wug],-13.56789779663086,-16.44289779663086,-13.00446891784668,-16.50446891784668,-13.703125953674316,-16.015626907348633,-13.361993789672852,-16.29949378967285,8
test,0,The bold [wug],The bold [wugs],-13.994043350219727,-16.306543350219727,-13.306060791015625,-16.056060791015625,-14.340255737304688,-15.902755737304688,-13.543570518493652,-15.606070518493652,8
test,1,The bold [wugs],The bold [wug],-13.947397232055664,-16.072397232055664,-11.327164649963379,-14.889664649963379,-14.068694114685059,-15.506194114685059,-11.304932594299316,-14.304932594299316,8
test,0,The strange [wug],The strange [wugs],-15.454324722290039,-17.51682472229004,-13.407041549682617,-15.594541549682617,-15.568126678466797,-16.880626678466797,-13.764237403869629,-15.326737403869629,8
test,1,The strange [wugs],The strange [wug],-13.614387512207031,-17.80188751220703,-10.154197692871094,-15.029197692871094,-13.738500595092773,-16.988500595092773,-10.400920867919922,-14.338420867919922,8
test,0,The clumsy [wug],The clumsy [wugs],-17.998245239257812,-19.810745239257812,-15.315726280212402,-17.75322723388672,-18.154338836669922,-19.216838836669922,-15.498881340026855,-17.24888038635254,8
test,1,The clumsy [wugs],The clumsy [wug],-14.70731258392334,-19.051063537597656,-13.302972793579102,-18.1779727935791,-14.80282211303711,-18.58407211303711,-13.48135757446289,-17.73135757446289,8
test,0,The fierce [wug],The fierce [wugs],-11.993098258972168,-13.618098258972168,-11.01943302154541,-12.64443302154541,-12.27492618560791,-13.64992618560791,-11.231551170349121,-12.544051170349121,8
test,1,The fierce [wugs],The fierce [wug],-10.25539779663086,-13.31789779663086,-9.31696891784668,-12.81696891784668,-10.515625953674316,-12.953125953674316,-9.611993789672852,-12.549493789672852,8
test,0,The restless [wug],The restless [wugs],-16.478647232055664,-16.916147232055664,-14.684470176696777,-15.684470176696777,-16.82452392578125,-16.82452392578125,-14.975339889526367,-15.537839889526367,8
test,1,The restless [wugs],The restless [wug],-14.291597366333008,-17.979097366333008,-12.66720962524414,-16.60470962524414,-14.41520881652832,-17.60270881652832,-12.744477272033691,-16.244476318359375,8
test,0,The sturdy [wug],The sturdy [wugs],-5.378308296203613,-10.315808296203613,-7.120039463043213,-11.682539939880371,-5.794313430786133,-8.856813430786133,-7.607076168060303,-10.169575691223145,8
test,1,The sturdy [wugs],The sturdy [wug],-5.871377944946289,-10.433877944946289,-5.018166542053223,-9.643166542053223,-6.106704235076904,-9.481703758239746,-5.345935821533203,-8.783435821533203,8
test,0,The bold [wug],The bold [wugs],-14.306543350219727,-14.806543350219727,-13.118560791015625,-13.681060791015625,-14.652755737304688,-14.965255737304688,-13.293570518493652,-13.668570518493652,8
test,1,The bold [wugs],The bold [wug],-14.009897232055664,-16.509897232055664,-12.889664649963379,-16.327165603637695,-14.256194114685059,-16.193695068359375,-12.929932594299316,-15.929932594299316,8
test,0,The graceful [wug],The graceful [wugs],-11.037178039550781,-13.412178039550781,-10.414773941040039,-13.414773941040039,-11.272162437438965,-13.022162437438965,-10.713020324707031,-13.213020324707031,8
test,1,The graceful [wugs],The graceful [wug],-10.642722129821777,-13.955222129821777,-10.26440715789795,-14.07690715789795,-11.043439865112305,-13.543439865112305,-10.498287200927734,-13.623287200927734,8
test,0,The tiny [wug],The tiny [wugs],-12.68729019165039,-15.74979019165039,-10.614331245422363,-14.926831245422363,-13.108468055725098,-15.420968055725098,-10.875439643859863,-14.625439643859863,8
test,1,The tiny [wugs],The tiny [wug],-10.587986946105957,-14.650486946105957,-9.984889030456543,-14.547389030456543,-10.765864372253418,-14.140864372253418,-10.164597511291504,-14.227097511291504,8
test,0,The restless [wug],The restless [wugs],-18.509897232055664,-20.541147232055664,-16.30946922302246,-18.62196922302246,-18.73077392578125,-20.35577392578125,-16.537839889526367,-18.319089889526367,8
test,1,The restless [wugs],The restless [wug],-16.604097366333008,-21.041597366333008,-13.97970962524414,-18.51095962524414,-16.66520881652832,-20.54020881652832,-14.056977272033691,-18.088226318359375,8
test,0,The clumsy [wug],The clumsy [wugs],-15.123245239257812,-16.498245239257812,-14.753226280212402,-16.25322723388672,-15.248088836669922,-16.310588836669922,-14.936381340026855,-16.18638038635254,8
test,1,The clumsy [wugs],The clumsy [wug],-14.51981258392334,-15.76981258392334,-13.115472793579102,-14.615472793579102,-14.61532211303711,-15.61532211303711,-13.23135757446289,-14.48135757446289,8
test,0,The restless [wug],The restless [wugs],-14.291147232055664,-17.353647232055664,-12.871970176696777,-16.12196922302246,-14.512022972106934,-17.13702392578125,-13.100339889526367,-15.850339889526367,8
test,1,The restless [wugs],The restless [wug],-16.104097366333008,-18.354097366333008,-13.91720962524414,-16.85470962524414,-16.29020881652832,-17.91520881652832,-14.181977272033691,-16.494476318359375,8
test,0,The round [wug],The round [wugs],-11.140340805053711,-12.702840805053711,-12.146836280822754,-14.146836280822754,-11.01541519165039,-12.32791519165039,-12.270905494689941,-14.083405494689941,8
test,1,The round [wugs],The round [wug],-12.837926864624023,-13.775426864624023,-12.22322940826416,-13.53572940826416,-12.8179349899292,-13.6304349899292,-12.273141860961914,-13.273141860961914,8
test,0,The sturdy [wug],The sturdy [wugs],-15.909558296203613,-17.06580924987793,-14.932539939880371,-17.120038986206055,-16.388063430786133,-16.888063430786133,-15.294575691223145,-16.73207664489746,8
test,1,The sturdy [wugs],The sturdy [wug],-12.058877944946289,-16.49637794494629,-12.205666542053223,-16.45566749572754,-12.231703758239746,-15.919203758239746,-12.470935821533203,-16.033435821533203,8
test,0,The round [wug],The round [wugs],-15.452840805053711,-16.20284080505371,-14.334336280822754,-14.584336280822754,-15.39041519165039,-15.92166519165039,-14.333405494689941,-14.395905494689941,8
test,1,The round [wugs],The round [wug],-14.337926864624023,-14.962926864624023,-12.72322940826416,-13.53572940826416,-14.5054349899292,-14.9429349899292,-12.835641860961914,-13.460641860961914,8
test,0,The wary [wug],The wary [wugs],-15.180991172790527,-16.49349021911621,-13.463984489440918,-14.651484489440918,-15.337063789367676,-16.212064743041992,-13.758288383483887,-14.445788383483887,8
test,1,The wary [wugs],The wary [wug],-14.404317855834961,-16.90431785583496,-11.732830047607422,-14.982830047607422,-14.34328556060791,-16.655784606933594,-11.718887329101562,-14.781387329101562,8
test,0,The bold [wug],The bold [wugs],-15.431543350219727,-16.556543350219727,-15.806060791015625,-17.368560791015625,-15.715255737304688,-16.340255737304688,-15.981070518493652,-16.981069564819336,8
test,1,The bold [wugs],The bold [wug],-15.197397232055664,-17.572397232055664,-13.827164649963379,-17.389665603637695,-15.506194114685059,-17.131195068359375,-13.992432594299316,-16.961181640625,8
test,0,The round [wug],The round [wugs],-12.015340805053711,-15.890340805053711,-14.146836280822754,-17.14683723449707,-12.01541519165039,-15.01541519165039,-14.333405494689941,-16.708406448364258,8
test,1,The round [wugs],The round [wug],-13.712926864624023,-18.712926864624023,-11.84822940826416,-16.410728454589844,-13.6929349899292,-18.067935943603516,-12.023141860961914,-15.835641860961914,8
test,0,The wary [wug],The wary [wugs],-12.118491172790527,-12.430991172790527,-12.463984489440918,-13.526484489440918,-12.337063789367676,-12.337063789367676,-12.945788383483887,-13.570788383483887,8
test,1,The wary [wugs],The wary [wug],-12.716817855834961,-15.904317855834961,-11.170330047607422,-15.545330047607422,-12.84328556060791,-15.65578556060791,-11.218887329101562,-15.218887329101562,8
test,0,The spotted [wug],The spotted [wugs],-14.485701560974121,-17.485702514648438,-10.9631986618042,-13.9631986618042,-15.284092903137207,-16.76846694946289,-11.268293380737305,-13.768293380737305,8
test,1,The spotted [wugs],The spotted [wug],-10.160229682922363,-14.285229682922363,-11.351217269897461,-14.976217269897461,-10.405004501342773,-13.467504501342773,-11.575029373168945,-14.262529373168945,8
test,0,The lively [wug],The lively [wugs],-12.531956672668457,-14.781956672668457,-12.422120094299316,-15.547120094299316,-12.838326454162598,-14.650826454162598,-12.649069786071777,-15.461569786071777,8
test,1,The lively [wugs],The lively [wug],-13.869885444641113,-16.057384490966797,-13.875843048095703,-15.188343048095703,-13.794475555419922,-15.356975555419922,-14.04293155670166,-14.85543155670166,8
test,0,The curious [wug],The curious [wugs],-12.665776252746582,-13.040776252746582,-10.18317985534668,-12.12067985534668,-12.710208892822266,-12.710208892822266,-10.315986633300781,-11.940986633300781,8
test,1,The curious [wugs],The curious [wug],-14.190862655639648,-17.37836265563965,-11.276219367980957,-13.276219367980957,-14.222299575805664,-16.972299575805664,-11.573732376098633,-13.073732376098633,8
test,0,The clumsy [wug],The clumsy [wugs],-5.560744762420654,-11.810745239257812,-5.8782267570495605,-12.315726280212402,-5.810588836669922,-10.060588836669922,-6.248880863189697,-10.873881340026855,8
test,1,The clumsy [wugs],The clumsy [wug],-5.01981258392334,-10.01981258392334,-3.8654732704162598,-8.865472793579102,-5.365322589874268,-9.36532211303711,-4.106357097625732,-7.981357097625732,8
test,0,The clumsy [wug],The clumsy [wugs],-12.248245239257812,-14.373245239257812,-12.190726280212402,-15.315726280212402,-12.248088836669922,-13.935588836669922,-12.373881340026855,-15.186381340026855,8
test,1,The clumsy [wugs],The clumsy [wug],-14.51981258392334,-16.207313537597656,-13.677972793579102,-15.052972793579102,-14.99032211303711,-16.05282211303711,-13.85635757446289,-14.73135757446289,8
test,0,The bold [wug],The bold [wugs],-15.619043350219727,-15.806543350219727,-15.618560791015625,-15.431060791015625,-15.965255737304688,-16.027755737304688,-15.793570518493652,-15.481070518493652,8
test,1,The bold [wugs],The bold [wug],-14.509897232055664,-15.884897232055664,-14.389664649963379,-15.764664649963379,-14.568694114685059,-15.756194114685059,-14.304932594299316,-15.554932594299316,8
test,0,The gentle [wug],The gentle [wugs],-16.81972312927246,-17.31972312927246,-15.037347793579102,-15.287347793579102,-17.425090789794922,-17.425090789794922,-15.31796646118164,-15.25546646118164,8
test,1,The gentle [wugs],The gentle [wug],-13.748908042907715,-16.7489070892334,-13.91329288482666,-17.350793838500977,-13.968745231628418,-16.406246185302734,-14.0973539352417,-17.003604888916016,8
test,0,The graceful [wug],The graceful [wugs],-14.099678039550781,-15.662178039550781,-14.977273941040039,-16.35227394104004,-14.397162437438965,-15.522162437438965,-15.150520324707031,-16.21302032470703,8
test,1,The graceful [wugs],The graceful [wug],-14.142722129821777,-15.017722129821777,-13.26440715789795,-14.57690715789795,-14.293439865112305,-14.855939865112305,-13.310787200927734,-14.310787200927734,8
test,0,The clever [wug],The clever [wugs],-11.429723739624023,-13.804723739624023,-10.547470092773438,-13.672470092773438,-11.54598331451416,-13.60848331451416,-10.967607498168945,-13.530107498168945,8
test,1,The clever [wugs],The clever [wug],-12.741652488708496,-16.991653442382812,-11.444398880004883,-15.444398880004883,-12.885794639587402,-16.135793685913086,-11.675814628601074,-14.675814628601074,8
test,0,The fierce [wug],The fierce [wugs],-11.930598258972168,-14.493098258972168,-11.58193302154541,-14.83193302154541,-12.27492618560791,-14.27492618560791,-11.919051170349121,-14.356551170349121,8
test,1,The fierce [wugs],The fierce [wug],-11.81789779663086,-16.06789779663086,-11.00446891784668,-15.56696891784668,-12.015625953674316,-15.265625953674316,-11.174493789672852,-15.049493789672852,8
test,0,The clumsy [wug],The clumsy [wugs],-14.498245239257812,-16.060745239257812,-14.565726280212402,-16.50322723388672,-14.435588836669922,-15.623088836669922,-14.623881340026855,-16.31138038635254,8
test,1,The clumsy [wugs],The clumsy [wug],-14.95731258392334,-15.70731258392334,-14.302972793579102,-15.490472793579102,-15.30282211303711,-15.61532211303711,-14.41885757446289,-15.23135757446289,8
test,0,The shy [wug],The shy [wugs],-15.088808059692383,-17.588808059692383,-13.119219779968262,-16.181718826293945,-15.300216674804688,-17.581466674804688,-13.376347541809082,-16.188846588134766,8
test,1,The shy [wugs],The shy [wug],-16.23038673400879,-16.85538673400879,-14.457173347473145,-15.394673347473145,-16.385906219482422,-16.635906219482422,-14.566132545471191,-15.191132545471191,8
test,0,The restless [wug],The restless [wugs],-15.853647232055664,-16.791147232055664,-13.809470176696777,-15.434470176696777,-16.07452392578125,-16.69952392578125,-14.037839889526367,-15.287839889526367,8
test,1,The restless [wugs],The restless [wug],-15.166597366333008,-18.354097366333008,-12.60470962524414,-15.91720962524414,-15.29020881652832,-17.97770881652832,-12.681977272033691,-15.556977272033691,8
test,0,The strange [wug],The strange [wugs],-13.891824722290039,-18.07932472229004,-12.907041549682617,-16.844541549682617,-13.943126678466797,-17.630626678466797,-13.201737403869629,-16.576736450195312,8
test,1,The strange [wugs],The strange [wug],-13.551887512207031,-16.05188751220703,-11.591697692871094,-14.904197692871094,-13.863500595092773,-15.301000595092773,-11.900920867919922,-14.338420867919922,8
test,0,The graceful [wug],The graceful [wugs],-12.412178039550781,-13.349678039550781,-13.039773941040039,-13.977273941040039,-12.522162437438965,-13.147162437438965,-13.150520324707031,-13.838020324707031,8
test,1,The graceful [wugs],The graceful [wug],-14.017722129821777,-14.517722129821777,-12.82690715789795,-13.76440715789795,-14.355939865112305,-14.543439865112305,-12.935787200927734,-13.748287200927734,8
test,0,The shy [wug],The shy [wugs],-4.963808059692383,-12.526308059692383,-4.556719779968262,-12.494219779968262,-5.1752166748046875,-11.175216674804688,-5.001347541809082,-11.313847541809082,8
test,1,The shy [wugs],The shy [wug],-4.230386734008789,-8.355386734008789,-3.0196733474731445,-8.707173347473145,-4.2609052658081055,-7.3859052658081055,-3.2536323070526123,-7.753632068634033,8
test,0,The spotted [wug],The spotted [wugs],-17.032577514648438,-17.188827514648438,-12.7131986618042,-12.2131986618042,-17.36221694946289,-17.00284194946289,-12.830793380737305,-12.143293380737305,8
test,1,The spotted [wugs],The spotted [wug],-11.722729682922363,-14.035229682922363,-11.163717269897461,-13.601217269897461,-11.780004501342773,-13.592504501342773,-11.137529373168945,-13.137529373168945,8
test,0,The shy [wug],The shy [wugs],-16.901308059692383,-17.776308059692383,-14.244219779968262,-15.056719779968262,-17.112716674804688,-17.675216674804688,-14.438847541809082,-14.938847541809082,8
test,1,The shy [wugs],The shy [wug],-15.605386734008789,-18.10538673400879,-13.144673347473145,-16.332172393798828,-15.635905265808105,-17.885906219482422,-13.191132545471191,-16.191131591796875,8
test,0,The restless [wug],The restless [wugs],-14.166147232055664,-17.041147232055664,-13.246970176696777,-16.43446922302246,-14.324522972106934,-16.88702392578125,-13.475339889526367,-16.162839889526367,8
test,1,The restless [wugs],The restless [wug],-13.791597366333008,-16.041597366333008,-11.97970962524414,-14.79220962524414,-13.97770881652832,-15.54020881652832,-12.181977272033691,-14.431977272033691,8
test,0,The bold [wug],The bold [wugs],-12.994043350219727,-14.556543350219727,-11.493560791015625,-15.118560791015625,-13.465255737304688,-14.527755737304688,-11.731070518493652,-15.043570518493652,8
test,1,The bold [wugs],The bold [wug],-13.509897232055664,-15.197397232055664,-12.514664649963379,-14.077164649963379,-13.756194114685059,-14.756194114685059,-12.617432594299316,-13.617432594299316,8
test,0,The shy [wug],The shy [wugs],-13.338808059692383,-16.213808059692383,-11.869219779968262,-14.869219779968262,-13.550216674804688,-16.050216674804688,-12.063847541809082,-14.751347541809082,8
test,1,The shy [wugs],The shy [wug],-13.542886734008789,-16.54288673400879,-11.519673347473145,-15.457173347473145,-13.635905265808105,-16.073406219482422,-11.753632545471191,-15.128632545471191,8
test,0,The tiny [wug],The tiny [wugs],-11.18729019165039,-14.18729019165039,-9.926831245422363,-13.739331245422363,-11.545968055725098,-13.920968055725098,-10.187939643859863,-13.687939643859863,8
test,1,The tiny [wugs],The tiny [wug],-11.837986946105957,-15.212986946105957,-10.422389030456543,-14.672389030456543,-12.078364372253418,-14.703364372253418,-10.477097511291504,-14.227097511291504,8
test,0,The wary [wug],The wary [wugs],-11.993491172790527,-15.493491172790527,-12.151484489440918,-16.401485443115234,-12.274563789367676,-15.212063789367676,-12.508288383483887,-16.258289337158203,8
test,1,The wary [wugs],The wary [wug],-13.404317855834961,-15.216817855834961,-13.482830047607422,-15.170330047607422,-13.46828556060791,-14.71828556060791,-13.531387329101562,-14.843887329101562,8
test,0,The gentle [wug],The gentle [wugs],-15.632224082946777,-17.69472312927246,-12.662347793579102,-14.974847793579102,-16.175090789794922,-17.425090789794922,-13.06796646118164,-14.75546646118164,8
test,1,The gentle [wugs],The gentle [wug],-12.436408042907715,-16.2489070892334,-10.60079288482666,-14.91329288482666,-12.593745231628418,-15.781245231628418,-10.8473539352417,-14.4723539352417,8
test,0,The shy [wug],The shy [wugs],-12.713808059692383,-15.838808059692383,-11.494219779968262,-14.494219779968262,-12.925216674804688,-15.612716674804688,-11.688847541809082,-14.376347541809082,8
test,1,The shy [wugs],The shy [wug],-10.542886734008789,-14.105386734008789,-10.019673347473145,-14.144673347473145,-10.760905265808105,-13.635905265808105,-10.253632545471191,-13.753632545471191,8
test,0,The gentle [wug],The gentle [wugs],-15.569724082946777,-17.88222312927246,-13.724847793579102,-16.1623477935791,-15.987591743469238,-17.737590789794922,-14.00546646118164,-15.94296646118164,8
test,1,The gentle [wugs],The gentle [wug],-14.123908042907715,-16.0614070892334,-12.91329288482666,-14.91329288482666,-14.281245231628418,-15.781245231628418,-13.0973539352417,-14.6598539352417,8
test,0,The fierce [wug],The fierce [wugs],-11.180598258972168,-14.055598258972168,-10.64443302154541,-13.95693302154541,-11.46242618560791,-13.71242618560791,-10.919051170349121,-13.419051170349121,8
test,1,The fierce [wugs],The fierce [wug],-9.50539779663086,-13.50539779663086,-8.87946891784668,-13.56696891784668,-9.703125953674316,-12.828125953674316,-9.174493789672852,-13.174493789672852,8
test,0,The clumsy [wug],The clumsy [wugs],-17.060745239257812,-17.935745239257812,-15.190726280212402,-16.69072723388672,-17.123088836669922,-17.560588836669922,-15.436381340026855,-16.56138038635254,8
test,1,The clumsy [wugs],The clumsy [wug],-15.58231258392334,-17.457313537597656,-14.490472793579102,-16.8654727935791,-15.86532211303711,-17.42782211303711,-14.73135757446289,-16.66885757446289,8
test,0,The wary [wug],The wary [wugs],-12.305991172790527,-17.08724021911621,-10.963984489440918,-16.338985443115234,-12.399563789367676,-16.399564743041992,-11.320788383483887,-15.883288383483887,8
test,1,The wary [wugs],The wary [wug],-12.529317855834961,-15.904317855834961,-11.045330047607422,-14.982830047607422,-12.78078556060791,-15.34328556060791,-11.218887329101562,-14.531387329101562,8
test,0,The wary [wug],The wary [wugs],-12.430991172790527,-16.68099021911621,-11.526484489440918,-16.088985443115234,-12.587063789367676,-16.087064743041992,-11.883288383483887,-15.758288383483887,8
test,1,The wary [wugs],The wary [wug],-12.216817855834961,-15.779317855834961,-11.420330047607422,-15.357830047607422,-12.34328556060791,-15.21828556060791,-11.468887329101562,-14.843887329101562,8
test,0,The graceful [wug],The graceful [wugs],-12.037178039550781,-14.162178039550781,-12.414773941040039,-15.602273941040039,-12.397162437438965,-13.897162437438965,-12.650520324707031,-15.463020324707031,8
test,1,The graceful [wugs],The graceful [wug],-11.705222129821777,-13.830222129821777,-12.45190715789795,-13.88940715789795,-12.105939865112305,-13.543439865112305,-12.623287200927734,-13.560787200927734,8
test,0,The fierce [wug],The fierce [wugs],-12.868098258972168,-15.305598258972168,-12.26943302154541,-15.01943302154541,-13.14992618560791,-15.27492618560791,-12.544051170349121,-14.919051170349121,8
test,1,The fierce [wugs],The fierce [wug],-14.13039779663086,-15.94289779663086,-13.56696891784668,-15.25446891784668,-14.265625953674316,-15.390625953674316,-13.799493789672852,-14.924493789672852,8
test,0,The lively [wug],The lively [wugs],-12.969456672668457,-15.281956672668457,-12.797120094299316,-15.484620094299316,-13.275826454162598,-15.088326454162598,-13.024069786071777,-15.274069786071777,8
test,1,The lively [wugs],The lively [wug],-12.182385444641113,-13.994885444641113,-11.875843048095703,-14.375843048095703,-12.481975555419922,-13.544475555419922,-12.16793155670166,-14.10543155670166,8
test,0,The wary [wug],The wary [wugs],-13.680991172790527,-16.61849021911621,-12.588984489440918,-15.463984489440918,-13.962063789367676,-16.587064743041992,-13.008288383483887,-15.508288383483887,8
test,1,The wary [wugs],The wary [wug],-14.279317855834961,-15.841817855834961,-12.920330047607422,-14.607830047607422,-14.28078556060791,-15.59328556060791,-13.031387329101562,-14.343887329101562,8
test,0,The round [wug],The round [wugs],-10.827840805053711,-14.390340805053711,-12.146836280822754,-16.33433723449707,-10.95291519165039,-13.76541519165039,-12.395905494689941,-15.958405494689941,8
test,1,The round [wugs],The round [wug],-12.400426864624023,-15.400426864624023,-11.78572940826416,-15.03572940826416,-12.6304349899292,-14.8804349899292,-11.960641860961914,-14.460641860961914,8
test,0,The strange [wug],The strange [wugs],-14.516824722290039,-15.579324722290039,-13.407041549682617,-14.782041549682617,-14.505626678466797,-15.443126678466797,-13.576737403869629,-14.764237403869629,8
test,1,The strange [wugs],The strange [wug],-14.301887512207031,-16.98938751220703,-11.591697692871094,-14.904197692871094,-14.488500595092773,-16.426000595092773,-11.775920867919922,-14.400920867919922,8
test,0,The strange [wug],The strange [wugs],-15.016824722290039,-17.57932472229004,-13.782041549682617,-16.282041549682617,-15.193126678466797,-17.443126678466797,-14.014237403869629,-16.076736450195312,8
test,1,The strange [wugs],The strange [wug],-16.30188751220703,-18.17688751220703,-13.654197692871094,-16.154197692871094,-16.551000595092773,-17.613500595092773,-13.963420867919922,-15.650920867919922,8
test,0,The gentle [wug],The gentle [wugs],-15.632224082946777,-17.63222312927246,-14.849847793579102,-16.2873477935791,-15.987591743469238,-17.737590789794922,-14.94296646118164,-16.25546646118164,8
test,1,The gentle [wugs],The gentle [wug],-14.936408042907715,-15.498908042907715,-15.22579288482666,-14.91329288482666,-15.093745231628418,-15.343745231628418,-15.2848539352417,-14.7223539352417,8
test,0,The curious [wug],The curious [wugs],-14.790776252746582,-18.103275299072266,-13.05817985534668,-16.18317985534668,-14.897708892822266,-17.491458892822266,-13.315986633300781,-15.815986633300781,8
test,1,The curious [wugs],The curious [wug],-16.06586265563965,-20.65961265563965,-11.276219367980957,-16.02621841430664,-16.097299575805664,-20.128549575805664,-11.448732376098633,-15.511232376098633,8
test,0,The wary [wug],The wary [wugs],-11.805991172790527,-15.993491172790527,-11.213984489440918,-15.276484489440918,-11.899563789367676,-15.524563789367676,-11.508288383483887,-15.008288383483887,8
test,1,The wary [wugs],The wary [wug],-14.654317855834961,-15.279317855834961,-11.982830047607422,-13.795330047607422,-14.71828556060791,-14.96828556060791,-12.031387329101562,-13.531387329101562,8
test,0,The gentle [wug],The gentle [wugs],-17.88222312927246,-19.69472312927246,-17.0373477935791,-18.9748477935791,-18.300090789794922,-19.331340789794922,-17.25546646118164,-18.66171646118164,8
test,1,The gentle [wugs],The gentle [wug],-15.748908042907715,-19.7489070892334,-14.78829288482666,-18.850793838500977,-15.843745231628418,-19.187496185302734,-14.9098539352417,-18.409854888916016,8
test,0,The wary [wug],The wary [wugs],-12.930991172790527,-15.118491172790527,-12.151484489440918,-14.651484489440918,-13.087063789367676,-14.712063789367676,-12.445788383483887,-14.320788383483887,8
test,1,The wary [wugs],The wary [wug],-12.341817855834961,-14.966817855834961,-10.232830047607422,-13.920330047607422,-12.40578556060791,-14.65578556060791,-10.343887329101562,-13.656387329101562,8
test,0,The shy [wug],The shy [wugs],-15.776308059692383,-17.682558059692383,-13.556719779968262,-15.619219779968262,-16.112716674804688,-17.675216674804688,-13.813847541809082,-15.626347541809082,8
test,1,The shy [wugs],The shy [wug],-13.667886734008789,-15.855386734008789,-12.769673347473145,-15.644673347473145,-13.573405265808105,-15.448405265808105,-12.753632545471191,-15.253632545471191,8
test,0,The curious [wug],The curious [wugs],-17.572025299072266,-17.822025299072266,-16.12067985534668,-16.55817985534668,-17.647708892822266,-17.522708892822266,-16.19098663330078,-16.31598663330078,8
test,1,The curious [wugs],The curious [wug],-17.69086265563965,-19.94086265563965,-13.838719367980957,-16.77621841430664,-17.722299575805664,-19.784799575805664,-14.011232376098633,-16.636232376098633,8
test,0,The sturdy [wug],The sturdy [wugs],-11.190808296203613,-14.128308296203613,-11.995039939880371,-13.995039939880371,-11.544313430786133,-13.794313430786133,-12.357075691223145,-13.669575691223145,8
test,1,The sturdy [wugs],The sturdy [wug],-12.746377944946289,-14.871377944946289,-11.830666542053223,-14.580666542053223,-12.981703758239746,-14.356703758239746,-12.158435821533203,-14.158435821533203,8
test,0,The tiny [wug],The tiny [wugs],-12.49979019165039,-15.12479019165039,-11.301831245422363,-13.801831245422363,-12.608468055725098,-14.920968055725098,-11.437939643859863,-13.687939643859863,8
test,1,The tiny [wugs],The tiny [wug],-14.337986946105957,-16.65048599243164,-11.797389030456543,-14.234889030456543,-14.578364372253418,-16.453365325927734,-11.914597511291504,-14.039597511291504,8
test,0,The wary [wug],The wary [wugs],-15.118491172790527,-17.89974021911621,-13.276484489440918,-16.526485443115234,-15.149563789367676,-17.055814743041992,-13.570788383483887,-16.008289337158203,8
test,1,The wary [wugs],The wary [wug],-14.279317855834961,-18.46681785583496,-11.357830047607422,-16.826580047607422,-14.28078556060791,-17.905784606933594,-11.406387329101562,-16.437637329101562,8
test,0,The strange [wug],The strange [wugs],-16.95432472229004,-17.70432472229004,-15.344541549682617,-16.594541549682617,-16.943126678466797,-17.505626678466797,-15.764237403869629,-16.639236450195312,8
test,1,The strange [wugs],The strange [wug],-13.739387512207031,-16.86438751220703,-12.904197692871094,-16.341697692871094,-13.801000595092773,-16.176000595092773,-13.088420867919922,-15.775920867919922,8
test,0,The clumsy [wug],The clumsy [wugs],-11.748245239257812,-15.935745239257812,-11.628226280212402,-16.00322723388672,-11.810588836669922,-15.060588836669922,-11.873881340026855,-15.311381340026855,8
test,1,The clumsy [wugs],The clumsy [wug],-11.45731258392334,-16.207313537597656,-10.615472793579102,-15.302972793579102,-11.61532211303711,-15.67782211303711,-10.73135757446289,-14.73135757446289,8
test,0,The strange [wug],The strange [wugs],-14.829324722290039,-16.76682472229004,-13.157041549682617,-15.469541549682617,-14.818126678466797,-16.505626678466797,-13.389237403869629,-15.389237403869629,8
test,1,The strange [wugs],The strange [wug],-14.426887512207031,-16.23938751220703,-12.529197692871094,-14.529197692871094,-14.488500595092773,-15.926000595092773,-12.838420867919922,-14.400920867919922,8
test,0,The tiny [wug],The tiny [wugs],-17.06229019165039,-19.78104019165039,-14.489331245422363,-17.801830291748047,-17.483469009399414,-19.264719009399414,-14.687939643859863,-17.37544059753418,8
test,1,The tiny [wugs],The tiny [wug],-14.337986946105957,-18.77548599243164,-13.047389030456543,-18.391138076782227,-14.515864372253418,-18.328365325927734,-13.102097511291504,-18.10209846496582,8
test,0,The tiny [wug],The tiny [wugs],-14.31229019165039,-16.68729019165039,-12.614331245422363,-15.864331245422363,-14.670968055725098,-16.545969009399414,-12.812939643859863,-15.687939643859863,8
test,1,The tiny [wugs],The tiny [wug],-12.150486946105957,-15.837986946105957,-11.672389030456543,-15.797389030456543,-12.328364372253418,-15.390864372253418,-11.727097511291504,-15.414597511291504,8
test,0,The clever [wug],The clever [wugs],-11.804723739624023,-16.429723739624023,-12.922470092773438,-16.172470092773438,-12.10848331451416,-16.233484268188477,-13.280107498168945,-16.092607498168945,8
test,1,The clever [wugs],The clever [wug],-15.804152488708496,-17.741653442382812,-13.694398880004883,-16.444398880004883,-15.948294639587402,-17.448293685913086,-13.863314628601074,-16.05081558227539,8
test,0,The shy [wug],The shy [wugs],-14.713808059692383,-18.026308059692383,-12.494219779968262,-16.244218826293945,-15.050216674804688,-17.925216674804688,-12.813847541809082,-16.126346588134766,8
test,1,The shy [wugs],The shy [wug],-15.230386734008789,-17.44913673400879,-14.144673347473145,-17.269672393798828,-15.385905265808105,-17.010906219482422,-14.378632545471191,-16.909881591796875,8
test,0,The restless [wug],The restless [wugs],-13.228647232055664,-17.791147232055664,-12.684470176696777,-17.24696922302246,-13.512022972106934,-17.44952392578125,-12.912839889526367,-16.787839889526367,8
test,1,The restless [wugs],The restless [wug],-13.791597366333008,-16.229097366333008,-12.54220962524414,-15.16720962524414,-13.97770881652832,-15.60270881652832,-12.681977272033691,-14.619477272033691,8
test,0,The curious [wug],The curious [wugs],-13.603276252746582,-15.665776252746582,-13.05817985534668,-15.49567985534668,-13.647708892822266,-15.272708892822266,-13.128486633300781,-15.253486633300781,8
test,1,The curious [wugs],The curious [wug],-12.003362655639648,-16.06586265563965,-10.838719367980957,-14.713719367980957,-12.097299575805664,-15.659799575805664,-11.136232376098633,-14.386232376098633,8
test,0,The restless [wug],The restless [wugs],-12.603647232055664,-15.978647232055664,-12.809470176696777,-15.996970176696777,-12.824522972106934,-15.887022972106934,-13.037839889526367,-15.850339889526367,8
test,1,The restless [wugs],The restless [wug],-15.291597366333008,-17.104097366333008,-13.54220962524414,-15.22970962524414,-15.41520881652832,-16.66520881652832,-13.806977272033691,-14.931977272033691,8
test,0,The gentle [wug],The gentle [wugs],-16.25722312927246,-17.38222312927246,-16.0998477935791,-17.3498477935791,-16.675090789794922,-17.050090789794922,-16.25546646118164,-17.06796646118164,8
test,1,The gentle [wugs],The gentle [wug],-14.936408042907715,-17.4989070892334,-14.66329288482666,-17.882043838500977,-15.156245231628418,-17.093746185302734,-14.8473539352417,-17.441104888916016,8
test,0,The graceful [wug],The graceful [wugs],-8.974678039550781,-13.599678039550781,-10.414773941040039,-14.977273941040039,-9.209662437438965,-12.522162437438965,-10.775520324707031,-14.275520324707031,8
test,1,The graceful [wugs],The graceful [wug],-9.017722129821777,-14.080222129821777,-9.26440715789795,-14.20190715789795,-9.355939865112305,-13.480939865112305,-9.498287200927734,-13.685787200927734,8
test,0,The graceful [wug],The graceful [wugs],-12.974678039550781,-14.162178039550781,-14.539773941040039,-15.977273941040039,-13.022162437438965,-13.897162437438965,-14.650520324707031,-15.775520324707031,8
test,1,The graceful [wugs],The graceful [wug],-17.14272117614746,-18.54897117614746,-14.95190715789795,-16.639408111572266,-17.293439865112305,-18.387189865112305,-14.998287200927734,-16.435787200927734,8
test,0,The clumsy [wug],The clumsy [wugs],-12.623245239257812,-16.560745239257812,-12.753226280212402,-16.75322723388672,-12.873088836669922,-16.123088836669922,-12.998881340026855,-16.43638038635254,8
test,1,The clumsy [wugs],The clumsy [wug],-13.64481258392334,-15.95731258392334,-13.177972793579102,-15.302972793579102,-13.86532211303711,-15.55282211303711,-13.29385757446289,-14.85635757446289,8
test,0,The spotted [wug],The spotted [wugs],-16.548202514648438,-23.985702514648438,-13.6506986618042,-15.9006986618042,-16.87784194946289,-23.45596694946289,-13.955793380737305,-15.830793380737305,8
test,1,The spotted [wugs],The spotted [wug],-13.097729682922363,-15.535229682922363,-13.413717269897461,-15.788717269897461,-13.217504501342773,-15.030004501342773,-13.512529373168945,-15.325029373168945,8
test,0,The tiny [wug],The tiny [wugs],-12.81229019165039,-15.81229019165039,-11.801831245422363,-14.864331245422363,-12.858468055725098,-15.545968055725098,-12.000439643859863,-14.750439643859863,8
test,1,The tiny [wugs],The tiny [wug],-12.337986946105957,-14.400486946105957,-11.922389030456543,-13.984889030456543,-12.703364372253418,-14.203364372253418,-12.039597511291504,-13.789597511291504,8
test,0,The shy [wug],The shy [wugs],-14.838808059692383,-15.776308059692383,-12.931719779968262,-13.994219779968262,-15.237716674804688,-15.800216674804688,-13.251347541809082,-14.001347541809082,8
test,1,The shy [wugs],The shy [wug],-13.980386734008789,-16.98038673400879,-12.269673347473145,-16.144672393798828,-14.073405265808105,-16.573406219482422,-12.316132545471191,-15.753632545471191,8
test,0,The strange [wug],The strange [wugs],-14.641824722290039,-18.45432472229004,-13.157041549682617,-17.157041549682617,-14.693126678466797,-18.005626678466797,-13.389237403869629,-16.889236450195312,8
test,1,The strange [wugs],The strange [wug],-14.739387512207031,-16.42688751220703,-12.654197692871094,-14.841697692871094,-14.988500595092773,-15.738500595092773,-12.963420867919922,-14.213420867919922,8
test,0,The fierce [wug],The fierce [wugs],-14.243098258972168,-14.493098258972168,-14.14443302154541,-14.39443302154541,-14.64992618560791,-14.58742618560791,-14.544051170349121,-14.356551170349121,8
test,1,The fierce [wugs],The fierce [wug],-13.19289779663086,-16.94289779663086,-12.06696891784668,-16.37946891784668,-13.265625953674316,-16.578126907348633,-12.361993789672852,-16.17449378967285,8
test,0,The wary [wug],The wary [wugs],-10.243491172790527,-15.680991172790527,-12.088984489440918,-15.526484489440918,-10.337063789367676,-15.337063789367676,-12.383288383483887,-15.383288383483887,8
test,1,The wary [wugs],The wary [wug],-13.779317855834961,-15.466817855834961,-12.732830047607422,-15.670330047607422,-13.78078556060791,-15.09328556060791,-12.781387329101562,-15.343887329101562,8
test,0,The fierce [wug],The fierce [wugs],-11.930598258972168,-15.805598258972168,-11.26943302154541,-15.45693302154541,-12.14992618560791,-15.52492618560791,-11.481551170349121,-14.981551170349121,8
test,1,The fierce [wugs],The fierce [wug],-11.81789779663086,-15.00539779663086,-11.37946891784668,-15.12946891784668,-12.078125953674316,-14.390625953674316,-11.674493789672852,-14.736993789672852,8
test,0,The bold [wug],The bold [wugs],-14.619043350219727,-16.494043350219727,-12.806060791015625,-16.118560791015625,-14.965255737304688,-16.340255737304688,-13.043570518493652,-15.793570518493652,8
test,1,The bold [wugs],The bold [wug],-15.634897232055664,-16.259897232055664,-13.639664649963379,-15.014664649963379,-15.818694114685059,-16.006195068359375,-13.679932594299316,-14.679932594299316,8
test,0,The gentle [wug],The gentle [wugs],-13.632224082946777,-18.38222312927246,-12.412347793579102,-17.1623477935791,-14.112591743469238,-17.862590789794922,-12.69296646118164,-16.69296646118164,8
test,1,The gentle [wugs],The gentle [wug],-12.686408042907715,-15.498908042907715,-12.66329288482666,-15.41329288482666,-12.906245231628418,-14.843745231628418,-12.9098539352417,-14.8473539352417,8
test,0,The strange [wug],The strange [wugs],-13.829324722290039,-13.954324722290039,-12.782041549682617,-13.782041549682617,-13.818126678466797,-13.880626678466797,-12.951737403869629,-13.764237403869629,8
test,1,The strange [wugs],The strange [wug],-15.301887512207031,-15.989387512207031,-13.029197692871094,-13.966697692871094,-15.176000595092773,-15.613500595092773,-13.088420867919922,-13.713420867919922,8
test,0,The bold [wug],The bold [wugs],-12.431543350219727,-13.056543350219727,-12.306060791015625,-13.431060791015625,-12.902755737304688,-13.027755737304688,-12.606070518493652,-13.231070518493652,8
test,1,The bold [wugs],The bold [wug],-12.447397232055664,-15.759897232055664,-10.889664649963379,-15.202164649963379,-12.631194114685059,-15.318694114685059,-10.992432594299316,-14.742432594299316,8
test,0,The bold [wug],The bold [wugs],-11.494043350219727,-13.244043350219727,-11.743560791015625,-14.118560791015625,-11.715255737304688,-13.152755737304688,-11.981070518493652,-13.918570518493652,8
test,1,The bold [wugs],The bold [wug],-12.697397232055664,-15.197397232055664,-11.327164649963379,-13.452164649963379,-13.006194114685059,-14.881194114685059,-11.492432594299316,-13.054932594299316,8
test,0,The wary [wug],The wary [wugs],-11.180991172790527,-14.430991172790527,-11.838984489440918,-14.963984489440918,-11.337063789367676,-14.087063789367676,-12.133288383483887,-14.758288383483887,8
test,1,The wary [wugs],The wary [wug],-13.466817855834961,-15.091817855834961,-12.295330047607422,-14.420330047607422,-13.59328556060791,-14.71828556060791,-12.468887329101562,-14.093887329101562,8
test,0,The gentle [wug],The gentle [wugs],-12.257224082946777,-14.257224082946777,-12.287347793579102,-14.412347793579102,-12.612591743469238,-14.112591743469238,-12.50546646118164,-14.31796646118164,8
test,1,The gentle [wugs],The gentle [wug],-11.623908042907715,-13.686408042907715,-12.53829288482666,-14.22579288482666,-11.968745231628418,-13.468745231628418,-12.7223539352417,-13.8473539352417,8
test,0,The graceful [wug],The graceful [wugs],-15.349678039550781,-16.72467803955078,-15.914773941040039,-16.35227394104004,-15.397162437438965,-16.58466339111328,-16.08802032470703,-16.33802032470703,8
test,1,The graceful [wugs],The graceful [wug],-15.517722129821777,-16.26772117614746,-14.95190715789795,-15.63940715789795,-15.668439865112305,-16.230939865112305,-14.935787200927734,-15.435787200927734,8
test,0,The shy [wug],The shy [wugs],-13.588808059692383,-16.838808059692383,-11.931719779968262,-14.869219779968262,-13.862716674804688,-16.550216674804688,-12.188847541809082,-14.688847541809082,8
test,1,The shy [wugs],The shy [wug],-12.605386734008789,-17.48038673400879,-11.207173347473145,-16.957172393798828,-12.760905265808105,-16.823406219482422,-11.316132545471191,-16.378631591796875,8
test,0,The tiny [wug],The tiny [wugs],-17.81229019165039,-18.56229019165039,-14.926831245422363,-16.551830291748047,-18.108469009399414,-18.545969009399414,-15.187939643859863,-16.50044059753418,8
test,1,The tiny [wugs],The tiny [wug],-14.400486946105957,-16.77548599243164,-13.359889030456543,-16.547388076782227,-14.453364372253418,-16.578365325927734,-13.352097511291504,-16.28959846496582,8
test,0,The curious [wug],The curious [wugs],-11.915776252746582,-16.290775299072266,-11.55817985534668,-16.05817985534668,-12.022708892822266,-15.835208892822266,-11.690986633300781,-15.628486633300781,8
test,1,The curious [wugs],The curious [wug],-13.378362655639648,-16.50336265563965,-11.713719367980957,-15.088719367980957,-13.597299575805664,-16.097299575805664,-12.011232376098633,-14.698732376098633,8
test,0,The shy [wug],The shy [wugs],-15.088808059692383,-17.088808059692383,-13.119219779968262,-15.056719779968262,-15.362716674804688,-17.050216674804688,-13.376347541809082,-15.001347541809082,8
test,1,The shy [wugs],The shy [wug],-14.417886734008789,-16.91788673400879,-12.019673347473145,-15.332173347473145,-14.510905265808105,-16.635906219482422,-12.128632545471191,-15.003632545471191,8
test,0,The spotted [wug],The spotted [wugs],-15.110701560974121,-17.946640014648438,-11.8381986618042,-12.5256986618042,-15.721592903137207,-17.31534194946289,-12.205793380737305,-12.393293380737305,8
test,1,The spotted [wugs],The spotted [wug],-11.535229682922363,-14.222729682922363,-11.663717269897461,-14.476217269897461,-11.717504501342773,-13.592504501342773,-11.825029373168945,-13.825029373168945,8
test,0,The fierce [wug],The fierce [wugs],-14.743098258972168,-17.18059730529785,-13.83193302154541,-16.581932067871094,-14.89992618560791,-16.649925231933594,-14.106551170349121,-16.044052124023438,8
test,1,The fierce [wugs],The fierce [wug],-12.88039779663086,-17.00539779663086,-11.62946891784668,-16.59821891784668,-13.078125953674316,-16.453126907348633,-11.986993789672852,-16.29949378967285,8
test,0,The clumsy [wug],The clumsy [wugs],-14.623245239257812,-16.935745239257812,-13.565726280212402,-15.565726280212402,-14.810588836669922,-16.498088836669922,-13.811381340026855,-15.248881340026855,8
test,1,The clumsy [wugs],The clumsy [wug],-12.51981258392334,-17.988563537597656,-11.677972793579102,-17.1154727935791,-12.74032211303711,-17.55282211303711,-11.85635757446289,-16.60635757446289,8
test,0,The tiny [wug],The tiny [wugs],-13.87479019165039,-15.93729019165039,-12.801831245422363,-16.051830291748047,-14.358468055725098,-16.045969009399414,-13.125439643859863,-16.06294059753418,8
test,1,The tiny [wugs],The tiny [wug],-13.462986946105957,-15.837986946105957,-13.297389030456543,-15.734889030456543,-13.640864372253418,-15.515864372253418,-13.414597511291504,-15.477097511291504,8
test,0,The restless [wug],The restless [wugs],-14.916147232055664,-15.478647232055664,-13.996970176696777,-14.871970176696777,-15.262022972106934,-15.449522972106934,-14.475339889526367,-14.912839889526367,8
test,1,The restless [wugs],The restless [wug],-13.854097366333008,-17.791597366333008,-11.91720962524414,-16.29220962524414,-13.91520881652832,-17.47770881652832,-11.994477272033691,-15.994477272033691,8
test,0,The restless [wug],The restless [wugs],-11.416147232055664,-13.791147232055664,-11.871970176696777,-14.371970176696777,-11.574522972106934,-13.637022972106934,-12.037839889526367,-14.162839889526367,8
test,1,The restless [wugs],The restless [wug],-12.354097366333008,-14.604097366333008,-11.66720962524414,-13.41720962524414,-12.60270881652832,-14.29020881652832,-11.806977272033691,-13.119477272033691,8
test,0,The sturdy [wug],The sturdy [wugs],-12.378308296203613,-14.565808296203613,-11.370039939880371,-14.620039939880371,-12.856813430786133,-14.169313430786133,-11.794575691223145,-14.107075691223145,8
test,1,The sturdy [wugs],The sturdy [wug],-9.683877944946289,-13.433877944946289,-9.143166542053223,-13.330666542053223,-9.794203758239746,-12.669203758239746,-9.470935821533203,-12.783435821533203,8
test,0,The clumsy [wug],The clumsy [wugs],-13.998245239257812,-18.341995239257812,-12.565726280212402,-16.75322723388672,-13.998088836669922,-17.623088836669922,-12.748881340026855,-16.24888038635254,8
test,1,The clumsy [wugs],The clumsy [wug],-13.58231258392334,-16.394813537597656,-11.552972793579102,-14.490472793579102,-13.92782211303711,-16.17782211303711,-11.85635757446289,-14.10635757446289,8
test,0,The gentle [wug],The gentle [wugs],-14.194724082946777,-14.819724082946777,-13.224847793579102,-13.849847793579102,-14.800091743469238,-14.862591743469238,-13.44296646118164,-13.69296646118164,8
test,1,The gentle [wugs],The gentle [wug],-12.936408042907715,-16.1239070892334,-12.22579288482666,-15.60079288482666,-13.093745231628418,-15.718745231628418,-12.4098539352417,-15.2223539352417,8
test,0,The wary [wug],The wary [wugs],-12.805991172790527,-15.368491172790527,-13.088984489440918,-15.651484489440918,-12.962063789367676,-15.149563789367676,-13.383288383483887,-15.570788383483887,8
test,1,The wary [wugs],The wary [wug],-14.154317855834961,-14.529317855834961,-13.170330047607422,-14.482830047607422,-14.03078556060791,-14.28078556060791,-13.218887329101562,-14.281387329101562,8
test,0,The sturdy [wug],The sturdy [wugs],-9.815808296203613,-14.190808296203613,-11.432539939880371,-15.682539939880371,-10.169313430786133,-13.544313430786133,-11.669575691223145,-14.919575691223145,8
test,1,The sturdy [wugs],The sturdy [wug],-12.621377944946289,-14.996377944946289,-11.268166542053223,-14.018166542053223,-12.794203758239746,-14.294203758239746,-11.595935821533203,-13.470935821533203,8
test,0,The spotted [wug],The spotted [wugs],-18.134140014648438,-19.777694702148438,-13.0256986618042,-14.4631986618042,-18.08096694946289,-19.12002944946289,-13.205793380737305,-14.393293380737305,8
test,1,The spotted [wugs],The spotted [wug],-12.597729682922363,-14.535229682922363,-13.288717269897461,-14.851217269897461,-12.780004501342773,-14.217504501342773,-13.450029373168945,-14.637529373168945,8
test,0,The tiny [wug],The tiny [wugs],-15.24979019165039,-16.74979019165039,-14.051831245422363,-15.864331245422363,-15.545968055725098,-16.795969009399414,-14.250439643859863,-15.875439643859863,8
test,1,The tiny [wugs],The tiny [wug],-14.337986946105957,-15.212986946105957,-14.484889030456543,-16.297388076782227,-14.515864372253418,-15.078364372253418,-14.477097511291504,-16.03959846496582,8
test,0,The lively [wug],The lively [wugs],-15.219456672668457,-16.34445571899414,-12.797120094299316,-15.547120094299316,-15.588326454162598,-16.150827407836914,-13.149069786071777,-15.399069786071777,8
test,1,The lively [wugs],The lively [wug],-11.932385444641113,-16.244884490966797,-11.000843048095703,-15.250843048095703,-12.044475555419922,-15.606975555419922,-11.23043155670166,-14.85543155670166,8
test,0,The curious [wug],The curious [wugs],-14.790776252746582,-16.540775299072266,-13.18317985534668,-15.62067985534668,-14.960208892822266,-16.397708892822266,-13.440986633300781,-15.565986633300781,8
test,1,The curious [wugs],The curious [wug],-15.315862655639648,-16.94086265563965,-13.588719367980957,-15.151219367980957,-15.347299575805664,-16.722299575805664,-13.761232376098633,-14.948732376098633,8
test,0,The wary [wug],The wary [wugs],-14.305991172790527,-16.68099021911621,-13.401484489440918,-15.588984489440918,-14.524563789367676,-16.399564743041992,-13.695788383483887,-15.508288383483887,8
test,1,The wary [wugs],The wary [wug],-14.529317855834961,-16.77931785583496,-13.107830047607422,-15.545330047607422,-14.65578556060791,-16.593284606933594,-13.343887329101562,-15.406387329101562,8
test,0,The tiny [wug],The tiny [wugs],-13.18729019165039,-17.74979019165039,-11.801831245422363,-16.614330291748047,-13.545968055725098,-17.358469009399414,-12.000439643859863,-16.31294059753418,8
test,1,The tiny [wugs],The tiny [wug],-12.587986946105957,-15.962986946105957,-11.672389030456543,-15.859889030456543,-12.953364372253418,-15.578364372253418,-11.789597511291504,-15.539597511291504,8
test,0,The bold [wug],The bold [wugs],-13.369043350219727,-14.056543350219727,-12.056060791015625,-12.681060791015625,-13.652755737304688,-14.090255737304688,-12.168570518493652,-12.606070518493652,8
test,1,The bold [wugs],The bold [wug],-14.634897232055664,-15.759897232055664,-12.202164649963379,-13.639664649963379,-14.881194114685059,-15.756194114685059,-12.304932594299316,-13.554932594299316,8
test,0,The round [wug],The round [wugs],-11.890340805053711,-14.515340805053711,-12.209336280822754,-15.084336280822754,-12.01541519165039,-13.89041519165039,-12.333405494689941,-14.708405494689941,8
test,1,The round [wugs],The round [wug],-11.400426864624023,-15.087926864624023,-11.03572940826416,-15.09822940826416,-11.6304349899292,-14.6304349899292,-11.210641860961914,-14.523141860961914,8
test,0,The fierce [wug],The fierce [wugs],-14.180598258972168,-15.680598258972168,-14.14443302154541,-15.45693302154541,-14.33742618560791,-15.64992618560791,-14.231551170349121,-15.356551170349121,8
test,1,The fierce [wugs],The fierce [wug],-15.00539779663086,-17.03664779663086,-14.25446891784668,-15.62946891784668,-15.078125953674316,-16.828126907348633,-14.611993789672852,-15.611993789672852,8
test,0,The shy [wug],The shy [wugs],-11.213808059692383,-12.276308059692383,-10.744219779968262,-11.994219779968262,-11.487716674804688,-11.987716674804688,-10.938847541809082,-11.751347541809082,8
test,1,The shy [wugs],The shy [wug],-10.292886734008789,-14.480386734008789,-8.019673347473145,-13.894673347473145,-10.510905265808105,-14.010905265808105,-8.253632545471191,-13.503632545471191,8
test,0,The graceful [wug],The graceful [wugs],-11.287178039550781,-14.787178039550781,-12.852273941040039,-15.977273941040039,-11.522162437438965,-14.459662437438965,-13.088020324707031,-15.713020324707031,8
test,1,The graceful [wugs],The graceful [wug],-13.017722129821777,-14.892722129821777,-12.51440715789795,-15.20190715789795,-13.355939865112305,-14.605939865112305,-12.685787200927734,-14.873287200927734,8
test,0,The round [wug],The round [wugs],-13.577840805053711,-15.202840805053711,-10.584336280822754,-12.709336280822754,-13.45291519165039,-14.51541519165039,-10.645905494689941,-12.458405494689941,8
test,1,The round [wugs],The round [wug],-10.337926864624023,-13.150426864624023,-10.16072940826416,-13.72322940826416,-10.5054349899292,-12.8179349899292,-10.398141860961914,-13.273141860961914,8
test,0,The gentle [wug],The gentle [wugs],-14.507224082946777,-14.757224082946777,-14.037347793579102,-14.349847793579102,-15.237591743469238,-14.925091743469238,-14.38046646118164,-14.31796646118164,8
test,1,The gentle [wugs],The gentle [wug],-13.186408042907715,-16.8739070892334,-12.22579288482666,-16.163293838500977,-13.281245231628418,-16.468746185302734,-12.3473539352417,-15.7848539352417,8
test,0,The tiny [wug],The tiny [wugs],-15.93729019165039,-18.49979019165039,-15.426831245422363,-18.020580291748047,-16.170969009399414,-18.545969009399414,-15.562939643859863,-18.00044059753418,8
test,1,The tiny [wugs],The tiny [wug],-16.08798599243164,-17.71298599243164,-16.172388076782227,-17.891138076782227,-16.203365325927734,-17.328365325927734,-16.22709846496582,-17.60209846496582,8
test,0,The graceful [wug],The graceful [wugs],-10.662178039550781,-13.599678039550781,-10.789773941040039,-13.977273941040039,-10.959662437438965,-13.147162437438965,-11.150520324707031,-13.713020324707031,8
test,1,The graceful [wugs],The graceful [wug],-10.955222129821777,-14.955222129821777,-10.70190715789795,-14.07690715789795,-11.293439865112305,-14.418439865112305,-10.810787200927734,-13.498287200927734,8
test,0,The strange [wug],The strange [wugs],-12.516824722290039,-15.266824722290039,-12.594541549682617,-15.657041549682617,-12.505626678466797,-15.068126678466797,-12.826737403869629,-15.639237403869629,8
test,1,The strange [wugs],The strange [wug],-14.614387512207031,-15.926887512207031,-12.466697692871094,-13.904197692871094,-14.863500595092773,-15.426000595092773,-12.713420867919922,-13.463420867919922,8
test,0,The shy [wug],The shy [wugs],-15.463808059692383,-16.963808059692383,-12.994219779968262,-14.931719779968262,-15.800216674804688,-16.925216674804688,-13.313847541809082,-14.938847541809082,8
test,1,The shy [wugs],The shy [wug],-14.667886734008789,-17.41788673400879,-13.519673347473145,-16.019672393798828,-14.760905265808105,-17.135906219482422,-13.628632545471191,-15.816132545471191,8
test,0,The bold [wug],The bold [wugs],-13.619043350219727,-16.869043350219727,-13.431060791015625,-16.056060791015625,-13.965255737304688,-16.652755737304688,-13.731070518493652,-15.856070518493652,8
test,1,The bold [wugs],The bold [wug],-13.884897232055664,-15.697397232055664,-13.077164649963379,-15.952164649963379,-14.068694114685059,-15.318694114685059,-13.117432594299316,-15.554932594299316,8
test,0,The fierce [wug],The fierce [wugs],-14.118098258972168,-15.993098258972168,-13.08193302154541,-14.89443302154541,-14.33742618560791,-15.96242618560791,-13.294051170349121,-14.669051170349121,8
test,1,The fierce [wugs],The fierce [wug],-13.31789779663086,-16.84914779663086,-12.12946891784668,-15.75446891784668,-13.453125953674316,-16.265626907348633,-12.361993789672852,-15.486993789672852,8
test,0,The bold [wug],The bold [wugs],-10.431543350219727,-12.681543350219727,-9.556060791015625,-12.493560791015625,-10.652755737304688,-12.402755737304688,-9.668570518493652,-12.168570518493652,8
test,1,The bold [wugs],The bold [wug],-10.884897232055664,-13.697397232055664,-8.514664649963379,-12.389664649963379,-11.193694114685059,-13.193694114685059,-8.742432594299316,-11.867432594299316,8
test,0,The strange [wug],The strange [wugs],-15.391824722290039,-16.76682472229004,-13.657041549682617,-15.469541549682617,-15.443126678466797,-16.443126678466797,-13.951737403869629,-15.326737403869629,8
test,1,The strange [wugs],The strange [wug],-13.301887512207031,-15.551887512207031,-11.029197692871094,-14.029197692871094,-13.426000595092773,-15.051000595092773,-11.275920867919922,-13.650920867919922,8
test,0,The bold [wug],The bold [wugs],-10.806543350219727,-10.931543350219727,-11.243560791015625,-12.556060791015625,-11.027755737304688,-10.652755737304688,-11.418570518493652,-12.106070518493652,8
test,1,The bold [wugs],The bold [wug],-9.697397232055664,-13.759897232055664,-9.014664649963379,-14.264664649963379,-10.006194114685059,-13.193694114685059,-9.242432594299316,-13.804932594299316,8
test,0,The wary [wug],The wary [wugs],-17.14974021911621,-18.30599021911621,-14.901484489440918,-16.026485443115234,-17.180814743041992,-18.055814743041992,-15.133288383483887,-16.008289337158203,8
test,1,The wary [wugs],The wary [wug],-15.966817855834961,-17.56056785583496,-14.107830047607422,-15.670330047607422,-16.093284606933594,-17.468284606933594,-14.218887329101562,-15.593887329101562,8
test,0,The lively [wug],The lively [wugs],-12.594456672668457,-16.34445571899414,-12.484620094299316,-17.047121047973633,-12.963326454162598,-16.025827407836914,-12.836569786071777,-16.774070739746094,8
test,1,The lively [wugs],The lively [wug],-12.932385444641113,-14.619885444641113,-13.000843048095703,-14.750843048095703,-13.106975555419922,-13.981975555419922,-13.23043155670166,-14.29293155670166,8
test,0,The gentle [wug],The gentle [wugs],-14.944724082946777,-15.444724082946777,-13.912347793579102,-13.912347793579102,-15.362591743469238,-15.550091743469238,-14.13046646118164,-13.88046646118164,8
test,1,The gentle [wugs],The gentle [wug],-14.436408042907715,-16.7489070892334,-13.10079288482666,-15.85079288482666,-14.468745231628418,-16.531246185302734,-13.2223539352417,-15.6598539352417,8
test,0,The gentle [wug],The gentle [wugs],-15.069724082946777,-15.944724082946777,-12.724847793579102,-13.912347793579102,-15.425091743469238,-15.862591743469238,-12.88046646118164,-13.81796646118164,8
test,1,The gentle [wugs],The gentle [wug],-13.373908042907715,-16.2489070892334,-12.10079288482666,-14.66329288482666,-13.468745231628418,-15.968745231628418,-12.1598539352417,-14.3473539352417,8
test,0,The spotted [wug],The spotted [wugs],-15.329451560974121,-17.516952514648438,-12.0256986618042,-14.7131986618042,-16.40909194946289,-17.25284194946289,-12.518293380737305,-14.705793380737305,8
test,1,The spotted [wugs],The spotted [wug],-11.910229682922363,-16.785228729248047,-11.663717269897461,-16.35121726989746,-12.092504501342773,-15.842504501342773,-11.700029373168945,-15.512529373168945,8
test,0,The restless [wug],The restless [wugs],-14.728647232055664,-16.603647232055664,-13.309470176696777,-15.809470176696777,-15.012022972106934,-16.44952392578125,-13.600339889526367,-15.475339889526367,8
test,1,The restless [wugs],The restless [wug],-13.604097366333008,-16.229097366333008,-11.54220962524414,-14.79220962524414,-13.79020881652832,-15.79020881652832,-11.681977272033691,-14.431977272033691,8
test,0,The tiny [wug],The tiny [wugs],-15.87479019165039,-16.68729019165039,-15.114331245422363,-16.239330291748047,-16.045969009399414,-16.608469009399414,-15.187939643859863,-16.12544059753418,8
test,1,The tiny [wugs],The tiny [wug],-16.83798599243164,-18.93173599243164,-14.797389030456543,-16.984888076782227,-17.015865325927734,-18.797115325927734,-14.852097511291504,-16.85209846496582,8
test,0,The bold [wug],The bold [wugs],-15.056543350219727,-16.244043350219727,-12.493560791015625,-15.431060791015625,-15.465255737304688,-16.340255737304688,-12.668570518493652,-15.356070518493652,8
test,1,The bold [wugs],The bold [wug],-13.947397232055664,-16.572397232055664,-12.639664649963379,-15.389664649963379,-14.131194114685059,-16.006195068359375,-12.742432594299316,-14.867432594299316,8
test,0,The clever [wug],The clever [wugs],-10.304723739624023,-11.304723739624023,-11.359970092773438,-14.109970092773438,-10.67098331451416,-11.23348331451416,-11.717607498168945,-13.967607498168945,8
test,1,The clever [wugs],The clever [wug],-14.804152488708496,-17.491653442382812,-13.756898880004883,-16.819398880004883,-14.948294639587402,-17.010793685913086,-14.113314628601074,-16.30081558227539,8
test,0,The graceful [wug],The graceful [wugs],-14.037178039550781,-17.44342803955078,-13.352273941040039,-17.35227394104004,-14.522162437438965,-17.11591339111328,-13.775520324707031,-17.15052032470703,8
test,1,The graceful [wugs],The graceful [wug],-14.642722129821777,-18.64272117614746,-13.07690715789795,-16.639408111572266,-14.918439865112305,-18.105939865112305,-13.248287200927734,-16.123287200927734,8
test,0,The clumsy [wug],The clumsy [wugs],-12.373245239257812,-13.623245239257812,-12.065726280212402,-14.128226280212402,-12.373088836669922,-13.185588836669922,-12.248881340026855,-13.936381340026855,8
test,1,The clumsy [wugs],The clumsy [wug],-12.58231258392334,-14.95731258392334,-11.490472793579102,-13.552972793579102,-12.92782211303711,-14.74032211303711,-11.73135757446289,-13.29385757446289,8
test,0,The tiny [wug],The tiny [wugs],-15.56229019165039,-17.68729019165039,-14.176831245422363,-16.676830291748047,-15.608468055725098,-17.545969009399414,-14.312939643859863,-16.56294059753418,8
test,1,The tiny [wugs],The tiny [wug],-15.775486946105957,-16.96298599243164,-14.672389030456543,-15.984889030456543,-16.015865325927734,-16.828365325927734,-14.664597511291504,-15.789597511291504,8
test,0,The lively [wug],The lively [wugs],-14.531956672668457,-17.40695571899414,-14.109620094299316,-17.047121047973633,-14.713326454162598,-17.338327407836914,-14.274069786071777,-16.899070739746094,8
test,1,The lively [wugs],The lively [wug],-15.807385444641113,-17.151134490966797,-14.875843048095703,-16.125843048095703,-15.731975555419922,-16.606975555419922,-14.98043155670166,-15.79293155670166,8
test,0,The restless [wug],The restless [wugs],-16.541147232055664,-20.322397232055664,-14.371970176696777,-18.40321922302246,-16.82452392578125,-20.01202392578125,-14.725339889526367,-17.881589889526367,8
test,1,The restless [wugs],The restless [wug],-15.166597366333008,-18.635347366333008,-13.10470962524414,-17.29220962524414,-15.29020881652832,-18.04020881652832,-13.056977272033691,-16.744476318359375,8
test,0,The gentle [wug],The gentle [wugs],-14.757224082946777,-17.00722312927246,-13.412347793579102,-15.474847793579102,-15.300091743469238,-16.925090789794922,-13.63046646118164,-15.31796646118164,8
test,1,The gentle [wugs],The gentle [wug],-13.248908042907715,-15.811408042907715,-12.53829288482666,-15.41329288482666,-13.531245231628418,-15.406245231628418,-12.7223539352417,-15.0348539352417,8
test,0,The bold [wug],The bold [wugs],-12.869043350219727,-13.931543350219727,-12.368560791015625,-14.181060791015625,-13.277755737304688,-13.715255737304688,-12.668570518493652,-13.793570518493652,8
test,1,The bold [wugs],The bold [wug],-11.759897232055664,-14.009897232055664,-10.639664649963379,-14.327164649963379,-12.006194114685059,-13.631194114685059,-10.742432594299316,-13.929932594299316,8
test,0,The wary [wug],The wary [wugs],-12.368491172790527,-16.99349021911621,-11.088984489440918,-15.963984489440918,-12.649563789367676,-16.462064743041992,-11.570788383483887,-15.820788383483887,8
test,1,The wary [wugs],The wary [wug],-13.529317855834961,-15.091817855834961,-11.920330047607422,-14.295330047607422,-13.59328556060791,-14.59328556060791,-11.968887329101562,-13.968887329101562,8
test,0,The clever [wug],The clever [wugs],-10.992223739624023,-15.054723739624023,-12.047470092773438,-16.422470092773438,-11.10848331451416,-14.54598331451416,-12.405107498168945,-15.905107498168945,8
test,1,The clever [wugs],The clever [wug],-11.429152488708496,-14.679152488708496,-10.506898880004883,-14.444398880004883,-11.635794639587402,-14.135794639587402,-10.863314628601074,-13.988314628601074,8
test,0,The round [wug],The round [wugs],-17.01534080505371,-19.64034080505371,-14.396836280822754,-17.89683723449707,-17.20291519165039,-19.14041519165039,-14.645905494689941,-17.645906448364258,8
test,1,The round [wugs],The round [wug],-14.900426864624023,-17.744176864624023,-13.59822940826416,-16.598228454589844,-14.9429349899292,-17.192935943603516,-13.710641860961914,-16.085641860961914,8
test,0,The lively [wug],The lively [wugs],-14.094456672668457,-14.594456672668457,-12.672120094299316,-14.047120094299316,-14.400826454162598,-14.650826454162598,-12.899069786071777,-13.961569786071777,8
test,1,The lively [wugs],The lively [wug],-10.807385444641113,-14.619885444641113,-10.313343048095703,-14.000843048095703,-10.856975555419922,-14.044475555419922,-10.48043155670166,-13.54293155670166,8
test,0,The gentle [wug],The gentle [wugs],-16.38222312927246,-19.60097312927246,-15.412347793579102,-18.8185977935791,-16.862590789794922,-19.081340789794922,-15.69296646118164,-18.34921646118164,8
test,1,The gentle [wugs],The gentle [wug],-14.998908042907715,-18.4051570892334,-14.66329288482666,-18.538293838500977,-14.968745231628418,-17.687496185302734,-14.7223539352417,-17.941104888916016,8
test,0,The strange [wug],The strange [wugs],-15.454324722290039,-18.01682472229004,-13.594541549682617,-16.532041549682617,-15.505626678466797,-17.505626678466797,-13.826737403869629,-16.201736450195312,8
test,1,The strange [wugs],The strange [wug],-13.489387512207031,-17.30188751220703,-11.154197692871094,-15.654197692871094,-13.676000595092773,-16.488500595092773,-11.338420867919922,-14.900920867919922,8
test,0,The lively [wug],The lively [wugs],-12.719456672668457,-15.406956672668457,-11.922120094299316,-15.359620094299316,-13.088326454162598,-15.088326454162598,-12.211569786071777,-15.024069786071777,8
test,1,The lively [wugs],The lively [wug],-10.557385444641113,-14.682385444641113,-10.938343048095703,-14.875843048095703,-10.794475555419922,-13.981975555419922,-11.23043155670166,-14.41793155670166,8
test,0,The clumsy [wug],The clumsy [wugs],-11.560745239257812,-15.560745239257812,-11.815726280212402,-15.690726280212402,-11.560588836669922,-14.685588836669922,-12.061381340026855,-15.061381340026855,8
test,1,The clumsy [wugs],The clumsy [wug],-10.89481258392334,-14.20731258392334,-9.990472793579102,-13.677972793579102,-11.11532211303711,-13.92782211303711,-10.16885757446289,-13.29385757446289,8
test,0,The spotted [wug],The spotted [wugs],-12.016951560974121,-13.298201560974121,-12.0256986618042,-14.4631986618042,-12.815342903137207,-12.784092903137207,-12.455793380737305,-14.205793380737305,8
test,1,The spotted [wugs],The spotted [wug],-12.097729682922363,-16.535228729248047,-13.601217269897461,-17.85121726989746,-12.092504501342773,-15.467504501342773,-13.575029373168945,-16.950029373168945,8
test,0,The curious [wug],The curious [wugs],-15.228276252746582,-16.353275299072266,-14.55817985534668,-16.18317985534668,-15.460208892822266,-16.210208892822266,-14.753486633300781,-16.06598663330078,8
test,1,The curious [wugs],The curious [wug],-16.00336265563965,-18.65961265563965,-14.713719367980957,-16.58871841430664,-15.972299575805664,-18.347299575805664,-14.948732376098633,-16.386232376098633,8
test,0,The shy [wug],The shy [wugs],-15.151308059692383,-16.713808059692383,-13.494219779968262,-15.181719779968262,-15.487716674804688,-16.800216674804688,-13.813847541809082,-15.188847541809082,8
test,1,The shy [wugs],The shy [wug],-14.105386734008789,-16.29288673400879,-11.644673347473145,-14.519673347473145,-14.198405265808105,-16.073406219482422,-11.816132545471191,-14.441132545471191,8
test,0,The restless [wug],The restless [wugs],-15.728647232055664,-17.416147232055664,-14.371970176696777,-16.12196922302246,-16.01202392578125,-17.44952392578125,-14.662839889526367,-16.100339889526367,8
test,1,The restless [wugs],The restless [wug],-14.604097366333008,-17.291597366333008,-13.60470962524414,-15.91720962524414,-14.79020881652832,-16.97770881652832,-13.869477272033691,-15.681977272033691,8
test,0,The gentle [wug],The gentle [wugs],-11.944724082946777,-15.069724082946777,-12.349847793579102,-15.412347793579102,-12.425091743469238,-14.987591743469238,-12.56796646118164,-15.31796646118164,8
test,1,The gentle [wugs],The gentle [wug],-13.373908042907715,-14.998908042907715,-13.66329288482666,-15.03829288482666,-13.593745231628418,-14.593745231628418,-13.8473539352417,-14.6598539352417,8
test,0,The bold [wug],The bold [wugs],-13.181543350219727,-15.494043350219727,-14.118560791015625,-16.931060791015625,-13.402755737304688,-15.527755737304688,-14.293570518493652,-16.856069564819336,8
test,1,The bold [wugs],The bold [wug],-13.822397232055664,-16.259897232055664,-14.702164649963379,-16.202165603637695,-13.943694114685059,-15.818694114685059,-14.679932594299316,-15.679932594299316,8
test,0,The gentle [wug],The gentle [wugs],-11.694724082946777,-14.132224082946777,-11.599847793579102,-13.912347793579102,-12.112591743469238,-13.987591743469238,-11.75546646118164,-13.75546646118164,8
test,1,The gentle [wugs],The gentle [wug],-13.561408042907715,-15.498908042907715,-12.53829288482666,-14.28829288482666,-13.843745231628418,-15.156245231628418,-12.8473539352417,-14.0348539352417,8
test,0,The fierce [wug],The fierce [wugs],-12.618098258972168,-13.868098258972168,-12.01943302154541,-13.39443302154541,-12.83742618560791,-13.77492618560791,-12.231551170349121,-13.231551170349121,8
test,1,The fierce [wugs],The fierce [wug],-10.50539779663086,-14.31789779663086,-10.37946891784668,-14.12946891784668,-10.703125953674316,-13.765625953674316,-10.674493789672852,-13.799493789672852,8
test,0,The sturdy [wug],The sturdy [wugs],-12.940808296203613,-15.909558296203613,-12.620039939880371,-15.807539939880371,-13.544313430786133,-15.731813430786133,-13.044575691223145,-15.357075691223145,8
test,1,The sturdy [wugs],The sturdy [wug],-13.246377944946289,-16.99637794494629,-12.268166542053223,-16.45566749572754,-13.419203758239746,-16.356704711914062,-12.470935821533203,-15.908435821533203,8
test,0,The sturdy [wug],The sturdy [wugs],-14.190808296203613,-14.565808296203613,-13.370039939880371,-14.495039939880371,-14.419313430786133,-14.356813430786133,-13.669575691223145,-14.419575691223145,8
test,1,The sturdy [wugs],The sturdy [wug],-13.996377944946289,-15.746377944946289,-13.205666542053223,-15.080666542053223,-13.981703758239746,-15.294203758239746,-13.283435821533203,-14.783435821533203,8
test,0,The wary [wug],The wary [wugs],-13.993491172790527,-15.368491172790527,-12.776484489440918,-14.588984489440918,-14.149563789367676,-15.087063789367676,-13.070788383483887,-14.508288383483887,8
test,1,The wary [wugs],The wary [wug],-13.341817855834961,-15.966817855834961,-11.357830047607422,-14.357830047607422,-13.34328556060791,-15.71828556060791,-11.468887329101562,-14.093887329101562,8
test,0,The fierce [wug],The fierce [wugs],-13.868098258972168,-16.89934730529785,-13.64443302154541,-16.581932067871094,-14.21242618560791,-16.649925231933594,-14.044051170349121,-16.294052124023438,8
test,1,The fierce [wugs],The fierce [wug],-13.50539779663086,-17.44289779663086,-12.44196891784668,-16.94196891784668,-13.640625953674316,-16.765626907348633,-12.674493789672852,-16.54949378967285,8
test,0,The shy [wug],The shy [wugs],-15.338808059692383,-16.838808059692383,-14.556719779968262,-16.181718826293945,-15.550216674804688,-16.800216674804688,-14.813847541809082,-16.188846588134766,8
test,1,The shy [wugs],The shy [wug],-16.73038673400879,-18.26163673400879,-15.269673347473145,-16.800922393798828,-16.698406219482422,-18.042156219482422,-15.441132545471191,-16.691131591796875,8
test,0,The clever [wug],The clever [wugs],-12.554723739624023,-14.742223739624023,-12.922470092773438,-15.672470092773438,-12.79598331451416,-14.48348331451416,-13.342607498168945,-15.467607498168945,8
test,1,The clever [wugs],The clever [wug],-12.241652488708496,-16.554153442382812,-11.319398880004883,-16.069398880004883,-12.448294639587402,-15.823294639587402,-11.675814628601074,-15.488314628601074,8
test,0,The fierce [wug],The fierce [wugs],-4.61809778213501,-11.180598258972168,-4.51943302154541,-11.08193302154541,-4.837425708770752,-9.39992618560791,-4.856551647186279,-9.356551170349121,8
test,1,The fierce [wugs],The fierce [wug],-3.4428975582122803,-8.44289779663086,-2.3169684410095215,-8.44196891784668,-3.6406264305114746,-7.265626430511475,-2.7369933128356934,-7.486993312835693,8
test,0,The gentle [wug],The gentle [wugs],-12.069724082946777,-15.319724082946777,-11.349847793579102,-14.537347793579102,-12.550091743469238,-14.862591743469238,-11.63046646118164,-14.13046646118164,8
test,1,The gentle [wugs],The gentle [wug],-11.061408042907715,-14.686408042907715,-10.85079288482666,-14.72579288482666,-11.343745231628418,-14.093745231628418,-11.0973539352417,-14.1598539352417,8
test,0,The curious [wug],The curious [wugs],-16.915775299072266,-18.540775299072266,-16.12067985534668,-17.68317985534668,-17.022708892822266,-18.178958892822266,-16.25348663330078,-17.44098663330078,8
test,1,The curious [wugs],The curious [wug],-18.09711265563965,-21.75336265563965,-15.526219367980957,-18.77621841430664,-18.316049575805664,-21.503549575805664,-15.761232376098633,-18.417482376098633,8
test,0,The curious [wug],The curious [wugs],-14.790776252746582,-16.165775299072266,-14.24567985534668,-15.80817985534668,-14.647708892822266,-15.710208892822266,-14.253486633300781,-15.628486633300781,8
test,1,The curious [wugs],The curious [wug],-17.87836265563965,-19.28461265563965,-14.838719367980957,-15.713719367980957,-17.941049575805664,-19.003549575805664,-15.011232376098633,-15.511232376098633,8
test,0,The round [wug],The round [wugs],-16.85909080505371,-21.12471580505371,-15.396836280822754,-18.27183723449707,-16.85916519165039,-20.31229019165039,-15.520905494689941,-17.770906448364258,8
test,1,The round [wugs],The round [wug],-14.525426864624023,-18.681676864624023,-13.84822940826416,-18.191978454589844,-14.6929349899292,-18.255435943603516,-14.023141860961914,-17.741891860961914,8
test,0,The clumsy [wug],The clumsy [wugs],-14.623245239257812,-15.998245239257812,-13.628226280212402,-16.00322723388672,-14.810588836669922,-15.560588836669922,-13.873881340026855,-15.748881340026855,8
test,1,The clumsy [wugs],The clumsy [wug],-12.33231258392334,-15.01981258392334,-11.552972793579102,-14.927972793579102,-12.49032211303711,-14.67782211303711,-11.66885757446289,-14.48135757446289,8
test,0,The tiny [wug],The tiny [wugs],-17.68729019165039,-19.59354019165039,-16.989330291748047,-19.458080291748047,-18.045969009399414,-19.452219009399414,-17.18794059753418,-19.25044059753418,8
test,1,The tiny [wugs],The tiny [wug],-15.525486946105957,-18.30673599243164,-15.484889030456543,-19.391138076782227,-15.828364372253418,-18.015865325927734,-15.602097511291504,-19.07084846496582,8
test,0,The shy [wug],The shy [wugs],-17.463808059692383,-18.838808059692383,-15.931719779968262,-17.931718826293945,-17.643966674804688,-18.643966674804688,-16.188846588134766,-17.782596588134766,8
test,1,The shy [wugs],The shy [wug],-16.29288673400879,-18.88663673400879,-14.457173347473145,-18.269672393798828,-16.510906219482422,-18.479656219482422,-14.628632545471191,-17.909881591796875,8
test,0,The wary [wug],The wary [wugs],-13.680991172790527,-15.868491172790527,-11.776484489440918,-15.463984489440918,-13.899563789367676,-15.399563789367676,-12.195788383483887,-15.258288383483887,8
test,1,The wary [wugs],The wary [wug],-12.341817855834961,-16.65431785583496,-10.357830047607422,-15.045330047607422,-12.46828556060791,-16.218284606933594,-10.468887329101562,-14.593887329101562,8
test,0,The lively [wug],The lively [wugs],-14.031956672668457,-16.15695571899414,-12.297120094299316,-14.922120094299316,-14.463326454162598,-16.150827407836914,-12.586569786071777,-14.899069786071777,8
test,1,The lively [wugs],The lively [wug],-12.619885444641113,-13.807385444641113,-12.875843048095703,-14.125843048095703,-12.731975555419922,-13.606975555419922,-13.04293155670166,-13.91793155670166,8
test,0,The sturdy [wug],The sturdy [wugs],-13.940808296203613,-15.003308296203613,-13.682539939880371,-14.307539939880371,-14.356813430786133,-14.919313430786133,-13.982075691223145,-14.232075691223145,8
test,1,The sturdy [wugs],The sturdy [wug],-14.183877944946289,-16.55887794494629,-12.205666542053223,-15.080666542053223,-14.231703758239746,-16.044204711914062,-12.408435821533203,-14.783435821533203,8
test,0,The curious [wug],The curious [wugs],-14.790776252746582,-16.290775299072266,-14.18317985534668,-16.87067985534668,-14.835208892822266,-15.772708892822266,-14.378486633300781,-16.50348663330078,8
test,1,The curious [wugs],The curious [wug],-13.003362655639648,-18.03461265563965,-11.838719367980957,-16.65121841430664,-13.159799575805664,-17.534799575805664,-12.073732376098633,-16.198732376098633,8
test,0,The sturdy [wug],The sturdy [wugs],-15.003308296203613,-15.253308296203613,-12.682539939880371,-14.870039939880371,-15.356813430786133,-15.106813430786133,-13.044575691223145,-14.669575691223145,8
test,1,The sturdy [wugs],The sturdy [wug],-13.933877944946289,-15.871377944946289,-13.393166542053223,-15.080666542053223,-14.044203758239746,-15.294203758239746,-13.658435821533203,-14.658435821533203,8
test,0,The fierce [wug],The fierce [wugs],-13.555598258972168,-13.930598258972168,-13.08193302154541,-13.64443302154541,-13.89992618560791,-13.83742618560791,-13.356551170349121,-13.419051170349121,8
test,1,The fierce [wugs],The fierce [wug],-11.88039779663086,-16.00539779663086,-10.75446891784668,-15.50446891784668,-12.078125953674316,-15.453125953674316,-11.049493789672852,-15.236993789672852,8
test,0,The restless [wug],The restless [wugs],-12.478647232055664,-14.916147232055664,-11.684470176696777,-14.559470176696777,-12.699522972106934,-14.637022972106934,-11.975339889526367,-14.162839889526367,8
test,1,The restless [wugs],The restless [wug],-11.666597366333008,-15.979097366333008,-10.04220962524414,-14.97970962524414,-11.85270881652832,-15.41520881652832,-10.181977272033691,-14.431977272033691,8
test,0,The clumsy [wug],The clumsy [wugs],-13.435745239257812,-16.248245239257812,-13.378226280212402,-16.19072723388672,-13.560588836669922,-15.935588836669922,-13.561381340026855,-15.936381340026855,8
test,1,The clumsy [wugs],The clumsy [wug],-12.89481258392334,-15.64481258392334,-12.365472793579102,-15.177972793579102,-13.11532211303711,-15.36532211303711,-12.54385757446289,-14.85635757446289,8
test,0,The lively [wug],The lively [wugs],-13.844456672668457,-15.406956672668457,-12.672120094299316,-15.109620094299316,-14.150826454162598,-15.213326454162598,-12.899069786071777,-14.899069786071777,8
test,1,The lively [wugs],The lively [wug],-10.057385444641113,-14.119885444641113,-10.125843048095703,-13.875843048095703,-10.356975555419922,-13.606975555419922,-10.41793155670166,-13.54293155670166,8
test,0,The clever [wug],The clever [wugs],-16.429723739624023,-16.867223739624023,-14.047470092773438,-16.672470092773438,-16.670984268188477,-16.670984268188477,-14.405107498168945,-16.467607498168945,8
test,1,The clever [wugs],The clever [wug],-13.116652488708496,-18.022903442382812,-11.381898880004883,-15.944398880004883,-13.323294639587402,-17.448293685913086,-11.675814628601074,-15.488314628601074,8
