split,inverse,source_input,base_input,source_logp_A,source_logp_B,base_logp_A,base_logp_B,base_intervention_logp_A,base_intervention_logp_B,n_nodes
train,0,The nervous chick past the screws,The nervous chicks past the screw,-8.883796691894531,-10.696296691894531,-8.341721534729004,-7.966722011566162,-7.948292255401611,-8.823291778564453,128
train,1,The nervous chicks past the screw,The nervous chick past the screws,-7.966722011566162,-8.341721534729004,-10.696296691894531,-8.883796691894531,-8.764368057250977,-9.389368057250977,128
train,0,The sleepy rabbit beneath the milestones,The sleepy rabbits beneath the milestone,-11.798288345336914,-15.298288345336914,-14.960551261901855,-10.773051261901855,-13.038705825805664,-12.476205825805664,128
train,1,The sleepy rabbits beneath the milestone,The sleepy rabbit beneath the milestones,-10.773051261901855,-14.960551261901855,-15.298288345336914,-11.798288345336914,-12.115489959716797,-12.865489959716797,128
train,0,The sleepy bat beneath the boilers,The sleepy bats beneath the boiler,-4.045191287994385,-9.607691764831543,-6.707345962524414,-2.457345962524414,-4.118650913238525,-4.368650913238525,128
train,1,The sleepy bats beneath the boiler,The sleepy bat beneath the boilers,-2.457345962524414,-6.707345962524414,-9.607691764831543,-4.045191287994385,-2.7431588172912598,-4.61815881729126,128
train,0,The sleepy lion beneath the boilers,The sleepy lions beneath the boiler,-5.177267074584961,-10.677267074584961,-7.578220367431641,-3.3282203674316406,-5.625974178314209,-4.875974178314209,128
train,1,The sleepy lions beneath the boiler,The sleepy lion beneath the boilers,-3.3282203674316406,-7.578220367431641,-10.677267074584961,-5.177267074584961,-4.2590837478637695,-5.3840837478637695,128
train,0,The quiet shark outside the clocks,The quiet sharks outside the clock,-6.845812797546387,-8.345812797546387,-8.719125747680664,-6.969125270843506,-6.6056809425354,-7.8556809425354,128
train,1,The quiet sharks outside the clock,The quiet shark outside the clocks,-6.969125270843506,-8.719125747680664,-8.345812797546387,-6.845812797546387,-5.89958381652832,-7.64958381652832,128
train,0,The calm dog outside the houses,The calm dogs outside the house,-5.297405242919922,-8.922405242919922,-6.520464897155762,-3.3954648971557617,-4.664035797119141,-5.414035797119141,128
train,1,The calm dogs outside the house,The calm dog outside the houses,-3.3954648971557617,-6.520464897155762,-8.922405242919922,-5.297405242919922,-5.814966201782227,-6.189966201782227,128
train,0,The slender pup behind the bolts,The slender pups behind the bolt,-12.960007667541504,-14.647507667541504,-15.827427864074707,-11.889927864074707,-14.325252532958984,-12.887752532958984,128
train,1,The slender pups behind the bolt,The slender pup behind the bolts,-11.889927864074707,-15.827427864074707,-14.647507667541504,-12.960007667541504,-12.259421348571777,-13.571921348571777,128
train,0,The small frog around the tanks,The small frogs around the tank,-5.859633922576904,-8.609634399414062,-7.032993316650391,-1.2829933166503906,-5.035213947296143,-3.6602139472961426,128
train,1,The small frogs around the tank,The small frog around the tanks,-1.2829933166503906,-7.032993316650391,-8.609634399414062,-5.859633922576904,-4.225711345672607,-5.475711345672607,128
train,0,The fuzzy panda outside the pots,The fuzzy pandas outside the pot,-4.402714729309082,-7.902714729309082,-5.19899845123291,-3.3239986896514893,-3.07674503326416,-6.32674503326416,128
train,1,The fuzzy pandas outside the pot,The fuzzy panda outside the pots,-3.3239986896514893,-5.19899845123291,-7.902714729309082,-4.402714729309082,-5.027812957763672,-4.777812957763672,128
train,0,The small panda behind the bolts,The small pandas behind the bolt,-5.927145957946777,-10.239645957946777,-8.150083541870117,-5.275083065032959,-5.946706771850586,-7.821706771850586,128
train,1,The small pandas behind the bolt,The small panda behind the bolts,-5.275083065032959,-8.150083541870117,-10.239645957946777,-5.927145957946777,-6.5759124755859375,-6.5759124755859375,128
train,0,The quiet turtle around the dams,The quiet turtles around the dam,-5.650909900665283,-7.775909900665283,-7.952391624450684,-2.2648916244506836,-6.341390132904053,-4.466390132904053,128
train,1,The quiet turtles around the dam,The quiet turtle around the dams,-2.2648916244506836,-7.952391624450684,-7.775909900665283,-5.650909900665283,-3.443157434463501,-6.193157196044922,128
train,0,The nervous dog around the benches,The nervous dogs around the bench,-6.562711238861084,-8.687710762023926,-6.919928550720215,-2.669928550720215,-5.610074043273926,-5.110074043273926,128
train,1,The nervous dogs around the bench,The nervous dog around the benches,-2.669928550720215,-6.919928550720215,-8.687710762023926,-6.562711238861084,-5.533314228057861,-6.408314228057861,128
train,0,The sleepy kitten beneath the logs,The sleepy kittens beneath the log,-4.48200798034668,-10.79450798034668,-8.004613876342773,-4.379613876342773,-6.047027587890625,-6.047027587890625,128
train,1,The sleepy kittens beneath the log,The sleepy kitten beneath the logs,-4.379613876342773,-8.004613876342773,-10.79450798034668,-4.48200798034668,-5.609992980957031,-5.609992980957031,128
train,0,The quiet monitor beneath the chains,The quiet monitors beneath the chain,-5.7033610343933105,-10.328360557556152,-5.561288833618164,-5.311288833618164,-4.828123092651367,-6.453123092651367,128
train,1,The quiet monitors beneath the chain,The quiet monitor beneath the chains,-5.311288833618164,-5.561288833618164,-10.328360557556152,-5.7033610343933105,-5.594874382019043,-5.719874382019043,128
train,0,The small panda past the vines,The small pandas past the vine,-15.960261344909668,-18.14776039123535,-15.90137004852295,-14.96387004852295,-14.887776374816895,-15.325276374816895,128
train,1,The small pandas past the vine,The small panda past the vines,-14.96387004852295,-15.90137004852295,-18.14776039123535,-15.960261344909668,-16.222946166992188,-16.722946166992188,128
train,0,The timid kitten outside the towers,The timid kittens outside the tower,-5.210289478302002,-10.397789001464844,-8.861738204956055,-3.6117377281188965,-5.937391757965088,-5.312391757965088,128
train,1,The timid kittens outside the tower,The timid kitten outside the towers,-3.6117377281188965,-8.861738204956055,-10.397789001464844,-5.210289478302002,-5.760530948638916,-6.635530948638916,128
train,0,The sleepy frog behind the valves,The sleepy frogs behind the valve,-4.5686421394348145,-8.881142616271973,-6.985598087310791,-2.860597848892212,-5.212479591369629,-4.837479591369629,128
train,1,The sleepy frogs behind the valve,The sleepy frog behind the valves,-2.860597848892212,-6.985598087310791,-8.881142616271973,-4.5686421394348145,-4.510509490966797,-5.635509490966797,128
train,0,The sleepy monitor around the belts,The sleepy monitors around the belt,-6.5678863525390625,-7.8178863525390625,-8.1024808883667,-3.102480411529541,-6.254820346832275,-5.004820346832275,128
train,1,The sleepy monitors around the belt,The sleepy monitor around the belts,-3.102480411529541,-8.1024808883667,-7.8178863525390625,-6.5678863525390625,-4.994605541229248,-7.744605541229248,128
train,0,The timid pup around the benches,The timid pups around the bench,-14.08998966217041,-16.871240615844727,-14.236594200134277,-10.549094200134277,-12.46537971496582,-11.71537971496582,128
train,1,The timid pups around the bench,The timid pup around the benches,-10.549094200134277,-14.236594200134277,-16.871240615844727,-14.08998966217041,-13.13817024230957,-14.63817024230957,128
train,0,The quiet monitor outside the towers,The quiet monitors outside the tower,-4.916773319244385,-9.979273796081543,-7.838037014007568,-3.0880370140075684,-5.0755109786987305,-4.9505109786987305,128
train,1,The quiet monitors outside the tower,The quiet monitor outside the towers,-3.0880370140075684,-7.838037014007568,-9.979273796081543,-4.916773319244385,-5.42108154296875,-5.42108154296875,128
train,0,The calm cow around the walls,The calm cows around the wall,-6.750433921813965,-9.250433921813965,-6.922425270080566,-3.7974252700805664,-6.245380878448486,-6.245380878448486,128
train,1,The calm cows around the wall,The calm cow around the walls,-3.7974252700805664,-6.922425270080566,-9.250433921813965,-6.750433921813965,-5.628568649291992,-6.878568649291992,128
train,0,The fuzzy lion behind the valves,The fuzzy lions behind the valve,-5.653667449951172,-10.341167449951172,-7.051748275756836,-3.801748275756836,-5.491021156311035,-5.866021156311035,128
train,1,The fuzzy lions behind the valve,The fuzzy lion behind the valves,-3.801748275756836,-7.051748275756836,-10.341167449951172,-5.653667449951172,-5.7928619384765625,-6.6678619384765625,128
train,0,The small frog behind the crates,The small frogs behind the crate,-3.02390193939209,-8.89890193939209,-6.479467868804932,-1.4794678688049316,-4.313467979431152,-3.1884679794311523,128
train,1,The small frogs behind the crate,The small frog behind the crates,-1.4794678688049316,-6.479467868804932,-8.89890193939209,-3.02390193939209,-3.090561866760254,-3.215561866760254,128
train,0,The calm whale outside the benches,The calm whales outside the bench,-4.294802665710449,-8.04480266571045,-6.168119430541992,-3.543119192123413,-4.770239353179932,-5.770239353179932,128
train,1,The calm whales outside the bench,The calm whale outside the benches,-3.543119192123413,-6.168119430541992,-8.04480266571045,-4.294802665710449,-4.2572431564331055,-5.2572431564331055,128
train,0,The slender monitor around the carts,The slender monitors around the cart,-3.31418514251709,-6.56418514251709,-8.363353729248047,-1.7383533716201782,-4.486413955688477,-3.3614141941070557,128
train,1,The slender monitors around the cart,The slender monitor around the carts,-1.7383533716201782,-8.363353729248047,-6.56418514251709,-3.31418514251709,-2.900360345840454,-4.650360107421875,128
train,0,The nervous rat outside the clocks,The nervous rats outside the clock,-7.872766494750977,-9.622766494750977,-8.76189136505127,-5.511891841888428,-6.9261908531188965,-7.6761908531188965,128
train,1,The nervous rats outside the clock,The nervous rat outside the clocks,-5.511891841888428,-8.76189136505127,-9.622766494750977,-7.872766494750977,-6.427540302276611,-9.052539825439453,128
train,0,The quiet shark past the plants,The quiet sharks past the plant,-17.449350357055664,-18.761850357055664,-17.15658187866211,-16.15658187866211,-16.551048278808594,-16.488548278808594,128
train,1,The quiet sharks past the plant,The quiet shark past the plants,-16.15658187866211,-17.15658187866211,-18.761850357055664,-17.449350357055664,-17.144412994384766,-18.019412994384766,128
train,0,The bright kitten past the signs,The bright kittens past the sign,-9.396410942077637,-11.208910942077637,-9.119400024414062,-7.994399547576904,-8.485444068908691,-9.922944068908691,128
train,1,The bright kittens past the sign,The bright kitten past the signs,-7.994399547576904,-9.119400024414062,-11.208910942077637,-9.396410942077637,-9.169384956359863,-9.919384956359863,128
train,0,The quiet dog around the dams,The quiet dogs around the dam,-5.742208003997803,-7.867208003997803,-7.617147445678711,-3.492147445678711,-6.436578750610352,-5.686578750610352,128
train,1,The quiet dogs around the dam,The quiet dog around the dams,-3.492147445678711,-7.617147445678711,-7.867208003997803,-5.742208003997803,-4.579689979553223,-6.079689979553223,128
train,0,The small frog outside the windows,The small frogs outside the window,-10.840042114257812,-12.902542114257812,-14.821556091308594,-11.259056091308594,-13.359199523925781,-12.234199523925781,128
train,1,The small frogs outside the window,The small frog outside the windows,-11.259056091308594,-14.821556091308594,-12.902542114257812,-10.840042114257812,-11.874152183532715,-11.374152183532715,128
train,0,The small whale outside the stools,The small whales outside the stool,-15.245246887207031,-17.55774688720703,-17.115230560302734,-14.490230560302734,-15.798958778381348,-15.986458778381348,128
train,1,The small whales outside the stool,The small whale outside the stools,-14.490230560302734,-17.115230560302734,-17.55774688720703,-15.245246887207031,-15.114151000976562,-15.989151000976562,128
train,0,The nervous frog beneath the chains,The nervous frogs beneath the chain,-14.776694297790527,-16.21419334411621,-11.368905067443848,-11.056405067443848,-12.066691398620605,-12.566691398620605,128
train,1,The nervous frogs beneath the chain,The nervous frog beneath the chains,-11.056405067443848,-11.368905067443848,-16.21419334411621,-14.776694297790527,-13.955904960632324,-14.643404960632324,128
train,0,The calm monitor beneath the barrels,The calm monitors beneath the barrel,-4.143553733825684,-9.518553733825684,-6.0616583824157715,-3.8116583824157715,-4.674813270568848,-6.799813270568848,128
train,1,The calm monitors beneath the barrel,The calm monitor beneath the barrels,-3.8116583824157715,-6.0616583824157715,-9.518553733825684,-4.143553733825684,-5.324069976806641,-3.6990699768066406,128
train,0,The fuzzy chick outside the drums,The fuzzy chicks outside the drum,-7.026723384857178,-9.776723861694336,-4.970981597900391,-3.2209815979003906,-3.8241233825683594,-5.074123382568359,128
train,1,The fuzzy chicks outside the drum,The fuzzy chick outside the drums,-3.2209815979003906,-4.970981597900391,-9.776723861694336,-7.026723384857178,-6.810529708862305,-7.185529708862305,128
train,0,The small kit around the walls,The small kits around the wall,-3.737107038497925,-6.487107276916504,-6.617066383361816,-3.9920663833618164,-5.885080337524414,-6.135080337524414,128
train,1,The small kits around the wall,The small kit around the walls,-3.9920663833618164,-6.617066383361816,-6.487107276916504,-3.737107038497925,-3.6102118492126465,-4.1102118492126465,128
train,0,The calm kitten beneath the boxes,The calm kittens beneath the box,-7.0782151222229,-12.140715599060059,-9.8222017288208,-7.072201251983643,-8.34980583190918,-9.41230583190918,128
train,1,The calm kittens beneath the box,The calm kitten beneath the boxes,-7.072201251983643,-9.8222017288208,-12.140715599060059,-7.0782151222229,-7.659529209136963,-8.034529685974121,128
train,0,The timid rat outside the tables,The timid rats outside the table,-12.716755867004395,-14.779255867004395,-15.319450378417969,-10.569450378417969,-12.92660140991211,-12.36410140991211,128
train,1,The timid rats outside the table,The timid rat outside the tables,-10.569450378417969,-15.319450378417969,-14.779255867004395,-12.716755867004395,-12.662257194519043,-13.849757194519043,128
train,0,The fuzzy panda outside the cabins,The fuzzy pandas outside the cabin,-11.722021102905273,-14.034521102905273,-14.634920120239258,-11.384920120239258,-12.264102935791016,-12.701602935791016,128
train,1,The fuzzy pandas outside the cabin,The fuzzy panda outside the cabins,-11.384920120239258,-14.634920120239258,-14.034521102905273,-11.722021102905273,-11.914998054504395,-12.539998054504395,128
train,0,The calm lion around the tanks,The calm lions around the tank,-5.07362174987793,-8.82362174987793,-6.759367942810059,-2.1343677043914795,-4.3662824630737305,-3.9912824630737305,128
train,1,The calm lions around the tank,The calm lion around the tanks,-2.1343677043914795,-6.759367942810059,-8.82362174987793,-5.07362174987793,-3.8032732009887695,-5.1782732009887695,128
train,0,The timid chick beneath the chains,The timid chicks beneath the chain,-5.823979377746582,-9.136479377746582,-6.927064418792725,-4.489564418792725,-5.815584659576416,-5.940584659576416,128
train,1,The timid chicks beneath the chain,The timid chick beneath the chains,-4.489564418792725,-6.927064418792725,-9.136479377746582,-5.823979377746582,-4.726965427398682,-6.851965427398682,128
train,0,The timid rabbit outside the tables,The timid rabbits outside the table,-14.222599029541016,-17.035099029541016,-16.68512725830078,-16.18512725830078,-16.451122283935547,-17.451122283935547,128
train,1,The timid rabbits outside the table,The timid rabbit outside the tables,-16.18512725830078,-16.68512725830078,-17.035099029541016,-14.222599029541016,-16.719511032104492,-15.157011032104492,128
train,0,The calm doe beneath the boxes,The calm does beneath the box,-14.31407356262207,-16.93907356262207,-14.722683906555176,-13.972683906555176,-14.680961608886719,-14.305961608886719,128
train,1,The calm does beneath the box,The calm doe beneath the boxes,-13.972683906555176,-14.722683906555176,-16.93907356262207,-14.31407356262207,-16.233619689941406,-14.046120643615723,128
train,0,The nervous cow behind the rocks,The nervous cows behind the rock,-14.262788772583008,-16.950288772583008,-16.36871337890625,-13.18121337890625,-15.673188209533691,-14.673188209533691,128
train,1,The nervous cows behind the rock,The nervous cow behind the rocks,-13.18121337890625,-16.36871337890625,-16.950288772583008,-14.262788772583008,-14.021903038024902,-14.959403038024902,128
train,0,The sleepy cock behind the cabins,The sleepy cocks behind the cabin,-6.855437278747559,-9.230437278747559,-8.495274543762207,-6.370275020599365,-7.728857517242432,-8.10385799407959,128
train,1,The sleepy cocks behind the cabin,The sleepy cock behind the cabins,-6.370275020599365,-8.495274543762207,-9.230437278747559,-6.855437278747559,-7.484405994415283,-7.109405994415283,128
train,0,The sleepy chick around the stools,The sleepy chicks around the stool,-14.163440704345703,-15.850940704345703,-14.618522644042969,-12.368522644042969,-14.313232421875,-13.563232421875,128
train,1,The sleepy chicks around the stool,The sleepy chick around the stools,-12.368522644042969,-14.618522644042969,-15.850940704345703,-14.163440704345703,-13.72673511505127,-14.28923511505127,128
train,0,The quiet rat beneath the columns,The quiet rats beneath the column,-6.303619384765625,-11.616119384765625,-9.163138389587402,-5.038138389587402,-7.101291656494141,-6.976291656494141,128
train,1,The quiet rats beneath the column,The quiet rat beneath the columns,-5.038138389587402,-9.163138389587402,-11.616119384765625,-6.303619384765625,-6.594366073608398,-6.719366073608398,128
train,0,The slender turtle past the vines,The slender turtles past the vine,-8.88770580291748,-12.07520580291748,-7.9872307777404785,-6.6122307777404785,-6.981052398681641,-8.10605239868164,128
train,1,The slender turtles past the vine,The slender turtle past the vines,-6.6122307777404785,-7.9872307777404785,-12.07520580291748,-8.88770580291748,-8.898091316223145,-9.898091316223145,128
train,0,The timid cow around the benches,The timid cows around the bench,-4.8236517906188965,-7.3236517906188965,-7.664554595947266,-1.7270545959472656,-5.224961280822754,-2.849961280822754,128
train,1,The timid cows around the bench,The timid cow around the benches,-1.7270545959472656,-7.664554595947266,-7.3236517906188965,-4.8236517906188965,-2.888157367706299,-5.763157367706299,128
train,0,The nervous rabbit around the dams,The nervous rabbits around the dam,-6.510307312011719,-7.010307312011719,-7.744717121124268,-3.8697171211242676,-6.124442100524902,-5.874442100524902,128
train,1,The nervous rabbits around the dam,The nervous rabbit around the dams,-3.8697171211242676,-7.744717121124268,-7.010307312011719,-6.510307312011719,-4.643475532531738,-7.518475532531738,128
train,0,The timid rat around the benches,The timid rats around the bench,-13.554186820983887,-14.429186820983887,-13.335630416870117,-9.273130416870117,-12.046757698059082,-10.484257698059082,128
train,1,The timid rats around the bench,The timid rat around the benches,-9.273130416870117,-13.335630416870117,-14.429186820983887,-13.554186820983887,-11.194134712219238,-13.444134712219238,128
train,0,The small dolphin past the logs,The small dolphins past the log,-6.283494472503662,-9.53349494934082,-7.657273292541504,-6.532273292541504,-6.874144554138184,-8.124144554138184,128
train,1,The small dolphins past the log,The small dolphin past the logs,-6.532273292541504,-7.657273292541504,-9.53349494934082,-6.283494472503662,-6.301026344299316,-7.426026344299316,128
train,0,The calm lion outside the cabins,The calm lions outside the cabin,-4.528347492218018,-8.96584701538086,-7.58750581741333,-3.33750581741333,-5.04868221282959,-5.04868221282959,128
train,1,The calm lions outside the cabin,The calm lion outside the cabins,-3.33750581741333,-7.58750581741333,-8.96584701538086,-4.528347492218018,-4.901603698730469,-6.026603698730469,128
train,0,The fuzzy horse beneath the boilers,The fuzzy horses beneath the boiler,-4.206818103790283,-9.394317626953125,-6.2564778327941895,-2.3814780712127686,-3.8023622035980225,-4.052362442016602,128
train,1,The fuzzy horses beneath the boiler,The fuzzy horse beneath the boilers,-2.3814780712127686,-6.2564778327941895,-9.394317626953125,-4.206818103790283,-3.460670232772827,-4.335669994354248,128
train,0,The bright pup outside the cabins,The bright pups outside the cabin,-4.568702697753906,-6.943702697753906,-8.003189086914062,-3.6281890869140625,-5.720724582672119,-4.845724582672119,128
train,1,The bright pups outside the cabin,The bright pup outside the cabins,-3.6281890869140625,-8.003189086914062,-6.943702697753906,-4.568702697753906,-4.7156453132629395,-6.3406453132629395,128
train,0,The timid dog outside the clocks,The timid dogs outside the clock,-6.183274745941162,-8.308274269104004,-9.822815895080566,-7.697815895080566,-7.188174724578857,-8.3131742477417,128
train,1,The timid dogs outside the clock,The timid dog outside the clocks,-7.697815895080566,-9.822815895080566,-8.308274269104004,-6.183274745941162,-5.448456764221191,-7.073456764221191,128
train,0,The timid lion beneath the walls,The timid lions beneath the wall,-5.725991249084473,-11.225991249084473,-8.651637077331543,-4.464137554168701,-6.928820610046387,-6.053820610046387,128
train,1,The timid lions beneath the wall,The timid lion beneath the walls,-4.464137554168701,-8.651637077331543,-11.225991249084473,-5.725991249084473,-5.979559898376465,-6.729559898376465,128
train,0,The fuzzy cow behind the houses,The fuzzy cows behind the house,-5.930524826049805,-9.305524826049805,-7.950723171234131,-3.950723171234131,-6.655654430389404,-5.905654430389404,128
train,1,The fuzzy cows behind the house,The fuzzy cow behind the houses,-3.950723171234131,-7.950723171234131,-9.305524826049805,-5.930524826049805,-5.628760814666748,-6.503760814666748,128
train,0,The calm chick outside the drums,The calm chicks outside the drum,-16.27544403076172,-17.24419403076172,-14.738065719604492,-13.394315719604492,-13.947884559631348,-14.072884559631348,128
train,1,The calm chicks outside the drum,The calm chick outside the drums,-13.394315719604492,-14.738065719604492,-17.24419403076172,-16.27544403076172,-15.775492668151855,-16.68174171447754,128
train,0,The slender panda beneath the boxes,The slender pandas beneath the box,-4.961415767669678,-9.586416244506836,-7.210763454437256,-4.460763454437256,-4.80404806137085,-6.42904806137085,128
train,1,The slender pandas beneath the box,The slender panda beneath the boxes,-4.460763454437256,-7.210763454437256,-9.586416244506836,-4.961415767669678,-4.470167636871338,-5.720167636871338,128
train,0,The nervous shark around the thresholds,The nervous sharks around the threshold,-16.59908676147461,-18.09908676147461,-18.60626220703125,-16.13751220703125,-17.235342025756836,-17.547842025756836,128
train,1,The nervous sharks around the threshold,The nervous shark around the thresholds,-16.13751220703125,-18.60626220703125,-18.09908676147461,-16.59908676147461,-16.18521499633789,-17.56021499633789,128
train,0,The slender dog beneath the boilers,The slender dogs beneath the boiler,-3.0141754150390625,-7.1391754150390625,-5.503514766693115,-2.0035147666931152,-3.2530360221862793,-3.2530360221862793,128
train,1,The slender dogs beneath the boiler,The slender dog beneath the boilers,-2.0035147666931152,-5.503514766693115,-7.1391754150390625,-3.0141754150390625,-2.858165979385376,-3.483165979385376,128
train,0,The timid dolphin outside the pipes,The timid dolphins outside the pipe,-5.295049667358398,-8.045049667358398,-7.124046802520752,-4.249046802520752,-6.123289585113525,-5.998289585113525,128
train,1,The timid dolphins outside the pipe,The timid dolphin outside the pipes,-4.249046802520752,-7.124046802520752,-8.045049667358398,-5.295049667358398,-4.385978698730469,-6.885978698730469,128
train,0,The small pup past the cables,The small pups past the cable,-7.515804290771484,-10.640804290771484,-8.451811790466309,-6.82681131362915,-7.453150272369385,-8.453149795532227,128
train,1,The small pups past the cable,The small pup past the cables,-6.82681131362915,-8.451811790466309,-10.640804290771484,-7.515804290771484,-8.02776050567627,-8.65276050567627,128
train,0,The slender dog outside the windows,The slender dogs outside the window,-4.475154876708984,-8.100154876708984,-8.2035551071167,-3.2660553455352783,-5.586550712585449,-4.086550712585449,128
train,1,The slender dogs outside the window,The slender dog outside the windows,-3.2660553455352783,-8.2035551071167,-8.100154876708984,-4.475154876708984,-5.566161632537842,-5.816161632537842,128
train,0,The calm frog around the stools,The calm frogs around the stool,-6.543068885803223,-9.293068885803223,-6.461695671081543,-4.461695671081543,-5.819919109344482,-6.694919109344482,128
train,1,The calm frogs around the stool,The calm frog around the stools,-4.461695671081543,-6.461695671081543,-9.293068885803223,-6.543068885803223,-6.151872634887695,-6.776872634887695,128
train,0,The small cow behind the pans,The small cows behind the pan,-3.639366626739502,-4.639366626739502,-2.8348171710968018,-2.2098171710968018,-1.5399725437164307,-4.039972305297852,128
train,1,The small cows behind the pan,The small cow behind the pans,-2.2098171710968018,-2.8348171710968018,-4.639366626739502,-3.639366626739502,-4.019359111785889,-5.144359111785889,128
train,0,The fuzzy dog around the tanks,The fuzzy dogs around the tank,-17.424198150634766,-17.986698150634766,-17.61612319946289,-15.428624153137207,-16.792552947998047,-16.792552947998047,128
train,1,The fuzzy dogs around the tank,The fuzzy dog around the tanks,-15.428624153137207,-17.61612319946289,-17.986698150634766,-17.424198150634766,-16.181217193603516,-17.306217193603516,128
train,0,The small lion behind the bolts,The small lions behind the bolt,-5.821383476257324,-10.446383476257324,-7.682126045227051,-4.182126045227051,-5.669143199920654,-6.419143199920654,128
train,1,The small lions behind the bolt,The small lion behind the bolts,-4.182126045227051,-7.682126045227051,-10.446383476257324,-5.821383476257324,-5.391016960144043,-6.391016960144043,128
train,0,The small dog outside the cabins,The small dogs outside the cabin,-4.376388072967529,-8.376387596130371,-7.532001495361328,-2.1570017337799072,-4.228986740112305,-3.728986978530884,128
train,1,The small dogs outside the cabin,The small dog outside the cabins,-2.1570017337799072,-7.532001495361328,-8.376387596130371,-4.376388072967529,-4.2466912269592285,-5.9966912269592285,128
train,0,The bright bat behind the valves,The bright bats behind the valve,-14.118452072143555,-15.743452072143555,-13.245922088623047,-10.683422088623047,-13.238044738769531,-11.988044738769531,128
train,1,The bright bats behind the valve,The bright bat behind the valves,-10.683422088623047,-13.245922088623047,-15.743452072143555,-14.118452072143555,-13.274216651916504,-14.399216651916504,128
train,0,The calm dolphin beneath the boxes,The calm dolphins beneath the box,-15.051673889160156,-15.801673889160156,-12.737699508666992,-11.987699508666992,-12.608234405517578,-12.170734405517578,128
train,1,The calm dolphins beneath the box,The calm dolphin beneath the boxes,-11.987699508666992,-12.737699508666992,-15.801673889160156,-15.051673889160156,-14.061814308166504,-15.499314308166504,128
train,0,The nervous shark beneath the chairs,The nervous sharks beneath the chair,-6.400527000427246,-10.463027000427246,-7.9225263595581055,-5.5475263595581055,-6.411147117614746,-7.536147117614746,128
train,1,The nervous sharks beneath the chair,The nervous shark beneath the chairs,-5.5475263595581055,-7.9225263595581055,-10.463027000427246,-6.400527000427246,-6.660707473754883,-7.410707473754883,128
train,0,The nervous frog outside the tables,The nervous frogs outside the table,-6.440404415130615,-9.315403938293457,-7.4459428787231445,-4.3209428787231445,-6.375674247741699,-6.375674247741699,128
train,1,The nervous frogs outside the table,The nervous frog outside the tables,-4.3209428787231445,-7.4459428787231445,-9.315403938293457,-6.440404415130615,-5.855127334594727,-7.230127334594727,128
train,0,The calm rabbit beneath the boxes,The calm rabbits beneath the box,-16.40325164794922,-17.77825164794922,-17.345186233520508,-14.938936233520508,-16.291168212890625,-15.978667259216309,128
train,1,The calm rabbits beneath the box,The calm rabbit beneath the boxes,-14.938936233520508,-17.345186233520508,-17.77825164794922,-16.40325164794922,-15.529831886291504,-17.24858283996582,128
train,0,The calm monitor behind the bolts,The calm monitors behind the bolt,-6.668834686279297,-11.606334686279297,-7.642066955566406,-6.017066955566406,-5.9618096351623535,-8.399310111999512,128
train,1,The calm monitors behind the bolt,The calm monitor behind the bolts,-6.017066955566406,-7.642066955566406,-11.606334686279297,-6.668834686279297,-7.857121467590332,-6.232121467590332,128
train,0,The small rabbit past the cables,The small rabbits past the cable,-7.421017169952393,-10.17101764678955,-8.040146827697754,-6.665146827697754,-7.123263359069824,-8.248263359069824,128
train,1,The small rabbits past the cable,The small rabbit past the cables,-6.665146827697754,-8.040146827697754,-10.17101764678955,-7.421017169952393,-6.901686668395996,-8.026686668395996,128
train,0,The calm dolphin beneath the trenches,The calm dolphins beneath the trench,-5.998120307922363,-10.498120307922363,-7.031463623046875,-4.781463623046875,-6.096003532409668,-6.971003532409668,128
train,1,The calm dolphins beneath the trench,The calm dolphin beneath the trenches,-4.781463623046875,-7.031463623046875,-10.498120307922363,-5.998120307922363,-5.547825336456299,-6.922825336456299,128
train,0,The fuzzy frog behind the crates,The fuzzy frogs behind the crate,-14.573732376098633,-18.104982376098633,-16.02659034729004,-14.089090347290039,-15.285385131835938,-15.597885131835938,128
train,1,The fuzzy frogs behind the crate,The fuzzy frog behind the crates,-14.089090347290039,-16.02659034729004,-18.104982376098633,-14.573732376098633,-15.545035362243652,-15.607535362243652,128
train,0,The small monitor outside the benches,The small monitors outside the bench,-1.7639899253845215,-6.6389899253845215,-6.849252700805664,-1.224252462387085,-3.2106704711914062,-2.2106704711914062,128
train,1,The small monitors outside the bench,The small monitor outside the benches,-1.224252462387085,-6.849252700805664,-6.6389899253845215,-1.7639899253845215,-1.6868929862976074,-3.4368929862976074,128
train,0,The nervous panda behind the windows,The nervous pandas behind the window,-6.894760608673096,-10.144761085510254,-9.01965618133545,-7.394656658172607,-7.514500617980957,-9.514500617980957,128
train,1,The nervous pandas behind the window,The nervous panda behind the windows,-7.394656658172607,-9.01965618133545,-10.144761085510254,-6.894760608673096,-7.902830123901367,-7.527830123901367,128
train,0,The small dolphin beneath the barrels,The small dolphins beneath the barrel,-3.2827048301696777,-8.407705307006836,-6.331400394439697,-3.0814003944396973,-4.600154399871826,-5.100154399871826,128
train,1,The small dolphins beneath the barrel,The small dolphin beneath the barrels,-3.0814003944396973,-6.331400394439697,-8.407705307006836,-3.2827048301696777,-3.1475989818573,-5.022598743438721,128
train,0,The nervous bat behind the windows,The nervous bats behind the window,-5.585626602172852,-8.398126602172852,-7.94832181930542,-5.69832181930542,-5.812252998352051,-8.43725299835205,128
train,1,The nervous bats behind the window,The nervous bat behind the windows,-5.69832181930542,-7.94832181930542,-8.398126602172852,-5.585626602172852,-5.874113082885742,-6.124113082885742,128
train,0,The sleepy whale around the columns,The sleepy whales around the column,-15.722140312194824,-16.159639358520508,-15.654153823852539,-13.154153823852539,-15.625054359436035,-14.437554359436035,128
train,1,The sleepy whales around the column,The sleepy whale around the columns,-13.154153823852539,-15.654153823852539,-16.159639358520508,-15.722140312194824,-13.654717445373535,-15.904717445373535,128
train,0,The sleepy shark behind the plants,The sleepy sharks behind the plant,-7.5131025314331055,-12.263102531433105,-7.598609924316406,-6.223609924316406,-6.856907844543457,-8.731907844543457,128
train,1,The sleepy sharks behind the plant,The sleepy shark behind the plants,-6.223609924316406,-7.598609924316406,-12.263102531433105,-7.5131025314331055,-7.900092601776123,-7.900092601776123,128
train,0,The timid kitten outside the tables,The timid kittens outside the table,-12.673028945922852,-13.360528945922852,-15.821515083312988,-10.696515083312988,-13.241421699523926,-11.928921699523926,128
train,1,The timid kittens outside the table,The timid kitten outside the tables,-10.696515083312988,-15.821515083312988,-13.360528945922852,-12.673028945922852,-12.24035930633545,-14.30285930633545,128
train,0,The small kit past the vines,The small kits past the vine,-16.865875244140625,-18.522125244140625,-17.301258087158203,-16.176258087158203,-16.744495391845703,-15.869495391845703,128
train,1,The small kits past the vine,The small kit past the vines,-16.176258087158203,-17.301258087158203,-18.522125244140625,-16.865875244140625,-17.171892166137695,-16.734392166137695,128
train,0,The small bat outside the stools,The small bats outside the stool,-14.148782730102539,-15.711282730102539,-15.42682933807373,-12.98932933807373,-13.77110481262207,-14.39610481262207,128
train,1,The small bats outside the stool,The small bat outside the stools,-12.98932933807373,-15.42682933807373,-15.711282730102539,-14.148782730102539,-13.83327865600586,-15.20827865600586,128
train,0,The timid kit beneath the columns,The timid kits beneath the column,-14.012349128723145,-14.949849128723145,-13.956214904785156,-12.206214904785156,-13.964557647705078,-13.027057647705078,128
train,1,The timid kits beneath the column,The timid kit beneath the columns,-12.206214904785156,-13.956214904785156,-14.949849128723145,-14.012349128723145,-13.691413879394531,-14.003913879394531,128
train,0,The fuzzy dog past the boxes,The fuzzy dogs past the box,-15.196470260620117,-16.571470260620117,-15.878194808959961,-14.565694808959961,-15.175210952758789,-15.425210952758789,128
train,1,The fuzzy dogs past the box,The fuzzy dog past the boxes,-14.565694808959961,-15.878194808959961,-16.571470260620117,-15.196470260620117,-15.019783020019531,-15.582283020019531,128
train,0,The timid lion past the barrels,The timid lions past the barrel,-8.386472702026367,-12.073972702026367,-9.32857608795166,-6.328576564788818,-7.803382873535156,-8.303382873535156,128
train,1,The timid lions past the barrel,The timid lion past the barrels,-6.328576564788818,-9.32857608795166,-12.073972702026367,-8.386472702026367,-8.392571449279785,-9.267571449279785,128
train,0,The nervous dolphin behind the windows,The nervous dolphins behind the window,-6.301591873168945,-9.301591873168945,-9.76203727722168,-8.13703727722168,-8.135695457458496,-9.760695457458496,128
train,1,The nervous dolphins behind the window,The nervous dolphin behind the windows,-8.13703727722168,-9.76203727722168,-9.301591873168945,-6.301591873168945,-6.930193901062012,-7.555193901062012,128
train,0,The timid panda past the barrels,The timid pandas past the barrel,-7.393237590789795,-10.143237113952637,-9.304390907287598,-7.9293904304504395,-8.658197402954102,-10.595697402954102,128
train,1,The timid pandas past the barrel,The timid panda past the barrels,-7.9293904304504395,-9.304390907287598,-10.143237113952637,-7.393237590789795,-7.15753698348999,-8.282536506652832,128
train,0,The small shark outside the stools,The small sharks outside the stool,-10.464207649230957,-12.339207649230957,-12.583086013793945,-9.520586013793945,-10.8917875289917,-10.7042875289917,128
train,1,The small sharks outside the stool,The small shark outside the stools,-9.520586013793945,-12.583086013793945,-12.339207649230957,-10.464207649230957,-10.496174812316895,-11.246174812316895,128
train,0,The bright kitten behind the valves,The bright kittens behind the valve,-12.97402572631836,-14.78652572631836,-14.653204917907715,-12.153204917907715,-14.241833686828613,-13.241833686828613,128
train,1,The bright kittens behind the valve,The bright kitten behind the valves,-12.153204917907715,-14.653204917907715,-14.78652572631836,-12.97402572631836,-12.878937721252441,-13.753937721252441,128
train,0,The small rabbit around the stools,The small rabbits around the stool,-6.8424577713012695,-8.71745777130127,-8.103011131286621,-4.228011131286621,-6.2648210525512695,-5.8898210525512695,128
train,1,The small rabbits around the stool,The small rabbit around the stools,-4.228011131286621,-8.103011131286621,-8.71745777130127,-6.8424577713012695,-5.566950798034668,-7.066950798034668,128
train,0,The small turtle around the tanks,The small turtles around the tank,-6.435696125030518,-8.68569564819336,-7.548927307128906,-1.0489275455474854,-4.773320198059082,-2.898320436477661,128
train,1,The small turtles around the tank,The small turtle around the tanks,-1.0489275455474854,-7.548927307128906,-8.68569564819336,-6.435696125030518,-4.438311576843262,-6.313311576843262,128
train,0,The timid lion outside the pipes,The timid lions outside the pipe,-5.083560943603516,-8.458560943603516,-7.437098026275635,-4.187098026275635,-6.1257405281066895,-6.1257405281066895,128
train,1,The timid lions outside the pipe,The timid lion outside the pipes,-4.187098026275635,-7.437098026275635,-8.458560943603516,-5.083560943603516,-4.921550750732422,-6.171550750732422,128
train,0,The sleepy frog beneath the statues,The sleepy frogs beneath the statue,-4.726968765258789,-7.851968765258789,-7.6373491287231445,-3.2623493671417236,-5.518813133239746,-4.768813133239746,128
train,1,The sleepy frogs beneath the statue,The sleepy frog beneath the statues,-3.2623493671417236,-7.6373491287231445,-7.851968765258789,-4.726968765258789,-5.052631855010986,-6.177631855010986,128
train,0,The nervous rabbit behind the windows,The nervous rabbits behind the window,-15.114177703857422,-17.614177703857422,-16.530088424682617,-14.592588424682617,-15.207451820373535,-16.20745086669922,128
train,1,The nervous rabbits behind the window,The nervous rabbit behind the windows,-14.592588424682617,-16.530088424682617,-17.614177703857422,-15.114177703857422,-15.940985679626465,-15.940985679626465,128
train,0,The bright monitor beneath the trenches,The bright monitors beneath the trench,-4.909494400024414,-10.721994400024414,-8.746722221374512,-4.1217217445373535,-6.211450576782227,-5.961450576782227,128
train,1,The bright monitors beneath the trench,The bright monitor beneath the trenches,-4.1217217445373535,-8.746722221374512,-10.721994400024414,-4.909494400024414,-4.65806245803833,-6.03306245803833,128
train,0,The fuzzy chick behind the crates,The fuzzy chicks behind the crate,-15.778520584106445,-16.841020584106445,-15.10257339477539,-12.97757339477539,-14.630881309509277,-14.068381309509277,128
train,1,The fuzzy chicks behind the crate,The fuzzy chick behind the crates,-12.97757339477539,-15.10257339477539,-16.841020584106445,-15.778520584106445,-15.170045852661133,-15.795045852661133,128
train,0,The fuzzy kit around the carts,The fuzzy kits around the cart,-4.004516124725342,-5.879516124725342,-5.41412353515625,-4.78912353515625,-4.387566566467285,-7.637566566467285,128
train,1,The fuzzy kits around the cart,The fuzzy kit around the carts,-4.78912353515625,-5.41412353515625,-5.879516124725342,-4.004516124725342,-3.749720335006714,-4.999720573425293,128
train,0,The slender pup outside the piles,The slender pups outside the pile,-14.139281272888184,-16.014280319213867,-15.386516571044922,-13.949016571044922,-14.860309600830078,-15.297809600830078,128
train,1,The slender pups outside the pile,The slender pup outside the piles,-13.949016571044922,-15.386516571044922,-16.014280319213867,-14.139281272888184,-14.295385360717773,-14.607885360717773,128
train,0,The timid dolphin around the dams,The timid dolphins around the dam,-4.520540237426758,-5.645540237426758,-8.005400657653809,-2.7554004192352295,-6.113586902618408,-3.988586902618408,128
train,1,The timid dolphins around the dam,The timid dolphin around the dams,-2.7554004192352295,-8.005400657653809,-5.645540237426758,-4.520540237426758,-2.5239996910095215,-6.0239996910095215,128
train,0,The timid chick past the screws,The timid chicks past the screw,-14.567988395690918,-16.630489349365234,-15.279191970825195,-13.466691970825195,-15.011693000793457,-13.917943000793457,128
train,1,The timid chicks past the screw,The timid chick past the screws,-13.466691970825195,-15.279191970825195,-16.630489349365234,-14.567988395690918,-14.197575569152832,-15.385075569152832,128
train,0,The sleepy dolphin beneath the boilers,The sleepy dolphins beneath the boiler,-4.366309642791748,-8.991310119628906,-6.728321075439453,-3.540821075439453,-5.199457168579102,-5.199457168579102,128
train,1,The sleepy dolphins beneath the boiler,The sleepy dolphin beneath the boilers,-3.540821075439453,-6.728321075439453,-8.991310119628906,-4.366309642791748,-2.6243982315063477,-5.249398231506348,128
train,0,The bright shark beneath the trenches,The bright sharks beneath the trench,-5.618185997009277,-9.805685997009277,-7.749889373779297,-4.124889373779297,-5.822190284729004,-6.322190284729004,128
train,1,The bright sharks beneath the trench,The bright shark beneath the trenches,-4.124889373779297,-7.749889373779297,-9.805685997009277,-5.618185997009277,-4.932348251342773,-6.932348251342773,128
train,0,The quiet chick behind the signs,The quiet chicks behind the sign,-7.185231685638428,-10.62273120880127,-8.47080135345459,-6.59580135345459,-7.749529838562012,-7.749529838562012,128
train,1,The quiet chicks behind the sign,The quiet chick behind the signs,-6.59580135345459,-8.47080135345459,-10.62273120880127,-7.185231685638428,-7.867263317108154,-6.992263317108154,128
train,0,The calm turtle beneath the boxes,The calm turtles beneath the box,-14.588008880615234,-15.963008880615234,-14.941080093383789,-14.441080093383789,-15.172709465026855,-15.485209465026855,128
train,1,The calm turtles beneath the box,The calm turtle beneath the boxes,-14.441080093383789,-14.941080093383789,-15.963008880615234,-14.588008880615234,-13.342501640319824,-14.842501640319824,128
train,0,The quiet frog outside the pipes,The quiet frogs outside the pipe,-4.776309013366699,-8.9013090133667,-6.2511162757873535,-4.8761162757873535,-5.420237064361572,-6.920237064361572,128
train,1,The quiet frogs outside the pipe,The quiet frog outside the pipes,-4.8761162757873535,-6.2511162757873535,-8.9013090133667,-4.776309013366699,-5.026320934295654,-5.151320934295654,128
train,0,The fuzzy turtle outside the cabins,The fuzzy turtles outside the cabin,-12.934856414794922,-14.309856414794922,-15.148797035217285,-10.211297035217285,-12.986802101135254,-11.111802101135254,128
train,1,The fuzzy turtles outside the cabin,The fuzzy turtle outside the cabins,-10.211297035217285,-15.148797035217285,-14.309856414794922,-12.934856414794922,-12.608768463134766,-14.546268463134766,128
train,0,The timid whale around the thresholds,The timid whales around the threshold,-7.823979377746582,-11.386479377746582,-9.824021339416504,-5.636521339416504,-8.34410572052002,-7.219106197357178,128
train,1,The timid whales around the threshold,The timid whale around the thresholds,-5.636521339416504,-9.824021339416504,-11.386479377746582,-7.823979377746582,-6.772623538970947,-8.772623062133789,128
train,0,The sleepy whale behind the valves,The sleepy whales behind the valve,-7.391426086425781,-11.578926086425781,-7.746779918670654,-5.996779918670654,-6.839886665344238,-8.214886665344238,128
train,1,The sleepy whales behind the valve,The sleepy whale behind the valves,-5.996779918670654,-7.746779918670654,-11.578926086425781,-7.391426086425781,-7.279211521148682,-7.779211521148682,128
train,0,The sleepy turtle beneath the statues,The sleepy turtles beneath the statue,-5.149057388305664,-8.524057388305664,-8.330766677856445,-3.2682666778564453,-6.076633453369141,-4.576633453369141,128
train,1,The sleepy turtles beneath the statue,The sleepy turtle beneath the statues,-3.2682666778564453,-8.330766677856445,-8.524057388305664,-5.149057388305664,-5.180310249328613,-6.555310249328613,128
train,0,The quiet dolphin past the screws,The quiet dolphins past the screw,-9.136052131652832,-11.261052131652832,-6.753047943115234,-6.190547943115234,-6.258761882781982,-7.321261882781982,128
train,1,The quiet dolphins past the screw,The quiet dolphin past the screws,-6.190547943115234,-6.753047943115234,-11.261052131652832,-9.136052131652832,-8.399186134338379,-10.024186134338379,128
train,0,The small panda beneath the boilers,The small pandas beneath the boiler,-11.998619079589844,-15.467369079589844,-16.32368278503418,-14.167433738708496,-14.303277969360352,-14.365777969360352,128
train,1,The small pandas beneath the boiler,The small panda beneath the boilers,-14.167433738708496,-16.32368278503418,-15.467369079589844,-11.998619079589844,-15.04791259765625,-14.57916259765625,128
train,0,The sleepy panda outside the stools,The sleepy pandas outside the stool,-4.672800540924072,-7.797800540924072,-8.662145614624023,-4.787145614624023,-6.5789594650268555,-5.8289594650268555,128
train,1,The sleepy pandas outside the stool,The sleepy panda outside the stools,-4.787145614624023,-8.662145614624023,-7.797800540924072,-4.672800540924072,-4.709255218505859,-5.709255218505859,128
train,0,The calm cock beneath the boxes,The calm cocks beneath the box,-12.395929336547852,-14.520929336547852,-12.210524559020996,-11.710524559020996,-11.880438804626465,-12.317938804626465,128
train,1,The calm cocks beneath the box,The calm cock beneath the boxes,-11.710524559020996,-12.210524559020996,-14.520929336547852,-12.395929336547852,-12.940290451049805,-12.190290451049805,128
train,0,The nervous shark outside the pipes,The nervous sharks outside the pipe,-7.518336296081543,-11.018336296081543,-8.24696159362793,-5.9969611167907715,-7.4561896324157715,-8.456189155578613,128
train,1,The nervous sharks outside the pipe,The nervous shark outside the pipes,-5.9969611167907715,-8.24696159362793,-11.018336296081543,-7.518336296081543,-7.651611328125,-8.026611328125,128
train,0,The timid cow beneath the columns,The timid cows beneath the column,-13.884147644042969,-16.85289764404297,-17.902273178100586,-12.621023178100586,-16.751243591308594,-14.407492637634277,128
train,1,The timid cows beneath the column,The timid cow beneath the columns,-12.621023178100586,-17.902273178100586,-16.85289764404297,-13.884147644042969,-13.562207221984863,-15.749707221984863,128
train,0,The fuzzy frog behind the plants,The fuzzy frogs behind the plant,-6.025453567504883,-12.650453567504883,-7.6559014320373535,-3.7809016704559326,-5.833878517150879,-6.583878517150879,128
train,1,The fuzzy frogs behind the plant,The fuzzy frog behind the plants,-3.7809016704559326,-7.6559014320373535,-12.650453567504883,-6.025453567504883,-6.665493965148926,-6.790493965148926,128
train,0,The calm chick outside the benches,The calm chicks outside the bench,-3.65303111076355,-6.528031349182129,-6.445244789123535,-2.570244789123535,-4.776628494262695,-3.7766287326812744,128
train,1,The calm chicks outside the bench,The calm chick outside the benches,-2.570244789123535,-6.445244789123535,-6.528031349182129,-3.65303111076355,-3.984797477722168,-4.359797477722168,128
train,0,The timid pup behind the rushes,The timid pups behind the rush,-12.354598045349121,-15.979598045349121,-11.926172256469727,-11.113672256469727,-12.118888854980469,-11.931388854980469,128
train,1,The timid pups behind the rush,The timid pup behind the rushes,-11.113672256469727,-11.926172256469727,-15.979598045349121,-12.354598045349121,-13.742115020751953,-12.867115020751953,128
train,0,The nervous rabbit beneath the chains,The nervous rabbits beneath the chain,-16.826618194580078,-19.045368194580078,-15.27397632598877,-14.27397632598877,-15.713506698608398,-15.526006698608398,128
train,1,The nervous rabbits beneath the chain,The nervous rabbit beneath the chains,-14.27397632598877,-15.27397632598877,-19.045368194580078,-16.826618194580078,-16.916358947753906,-18.010108947753906,128
train,0,The quiet cow beneath the chairs,The quiet cows beneath the chair,-17.048307418823242,-18.048307418823242,-18.021968841552734,-16.521968841552734,-17.864704132080078,-17.739704132080078,128
train,1,The quiet cows beneath the chair,The quiet cow beneath the chairs,-16.521968841552734,-18.021968841552734,-18.048307418823242,-17.048307418823242,-16.58062744140625,-17.67437744140625,128
train,0,The nervous bat beneath the chains,The nervous bats beneath the chain,-6.060061931610107,-7.935061931610107,-6.067561149597168,-5.442561149597168,-5.895173072814941,-7.957673072814941,128
train,1,The nervous bats beneath the chain,The nervous bat beneath the chains,-5.442561149597168,-6.067561149597168,-7.935061931610107,-6.060061931610107,-4.580200672149658,-6.205200672149658,128
train,0,The slender turtle past the logs,The slender turtles past the log,-19.32038116455078,-20.44538116455078,-19.381820678710938,-17.756820678710938,-18.8948974609375,-18.9261474609375,128
train,1,The slender turtles past the log,The slender turtle past the logs,-17.756820678710938,-19.381820678710938,-20.44538116455078,-19.32038116455078,-19.19915199279785,-20.13665199279785,128
train,0,The fuzzy chick outside the cabins,The fuzzy chicks outside the cabin,-14.538302421569824,-15.975802421569824,-15.345844268798828,-13.095844268798828,-14.706216812133789,-14.018716812133789,128
train,1,The fuzzy chicks outside the cabin,The fuzzy chick outside the cabins,-13.095844268798828,-15.345844268798828,-15.975802421569824,-14.538302421569824,-14.898063659667969,-15.210563659667969,128
train,0,The slender frog beneath the boilers,The slender frogs beneath the boiler,-2.3500001430511475,-7.474999904632568,-5.7780327796936035,-1.903032898902893,-3.3303327560424805,-3.3303327560424805,128
train,1,The slender frogs beneath the boiler,The slender frog beneath the boilers,-1.903032898902893,-5.7780327796936035,-7.474999904632568,-2.3500001430511475,-1.7774823904037476,-3.527482509613037,128
train,0,The small kitten behind the houses,The small kittens behind the house,-13.282386779785156,-16.407386779785156,-13.482739448547363,-11.982739448547363,-12.285354614257812,-13.535354614257812,128
train,1,The small kittens behind the house,The small kitten behind the houses,-11.982739448547363,-13.482739448547363,-16.407386779785156,-13.282386779785156,-14.812960624694824,-14.062960624694824,128
train,0,The timid panda outside the pipes,The timid pandas outside the pipe,-4.367727756500244,-6.992727756500244,-7.169432163238525,-4.044432163238525,-5.089472770690918,-5.589472770690918,128
train,1,The timid pandas outside the pipe,The timid panda outside the pipes,-4.044432163238525,-7.169432163238525,-6.992727756500244,-4.367727756500244,-4.130612373352051,-5.630612373352051,128
train,0,The nervous rat beneath the chains,The nervous rats beneath the chain,-19.69454574584961,-20.97579574584961,-17.497480392456055,-16.466230392456055,-17.63576889038086,-17.57326889038086,128
train,1,The nervous rats beneath the chain,The nervous rat beneath the chains,-16.466230392456055,-17.497480392456055,-20.97579574584961,-19.69454574584961,-18.453603744506836,-20.141103744506836,128
train,0,The bright cock outside the cabins,The bright cocks outside the cabin,-5.788479804992676,-7.163479804992676,-8.234318733215332,-4.859318256378174,-6.5956878662109375,-6.3456878662109375,128
train,1,The bright cocks outside the cabin,The bright cock outside the cabins,-4.859318256378174,-8.234318733215332,-7.163479804992676,-5.788479804992676,-6.333060264587402,-6.583060264587402,128
train,0,The slender panda behind the bolts,The slender pandas behind the bolt,-15.760297775268555,-17.135297775268555,-14.70103645324707,-14.20103645324707,-14.481735229492188,-14.106735229492188,128
train,1,The slender pandas behind the bolt,The slender panda behind the bolts,-14.20103645324707,-14.70103645324707,-17.135297775268555,-15.760297775268555,-15.889996528625488,-16.202497482299805,128
train,0,The fuzzy rabbit past the vines,The fuzzy rabbits past the vine,-8.015969276428223,-12.015969276428223,-7.148281097412109,-6.648281097412109,-6.570463180541992,-8.070463180541992,128
train,1,The fuzzy rabbits past the vine,The fuzzy rabbit past the vines,-6.648281097412109,-7.148281097412109,-12.015969276428223,-8.015969276428223,-8.78336238861084,-8.53336238861084,128
train,0,The small rabbit around the towers,The small rabbits around the tower,-17.368453979492188,-18.430953979492188,-19.140380859375,-14.202879905700684,-17.152713775634766,-15.121464729309082,128
train,1,The small rabbits around the tower,The small rabbit around the towers,-14.202879905700684,-19.140380859375,-18.430953979492188,-17.368453979492188,-15.364532470703125,-17.833282470703125,128
train,0,The bright bat outside the benches,The bright bats outside the bench,-3.746439218521118,-6.996439456939697,-6.206304550170898,-2.0813043117523193,-3.6185784339904785,-4.1185784339904785,128
train,1,The bright bats outside the bench,The bright bat outside the benches,-2.0813043117523193,-6.206304550170898,-6.996439456939697,-3.746439218521118,-3.3193538188934326,-4.8193535804748535,128
train,0,The sleepy rabbit past the crates,The sleepy rabbits past the crate,-6.560816764831543,-9.748316764831543,-8.157849311828613,-7.032849311828613,-7.373295783996582,-8.685795783996582,128
train,1,The sleepy rabbits past the crate,The sleepy rabbit past the crates,-7.032849311828613,-8.157849311828613,-9.748316764831543,-6.560816764831543,-7.457188606262207,-7.207188606262207,128
train,0,The bright cock behind the valves,The bright cocks behind the valve,-17.043132781982422,-17.418132781982422,-16.20041275024414,-15.294161796569824,-16.263967514038086,-16.170217514038086,128
train,1,The bright cocks behind the valve,The bright cock behind the valves,-15.294161796569824,-16.20041275024414,-17.418132781982422,-17.043132781982422,-16.090660095214844,-16.465660095214844,128
train,0,The fuzzy lion outside the pots,The fuzzy lions outside the pot,-5.161437511444092,-9.036437034606934,-6.650047302246094,-2.9000473022460938,-4.031955718994141,-5.281955718994141,128
train,1,The fuzzy lions outside the pot,The fuzzy lion outside the pots,-2.9000473022460938,-6.650047302246094,-9.036437034606934,-5.161437511444092,-5.505710124969482,-6.130710124969482,128
train,0,The quiet kitten behind the signs,The quiet kittens behind the sign,-15.869617462158203,-18.119617462158203,-16.56501007080078,-15.190010070800781,-16.05013656616211,-16.86263656616211,128
train,1,The quiet kittens behind the sign,The quiet kitten behind the signs,-15.190010070800781,-16.56501007080078,-18.119617462158203,-15.869617462158203,-16.11398696899414,-16.55148696899414,128
train,0,The sleepy pup beneath the milestones,The sleepy pups beneath the milestone,-15.287094116210938,-16.974594116210938,-18.70368194580078,-13.922430992126465,-17.38917350769043,-15.389174461364746,128
train,1,The sleepy pups beneath the milestone,The sleepy pup beneath the milestones,-13.922430992126465,-18.70368194580078,-16.974594116210938,-15.287094116210938,-14.492055892944336,-16.117055892944336,128
train,0,The slender cock around the walls,The slender cocks around the wall,-11.860675811767578,-13.298175811767578,-11.99435043334961,-10.49435043334961,-12.150848388671875,-12.963348388671875,128
train,1,The slender cocks around the wall,The slender cock around the walls,-10.49435043334961,-11.99435043334961,-13.298175811767578,-11.860675811767578,-11.065285682678223,-11.940285682678223,128
train,0,The fuzzy dog behind the plants,The fuzzy dogs behind the plant,-6.882959365844727,-13.070459365844727,-7.4928460121154785,-5.1178460121154785,-6.348160743713379,-7.723160743713379,128
train,1,The fuzzy dogs behind the plant,The fuzzy dog behind the plants,-5.1178460121154785,-7.4928460121154785,-13.070459365844727,-6.882959365844727,-7.88842248916626,-7.26342248916626,128
train,0,The nervous bat behind the windows,The nervous bats behind the window,-13.960626602172852,-14.710626602172852,-14.385821342468262,-14.323321342468262,-14.06225299835205,-14.87475299835205,128
train,1,The nervous bats behind the window,The nervous bat behind the windows,-14.323321342468262,-14.385821342468262,-14.710626602172852,-13.960626602172852,-14.186613082885742,-14.186613082885742,128
train,0,The sleepy cow around the belts,The sleepy cows around the belt,-7.356563091278076,-8.731563568115234,-8.144396781921387,-3.8318963050842285,-6.633706569671631,-5.883706569671631,128
train,1,The sleepy cows around the belt,The sleepy cow around the belts,-3.8318963050842285,-8.144396781921387,-8.731563568115234,-7.356563091278076,-5.7812910079956055,-8.281291007995605,128
train,0,The nervous dolphin beneath the chains,The nervous dolphins beneath the chain,-17.324857711791992,-19.293607711791992,-15.913833618164062,-14.788833618164062,-15.920750617980957,-16.358251571655273,128
train,1,The nervous dolphins beneath the chain,The nervous dolphin beneath the chains,-14.788833618164062,-15.913833618164062,-19.293607711791992,-17.324857711791992,-16.653030395507812,-18.621780395507812,128
train,0,The quiet turtle behind the signs,The quiet turtles behind the sign,-8.528297424316406,-12.215797424316406,-9.033357620239258,-6.658357620239258,-8.177332878112793,-8.677332878112793,128
train,1,The quiet turtles behind the sign,The quiet turtle behind the signs,-6.658357620239258,-9.033357620239258,-12.215797424316406,-8.528297424316406,-8.072654724121094,-8.697654724121094,128
train,0,The fuzzy monitor behind the houses,The fuzzy monitors behind the house,-4.97285795211792,-8.972858428955078,-8.319899559020996,-4.194900035858154,-6.226373672485352,-5.976373672485352,128
train,1,The fuzzy monitors behind the house,The fuzzy monitor behind the houses,-4.194900035858154,-8.319899559020996,-8.972858428955078,-4.97285795211792,-5.151453495025635,-5.776453495025635,128
train,0,The slender dolphin past the logs,The slender dolphins past the log,-14.20142650604248,-16.388925552368164,-14.673256874084473,-14.235756874084473,-14.448582649230957,-15.198582649230957,128
train,1,The slender dolphins past the log,The slender dolphin past the logs,-14.235756874084473,-14.673256874084473,-16.388925552368164,-14.20142650604248,-14.707266807556152,-15.144766807556152,128
train,0,The timid cow outside the tables,The timid cows outside the table,-15.516923904418945,-16.704423904418945,-16.150463104248047,-13.77546215057373,-15.84441089630127,-15.53191089630127,128
train,1,The timid cows outside the table,The timid cow outside the tables,-13.77546215057373,-16.150463104248047,-16.704423904418945,-15.516923904418945,-15.062294006347656,-16.687294006347656,128
train,0,The slender panda outside the drums,The slender pandas outside the drum,-5.832127094268799,-8.20712661743164,-5.566622257232666,-2.316622257232666,-3.049656391143799,-5.049656391143799,128
train,1,The slender pandas outside the drum,The slender panda outside the drums,-2.316622257232666,-5.566622257232666,-8.20712661743164,-5.832127094268799,-5.16654634475708,-6.29154634475708,128
train,0,The nervous turtle behind the windows,The nervous turtles behind the window,-8.028158187866211,-10.340658187866211,-11.408284187316895,-6.908283710479736,-9.392417907714844,-8.642417907714844,128
train,1,The nervous turtles behind the window,The nervous turtle behind the windows,-6.908283710479736,-11.408284187316895,-10.340658187866211,-8.028158187866211,-7.670019149780273,-8.795019149780273,128
train,0,The sleepy turtle around the carts,The sleepy turtles around the cart,-7.065018177032471,-10.377518653869629,-7.433497905731201,-2.933497905731201,-5.096758842468262,-5.846758842468262,128
train,1,The sleepy turtles around the cart,The sleepy turtle around the carts,-2.933497905731201,-7.433497905731201,-10.377518653869629,-7.065018177032471,-4.757983684539795,-7.757983684539795,128
train,0,The slender cock behind the valves,The slender cocks behind the valve,-6.04883337020874,-8.673833847045898,-4.99553108215332,-3.995530843734741,-4.739414691925049,-5.489414691925049,128
train,1,The slender cocks behind the valve,The slender cock behind the valves,-3.995530843734741,-4.99553108215332,-8.673833847045898,-6.04883337020874,-5.775364875793457,-5.275364875793457,128
train,0,The bright horse beneath the trenches,The bright horses beneath the trench,-6.349747180938721,-11.849746704101562,-7.988000392913818,-4.863000392913818,-6.213129043579102,-7.088129043579102,128
train,1,The bright horses beneath the trench,The bright horse beneath the trenches,-4.863000392913818,-7.988000392913818,-11.849746704101562,-6.349747180938721,-6.8206892013549805,-6.8206892013549805,128
train,0,The fuzzy kit outside the cabins,The fuzzy kits outside the cabin,-13.997177124023438,-14.559677124023438,-16.401153564453125,-14.526154518127441,-15.532157897949219,-14.907157897949219,128
train,1,The fuzzy kits outside the cabin,The fuzzy kit outside the cabins,-14.526154518127441,-16.401153564453125,-14.559677124023438,-13.997177124023438,-14.201488494873047,-14.701488494873047,128
train,0,The slender chick outside the windows,The slender chicks outside the window,-5.742586612701416,-8.367586135864258,-9.271784782409668,-4.459284782409668,-7.06642484664917,-5.19142484664917,128
train,1,The slender chicks outside the window,The slender chick outside the windows,-4.459284782409668,-9.271784782409668,-8.367586135864258,-5.742586612701416,-6.594470977783203,-6.969470977783203,128
train,0,The slender dog beneath the carts,The slender dogs beneath the cart,-14.791136741638184,-15.853636741638184,-16.36464500427246,-14.677145004272461,-15.670218467712402,-16.10771942138672,128
train,1,The slender dogs beneath the cart,The slender dog beneath the carts,-14.677145004272461,-16.36464500427246,-15.853636741638184,-14.791136741638184,-14.941760063171387,-16.12925910949707,128
train,0,The bright cock outside the pots,The bright cocks outside the pot,-18.419044494628906,-20.106544494628906,-19.301103591918945,-17.488603591918945,-18.12938117980957,-18.31688117980957,128
train,1,The bright cocks outside the pot,The bright cock outside the pots,-17.488603591918945,-19.301103591918945,-20.106544494628906,-18.419044494628906,-18.903926849365234,-18.528926849365234,128
train,0,The slender lion around the walls,The slender lions around the wall,-14.610769271850586,-17.673269271850586,-14.200363159179688,-11.762863159179688,-14.26862621307373,-13.95612621307373,128
train,1,The slender lions around the wall,The slender lion around the walls,-11.762863159179688,-14.200363159179688,-17.673269271850586,-14.610769271850586,-13.34167766571045,-14.40417766571045,128
train,0,The quiet rat past the screws,The quiet rats past the screw,-9.007741928100586,-12.257741928100586,-7.6994524002075195,-7.3244524002075195,-7.106643199920654,-8.231642723083496,128
train,1,The quiet rats past the screw,The quiet rat past the screws,-7.3244524002075195,-7.6994524002075195,-12.257741928100586,-9.007741928100586,-9.384613990783691,-10.134613990783691,128
train,0,The slender cock beneath the logs,The slender cocks beneath the log,-6.662537574768066,-10.600037574768066,-6.970677375793457,-6.470677375793457,-6.538485050201416,-8.038484573364258,128
train,1,The slender cocks beneath the log,The slender cock beneath the logs,-6.470677375793457,-6.970677375793457,-10.600037574768066,-6.662537574768066,-7.333850860595703,-6.583850860595703,128
train,0,The calm frog beneath the boxes,The calm frogs beneath the box,-12.028772354125977,-14.841272354125977,-13.579022407531738,-13.141522407531738,-13.2747802734375,-14.0247802734375,128
train,1,The calm frogs beneath the box,The calm frog beneath the boxes,-13.141522407531738,-13.579022407531738,-14.841272354125977,-12.028772354125977,-13.22269344329834,-12.78519344329834,128
train,0,The sleepy rat around the towers,The sleepy rats around the tower,-6.619422912597656,-11.494422912597656,-8.587363243103027,-3.6498634815216064,-6.29503870010376,-5.67003870010376,128
train,1,The sleepy rats around the tower,The sleepy rat around the towers,-3.6498634815216064,-8.587363243103027,-11.494422912597656,-6.619422912597656,-5.117345809936523,-7.242345809936523,128
train,0,The calm frog beneath the milestones,The calm frogs beneath the milestone,-5.849727153778076,-9.662227630615234,-8.745906829833984,-5.495906829833984,-7.0439958572387695,-7.6689958572387695,128
train,1,The calm frogs beneath the milestone,The calm frog beneath the milestones,-5.495906829833984,-8.745906829833984,-9.662227630615234,-5.849727153778076,-5.9082489013671875,-6.4082489013671875,128
train,0,The quiet chick around the dams,The quiet chicks around the dam,-3.798741579055786,-4.798741340637207,-7.6214213371276855,-3.2464210987091064,-6.710709571838379,-4.710709571838379,128
train,1,The quiet chicks around the dam,The quiet chick around the dams,-3.2464210987091064,-7.6214213371276855,-4.798741340637207,-3.798741579055786,-3.002077102661133,-4.252077102661133,128
train,0,The nervous doe beneath the chains,The nervous does beneath the chain,-13.96458625793457,-15.96458625793457,-14.72266960144043,-13.72266960144043,-14.658553123474121,-14.096053123474121,128
train,1,The nervous does beneath the chain,The nervous doe beneath the chains,-13.72266960144043,-14.72266960144043,-15.96458625793457,-13.96458625793457,-15.103028297424316,-14.540528297424316,128
train,0,The slender rat past the chairs,The slender rats past the chair,-8.040572166442871,-9.540572166442871,-9.121731758117676,-6.871732234954834,-8.077926635742188,-9.202926635742188,128
train,1,The slender rats past the chair,The slender rat past the chairs,-6.871732234954834,-9.121731758117676,-9.540572166442871,-8.040572166442871,-7.583604335784912,-8.08360481262207,128
train,0,The quiet dog beneath the walls,The quiet dogs beneath the wall,-6.22941255569458,-11.541912078857422,-8.290468215942383,-6.290468215942383,-6.853137016296387,-8.353137016296387,128
train,1,The quiet dogs beneath the wall,The quiet dog beneath the walls,-6.290468215942383,-8.290468215942383,-11.541912078857422,-6.22941255569458,-7.147753715515137,-6.647753715515137,128
train,0,The quiet turtle beneath the chairs,The quiet turtles beneath the chair,-14.469097137451172,-15.844097137451172,-14.844048500061035,-12.656548500061035,-13.925067901611328,-13.237567901611328,128
train,1,The quiet turtles beneath the chair,The quiet turtle beneath the chairs,-12.656548500061035,-14.844048500061035,-15.844097137451172,-14.469097137451172,-13.67147159576416,-15.23397159576416,128
train,0,The bright rat beneath the milestones,The bright rats beneath the milestone,-6.056502819061279,-10.181502342224121,-9.6884126663208,-5.188412666320801,-7.099549293518066,-7.349549293518066,128
train,1,The bright rats beneath the milestone,The bright rat beneath the milestones,-5.188412666320801,-9.6884126663208,-10.181502342224121,-6.056502819061279,-5.634294509887695,-7.384294509887695,128
train,0,The calm bat outside the cabins,The calm bats outside the cabin,-4.208296298980713,-6.833296298980713,-6.331775188446045,-4.331775188446045,-5.169651985168457,-6.669651985168457,128
train,1,The calm bats outside the cabin,The calm bat outside the cabins,-4.331775188446045,-6.331775188446045,-6.833296298980713,-4.208296298980713,-4.928303241729736,-5.303303241729736,128
train,0,The fuzzy pup beneath the boilers,The fuzzy pups beneath the boiler,-2.5269453525543213,-4.776945114135742,-5.922454833984375,-2.422454833984375,-3.851755142211914,-3.851755142211914,128
train,1,The fuzzy pups beneath the boiler,The fuzzy pup beneath the boilers,-2.422454833984375,-5.922454833984375,-4.776945114135742,-2.5269453525543213,-1.940086007118225,-3.3150858879089355,128
train,0,The bright kitten behind the bolts,The bright kittens behind the bolt,-5.682455539703369,-10.744956016540527,-7.076269626617432,-4.201269626617432,-4.769273281097412,-6.769273281097412,128
train,1,The bright kittens behind the bolt,The bright kitten behind the bolts,-4.201269626617432,-7.076269626617432,-10.744956016540527,-5.682455539703369,-5.358395099639893,-6.608395099639893,128
train,0,The small kit outside the windows,The small kits outside the window,-13.179911613464355,-15.492411613464355,-14.32138729095459,-12.63388729095459,-13.050758361816406,-13.800758361816406,128
train,1,The small kits outside the window,The small kit outside the windows,-12.63388729095459,-14.32138729095459,-15.492411613464355,-13.179911613464355,-14.919341087341309,-13.731841087341309,128
train,0,The fuzzy monitor behind the clocks,The fuzzy monitors behind the clock,-12.441825866699219,-16.44182586669922,-13.767538070678711,-12.705038070678711,-12.775690078735352,-14.713190078735352,128
train,1,The fuzzy monitors behind the clock,The fuzzy monitor behind the clocks,-12.705038070678711,-13.767538070678711,-16.44182586669922,-12.441825866699219,-13.146903038024902,-12.396903038024902,128
train,0,The bright whale behind the bolts,The bright whales behind the bolt,-5.80206298828125,-10.05206298828125,-7.620556831359863,-5.245556831359863,-5.7762651443481445,-7.4012651443481445,128
train,1,The bright whales behind the bolt,The bright whale behind the bolts,-5.245556831359863,-7.620556831359863,-10.05206298828125,-5.80206298828125,-5.3513641357421875,-6.6013641357421875,128
train,0,The slender rabbit around the carts,The slender rabbits around the cart,-6.534894943237305,-9.159894943237305,-8.319738388061523,-2.7572383880615234,-5.272068500518799,-5.772068500518799,128
train,1,The slender rabbits around the cart,The slender rabbit around the carts,-2.7572383880615234,-8.319738388061523,-9.159894943237305,-6.534894943237305,-4.574925422668457,-7.949925422668457,128
train,0,The timid cow behind the rushes,The timid cows behind the rush,-12.551809310913086,-16.114309310913086,-16.50432586669922,-12.379325866699219,-15.155484199523926,-13.030484199523926,128
train,1,The timid cows behind the rush,The timid cow behind the rushes,-12.379325866699219,-16.50432586669922,-16.114309310913086,-12.551809310913086,-12.734030723571777,-14.296530723571777,128
train,0,The fuzzy lion behind the crates,The fuzzy lions behind the crate,-16.40463638305664,-19.84213638305664,-17.406068801879883,-15.249818801879883,-16.917556762695312,-17.105056762695312,128
train,1,The fuzzy lions behind the crate,The fuzzy lion behind the crates,-15.249818801879883,-17.406068801879883,-19.84213638305664,-16.40463638305664,-16.53580665588379,-16.84830665588379,128
train,0,The sleepy panda beneath the boilers,The sleepy pandas beneath the boiler,-2.1669139862060547,-5.541913986206055,-6.6730475425720215,-2.9855475425720215,-4.4293718338012695,-4.4293718338012695,128
train,1,The sleepy pandas beneath the boiler,The sleepy panda beneath the boilers,-2.9855475425720215,-6.6730475425720215,-5.541913986206055,-2.1669139862060547,-1.9057674407958984,-3.0307674407958984,128
train,0,The slender whale outside the stools,The slender whales outside the stool,-5.849416255950928,-10.036916732788086,-7.96917724609375,-4.71917724609375,-6.343172550201416,-6.968172550201416,128
train,1,The slender whales outside the stool,The slender whale outside the stools,-4.71917724609375,-7.96917724609375,-10.036916732788086,-5.849416255950928,-5.514421463012695,-6.389421463012695,128
train,0,The small rabbit beneath the boilers,The small rabbits beneath the boiler,-13.751876831054688,-17.220626831054688,-16.851978302001953,-13.50822925567627,-14.97231388092041,-14.69106388092041,128
train,1,The small rabbits beneath the boiler,The small rabbit beneath the boilers,-13.50822925567627,-16.851978302001953,-17.220626831054688,-13.751876831054688,-14.425909042358398,-15.582159042358398,128
train,0,The small cock beneath the milestones,The small cocks beneath the milestone,-6.500151634216309,-9.125151634216309,-8.04336929321289,-5.543369293212891,-7.125200271606445,-7.250200271606445,128
train,1,The small cocks beneath the milestone,The small cock beneath the milestones,-5.543369293212891,-8.04336929321289,-9.125151634216309,-6.500151634216309,-6.797702789306641,-6.672702789306641,128
train,0,The timid frog behind the rocks,The timid frogs behind the rock,-4.613895893096924,-11.301396369934082,-8.792146682739258,-3.542146682739258,-6.97778844833374,-5.47778844833374,128
train,1,The timid frogs behind the rock,The timid frog behind the rocks,-3.542146682739258,-8.792146682739258,-11.301396369934082,-4.613895893096924,-5.517162322998047,-5.892162322998047,128
train,0,The calm whale beneath the milestones,The calm whales beneath the milestone,-6.801050186157227,-11.113550186157227,-8.714278221130371,-6.839278221130371,-7.616029739379883,-9.366029739379883,128
train,1,The calm whales beneath the milestone,The calm whale beneath the milestones,-6.839278221130371,-8.714278221130371,-11.113550186157227,-6.801050186157227,-6.631094455718994,-7.381094455718994,128
train,0,The nervous chick behind the rushes,The nervous chicks behind the rush,-6.648232460021973,-10.398232460021973,-7.853390693664551,-6.853390693664551,-7.496876239776611,-8.746875762939453,128
train,1,The nervous chicks behind the rush,The nervous chick behind the rushes,-6.853390693664551,-7.853390693664551,-10.398232460021973,-6.648232460021973,-7.708864688873291,-6.833864688873291,128
train,0,The timid panda beneath the columns,The timid pandas beneath the column,-16.99460220336914,-17.74460220336914,-19.637432098388672,-16.793682098388672,-19.13515281677246,-17.57265281677246,128
train,1,The timid pandas beneath the column,The timid panda beneath the columns,-16.793682098388672,-19.637432098388672,-17.74460220336914,-16.99460220336914,-16.82973861694336,-19.42348861694336,128
train,0,The slender rat behind the plants,The slender rats behind the plant,-7.018642902374268,-11.33114242553711,-8.026145935058594,-4.401145935058594,-6.155544757843018,-6.280544757843018,128
train,1,The slender rats behind the plant,The slender rat behind the plants,-4.401145935058594,-8.026145935058594,-11.33114242553711,-7.018642902374268,-6.927385330200195,-7.052385330200195,128
train,0,The nervous bat outside the towers,The nervous bats outside the tower,-6.219833850860596,-11.532334327697754,-7.85459041595459,-4.72959041595459,-5.820039749145508,-7.070039749145508,128
train,1,The nervous bats outside the tower,The nervous bat outside the towers,-4.72959041595459,-7.85459041595459,-11.532334327697754,-6.219833850860596,-6.2864670753479,-6.9114670753479,128
train,0,The timid chick around the thresholds,The timid chicks around the threshold,-7.421141147613525,-10.671141624450684,-10.0443754196167,-5.106875896453857,-8.987285614013672,-6.737285137176514,128
train,1,The timid chicks around the threshold,The timid chick around the thresholds,-5.106875896453857,-10.0443754196167,-10.671141624450684,-7.421141147613525,-6.493304252624512,-8.493304252624512,128
train,0,The fuzzy pup outside the windows,The fuzzy pups outside the window,-4.493955612182617,-7.243955612182617,-8.610808372497559,-3.8608086109161377,-6.338093280792236,-4.713093280792236,128
train,1,The fuzzy pups outside the window,The fuzzy pup outside the windows,-3.8608086109161377,-8.610808372497559,-7.243955612182617,-4.493955612182617,-5.358786106109619,-5.733786106109619,128
train,0,The quiet monitor behind the windows,The quiet monitors behind the window,-4.8339362144470215,-10.33393669128418,-7.775845050811768,-3.4633452892303467,-5.294879913330078,-5.169879913330078,128
train,1,The quiet monitors behind the window,The quiet monitor behind the windows,-3.4633452892303467,-7.775845050811768,-10.33393669128418,-4.8339362144470215,-5.871759414672852,-5.121759414672852,128
train,0,The small doe around the towers,The small does around the tower,-15.742571830749512,-16.305072784423828,-15.358415603637695,-13.983415603637695,-15.2949857711792,-13.9824857711792,128
train,1,The small does around the tower,The small doe around the towers,-13.983415603637695,-15.358415603637695,-16.305072784423828,-15.742571830749512,-15.951942443847656,-15.576942443847656,128
train,0,The fuzzy turtle around the tanks,The fuzzy turtles around the tank,-14.087516784667969,-15.337516784667969,-15.005438804626465,-11.317938804626465,-13.499377250671387,-13.186877250671387,128
train,1,The fuzzy turtles around the tank,The fuzzy turtle around the tanks,-11.317938804626465,-15.005438804626465,-15.337516784667969,-14.087516784667969,-13.309189796447754,-15.059189796447754,128
train,0,The timid cow around the benches,The timid cows around the bench,-12.323652267456055,-13.136152267456055,-12.977054595947266,-8.914554595947266,-11.724961280822754,-9.537461280822754,128
train,1,The timid cows around the bench,The timid cow around the benches,-8.914554595947266,-12.977054595947266,-13.136152267456055,-12.323652267456055,-10.20065689086914,-12.51315689086914,128
train,0,The small cow outside the houses,The small cows outside the house,-4.781105041503906,-7.906105041503906,-7.714953899383545,-2.714953899383545,-5.463225364685059,-4.213225364685059,128
train,1,The small cows outside the house,The small cow outside the houses,-2.714953899383545,-7.714953899383545,-7.906105041503906,-4.781105041503906,-4.632391452789307,-6.257391452789307,128
train,0,The quiet chick outside the pipes,The quiet chicks outside the pipe,-15.822577476501465,-16.88507843017578,-16.370933532714844,-14.277183532714844,-16.233646392822266,-15.23364543914795,128
train,1,The quiet chicks outside the pipe,The quiet chick outside the pipes,-14.277183532714844,-16.370933532714844,-16.88507843017578,-15.822577476501465,-15.488302230834961,-15.925802230834961,128
train,0,The fuzzy cow beneath the boilers,The fuzzy cows beneath the boiler,-2.598874807357788,-7.098874568939209,-5.8711700439453125,-2.2461700439453125,-3.8628957271575928,-3.7378957271575928,128
train,1,The fuzzy cows beneath the boiler,The fuzzy cow beneath the boilers,-2.2461700439453125,-5.8711700439453125,-7.098874568939209,-2.598874807357788,-2.127762794494629,-3.002762794494629,128
test,0,The spotted [wug] below the banks,The spotted [wugs] below the bank,-11.736639022827148,-14.924139022827148,-12.593021392822266,-10.468021392822266,-10.950653076171875,-11.888153076171875,128
test,1,The spotted [wugs] below the bank,The spotted [wug] below the banks,-10.468021392822266,-12.593021392822266,-14.924139022827148,-11.736639022827148,-12.639543533325195,-12.452043533325195,128
test,0,The clumsy [wug] under the lamps,The clumsy [wugs] under the lamp,-7.030155658721924,-11.092656135559082,-7.534607887268066,-5.534607887268066,-6.5067057609558105,-6.7567057609558105,128
test,1,The clumsy [wugs] under the lamp,The clumsy [wug] under the lamps,-5.534607887268066,-7.534607887268066,-11.092656135559082,-7.030155658721924,-7.167281150817871,-8.042281150817871,128
test,0,The shy [wug] below the boards,The shy [wugs] below the board,-15.102746963500977,-16.477746963500977,-14.863407135009766,-13.863407135009766,-14.487167358398438,-14.987167358398438,128
test,1,The shy [wugs] below the board,The shy [wug] below the boards,-13.863407135009766,-14.863407135009766,-16.477746963500977,-15.102746963500977,-15.15470027923584,-15.77970027923584,128
test,0,The bold [wug] near the sacks,The bold [wugs] near the sack,-4.553349018096924,-4.553349018096924,-7.142845153808594,-4.392845153808594,-6.264387130737305,-5.639387130737305,128
test,1,The bold [wugs] near the sack,The bold [wug] near the sacks,-4.392845153808594,-7.142845153808594,-4.553349018096924,-4.553349018096924,-3.0953712463378906,-6.345371246337891,128
test,0,The strange [wug] under the wells,The strange [wugs] under the well,-12.474029541015625,-13.661529541015625,-16.12140464782715,-12.433904647827148,-14.158300399780273,-13.470800399780273,128
test,1,The strange [wugs] under the well,The strange [wug] under the wells,-12.433904647827148,-16.12140464782715,-13.661529541015625,-12.474029541015625,-12.526947021484375,-14.651947021484375,128
test,0,The tiny [wug] between the baskets,The tiny [wugs] between the basket,-6.0550432205200195,-10.68004322052002,-6.662752151489258,-6.662752151489258,-5.782889366149902,-8.032889366149902,128
test,1,The tiny [wugs] between the basket,The tiny [wug] between the baskets,-6.662752151489258,-6.662752151489258,-10.68004322052002,-6.0550432205200195,-4.895524024963379,-6.270524024963379,128
test,0,The strange [wug] opposite the banks,The strange [wugs] opposite the bank,-5.4311017990112305,-9.55610179901123,-8.76025676727295,-5.635256767272949,-6.224507808685303,-7.599507808685303,128
test,1,The strange [wugs] opposite the bank,The strange [wug] opposite the banks,-5.635256767272949,-8.76025676727295,-9.55610179901123,-5.4311017990112305,-5.410152435302734,-6.285152435302734,128
test,0,The restless [wug] above the straps,The restless [wugs] above the strap,-20.173370361328125,-20.079620361328125,-18.084274291992188,-16.240524291992188,-18.159706115722656,-16.378456115722656,128
test,1,The restless [wugs] above the strap,The restless [wug] above the straps,-16.240524291992188,-18.084274291992188,-20.079620361328125,-20.173370361328125,-19.32457733154297,-20.07457733154297,128
test,0,The lively [wug] above the trees,The lively [wugs] above the tree,-4.64859676361084,-9.39859676361084,-6.921008110046387,-4.546008110046387,-5.885561943054199,-6.635561943054199,128
test,1,The lively [wugs] above the tree,The lively [wug] above the trees,-4.546008110046387,-6.921008110046387,-9.39859676361084,-4.64859676361084,-5.18927526473999,-5.43927526473999,128
test,0,The lively [wug] beside the racks,The lively [wugs] beside the rack,-5.713128566741943,-8.088128089904785,-7.811732292175293,-4.436732292175293,-6.270114898681641,-5.645114898681641,128
test,1,The lively [wugs] beside the rack,The lively [wug] beside the racks,-4.436732292175293,-7.811732292175293,-8.088128089904785,-5.713128566741943,-5.1611785888671875,-6.4111785888671875,128
test,0,The shy [wug] near the jars,The shy [wugs] near the jar,-12.562945365905762,-15.437945365905762,-13.304232597351074,-11.554232597351074,-11.909309387207031,-12.346809387207031,128
test,1,The shy [wugs] near the jar,The shy [wug] near the jars,-11.554232597351074,-13.304232597351074,-15.437945365905762,-12.562945365905762,-13.189384460449219,-13.564384460449219,128
test,0,The lively [wug] atop the hinges,The lively [wugs] atop the hinge,-15.768285751342773,-17.455785751342773,-16.28573226928711,-13.410733222961426,-15.634711265563965,-13.947211265563965,128
test,1,The lively [wugs] atop the hinge,The lively [wug] atop the hinges,-13.410733222961426,-16.28573226928711,-17.455785751342773,-15.768285751342773,-15.680243492126465,-17.30524444580078,128
test,0,The graceful [wug] atop the pillars,The graceful [wugs] atop the pillar,-13.889545440673828,-14.014545440673828,-16.189638137817383,-12.033388137817383,-15.057374954223633,-13.182374954223633,128
test,1,The graceful [wugs] atop the pillar,The graceful [wug] atop the pillars,-12.033388137817383,-16.189638137817383,-14.014545440673828,-13.889545440673828,-12.231440544128418,-15.481440544128418,128
test,0,The round [wug] opposite the sacks,The round [wugs] opposite the sack,-5.003838539123535,-5.878838539123535,-8.181058883666992,-5.931058406829834,-6.93454647064209,-7.05954647064209,128
test,1,The round [wugs] opposite the sack,The round [wug] opposite the sacks,-5.931058406829834,-8.181058883666992,-5.878838539123535,-5.003838539123535,-4.369369029998779,-5.994369029998779,128
test,0,The wary [wug] near the sockets,The wary [wugs] near the socket,-8.65283203125,-9.90283203125,-9.59929084777832,-6.474290370941162,-8.551009178161621,-7.801009654998779,128
test,1,The wary [wugs] near the socket,The wary [wug] near the sockets,-6.474290370941162,-9.59929084777832,-9.90283203125,-8.65283203125,-7.6733527183532715,-9.29835319519043,128
test,0,The lively [wug] by the buckets,The lively [wugs] by the bucket,-5.263136863708496,-8.388136863708496,-6.088422775268555,-4.088422775268555,-4.7521653175354,-5.3771653175354,128
test,1,The lively [wugs] by the bucket,The lively [wug] by the buckets,-4.088422775268555,-6.088422775268555,-8.388136863708496,-5.263136863708496,-5.85997200012207,-6.23497200012207,128
test,0,The clever [wug] atop the sockets,The clever [wugs] atop the socket,-15.17712688446045,-16.864627838134766,-15.54215145111084,-12.79215145111084,-13.878087997436523,-13.815587997436523,128
test,1,The clever [wugs] atop the socket,The clever [wug] atop the sockets,-12.79215145111084,-15.54215145111084,-16.864627838134766,-15.17712688446045,-14.38525390625,-16.44775390625,128
test,0,The restless [wug] opposite the tents,The restless [wugs] opposite the tent,-12.121455192565918,-13.933955192565918,-15.13792896270752,-10.95042896270752,-13.436875343322754,-12.686875343322754,128
test,1,The restless [wugs] opposite the tent,The restless [wug] opposite the tents,-10.95042896270752,-15.13792896270752,-13.933955192565918,-12.121455192565918,-11.364355087280273,-13.176855087280273,128
test,0,The clever [wug] above the shelves,The clever [wugs] above the shelf,-5.582307815551758,-9.082307815551758,-8.324999809265137,-4.449999809265137,-5.986464023590088,-5.611464023590088,128
test,1,The clever [wugs] above the shelf,The clever [wug] above the shelves,-4.449999809265137,-8.324999809265137,-9.082307815551758,-5.582307815551758,-5.922956466674805,-7.047956466674805,128
test,0,The restless [wug] atop the sockets,The restless [wugs] atop the socket,-6.837021350860596,-10.524520874023438,-8.97954273223877,-5.6045427322387695,-7.861708641052246,-6.611708641052246,128
test,1,The restless [wugs] atop the socket,The restless [wug] atop the sockets,-5.6045427322387695,-8.97954273223877,-10.524520874023438,-6.837021350860596,-6.747899532318115,-8.122899055480957,128
test,0,The clumsy [wug] under the fences,The clumsy [wugs] under the fence,-16.066940307617188,-16.504440307617188,-16.675704956054688,-12.800704956054688,-15.858972549438477,-13.733972549438477,128
test,1,The clumsy [wugs] under the fence,The clumsy [wug] under the fences,-12.800704956054688,-16.675704956054688,-16.504440307617188,-16.066940307617188,-14.960358619689941,-17.460357666015625,128
test,0,The curious [wug] opposite the panels,The curious [wugs] opposite the panel,-13.084280014038086,-14.146780014038086,-14.042085647583008,-12.854585647583008,-13.440041542053223,-13.690041542053223,128
test,1,The curious [wugs] opposite the panel,The curious [wug] opposite the panels,-12.854585647583008,-14.042085647583008,-14.146780014038086,-13.084280014038086,-13.058375358581543,-13.808375358581543,128
test,0,The bold [wug] below the nails,The bold [wugs] below the nail,-3.5079901218414307,-4.507989883422852,-5.049683570861816,-3.5496835708618164,-4.2512335777282715,-4.8762335777282715,128
test,1,The bold [wugs] below the nail,The bold [wug] below the nails,-3.5496835708618164,-5.049683570861816,-4.507989883422852,-3.5079901218414307,-3.0791401863098145,-5.0791401863098145,128
test,0,The curious [wug] by the baskets,The curious [wugs] by the basket,-6.4335479736328125,-9.933547973632812,-8.372465133666992,-7.62246561050415,-7.355418682098389,-8.855419158935547,128
test,1,The curious [wugs] by the basket,The curious [wug] by the baskets,-7.62246561050415,-8.372465133666992,-9.933547973632812,-6.4335479736328125,-7.836788177490234,-7.086788177490234,128
test,0,The round [wug] near the braces,The round [wugs] near the brace,-17.085378646850586,-17.022878646850586,-14.571913719177246,-13.071913719177246,-14.274114608764648,-13.586614608764648,128
test,1,The round [wugs] near the brace,The round [wug] near the braces,-13.071913719177246,-14.571913719177246,-17.022878646850586,-17.085378646850586,-15.610373497009277,-17.29787254333496,128
test,0,The graceful [wug] beside the hinges,The graceful [wugs] beside the hinge,-7.766499996185303,-10.953999519348145,-9.312475204467773,-6.812475204467773,-8.540748596191406,-7.665748596191406,128
test,1,The graceful [wugs] beside the hinge,The graceful [wug] beside the hinges,-6.812475204467773,-9.312475204467773,-10.953999519348145,-7.766499996185303,-8.276327133178711,-8.276327133178711,128
test,0,The bold [wug] below the ropes,The bold [wugs] below the rope,-5.433753967285156,-7.808753967285156,-6.121425628662109,-4.121425628662109,-5.0384440422058105,-5.1634440422058105,128
test,1,The bold [wugs] below the rope,The bold [wug] below the ropes,-4.121425628662109,-6.121425628662109,-7.808753967285156,-5.433753967285156,-5.740128517150879,-6.240128517150879,128
test,0,The curious [wug] near the sacks,The curious [wugs] near the sack,-6.745345592498779,-8.370345115661621,-8.528741836547852,-4.841241836547852,-7.054399013519287,-6.179399013519287,128
test,1,The curious [wugs] near the sack,The curious [wug] near the sacks,-4.841241836547852,-8.528741836547852,-8.370345115661621,-6.745345592498779,-6.306244850158691,-8.556244850158691,128
test,0,The clumsy [wug] opposite the pillars,The clumsy [wugs] opposite the pillar,-10.840845108032227,-14.965845108032227,-13.784736633300781,-11.222236633300781,-12.072103500366211,-12.072103500366211,128
test,1,The clumsy [wugs] opposite the pillar,The clumsy [wug] opposite the pillars,-11.222236633300781,-13.784736633300781,-14.965845108032227,-10.840845108032227,-12.143254280090332,-13.080754280090332,128
test,0,The wary [wug] alongside the poles,The wary [wugs] alongside the pole,-6.756870746612549,-8.13187026977539,-8.713622093200684,-4.338622093200684,-7.148393630981445,-5.523393630981445,128
test,1,The wary [wugs] alongside the pole,The wary [wug] alongside the poles,-4.338622093200684,-8.713622093200684,-8.13187026977539,-6.756870746612549,-6.031138896942139,-7.156138896942139,128
test,0,The graceful [wug] above the desks,The graceful [wugs] above the desk,-4.469766139984131,-6.219766139984131,-6.9971723556518555,-3.9971723556518555,-5.624258518218994,-5.874258518218994,128
test,1,The graceful [wugs] above the desk,The graceful [wug] above the desks,-3.9971723556518555,-6.9971723556518555,-6.219766139984131,-4.469766139984131,-4.206094741821289,-5.456094741821289,128
test,0,The tiny [wug] under the panels,The tiny [wugs] under the panel,-5.4624505043029785,-9.83745002746582,-6.368931293487549,-3.493931293487549,-4.953840732574463,-5.203840732574463,128
test,1,The tiny [wugs] under the panel,The tiny [wug] under the panels,-3.493931293487549,-6.368931293487549,-9.83745002746582,-5.4624505043029785,-4.355111598968506,-7.355111598968506,128
test,0,The strange [wug] by the knobs,The strange [wugs] by the knob,-18.710582733154297,-19.523082733154297,-17.404842376708984,-15.404841423034668,-16.38085174560547,-15.505851745605469,128
test,1,The strange [wugs] by the knob,The strange [wug] by the knobs,-15.404841423034668,-17.404842376708984,-19.523082733154297,-18.710582733154297,-18.83713150024414,-19.61838150024414,128
test,0,The graceful [wug] above the braces,The graceful [wugs] above the brace,-11.252867698669434,-13.190367698669434,-11.595257759094238,-10.532757759094238,-11.27253532409668,-11.33503532409668,128
test,1,The graceful [wugs] above the brace,The graceful [wug] above the braces,-10.532757759094238,-11.595257759094238,-13.190367698669434,-11.252867698669434,-11.657830238342285,-12.282830238342285,128
test,0,The bold [wug] opposite the nails,The bold [wugs] opposite the nail,-3.931748867034912,-5.056748867034912,-5.17493200302124,-5.04993200302124,-4.636692047119141,-6.386692047119141,128
test,1,The bold [wugs] opposite the nail,The bold [wug] opposite the nails,-5.04993200302124,-5.17493200302124,-5.056748867034912,-3.931748867034912,-3.143573522567749,-5.018573760986328,128
test,0,The shy [wug] by the braces,The shy [wugs] by the brace,-7.9516215324401855,-12.014121055603027,-8.113338470458984,-7.113338947296143,-7.36586856842041,-7.99086856842041,128
test,1,The shy [wugs] by the brace,The shy [wug] by the braces,-7.113338947296143,-8.113338470458984,-12.014121055603027,-7.9516215324401855,-9.063149452209473,-8.438149452209473,128
test,0,The curious [wug] alongside the boards,The curious [wugs] alongside the board,-16.468881607055664,-17.093881607055664,-16.92967987060547,-13.429680824279785,-16.150508880615234,-14.963008880615234,128
test,1,The curious [wugs] alongside the board,The curious [wug] alongside the boards,-13.429680824279785,-16.92967987060547,-17.093881607055664,-16.468881607055664,-15.631977081298828,-17.006977081298828,128
test,0,The shy [wug] opposite the fences,The shy [wugs] opposite the fence,-14.267556190490723,-14.767556190490723,-15.403924942016602,-11.716424942016602,-14.503111839294434,-12.753111839294434,128
test,1,The shy [wugs] opposite the fence,The shy [wug] opposite the fences,-11.716424942016602,-15.403924942016602,-14.767556190490723,-14.267556190490723,-13.424962997436523,-14.737462997436523,128
test,0,The round [wug] atop the posts,The round [wugs] atop the post,-1.9294503927230835,-4.929450511932373,-8.774023056030273,-5.149023532867432,-6.773209571838379,-6.148209571838379,128
test,1,The round [wugs] atop the post,The round [wug] atop the posts,-5.149023532867432,-8.774023056030273,-4.929450511932373,-1.9294503927230835,-1.9302637577056885,-3.0552637577056885,128
test,0,The strange [wug] opposite the sofas,The strange [wugs] opposite the sofa,-13.844444274902344,-17.219444274902344,-15.776236534118652,-13.463736534118652,-13.410966873168945,-14.410966873168945,128
test,1,The strange [wugs] opposite the sofa,The strange [wug] opposite the sofas,-13.463736534118652,-15.776236534118652,-17.219444274902344,-13.844444274902344,-14.723453521728516,-15.473453521728516,128
test,0,The clumsy [wug] between the baskets,The clumsy [wugs] between the basket,-6.364052772521973,-11.051552772521973,-7.241774559020996,-6.741774559020996,-6.1358642578125,-7.7608642578125,128
test,1,The clumsy [wugs] between the basket,The clumsy [wug] between the baskets,-6.741774559020996,-7.241774559020996,-11.051552772521973,-6.364052772521973,-6.0552167892456055,-6.9302167892456055,128
test,0,The spotted [wug] by the knobs,The spotted [wugs] by the knob,-5.797302722930908,-8.67230224609375,-5.656251907348633,-3.406251907348633,-4.928567409515381,-5.803567409515381,128
test,1,The spotted [wugs] by the knob,The spotted [wug] by the knobs,-3.406251907348633,-5.656251907348633,-8.67230224609375,-5.797302722930908,-6.099067211151123,-6.224067211151123,128
test,0,The tiny [wug] between the jars,The tiny [wugs] between the jar,-16.871553421020508,-17.746553421020508,-13.947811126708984,-13.572811126708984,-14.038628578186035,-14.163628578186035,128
test,1,The tiny [wugs] between the jar,The tiny [wug] between the jars,-13.572811126708984,-13.947811126708984,-17.746553421020508,-16.871553421020508,-15.60747241973877,-16.419973373413086,128
test,0,The fierce [wug] by the sheds,The fierce [wugs] by the shed,-7.564162731170654,-10.376662254333496,-9.348508834838867,-5.598508834838867,-7.52687931060791,-7.02687931060791,128
test,1,The fierce [wugs] by the shed,The fierce [wug] by the sheds,-5.598508834838867,-9.348508834838867,-10.376662254333496,-7.564162731170654,-7.31813383102417,-8.318133354187012,128
test,0,The bold [wug] opposite the hinges,The bold [wugs] opposite the hinge,-11.852726936340332,-13.602726936340332,-13.120650291442871,-10.683150291442871,-11.94930362701416,-11.32430362701416,128
test,1,The bold [wugs] opposite the hinge,The bold [wug] opposite the hinges,-10.683150291442871,-13.120650291442871,-13.602726936340332,-11.852726936340332,-11.410534858703613,-12.598034858703613,128
test,0,The wary [wug] opposite the posts,The wary [wugs] opposite the post,-6.528571605682373,-9.153572082519531,-8.823811531066895,-5.573811054229736,-6.9925150871276855,-6.9925150871276855,128
test,1,The wary [wugs] opposite the post,The wary [wug] opposite the posts,-5.573811054229736,-8.823811531066895,-9.153572082519531,-6.528571605682373,-6.523540496826172,-7.273540496826172,128
test,0,The spotted [wug] near the cabinets,The spotted [wugs] near the cabinet,-6.289999961853027,-7.164999961853027,-8.493057250976562,-5.1180572509765625,-6.6264519691467285,-6.2514519691467285,128
test,1,The spotted [wugs] near the cabinet,The spotted [wug] near the cabinets,-5.1180572509765625,-8.493057250976562,-7.164999961853027,-6.289999961853027,-5.012998580932617,-7.387998580932617,128
test,0,The strange [wug] above the posts,The strange [wugs] above the post,-15.473122596740723,-16.973121643066406,-19.037986755371094,-17.787986755371094,-18.150508880615234,-17.525508880615234,128
test,1,The strange [wugs] above the post,The strange [wug] above the posts,-17.787986755371094,-19.037986755371094,-16.973121643066406,-15.473122596740723,-16.365079879760742,-16.740079879760742,128
test,0,The strange [wug] near the sockets,The strange [wugs] near the socket,-10.880607604980469,-13.630607604980469,-11.591798782348633,-9.029298782348633,-10.157641410827637,-10.345141410827637,128
test,1,The strange [wugs] near the socket,The strange [wug] near the sockets,-9.029298782348633,-11.591798782348633,-13.630607604980469,-10.880607604980469,-10.383075714111328,-12.133075714111328,128
test,0,The clumsy [wug] under the poles,The clumsy [wugs] under the pole,-13.030841827392578,-14.530841827392578,-15.204085350036621,-13.079085350036621,-14.395153999328613,-14.020153999328613,128
test,1,The clumsy [wugs] under the pole,The clumsy [wug] under the poles,-13.079085350036621,-15.204085350036621,-14.530841827392578,-13.030841827392578,-12.721166610717773,-14.471166610717773,128
test,0,The curious [wug] alongside the lamps,The curious [wugs] alongside the lamp,-6.214901924133301,-7.714901924133301,-6.204312324523926,-4.829312324523926,-5.340970516204834,-6.840970516204834,128
test,1,The curious [wugs] alongside the lamp,The curious [wug] alongside the lamps,-4.829312324523926,-6.204312324523926,-7.714901924133301,-6.214901924133301,-5.793446063995361,-6.668446063995361,128
test,0,The sturdy [wug] beside the sofas,The sturdy [wugs] beside the sofa,-18.113344192504883,-18.613344192504883,-17.243383407592773,-13.587133407592773,-16.641996383666992,-14.829497337341309,128
test,1,The sturdy [wugs] beside the sofa,The sturdy [wug] beside the sofas,-13.587133407592773,-17.243383407592773,-18.613344192504883,-18.113344192504883,-16.58928871154785,-18.55803871154785,128
test,0,The sturdy [wug] by the baskets,The sturdy [wugs] by the basket,-4.827067852020264,-7.577067852020264,-5.941596508026123,-4.066596508026123,-4.63056755065918,-5.50556755065918,128
test,1,The sturdy [wugs] by the basket,The sturdy [wug] by the baskets,-4.066596508026123,-5.941596508026123,-7.577067852020264,-4.827067852020264,-5.039802551269531,-5.664802551269531,128
test,0,The tiny [wug] opposite the doors,The tiny [wugs] opposite the door,-16.482681274414062,-17.732681274414062,-14.305776596069336,-13.305776596069336,-14.118365287780762,-13.555865287780762,128
test,1,The tiny [wugs] opposite the door,The tiny [wug] opposite the doors,-13.305776596069336,-14.305776596069336,-17.732681274414062,-16.482681274414062,-16.682477951049805,-17.057477951049805,128
test,0,The round [wug] near the gates,The round [wugs] near the gate,-6.081929683685303,-9.456930160522461,-6.474143028259277,-3.2241432666778564,-5.486723899841309,-5.111723899841309,128
test,1,The round [wugs] near the gate,The round [wug] near the gates,-3.2241432666778564,-6.474143028259277,-9.456930160522461,-6.081929683685303,-5.792816638946533,-6.167816638946533,128
test,0,The shy [wug] under the heaps,The shy [wugs] under the heap,-13.282796859741211,-13.595296859741211,-14.641984939575195,-11.579484939575195,-13.650423049926758,-12.400423049926758,128
test,1,The shy [wugs] under the heap,The shy [wug] under the heaps,-11.579484939575195,-14.641984939575195,-13.595296859741211,-13.282796859741211,-12.08240032196045,-13.89490032196045,128
test,0,The restless [wug] near the sheds,The restless [wugs] near the shed,-7.675732135772705,-10.738232612609863,-10.102083206176758,-5.477083206176758,-8.528429985046387,-6.778430461883545,128
test,1,The restless [wugs] near the shed,The restless [wug] near the sheds,-5.477083206176758,-10.102083206176758,-10.738232612609863,-7.675732135772705,-6.98401403427124,-8.984014511108398,128
test,0,The shy [wug] below the bins,The shy [wugs] below the bin,-15.111185073852539,-16.54868507385254,-17.159204483032227,-16.127954483032227,-16.76337432861328,-16.32587432861328,128
test,1,The shy [wugs] below the bin,The shy [wug] below the bins,-16.127954483032227,-17.159204483032227,-16.54868507385254,-15.111185073852539,-15.866325378417969,-15.741325378417969,128
test,0,The strange [wug] near the shelves,The strange [wugs] near the shelf,-8.13793659210205,-11.01293659210205,-9.538196563720703,-5.788196086883545,-7.53648042678833,-6.91148042678833,128
test,1,The strange [wugs] near the shelf,The strange [wug] near the shelves,-5.788196086883545,-9.538196563720703,-11.01293659210205,-8.13793659210205,-7.397253513336182,-9.897253036499023,128
test,0,The bold [wug] alongside the heaps,The bold [wugs] alongside the heap,-5.577430725097656,-6.452430725097656,-6.26989221572876,-4.01989221572876,-5.6712517738342285,-5.1712517738342285,128
test,1,The bold [wugs] alongside the heap,The bold [wug] alongside the heaps,-4.01989221572876,-6.26989221572876,-6.452430725097656,-5.577430725097656,-5.093728542327881,-6.343728542327881,128
test,0,The fierce [wug] below the ponds,The fierce [wugs] below the pond,-4.850250720977783,-8.475250244140625,-6.386255264282227,-2.5112552642822266,-4.33415412902832,-3.959153890609741,128
test,1,The fierce [wugs] below the pond,The fierce [wug] below the ponds,-2.5112552642822266,-6.386255264282227,-8.475250244140625,-4.850250720977783,-4.632060527801514,-5.882060527801514,128
test,0,The wary [wug] opposite the racks,The wary [wugs] opposite the rack,-6.1175737380981445,-7.9925737380981445,-8.743372917175293,-5.618372440338135,-7.053805828094482,-6.678805828094482,128
test,1,The wary [wugs] opposite the rack,The wary [wug] opposite the racks,-5.618372440338135,-8.743372917175293,-7.9925737380981445,-6.1175737380981445,-5.630264759063721,-6.380264759063721,128
test,0,The clever [wug] below the posts,The clever [wugs] below the post,-17.61614418029785,-17.80364418029785,-21.18695831298828,-19.15570831298828,-20.550140380859375,-19.550140380859375,128
test,1,The clever [wugs] below the post,The clever [wug] below the posts,-19.15570831298828,-21.18695831298828,-17.80364418029785,-17.61614418029785,-17.2213077545166,-18.9713077545166,128
test,0,The curious [wug] between the bushes,The curious [wugs] between the bush,-16.703838348388672,-16.891338348388672,-13.791548728942871,-13.916548728942871,-13.856672286987305,-13.856672286987305,128
test,1,The curious [wugs] between the bush,The curious [wug] between the bushes,-13.916548728942871,-13.791548728942871,-16.891338348388672,-16.703838348388672,-15.842794418334961,-16.59279441833496,128
test,0,The curious [wug] above the sockets,The curious [wugs] above the socket,-5.841760158538818,-8.71675968170166,-8.888895988464355,-6.263896465301514,-7.651312828063965,-6.901312828063965,128
test,1,The curious [wugs] above the socket,The curious [wug] above the sockets,-6.263896465301514,-8.888895988464355,-8.71675968170166,-5.841760158538818,-6.3632307052612305,-7.1132307052612305,128
test,0,The fierce [wug] below the banks,The fierce [wugs] below the bank,-4.904107093811035,-8.029107093811035,-8.436644554138184,-5.186644554138184,-6.446203708648682,-6.946203708648682,128
test,1,The fierce [wugs] below the bank,The fierce [wug] below the banks,-5.186644554138184,-8.436644554138184,-8.029107093811035,-4.904107093811035,-4.5208330154418945,-5.7708330154418945,128
test,0,The curious [wug] beside the sacks,The curious [wugs] beside the sack,-6.75180196762085,-8.501802444458008,-8.927725791931152,-5.677725791931152,-7.716586112976074,-6.841586112976074,128
test,1,The curious [wugs] beside the sack,The curious [wug] beside the sacks,-5.677725791931152,-8.927725791931152,-8.501802444458008,-6.75180196762085,-6.784128665924072,-8.284128189086914,128
test,0,The gentle [wug] below the banks,The gentle [wugs] below the bank,-5.674538612365723,-8.174538612365723,-7.614470481872559,-5.114470481872559,-5.887589454650879,-6.637589454650879,128
test,1,The gentle [wugs] below the bank,The gentle [wug] below the banks,-5.114470481872559,-7.614470481872559,-8.174538612365723,-5.674538612365723,-5.273860931396484,-6.898860931396484,128
test,0,The restless [wug] under the beams,The restless [wugs] under the beam,-15.77485179901123,-18.962350845336914,-17.09779167175293,-16.09779167175293,-16.65680694580078,-16.96930694580078,128
test,1,The restless [wugs] under the beam,The restless [wug] under the beams,-16.09779167175293,-17.09779167175293,-18.962350845336914,-15.77485179901123,-16.65306854248047,-17.34056854248047,128
test,0,The curious [wug] above the hinges,The curious [wugs] above the hinge,-15.482035636901855,-16.169536590576172,-14.677098274230957,-13.302098274230957,-14.426676750183105,-13.364176750183105,128
test,1,The curious [wugs] above the hinge,The curious [wug] above the hinges,-13.302098274230957,-14.677098274230957,-16.169536590576172,-15.482035636901855,-15.424317359924316,-16.299318313598633,128
test,0,The clumsy [wug] opposite the roots,The clumsy [wugs] opposite the root,-15.455888748168945,-16.205888748168945,-16.877546310424805,-15.565046310424805,-15.96615219116211,-15.65365219116211,128
test,1,The clumsy [wugs] opposite the root,The clumsy [wug] opposite the roots,-15.565046310424805,-16.877546310424805,-16.205888748168945,-15.455888748168945,-14.935796737670898,-17.1232967376709,128
test,0,The round [wug] atop the buckets,The round [wugs] atop the bucket,-9.353737831115723,-9.853737831115723,-11.727371215820312,-8.789871215820312,-10.891736030578613,-9.204236030578613,128
test,1,The round [wugs] atop the bucket,The round [wug] atop the buckets,-8.789871215820312,-11.727371215820312,-9.853737831115723,-9.353737831115723,-8.890254974365234,-10.077754974365234,128
test,0,The sturdy [wug] opposite the panels,The sturdy [wugs] opposite the panel,-3.3800103664398193,-6.755010604858398,-5.936964511871338,-4.061964511871338,-4.415006160736084,-6.040006160736084,128
test,1,The sturdy [wugs] opposite the panel,The sturdy [wug] opposite the panels,-4.061964511871338,-5.936964511871338,-6.755010604858398,-3.3800103664398193,-3.7030484676361084,-4.703048229217529,128
test,0,The tiny [wug] below the bins,The tiny [wugs] below the bin,-10.814923286437988,-13.564923286437988,-12.093881607055664,-10.718881607055664,-11.123732566833496,-12.061232566833496,128
test,1,The tiny [wugs] below the bin,The tiny [wug] below the bins,-10.718881607055664,-12.093881607055664,-13.564923286437988,-10.814923286437988,-9.86104965209961,-12.86104965209961,128
test,0,The strange [wug] near the desks,The strange [wugs] near the desk,-8.134151458740234,-11.384151458740234,-9.73858642578125,-5.61358642578125,-6.898763179779053,-7.148763179779053,128
test,1,The strange [wugs] near the desk,The strange [wug] near the desks,-5.61358642578125,-9.73858642578125,-11.384151458740234,-8.134151458740234,-7.3877739906311035,-10.387773513793945,128
test,0,The strange [wug] atop the sheds,The strange [wugs] atop the shed,-5.131498336791992,-8.381498336791992,-9.84496021270752,-4.969960689544678,-7.203868389129639,-6.328868389129639,128
test,1,The strange [wugs] atop the shed,The strange [wug] atop the sheds,-4.969960689544678,-9.84496021270752,-8.381498336791992,-5.131498336791992,-4.4663190841674805,-7.2163190841674805,128
test,0,The gentle [wug] opposite the heaps,The gentle [wugs] opposite the heap,-6.8766632080078125,-8.376663208007812,-7.523870944976807,-4.523870944976807,-5.971738338470459,-5.721738338470459,128
test,1,The gentle [wugs] opposite the heap,The gentle [wug] opposite the heaps,-4.523870944976807,-7.523870944976807,-8.376663208007812,-6.8766632080078125,-6.572579860687256,-7.822579860687256,128
test,0,The clumsy [wug] alongside the lamps,The clumsy [wugs] alongside the lamp,-17.166629791259766,-18.072879791259766,-17.422256469726562,-16.797256469726562,-16.980751037597656,-17.418251037597656,128
test,1,The clumsy [wugs] alongside the lamp,The clumsy [wug] alongside the lamps,-16.797256469726562,-17.422256469726562,-18.072879791259766,-17.166629791259766,-16.733875274658203,-17.733875274658203,128
test,0,The graceful [wug] alongside the cabinets,The graceful [wugs] alongside the cabinet,-5.100409507751465,-5.850409507751465,-7.305506229400635,-4.805506229400635,-6.141269683837891,-5.641269683837891,128
test,1,The graceful [wugs] alongside the cabinet,The graceful [wug] alongside the cabinets,-4.805506229400635,-7.305506229400635,-5.850409507751465,-5.100409507751465,-4.398775100708008,-6.148775100708008,128
test,0,The sturdy [wug] above the sofas,The sturdy [wugs] above the sofa,-4.62147855758667,-7.37147855758667,-4.7965006828308105,-1.921500563621521,-3.4600934982299805,-3.4600934982299805,128
test,1,The sturdy [wugs] above the sofa,The sturdy [wug] above the sofas,-1.921500563621521,-4.7965006828308105,-7.37147855758667,-4.62147855758667,-4.586292743682861,-5.711292743682861,128
test,0,The round [wug] above the trees,The round [wugs] above the tree,-14.826485633850098,-17.76398468017578,-15.469955444335938,-14.407455444335938,-14.659014701843262,-15.784014701843262,128
test,1,The round [wugs] above the tree,The round [wug] above the trees,-14.407455444335938,-15.469955444335938,-17.76398468017578,-14.826485633850098,-15.521403312683105,-15.646403312683105,128
test,0,The fierce [wug] alongside the wells,The fierce [wugs] alongside the well,-12.476359367370605,-13.601359367370605,-13.533145904541016,-10.658145904541016,-12.56865119934082,-12.25615119934082,128
test,1,The fierce [wugs] alongside the well,The fierce [wug] alongside the wells,-10.658145904541016,-13.533145904541016,-13.601359367370605,-12.476359367370605,-12.478460311889648,-13.478460311889648,128
test,0,The lively [wug] alongside the heaps,The lively [wugs] alongside the heap,-7.996949195861816,-8.996949195861816,-7.485497951507568,-4.610497951507568,-6.2580647468566895,-6.0080647468566895,128
test,1,The lively [wugs] alongside the heap,The lively [wug] alongside the heaps,-4.610497951507568,-7.485497951507568,-8.996949195861816,-7.996949195861816,-7.76141881942749,-8.761418342590332,128
test,0,The gentle [wug] opposite the fences,The gentle [wugs] opposite the fence,-6.3745927810668945,-8.499592781066895,-7.0765862464904785,-3.8265864849090576,-5.8492326736450195,-5.4742326736450195,128
test,1,The gentle [wugs] opposite the fence,The gentle [wug] opposite the fences,-3.8265864849090576,-7.0765862464904785,-8.499592781066895,-6.3745927810668945,-5.676301956176758,-7.176301956176758,128
test,0,The fierce [wug] by the pens,The fierce [wugs] by the pen,-4.537700653076172,-6.037700653076172,-5.833731174468994,-4.333731174468994,-4.917845249176025,-6.167845249176025,128
test,1,The fierce [wugs] by the pen,The fierce [wug] by the pens,-4.333731174468994,-5.833731174468994,-6.037700653076172,-4.537700653076172,-4.600224018096924,-5.475224018096924,128
test,0,The fierce [wug] atop the slopes,The fierce [wugs] atop the slope,-13.417216300964355,-14.354716300964355,-13.306116104125977,-9.868616104125977,-12.887092590332031,-11.199592590332031,128
test,1,The fierce [wugs] atop the slope,The fierce [wug] atop the slopes,-9.868616104125977,-13.306116104125977,-14.354716300964355,-13.417216300964355,-11.926036834716797,-13.988536834716797,128
test,0,The lively [wug] below the wells,The lively [wugs] below the well,-4.125346660614014,-6.125346660614014,-7.271533966064453,-4.021533966064453,-5.489889621734619,-5.614889621734619,128
test,1,The lively [wugs] below the well,The lively [wug] below the wells,-4.021533966064453,-7.271533966064453,-6.125346660614014,-4.125346660614014,-3.588015079498291,-4.963015079498291,128
test,0,The fierce [wug] below the racks,The fierce [wugs] below the rack,-13.659565925598145,-15.409565925598145,-16.486047744750977,-14.29854679107666,-15.755955696105957,-14.630955696105957,128
test,1,The fierce [wugs] below the rack,The fierce [wug] below the racks,-14.29854679107666,-16.486047744750977,-15.409565925598145,-13.659565925598145,-14.017433166503906,-14.642433166503906,128
test,0,The restless [wug] between the shelves,The restless [wugs] between the shelf,-7.78238582611084,-10.59488582611084,-9.416716575622559,-8.791716575622559,-8.594690322875977,-9.657190322875977,128
test,1,The restless [wugs] between the shelf,The restless [wug] between the shelves,-8.791716575622559,-9.416716575622559,-10.59488582611084,-7.78238582611084,-7.678882598876953,-8.428882598876953,128
test,0,The curious [wug] beside the wires,The curious [wugs] beside the wire,-20.296916961669922,-21.265666961669922,-20.46233558654785,-17.61858558654785,-19.259521484375,-18.462646484375,128
test,1,The curious [wugs] beside the wire,The curious [wug] beside the wires,-17.61858558654785,-20.46233558654785,-21.265666961669922,-20.296916961669922,-19.12506103515625,-20.81256103515625,128
test,0,The tiny [wug] near the cabinets,The tiny [wugs] near the cabinet,-18.169353485107422,-18.544353485107422,-16.07215118408203,-15.447151184082031,-16.019811630249023,-15.769811630249023,128
test,1,The tiny [wugs] near the cabinet,The tiny [wug] near the cabinets,-15.447151184082031,-16.07215118408203,-18.544353485107422,-18.169353485107422,-17.2871150970459,-18.0371150970459,128
test,0,The round [wug] beside the gates,The round [wugs] beside the gate,-16.05789566040039,-18.12039566040039,-15.940138816833496,-15.502638816833496,-15.7562255859375,-16.7562255859375,128
test,1,The round [wugs] beside the gate,The round [wug] beside the gates,-15.502638816833496,-15.940138816833496,-18.12039566040039,-16.05789566040039,-17.080568313598633,-16.455568313598633,128
test,0,The lively [wug] alongside the switches,The lively [wugs] alongside the switch,-16.259132385253906,-17.009132385253906,-15.459280967712402,-13.896780967712402,-14.644408226013184,-13.894408226013184,128
test,1,The lively [wugs] alongside the switch,The lively [wug] alongside the switches,-13.896780967712402,-15.459280967712402,-17.009132385253906,-16.259132385253906,-15.442035675048828,-16.442035675048828,128
test,0,The fierce [wug] atop the cords,The fierce [wugs] atop the cord,-13.111284255981445,-15.486284255981445,-14.218866348266602,-13.593866348266602,-13.673290252685547,-13.173290252685547,128
test,1,The fierce [wugs] atop the cord,The fierce [wug] atop the cords,-13.593866348266602,-14.218866348266602,-15.486284255981445,-13.111284255981445,-13.598344802856445,-13.910844802856445,128
test,0,The tiny [wug] opposite the nails,The tiny [wugs] opposite the nail,-5.136117935180664,-7.511117935180664,-5.583633899688721,-4.333633899688721,-4.637790679931641,-6.387790679931641,128
test,1,The tiny [wugs] opposite the nail,The tiny [wug] opposite the nails,-4.333633899688721,-5.583633899688721,-7.511117935180664,-5.136117935180664,-3.8480939865112305,-6.4730939865112305,128
test,0,The tiny [wug] atop the jars,The tiny [wugs] atop the jar,-3.5250816345214844,-7.150081634521484,-5.8668951988220215,-2.8668951988220215,-3.9991960525512695,-4.4991960525512695,128
test,1,The tiny [wugs] atop the jar,The tiny [wug] atop the jars,-2.8668951988220215,-5.8668951988220215,-7.150081634521484,-3.5250816345214844,-2.70794677734375,-5.70794677734375,128
test,0,The gentle [wug] above the hinges,The gentle [wugs] above the hinge,-17.716022491455078,-18.497272491455078,-17.570920944213867,-16.102170944213867,-17.535242080688477,-16.628992080688477,128
test,1,The gentle [wugs] above the hinge,The gentle [wug] above the hinges,-16.102170944213867,-17.570920944213867,-18.497272491455078,-17.716022491455078,-17.409883499145508,-18.816133499145508,128
test,0,The round [wug] alongside the doors,The round [wugs] alongside the door,-6.778407096862793,-9.278407096862793,-6.2629547119140625,-3.5129547119140625,-5.3384294509887695,-5.8384294509887695,128
test,1,The round [wugs] alongside the door,The round [wug] alongside the doors,-3.5129547119140625,-6.2629547119140625,-9.278407096862793,-6.778407096862793,-6.549368381500244,-7.049368381500244,128
test,0,The strange [wug] above the gates,The strange [wugs] above the gate,-5.852904319763184,-10.102904319763184,-7.757392406463623,-4.882392406463623,-6.315236568450928,-6.690236568450928,128
test,1,The strange [wugs] above the gate,The strange [wug] above the gates,-4.882392406463623,-7.757392406463623,-10.102904319763184,-5.852904319763184,-5.887777805328369,-7.262777805328369,128
test,0,The spotted [wug] opposite the poles,The spotted [wugs] opposite the pole,-4.430929183959961,-7.555929183959961,-7.194586753845215,-2.9445865154266357,-4.889520645141602,-4.389520645141602,128
test,1,The spotted [wugs] opposite the pole,The spotted [wug] opposite the poles,-2.9445865154266357,-7.194586753845215,-7.555929183959961,-4.430929183959961,-4.038071155548096,-4.663071155548096,128
test,0,The lively [wug] near the bridges,The lively [wugs] near the bridge,-5.965102195739746,-8.090102195739746,-6.707298755645752,-3.207298517227173,-5.245081901550293,-4.870081901550293,128
test,1,The lively [wugs] near the bridge,The lively [wug] near the bridges,-3.207298517227173,-6.707298755645752,-8.090102195739746,-5.965102195739746,-5.164660930633545,-6.539660930633545,128
test,0,The sturdy [wug] alongside the locks,The sturdy [wugs] alongside the lock,-5.329773902893066,-7.329773902893066,-4.790119647979736,-4.540119647979736,-4.604281902313232,-7.166781902313232,128
test,1,The sturdy [wugs] alongside the lock,The sturdy [wug] alongside the locks,-4.540119647979736,-4.790119647979736,-7.329773902893066,-5.329773902893066,-4.469947338104248,-5.844947338104248,128
test,0,The graceful [wug] above the sockets,The graceful [wugs] above the socket,-14.49674129486084,-14.93424129486084,-14.923375129699707,-13.110875129699707,-14.772317886352539,-13.522317886352539,128
test,1,The graceful [wugs] above the socket,The graceful [wug] above the sockets,-13.110875129699707,-14.923375129699707,-14.93424129486084,-14.49674129486084,-14.048186302185059,-15.298186302185059,128
test,0,The shy [wug] under the nails,The shy [wugs] under the nail,-5.8219523429870605,-9.759452819824219,-6.425795555114746,-6.675795555114746,-6.1225104331970215,-8.185009956359863,128
test,1,The shy [wugs] under the nail,The shy [wug] under the nails,-6.675795555114746,-6.425795555114746,-9.759452819824219,-5.8219523429870605,-6.002842426300049,-6.377842426300049,128
test,0,The lively [wug] below the fences,The lively [wugs] below the fence,-5.974430084228516,-8.724430084228516,-6.405489921569824,-3.530489921569824,-5.194111347198486,-5.194111347198486,128
test,1,The lively [wugs] below the fence,The lively [wug] below the fences,-3.530489921569824,-6.405489921569824,-8.724430084228516,-5.974430084228516,-5.938666343688965,-6.563666343688965,128
test,0,The wary [wug] atop the buckets,The wary [wugs] atop the bucket,-8.109845161437988,-9.047345161437988,-10.644495010375977,-8.144495010375977,-10.040966987609863,-8.915966987609863,128
test,1,The wary [wugs] atop the bucket,The wary [wug] atop the buckets,-8.144495010375977,-10.644495010375977,-9.047345161437988,-8.109845161437988,-8.15423583984375,-9.21673583984375,128
test,0,The restless [wug] below the panels,The restless [wugs] below the panel,-6.465644836425781,-9.715644836425781,-8.619953155517578,-5.869953155517578,-6.935119152069092,-7.310119152069092,128
test,1,The restless [wugs] below the panel,The restless [wug] below the panels,-5.869953155517578,-8.619953155517578,-9.715644836425781,-6.465644836425781,-6.292893886566162,-8.04289436340332,128
test,0,The sturdy [wug] above the sheds,The sturdy [wugs] above the shed,-16.30564308166504,-18.36814308166504,-17.677257537841797,-15.646007537841797,-16.935956954956055,-16.435956954956055,128
test,1,The sturdy [wugs] above the shed,The sturdy [wug] above the sheds,-15.646007537841797,-17.677257537841797,-18.36814308166504,-16.30564308166504,-17.21722412109375,-17.46722412109375,128
test,0,The restless [wug] atop the pillars,The restless [wugs] atop the pillar,-10.311962127685547,-14.124462127685547,-13.738332748413086,-11.738332748413086,-13.47475814819336,-12.97475814819336,128
test,1,The restless [wugs] atop the pillar,The restless [wug] atop the pillars,-11.738332748413086,-13.738332748413086,-14.124462127685547,-10.311962127685547,-11.97280502319336,-12.28530502319336,128
test,0,The restless [wug] by the bushes,The restless [wugs] by the bush,-8.152704238891602,-11.590204238891602,-8.988066673278809,-6.863066673278809,-7.759990215301514,-8.259990692138672,128
test,1,The restless [wugs] by the bush,The restless [wug] by the bushes,-6.863066673278809,-8.988066673278809,-11.590204238891602,-8.152704238891602,-8.412199020385742,-9.162199020385742,128
test,0,The sturdy [wug] opposite the hooks,The sturdy [wugs] opposite the hook,-4.728175163269043,-7.603175163269043,-7.127369403839111,-4.252369403839111,-5.461680889129639,-5.211680889129639,128
test,1,The sturdy [wugs] opposite the hook,The sturdy [wug] opposite the hooks,-4.252369403839111,-7.127369403839111,-7.603175163269043,-4.728175163269043,-4.4252495765686035,-5.6752495765686035,128
test,0,The gentle [wug] atop the hinges,The gentle [wugs] atop the hinge,-16.34821128845215,-17.69196128845215,-16.96802520751953,-13.905525207519531,-16.213180541992188,-14.963181495666504,128
test,1,The gentle [wugs] atop the hinge,The gentle [wug] atop the hinges,-13.905525207519531,-16.96802520751953,-17.69196128845215,-16.34821128845215,-15.424927711486816,-18.549928665161133,128
test,0,The lively [wug] beside the bulbs,The lively [wugs] beside the bulb,-5.67641544342041,-9.05141544342041,-8.230292320251465,-5.480292320251465,-6.881798267364502,-7.131798267364502,128
test,1,The lively [wugs] beside the bulb,The lively [wug] beside the bulbs,-5.480292320251465,-8.230292320251465,-9.05141544342041,-5.67641544342041,-5.729863166809082,-6.354863166809082,128
test,0,The lively [wug] near the hinges,The lively [wugs] near the hinge,-16.265748977661133,-16.328248977661133,-14.490361213684082,-12.865361213684082,-14.8021240234375,-13.6771240234375,128
test,1,The lively [wugs] near the hinge,The lively [wug] near the hinges,-12.865361213684082,-14.490361213684082,-16.328248977661133,-16.265748977661133,-14.839066505432129,-16.526565551757812,128
test,0,The strange [wug] opposite the wires,The strange [wugs] opposite the wire,-7.154234409332275,-10.154233932495117,-7.808897972106934,-5.308897972106934,-5.837263584136963,-6.837263584136963,128
test,1,The strange [wugs] opposite the wire,The strange [wug] opposite the wires,-5.308897972106934,-7.808897972106934,-10.154233932495117,-7.154234409332275,-6.435872554779053,-8.310873031616211,128
test,0,The wary [wug] opposite the wells,The wary [wugs] opposite the well,-12.336952209472656,-12.336952209472656,-14.152325630187988,-10.152325630187988,-13.142535209655762,-11.392535209655762,128
test,1,The wary [wugs] opposite the well,The wary [wug] opposite the wells,-10.152325630187988,-14.152325630187988,-12.336952209472656,-12.336952209472656,-11.36851978302002,-13.24351978302002,128
test,0,The clever [wug] under the lamps,The clever [wugs] under the lamp,-15.645157814025879,-17.145158767700195,-16.47823143005371,-14.353232383728027,-15.755725860595703,-15.693225860595703,128
test,1,The clever [wugs] under the lamp,The clever [wug] under the lamps,-14.353232383728027,-16.47823143005371,-17.145158767700195,-15.645157814025879,-16.46125602722168,-16.71125602722168,128
test,0,The round [wug] above the pillars,The round [wugs] above the pillar,-18.89350128173828,-18.64350128173828,-18.210512161254883,-16.991762161254883,-18.37184715270996,-17.43434715270996,128
test,1,The round [wugs] above the pillar,The round [wug] above the pillars,-16.991762161254883,-18.210512161254883,-18.64350128173828,-18.89350128173828,-17.899065017700195,-18.774065017700195,128
test,0,The spotted [wug] below the sofas,The spotted [wugs] below the sofa,-14.845566749572754,-14.845566749572754,-16.089763641357422,-11.902263641357422,-14.492063522338867,-12.804563522338867,128
test,1,The spotted [wugs] below the sofa,The spotted [wug] below the sofas,-11.902263641357422,-16.089763641357422,-14.845566749572754,-14.845566749572754,-13.837580680847168,-16.02507972717285,128
test,0,The tiny [wug] above the banks,The tiny [wugs] above the bank,-4.584806442260742,-8.334806442260742,-9.27844524383545,-6.028445243835449,-7.050149440765381,-7.550149440765381,128
test,1,The tiny [wugs] above the bank,The tiny [wug] above the banks,-6.028445243835449,-9.27844524383545,-8.334806442260742,-4.584806442260742,-3.932307004928589,-6.057307243347168,128
test,0,The restless [wug] under the nails,The restless [wugs] under the nail,-6.567704200744629,-10.067704200744629,-7.198714256286621,-7.136214256286621,-7.094117641448975,-9.031617164611816,128
test,1,The restless [wugs] under the nail,The restless [wug] under the nails,-7.136214256286621,-7.198714256286621,-10.067704200744629,-6.567704200744629,-6.473295211791992,-7.473295211791992,128
test,0,The fierce [wug] beside the hinges,The fierce [wugs] beside the hinge,-17.32840919494629,-20.07840919494629,-17.457223892211914,-16.519723892211914,-16.861778259277344,-17.424278259277344,128
test,1,The fierce [wugs] beside the hinge,The fierce [wug] beside the hinges,-16.519723892211914,-17.457223892211914,-20.07840919494629,-17.32840919494629,-18.39601707458496,-18.45851707458496,128
test,0,The round [wug] below the poles,The round [wugs] below the pole,-14.16209888458252,-14.28709888458252,-16.51561164855957,-12.07811164855957,-14.732009887695312,-12.419509887695312,128
test,1,The round [wugs] below the pole,The round [wug] below the poles,-12.07811164855957,-16.51561164855957,-14.28709888458252,-14.16209888458252,-13.235370635986328,-15.235370635986328,128
test,0,The gentle [wug] under the cliffs,The gentle [wugs] under the cliff,-6.270647048950195,-9.645647048950195,-7.262096405029297,-4.262096405029297,-6.329611778259277,-5.704611778259277,128
test,1,The gentle [wugs] under the cliff,The gentle [wug] under the cliffs,-4.262096405029297,-7.262096405029297,-9.645647048950195,-6.270647048950195,-5.533783435821533,-7.783783435821533,128
test,0,The lively [wug] above the fences,The lively [wugs] above the fence,-5.571130752563477,-8.696130752563477,-6.640381813049316,-3.7653818130493164,-5.6262712478637695,-5.6262712478637695,128
test,1,The lively [wugs] above the fence,The lively [wug] above the fences,-3.7653818130493164,-6.640381813049316,-8.696130752563477,-5.571130752563477,-5.572742462158203,-6.197742462158203,128
test,0,The strange [wug] under the beams,The strange [wugs] under the beam,-14.3284330368042,-17.515932083129883,-15.122809410095215,-13.685309410095215,-13.945223808288574,-14.820223808288574,128
test,1,The strange [wugs] under the beam,The strange [wug] under the beams,-13.685309410095215,-15.122809410095215,-17.515932083129883,-14.3284330368042,-14.393634796142578,-15.893634796142578,128
test,0,The graceful [wug] opposite the tents,The graceful [wugs] opposite the tent,-3.6699106693267822,-6.169910430908203,-6.846287250518799,-3.971287250518799,-4.827709674835205,-5.952709674835205,128
test,1,The graceful [wugs] opposite the tent,The graceful [wug] opposite the tents,-3.971287250518799,-6.846287250518799,-6.169910430908203,-3.6699106693267822,-4.447457313537598,-4.447457313537598,128
test,0,The clever [wug] below the wells,The clever [wugs] below the well,-11.401514053344727,-14.026514053344727,-15.435550689697266,-10.623050689697266,-12.494384765625,-12.181884765625,128
test,1,The clever [wugs] below the well,The clever [wug] below the wells,-10.623050689697266,-15.435550689697266,-14.026514053344727,-11.401514053344727,-11.653432846069336,-13.278432846069336,128
test,0,The graceful [wug] beside the fences,The graceful [wugs] beside the fence,-16.506147384643555,-16.568647384643555,-15.456764221191406,-13.831764221191406,-15.489078521728516,-14.739078521728516,128
test,1,The graceful [wugs] beside the fence,The graceful [wug] beside the fences,-13.831764221191406,-15.456764221191406,-16.568647384643555,-16.506147384643555,-16.19968032836914,-16.88718032836914,128
test,0,The graceful [wug] beside the wells,The graceful [wugs] beside the well,-4.544553756713867,-6.044553756713867,-7.677681922912598,-4.177681922912598,-6.15949821472168,-5.53449821472168,128
test,1,The graceful [wugs] beside the well,The graceful [wug] beside the wells,-4.177681922912598,-7.677681922912598,-6.044553756713867,-4.544553756713867,-4.3339362144470215,-5.2089362144470215,128
test,0,The wary [wug] opposite the ponds,The wary [wugs] opposite the pond,-14.179369926452637,-17.054370880126953,-15.489651679992676,-14.302151679992676,-14.20776653289795,-14.95776653289795,128
test,1,The wary [wugs] opposite the pond,The wary [wug] opposite the ponds,-14.302151679992676,-15.489651679992676,-17.054370880126953,-14.179369926452637,-16.04636001586914,-14.483859062194824,128
test,0,The clumsy [wug] atop the sacks,The clumsy [wugs] atop the sack,-5.515664577484131,-9.140664100646973,-8.504283905029297,-4.566783905029297,-6.65285062789917,-5.27785062789917,128
test,1,The clumsy [wugs] atop the sack,The clumsy [wug] atop the sacks,-4.566783905029297,-8.504283905029297,-9.140664100646973,-5.515664577484131,-4.96016263961792,-7.96016263961792,128
test,0,The clumsy [wug] near the bulbs,The clumsy [wugs] near the bulb,-6.782907962799072,-10.78290843963623,-8.892399787902832,-5.39240026473999,-7.3061981201171875,-6.5561981201171875,128
test,1,The clumsy [wugs] near the bulb,The clumsy [wug] near the bulbs,-5.39240026473999,-8.892399787902832,-10.78290843963623,-6.782907962799072,-6.299396514892578,-8.924396514892578,128
test,0,The spotted [wug] near the bridges,The spotted [wugs] near the bridge,-6.423210620880127,-8.048211097717285,-7.416172981262207,-3.791172742843628,-6.328779220581055,-5.828779220581055,128
test,1,The spotted [wugs] near the bridge,The spotted [wug] near the bridges,-3.791172742843628,-7.416172981262207,-8.048211097717285,-6.423210620880127,-5.700664043426514,-7.325664043426514,128
test,0,The sturdy [wug] below the ponds,The sturdy [wugs] below the pond,-15.724651336669922,-17.474651336669922,-14.184844017028809,-13.872344017028809,-13.4180269241333,-14.6680269241333,128
test,1,The sturdy [wugs] below the pond,The sturdy [wug] below the ponds,-13.872344017028809,-14.184844017028809,-17.474651336669922,-15.724651336669922,-16.52208137512207,-16.02208137512207,128
test,0,The tiny [wug] atop the braces,The tiny [wugs] atop the brace,-3.9894330501556396,-8.239433288574219,-6.926971435546875,-3.551971197128296,-5.494318962097168,-4.244318962097168,128
test,1,The tiny [wugs] atop the brace,The tiny [wug] atop the braces,-3.551971197128296,-6.926971435546875,-8.239433288574219,-3.9894330501556396,-3.3482487201690674,-6.473248481750488,128
test,0,The curious [wug] under the heaps,The curious [wugs] under the heap,-8.089836120605469,-10.589836120605469,-9.124898910522461,-7.374898910522461,-8.039009094238281,-8.164009094238281,128
test,1,The curious [wugs] under the heap,The curious [wug] under the heaps,-7.374898910522461,-9.124898910522461,-10.589836120605469,-8.089836120605469,-9.029233932495117,-9.029233932495117,128
test,0,The clever [wug] atop the hinges,The clever [wugs] atop the hinge,-13.28172779083252,-14.59422779083252,-14.472076416015625,-12.097076416015625,-13.890315055847168,-12.890315055847168,128
test,1,The clever [wugs] atop the hinge,The clever [wug] atop the hinges,-12.097076416015625,-14.472076416015625,-14.59422779083252,-13.28172779083252,-13.227019309997559,-15.164519309997559,128
test,0,The sturdy [wug] alongside the beams,The sturdy [wugs] alongside the beam,-5.422868728637695,-6.922868728637695,-6.797381401062012,-4.547381401062012,-5.575351715087891,-5.825351715087891,128
test,1,The sturdy [wugs] alongside the beam,The sturdy [wug] alongside the beams,-4.547381401062012,-6.797381401062012,-6.922868728637695,-5.422868728637695,-5.067770004272461,-6.567770004272461,128
test,0,The bold [wug] under the beams,The bold [wugs] under the beam,-15.410414695739746,-16.847915649414062,-16.31901741027832,-16.00651741027832,-15.73957633972168,-16.36457633972168,128
test,1,The bold [wugs] under the beam,The bold [wug] under the beams,-16.00651741027832,-16.31901741027832,-16.847915649414062,-15.410414695739746,-15.688854217529297,-16.626354217529297,128
test,0,The round [wug] alongside the ropes,The round [wugs] alongside the rope,-14.756827354431152,-14.944327354431152,-12.337074279785156,-10.962074279785156,-12.433374404907227,-11.683374404907227,128
test,1,The round [wugs] alongside the rope,The round [wug] alongside the ropes,-10.962074279785156,-12.337074279785156,-14.944327354431152,-14.756827354431152,-14.039703369140625,-14.789703369140625,128
test,0,The spotted [wug] under the ropes,The spotted [wugs] under the rope,-6.898044109344482,-11.835543632507324,-8.197538375854492,-6.57253885269165,-7.295467376708984,-8.420467376708984,128
test,1,The spotted [wugs] under the rope,The spotted [wug] under the ropes,-6.57253885269165,-8.197538375854492,-11.835543632507324,-6.898044109344482,-8.402825355529785,-7.777825355529785,128
test,0,The round [wug] above the desks,The round [wugs] above the desk,-13.625995635986328,-14.125995635986328,-15.442585945129395,-12.005085945129395,-13.47982406616211,-12.79232406616211,128
test,1,The round [wugs] above the desk,The round [wug] above the desks,-12.005085945129395,-15.442585945129395,-14.125995635986328,-13.625995635986328,-12.89655876159668,-14.33405876159668,128
test,0,The lively [wug] opposite the wires,The lively [wugs] opposite the wire,-5.62276554107666,-8.49776554107666,-6.778143882751465,-4.528143882751465,-5.341006755828857,-6.216006755828857,128
test,1,The lively [wugs] opposite the wire,The lively [wug] opposite the wires,-4.528143882751465,-6.778143882751465,-8.49776554107666,-5.62276554107666,-4.792147636413574,-6.042147636413574,128
test,0,The strange [wug] opposite the tents,The strange [wugs] opposite the tent,-11.784089088439941,-12.846589088439941,-13.738261222839355,-12.113261222839355,-12.67004108428955,-13.04504108428955,128
test,1,The strange [wugs] opposite the tent,The strange [wug] opposite the tents,-12.113261222839355,-13.738261222839355,-12.846589088439941,-11.784089088439941,-11.759933471679688,-13.322433471679688,128
test,0,The sturdy [wug] by the bridges,The sturdy [wugs] by the bridge,-6.329649925231934,-8.329649925231934,-5.821390628814697,-3.1963906288146973,-4.926713466644287,-4.926713466644287,128
test,1,The sturdy [wugs] by the bridge,The sturdy [wug] by the bridges,-3.1963906288146973,-5.821390628814697,-8.329649925231934,-6.329649925231934,-6.504296779632568,-6.879296779632568,128
test,0,The curious [wug] opposite the racks,The curious [wugs] opposite the rack,-5.313352584838867,-7.688352584838867,-9.892242431640625,-7.142242908477783,-8.159452438354492,-7.659452438354492,128
test,1,The curious [wugs] opposite the rack,The curious [wug] opposite the racks,-7.142242908477783,-9.892242431640625,-7.688352584838867,-5.313352584838867,-5.167904376983643,-5.792904376983643,128
test,0,The fierce [wug] by the cords,The fierce [wugs] by the cord,-7.658991813659668,-10.971491813659668,-6.785576820373535,-6.660576820373535,-6.426141738891602,-8.176141738891602,128
test,1,The fierce [wugs] by the cord,The fierce [wug] by the cords,-6.660576820373535,-6.785576820373535,-10.971491813659668,-7.658991813659668,-7.423390865325928,-8.923391342163086,128
test,0,The round [wug] between the mirrors,The round [wugs] between the mirror,-5.609891891479492,-9.359891891479492,-9.288761138916016,-8.538761138916016,-8.535367012023926,-9.910367012023926,128
test,1,The round [wugs] between the mirror,The round [wug] between the mirrors,-8.538761138916016,-9.288761138916016,-9.359891891479492,-5.609891891479492,-6.408381462097168,-5.658381462097168,128
test,0,The curious [wug] atop the baskets,The curious [wugs] atop the basket,-2.9469492435455322,-6.071949005126953,-7.80768346786499,-4.18268346786499,-6.033454418182373,-4.908454418182373,128
test,1,The curious [wugs] atop the basket,The curious [wug] atop the baskets,-4.18268346786499,-7.80768346786499,-6.071949005126953,-2.9469492435455322,-3.559974431991577,-4.309974670410156,128
test,0,The strange [wug] above the hinges,The strange [wugs] above the hinge,-14.393555641174316,-15.643555641174316,-15.941001892089844,-12.691001892089844,-14.765067100524902,-13.390067100524902,128
test,1,The strange [wugs] above the hinge,The strange [wug] above the hinges,-12.691001892089844,-15.941001892089844,-15.643555641174316,-14.393555641174316,-13.58519458770752,-16.022693634033203,128
test,0,The restless [wug] below the wires,The restless [wugs] below the wire,-14.77308464050293,-16.02308464050293,-16.960174560546875,-13.491425514221191,-16.220840454101562,-14.158340454101562,128
test,1,The restless [wugs] below the wire,The restless [wug] below the wires,-13.491425514221191,-16.960174560546875,-16.02308464050293,-14.77308464050293,-13.722627639770508,-16.535127639770508,128
test,0,The tiny [wug] alongside the poles,The tiny [wugs] alongside the pole,-16.47109603881836,-19.15859603881836,-17.342620849609375,-15.030120849609375,-16.629457473754883,-16.379457473754883,128
test,1,The tiny [wugs] alongside the pole,The tiny [wug] alongside the poles,-15.030120849609375,-17.342620849609375,-19.15859603881836,-16.47109603881836,-17.011201858520508,-17.573701858520508,128
test,0,The wary [wug] atop the sacks,The wary [wugs] atop the sack,-13.297775268554688,-13.422775268554688,-16.632902145385742,-12.570402145385742,-15.378254890441895,-13.503254890441895,128
test,1,The wary [wugs] atop the sack,The wary [wug] atop the sacks,-12.570402145385742,-16.632902145385742,-13.422775268554688,-13.297775268554688,-11.825237274169922,-14.700237274169922,128
test,0,The spotted [wug] opposite the panels,The spotted [wugs] opposite the panel,-4.183703899383545,-6.433703899383545,-7.009694576263428,-4.509694576263428,-5.061794757843018,-5.811794757843018,128
test,1,The spotted [wugs] opposite the panel,The spotted [wug] opposite the panels,-4.509694576263428,-7.009694576263428,-6.433703899383545,-4.183703899383545,-4.094262599945068,-5.219262599945068,128
test,0,The wary [wug] by the beams,The wary [wugs] by the beam,-8.050896644592285,-9.925896644592285,-8.646397590637207,-7.771397590637207,-7.880604267120361,-9.13060474395752,128
test,1,The wary [wugs] by the beam,The wary [wug] by the beams,-7.771397590637207,-8.646397590637207,-9.925896644592285,-8.050896644592285,-8.442415237426758,-8.692415237426758,128
test,0,The gentle [wug] beside the sacks,The gentle [wugs] beside the sack,-6.765562534332275,-8.265562057495117,-8.067849159240723,-4.692849636077881,-6.560116767883301,-5.935116767883301,128
test,1,The gentle [wugs] beside the sack,The gentle [wug] beside the sacks,-4.692849636077881,-8.067849159240723,-8.265562057495117,-6.765562534332275,-6.07733678817749,-8.577337265014648,128
test,0,The lively [wug] opposite the hooks,The lively [wugs] opposite the hook,-15.650444030761719,-16.33794403076172,-16.23187255859375,-13.950621604919434,-15.434537887573242,-14.528287887573242,128
test,1,The lively [wugs] opposite the hook,The lively [wug] opposite the hooks,-13.950621604919434,-16.23187255859375,-16.33794403076172,-15.650444030761719,-14.754109382629395,-16.06661033630371,128
test,0,The wary [wug] below the heaps,The wary [wugs] below the heap,-7.291802883148193,-9.041803359985352,-8.770074844360352,-5.64507532119751,-7.255145072937012,-6.505145072937012,128
test,1,The wary [wugs] below the heap,The wary [wug] below the heaps,-5.64507532119751,-8.770074844360352,-9.041803359985352,-7.291802883148193,-7.489740371704102,-8.239740371704102,128
test,0,The sturdy [wug] beside the sacks,The sturdy [wugs] beside the sack,-16.622093200683594,-17.059593200683594,-15.755967140197754,-15.224717140197754,-15.185953140258789,-15.498453140258789,128
test,1,The sturdy [wugs] beside the sack,The sturdy [wug] beside the sacks,-15.224717140197754,-15.755967140197754,-17.059593200683594,-16.622093200683594,-16.191287994384766,-17.503787994384766,128
test,0,The round [wug] by the buckets,The round [wugs] by the bucket,-5.349700450897217,-7.599700450897217,-5.76777458190918,-3.517774820327759,-4.942639350891113,-5.317639350891113,128
test,1,The round [wugs] by the bucket,The round [wug] by the buckets,-3.517774820327759,-5.76777458190918,-7.599700450897217,-5.349700450897217,-5.572571754455566,-5.822571754455566,128
test,0,The fierce [wug] by the beams,The fierce [wugs] by the beam,-7.24039888381958,-9.365399360656738,-7.668148040771484,-6.793148040771484,-6.929271221160889,-8.42927074432373,128
test,1,The fierce [wugs] by the beam,The fierce [wug] by the beams,-6.793148040771484,-7.668148040771484,-9.365399360656738,-7.24039888381958,-7.069096565246582,-7.944096565246582,128
test,0,The wary [wug] below the ropes,The wary [wugs] below the rope,-6.801192283630371,-10.426192283630371,-8.345088958740234,-5.970089435577393,-7.142246723175049,-7.267246723175049,128
test,1,The wary [wugs] below the rope,The wary [wug] below the ropes,-5.970089435577393,-8.345088958740234,-10.426192283630371,-6.801192283630371,-7.20632266998291,-7.20632266998291,128
test,0,The gentle [wug] beside the panels,The gentle [wugs] beside the panel,-13.356356620788574,-14.856356620788574,-13.37626838684082,-11.00126838684082,-12.273615837097168,-12.336115837097168,128
test,1,The gentle [wugs] beside the panel,The gentle [wug] beside the panels,-11.00126838684082,-13.37626838684082,-14.856356620788574,-13.356356620788574,-12.468982696533203,-15.031482696533203,128
test,0,The gentle [wug] opposite the banks,The gentle [wugs] opposite the bank,-5.647988796234131,-9.022988319396973,-7.38944149017334,-3.76444149017334,-5.170535087585449,-5.670535087585449,128
test,1,The gentle [wugs] opposite the bank,The gentle [wug] opposite the banks,-3.76444149017334,-7.38944149017334,-9.022988319396973,-5.647988796234131,-5.44028902053833,-6.81528902053833,128
test,0,The gentle [wug] opposite the pillars,The gentle [wugs] opposite the pillar,-13.029748916625977,-14.904748916625977,-15.271751403808594,-11.959251403808594,-13.563681602478027,-13.063681602478027,128
test,1,The gentle [wugs] opposite the pillar,The gentle [wug] opposite the pillars,-11.959251403808594,-15.271751403808594,-14.904748916625977,-13.029748916625977,-12.541471481323242,-14.541471481323242,128
test,0,The clever [wug] opposite the sacks,The clever [wugs] opposite the sack,-11.317917823791504,-12.942917823791504,-13.536133766174316,-11.223633766174316,-12.156540870666504,-12.219040870666504,128
test,1,The clever [wugs] opposite the sack,The clever [wug] opposite the sacks,-11.223633766174316,-13.536133766174316,-12.942917823791504,-11.317917823791504,-11.634422302246094,-12.759422302246094,128
test,0,The bold [wug] by the slopes,The bold [wugs] by the slope,-5.774682521820068,-7.524682521820068,-6.370014190673828,-5.370014190673828,-5.5923686027526855,-5.9673686027526855,128
test,1,The bold [wugs] by the slope,The bold [wug] by the slopes,-5.370014190673828,-6.370014190673828,-7.524682521820068,-5.774682521820068,-5.882289886474609,-7.007289886474609,128
test,0,The spotted [wug] by the baskets,The spotted [wugs] by the basket,-12.37368106842041,-14.74868106842041,-12.22763442993164,-11.16513442993164,-11.19874382019043,-12.26124382019043,128
test,1,The spotted [wugs] by the basket,The spotted [wug] by the baskets,-11.16513442993164,-12.22763442993164,-14.74868106842041,-12.37368106842041,-13.48360824584961,-12.98360824584961,128
test,0,The wary [wug] beside the banks,The wary [wugs] beside the bank,-12.142386436462402,-14.579886436462402,-13.45934772491455,-10.20934772491455,-11.846092224121094,-11.658592224121094,128
test,1,The wary [wugs] beside the bank,The wary [wug] beside the banks,-10.20934772491455,-13.45934772491455,-14.579886436462402,-12.142386436462402,-12.999414443969727,-12.686914443969727,128
test,0,The bold [wug] alongside the baskets,The bold [wugs] alongside the basket,-3.066538095474243,-3.941538095474243,-5.543740272521973,-2.7937402725219727,-4.58638858795166,-4.21138858795166,128
test,1,The bold [wugs] alongside the basket,The bold [wug] alongside the baskets,-2.7937402725219727,-5.543740272521973,-3.941538095474243,-3.066538095474243,-2.1600027084350586,-4.410002708435059,128
test,0,The wary [wug] below the roots,The wary [wugs] below the root,-13.409761428833008,-15.909761428833008,-13.450597763061523,-13.700597763061523,-13.004621505737305,-14.317121505737305,128
test,1,The wary [wugs] below the root,The wary [wug] below the roots,-13.700597763061523,-13.450597763061523,-15.909761428833008,-13.409761428833008,-13.948004722595215,-14.073004722595215,128
test,0,The gentle [wug] opposite the poles,The gentle [wugs] opposite the pole,-18.29222297668457,-18.88597297668457,-19.421205520629883,-15.577455520629883,-18.813636779785156,-16.344886779785156,128
test,1,The gentle [wugs] opposite the pole,The gentle [wug] opposite the poles,-15.577455520629883,-19.421205520629883,-18.88597297668457,-18.29222297668457,-16.96026039123535,-19.21026039123535,128
test,0,The restless [wug] near the buckets,The restless [wugs] near the bucket,-15.248712539672852,-15.623712539672852,-14.076074600219727,-10.388574600219727,-13.702759742736816,-11.202759742736816,128
test,1,The restless [wugs] near the bucket,The restless [wug] near the buckets,-10.388574600219727,-14.076074600219727,-15.623712539672852,-15.248712539672852,-14.106006622314453,-15.918506622314453,128
test,0,The tiny [wug] alongside the bins,The tiny [wugs] alongside the bin,-4.8923540115356445,-8.642354011535645,-6.478923320770264,-4.353923320770264,-5.393031597137451,-6.393031597137451,128
test,1,The tiny [wugs] alongside the bin,The tiny [wug] alongside the bins,-4.353923320770264,-6.478923320770264,-8.642354011535645,-4.8923540115356445,-3.787688732147217,-6.537688732147217,128
test,0,The restless [wug] below the poles,The restless [wugs] below the pole,-16.015148162841797,-16.452648162841797,-15.522058486938477,-13.084558486938477,-15.604243278503418,-13.729243278503418,128
test,1,The restless [wugs] below the pole,The restless [wug] below the poles,-13.084558486938477,-15.522058486938477,-16.452648162841797,-16.015148162841797,-14.92681884765625,-16.61431884765625,128
test,0,The spotted [wug] atop the bulbs,The spotted [wugs] atop the bulb,-10.949045181274414,-13.074045181274414,-15.47990894317627,-13.54240894317627,-15.048696517944336,-13.861196517944336,128
test,1,The spotted [wugs] atop the bulb,The spotted [wug] atop the bulbs,-13.54240894317627,-15.47990894317627,-13.074045181274414,-10.949045181274414,-10.400649070739746,-11.963149070739746,128
test,0,The clever [wug] near the switches,The clever [wugs] near the switch,-7.1756486892700195,-10.55064868927002,-4.789425373077393,-3.1644253730773926,-4.0336198806762695,-6.2836198806762695,128
test,1,The clever [wugs] near the switch,The clever [wug] near the switches,-3.1644253730773926,-4.789425373077393,-10.55064868927002,-7.1756486892700195,-6.191234111785889,-8.31623363494873,128
test,0,The spotted [wug] opposite the fences,The spotted [wugs] opposite the fence,-16.19080352783203,-17.94080352783203,-16.636699676513672,-15.386698722839355,-15.991053581237793,-16.24105453491211,128
test,1,The spotted [wugs] opposite the fence,The spotted [wug] opposite the fences,-15.386698722839355,-16.636699676513672,-17.94080352783203,-16.19080352783203,-16.890552520751953,-16.578052520751953,128
test,0,The sturdy [wug] opposite the pillars,The sturdy [wugs] opposite the pillar,-16.206693649291992,-17.425443649291992,-15.832989692687988,-14.895489692687988,-15.497517585754395,-15.747517585754395,128
test,1,The sturdy [wugs] opposite the pillar,The sturdy [wug] opposite the pillars,-14.895489692687988,-15.832989692687988,-17.425443649291992,-16.206693649291992,-16.54646110534668,-16.67146110534668,128
test,0,The bold [wug] opposite the ponds,The bold [wugs] opposite the pond,-5.028104305267334,-6.778104305267334,-6.144400119781494,-3.019400119781494,-4.916435718536377,-4.416435718536377,128
test,1,The bold [wugs] opposite the pond,The bold [wug] opposite the ponds,-3.019400119781494,-6.144400119781494,-6.778104305267334,-5.028104305267334,-4.3485260009765625,-5.9735260009765625,128
test,0,The strange [wug] near the bushes,The strange [wugs] near the bush,-7.017091751098633,-11.704591751098633,-7.61441707611084,-4.11441707611084,-5.41778564453125,-5.41778564453125,128
test,1,The strange [wugs] near the bush,The strange [wug] near the bushes,-4.11441707611084,-7.61441707611084,-11.704591751098633,-7.017091751098633,-6.894604682922363,-9.394604682922363,128
test,0,The bold [wug] opposite the roots,The bold [wugs] opposite the root,-5.267775535583496,-6.392775535583496,-7.60468053817749,-7.60468053817749,-6.624124526977539,-8.499124526977539,128
test,1,The bold [wugs] opposite the root,The bold [wug] opposite the roots,-7.60468053817749,-7.60468053817749,-6.392775535583496,-5.267775535583496,-4.561102867126465,-6.186102867126465,128
test,0,The lively [wug] under the cabinets,The lively [wugs] under the cabinet,-16.293842315673828,-17.231342315673828,-18.480897903442383,-15.7621488571167,-17.442115783691406,-16.692115783691406,128
test,1,The lively [wugs] under the cabinet,The lively [wug] under the cabinets,-15.7621488571167,-18.480897903442383,-17.231342315673828,-16.293842315673828,-15.064090728759766,-16.689090728759766,128
test,0,The lively [wug] beside the straps,The lively [wugs] beside the strap,-20.307973861694336,-19.964223861694336,-18.43211555480957,-16.36961555480957,-18.357704162597656,-16.357704162597656,128
test,1,The lively [wugs] beside the strap,The lively [wug] beside the straps,-16.36961555480957,-18.43211555480957,-19.964223861694336,-20.307973861694336,-19.450403213500977,-20.106653213500977,128
test,0,The strange [wug] opposite the panels,The strange [wugs] opposite the panel,-6.994439125061035,-9.744439125061035,-8.738542556762695,-6.488542556762695,-7.132444858551025,-8.257444381713867,128
test,1,The strange [wugs] opposite the panel,The strange [wug] opposite the panels,-6.488542556762695,-8.738542556762695,-9.744439125061035,-6.994439125061035,-6.56201696395874,-8.687016487121582,128
test,0,The gentle [wug] near the bushes,The gentle [wugs] near the bush,-6.298085689544678,-9.79808521270752,-7.137780666351318,-3.6377806663513184,-5.682105541229248,-4.932105541229248,128
test,1,The gentle [wugs] near the bush,The gentle [wug] near the bushes,-3.6377806663513184,-7.137780666351318,-9.79808521270752,-6.298085689544678,-5.462162017822266,-8.212162017822266,128
test,0,The clumsy [wug] below the locks,The clumsy [wugs] below the lock,-6.373214244842529,-10.935714721679688,-6.572751998901367,-4.072751998901367,-5.695265769958496,-5.695265769958496,128
test,1,The clumsy [wugs] below the lock,The clumsy [wug] below the locks,-4.072751998901367,-6.572751998901367,-10.935714721679688,-6.373214244842529,-6.310124397277832,-7.685124397277832,128
test,0,The sturdy [wug] below the bins,The sturdy [wugs] below the bin,-2.892007827758789,-5.767007827758789,-5.369154930114746,-5.369154930114746,-4.692028999328613,-6.692028999328613,128
test,1,The sturdy [wugs] below the bin,The sturdy [wug] below the bins,-5.369154930114746,-5.369154930114746,-5.767007827758789,-2.892007827758789,-2.7878854274749756,-4.2878851890563965,128
test,0,The bold [wug] opposite the fences,The bold [wugs] opposite the fence,-13.542937278747559,-15.605437278747559,-14.657576560974121,-13.157576560974121,-13.605453491210938,-13.855453491210938,128
test,1,The bold [wugs] opposite the fence,The bold [wug] opposite the fences,-13.157576560974121,-14.657576560974121,-15.605437278747559,-13.542937278747559,-14.147778511047363,-14.460278511047363,128
test,0,The tiny [wug] opposite the straps,The tiny [wugs] opposite the strap,-5.484132289886475,-7.734132289886475,-6.895022869110107,-4.770022869110107,-5.511295318603516,-5.511295318603516,128
test,1,The tiny [wugs] opposite the strap,The tiny [wug] opposite the straps,-4.770022869110107,-6.895022869110107,-7.734132289886475,-5.484132289886475,-4.453908920288086,-7.078908920288086,128
test,0,The shy [wug] near the slopes,The shy [wugs] near the slope,-17.969524383544922,-18.032024383544922,-16.80672836303711,-14.712977409362793,-17.06102180480957,-15.748520851135254,128
test,1,The shy [wugs] near the slope,The shy [wug] near the slopes,-14.712977409362793,-16.80672836303711,-18.032024383544922,-17.969524383544922,-16.98877716064453,-18.52002716064453,128
test,0,The restless [wug] opposite the pillars,The restless [wugs] opposite the pillar,-15.397147178649902,-15.022147178649902,-16.41716766357422,-12.917168617248535,-16.317882537841797,-13.692882537841797,128
test,1,The restless [wugs] opposite the pillar,The restless [wug] opposite the pillars,-12.917168617248535,-16.41716766357422,-15.022147178649902,-15.397147178649902,-13.861000061035156,-15.923500061035156,128
test,0,The clever [wug] below the doors,The clever [wugs] below the door,-14.146469116210938,-16.146469116210938,-12.921813011169434,-10.609313011169434,-12.151199340820312,-12.588699340820312,128
test,1,The clever [wugs] below the door,The clever [wug] below the doors,-10.609313011169434,-12.921813011169434,-16.146469116210938,-14.146469116210938,-14.019739151000977,-15.082239151000977,128
test,0,The round [wug] under the sofas,The round [wugs] under the sofa,-11.595747947692871,-14.095747947692871,-9.910197257995605,-7.8476972579956055,-9.86955738067627,-10.24455738067627,128
test,1,The round [wugs] under the sofa,The round [wug] under the sofas,-7.8476972579956055,-9.910197257995605,-14.095747947692871,-11.595747947692871,-11.982837677001953,-11.482837677001953,128
test,0,The clumsy [wug] beside the gates,The clumsy [wugs] beside the gate,-6.721564292907715,-11.846564292907715,-9.067001342773438,-5.442001819610596,-7.884130477905273,-6.509130477905273,128
test,1,The clumsy [wugs] beside the gate,The clumsy [wug] beside the gates,-5.442001819610596,-9.067001342773438,-11.846564292907715,-6.721564292907715,-6.755075931549072,-8.13007640838623,128
test,0,The clever [wug] near the knobs,The clever [wugs] near the knob,-12.841475486755371,-14.841475486755371,-14.278413772583008,-9.528413772583008,-12.96989917755127,-11.90739917755127,128
test,1,The clever [wugs] near the knob,The clever [wug] near the knobs,-9.528413772583008,-14.278413772583008,-14.841475486755371,-12.841475486755371,-12.103609085083008,-14.416109085083008,128
test,0,The curious [wug] under the boards,The curious [wugs] under the board,-18.455781936645508,-18.862031936645508,-19.922700881958008,-17.266450881958008,-19.451074600219727,-18.013574600219727,128
test,1,The curious [wugs] under the board,The curious [wug] under the boards,-17.266450881958008,-19.922700881958008,-18.862031936645508,-18.455781936645508,-17.833444595336914,-19.458444595336914,128
test,0,The fierce [wug] near the beams,The fierce [wugs] near the beam,-7.325026035308838,-9.07502555847168,-8.226750373840332,-6.10175085067749,-7.001209735870361,-8.00121021270752,128
test,1,The fierce [wugs] near the beam,The fierce [wug] near the beams,-6.10175085067749,-8.226750373840332,-9.07502555847168,-7.325026035308838,-6.4024739265441895,-8.402473449707031,128
test,0,The graceful [wug] under the panels,The graceful [wugs] under the panel,-16.367565155029297,-16.492565155029297,-15.41520881652832,-14.04020881652832,-15.611027717590332,-14.298527717590332,128
test,1,The graceful [wugs] under the panel,The graceful [wug] under the panels,-14.04020881652832,-15.41520881652832,-16.492565155029297,-16.367565155029297,-15.807209014892578,-16.244709014892578,128
