epoch,pair_index,global_step,phase,ce_loss,total_loss,grad_norm_wug,grad_norm_wugs,step_wug,step_wugs,norm_wug,norm_wugs,separation_l2,cosine
1,0,1,singular,16.544151306152344,16.544151306152344,159.0,0.00038909912109375,0.004302978515625,0.004241943359375,1.453125,1.453125,1.890625,0.1494140625
1,0,2,plural,9.88502025604248,9.88502025604248,7.915496826171875e-05,158.0,0.00017261505126953125,0.007568359375,1.453125,1.453125,1.890625,0.1494140625
1,1,3,singular,21.92778205871582,21.92778205871582,144.0,3.910064697265625e-05,0.006317138671875,0.0,1.453125,1.453125,1.890625,0.1494140625
1,1,4,plural,11.77221393585205,11.77221393585205,0.00020122528076171875,170.0,0.0,0.006500244140625,1.453125,1.453125,1.890625,0.1494140625
1,2,5,singular,11.98878002166748,11.98878002166748,156.0,0.00762939453125,0.0052490234375,0.0,1.453125,1.453125,1.890625,0.1494140625
1,2,6,plural,3.7416915893554688,3.7416915893554688,0.002960205078125,152.0,0.0,0.00653076171875,1.453125,1.453125,1.890625,0.150390625
1,3,7,singular,10.88707160949707,10.88707160949707,155.0,6.75,0.006927490234375,0.0001049041748046875,1.453125,1.453125,1.890625,0.150390625
1,3,8,plural,6.627121448516846,6.627121448516846,0.00012969970703125,146.0,0.0,0.005859375,1.453125,1.453125,1.890625,0.150390625
1,4,9,singular,15.048918724060059,15.048918724060059,167.0,0.000762939453125,0.006500244140625,0.0,1.453125,1.453125,1.890625,0.150390625
1,4,10,plural,3.0178613662719727,3.0178613662719727,0.006927490234375,148.0,5.587935447692871e-09,0.006195068359375,1.453125,1.453125,1.890625,0.150390625
1,5,11,singular,11.711263656616211,11.711263656616211,155.0,0.42578125,0.006195068359375,4.172325134277344e-06,1.453125,1.453125,1.890625,0.1513671875
1,5,12,plural,6.027629375457764,6.027629375457764,0.032470703125,163.0,0.0,0.0052490234375,1.453125,1.453125,1.890625,0.1513671875
1,6,13,singular,17.108867645263672,17.108867645263672,143.0,0.0020751953125,0.005859375,0.0,1.453125,1.453125,1.890625,0.1513671875
1,6,14,plural,4.815006732940674,4.815006732940674,0.00482177734375,144.0,0.0,0.0059814453125,1.453125,1.453125,1.890625,0.1513671875
1,7,15,singular,10.375184059143066,10.375184059143066,164.0,1.7109375,0.00439453125,1.1146068572998047e-05,1.453125,1.453125,1.890625,0.1513671875
1,7,16,plural,10.566245079040527,10.566245079040527,2.300739288330078e-05,159.0,0.0,0.00677490234375,1.453125,1.453125,1.890625,0.1513671875
1,8,17,singular,15.41823959350586,15.41823959350586,160.0,0.000885009765625,0.006134033203125,0.0,1.453125,1.453125,1.890625,0.1513671875
1,8,18,plural,3.2994093894958496,3.2994093894958496,0.0634765625,150.0,3.725290298461914e-09,0.004608154296875,1.453125,1.453125,1.890625,0.1513671875
1,9,19,singular,9.257843971252441,9.257843971252441,155.0,23.75,0.007080078125,0.000885009765625,1.453125,1.453125,1.890625,0.1513671875
1,9,20,plural,3.377859592437744,3.377859592437744,0.029541015625,159.0,0.0,0.005462646484375,1.453125,1.453125,1.890625,0.1513671875
1,10,21,singular,16.98847198486328,16.98847198486328,164.0,0.0096435546875,0.006072998046875,0.0,1.453125,1.453125,1.890625,0.1513671875
1,10,22,plural,5.678897857666016,5.678897857666016,0.00043487548828125,148.0,0.0,0.006134033203125,1.453125,1.453125,1.890625,0.1513671875
1,11,23,singular,8.550254821777344,8.550254821777344,155.0,29.125,0.0068359375,0.00136566162109375,1.453125,1.453125,1.890625,0.1513671875
1,11,24,plural,11.017888069152832,11.017888069152832,0.00017833709716796875,170.0,0.0,0.006256103515625,1.453125,1.453125,1.890625,0.15234375
1,12,25,singular,16.310073852539062,16.310073852539062,154.0,0.004791259765625,0.0072021484375,0.0,1.453125,1.453125,1.890625,0.15234375
1,12,26,plural,2.825444459915161,2.825444459915161,0.033447265625,147.0,2.9802322387695312e-08,0.005615234375,1.453125,1.453125,1.890625,0.15234375
1,13,27,singular,9.656234741210938,9.656234741210938,143.0,2.234375,0.005523681640625,3.075599670410156e-05,1.453125,1.453125,1.890625,0.15234375
1,13,28,plural,5.503263473510742,5.503263473510742,0.015625,173.0,0.0,0.004638671875,1.453125,1.453125,1.890625,0.15234375
1,14,29,singular,14.59596061706543,14.59596061706543,143.0,0.10498046875,0.00665283203125,4.76837158203125e-07,1.453125,1.453125,1.890625,0.15234375
1,14,30,plural,1.3823918104171753,1.3823918104171753,0.08544921875,116.5,2.9243528842926025e-07,0.0064697265625,1.453125,1.453125,1.890625,0.1533203125
2,0,31,singular,14.033557891845703,14.033557891845703,143.0,0.11865234375,0.00634765625,6.742775440216064e-07,1.453125,1.453125,1.890625,0.1533203125
2,0,32,plural,1.0333693027496338,1.0333693027496338,0.09423828125,100.0,3.241002559661865e-07,0.005462646484375,1.453125,1.453125,1.890625,0.1533203125
2,1,33,singular,14.952669143676758,14.952669143676758,143.0,0.00927734375,0.0059814453125,0.0,1.453125,1.453125,1.890625,0.1533203125
2,1,34,plural,3.9209275245666504,3.9209275245666504,0.142578125,160.0,2.980232238769531e-07,0.006072998046875,1.453125,1.453125,1.890625,0.1533203125
2,2,35,singular,13.793259620666504,13.793259620666504,160.0,0.00396728515625,0.005950927734375,0.0,1.453125,1.453125,1.890625,0.1533203125
2,2,36,plural,0.6777087450027466,0.6777087450027466,0.0927734375,76.5,2.3096799850463867e-07,0.00439453125,1.453125,1.453125,1.890625,0.1533203125
2,3,37,singular,15.363594055175781,15.363594055175781,164.0,0.0296630859375,0.005950927734375,0.0,1.453125,1.453125,1.890625,0.1533203125
2,3,38,plural,2.51633358001709,2.51633358001709,0.03955078125,134.0,5.3783878684043884e-08,0.006683349609375,1.453125,1.453125,1.890625,0.1533203125
2,4,39,singular,14.310145378112793,14.310145378112793,154.0,0.0157470703125,0.007049560546875,0.0,1.453125,1.453125,1.890625,0.154296875
2,4,40,plural,4.190736293792725,4.190736293792725,0.0020599365234375,147.0,0.0,0.006805419921875,1.453125,1.453125,1.890625,0.154296875
2,5,41,singular,7.377238750457764,7.377238750457764,155.0,107.0,0.00677490234375,0.0059814453125,1.453125,1.453125,1.890625,0.154296875
2,5,42,plural,6.261886119842529,6.261886119842529,0.0012359619140625,158.0,0.0,0.00775146484375,1.453125,1.453125,1.890625,0.154296875
2,6,43,singular,7.80814266204834,7.80814266204834,143.0,5.9375,0.005462646484375,0.0001277923583984375,1.453125,1.453125,1.890625,0.154296875
2,6,44,plural,1.2343472242355347,1.2343472242355347,0.443359375,109.5,8.754432201385498e-07,0.0036468505859375,1.453125,1.453125,1.890625,0.154296875
2,7,45,singular,7.9939985275268555,7.9939985275268555,164.0,10.5625,0.004302978515625,0.000152587890625,1.453125,1.453125,1.890625,0.154296875
2,7,46,plural,3.1687793731689453,3.1687793731689453,0.002655029296875,140.0,0.0,0.006378173828125,1.453125,1.453125,1.890625,0.154296875
2,8,47,singular,7.675614356994629,7.675614356994629,155.0,4.4375,0.006500244140625,0.00011730194091796875,1.453125,1.453125,1.890625,0.1552734375
2,8,48,plural,0.4199206531047821,0.4199206531047821,0.3671875,53.5,2.3990869522094727e-06,0.002838134765625,1.453125,1.453125,1.890625,0.1552734375
2,9,49,singular,10.549031257629395,10.549031257629395,167.0,0.01531982421875,0.006927490234375,0.0,1.453125,1.453125,1.890625,0.1552734375
2,9,50,plural,1.1476178169250488,1.1476178169250488,0.1787109375,107.0,6.07222318649292e-07,0.004791259765625,1.453125,1.453125,1.890625,0.1552734375
2,10,51,singular,16.86529541015625,16.86529541015625,144.0,0.00177764892578125,0.00689697265625,0.0,1.453125,1.453125,1.890625,0.1552734375
2,10,52,plural,4.017680644989014,4.017680644989014,0.07373046875,171.0,0.0,0.005218505859375,1.453125,1.453125,1.890625,0.1552734375
2,11,53,singular,8.239802360534668,8.239802360534668,156.0,0.126953125,0.0050048828125,1.685693860054016e-07,1.453125,1.453125,1.890625,0.1552734375
2,11,54,plural,8.143172264099121,8.143172264099121,0.00191497802734375,170.0,2.7939677238464355e-09,0.007080078125,1.453125,1.453125,1.890625,0.1552734375
2,12,55,singular,11.481758117675781,11.481758117675781,159.0,0.01556396484375,0.0059814453125,1.4901161193847656e-08,1.453125,1.453125,1.890625,0.1552734375
2,12,56,plural,6.567632675170898,6.567632675170898,0.0011749267578125,159.0,0.0,0.007720947265625,1.453125,1.453125,1.890625,0.15625
2,13,57,singular,6.051854133605957,6.051854133605957,155.0,130.0,0.006927490234375,0.0067138671875,1.453125,1.453125,1.890625,0.15625
2,13,58,plural,1.2027249336242676,1.2027249336242676,0.29296875,115.0,8.009374141693115e-07,0.00408935546875,1.453125,1.453125,1.890625,0.15625
2,14,59,singular,5.029884338378906,5.029884338378906,154.0,118.0,0.006622314453125,0.0057373046875,1.453125,1.453125,1.890625,0.15625
2,14,60,plural,6.398990631103516,6.398990631103516,0.0205078125,170.0,4.470348358154297e-08,0.006988525390625,1.453125,1.453125,1.890625,0.15625
3,0,61,singular,8.799235343933105,8.799235343933105,167.0,0.0284423828125,0.00665283203125,0.0,1.453125,1.453125,1.890625,0.15625
3,0,62,plural,0.35784971714019775,0.35784971714019775,2.90625,46.75,2.8848648071289062e-05,0.0020294189453125,1.453125,1.453125,1.890625,0.15625
3,1,63,singular,4.07186222076416,4.07186222076416,153.0,113.0,0.006378173828125,0.005340576171875,1.4609375,1.453125,1.890625,0.15625
3,1,64,plural,6.068552017211914,6.068552017211914,0.0024871826171875,158.0,0.0,0.0067138671875,1.4609375,1.453125,1.890625,0.15625
3,2,65,singular,12.676549911499023,12.676549911499023,164.0,0.10400390625,0.006011962890625,0.0,1.453125,1.453125,1.890625,0.1572265625
3,2,66,plural,0.4816560745239258,0.4816560745239258,0.34765625,60.0,1.125037670135498e-06,0.00225830078125,1.453125,1.453125,1.890625,0.1572265625
3,3,67,singular,7.115878582000732,7.115878582000732,156.0,0.2080078125,0.005157470703125,0.0,1.4609375,1.453125,1.890625,0.15625
3,3,68,plural,2.2831108570098877,2.2831108570098877,0.01220703125,134.0,0.0,0.005889892578125,1.4609375,1.453125,1.890625,0.15625
3,4,69,singular,10.102187156677246,10.102187156677246,143.0,0.98828125,0.006866455078125,1.5735626220703125e-05,1.4609375,1.453125,1.890625,0.15625
3,4,70,plural,0.38936370611190796,0.38936370611190796,7.625,50.0,0.0001220703125,0.00250244140625,1.4609375,1.453125,1.890625,0.15625
3,5,71,singular,9.856844902038574,9.856844902038574,159.0,0.022705078125,0.00592041015625,0.0,1.4609375,1.453125,1.890625,0.15625
3,5,72,plural,3.9053730964660645,3.9053730964660645,0.0101318359375,155.0,0.0,0.0078125,1.4609375,1.453125,1.890625,0.15625
3,6,73,singular,11.328232765197754,11.328232765197754,143.0,0.08837890625,0.00616455078125,0.0,1.4609375,1.453125,1.890625,0.15625
3,6,74,plural,0.8124130368232727,0.8124130368232727,0.71875,91.5,3.2633543014526367e-06,0.00347900390625,1.4609375,1.453125,1.890625,0.15625
3,7,75,singular,5.62288236618042,5.62288236618042,163.0,28.5,0.00439453125,0.00067138671875,1.4609375,1.453125,1.890625,0.1572265625
3,7,76,plural,1.3139829635620117,1.3139829635620117,0.0203857421875,107.0,0.0,0.0054931640625,1.4609375,1.453125,1.890625,0.15625
3,8,77,singular,9.230993270874023,9.230993270874023,160.0,0.02587890625,0.006103515625,0.0,1.4609375,1.453125,1.890625,0.1572265625
3,8,78,plural,0.40786024928092957,0.40786024928092957,0.349609375,48.5,2.0265579223632812e-06,0.0025634765625,1.4609375,1.453125,1.890625,0.1572265625
3,9,79,singular,2.8784570693969727,2.8784570693969727,147.0,121.0,0.006988525390625,0.00677490234375,1.4609375,1.453125,1.890625,0.1572265625
3,9,80,plural,1.3626611232757568,1.3626611232757568,5.0,121.5,5.984306335449219e-05,0.0048828125,1.4609375,1.453125,1.890625,0.1572265625
3,10,81,singular,2.0379281044006348,2.0379281044006348,135.0,102.5,0.006256103515625,0.005523681640625,1.4609375,1.453125,1.890625,0.1572265625
3,10,82,plural,0.7195435166358948,0.7195435166358948,40.25,79.5,0.0012359619140625,0.0040283203125,1.4609375,1.453125,1.890625,0.1572265625
3,11,83,singular,4.084583759307861,4.084583759307861,141.0,22.875,0.00592041015625,0.0010528564453125,1.4609375,1.453125,1.890625,0.1572265625
3,11,84,plural,4.905529975891113,4.905529975891113,0.150390625,169.0,5.327165126800537e-07,0.00762939453125,1.4609375,1.453125,1.890625,0.1572265625
3,12,85,singular,8.935931205749512,8.935931205749512,154.0,0.11572265625,0.00738525390625,5.327165126800537e-07,1.4609375,1.453125,1.890625,0.158203125
3,12,86,plural,6.269920349121094,6.269920349121094,0.0264892578125,170.0,0.0,0.0064697265625,1.4609375,1.453125,1.890625,0.158203125
3,13,87,singular,3.2824888229370117,3.2824888229370117,149.0,13.9375,0.006195068359375,0.00058746337890625,1.4609375,1.453125,1.890625,0.158203125
3,13,88,plural,0.15809158980846405,0.15809158980846405,2.140625,22.75,1.1026859283447266e-05,0.000621795654296875,1.4609375,1.453125,1.890625,0.158203125
3,14,89,singular,13.052840232849121,13.052840232849121,144.0,0.00799560546875,0.007049560546875,0.0,1.4609375,1.453125,1.890625,0.158203125
3,14,90,plural,2.1302013397216797,2.1302013397216797,0.70703125,154.0,1.773238182067871e-06,0.00482177734375,1.4609375,1.453125,1.890625,0.158203125
4,0,91,singular,7.485378265380859,7.485378265380859,143.0,2.078125,0.006622314453125,8.058547973632812e-05,1.4609375,1.453125,1.890625,0.158203125
4,0,92,plural,2.4732728004455566,2.4732728004455566,0.032958984375,145.0,6.658956408500671e-08,0.0078125,1.4609375,1.453125,1.890625,0.158203125
4,1,93,singular,5.304491996765137,5.304491996765137,166.0,0.099609375,0.006591796875,0.0,1.4609375,1.453125,1.890625,0.1591796875
4,1,94,plural,0.19487978518009186,0.19487978518009186,0.80859375,25.75,5.424022674560547e-06,0.00140380859375,1.4609375,1.453125,1.890625,0.1591796875
4,2,95,singular,7.606573104858398,7.606573104858398,160.0,0.0546875,0.0057373046875,5.21540641784668e-08,1.4609375,1.453125,1.890625,0.1591796875
4,2,96,plural,0.7290666103363037,0.7290666103363037,66.0,80.5,0.0030670166015625,0.00531005859375,1.4609375,1.453125,1.890625,0.1591796875
4,3,97,singular,2.285435199737549,2.285435199737549,139.0,20.25,0.005615234375,0.00115966796875,1.4609375,1.453125,1.890625,0.1591796875
4,3,98,plural,5.273383140563965,5.273383140563965,0.0634765625,169.0,2.4586915969848633e-07,0.007080078125,1.4609375,1.453125,1.890625,0.16015625
4,4,99,singular,4.0248918533325195,4.0248918533325195,160.0,59.0,0.004150390625,0.0020751953125,1.4609375,1.453125,1.890625,0.16015625
4,4,100,plural,0.0876302570104599,0.0876302570104599,2.59375,13.0625,2.1696090698242188e-05,0.0003604888916015625,1.4609375,1.453125,1.890625,0.16015625
4,5,101,singular,1.1107029914855957,1.1107029914855957,104.5,96.0,0.005218505859375,0.006134033203125,1.4609375,1.453125,1.890625,0.16015625
4,5,102,plural,0.08616744726896286,0.08616744726896286,0.96875,12.875,4.410743713378906e-06,0.0004119873046875,1.4609375,1.453125,1.890625,0.16015625
4,6,103,singular,2.082608222961426,2.082608222961426,125.0,33.25,0.005340576171875,0.00213623046875,1.4609375,1.453125,1.890625,0.16015625
4,6,104,plural,3.5945334434509277,3.5945334434509277,0.07080078125,155.0,0.0,0.008056640625,1.4609375,1.453125,1.890625,0.16015625
4,7,105,singular,8.267036437988281,8.267036437988281,143.0,0.2392578125,0.0064697265625,9.611248970031738e-07,1.4609375,1.453125,1.890625,0.16015625
4,7,106,plural,0.4635654091835022,0.4635654091835022,10.875,60.75,0.00023937225341796875,0.0026092529296875,1.4609375,1.453125,1.890625,0.16015625
4,8,107,singular,8.866767883300781,8.866767883300781,164.0,0.52734375,0.006378173828125,4.6193599700927734e-06,1.4609375,1.453125,1.890625,0.16015625
4,8,108,plural,1.4176006317138672,1.4176006317138672,2.09375,132.0,9.179115295410156e-06,0.00457763671875,1.4609375,1.453125,1.890625,0.16015625
4,9,109,singular,10.802906036376953,10.802906036376953,144.0,0.014892578125,0.007171630859375,1.4901161193847656e-08,1.4609375,1.453125,1.890625,0.16015625
4,9,110,plural,1.1732972860336304,1.1732972860336304,102.0,107.5,0.005126953125,0.006988525390625,1.4609375,1.453125,1.890625,0.16015625
4,10,111,singular,3.893031120300293,3.893031120300293,153.0,1.3203125,0.005035400390625,1.0848045349121094e-05,1.4609375,1.453125,1.890625,0.16015625
4,10,112,plural,2.6041674613952637,2.6041674613952637,0.8046875,157.0,3.4570693969726562e-06,0.00799560546875,1.4609375,1.4609375,1.890625,0.16015625
4,11,113,singular,1.0036401748657227,1.0036401748657227,98.5,94.0,0.00494384765625,0.00555419921875,1.4609375,1.453125,1.890625,0.1611328125
4,11,114,plural,0.24020957946777344,0.24020957946777344,3.453125,35.25,3.6716461181640625e-05,0.001556396484375,1.4609375,1.453125,1.890625,0.1611328125
4,12,115,singular,5.860432147979736,5.860432147979736,158.0,0.1474609375,0.0062255859375,0.0,1.46875,1.453125,1.890625,0.16015625
4,12,116,plural,0.31472015380859375,0.31472015380859375,0.181640625,39.5,1.0058283805847168e-06,0.0025634765625,1.46875,1.453125,1.890625,0.16015625
4,13,117,singular,0.5002113580703735,0.5002113580703735,61.25,57.0,0.0030670166015625,0.00347900390625,1.46875,1.453125,1.890625,0.16015625
4,13,118,plural,1.3371926546096802,1.3371926546096802,111.0,114.5,0.0057373046875,0.00689697265625,1.4609375,1.4609375,1.890625,0.16015625
4,14,119,singular,5.5672607421875,5.5672607421875,153.0,0.515625,0.00738525390625,1.049041748046875e-05,1.46875,1.4609375,1.890625,0.16015625
4,14,120,plural,0.4479867219924927,0.4479867219924927,0.2080078125,53.75,3.371387720108032e-07,0.0034942626953125,1.46875,1.4609375,1.890625,0.16015625
5,0,121,singular,3.166649580001831,3.166649580001831,149.0,1.46875,0.00494384765625,1.609325408935547e-05,1.46875,1.4609375,1.890625,0.16015625
5,0,122,plural,0.8468244671821594,0.8468244671821594,85.5,88.5,0.004119873046875,0.005859375,1.46875,1.4609375,1.890625,0.16015625
5,1,123,singular,1.0725651979446411,1.0725651979446411,102.0,99.5,0.004913330078125,0.00616455078125,1.46875,1.4609375,1.890625,0.16015625
5,1,124,plural,0.1966775506734848,0.1966775506734848,3.59375,29.375,3.62396240234375e-05,0.00160980224609375,1.46875,1.4609375,1.890625,0.16015625
5,2,125,singular,9.553046226501465,9.553046226501465,144.0,0.02783203125,0.00726318359375,0.0,1.46875,1.4609375,1.890625,0.16015625
5,2,126,plural,0.9811143279075623,0.9811143279075623,0.1298828125,99.0,0.0,0.007354736328125,1.46875,1.4609375,1.890625,0.16015625
5,3,127,singular,5.112823486328125,5.112823486328125,159.0,0.16796875,0.006103515625,6.742775440216064e-07,1.46875,1.4609375,1.890625,0.16015625
5,3,128,plural,3.6705570220947266,3.6705570220947266,0.314453125,166.0,5.066394805908203e-07,0.007476806640625,1.46875,1.4609375,1.890625,0.1611328125
5,4,129,singular,4.205004692077637,4.205004692077637,151.0,0.74609375,0.00714111328125,1.4424324035644531e-05,1.46875,1.4609375,1.890625,0.1611328125
5,4,130,plural,0.26507100462913513,0.26507100462913513,0.25,34.5,5.923211574554443e-07,0.002166748046875,1.46875,1.4609375,1.890625,0.1611328125
5,5,131,singular,4.371101379394531,4.371101379394531,157.0,0.271484375,0.00579833984375,2.4884939193725586e-06,1.46875,1.4609375,1.890625,0.1611328125
5,5,132,plural,0.04549485817551613,0.04549485817551613,4.46875,6.90625,5.91278076171875e-05,0.00019741058349609375,1.46875,1.4609375,1.890625,0.1611328125
5,6,133,singular,0.440185010433197,0.440185010433197,55.25,53.5,0.00274658203125,0.003814697265625,1.46875,1.4609375,1.890625,0.1611328125
5,6,134,plural,1.8640193939208984,1.8640193939208984,0.58203125,134.0,3.129243850708008e-06,0.0079345703125,1.46875,1.4609375,1.890625,0.1611328125
5,7,135,singular,1.9549880027770996,1.9549880027770996,144.0,0.4921875,0.00665283203125,8.64267349243164e-06,1.46875,1.4609375,1.8984375,0.1611328125
5,7,136,plural,1.4142369031906128,1.4142369031906128,116.5,118.0,0.005889892578125,0.007232666015625,1.46875,1.4609375,1.890625,0.162109375
5,8,137,singular,0.3984401226043701,0.3984401226043701,51.0,20.375,0.0025177001953125,0.00122833251953125,1.46875,1.4609375,1.890625,0.162109375
5,8,138,plural,0.017844490706920624,0.017844490706920624,1.03125,2.765625,7.12275505065918e-06,5.030632019042969e-05,1.46875,1.4609375,1.890625,0.162109375
5,9,139,singular,6.625914573669434,6.625914573669434,164.0,1.8203125,0.00640869140625,3.2901763916015625e-05,1.46875,1.4609375,1.890625,0.162109375
5,9,140,plural,0.03254196047782898,0.03254196047782898,1.5625,4.65625,2.181529998779297e-05,0.00017261505126953125,1.46875,1.4609375,1.890625,0.162109375
5,10,141,singular,2.3025612831115723,2.3025612831115723,147.0,94.0,0.00421142578125,0.004302978515625,1.46875,1.4609375,1.890625,0.162109375
5,10,142,plural,1.060681939125061,1.060681939125061,101.0,101.5,0.005279541015625,0.006988525390625,1.46875,1.4609375,1.890625,0.162109375
5,11,143,singular,3.4683995246887207,3.4683995246887207,139.0,12.1875,0.006927490234375,0.00107574462890625,1.46875,1.4609375,1.890625,0.162109375
5,11,144,plural,0.6748712062835693,0.6748712062835693,7.28125,85.5,7.677078247070312e-05,0.0037841796875,1.46875,1.4609375,1.890625,0.162109375
5,12,145,singular,5.153392314910889,5.153392314910889,142.0,1.0625,0.0062255859375,2.2292137145996094e-05,1.46875,1.4609375,1.890625,0.162109375
5,12,146,plural,0.09127235412597656,0.09127235412597656,0.330078125,12.8125,1.169741153717041e-06,0.000926971435546875,1.46875,1.4609375,1.890625,0.162109375
5,13,147,singular,0.44970083236694336,0.44970083236694336,51.75,33.5,0.0023193359375,0.0028533935546875,1.46875,1.4609375,1.8984375,0.162109375
5,13,148,plural,0.20508520305156708,0.20508520305156708,20.5,30.375,0.00057220458984375,0.00194549560546875,1.46875,1.4609375,1.8984375,0.162109375
5,14,149,singular,0.6985107660293579,0.6985107660293579,78.5,77.5,0.004364013671875,0.00634765625,1.46875,1.4609375,1.8984375,0.162109375
5,14,150,plural,1.1720058917999268,1.1720058917999268,3.359375,117.5,6.4849853515625e-05,0.00799560546875,1.46875,1.4609375,1.8984375,0.1630859375
6,0,151,singular,0.3425758183002472,0.3425758183002472,41.5,25.75,0.00201416015625,0.00191497802734375,1.46875,1.4609375,1.8984375,0.1630859375
6,0,152,plural,1.059141993522644,1.059141993522644,101.0,101.5,0.00592041015625,0.007049560546875,1.46875,1.4609375,1.890625,0.1630859375
6,1,153,singular,0.27000096440315247,0.27000096440315247,36.75,18.125,0.0020751953125,0.0013427734375,1.46875,1.4609375,1.890625,0.1630859375
6,1,154,plural,0.5127681493759155,0.5127681493759155,6.6875,69.5,9.012222290039062e-05,0.003173828125,1.46875,1.4609375,1.890625,0.1630859375
6,2,155,singular,0.979277491569519,0.979277491569519,97.0,96.5,0.005828857421875,0.00665283203125,1.46875,1.4609375,1.8984375,0.1630859375
6,2,156,plural,0.9434642791748047,0.9434642791748047,0.8828125,97.0,1.4066696166992188e-05,0.006866455078125,1.46875,1.4609375,1.8984375,0.1630859375
6,3,157,singular,1.0900722742080688,1.0900722742080688,111.0,0.70703125,0.00640869140625,1.621246337890625e-05,1.46875,1.4609375,1.8984375,0.1630859375
6,3,158,plural,0.6023934483528137,0.6023934483528137,2.796875,77.0,8.487701416015625e-05,0.0052490234375,1.46875,1.4609375,1.8984375,0.1630859375
6,4,159,singular,2.3035643100738525,2.3035643100738525,129.0,12.6875,0.00750732421875,0.00118255615234375,1.46875,1.4609375,1.8984375,0.1630859375
6,4,160,plural,0.13145281374454498,0.13145281374454498,15.125,20.125,0.00048828125,0.00092315673828125,1.46875,1.4609375,1.8984375,0.1630859375
6,5,161,singular,1.6924915313720703,1.6924915313720703,134.0,93.0,0.00457763671875,0.004364013671875,1.46875,1.4609375,1.8984375,0.1630859375
6,5,162,plural,1.5049998760223389,1.5049998760223389,120.0,121.0,0.006805419921875,0.00787353515625,1.46875,1.4609375,1.8984375,0.1640625
6,6,163,singular,6.804486274719238,6.804486274719238,144.0,0.0859375,0.007781982421875,0.0,1.46875,1.4609375,1.8984375,0.1640625
6,6,164,plural,1.8267927169799805,1.8267927169799805,1.203125,143.0,7.420778274536133e-06,0.0072021484375,1.46875,1.4609375,1.8984375,0.1640625
6,7,165,singular,2.6808552742004395,2.6808552742004395,149.0,0.6171875,0.00634765625,9.119510650634766e-06,1.46875,1.4609375,1.8984375,0.1640625
6,7,166,plural,0.0870627611875534,0.0870627611875534,0.6328125,12.4375,2.2798776626586914e-06,0.000797271728515625,1.46875,1.4609375,1.8984375,0.1640625
6,8,167,singular,0.6956841945648193,0.6956841945648193,77.5,77.5,0.004180908203125,0.0054931640625,1.46875,1.4609375,1.8984375,0.1640625
6,8,168,plural,0.10530830919742584,0.10530830919742584,8.375,16.5,0.00015163421630859375,0.000865936279296875,1.46875,1.4609375,1.8984375,0.1640625
6,9,169,singular,4.641462326049805,4.641462326049805,163.0,2.96875,0.00665283203125,0.00012969970703125,1.46875,1.4609375,1.8984375,0.1640625
6,9,170,plural,0.05930645018815994,0.05930645018815994,8.25,8.9375,0.00012969970703125,0.000370025634765625,1.46875,1.4609375,1.8984375,0.1640625
6,10,171,singular,0.9116663932800293,0.9116663932800293,93.5,3.125,0.003936767578125,0.00010061264038085938,1.46875,1.4609375,1.8984375,0.1640625
6,10,172,plural,0.01824161969125271,0.01824161969125271,2.1875,2.828125,2.5272369384765625e-05,0.00010061264038085938,1.46875,1.4609375,1.8984375,0.1640625
6,11,173,singular,3.1916847229003906,3.1916847229003906,137.0,1.3046875,0.006744384765625,3.886222839355469e-05,1.46875,1.4609375,1.8984375,0.1640625
6,11,174,plural,0.183214470744133,0.183214470744133,0.2890625,26.375,2.0265579223632812e-06,0.0036163330078125,1.46875,1.4609375,1.8984375,0.1650390625
6,12,175,singular,1.6902716159820557,1.6902716159820557,130.0,0.609375,0.00579833984375,1.1801719665527344e-05,1.4765625,1.4609375,1.8984375,0.1640625
6,12,176,plural,1.7029399871826172,1.7029399871826172,127.0,127.0,0.00677490234375,0.00927734375,1.46875,1.4609375,1.8984375,0.1650390625
6,13,177,singular,1.19753098487854,1.19753098487854,107.5,2.96875,0.0062255859375,0.0002193450927734375,1.46875,1.4609375,1.8984375,0.1650390625
6,13,178,plural,0.043778855353593826,0.043778855353593826,0.83203125,6.25,6.794929504394531e-06,0.00052642822265625,1.46875,1.4609375,1.8984375,0.1650390625
6,14,179,singular,0.694686770439148,0.694686770439148,77.5,77.5,0.0040283203125,0.006439208984375,1.46875,1.4609375,1.8984375,0.1650390625
6,14,180,plural,0.036649443209171295,0.036649443209171295,4.21875,5.21875,8.678436279296875e-05,0.00043487548828125,1.46875,1.4609375,1.8984375,0.1650390625
7,0,181,singular,0.26579970121383667,0.26579970121383667,39.0,0.4609375,0.002197265625,1.7523765563964844e-05,1.46875,1.4609375,1.8984375,0.1650390625
7,0,182,plural,0.05031948164105415,0.05031948164105415,1.0625,7.1875,1.4007091522216797e-05,0.000751495361328125,1.46875,1.4609375,1.8984375,0.1650390625
7,1,183,singular,0.08416664600372314,0.08416664600372314,11.5,8.4375,0.0003662109375,0.00086212158203125,1.46875,1.4609375,1.8984375,0.1650390625
7,1,184,plural,1.3146270513534546,1.3146270513534546,113.5,113.5,0.006683349609375,0.0089111328125,1.46875,1.4609375,1.8984375,0.1650390625
7,2,185,singular,0.9755696654319763,0.9755696654319763,96.5,96.5,0.00555419921875,0.00732421875,1.46875,1.4609375,1.8984375,0.1650390625
7,2,186,plural,0.08143388479948044,0.08143388479948044,1.1953125,11.625,1.3053417205810547e-05,0.00133514404296875,1.46875,1.4609375,1.8984375,0.1650390625
7,3,187,singular,0.05011552944779396,0.05011552944779396,7.5625,4.4375,0.0002651214599609375,0.000492095947265625,1.46875,1.4609375,1.8984375,0.1650390625
7,3,188,plural,1.1384997367858887,1.1384997367858887,105.5,105.5,0.006195068359375,0.00762939453125,1.46875,1.4609375,1.8984375,0.1650390625
7,4,189,singular,0.9755696654319763,0.9755696654319763,96.5,96.5,0.005615234375,0.007049560546875,1.46875,1.4609375,1.8984375,0.1650390625
7,4,190,plural,1.3394863605499268,1.3394863605499268,2.21875,125.5,6.0558319091796875e-05,0.007537841796875,1.46875,1.4609375,1.8984375,0.1650390625
7,5,191,singular,1.0627002716064453,1.0627002716064453,107.5,82.5,0.00421142578125,0.004150390625,1.46875,1.4609375,1.8984375,0.1650390625
7,5,192,plural,0.31630077958106995,0.31630077958106995,15.125,47.25,0.00041961669921875,0.00244140625,1.46875,1.4609375,1.8984375,0.1650390625
7,6,193,singular,0.7364605069160461,0.7364605069160461,80.0,1.9609375,0.0062255859375,0.00011777877807617188,1.4765625,1.4609375,1.8984375,0.1640625
7,6,194,plural,0.22979168593883514,0.22979168593883514,4.09375,34.75,0.000171661376953125,0.003509521484375,1.4765625,1.4609375,1.8984375,0.1650390625
7,7,195,singular,4.687795162200928,4.687795162200928,143.0,0.10888671875,0.00860595703125,2.130866050720215e-06,1.4765625,1.4609375,1.8984375,0.1650390625
7,7,196,plural,0.0725817158818245,0.0725817158818245,10.4375,10.8125,0.00025177001953125,0.000621795654296875,1.4765625,1.4609375,1.8984375,0.1650390625
7,8,197,singular,1.1285253763198853,1.1285253763198853,107.5,0.6484375,0.005584716796875,1.537799835205078e-05,1.4765625,1.4609375,1.8984375,0.1650390625
7,8,198,plural,1.5028098821640015,1.5028098821640015,121.0,121.0,0.006805419921875,0.0086669921875,1.4765625,1.4609375,1.8984375,0.1650390625
7,9,199,singular,0.8269895315170288,0.8269895315170288,87.5,87.5,0.00469970703125,0.006439208984375,1.4765625,1.4609375,1.8984375,0.1650390625
7,9,200,plural,0.12271860241889954,0.12271860241889954,13.5,19.0,0.0003948211669921875,0.00157928466796875,1.4765625,1.4609375,1.8984375,0.1650390625
7,10,201,singular,0.9658669829368591,0.9658669829368591,99.5,0.59765625,0.00506591796875,1.2874603271484375e-05,1.4765625,1.4609375,1.8984375,0.1650390625
7,10,202,plural,0.042749229818582535,0.042749229818582535,5.40625,6.0625,0.00019073486328125,0.00067138671875,1.4765625,1.4609375,1.8984375,0.1650390625
7,11,203,singular,0.3597302734851837,0.3597302734851837,47.25,2.265625,0.00238037109375,8.153915405273438e-05,1.4765625,1.4609375,1.8984375,0.1650390625
7,11,204,plural,0.07219883054494858,0.07219883054494858,0.251953125,11.0625,4.887580871582031e-06,0.0018310546875,1.4765625,1.4609375,1.8984375,0.1650390625
7,12,205,singular,0.4392385482788086,0.4392385482788086,51.0,8.625,0.004302978515625,0.00151824951171875,1.4765625,1.4609375,1.8984375,0.1650390625
7,12,206,plural,0.02007056027650833,0.02007056027650833,2.8125,3.109375,4.291534423828125e-05,0.00021648406982421875,1.4765625,1.4609375,1.8984375,0.1650390625
7,13,207,singular,2.8293700218200684,2.8293700218200684,155.0,4.59375,0.007415771484375,0.000492095947265625,1.4765625,1.4609375,1.8984375,0.1650390625
7,13,208,plural,0.2619117796421051,0.2619117796421051,36.0,37.75,0.00174713134765625,0.003997802734375,1.4765625,1.4609375,1.8984375,0.1650390625
7,14,209,singular,1.3345860242843628,1.3345860242843628,105.5,1.453125,0.006317138671875,0.0001354217529296875,1.4765625,1.4609375,1.8984375,0.1650390625
7,14,210,plural,0.2731415331363678,0.2731415331363678,5.3125,38.0,0.0001811981201171875,0.005615234375,1.4765625,1.4609375,1.8984375,0.1650390625
8,0,211,singular,1.0739350318908691,1.0739350318908691,94.5,1.4765625,0.005523681640625,0.00013256072998046875,1.4765625,1.4609375,1.8984375,0.1650390625
8,0,212,plural,0.1292399764060974,0.1292399764060974,4.5,20.5,0.0001544952392578125,0.003143310546875,1.4765625,1.4609375,1.8984375,0.166015625
8,1,213,singular,0.31390687823295593,0.31390687823295593,41.75,41.75,0.0028228759765625,0.005035400390625,1.4765625,1.4609375,1.8984375,0.1650390625
8,1,214,plural,0.23340405523777008,0.23340405523777008,32.75,34.0,0.001708984375,0.0036163330078125,1.4765625,1.4609375,1.8984375,0.1650390625
8,2,215,singular,0.160809725522995,0.160809725522995,23.125,23.125,0.001495361328125,0.002685546875,1.4765625,1.4609375,1.8984375,0.1650390625
8,2,216,plural,1.9108097553253174,1.9108097553253174,132.0,132.0,0.0081787109375,0.0103759765625,1.4765625,1.4609375,1.8984375,0.166015625
8,3,217,singular,0.6628775596618652,0.6628775596618652,79.5,66.0,0.003173828125,0.00439453125,1.4765625,1.4609375,1.8984375,0.166015625
8,3,218,plural,0.09051474183797836,0.09051474183797836,13.1875,13.4375,0.0004329681396484375,0.0010833740234375,1.4765625,1.4609375,1.8984375,0.1650390625
8,4,219,singular,0.19794908165931702,0.19794908165931702,27.625,1.234375,0.002471923828125,9.5367431640625e-05,1.4765625,1.4609375,1.8984375,0.1650390625
8,4,220,plural,0.04584290087223053,0.04584290087223053,6.09375,6.53125,0.0002689361572265625,0.000843048095703125,1.4765625,1.4609375,1.8984375,0.1650390625
8,5,221,singular,0.5184497833251953,0.5184497833251953,65.0,0.5,0.00457763671875,1.6450881958007812e-05,1.4765625,1.4609375,1.8984375,0.166015625
8,5,222,plural,0.0448593944311142,0.0448593944311142,0.2265625,6.96875,2.562999725341797e-06,0.0013885498046875,1.4765625,1.4609375,1.8984375,0.166015625
8,6,223,singular,2.8627028465270996,2.8627028465270996,136.0,0.150390625,0.0089111328125,4.9173831939697266e-06,1.4765625,1.4609375,1.8984375,0.166015625
8,6,224,plural,0.1677154302597046,0.1677154302597046,21.375,25.375,0.00091552734375,0.0030059814453125,1.4765625,1.4609375,1.8984375,0.166015625
8,7,225,singular,0.018815254792571068,0.018815254792571068,2.890625,2.171875,6.341934204101562e-05,0.000244140625,1.4765625,1.4609375,1.8984375,0.166015625
8,7,226,plural,0.3194320797920227,0.3194320797920227,28.25,47.5,0.00112152099609375,0.004425048828125,1.4765625,1.4609375,1.8984375,0.166015625
8,8,227,singular,0.12443193793296814,0.12443193793296814,16.875,3.8125,0.00146484375,0.00074005126953125,1.4765625,1.4609375,1.8984375,0.166015625
8,8,228,plural,1.1374704837799072,1.1374704837799072,105.5,105.5,0.00750732421875,0.00982666015625,1.4765625,1.4609375,1.8984375,0.166015625
8,9,229,singular,0.3856128454208374,0.3856128454208374,51.0,0.73046875,0.0034942626953125,4.410743713378906e-05,1.4765625,1.4609375,1.8984375,0.166015625
8,9,230,plural,0.026507806032896042,0.026507806032896042,2.046875,3.828125,5.6743621826171875e-05,0.000522613525390625,1.4765625,1.4609375,1.8984375,0.166015625
8,10,231,singular,1.1373379230499268,1.1373379230499268,105.5,105.5,0.007293701171875,0.0091552734375,1.4765625,1.4609375,1.8984375,0.166015625
8,10,232,plural,0.9746264219284058,0.9746264219284058,96.5,96.5,0.006317138671875,0.007720947265625,1.4765625,1.4609375,1.8984375,0.166015625
8,11,233,singular,1.9477596282958984,1.9477596282958984,141.0,7.59375,0.00714111328125,0.00109100341796875,1.4765625,1.4609375,1.8984375,0.166015625
8,11,234,plural,0.04448512941598892,0.04448512941598892,2.96875,6.46875,4.4345855712890625e-05,0.000949859619140625,1.4765625,1.4609375,1.8984375,0.166015625
8,12,235,singular,0.17226216197013855,0.17226216197013855,24.75,2.125,0.00127410888671875,0.0001430511474609375,1.4765625,1.4609375,1.8984375,0.166015625
8,12,236,plural,0.10297075659036636,0.10297075659036636,2.96875,15.5625,0.00010967254638671875,0.0030517578125,1.4765625,1.4609375,1.8984375,0.166015625
8,13,237,singular,0.05331481620669365,0.05331481620669365,8.6875,0.392578125,0.00049591064453125,2.0503997802734375e-05,1.4765625,1.4609375,1.8984375,0.166015625
8,13,238,plural,0.41047465801239014,0.41047465801239014,3.015625,57.25,0.0001163482666015625,0.006256103515625,1.4765625,1.4609375,1.8984375,0.1669921875
8,14,239,singular,0.029443377628922462,0.029443377628922462,4.15625,3.703125,0.00016689300537109375,0.0004367828369140625,1.4765625,1.4609375,1.8984375,0.166015625
8,14,240,plural,0.01160218846052885,0.01160218846052885,1.71875,1.8046875,3.552436828613281e-05,0.00013446807861328125,1.4765625,1.4609375,1.8984375,0.166015625
9,0,241,singular,0.9745048880577087,0.9745048880577087,96.5,96.5,0.007415771484375,0.0089111328125,1.4765625,1.4609375,1.8984375,0.166015625
9,0,242,plural,1.3136531114578247,1.3136531114578247,113.5,113.5,0.0076904296875,0.00897216796875,1.4765625,1.4609375,1.8984375,0.166015625
9,1,243,singular,1.4449505805969238,1.4449505805969238,125.5,7.59375,0.006988525390625,0.00102996826171875,1.4765625,1.4609375,1.8984375,0.166015625
9,1,244,plural,0.070694699883461,0.070694699883461,10.4375,10.625,0.000423431396484375,0.0010833740234375,1.4765625,1.4609375,1.8984375,0.166015625
9,2,245,singular,1.9569368362426758,1.9569368362426758,124.0,0.2265625,0.00830078125,1.2993812561035156e-05,1.4765625,1.4609375,1.8984375,0.1669921875
9,2,246,plural,0.04992423579096794,0.04992423579096794,6.875,7.0625,0.0003376007080078125,0.00122833251953125,1.4765625,1.4609375,1.8984375,0.1669921875
9,3,247,singular,0.06312002241611481,0.06312002241611481,9.4375,0.75390625,0.000667572021484375,7.62939453125e-05,1.4765625,1.4609375,1.8984375,0.1669921875
9,3,248,plural,0.10149921476840973,0.10149921476840973,13.8125,15.875,0.000652313232421875,0.002166748046875,1.4765625,1.4609375,1.8984375,0.1669921875
9,4,249,singular,0.020328978076577187,0.020328978076577187,2.875,2.5625,7.867813110351562e-05,0.0003376007080078125,1.4765625,1.4609375,1.8984375,0.1669921875
9,4,250,plural,0.22005699574947357,0.22005699574947357,24.25,34.25,0.00110626220703125,0.0035400390625,1.4765625,1.4609375,1.8984375,0.1669921875
9,5,251,singular,0.17976635694503784,0.17976635694503784,26.125,0.478515625,0.0021209716796875,2.3484230041503906e-05,1.4765625,1.4609375,1.8984375,0.1669921875
9,5,252,plural,0.11539154499769211,0.11539154499769211,17.375,17.75,0.00107574462890625,0.002685546875,1.4765625,1.46875,1.8984375,0.166015625
9,6,253,singular,0.6934909224510193,0.6934909224510193,77.5,77.5,0.00628662109375,0.0086669921875,1.4765625,1.4609375,1.8984375,0.1669921875
9,6,254,plural,0.048276931047439575,0.048276931047439575,4.28125,7.03125,0.00018310546875,0.00130462646484375,1.4765625,1.4609375,1.8984375,0.1669921875
9,7,255,singular,0.025404684245586395,0.025404684245586395,4.1875,0.16796875,0.000255584716796875,8.344650268554688e-06,1.4765625,1.4609375,1.8984375,0.1669921875
9,7,256,plural,1.5022531747817993,1.5022531747817993,121.0,121.0,0.00848388671875,0.01007080078125,1.4765625,1.46875,1.8984375,0.166015625
9,8,257,singular,0.17961855232715607,0.17961855232715607,26.25,0.48046875,0.0022430419921875,3.9577484130859375e-05,1.4765625,1.46875,1.8984375,0.166015625
9,8,258,plural,0.022044267505407333,0.022044267505407333,0.205078125,3.453125,4.798173904418945e-06,0.0010223388671875,1.4765625,1.46875,1.8984375,0.166015625
9,9,259,singular,0.06938106566667557,0.06938106566667557,9.625,3.15625,0.0010833740234375,0.000919342041015625,1.4765625,1.46875,1.8984375,0.166015625
9,9,260,plural,0.5763258934020996,0.5763258934020996,68.0,68.0,0.0057373046875,0.00714111328125,1.4765625,1.46875,1.8984375,0.166015625
9,10,261,singular,0.3276780843734741,0.3276780843734741,39.75,1.46875,0.004150390625,0.0002269744873046875,1.4765625,1.46875,1.8984375,0.166015625
9,10,262,plural,0.17228494584560394,0.17228494584560394,1.59375,26.875,6.341934204101562e-05,0.004180908203125,1.4765625,1.46875,1.8984375,0.166015625
9,11,263,singular,1.70167875289917,1.70167875289917,127.0,127.0,0.00872802734375,0.0098876953125,1.4765625,1.4609375,1.8984375,0.1669921875
9,11,264,plural,0.06321939826011658,0.06321939826011658,2.734375,9.75,0.00018405914306640625,0.00213623046875,1.4765625,1.4609375,1.8984375,0.1669921875
9,12,265,singular,0.4716351628303528,0.4716351628303528,61.75,54.75,0.0035858154296875,0.00439453125,1.4765625,1.4609375,1.8984375,0.1669921875
9,12,266,plural,0.014593996107578278,0.014593996107578278,2.1875,2.265625,6.818771362304688e-05,0.00022602081298828125,1.4765625,1.4609375,1.8984375,0.1669921875
9,13,267,singular,0.11197219043970108,0.11197219043970108,16.5,1.9921875,0.00139617919921875,0.00014781951904296875,1.4765625,1.4609375,1.8984375,0.1669921875
9,13,268,plural,0.03812002018094063,0.03812002018094063,4.25,5.46875,0.000293731689453125,0.00102996826171875,1.4765625,1.4609375,1.8984375,0.1669921875
9,14,269,singular,0.014713468961417675,0.014713468961417675,2.265625,1.921875,0.00010919570922851562,0.000247955322265625,1.4765625,1.4609375,1.8984375,0.1669921875
9,14,270,plural,0.034550998359918594,0.034550998359918594,1.828125,5.75,0.00011491775512695312,0.0011749267578125,1.4765625,1.4609375,1.8984375,0.1669921875
10,0,271,singular,0.31998389959335327,0.31998389959335327,44.75,38.5,0.003173828125,0.0037841796875,1.4765625,1.4609375,1.8984375,0.1669921875
10,0,272,plural,0.04994986206293106,0.04994986206293106,4.84375,7.28125,0.0003757476806640625,0.00141143798828125,1.4765625,1.4609375,1.8984375,0.1669921875
10,1,273,singular,0.08706582337617874,0.08706582337617874,13.0,1.3984375,0.0013885498046875,9.632110595703125e-05,1.4765625,1.4609375,1.8984375,0.1669921875
10,1,274,plural,0.2815735340118408,0.2815735340118408,33.25,42.75,0.00286865234375,0.0045166015625,1.4765625,1.46875,1.8984375,0.166015625
10,2,275,singular,0.015667559579014778,0.015667559579014778,2.21875,2.015625,0.0001583099365234375,0.00032806396484375,1.4765625,1.46875,1.8984375,0.166015625
10,2,276,plural,0.22146835923194885,0.22146835923194885,2.828125,33.75,0.00023174285888671875,0.00518798828125,1.4765625,1.46875,1.8984375,0.166015625
10,3,277,singular,0.11251070350408554,0.11251070350408554,17.0,0.275390625,0.00262451171875,1.728534698486328e-05,1.4765625,1.46875,1.8984375,0.166015625
10,3,278,plural,0.058027707040309906,0.058027707040309906,2.765625,9.0,0.0003871917724609375,0.0021514892578125,1.4765625,1.46875,1.8984375,0.166015625
10,4,279,singular,1.089770793914795,1.089770793914795,95.5,0.1982421875,0.00994873046875,1.3589859008789062e-05,1.4765625,1.46875,1.8984375,0.166015625
10,4,280,plural,0.9743365049362183,0.9743365049362183,96.5,96.5,0.0084228515625,0.01025390625,1.4765625,1.46875,1.8984375,0.1669921875
10,5,281,singular,0.034708525985479355,0.034708525985479355,5.71875,0.58203125,0.000446319580078125,5.459785461425781e-05,1.4765625,1.46875,1.8984375,0.1669921875
10,5,282,plural,0.034372370690107346,0.034372370690107346,4.78125,4.90625,0.0004863739013671875,0.00101470947265625,1.4765625,1.46875,1.8984375,0.1669921875
10,6,283,singular,0.13395483791828156,0.13395483791828156,17.875,0.7421875,0.002105712890625,0.00011539459228515625,1.4765625,1.46875,1.8984375,0.1669921875
10,6,284,plural,0.09758872538805008,0.09758872538805008,13.875,15.25,0.001251220703125,0.0024871826171875,1.4765625,1.46875,1.8984375,0.1669921875
10,7,285,singular,0.8062645792961121,0.8062645792961121,91.0,8.75,0.0074462890625,0.001861572265625,1.4765625,1.46875,1.8984375,0.1669921875
10,7,286,plural,0.3870915472507477,0.3870915472507477,49.75,49.75,0.004974365234375,0.007049560546875,1.4765625,1.46875,1.8984375,0.1669921875
10,8,287,singular,0.03807010501623154,0.03807010501623154,5.71875,0.99609375,0.000644683837890625,0.00017452239990234375,1.4765625,1.46875,1.8984375,0.1669921875
10,8,288,plural,0.08014606684446335,0.08014606684446335,12.375,12.625,0.00099945068359375,0.0023040771484375,1.4765625,1.46875,1.8984375,0.1669921875
10,9,289,singular,1.9103920459747314,1.9103920459747314,132.0,132.0,0.009521484375,0.01123046875,1.4765625,1.46875,1.8984375,0.1669921875
10,9,290,plural,0.014424807392060757,0.014424807392060757,2.1875,2.25,7.343292236328125e-05,0.0002613067626953125,1.4765625,1.46875,1.8984375,0.1669921875
10,10,291,singular,0.02125333808362484,0.02125333808362484,3.015625,1.0703125,0.000232696533203125,0.000247955322265625,1.4765625,1.46875,1.8984375,0.1669921875
10,10,292,plural,0.022970305755734444,0.022970305755734444,1.4375,3.859375,9.584426879882812e-05,0.000804901123046875,1.4765625,1.46875,1.8984375,0.1669921875
10,11,293,singular,0.012387009337544441,0.012387009337544441,1.9140625,1.703125,7.486343383789062e-05,0.0002956390380859375,1.4765625,1.46875,1.8984375,0.1669921875
10,11,294,plural,0.014117610640823841,0.014117610640823841,0.234375,2.21875,7.808208465576172e-06,0.00064849853515625,1.4765625,1.46875,1.8984375,0.1669921875
10,12,295,singular,0.07029631733894348,0.07029631733894348,10.8125,0.251953125,0.00133514404296875,1.8715858459472656e-05,1.4765625,1.46875,1.8984375,0.1669921875
10,12,296,plural,0.6933556795120239,0.6933556795120239,77.5,77.5,0.007080078125,0.00811767578125,1.4765625,1.46875,1.8984375,0.1669921875
10,13,297,singular,1.5021255016326904,1.5021255016326904,121.0,121.0,0.009033203125,0.010009765625,1.4765625,1.46875,1.8984375,0.1669921875
10,13,298,plural,0.10060056298971176,0.10060056298971176,14.75,14.875,0.0012969970703125,0.002288818359375,1.4765625,1.46875,1.8984375,0.1669921875
10,14,299,singular,0.5761738419532776,0.5761738419532776,68.0,68.0,0.005157470703125,0.006683349609375,1.4765625,1.46875,1.8984375,0.1669921875
10,14,300,plural,0.05499017611145973,0.05499017611145973,6.90625,7.84375,0.00069427490234375,0.00183868408203125,1.4765625,1.46875,1.8984375,0.1669921875
11,0,301,singular,0.25212565064430237,0.25212565064430237,34.5,34.5,0.0028533935546875,0.0031890869140625,1.4765625,1.46875,1.8984375,0.1669921875
11,0,302,plural,1.910391926765442,1.910391926765442,132.0,132.0,0.0091552734375,0.0096435546875,1.4765625,1.46875,1.8984375,0.1669921875
11,1,303,singular,0.020721033215522766,0.020721033215522766,3.421875,0.279296875,0.000331878662109375,2.181529998779297e-05,1.4765625,1.46875,1.8984375,0.1669921875
11,1,304,plural,0.6934148669242859,0.6934148669242859,77.5,77.5,0.005828857421875,0.006927490234375,1.4765625,1.46875,1.8984375,0.1669921875
11,2,305,singular,0.08414900302886963,0.08414900302886963,12.5625,2.3125,0.00145721435546875,0.0003261566162109375,1.4765625,1.46875,1.8984375,0.1669921875
11,2,306,plural,0.08014606684446335,0.08014606684446335,12.375,12.625,0.00140380859375,0.002227783203125,1.4765625,1.46875,1.8984375,0.1669921875
11,3,307,singular,0.508906364440918,0.508906364440918,65.5,6.28125,0.006134033203125,0.00148773193359375,1.4765625,1.46875,1.8984375,0.1669921875
11,3,308,plural,0.034239210188388824,0.034239210188388824,4.28125,4.9375,0.00040435791015625,0.001220703125,1.4765625,1.46875,1.8984375,0.1669921875
11,4,309,singular,0.06242219731211662,0.06242219731211662,9.6875,0.2578125,0.0012054443359375,1.537799835205078e-05,1.4765625,1.46875,1.8984375,0.1669921875
11,4,310,plural,0.034091632813215256,0.034091632813215256,3.84375,4.96875,0.00031280517578125,0.00128936767578125,1.4765625,1.46875,1.8984375,0.1669921875
11,5,311,singular,0.08380867540836334,0.08380867540836334,11.5,0.53515625,0.00179290771484375,8.20159912109375e-05,1.4765625,1.46875,1.8984375,0.1669921875
11,5,312,plural,0.013994893059134483,0.013994893059134483,0.8828125,2.359375,7.2479248046875e-05,0.00063323974609375,1.4765625,1.46875,1.8984375,0.1669921875
11,6,313,singular,1.3134465217590332,1.3134465217590332,113.5,113.5,0.0091552734375,0.010009765625,1.4765625,1.46875,1.8984375,0.1669921875
11,6,314,plural,1.1370915174484253,1.1370915174484253,105.5,105.5,0.007537841796875,0.00811767578125,1.4765625,1.46875,1.8984375,0.1669921875
11,7,315,singular,0.2763576805591583,0.2763576805591583,39.5,35.75,0.0029449462890625,0.003631591796875,1.4765625,1.46875,1.8984375,0.1669921875
11,7,316,plural,0.07025264203548431,0.07025264203548431,10.4375,10.5,0.000904083251953125,0.0016632080078125,1.4765625,1.46875,1.8984375,0.1669921875
11,8,317,singular,0.05533447861671448,0.05533447861671448,8.5625,0.2255859375,0.00110626220703125,5.543231964111328e-06,1.4765625,1.46875,1.8984375,0.1669921875
11,8,318,plural,0.08926354348659515,0.08926354348659515,1.5234375,14.5625,0.000102996826171875,0.0025787353515625,1.4765625,1.46875,1.8984375,0.1669921875
11,9,319,singular,0.013846883550286293,0.013846883550286293,2.125,1.921875,0.0001983642578125,0.000331878662109375,1.4765625,1.46875,1.8984375,0.1669921875
11,9,320,plural,0.038604725152254105,0.038604725152254105,5.4375,5.5,0.0008544921875,0.0013427734375,1.4765625,1.46875,1.8984375,0.1669921875
11,10,321,singular,0.9742791056632996,0.9742791056632996,96.5,96.5,0.0084228515625,0.009033203125,1.4765625,1.46875,1.8984375,0.1669921875
11,10,322,plural,0.053656868636608124,0.053656868636608124,4.03125,8.3125,0.000705718994140625,0.0022430419921875,1.4765625,1.46875,1.8984375,0.1669921875
11,11,323,singular,0.016933266073465347,0.016933266073465347,2.578125,0.291015625,0.0004825592041015625,2.5510787963867188e-05,1.4765625,1.46875,1.8984375,0.1669921875
11,11,324,plural,0.23259401321411133,0.23259401321411133,30.75,36.25,0.00311279296875,0.0038909912109375,1.4765625,1.46875,1.8984375,0.1669921875
11,12,325,singular,0.014655672945082188,0.014655672945082188,2.078125,0.73828125,0.0003452301025390625,0.000125885009765625,1.4765625,1.46875,1.8984375,0.1669921875
11,12,326,plural,0.15087370574474335,0.15087370574474335,21.625,23.0,0.002899169921875,0.0034027099609375,1.4765625,1.46875,1.8984375,0.1669921875
11,13,327,singular,0.4049956202507019,0.4049956202507019,48.25,0.1279296875,0.007293701171875,8.404254913330078e-06,1.4765625,1.46875,1.8984375,0.1669921875
11,13,328,plural,0.014366759918630123,0.014366759918630123,2.1875,2.234375,0.00013065338134765625,0.0003070831298828125,1.4765625,1.46875,1.8984375,0.1669921875
11,14,329,singular,0.007273029536008835,0.007273029536008835,1.03125,0.95703125,4.887580871582031e-05,0.0001220703125,1.4765625,1.46875,1.8984375,0.1669921875
11,14,330,plural,0.011340797878801823,0.011340797878801823,0.2353515625,1.7890625,7.808208465576172e-06,0.000522613525390625,1.4765625,1.46875,1.8984375,0.1669921875
12,0,331,singular,0.006745306774973869,0.006745306774973869,1.0390625,0.91796875,6.0558319091796875e-05,0.0001621246337890625,1.4765625,1.46875,1.8984375,0.1669921875
12,0,332,plural,0.18893368542194366,0.18893368542194366,25.0,30.0,0.0026092529296875,0.00396728515625,1.4765625,1.46875,1.8984375,0.1669921875
12,1,333,singular,0.04335532709956169,0.04335532709956169,6.78125,0.1787109375,0.00121307373046875,5.036592483520508e-06,1.4765625,1.46875,1.8984375,0.1669921875
12,1,334,plural,0.0469091571867466,0.0469091571867466,6.15625,6.71875,0.000873565673828125,0.001922607421875,1.4765625,1.46875,1.8984375,0.1669921875
12,2,335,singular,0.04318556934595108,0.04318556934595108,6.78125,0.1591796875,0.00130462646484375,5.424022674560547e-06,1.4765625,1.46875,1.8984375,0.1669921875
12,2,336,plural,0.12812547385692596,0.12812547385692596,19.5,19.625,0.003143310546875,0.004119873046875,1.4765625,1.46875,1.90625,0.1669921875
12,3,337,singular,0.045731302350759506,0.045731302350759506,6.375,0.298828125,0.0012054443359375,2.491474151611328e-05,1.4765625,1.46875,1.90625,0.1669921875
12,3,338,plural,0.015463573858141899,0.015463573858141899,1.125,2.59375,0.00011301040649414062,0.00067901611328125,1.4765625,1.46875,1.90625,0.1669921875
12,4,339,singular,0.009245322085916996,0.009245322085916996,1.3203125,1.21875,0.00011873245239257812,0.000232696533203125,1.4765625,1.46875,1.90625,0.1669921875
12,4,340,plural,0.04349366948008537,0.04349366948008537,6.09375,6.1875,0.001434326171875,0.002166748046875,1.4765625,1.46875,1.90625,0.1669921875
12,5,341,singular,0.3134465515613556,0.3134465515613556,41.75,41.75,0.007354736328125,0.0081787109375,1.484375,1.46875,1.90625,0.166015625
12,5,342,plural,2.127063274383545,2.127063274383545,137.0,137.0,0.01153564453125,0.01202392578125,1.4765625,1.46875,1.8984375,0.1669921875
12,6,343,singular,0.2735179364681244,0.2735179364681244,39.25,35.75,0.00360107421875,0.0037841796875,1.4765625,1.46875,1.90625,0.1669921875
12,6,344,plural,0.008586511015892029,0.008586511015892029,0.142578125,1.3515625,6.020069122314453e-06,0.0003032684326171875,1.4765625,1.46875,1.90625,0.1669921875
12,7,345,singular,0.29521843791007996,0.29521843791007996,37.0,0.125,0.006103515625,1.043081283569336e-05,1.4765625,1.46875,1.90625,0.1669921875
12,7,346,plural,0.06221587955951691,0.06221587955951691,9.3125,9.375,0.00092315673828125,0.0015106201171875,1.4765625,1.46875,1.90625,0.1669921875
12,8,347,singular,0.2726203203201294,0.2726203203201294,39.0,3.765625,0.00494384765625,0.000812530517578125,1.484375,1.46875,1.90625,0.166015625
12,8,348,plural,0.1060924306511879,0.1060924306511879,15.5625,16.5,0.00165557861328125,0.0028533935546875,1.484375,1.46875,1.90625,0.166015625
12,9,349,singular,0.5761219263076782,0.5761219263076782,68.0,68.0,0.007049560546875,0.0078125,1.484375,1.46875,1.90625,0.166015625
12,9,350,plural,0.03953206166625023,0.03953206166625023,3.171875,6.1875,0.00045013427734375,0.0018310546875,1.484375,1.46875,1.90625,0.166015625
12,10,351,singular,0.007599846459925175,0.007599846459925175,1.265625,0.091796875,7.534027099609375e-05,6.973743438720703e-06,1.484375,1.46875,1.90625,0.166015625
12,10,352,plural,1.9103548526763916,1.9103548526763916,132.0,132.0,0.010009765625,0.0107421875,1.4765625,1.46875,1.90625,0.1669921875
12,11,353,singular,0.8261219263076782,0.8261219263076782,87.5,87.5,0.006988525390625,0.00738525390625,1.484375,1.46875,1.90625,0.166015625
12,11,354,plural,1.502082347869873,1.502082347869873,121.0,121.0,0.007781982421875,0.00811767578125,1.4765625,1.46875,1.90625,0.1669921875
12,12,355,singular,0.061558786779642105,0.061558786779642105,9.3125,2.09375,0.0010223388671875,0.0002593994140625,1.4765625,1.46875,1.90625,0.1669921875
12,12,356,plural,0.05508551374077797,0.05508551374077797,0.95703125,9.125,5.841255187988281e-05,0.0017547607421875,1.4765625,1.46875,1.90625,0.1669921875
12,13,357,singular,0.014174144715070724,0.014174144715070724,2.171875,0.375,0.0003299713134765625,4.744529724121094e-05,1.4765625,1.46875,1.90625,0.1669921875
12,13,358,plural,0.03509337455034256,0.03509337455034256,4.34375,5.125,0.0005035400390625,0.0011749267578125,1.4765625,1.46875,1.90625,0.1669921875
12,14,359,singular,0.011718601919710636,0.011718601919710636,1.671875,0.7421875,0.00022792816162109375,0.00020503997802734375,1.4765625,1.46875,1.90625,0.1669921875
12,14,360,plural,0.007730330340564251,0.007730330340564251,1.1875,1.203125,8.440017700195312e-05,0.00018024444580078125,1.4765625,1.46875,1.90625,0.1669921875
13,0,361,singular,0.1892881989479065,0.1892881989479065,24.875,0.09619140625,0.004669189453125,1.0371208190917969e-05,1.484375,1.46875,1.90625,0.166015625
13,0,362,plural,0.021441562101244926,0.021441562101244926,1.5234375,3.390625,0.00015735626220703125,0.00112152099609375,1.484375,1.46875,1.90625,0.166015625
13,1,363,singular,0.8261219263076782,0.8261219263076782,87.5,87.5,0.007659912109375,0.008056640625,1.484375,1.46875,1.90625,0.166015625
13,1,364,plural,0.13341982662677765,0.13341982662677765,19.5,20.5,0.0023956298828125,0.0034027099609375,1.484375,1.46875,1.90625,0.166015625
13,2,365,singular,0.024737946689128876,0.024737946689128876,3.484375,0.1630859375,0.00051116943359375,1.4543533325195312e-05,1.484375,1.46875,1.90625,0.166015625
13,2,366,plural,0.012668137438595295,0.012668137438595295,1.9453125,1.96875,0.00014209747314453125,0.0003108978271484375,1.484375,1.46875,1.90625,0.166015625
13,3,367,singular,0.25208228826522827,0.25208228826522827,34.5,34.5,0.0033721923828125,0.0034332275390625,1.484375,1.46875,1.90625,0.166015625
13,3,368,plural,1.9103548526763916,1.9103548526763916,132.0,132.0,0.010009765625,0.01025390625,1.484375,1.46875,1.90625,0.166015625
13,4,369,singular,0.010348825715482235,0.010348825715482235,1.4765625,0.65625,0.00031280517578125,0.000202178955078125,1.484375,1.46875,1.90625,0.166015625
13,4,370,plural,0.03604144975543022,0.03604144975543022,4.84375,5.1875,0.000732421875,0.00153350830078125,1.484375,1.46875,1.90625,0.166015625
13,5,371,singular,0.043635644018650055,0.043635644018650055,6.84375,0.2314453125,0.0012969970703125,1.4424324035644531e-05,1.484375,1.46875,1.90625,0.166015625
13,5,372,plural,0.5761219263076782,0.5761219263076782,68.0,68.0,0.006805419921875,0.007171630859375,1.4765625,1.46875,1.90625,0.1669921875
13,6,373,singular,0.28302693367004395,0.28302693367004395,40.5,5.46875,0.005218505859375,0.00147247314453125,1.4765625,1.46875,1.90625,0.1669921875
13,6,374,plural,0.02743610180914402,0.02743610180914402,3.40625,4.03125,0.0003986358642578125,0.0010833740234375,1.4765625,1.46875,1.90625,0.1669921875
13,7,375,singular,0.018857838585972786,0.018857838585972786,2.671875,2.5625,0.0003643035888671875,0.000720977783203125,1.4765625,1.46875,1.90625,0.1669921875
13,7,376,plural,0.0770319402217865,0.0770319402217865,10.3125,12.9375,0.00115966796875,0.002227783203125,1.4765625,1.46875,1.90625,0.1669921875
13,8,377,singular,0.01528549287468195,0.01528549287468195,2.328125,0.546875,0.0004787445068359375,0.00014019012451171875,1.4765625,1.46875,1.90625,0.1669921875
13,8,378,plural,0.04217773303389549,0.04217773303389549,0.58984375,7.03125,3.147125244140625e-05,0.0019378662109375,1.4765625,1.46875,1.90625,0.1669921875
13,9,379,singular,0.07375030219554901,0.07375030219554901,11.125,3.015625,0.001983642578125,0.000675201416015625,1.4765625,1.46875,1.90625,0.1669921875
13,9,380,plural,0.030236070975661278,0.030236070975661278,4.78125,4.875,0.00074005126953125,0.001312255859375,1.4765625,1.46875,1.90625,0.1669921875
13,10,381,singular,0.01799917034804821,0.01799917034804821,2.984375,0.5234375,0.000514984130859375,9.012222290039062e-05,1.4765625,1.46875,1.90625,0.1669921875
13,10,382,plural,0.02081257291138172,0.02081257291138172,2.96875,3.0,0.000614166259765625,0.001190185546875,1.4765625,1.46875,1.90625,0.1669921875
13,11,383,singular,0.3680664598941803,0.3680664598941803,50.5,47.25,0.005462646484375,0.005828857421875,1.4765625,1.46875,1.90625,0.1669921875
13,11,384,plural,0.005290080793201923,0.005290080793201923,0.09814453125,0.8359375,3.1739473342895508e-06,0.00021839141845703125,1.4765625,1.46875,1.90625,0.1669921875
13,12,385,singular,0.03449733182787895,0.03449733182787895,5.40625,0.23046875,0.00109100341796875,1.1920928955078125e-05,1.4765625,1.46875,1.90625,0.1669921875
13,12,386,plural,0.0066351811401546,0.0066351811401546,0.41796875,1.125,2.2411346435546875e-05,0.000301361083984375,1.4765625,1.46875,1.90625,0.1669921875
13,13,387,singular,0.011860329657793045,0.011860329657793045,1.828125,1.703125,0.0002651214599609375,0.000606536865234375,1.4765625,1.46875,1.90625,0.1669921875
13,13,388,plural,0.38704273104667664,0.38704273104667664,49.75,49.75,0.00750732421875,0.00787353515625,1.4765625,1.46875,1.90625,0.1669921875
13,14,389,singular,2.3503146171569824,2.3503146171569824,141.0,141.0,0.01141357421875,0.01165771484375,1.4765625,1.46875,1.90625,0.1669921875
13,14,390,plural,0.0431523472070694,0.0431523472070694,6.53125,6.5625,0.000797271728515625,0.00118255615234375,1.4765625,1.46875,1.90625,0.1669921875
14,0,391,singular,0.15508024394512177,0.15508024394512177,23.625,2.28125,0.0036773681640625,0.000476837158203125,1.484375,1.46875,1.90625,0.166015625
14,0,392,plural,0.0068937791511416435,0.0068937791511416435,0.142578125,1.0859375,9.417533874511719e-06,0.0003032684326171875,1.484375,1.46875,1.90625,0.166015625
14,1,393,singular,0.8261219263076782,0.8261219263076782,87.5,87.5,0.0078125,0.008056640625,1.484375,1.46875,1.90625,0.166015625
14,1,394,plural,0.07342657446861267,0.07342657446861267,1.7578125,12.0625,0.00019073486328125,0.0025177001953125,1.484375,1.46875,1.90625,0.166015625
14,2,395,singular,0.02069581113755703,0.02069581113755703,3.28125,0.0869140625,0.000598907470703125,2.3692846298217773e-06,1.484375,1.46875,1.90625,0.166015625
14,2,396,plural,1.3134057521820068,1.3134057521820068,113.5,113.5,0.009521484375,0.00958251953125,1.4765625,1.46875,1.90625,0.1669921875
14,3,397,singular,0.17462791502475739,0.17462791502475739,26.25,23.875,0.002685546875,0.0027313232421875,1.4765625,1.46875,1.90625,0.1669921875
14,3,398,plural,0.09419432282447815,0.09419432282447815,13.875,14.8125,0.0019683837890625,0.0024261474609375,1.4765625,1.46875,1.90625,0.1669921875
14,4,399,singular,0.9742343425750732,0.9742343425750732,96.5,96.5,0.0078125,0.00799560546875,1.484375,1.46875,1.90625,0.166015625
14,4,400,plural,1.137042760848999,1.137042760848999,105.5,105.5,0.0078125,0.0079345703125,1.4765625,1.46875,1.90625,0.1669921875
14,5,401,singular,0.030353805050253868,0.030353805050253868,4.75,0.181640625,0.000858306884765625,8.940696716308594e-06,1.4765625,1.46875,1.90625,0.1669921875
14,5,402,plural,0.02656933292746544,0.02656933292746544,3.78125,3.8125,0.000759124755859375,0.00104522705078125,1.4765625,1.46875,1.90625,0.1669921875
14,6,403,singular,0.13391636312007904,0.13391636312007904,18.0,0.0791015625,0.00384521484375,1.5854835510253906e-05,1.484375,1.46875,1.90625,0.166015625
14,6,404,plural,0.03391395881772041,0.03391395881772041,4.34375,4.96875,0.000606536865234375,0.0012664794921875,1.484375,1.46875,1.90625,0.166015625
14,7,405,singular,0.0099880900233984,0.0099880900233984,1.53125,0.294921875,0.0002880096435546875,6.151199340820312e-05,1.484375,1.46875,1.90625,0.166015625
14,7,406,plural,0.0431523472070694,0.0431523472070694,6.53125,6.5625,0.000823974609375,0.00128936767578125,1.484375,1.46875,1.90625,0.166015625
14,8,407,singular,0.9742343425750732,0.9742343425750732,96.5,96.5,0.0079345703125,0.0081787109375,1.484375,1.46875,1.90625,0.166015625
14,8,408,plural,0.0257980078458786,0.0257980078458786,2.21875,4.0625,0.000400543212890625,0.0013580322265625,1.484375,1.46875,1.90625,0.166015625
14,9,409,singular,0.00557261798530817,0.00557261798530817,0.79296875,0.74609375,5.984306335449219e-05,9.5367431640625e-05,1.484375,1.46875,1.90625,0.166015625
14,9,410,plural,0.013535156846046448,0.013535156846046448,1.1328125,2.28125,0.00018310546875,0.000659942626953125,1.484375,1.46875,1.90625,0.166015625
14,10,411,singular,0.007755762431770563,0.007755762431770563,1.2890625,0.1181640625,0.0002117156982421875,1.5735626220703125e-05,1.484375,1.46875,1.90625,0.166015625
14,10,412,plural,1.3134057521820068,1.3134057521820068,113.5,113.5,0.0096435546875,0.009765625,1.4765625,1.46875,1.90625,0.1669921875
14,11,413,singular,0.009084558114409447,0.009084558114409447,1.296875,0.65625,0.000354766845703125,0.00021076202392578125,1.4765625,1.46875,1.90625,0.1669921875
14,11,414,plural,0.04919920489192009,0.04919920489192009,7.75,7.875,0.001556396484375,0.0018463134765625,1.4765625,1.46875,1.90625,0.1669921875
14,12,415,singular,0.04967324063181877,0.04967324063181877,7.53125,1.8671875,0.0015106201171875,0.000362396240234375,1.4765625,1.46875,1.90625,0.1669921875
14,12,416,plural,0.03162393718957901,0.03162393718957901,4.28125,4.5625,0.000972747802734375,0.0014801025390625,1.4765625,1.46875,1.90625,0.1669921875
14,13,417,singular,0.011860329657793045,0.011860329657793045,1.828125,1.703125,0.000354766845703125,0.000514984130859375,1.4765625,1.46875,1.90625,0.1669921875
14,13,418,plural,0.1055426150560379,0.1055426150560379,14.5625,17.375,0.002288818359375,0.002838134765625,1.4765625,1.46875,1.90625,0.1669921875
14,14,419,singular,0.02232281118631363,0.02232281118631363,3.15625,0.2099609375,0.00087738037109375,2.944469451904297e-05,1.4765625,1.46875,1.90625,0.1669921875
14,14,420,plural,0.006811968050897121,0.006811968050897121,1.046875,1.0625,0.000141143798828125,0.00020122528076171875,1.4765625,1.46875,1.90625,0.1669921875
15,0,421,singular,0.009084558114409447,0.009084558114409447,1.296875,0.65625,0.0004520416259765625,0.000232696533203125,1.4765625,1.46875,1.90625,0.1669921875
15,0,422,plural,0.03852305933833122,0.03852305933833122,6.09375,6.1875,0.00150299072265625,0.0016021728515625,1.4765625,1.46875,1.90625,0.1669921875
15,1,423,singular,0.0135048134252429,0.0135048134252429,2.25,0.318359375,0.000568389892578125,5.817413330078125e-05,1.4765625,1.46875,1.90625,0.1669921875
15,1,424,plural,0.09370315819978714,0.09370315819978714,13.0,15.5625,0.002471923828125,0.0029449462890625,1.4765625,1.46875,1.90625,0.1669921875
15,2,425,singular,0.025257539004087448,0.025257539004087448,3.5625,0.2373046875,0.001220703125,3.5762786865234375e-05,1.4765625,1.46875,1.90625,0.1669921875
15,2,426,plural,0.38704273104667664,0.38704273104667664,49.75,49.75,0.0076904296875,0.0078125,1.4765625,1.46875,1.90625,0.1669921875
15,3,427,singular,0.2975222170352936,0.2975222170352936,42.25,39.5,0.00543212890625,0.00537109375,1.4765625,1.46875,1.90625,0.1669921875
15,3,428,plural,0.021046753972768784,0.021046753972768784,2.671875,3.109375,0.00057220458984375,0.000858306884765625,1.4765625,1.46875,1.90625,0.1669921875
15,4,429,singular,0.1192190870642662,0.1192190870642662,16.125,0.0908203125,0.00494384765625,1.5974044799804688e-05,1.4765625,1.46875,1.90625,0.1669921875
15,4,430,plural,0.16035489737987518,0.16035489737987518,23.125,23.125,0.003326416015625,0.0033721923828125,1.4765625,1.46875,1.90625,0.1669921875
15,5,431,singular,2.127033233642578,2.127033233642578,137.0,137.0,0.011474609375,0.01177978515625,1.484375,1.46875,1.90625,0.166015625
15,5,432,plural,0.02345588617026806,0.02345588617026806,3.34375,3.375,0.0006866455078125,0.00099945068359375,1.484375,1.46875,1.90625,0.166015625
15,6,433,singular,0.8261219263076782,0.8261219263076782,87.5,87.5,0.00775146484375,0.00787353515625,1.484375,1.46875,1.90625,0.166015625
15,6,434,plural,0.05764269828796387,0.05764269828796387,1.390625,9.5,0.0001697540283203125,0.0020294189453125,1.484375,1.46875,1.90625,0.166015625
15,7,435,singular,0.0035646725445985794,0.0035646725445985794,0.55078125,0.4921875,3.24249267578125e-05,5.7697296142578125e-05,1.484375,1.46875,1.90625,0.166015625
15,7,436,plural,0.012633177451789379,0.012633177451789379,1.9453125,1.96875,0.00026702880859375,0.0003986358642578125,1.484375,1.46875,1.90625,0.166015625
15,8,437,singular,0.00581229105591774,0.00581229105591774,0.890625,0.1396484375,0.00023555755615234375,2.467632293701172e-05,1.484375,1.46875,1.90625,0.166015625
15,8,438,plural,0.020148489624261856,0.020148489624261856,1.7265625,3.171875,0.0004062652587890625,0.00115203857421875,1.484375,1.46875,1.90625,0.166015625
15,9,439,singular,0.08422834426164627,0.08422834426164627,13.25,1.015625,0.0030059814453125,0.00019359588623046875,1.484375,1.46875,1.90625,0.166015625
15,9,440,plural,0.005573684815317392,0.005573684815317392,0.1435546875,0.87890625,1.0013580322265625e-05,0.000274658203125,1.484375,1.46875,1.90625,0.166015625
15,10,441,singular,0.020786069333553314,0.020786069333553314,3.28125,0.09765625,0.00083160400390625,2.175569534301758e-06,1.484375,1.46875,1.90625,0.166015625
15,10,442,plural,0.010556924156844616,0.010556924156844616,0.8828125,1.78125,0.00016880035400390625,0.00061798095703125,1.484375,1.46875,1.90625,0.166015625
15,11,443,singular,0.032552577555179596,0.032552577555179596,5.0,1.015625,0.00121307373046875,0.000217437744140625,1.484375,1.46875,1.90625,0.166015625
15,11,444,plural,0.16650405526161194,0.16650405526161194,24.25,25.25,0.004486083984375,0.00482177734375,1.484375,1.46875,1.90625,0.166015625
15,12,445,singular,0.00557261798530817,0.00557261798530817,0.79296875,0.74609375,9.012222290039062e-05,0.00018024444580078125,1.484375,1.46875,1.90625,0.166015625
15,12,446,plural,0.05503372848033905,0.05503372848033905,8.3125,8.3125,0.0017547607421875,0.00189208984375,1.484375,1.46875,1.90625,0.166015625
15,13,447,singular,0.02069581113755703,0.02069581113755703,3.28125,0.0869140625,0.000827789306640625,1.430511474609375e-06,1.484375,1.46875,1.90625,0.166015625
15,13,448,plural,0.050670720636844635,0.050670720636844635,6.9375,7.21875,0.002166748046875,0.0026397705078125,1.484375,1.46875,1.90625,0.166015625
15,14,449,singular,0.3134057819843292,0.3134057819843292,41.75,41.75,0.00732421875,0.00750732421875,1.484375,1.46875,1.90625,0.166015625
15,14,450,plural,2.127033233642578,2.127033233642578,137.0,137.0,0.0115966796875,0.01171875,1.484375,1.46875,1.90625,0.166015625
16,0,451,singular,0.007955886423587799,0.007955886423587799,1.328125,0.1513671875,0.00018405914306640625,1.1742115020751953e-05,1.484375,1.46875,1.90625,0.166015625
16,0,452,plural,0.6933095455169678,0.6933095455169678,77.5,77.5,0.007354736328125,0.007476806640625,1.484375,1.46875,1.90625,0.166015625
16,1,453,singular,1.3134057521820068,1.3134057521820068,113.5,113.5,0.0093994140625,0.00933837890625,1.484375,1.46875,1.90625,0.166015625
16,1,454,plural,0.9742343425750732,0.9742343425750732,96.5,96.5,0.0074462890625,0.00750732421875,1.484375,1.46875,1.90625,0.166015625
16,2,455,singular,0.010188947431743145,0.010188947431743145,1.4453125,1.390625,0.0002193450927734375,0.000347137451171875,1.484375,1.46875,1.90625,0.166015625
16,2,456,plural,0.026399139314889908,0.026399139314889908,0.46484375,4.4375,5.3882598876953125e-05,0.0009765625,1.484375,1.46875,1.90625,0.166015625
16,3,457,singular,0.08344190567731857,0.08344190567731857,11.5625,0.064453125,0.0032196044921875,1.2367963790893555e-06,1.484375,1.46875,1.90625,0.166015625
16,3,458,plural,0.47423434257507324,0.47423434257507324,58.5,58.5,0.004150390625,0.004119873046875,1.484375,1.46875,1.90625,0.166015625
16,4,459,singular,0.010530737228691578,0.010530737228691578,1.609375,0.376953125,0.00037384033203125,7.867813110351562e-05,1.484375,1.46875,1.90625,0.166015625
16,4,460,plural,0.004746360704302788,0.004746360704302788,0.25390625,0.8046875,3.361701965332031e-05,0.000247955322265625,1.484375,1.46875,1.90625,0.166015625
16,5,461,singular,0.12594571709632874,0.12594571709632874,19.375,2.328125,0.0036163330078125,0.000652313232421875,1.484375,1.46875,1.90625,0.166015625
16,5,462,plural,0.01432880386710167,0.01432880386710167,2.046875,2.0625,0.0003681182861328125,0.000705718994140625,1.484375,1.46875,1.90625,0.166015625
16,6,463,singular,0.007558911573141813,0.007558911573141813,1.078125,0.58203125,0.0002307891845703125,0.00021076202392578125,1.484375,1.46875,1.90625,0.166015625
16,6,464,plural,0.024542083963751793,0.024542083963751793,3.359375,3.5625,0.00074005126953125,0.00140380859375,1.484375,1.46875,1.90625,0.166015625
16,7,465,singular,0.04537718743085861,0.04537718743085861,6.9375,1.875,0.00162506103515625,0.000492095947265625,1.484375,1.46875,1.90625,0.166015625
16,7,466,plural,0.030128616839647293,0.030128616839647293,4.78125,4.84375,0.001068115234375,0.00151824951171875,1.484375,1.46875,1.90625,0.166015625
16,8,467,singular,0.02694525755941868,0.02694525755941868,4.25,0.1826171875,0.00115966796875,9.775161743164062e-06,1.484375,1.46875,1.90625,0.166015625
16,8,468,plural,0.020706787705421448,0.020706787705421448,2.671875,3.0625,0.000621795654296875,0.0011444091796875,1.484375,1.46875,1.90625,0.166015625
16,9,469,singular,0.017754437401890755,0.017754437401890755,2.515625,0.2109375,0.000766754150390625,3.1948089599609375e-05,1.484375,1.46875,1.90625,0.166015625
16,9,470,plural,0.02334059774875641,0.02334059774875641,3.5625,3.578125,0.0006561279296875,0.00112152099609375,1.484375,1.46875,1.90625,0.166015625
16,10,471,singular,1.3134057521820068,1.3134057521820068,113.5,113.5,0.01116943359375,0.011474609375,1.484375,1.46875,1.90625,0.166015625
16,10,472,plural,0.004260154906660318,0.004260154906660318,0.09912109375,0.671875,1.0132789611816406e-05,0.000286102294921875,1.484375,1.46875,1.90625,0.166015625
16,11,473,singular,0.07952102273702621,0.07952102273702621,12.5625,10.9375,0.0019683837890625,0.0022735595703125,1.484375,1.46875,1.90625,0.166015625
16,11,474,plural,0.11470981687307358,0.11470981687307358,16.25,18.875,0.0026092529296875,0.003204345703125,1.484375,1.46875,1.90625,0.1650390625
16,12,475,singular,0.003986745607107878,0.003986745607107878,0.61328125,0.5546875,5.841255187988281e-05,0.0001468658447265625,1.484375,1.46875,1.90625,0.1650390625
16,12,476,plural,0.09357821941375732,0.09357821941375732,13.875,14.6875,0.0028228759765625,0.0031890869140625,1.484375,1.46875,1.90625,0.1650390625
16,13,477,singular,0.02096037194132805,0.02096037194132805,3.3125,0.1259765625,0.000865936279296875,3.11434268951416e-06,1.484375,1.46875,1.90625,0.1650390625
16,13,478,plural,0.008710957132279873,0.008710957132279873,1.34375,1.359375,0.00018310546875,0.0003147125244140625,1.484375,1.46875,1.90625,0.1650390625
16,14,479,singular,0.47423434257507324,0.47423434257507324,58.5,58.5,0.007720947265625,0.00787353515625,1.484375,1.46875,1.90625,0.1650390625
16,14,480,plural,0.021597083657979965,0.021597083657979965,1.9609375,3.40625,0.000614166259765625,0.00147247314453125,1.484375,1.46875,1.90625,0.1650390625
17,0,481,singular,0.010451111011207104,0.010451111011207104,1.484375,0.07763671875,0.000431060791015625,8.225440979003906e-06,1.484375,1.46875,1.90625,0.1650390625
17,0,482,plural,0.05042592063546181,0.05042592063546181,6.9375,7.1875,0.0023956298828125,0.002593994140625,1.484375,1.46875,1.90625,0.1650390625
17,1,483,singular,0.12703324854373932,0.12703324854373932,18.5,18.5,0.0030059814453125,0.0029449462890625,1.484375,1.46875,1.90625,0.1650390625
17,1,484,plural,2.5789759159088135,2.5789759159088135,144.0,144.0,0.01171875,0.01177978515625,1.484375,1.46875,1.90625,0.166015625
17,2,485,singular,0.00551998196169734,0.00551998196169734,0.7890625,0.400390625,0.000194549560546875,9.441375732421875e-05,1.484375,1.46875,1.90625,0.166015625
17,2,486,plural,0.00418679416179657,0.00418679416179657,0.0869140625,0.66015625,5.3942203521728516e-06,0.00022125244140625,1.484375,1.46875,1.90625,0.166015625
17,3,487,singular,0.47423434257507324,0.47423434257507324,58.5,58.5,0.004364013671875,0.004364013671875,1.484375,1.46875,1.90625,0.166015625
17,3,488,plural,1.3134057521820068,1.3134057521820068,113.5,113.5,0.0096435546875,0.00958251953125,1.484375,1.46875,1.90625,0.166015625
17,4,489,singular,0.011480222456157207,0.011480222456157207,1.6328125,1.5703125,0.0004024505615234375,0.0004425048828125,1.484375,1.46875,1.90625,0.166015625
17,4,490,plural,0.004695698153227568,0.004695698153227568,0.71875,0.734375,0.000133514404296875,0.00015544891357421875,1.484375,1.46875,1.90625,0.166015625
17,5,491,singular,0.010731250047683716,0.010731250047683716,1.78125,0.28125,0.00058746337890625,5.030632019042969e-05,1.484375,1.46875,1.90625,0.166015625
17,5,492,plural,0.026077598333358765,0.026077598333358765,0.41015625,4.375,5.245208740234375e-05,0.0013427734375,1.484375,1.46875,1.90625,0.166015625
17,6,493,singular,0.9742343425750732,0.9742343425750732,96.5,96.5,0.0081787109375,0.00823974609375,1.484375,1.46875,1.90625,0.166015625
17,6,494,plural,0.9742343425750732,0.9742343425750732,96.5,96.5,0.00799560546875,0.008056640625,1.484375,1.46875,1.90625,0.166015625
17,7,495,singular,0.023971375077962875,0.023971375077962875,3.78125,0.1826171875,0.00116729736328125,8.881092071533203e-06,1.484375,1.46875,1.90625,0.166015625
17,7,496,plural,0.01432880386710167,0.01432880386710167,2.046875,2.0625,0.000621795654296875,0.000701904296875,1.484375,1.46875,1.90625,0.166015625
17,8,497,singular,0.046977631747722626,0.046977631747722626,7.15625,2.125,0.0018768310546875,0.000568389892578125,1.484375,1.46875,1.90625,0.166015625
17,8,498,plural,0.0075210509821772575,0.0075210509821772575,0.50390625,1.1953125,0.00019931793212890625,0.000469207763671875,1.484375,1.46875,1.90625,0.166015625
17,9,499,singular,0.02694525755941868,0.02694525755941868,4.25,0.1826171875,0.00142669677734375,1.811981201171875e-05,1.484375,1.46875,1.90625,0.166015625
17,9,500,plural,0.004029726609587669,0.004029726609587669,0.25390625,0.68359375,3.62396240234375e-05,0.0002880096435546875,1.484375,1.46875,1.90625,0.166015625
17,10,501,singular,0.009248747490346432,0.009248747490346432,1.4296875,1.328125,0.000499725341796875,0.000545501708984375,1.484375,1.46875,1.90625,0.166015625
17,10,502,plural,0.0591043196618557,0.0591043196618557,8.125,10.0,0.00186920166015625,0.00225830078125,1.484375,1.46875,1.90625,0.166015625
17,11,503,singular,0.13854160904884338,0.13854160904884338,21.125,19.25,0.003509521484375,0.003265380859375,1.484375,1.46875,1.90625,0.1650390625
17,11,504,plural,0.05190898850560188,0.05190898850560188,7.78125,8.3125,0.0018310546875,0.0020904541015625,1.484375,1.46875,1.90625,0.1650390625
17,12,505,singular,0.008210713975131512,0.008210713975131512,1.2578125,0.294921875,0.000446319580078125,7.581710815429688e-05,1.484375,1.46875,1.90625,0.1650390625
17,12,506,plural,0.02334059774875641,0.02334059774875641,3.5625,3.578125,0.000782012939453125,0.000946044921875,1.484375,1.46875,1.90625,0.1650390625
17,13,507,singular,0.08823825418949127,0.08823825418949127,13.875,1.671875,0.00372314453125,0.000545501708984375,1.484375,1.46875,1.90625,0.1650390625
17,13,508,plural,0.030128616839647293,0.030128616839647293,4.78125,4.84375,0.00130462646484375,0.0015106201171875,1.484375,1.46875,1.90625,0.1650390625
17,14,509,singular,0.0656224936246872,0.0656224936246872,9.125,0.05810546875,0.003631591796875,4.5299530029296875e-06,1.484375,1.46875,1.90625,0.1650390625
17,14,510,plural,0.020406654104590416,0.020406654104590416,2.671875,3.0,0.0006561279296875,0.00128936767578125,1.484375,1.46875,1.90625,0.1650390625
18,0,511,singular,0.007249715272337198,0.007249715272337198,1.109375,0.259765625,0.000339508056640625,7.867813110351562e-05,1.484375,1.46875,1.90625,0.1650390625
18,0,512,plural,0.045947540551424026,0.045947540551424026,6.90625,7.40625,0.0017547607421875,0.002349853515625,1.484375,1.46875,1.90625,0.1650390625
18,1,513,singular,0.005891932174563408,0.005891932174563408,0.83984375,0.453125,0.0002536773681640625,0.0002288818359375,1.484375,1.46875,1.90625,0.1650390625
18,1,514,plural,0.47423434257507324,0.47423434257507324,58.5,58.5,0.00946044921875,0.00958251953125,1.484375,1.46875,1.90625,0.1650390625
18,2,515,singular,0.01473966334015131,0.01473966334015131,2.4375,0.5234375,0.000797271728515625,0.00013446807861328125,1.484375,1.46875,1.90625,0.1650390625
18,2,516,plural,0.0025216706562787294,0.0025216706562787294,0.38671875,0.39453125,4.9114227294921875e-05,7.152557373046875e-05,1.484375,1.46875,1.90625,0.1650390625
18,3,517,singular,0.018173841759562492,0.018173841759562492,2.578125,0.26953125,0.00098419189453125,6.532669067382812e-05,1.484375,1.46875,1.90625,0.1650390625
18,3,518,plural,0.005316879600286484,0.005316879600286484,0.306640625,0.84765625,5.1975250244140625e-05,0.000461578369140625,1.484375,1.46875,1.90625,0.1650390625
18,4,519,singular,0.016842776909470558,0.016842776909470558,2.59375,2.453125,0.001129150390625,0.0013885498046875,1.484375,1.46875,1.90625,0.1650390625
18,4,520,plural,0.018447965383529663,0.018447965383529663,2.9375,3.0,0.000885009765625,0.00133514404296875,1.484375,1.46875,1.90625,0.1650390625
18,5,521,singular,0.10265269875526428,0.10265269875526428,16.0,2.390625,0.005096435546875,0.00128936767578125,1.484375,1.46875,1.90625,0.1650390625
18,5,522,plural,0.011320524848997593,0.011320524848997593,1.4453125,1.671875,0.0004215240478515625,0.00089263916015625,1.484375,1.46875,1.90625,0.1650390625
18,6,523,singular,2.127033233642578,2.127033233642578,137.0,137.0,0.01220703125,0.01251220703125,1.484375,1.46875,1.90625,0.1650390625
18,6,524,plural,0.024389810860157013,0.024389810860157013,3.359375,3.515625,0.0009307861328125,0.0014801025390625,1.484375,1.46875,1.90625,0.1650390625
18,7,525,singular,0.03551569581031799,0.03551569581031799,5.4375,1.4765625,0.00133514404296875,0.00042724609375,1.484375,1.46875,1.90625,0.1650390625
18,7,526,plural,0.026395076885819435,0.026395076885819435,4.03125,4.03125,0.0008544921875,0.00125885009765625,1.484375,1.46875,1.90625,0.1650390625
18,8,527,singular,0.09834466874599457,0.09834466874599457,15.375,13.8125,0.002410888671875,0.002716064453125,1.484375,1.46875,1.90625,0.1650390625
18,8,528,plural,0.004029726609587669,0.004029726609587669,0.25390625,0.68359375,3.337860107421875e-05,0.0002651214599609375,1.484375,1.46875,1.90625,0.1650390625
18,9,529,singular,0.6933095455169678,0.6933095455169678,77.5,77.5,0.009033203125,0.00927734375,1.484375,1.46875,1.90625,0.1650390625
18,9,530,plural,0.10189386457204819,0.10189386457204819,14.625,16.75,0.0023956298828125,0.0030059814453125,1.484375,1.46875,1.90625,0.1650390625
18,10,531,singular,0.012647774070501328,0.012647774070501328,2.015625,0.06005859375,0.000522613525390625,4.76837158203125e-07,1.484375,1.46875,1.90625,0.1650390625
18,10,532,plural,0.03535691648721695,0.03535691648721695,0.86328125,5.90625,0.00010776519775390625,0.00177764892578125,1.484375,1.46875,1.90625,0.1650390625
18,11,533,singular,0.0038060147780925035,0.0038060147780925035,0.54296875,0.51171875,8.344650268554688e-05,9.584426879882812e-05,1.484375,1.46875,1.90625,0.1650390625
18,11,534,plural,0.0033195887226611376,0.0033195887226611376,0.07666015625,0.5234375,4.291534423828125e-06,0.0001850128173828125,1.484375,1.46875,1.90625,0.1650390625
18,12,535,singular,0.20153875648975372,0.20153875648975372,28.375,28.375,0.0035400390625,0.003509521484375,1.484375,1.46875,1.90625,0.1650390625
18,12,536,plural,2.127033233642578,2.127033233642578,137.0,137.0,0.01153564453125,0.0115966796875,1.484375,1.46875,1.90625,0.1650390625
18,13,537,singular,0.016536790877580643,0.016536790877580643,2.609375,0.1259765625,0.000782012939453125,8.881092071533203e-06,1.484375,1.46875,1.90625,0.1650390625
18,13,538,plural,0.6933095455169678,0.6933095455169678,77.5,77.5,0.0074462890625,0.00750732421875,1.484375,1.46875,1.90625,0.1650390625
18,14,539,singular,0.05817887932062149,0.05817887932062149,8.1875,0.05859375,0.0028076171875,2.1904706954956055e-06,1.484375,1.46875,1.90625,0.1650390625
18,14,540,plural,0.008715329691767693,0.008715329691767693,1.25,1.2578125,0.0002880096435546875,0.000537872314453125,1.484375,1.46875,1.90625,0.1650390625
19,0,541,singular,0.009108420461416245,0.009108420461416245,1.40625,1.328125,0.0003032684326171875,0.000484466552734375,1.484375,1.46875,1.90625,0.1650390625
19,0,542,plural,0.014957185834646225,0.014957185834646225,2.0625,2.171875,0.000522613525390625,0.00093841552734375,1.484375,1.46875,1.90625,0.1650390625
19,1,543,singular,0.010955658741295338,0.010955658741295338,1.8203125,0.318359375,0.000484466552734375,7.82012939453125e-05,1.484375,1.46875,1.90625,0.1650390625
19,1,544,plural,0.002881662454456091,0.002881662454456091,0.154296875,0.490234375,1.0728836059570312e-05,0.00018215179443359375,1.484375,1.46875,1.90625,0.1650390625
19,2,545,singular,0.021166041493415833,0.021166041493415833,3.359375,0.1630859375,0.0012054443359375,1.2159347534179688e-05,1.484375,1.46875,1.90625,0.1650390625
19,2,546,plural,0.018224060535430908,0.018224060535430908,2.78125,2.796875,0.000614166259765625,0.00091552734375,1.484375,1.46875,1.90625,0.1650390625
19,3,547,singular,0.07045386731624603,0.07045386731624603,11.125,1.5,0.0032196044921875,0.000640869140625,1.484375,1.46875,1.90625,0.1650390625
19,3,548,plural,0.3134057819843292,0.3134057819843292,41.75,41.75,0.00537109375,0.006072998046875,1.484375,1.4765625,1.90625,0.1640625
19,4,549,singular,0.021471431478857994,0.021471431478857994,3.390625,0.20703125,0.00116729736328125,3.6716461181640625e-05,1.484375,1.4765625,1.90625,0.1640625
19,4,550,plural,0.008715329691767693,0.008715329691767693,1.25,1.2578125,0.0003414154052734375,0.000690460205078125,1.484375,1.4765625,1.90625,0.1640625
19,5,551,singular,1.9103258848190308,1.9103258848190308,132.0,132.0,0.01153564453125,0.01177978515625,1.484375,1.46875,1.90625,0.1650390625
19,5,552,plural,0.00841783918440342,0.00841783918440342,0.64453125,1.328125,0.00018024444580078125,0.00077056884765625,1.484375,1.46875,1.90625,0.1650390625
19,6,553,singular,0.004851237405091524,0.004851237405091524,0.74609375,0.158203125,0.000255584716796875,5.841255187988281e-05,1.484375,1.46875,1.90625,0.1650390625
19,6,554,plural,0.005292571149766445,0.005292571149766445,0.81640625,0.828125,0.000141143798828125,0.0002880096435546875,1.484375,1.46875,1.90625,0.1650390625
19,7,555,singular,0.00697866128757596,0.00697866128757596,0.99609375,0.95703125,0.0002880096435546875,0.000457763671875,1.484375,1.46875,1.90625,0.1650390625
19,7,556,plural,0.02061944268643856,0.02061944268643856,0.36328125,3.46875,5.2928924560546875e-05,0.00152587890625,1.484375,1.46875,1.90625,0.1650390625
19,8,557,singular,0.6933095455169678,0.6933095455169678,77.5,77.5,0.00811767578125,0.00823974609375,1.484375,1.46875,1.90625,0.1650390625
19,8,558,plural,1.502048373222351,1.502048373222351,121.0,121.0,0.00994873046875,0.00994873046875,1.484375,1.46875,1.90625,0.1650390625
19,9,559,singular,0.010806137695908546,0.010806137695908546,1.53125,0.12890625,0.000553131103515625,3.170967102050781e-05,1.484375,1.46875,1.90625,0.1650390625
19,9,560,plural,0.051519349217414856,0.051519349217414856,7.78125,8.25,0.00188446044921875,0.0021820068359375,1.484375,1.46875,1.90625,0.1650390625
19,10,561,singular,0.03677469864487648,0.03677469864487648,5.65625,1.6640625,0.0016021728515625,0.000469207763671875,1.484375,1.46875,1.90625,0.1650390625
19,10,562,plural,0.5760815143585205,0.5760815143585205,68.0,68.0,0.007232666015625,0.00738525390625,1.484375,1.46875,1.90625,0.1650390625
19,11,563,singular,1.7015388011932373,1.7015388011932373,127.0,127.0,0.00982666015625,0.00982666015625,1.484375,1.46875,1.90625,0.1650390625
19,11,564,plural,0.03841649368405342,0.03841649368405342,6.09375,6.15625,0.00160980224609375,0.001708984375,1.484375,1.46875,1.90625,0.1650390625
19,12,565,singular,0.040313366800546646,0.040313366800546646,5.6875,0.036376953125,0.002197265625,1.0654330253601074e-06,1.484375,1.46875,1.90625,0.1650390625
19,12,566,plural,0.017795776948332787,0.017795776948332787,2.359375,2.625,0.000530242919921875,0.0010833740234375,1.484375,1.46875,1.90625,0.1650390625
19,13,567,singular,0.08727811276912689,0.08727811276912689,13.6875,12.3125,0.002197265625,0.0023345947265625,1.484375,1.46875,1.90625,0.1650390625
19,13,568,plural,0.0025417660363018513,0.0025417660363018513,0.052734375,0.400390625,1.6689300537109375e-06,0.00010442733764648438,1.484375,1.46875,1.90625,0.1650390625
19,14,569,singular,0.003577738767489791,0.003577738767489791,0.51171875,0.275390625,0.000133514404296875,6.079673767089844e-05,1.484375,1.46875,1.90625,0.1650390625
19,14,570,plural,0.06411133706569672,0.06411133706569672,9.25,10.8125,0.0018310546875,0.00213623046875,1.484375,1.46875,1.90625,0.1650390625
20,0,571,singular,0.012754296883940697,0.012754296883940697,2.03125,0.0771484375,0.000644683837890625,4.112720489501953e-06,1.484375,1.46875,1.90625,0.1650390625
20,0,572,plural,0.8260815739631653,0.8260815739631653,87.5,87.5,0.00823974609375,0.00830078125,1.484375,1.46875,1.90625,0.1650390625
20,1,573,singular,0.010926181450486183,0.010926181450486183,1.5546875,0.146484375,0.000522613525390625,3.552436828613281e-05,1.484375,1.46875,1.90625,0.1650390625
20,1,574,plural,0.014957185834646225,0.014957185834646225,2.0625,2.171875,0.000690460205078125,0.00087738037109375,1.484375,1.46875,1.90625,0.1650390625
20,2,575,singular,0.008542543277144432,0.008542543277144432,1.4140625,0.2490234375,0.0004177093505859375,5.841255187988281e-05,1.484375,1.46875,1.90625,0.1650390625
20,2,576,plural,0.00456837797537446,0.00456837797537446,0.306640625,0.72265625,5.459785461425781e-05,0.000362396240234375,1.484375,1.46875,1.90625,0.1650390625
20,3,577,singular,0.04317746311426163,0.04317746311426163,6.59375,2.140625,0.002044677734375,0.000690460205078125,1.484375,1.46875,1.90625,0.1650390625
20,3,578,plural,0.02354193665087223,0.02354193665087223,3.75,3.8125,0.00107574462890625,0.00133514404296875,1.484375,1.46875,1.90625,0.1650390625
20,4,579,singular,0.009108420461416245,0.009108420461416245,1.40625,1.328125,0.000518798828125,0.00061798095703125,1.484375,1.46875,1.90625,0.1650390625
20,4,580,plural,0.011136752553284168,0.011136752553284168,1.4453125,1.6484375,0.0004520416259765625,0.0006866455078125,1.484375,1.46875,1.90625,0.1650390625
20,5,581,singular,0.016642196103930473,0.016642196103930473,2.625,0.142578125,0.00109100341796875,2.09808349609375e-05,1.484375,1.46875,1.90625,0.1650390625
20,5,582,plural,0.00322370114736259,0.00322370114736259,0.49609375,0.50390625,0.00011110305786132812,0.00012874603271484375,1.484375,1.46875,1.90625,0.1650390625
20,6,583,singular,1.5020484924316406,1.5020484924316406,121.0,121.0,0.0115966796875,0.01171875,1.484375,1.46875,1.90625,0.1650390625
20,6,584,plural,0.06524519622325897,0.06524519622325897,9.8125,10.375,0.0023956298828125,0.0027008056640625,1.484375,1.46875,1.90625,0.1650390625
20,7,585,singular,0.3870048522949219,0.3870048522949219,49.75,49.75,0.004302978515625,0.004302978515625,1.484375,1.46875,1.90625,0.1650390625
20,7,586,plural,0.02717580273747444,0.02717580273747444,0.59765625,4.5625,7.295608520507812e-05,0.0015716552734375,1.484375,1.46875,1.90625,0.1650390625
20,8,587,singular,0.0027822854463011026,0.0027822854463011026,0.3984375,0.189453125,0.0001354217529296875,3.4332275390625e-05,1.484375,1.46875,1.90625,0.1650390625
20,8,588,plural,1.502048373222351,1.502048373222351,121.0,121.0,0.0103759765625,0.0103759765625,1.484375,1.46875,1.90625,0.1650390625
20,9,589,singular,0.10950691252946854,0.10950691252946854,17.0,15.4375,0.0025634765625,0.0025177001953125,1.484375,1.46875,1.90625,0.1650390625
20,9,590,plural,0.00250252615660429,0.00250252615660429,0.046875,0.396484375,1.519918441772461e-06,0.00011157989501953125,1.484375,1.46875,1.90625,0.1650390625
20,10,591,singular,0.0049881297163665295,0.0049881297163665295,0.765625,0.1787109375,0.00031280517578125,5.14984130859375e-05,1.484375,1.46875,1.90625,0.1650390625
20,10,592,plural,0.009856720454990864,0.009856720454990864,1.4140625,1.4296875,0.000522613525390625,0.0005340576171875,1.484375,1.46875,1.90625,0.1650390625
20,11,593,singular,0.04753058776259422,0.04753058776259422,7.59375,0.8203125,0.002410888671875,0.0001926422119140625,1.484375,1.46875,1.90625,0.1650390625
20,11,594,plural,0.5760815143585205,0.5760815143585205,68.0,68.0,0.00738525390625,0.0074462890625,1.4765625,1.4765625,1.90625,0.1650390625
20,12,595,singular,1.7015388011932373,1.7015388011932373,127.0,127.0,0.01025390625,0.01025390625,1.484375,1.46875,1.90625,0.1640625
20,12,596,plural,0.004029726609587669,0.004029726609587669,0.25390625,0.68359375,3.2901763916015625e-05,0.00022602081298828125,1.484375,1.46875,1.90625,0.1640625
20,13,597,singular,0.040313366800546646,0.040313366800546646,5.6875,0.036376953125,0.0022735595703125,9.611248970031738e-07,1.484375,1.46875,1.90625,0.1650390625
20,13,598,plural,0.05787448585033417,0.05787448585033417,8.125,9.75,0.00147247314453125,0.00201416015625,1.484375,1.46875,1.90625,0.1640625
20,14,599,singular,0.00697866128757596,0.00697866128757596,0.99609375,0.95703125,0.00021457672119140625,0.000316619873046875,1.484375,1.46875,1.90625,0.1640625
20,14,600,plural,0.020615939050912857,0.020615939050912857,3.15625,3.15625,0.0006561279296875,0.0008544921875,1.484375,1.46875,1.90625,0.1640625
21,0,601,singular,0.012902232818305492,0.012902232818305492,2.046875,0.0986328125,0.0007171630859375,8.821487426757812e-06,1.484375,1.46875,1.90625,0.1640625
21,0,602,plural,0.02354193665087223,0.02354193665087223,3.75,3.8125,0.001068115234375,0.0012359619140625,1.484375,1.46875,1.90625,0.1640625
21,1,603,singular,0.004282352048903704,0.004282352048903704,0.65625,0.1396484375,0.00028228759765625,4.1484832763671875e-05,1.484375,1.46875,1.90625,0.1640625
21,1,604,plural,0.021435726433992386,0.021435726433992386,2.96875,3.109375,0.0011138916015625,0.00156402587890625,1.484375,1.46875,1.90625,0.1640625
21,2,605,singular,0.008425877429544926,0.008425877429544926,1.1953125,0.1005859375,0.0004119873046875,8.58306884765625e-06,1.484375,1.46875,1.90625,0.1640625
21,2,606,plural,0.006561757531017065,0.006561757531017065,0.50390625,1.0390625,0.0001773834228515625,0.00060272216796875,1.484375,1.46875,1.90625,0.1640625
21,3,607,singular,0.5760815739631653,0.5760815739631653,68.0,68.0,0.00811767578125,0.00823974609375,1.484375,1.46875,1.90625,0.1640625
21,3,608,plural,0.0825405940413475,0.0825405940413475,12.4375,13.0,0.0030517578125,0.0032806396484375,1.484375,1.46875,1.90625,0.1640625
21,4,609,singular,0.009902754798531532,0.009902754798531532,1.578125,0.05322265625,0.00049591064453125,1.8328428268432617e-06,1.484375,1.46875,1.90625,0.1640625
21,4,610,plural,0.005987327080219984,0.005987327080219984,0.92578125,0.9375,0.00017261505126953125,0.000308990478515625,1.484375,1.46875,1.90625,0.1640625
21,5,611,singular,0.027767643332481384,0.027767643332481384,4.28125,1.15625,0.001434326171875,0.0003452301025390625,1.484375,1.46875,1.90625,0.1640625
21,5,612,plural,1.502048373222351,1.502048373222351,121.0,121.0,0.011474609375,0.01153564453125,1.484375,1.46875,1.90625,0.1650390625
21,6,613,singular,0.010093126446008682,0.010093126446008682,1.4375,1.390625,0.00042724609375,0.00046539306640625,1.484375,1.46875,1.90625,0.1650390625
21,6,614,plural,0.01589766889810562,0.01589766889810562,0.251953125,2.671875,3.719329833984375e-05,0.000919342041015625,1.484375,1.46875,1.90625,0.1650390625
21,7,615,singular,0.04819673299789429,0.04819673299789429,7.71875,0.9296875,0.0024871826171875,0.0002803802490234375,1.484375,1.46875,1.90625,0.1650390625
21,7,616,plural,0.47423434257507324,0.47423434257507324,58.5,58.5,0.00714111328125,0.00732421875,1.4765625,1.4765625,1.90625,0.1650390625
21,8,617,singular,0.010249244049191475,0.010249244049191475,1.578125,1.5078125,0.000499725341796875,0.0006866455078125,1.4765625,1.4765625,1.90625,0.1640625
21,8,618,plural,0.006007353309541941,0.006007353309541941,0.859375,0.87109375,0.0002460479736328125,0.0003833770751953125,1.4765625,1.4765625,1.90625,0.1640625
21,9,619,singular,0.011497781611979008,0.011497781611979008,1.90625,0.41015625,0.000865936279296875,0.00011444091796875,1.4765625,1.4765625,1.90625,0.1640625
21,9,620,plural,0.009834527969360352,0.009834527969360352,1.2734375,1.453125,0.0004329681396484375,0.000675201416015625,1.4765625,1.4765625,1.90625,0.1640625
21,10,621,singular,0.0064718653447926044,0.0064718653447926044,0.921875,0.58203125,0.000476837158203125,0.0003452301025390625,1.4765625,1.4765625,1.90625,0.1640625
21,10,622,plural,0.0328359380364418,0.0328359380364418,4.5,5.59375,0.00113677978515625,0.00167083740234375,1.4765625,1.4765625,1.90625,0.1640625
21,11,623,singular,1.9103258848190308,1.9103258848190308,132.0,132.0,0.01165771484375,0.01171875,1.484375,1.46875,1.90625,0.1640625
21,11,624,plural,0.003139806678518653,0.003139806678518653,0.1982421875,0.53125,3.361701965332031e-05,0.00021839141845703125,1.484375,1.46875,1.90625,0.1640625
21,12,625,singular,0.5760815739631653,0.5760815739631653,68.0,68.0,0.00732421875,0.007415771484375,1.484375,1.46875,1.90625,0.1640625
21,12,626,plural,1.502048373222351,1.502048373222351,121.0,121.0,0.009765625,0.009765625,1.484375,1.46875,1.90625,0.1640625
21,13,627,singular,0.09724428504705429,0.09724428504705429,15.1875,13.8125,0.0023345947265625,0.002410888671875,1.484375,1.46875,1.90625,0.1640625
21,13,628,plural,0.0019493164727464318,0.0019493164727464318,0.036376953125,0.306640625,1.9073486328125e-06,0.00010967254638671875,1.484375,1.46875,1.90625,0.1640625
21,14,629,singular,0.035689521580934525,0.035689521580934525,5.0625,0.036376953125,0.002105712890625,6.034970283508301e-07,1.484375,1.46875,1.90625,0.1640625
21,14,630,plural,0.01609218120574951,0.01609218120574951,2.46875,2.484375,0.0004405975341796875,0.000621795654296875,1.484375,1.46875,1.90625,0.1640625
22,0,631,singular,0.008519613184034824,0.008519613184034824,1.2109375,0.11376953125,0.0003452301025390625,1.1801719665527344e-05,1.484375,1.46875,1.90625,0.1640625
22,0,632,plural,0.00482430774718523,0.00482430774718523,0.34765625,0.76953125,5.936622619628906e-05,0.0003757476806640625,1.484375,1.46875,1.90625,0.1640625
22,1,633,singular,0.006401983089745045,0.006401983089745045,1.0625,0.1513671875,0.0003337860107421875,2.4199485778808594e-05,1.484375,1.46875,1.90625,0.1640625
22,1,634,plural,0.04065680503845215,0.04065680503845215,6.09375,6.53125,0.00168609619140625,0.00193023681640625,1.484375,1.46875,1.90625,0.1640625
22,2,635,singular,0.8260815143585205,0.8260815143585205,87.5,87.5,0.0093994140625,0.0093994140625,1.484375,1.46875,1.9140625,0.1640625
22,2,636,plural,0.06411133706569672,0.06411133706569672,9.25,10.8125,0.00186920166015625,0.0023193359375,1.484375,1.46875,1.9140625,0.1640625
22,3,637,singular,0.02462652698159218,0.02462652698159218,3.5,0.0196533203125,0.00156402587890625,0.0,1.484375,1.46875,1.9140625,0.1640625
22,3,638,plural,0.03841649368405342,0.03841649368405342,6.09375,6.15625,0.0018310546875,0.001861572265625,1.484375,1.46875,1.9140625,0.1640625
22,4,639,singular,0.028755931183695793,0.028755931183695793,4.4375,1.3125,0.0012969970703125,0.00030517578125,1.484375,1.46875,1.9140625,0.1640625
22,4,640,plural,1.502048373222351,1.502048373222351,121.0,121.0,0.01043701171875,0.01043701171875,1.484375,1.46875,1.90625,0.1640625
22,5,641,singular,0.0038338033482432365,0.0038338033482432365,0.55078125,0.3125,0.0001773834228515625,7.295608520507812e-05,1.484375,1.46875,1.90625,0.1640625
22,5,642,plural,0.00322370114736259,0.00322370114736259,0.49609375,0.50390625,5.888938903808594e-05,0.00011301040649414062,1.484375,1.46875,1.90625,0.1640625
22,6,643,singular,0.005619917064905167,0.005619917064905167,0.87109375,0.80859375,0.00022220611572265625,0.000274658203125,1.484375,1.46875,1.90625,0.1640625
22,6,644,plural,0.009856720454990864,0.009856720454990864,1.4140625,1.4296875,0.000530242919921875,0.000629425048828125,1.484375,1.46875,1.90625,0.1640625
22,7,645,singular,0.007869194261729717,0.007869194261729717,1.1171875,1.0859375,0.00035858154296875,0.00042724609375,1.484375,1.46875,1.90625,0.1640625
22,7,646,plural,0.01572377234697342,0.01572377234697342,0.2216796875,2.65625,2.3365020751953125e-05,0.00106048583984375,1.484375,1.46875,1.90625,0.1640625
22,8,647,singular,0.012984606437385082,0.012984606437385082,2.046875,0.11181640625,0.000843048095703125,1.9431114196777344e-05,1.484375,1.46875,1.90625,0.1640625
22,8,648,plural,0.014221508987247944,0.014221508987247944,2.171875,2.1875,0.000537872314453125,0.0007171630859375,1.484375,1.46875,1.90625,0.1640625
22,9,649,singular,0.8260815143585205,0.8260815143585205,87.5,87.5,0.00982666015625,0.00982666015625,1.484375,1.46875,1.9140625,0.1640625
22,9,650,plural,1.502048373222351,1.502048373222351,121.0,121.0,0.0103759765625,0.0103759765625,1.484375,1.46875,1.90625,0.1640625
22,10,651,singular,0.01289117056876421,0.01289117056876421,2.0625,0.09912109375,0.00078582763671875,1.1444091796875e-05,1.484375,1.46875,1.90625,0.1640625
22,10,652,plural,0.002244930947199464,0.002244930947199464,0.12060546875,0.380859375,5.781650543212891e-06,0.000133514404296875,1.484375,1.46875,1.90625,0.1640625
22,11,653,singular,0.09724428504705429,0.09724428504705429,15.1875,13.8125,0.0025787353515625,0.0025787353515625,1.484375,1.46875,1.9140625,0.1640625
22,11,654,plural,0.5760815143585205,0.5760815143585205,68.0,68.0,0.00732421875,0.007354736328125,1.4765625,1.4765625,1.90625,0.1640625
22,12,655,singular,1.7015388011932373,1.7015388011932373,127.0,127.0,0.0098876953125,0.00982666015625,1.484375,1.46875,1.9140625,0.1640625
22,12,656,plural,0.016733406111598015,0.016733406111598015,2.328125,2.4375,0.000823974609375,0.0010528564453125,1.484375,1.46875,1.9140625,0.1640625
22,13,657,singular,0.03720974922180176,0.03720974922180176,6.0,0.64453125,0.0018157958984375,0.00015735626220703125,1.484375,1.46875,1.9140625,0.1640625
22,13,658,plural,0.0019493164727464318,0.0019493164727464318,0.036376953125,0.306640625,4.805624485015869e-07,8.821487426757812e-05,1.484375,1.46875,1.9140625,0.1640625
22,14,659,singular,0.003886884544044733,0.003886884544044733,0.59375,0.1396484375,0.0002346038818359375,4.100799560546875e-05,1.484375,1.46875,1.9140625,0.1640625
22,14,660,plural,0.013886621221899986,0.013886621221899986,1.8515625,2.0625,0.000690460205078125,0.000782012939453125,1.484375,1.46875,1.9140625,0.1640625
23,0,661,singular,0.5760815739631653,0.5760815739631653,68.0,68.0,0.00732421875,0.00738525390625,1.484375,1.46875,1.9140625,0.1640625
23,0,662,plural,1.502048373222351,1.502048373222351,121.0,121.0,0.009765625,0.009765625,1.484375,1.4765625,1.9140625,0.1630859375
23,1,663,singular,0.03773392736911774,0.03773392736911774,6.09375,0.73046875,0.0018463134765625,0.00022792816162109375,1.484375,1.4765625,1.9140625,0.1630859375
23,1,664,plural,0.012402786873281002,0.012402786873281002,0.197265625,2.09375,1.6927719116210938e-05,0.0008697509765625,1.484375,1.4765625,1.9140625,0.1630859375
23,2,665,singular,0.8260815143585205,0.8260815143585205,87.5,87.5,0.007537841796875,0.00762939453125,1.484375,1.46875,1.9140625,0.1640625
23,2,666,plural,0.003139806678518653,0.003139806678518653,0.1982421875,0.53125,3.314018249511719e-05,0.00022411346435546875,1.484375,1.46875,1.9140625,0.1640625
23,3,667,singular,0.0026112052146345377,0.0026112052146345377,0.375,0.189453125,0.00015735626220703125,4.601478576660156e-05,1.484375,1.46875,1.9140625,0.1640625
23,3,668,plural,0.023319285362958908,0.023319285362958908,3.5625,3.578125,0.00110626220703125,0.0012359619140625,1.484375,1.46875,1.9140625,0.1640625
23,4,669,singular,0.028755931183695793,0.028755931183695793,4.4375,1.3125,0.00144195556640625,0.000423431396484375,1.484375,1.46875,1.9140625,0.1640625
23,4,670,plural,0.004124349914491177,0.004124349914491177,0.63671875,0.64453125,0.00014591217041015625,0.0002536773681640625,1.484375,1.46875,1.9140625,0.1640625
23,5,671,singular,0.00482596829533577,0.00482596829533577,0.69140625,0.66015625,0.00018024444580078125,0.000263214111328125,1.484375,1.46875,1.9140625,0.1640625
23,5,672,plural,1.1370048522949219,1.1370048522949219,105.5,105.5,0.0098876953125,0.0098876953125,1.484375,1.4765625,1.9140625,0.1630859375
23,6,673,singular,0.0053190141916275024,0.0053190141916275024,0.81640625,0.2294921875,0.0003833770751953125,0.00011491775512695312,1.484375,1.4765625,1.9140625,0.1630859375
23,6,674,plural,0.006793971173465252,0.006793971173465252,0.97265625,0.984375,0.0004100799560546875,0.000576019287109375,1.484375,1.4765625,1.9140625,0.1630859375
23,7,675,singular,0.008625867776572704,0.008625867776572704,1.2265625,0.12890625,0.000701904296875,2.2649765014648438e-05,1.484375,1.4765625,1.9140625,0.1630859375
23,7,676,plural,0.028361566364765167,0.028361566364765167,4.25,4.59375,0.0014495849609375,0.00164031982421875,1.484375,1.4765625,1.9140625,0.1630859375
23,8,677,singular,0.006659338716417551,0.006659338716417551,1.109375,0.193359375,0.0004596710205078125,5.984306335449219e-05,1.484375,1.4765625,1.9140625,0.1630859375
23,8,678,plural,0.0014972201315686107,0.0014972201315686107,0.0250244140625,0.236328125,2.4586915969848633e-07,0.00011301040649414062,1.484375,1.4765625,1.9140625,0.1630859375
23,9,679,singular,0.01289117056876421,0.01289117056876421,2.0625,0.09912109375,0.00102996826171875,1.9073486328125e-05,1.484375,1.4765625,1.9140625,0.1630859375
23,9,680,plural,0.0035596834495663643,0.0035596834495663643,0.23828125,0.56640625,5.6743621826171875e-05,0.000431060791015625,1.484375,1.4765625,1.9140625,0.1630859375
23,10,681,singular,0.03572310879826546,0.03572310879826546,5.0625,0.041259765625,0.002777099609375,2.1904706954956055e-06,1.484375,1.4765625,1.9140625,0.1630859375
23,10,682,plural,0.01838219165802002,0.01838219165802002,2.9375,2.96875,0.00109100341796875,0.00146484375,1.484375,1.4765625,1.9140625,0.1630859375
23,11,683,singular,1.1370048522949219,1.1370048522949219,105.5,105.5,0.01055908203125,0.0106201171875,1.484375,1.46875,1.9140625,0.1640625
23,11,684,plural,0.015538224950432777,0.015538224950432777,2.09375,2.296875,0.00074005126953125,0.001251220703125,1.484375,1.46875,1.9140625,0.1640625
23,12,685,singular,0.010005911812186241,0.010005911812186241,1.5859375,0.06787109375,0.000762939453125,5.3942203521728516e-06,1.484375,1.46875,1.9140625,0.1640625
23,12,686,plural,1.1370048522949219,1.1370048522949219,105.5,105.5,0.00994873046875,0.00994873046875,1.484375,1.4765625,1.9140625,0.1630859375
23,13,687,singular,0.09724428504705429,0.09724428504705429,15.1875,13.8125,0.0025482177734375,0.002655029296875,1.484375,1.4765625,1.9140625,0.1630859375
23,13,688,plural,0.013128743506968021,0.013128743506968021,1.8203125,1.9140625,0.000637054443359375,0.0008087158203125,1.484375,1.4765625,1.9140625,0.1630859375
23,14,689,singular,0.006314445752650499,0.006314445752650499,0.97265625,0.91796875,0.000263214111328125,0.0003337860107421875,1.484375,1.4765625,1.9140625,0.1630859375
23,14,690,plural,0.03626370057463646,0.03626370057463646,5.0625,6.21875,0.00115203857421875,0.00151824951171875,1.484375,1.4765625,1.9140625,0.1630859375
24,0,691,singular,1.1370048522949219,1.1370048522949219,105.5,105.5,0.00982666015625,0.00982666015625,1.484375,1.46875,1.9140625,0.1640625
24,0,692,plural,1.3134057521820068,1.3134057521820068,113.5,113.5,0.0096435546875,0.00958251953125,1.484375,1.4765625,1.9140625,0.1630859375
24,1,693,singular,1.1370048522949219,1.1370048522949219,105.5,105.5,0.00799560546875,0.008056640625,1.484375,1.46875,1.9140625,0.1640625
24,1,694,plural,0.0019493164727464318,0.0019493164727464318,0.036376953125,0.306640625,2.4586915969848633e-07,8.821487426757812e-05,1.484375,1.46875,1.9140625,0.1640625
24,2,695,singular,0.010005911812186241,0.010005911812186241,1.5859375,0.06787109375,0.0006103515625,3.814697265625e-06,1.484375,1.46875,1.9140625,0.1640625
24,2,696,plural,1.1370048522949219,1.1370048522949219,105.5,105.5,0.008056640625,0.00811767578125,1.484375,1.4765625,1.9140625,0.1630859375
24,3,697,singular,0.03773392736911774,0.03773392736911774,6.09375,0.73046875,0.00179290771484375,0.00017642974853515625,1.484375,1.4765625,1.9140625,0.1630859375
24,3,698,plural,0.0035596834495663643,0.0035596834495663643,0.23828125,0.56640625,3.528594970703125e-05,0.0002727508544921875,1.484375,1.4765625,1.9140625,0.1630859375
24,4,699,singular,1.1370048522949219,1.1370048522949219,105.5,105.5,0.008056640625,0.00811767578125,1.484375,1.46875,1.9140625,0.1640625
24,4,700,plural,0.01609218120574951,0.01609218120574951,2.46875,2.484375,0.0005950927734375,0.000713348388671875,1.484375,1.46875,1.9140625,0.1640625
24,5,701,singular,0.024644671007990837,0.024644671007990837,3.5,0.022216796875,0.00170135498046875,0.0,1.484375,1.46875,1.9140625,0.1640625
24,5,702,plural,0.01114842388778925,0.01114842388778925,1.6015625,1.6171875,0.0005950927734375,0.0007781982421875,1.484375,1.46875,1.9140625,0.1640625
24,6,703,singular,0.061579298228025436,0.061579298228025436,9.8125,8.6875,0.00186920166015625,0.001861572265625,1.484375,1.46875,1.9140625,0.1640625
24,6,704,plural,0.015538224950432777,0.015538224950432777,2.09375,2.296875,0.0006103515625,0.0008392333984375,1.484375,1.46875,1.9140625,0.1640625
24,7,705,singular,0.009947016835212708,0.009947016835212708,1.5859375,0.06005859375,0.000629425048828125,5.3942203521728516e-06,1.484375,1.46875,1.9140625,0.1640625
24,7,706,plural,0.030044984072446823,0.030044984072446823,4.78125,4.84375,0.00156402587890625,0.0017242431640625,1.484375,1.46875,1.9140625,0.1640625
24,8,707,singular,0.005798542872071266,0.005798542872071266,0.82421875,0.0693359375,0.000232696533203125,8.106231689453125e-06,1.484375,1.46875,1.9140625,0.1640625
24,8,708,plural,0.05027958005666733,0.05027958005666733,7.28125,8.5625,0.0017242431640625,0.0019683837890625,1.484375,1.46875,1.9140625,0.1640625
24,9,709,singular,0.0024600739125162363,0.0024600739125162363,0.353515625,0.189453125,0.0001354217529296875,4.1484832763671875e-05,1.484375,1.46875,1.9140625,0.1640625
24,9,710,plural,0.004124349914491177,0.004124349914491177,0.63671875,0.64453125,0.000141143798828125,0.0001964569091796875,1.484375,1.46875,1.9140625,0.1640625
24,10,711,singular,0.002945016138255596,0.002945016138255596,0.451171875,0.09619140625,0.0001926422119140625,3.8623809814453125e-05,1.484375,1.46875,1.9140625,0.1640625
24,10,712,plural,0.045601584017276764,0.045601584017276764,6.90625,7.34375,0.002166748046875,0.002349853515625,1.484375,1.46875,1.9140625,0.1640625
24,11,713,singular,0.0027104804757982492,0.0027104804757982492,0.41796875,0.3828125,7.2479248046875e-05,0.00013065338134765625,1.484375,1.46875,1.9140625,0.1640625
24,11,714,plural,1.1370048522949219,1.1370048522949219,105.5,105.5,0.01055908203125,0.01055908203125,1.484375,1.4765625,1.9140625,0.1630859375
24,12,715,singular,0.006814099382609129,0.006814099382609129,1.140625,0.220703125,0.000518798828125,5.030632019042969e-05,1.484375,1.4765625,1.9140625,0.1630859375
24,12,716,plural,0.0016264794394373894,0.0016264794394373894,0.07275390625,0.275390625,3.129243850708008e-06,0.0001239776611328125,1.484375,1.4765625,1.9140625,0.1630859375
24,13,717,singular,0.011384525336325169,0.011384525336325169,1.6171875,1.5703125,0.0006561279296875,0.000713348388671875,1.484375,1.4765625,1.9140625,0.1630859375
24,13,718,plural,0.009472779929637909,0.009472779929637909,0.11962890625,1.6015625,1.6808509826660156e-05,0.0007476806640625,1.484375,1.4765625,1.9140625,0.1630859375
24,14,719,singular,0.0398113913834095,0.0398113913834095,6.09375,2.140625,0.002197265625,0.0008697509765625,1.484375,1.4765625,1.9140625,0.1630859375
24,14,720,plural,0.011595000512897968,0.011595000512897968,1.609375,1.6875,0.0007476806640625,0.000926971435546875,1.484375,1.4765625,1.9140625,0.1630859375
25,0,721,singular,0.012973545119166374,0.012973545119166374,2.0625,0.11279296875,0.000957489013671875,1.919269561767578e-05,1.484375,1.4765625,1.9140625,0.1630859375
25,0,722,plural,0.0016264794394373894,0.0016264794394373894,0.07275390625,0.275390625,5.27501106262207e-06,0.00013065338134765625,1.484375,1.4765625,1.9140625,0.1630859375
25,1,723,singular,1.3134057521820068,1.3134057521820068,113.5,113.5,0.01153564453125,0.0115966796875,1.484375,1.46875,1.9140625,0.1640625
25,1,724,plural,0.0051140920259058475,0.0051140920259058475,0.392578125,0.8125,0.00022602081298828125,0.0004825592041015625,1.484375,1.46875,1.9140625,0.1640625
25,2,725,singular,0.005798542872071266,0.005798542872071266,0.82421875,0.0693359375,0.0003604888916015625,8.940696716308594e-06,1.484375,1.46875,1.9140625,0.1640625
25,2,726,plural,0.05027958005666733,0.05027958005666733,7.28125,8.5625,0.0019378662109375,0.0022430419921875,1.484375,1.46875,1.9140625,0.1640625
25,3,727,singular,0.3870048522949219,0.3870048522949219,49.75,49.75,0.007049560546875,0.007171630859375,1.484375,1.46875,1.9140625,0.1630859375
25,3,728,plural,0.014263817109167576,0.014263817109167576,2.046875,2.0625,0.0009765625,0.001007080078125,1.484375,1.46875,1.9140625,0.1630859375
25,4,729,singular,0.03447522222995758,0.03447522222995758,5.5625,4.78125,0.00146484375,0.00130462646484375,1.484375,1.46875,1.9140625,0.1630859375
25,4,730,plural,2.127033233642578,2.127033233642578,137.0,137.0,0.01153564453125,0.0115966796875,1.484375,1.4765625,1.9140625,0.1630859375
25,5,731,singular,0.029097339138388634,0.029097339138388634,4.71875,0.5078125,0.00167083740234375,0.00014495849609375,1.484375,1.4765625,1.9140625,0.1630859375
25,5,732,plural,0.01838219165802002,0.01838219165802002,2.9375,2.96875,0.00089263916015625,0.0009918212890625,1.484375,1.4765625,1.9140625,0.1630859375
25,6,733,singular,0.024665258824825287,0.024665258824825287,3.515625,0.0252685546875,0.0018157958984375,9.909272193908691e-07,1.484375,1.4765625,1.9140625,0.1630859375
25,6,734,plural,0.014781598001718521,0.014781598001718521,2.0625,2.140625,0.00077056884765625,0.001068115234375,1.484375,1.4765625,1.9140625,0.1630859375
25,7,735,singular,0.004989434499293566,0.004989434499293566,0.83203125,0.1181640625,0.00024127960205078125,3.1948089599609375e-05,1.484375,1.4765625,1.9140625,0.1630859375
25,7,736,plural,0.00284077157266438,0.00284077157266438,0.439453125,0.443359375,6.628036499023438e-05,0.00010442733764648438,1.484375,1.4765625,1.9140625,0.1630859375
25,8,737,singular,0.5760815739631653,0.5760815739631653,68.0,68.0,0.0079345703125,0.008056640625,1.484375,1.46875,1.9140625,0.1630859375
25,8,738,plural,0.05779584124684334,0.05779584124684334,8.75,9.25,0.00238037109375,0.00262451171875,1.484375,1.46875,1.9140625,0.1630859375
25,9,739,singular,0.001885304693132639,0.001885304693132639,0.29296875,0.263671875,3.62396240234375e-05,7.581710815429688e-05,1.484375,1.46875,1.9140625,0.1630859375
25,9,740,plural,0.001980012049898505,0.001980012049898505,0.041259765625,0.314453125,0.0,0.00010967254638671875,1.484375,1.46875,1.9140625,0.1630859375
25,10,741,singular,0.002236961852759123,0.002236961852759123,0.341796875,0.06591796875,0.00010633468627929688,7.3909759521484375e-06,1.484375,1.46875,1.9140625,0.1630859375
25,10,742,plural,1.502048373222351,1.502048373222351,121.0,121.0,0.0106201171875,0.0106201171875,1.484375,1.4765625,1.9140625,0.1630859375
25,11,743,singular,0.012984606437385082,0.012984606437385082,2.046875,0.11181640625,0.0008697509765625,1.0311603546142578e-05,1.484375,1.4765625,1.9140625,0.1630859375
25,11,744,plural,0.012266905978322029,0.012266905978322029,0.173828125,2.078125,1.519918441772461e-05,0.000885009765625,1.484375,1.4765625,1.9140625,0.1630859375
25,12,745,singular,0.0032131255138665438,0.0032131255138665438,0.458984375,0.275390625,0.0001773834228515625,8.344650268554688e-05,1.484375,1.4765625,1.9140625,0.1630859375
25,12,746,plural,0.011093014851212502,0.011093014851212502,1.703125,1.7109375,0.00049591064453125,0.000553131103515625,1.484375,1.4765625,1.9140625,0.1630859375
25,13,747,singular,0.007869194261729717,0.007869194261729717,1.1171875,1.0859375,0.0004425048828125,0.000537872314453125,1.484375,1.4765625,1.9140625,0.1630859375
25,13,748,plural,0.009691332466900349,0.009691332466900349,1.2734375,1.4375,0.000507354736328125,0.0006866455078125,1.484375,1.4765625,1.9140625,0.1630859375
25,14,749,singular,0.03521479666233063,0.03521479666233063,5.40625,1.890625,0.0020751953125,0.0008544921875,1.484375,1.4765625,1.9140625,0.1630859375
25,14,750,plural,0.5760815143585205,0.5760815143585205,68.0,68.0,0.0081787109375,0.00823974609375,1.484375,1.4765625,1.9140625,0.1630859375
26,0,751,singular,0.016896814107894897,0.016896814107894897,2.671875,0.18359375,0.001129150390625,2.4080276489257812e-05,1.484375,1.4765625,1.9140625,0.1630859375
26,0,752,plural,0.006750753149390221,0.006750753149390221,1.0390625,1.0390625,0.000308990478515625,0.000385284423828125,1.484375,1.4765625,1.9140625,0.1630859375
26,1,753,singular,1.9103258848190308,1.9103258848190308,132.0,132.0,0.01153564453125,0.0115966796875,1.484375,1.46875,1.9140625,0.1630859375
26,1,754,plural,0.014781598001718521,0.014781598001718521,2.0625,2.140625,0.00093841552734375,0.00106048583984375,1.484375,1.46875,1.9140625,0.1630859375
26,2,755,singular,0.004989434499293566,0.004989434499293566,0.83203125,0.1181640625,0.0002994537353515625,3.218650817871094e-05,1.484375,1.46875,1.9140625,0.1630859375
26,2,756,plural,0.003759104758501053,0.003759104758501053,0.26953125,0.59765625,0.00013446807861328125,0.000385284423828125,1.484375,1.46875,1.9140625,0.1630859375
26,3,757,singular,0.029874686151742935,0.029874686151742935,4.59375,1.484375,0.00167083740234375,0.000659942626953125,1.484375,1.46875,1.9140625,0.1630859375
26,3,758,plural,0.8260815739631653,0.8260815739631653,87.5,87.5,0.00823974609375,0.00830078125,1.484375,1.4765625,1.9140625,0.162109375
26,4,759,singular,0.031624630093574524,0.031624630093574524,4.46875,0.041259765625,0.002227783203125,2.980232238769531e-07,1.484375,1.4765625,1.9140625,0.162109375
26,4,760,plural,0.25204846262931824,0.25204846262931824,34.5,34.5,0.00341796875,0.003387451171875,1.484375,1.4765625,1.9140625,0.162109375
26,5,761,singular,0.004824782256036997,0.004824782256036997,0.69140625,0.455078125,0.0003108978271484375,0.0003814697265625,1.484375,1.4765625,1.9140625,0.162109375
26,5,762,plural,0.0067695798352360725,0.0067695798352360725,0.8828125,1.0078125,0.000274658203125,0.00057220458984375,1.484375,1.4765625,1.9140625,0.162109375
26,6,763,singular,1.7015388011932373,1.7015388011932373,127.0,127.0,0.01043701171875,0.010498046875,1.484375,1.46875,1.9140625,0.1630859375
26,6,764,plural,0.040133699774742126,0.040133699774742126,5.71875,6.84375,0.00125885009765625,0.001739501953125,1.484375,1.46875,1.9140625,0.1630859375
26,7,765,singular,0.029097339138388634,0.029097339138388634,4.71875,0.5078125,0.0017242431640625,0.0001697540283203125,1.484375,1.46875,1.9140625,0.1630859375
26,7,766,plural,0.01838219165802002,0.01838219165802002,2.9375,2.96875,0.00087738037109375,0.0011444091796875,1.484375,1.46875,1.9140625,0.1630859375
26,8,767,singular,0.0030282139778137207,0.0030282139778137207,0.462890625,0.10888671875,0.00012159347534179688,3.528594970703125e-05,1.484375,1.46875,1.9140625,0.1630859375
26,8,768,plural,0.8260815739631653,0.8260815739631653,87.5,87.5,0.0081787109375,0.00823974609375,1.484375,1.4765625,1.9140625,0.162109375
26,9,769,singular,0.007722286507487297,0.007722286507487297,1.1015625,0.12890625,0.000438690185546875,1.728534698486328e-05,1.484375,1.4765625,1.9140625,0.162109375
26,9,770,plural,0.009472779929637909,0.009472779929637909,0.11962890625,1.6015625,1.6450881958007812e-05,0.00080108642578125,1.484375,1.4765625,1.9140625,0.162109375
26,10,771,singular,0.00887733418494463,0.00887733418494463,1.265625,1.21875,0.0004749298095703125,0.00064849853515625,1.484375,1.4765625,1.9140625,0.162109375
26,10,772,plural,0.022371888160705566,0.022371888160705566,3.328125,3.625,0.0010986328125,0.00135040283203125,1.484375,1.4765625,1.9140625,0.162109375
26,11,773,singular,0.10841874778270721,0.10841874778270721,16.875,15.5,0.0031585693359375,0.003021240234375,1.484375,1.4765625,1.9140625,0.162109375
26,11,774,plural,0.005295061506330967,0.005295061506330967,0.7578125,0.76953125,0.00022220611572265625,0.0003185272216796875,1.484375,1.4765625,1.9140625,0.162109375
26,12,775,singular,0.007100822404026985,0.007100822404026985,1.1015625,1.0390625,0.00048828125,0.0004863739013671875,1.484375,1.4765625,1.9140625,0.162109375
26,12,776,plural,0.0017300175968557596,0.0017300175968557596,0.265625,0.271484375,4.267692565917969e-05,7.677078247070312e-05,1.484375,1.4765625,1.9140625,0.162109375
26,13,777,singular,0.012973545119166374,0.012973545119166374,2.0625,0.11279296875,0.00091552734375,2.110004425048828e-05,1.484375,1.4765625,1.9140625,0.162109375
26,13,778,plural,0.0016264794394373894,0.0016264794394373894,0.07275390625,0.275390625,3.248453140258789e-06,0.00011968612670898438,1.484375,1.4765625,1.9140625,0.162109375
26,14,779,singular,1.3134057521820068,1.3134057521820068,113.5,113.5,0.01141357421875,0.011474609375,1.484375,1.46875,1.9140625,0.1630859375
26,14,780,plural,0.0019493164727464318,0.0019493164727464318,0.036376953125,0.306640625,3.427267074584961e-07,0.00017261505126953125,1.484375,1.46875,1.9140625,0.1630859375
27,0,781,singular,0.005118954926729202,0.005118954926729202,0.7265625,0.061279296875,0.0002593994140625,1.150369644165039e-05,1.484375,1.46875,1.9140625,0.1630859375
27,0,782,plural,0.016094762831926346,0.016094762831926346,0.28515625,2.71875,4.935264587402344e-05,0.00119781494140625,1.484375,1.46875,1.9140625,0.1630859375
27,1,783,singular,0.0021714221220463514,0.0021714221220463514,0.310546875,0.16796875,0.00011157989501953125,4.982948303222656e-05,1.484375,1.46875,1.9140625,0.1630859375
27,1,784,plural,0.013724838383495808,0.013724838383495808,1.8515625,2.03125,0.00087738037109375,0.00107574462890625,1.484375,1.46875,1.9140625,0.1630859375
27,2,785,singular,0.3870048522949219,0.3870048522949219,49.75,49.75,0.00732421875,0.00738525390625,1.484375,1.46875,1.9140625,0.1630859375
27,2,786,plural,2.127033233642578,2.127033233642578,137.0,137.0,0.01153564453125,0.011474609375,1.484375,1.46875,1.9140625,0.1630859375
27,3,787,singular,0.06861748546361923,0.06861748546361923,10.875,9.75,0.0020904541015625,0.00201416015625,1.484375,1.4765625,1.9140625,0.162109375
27,3,788,plural,0.003759104758501053,0.003759104758501053,0.26953125,0.59765625,5.2928924560546875e-05,0.000331878662109375,1.484375,1.4765625,1.9140625,0.162109375
27,4,789,singular,0.026410285383462906,0.026410285383462906,4.0625,1.3125,0.0013427734375,0.0004444122314453125,1.484375,1.4765625,1.9140625,0.162109375
27,4,790,plural,0.0014972201315686107,0.0014972201315686107,0.0250244140625,0.236328125,2.384185791015625e-07,0.00010633468627929688,1.484375,1.4765625,1.9140625,0.162109375
27,5,791,singular,0.010127113200724125,0.010127113200724125,1.609375,0.08740234375,0.00074005126953125,8.58306884765625e-06,1.484375,1.4765625,1.9140625,0.162109375
27,5,792,plural,0.01609218120574951,0.01609218120574951,2.46875,2.484375,0.000850677490234375,0.000911712646484375,1.484375,1.4765625,1.9140625,0.162109375
27,6,793,singular,0.009997177869081497,0.009997177869081497,1.59375,0.068359375,0.00078582763671875,3.933906555175781e-06,1.484375,1.4765625,1.9140625,0.162109375
27,6,794,plural,0.002244930947199464,0.002244930947199464,0.12060546875,0.380859375,3.123283386230469e-05,0.0002079010009765625,1.484375,1.4765625,1.9140625,0.162109375
27,7,795,singular,0.021798189729452133,0.021798189729452133,3.109375,0.0224609375,0.0020751953125,9.685754776000977e-08,1.484375,1.4765625,1.9140625,0.162109375
27,7,796,plural,0.014709005132317543,0.014709005132317543,2.0625,2.140625,0.000942230224609375,0.0013580322265625,1.484375,1.4765625,1.9140625,0.162109375
27,8,797,singular,0.005439362488687038,0.005439362488687038,0.77734375,0.74609375,0.0003070831298828125,0.00041961669921875,1.484375,1.4765625,1.9140625,0.162109375
27,8,798,plural,0.035964176058769226,0.035964176058769226,5.40625,5.8125,0.0020294189453125,0.002227783203125,1.484375,1.4765625,1.9140625,0.162109375
27,9,799,singular,0.004989434499293566,0.004989434499293566,0.83203125,0.1181640625,0.0003204345703125,4.458427429199219e-05,1.484375,1.4765625,1.9140625,0.162109375
27,9,800,plural,0.01838219165802002,0.01838219165802002,2.9375,2.96875,0.0012969970703125,0.001434326171875,1.484375,1.4765625,1.9140625,0.162109375
27,10,801,singular,0.5760815739631653,0.5760815739631653,68.0,68.0,0.00982666015625,0.00982666015625,1.484375,1.46875,1.9140625,0.1630859375
27,10,802,plural,0.004666153807193041,0.004666153807193041,0.71875,0.73046875,0.00017261505126953125,0.0002841949462890625,1.484375,1.46875,1.9140625,0.1630859375
27,11,803,singular,0.16032595932483673,0.16032595932483673,23.125,23.125,0.00341796875,0.0033416748046875,1.484375,1.46875,1.9140625,0.1630859375
27,11,804,plural,2.3502910137176514,2.3502910137176514,141.0,141.0,0.0118408203125,0.0118408203125,1.484375,1.4765625,1.9140625,0.162109375
27,12,805,singular,0.0031225753482431173,0.0031225753482431173,0.478515625,0.123046875,0.00021076202392578125,4.1484832763671875e-05,1.484375,1.4765625,1.9140625,0.162109375
27,12,806,plural,0.8260815739631653,0.8260815739631653,87.5,87.5,0.008056640625,0.008056640625,1.484375,1.4765625,1.9140625,0.162109375
27,13,807,singular,0.007100822404026985,0.007100822404026985,1.1015625,1.0390625,0.000522613525390625,0.000499725341796875,1.484375,1.4765625,1.9140625,0.162109375
27,13,808,plural,0.005295061506330967,0.005295061506330967,0.7578125,0.76953125,0.0002803802490234375,0.0003871917724609375,1.484375,1.4765625,1.9140625,0.162109375
27,14,809,singular,0.033899322152137756,0.033899322152137756,5.5,0.73828125,0.00213623046875,0.0003261566162109375,1.484375,1.4765625,1.9140625,0.162109375
27,14,810,plural,0.02835473045706749,0.02835473045706749,3.96875,4.875,0.00099945068359375,0.00151824951171875,1.484375,1.4765625,1.9140625,0.162109375
