split,inverse,source_input,base_input,source_logp_A,source_logp_B,base_logp_A,base_logp_B,base_intervention_logp_A,base_intervention_logp_B,n_nodes
train,0,The nervous chick past the screws,The nervous chicks past the screw,-12.051470756530762,-13.801470756530762,-14.57702922821045,-14.13952922821045,-13.8870267868042,-14.8245267868042,128
train,1,The nervous chicks past the screw,The nervous chick past the screws,-14.13952922821045,-14.57702922821045,-13.801470756530762,-12.051470756530762,-12.413294792175293,-13.038294792175293,128
train,0,The sleepy rabbit beneath the milestones,The sleepy rabbits beneath the milestone,-16.497495651245117,-19.997495651245117,-19.017837524414062,-14.892837524414062,-17.030372619628906,-16.092872619628906,128
train,1,The sleepy rabbits beneath the milestone,The sleepy rabbit beneath the milestones,-14.892837524414062,-19.017837524414062,-19.997495651245117,-16.497495651245117,-16.872039794921875,-17.372039794921875,128
train,0,The sleepy bat beneath the boilers,The sleepy bats beneath the boiler,-10.003543853759766,-15.691043853759766,-14.002561569213867,-9.752561569213867,-11.128227233886719,-11.378227233886719,128
train,1,The sleepy bats beneath the boiler,The sleepy bat beneath the boilers,-9.752561569213867,-14.002561569213867,-15.691043853759766,-10.003543853759766,-9.501299858093262,-11.251299858093262,128
train,0,The sleepy lion beneath the boilers,The sleepy lions beneath the boiler,-9.140860557556152,-14.703360557556152,-14.627275466918945,-10.502275466918945,-12.25355052947998,-11.25355052947998,128
train,1,The sleepy lions beneath the boiler,The sleepy lion beneath the boilers,-10.502275466918945,-14.627275466918945,-14.703360557556152,-9.140860557556152,-9.257043838500977,-10.132043838500977,128
train,0,The quiet shark outside the clocks,The quiet sharks outside the clock,-11.042479515075684,-12.542479515075684,-9.870140075683594,-8.120140075683594,-9.937122344970703,-11.187122344970703,128
train,1,The quiet sharks outside the clock,The quiet shark outside the clocks,-8.120140075683594,-9.870140075683594,-12.542479515075684,-11.042479515075684,-9.584798812866211,-11.334798812866211,128
train,0,The calm dog outside the houses,The calm dogs outside the house,-9.856705665588379,-13.481705665588379,-11.900368690490723,-8.900368690490723,-10.078084945678711,-10.953084945678711,128
train,1,The calm dogs outside the house,The calm dog outside the houses,-8.900368690490723,-11.900368690490723,-13.481705665588379,-9.856705665588379,-10.333087921142578,-10.708087921142578,128
train,0,The slender pup behind the bolts,The slender pups behind the bolt,-18.135040283203125,-19.822540283203125,-22.943021774291992,-18.943021774291992,-21.318058013916016,-19.818058013916016,128
train,1,The slender pups behind the bolt,The slender pup behind the bolts,-18.943021774291992,-22.943021774291992,-19.822540283203125,-18.135040283203125,-17.44591522216797,-18.82091522216797,128
train,0,The small frog around the tanks,The small frogs around the tank,-11.635506629943848,-14.385506629943848,-12.168344497680664,-6.418344497680664,-10.649076461791992,-9.274076461791992,128
train,1,The small frogs around the tank,The small frog around the tanks,-6.418344497680664,-12.168344497680664,-14.385506629943848,-11.635506629943848,-10.138083457946777,-11.388083457946777,128
train,0,The fuzzy panda outside the pots,The fuzzy pandas outside the pot,-7.778658866882324,-11.278658866882324,-7.9548163414001465,-5.9548163414001465,-5.69633674621582,-8.82133674621582,128
train,1,The fuzzy pandas outside the pot,The fuzzy panda outside the pots,-5.9548163414001465,-7.9548163414001465,-11.278658866882324,-7.778658866882324,-8.771679878234863,-8.521679878234863,128
train,0,The small panda behind the bolts,The small pandas behind the bolt,-10.641593933105469,-15.079093933105469,-13.388590812683105,-10.513590812683105,-10.89151668548584,-12.64151668548584,128
train,1,The small pandas behind the bolt,The small panda behind the bolts,-10.513590812683105,-13.388590812683105,-15.079093933105469,-10.641593933105469,-11.390470504760742,-11.390470504760742,128
train,0,The quiet turtle around the dams,The quiet turtles around the dam,-10.183650016784668,-12.308650016784668,-11.74080753326416,-6.17830753326416,-10.110604286193848,-8.235604286193848,128
train,1,The quiet turtles around the dam,The quiet turtle around the dams,-6.17830753326416,-11.74080753326416,-12.308650016784668,-10.183650016784668,-7.984367847442627,-10.734367370605469,128
train,0,The nervous dog around the benches,The nervous dogs around the bench,-9.794938087463379,-12.044938087463379,-12.648552894592285,-8.398552894592285,-10.778645515441895,-10.278645515441895,128
train,1,The nervous dogs around the bench,The nervous dog around the benches,-8.398552894592285,-12.648552894592285,-12.044938087463379,-9.794938087463379,-9.649018287658691,-10.524018287658691,128
train,0,The sleepy kitten beneath the logs,The sleepy kittens beneath the log,-7.264130592346191,-13.514130592346191,-11.107961654663086,-7.357961177825928,-8.461267471313477,-8.336267471313477,128
train,1,The sleepy kittens beneath the log,The sleepy kitten beneath the logs,-7.357961177825928,-11.107961654663086,-13.514130592346191,-7.264130592346191,-8.449934005737305,-8.449934005737305,128
train,0,The quiet monitor beneath the chains,The quiet monitors beneath the chain,-8.913315773010254,-13.475815773010254,-11.011003494262695,-10.761003494262695,-10.385289192199707,-12.072789192199707,128
train,1,The quiet monitors beneath the chain,The quiet monitor beneath the chains,-10.761003494262695,-11.011003494262695,-13.475815773010254,-8.913315773010254,-9.273420333862305,-9.398420333862305,128
train,0,The small panda past the vines,The small pandas past the vine,-17.486717224121094,-19.736717224121094,-19.60935401916504,-18.67185401916504,-18.5328426361084,-18.9703426361084,128
train,1,The small pandas past the vine,The small panda past the vines,-18.67185401916504,-19.60935401916504,-19.736717224121094,-17.486717224121094,-18.159753799438477,-18.659753799438477,128
train,0,The timid kitten outside the towers,The timid kittens outside the tower,-10.697026252746582,-15.884526252746582,-13.788825035095215,-8.476325035095215,-10.85139274597168,-10.10139274597168,128
train,1,The timid kittens outside the tower,The timid kitten outside the towers,-8.476325035095215,-13.788825035095215,-15.884526252746582,-10.697026252746582,-11.063546180725098,-11.813546180725098,128
train,0,The sleepy frog behind the valves,The sleepy frogs behind the valve,-10.20724105834961,-14.64474105834961,-12.665087699890137,-8.352587699890137,-10.477540969848633,-10.102540969848633,128
train,1,The sleepy frogs behind the valve,The sleepy frog behind the valves,-8.352587699890137,-12.665087699890137,-14.64474105834961,-10.20724105834961,-10.092021942138672,-11.217021942138672,128
train,0,The sleepy monitor around the belts,The sleepy monitors around the belt,-12.133927345275879,-13.383927345275879,-13.952363967895508,-8.889863967895508,-12.50836181640625,-11.13336181640625,128
train,1,The sleepy monitors around the belt,The sleepy monitor around the belts,-8.889863967895508,-13.952363967895508,-13.383927345275879,-12.133927345275879,-10.385327339172363,-13.010327339172363,128
train,0,The timid pup around the benches,The timid pups around the bench,-18.001541137695312,-20.751541137695312,-19.62177085876465,-15.934271812438965,-17.990999221801758,-17.240999221801758,128
train,1,The timid pups around the bench,The timid pup around the benches,-15.934271812438965,-19.62177085876465,-20.751541137695312,-18.001541137695312,-18.235719680786133,-19.798219680786133,128
train,0,The quiet monitor outside the towers,The quiet monitors outside the tower,-9.992270469665527,-14.992270469665527,-13.225569725036621,-8.350569725036621,-10.139117240905762,-10.014117240905762,128
train,1,The quiet monitors outside the tower,The quiet monitor outside the towers,-8.350569725036621,-13.225569725036621,-14.992270469665527,-9.992270469665527,-10.754254341125488,-10.754254341125488,128
train,0,The calm cow around the walls,The calm cows around the wall,-11.320399284362793,-13.820399284362793,-11.683835983276367,-8.558835983276367,-10.91720962524414,-10.91720962524414,128
train,1,The calm cows around the wall,The calm cow around the walls,-8.558835983276367,-11.683835983276367,-13.820399284362793,-11.320399284362793,-10.58379077911377,-11.70879077911377,128
train,0,The fuzzy lion behind the valves,The fuzzy lions behind the valve,-9.081372261047363,-13.768872261047363,-12.603897094726562,-9.478897094726562,-10.58413028717041,-10.95913028717041,128
train,1,The fuzzy lions behind the valve,The fuzzy lion behind the valves,-9.478897094726562,-12.603897094726562,-13.768872261047363,-9.081372261047363,-9.933819770812988,-10.683819770812988,128
train,0,The small frog behind the crates,The small frogs behind the crate,-7.484592437744141,-13.35959243774414,-12.004706382751465,-7.004706859588623,-10.378334045410156,-9.128334045410156,128
train,1,The small frogs behind the crate,The small frog behind the crates,-7.004706859588623,-12.004706382751465,-13.35959243774414,-7.484592437744141,-8.102897644042969,-8.102897644042969,128
train,0,The calm whale outside the benches,The calm whales outside the bench,-8.3162202835083,-12.0662202835083,-10.269901275634766,-7.519901275634766,-8.438350677490234,-9.313350677490234,128
train,1,The calm whales outside the bench,The calm whale outside the benches,-7.519901275634766,-10.269901275634766,-12.0662202835083,-8.3162202835083,-8.794075012207031,-9.669075012207031,128
train,0,The slender monitor around the carts,The slender monitors around the cart,-9.438323974609375,-12.563323974609375,-13.475469589233398,-6.787969589233398,-9.291548728942871,-8.166548728942871,128
train,1,The slender monitors around the cart,The slender monitor around the carts,-6.787969589233398,-13.475469589233398,-12.563323974609375,-9.438323974609375,-9.070513725280762,-10.820513725280762,128
train,0,The nervous rat outside the clocks,The nervous rats outside the clock,-11.77917766571045,-13.52917766571045,-12.176582336425781,-8.801582336425781,-10.783885955810547,-11.408885955810547,128
train,1,The nervous rats outside the clock,The nervous rat outside the clocks,-8.801582336425781,-12.176582336425781,-13.52917766571045,-11.77917766571045,-10.522259712219238,-13.022259712219238,128
train,0,The quiet shark past the plants,The quiet sharks past the plant,-18.79628562927246,-20.10878562927246,-20.143903732299805,-19.143903732299805,-19.817358016967773,-19.754858016967773,128
train,1,The quiet sharks past the plant,The quiet shark past the plants,-19.143903732299805,-20.143903732299805,-20.10878562927246,-18.79628562927246,-19.014863967895508,-19.889863967895508,128
train,0,The bright kitten past the signs,The bright kittens past the sign,-10.716832160949707,-12.404332160949707,-11.569379806518555,-10.194379806518555,-10.539260864257812,-11.976760864257812,128
train,1,The bright kittens past the sign,The bright kitten past the signs,-10.194379806518555,-11.569379806518555,-12.404332160949707,-10.716832160949707,-10.808228492736816,-11.558228492736816,128
train,0,The quiet dog around the dams,The quiet dogs around the dam,-11.26548957824707,-13.39048957824707,-12.905561447143555,-8.655561447143555,-11.151142120361328,-10.401142120361328,128
train,1,The quiet dogs around the dam,The quiet dog around the dams,-8.655561447143555,-12.905561447143555,-13.39048957824707,-11.26548957824707,-10.397435188293457,-11.772435188293457,128
train,0,The small frog outside the windows,The small frogs outside the window,-12.171136856079102,-14.233636856079102,-18.064311981201172,-14.501811027526855,-16.66329574584961,-15.413294792175293,128
train,1,The small frogs outside the window,The small frog outside the windows,-14.501811027526855,-18.064311981201172,-14.233636856079102,-12.171136856079102,-13.751518249511719,-13.189018249511719,128
train,0,The small whale outside the stools,The small whales outside the stool,-20.45081901550293,-22.76331901550293,-22.328765869140625,-19.766265869140625,-20.890239715576172,-21.077739715576172,128
train,1,The small whales outside the stool,The small whale outside the stools,-19.766265869140625,-22.328765869140625,-22.76331901550293,-20.45081901550293,-21.134387969970703,-21.884387969970703,128
train,0,The nervous frog beneath the chains,The nervous frogs beneath the chain,-16.559890747070312,-18.059890747070312,-15.521430969238281,-15.146430969238281,-15.294718742370605,-15.794718742370605,128
train,1,The nervous frogs beneath the chain,The nervous frog beneath the chains,-15.146430969238281,-15.521430969238281,-18.059890747070312,-16.559890747070312,-16.990009307861328,-17.615009307861328,128
train,0,The calm monitor beneath the barrels,The calm monitors beneath the barrel,-9.146906852722168,-14.584406852722168,-14.253817558288574,-12.003817558288574,-11.38186264038086,-13.63186264038086,128
train,1,The calm monitors beneath the barrel,The calm monitor beneath the barrels,-12.003817558288574,-14.253817558288574,-14.584406852722168,-9.146906852722168,-11.890535354614258,-10.140535354614258,128
train,0,The fuzzy chick outside the drums,The fuzzy chicks outside the drum,-10.296649932861328,-13.046649932861328,-8.547469139099121,-6.797468662261963,-8.39383316040039,-9.76883316040039,128
train,1,The fuzzy chicks outside the drum,The fuzzy chick outside the drums,-6.797468662261963,-8.547469139099121,-13.046649932861328,-10.296649932861328,-10.04930305480957,-10.42430305480957,128
train,0,The small kit around the walls,The small kits around the wall,-10.385701179504395,-13.135701179504395,-11.565979957580566,-8.940979957580566,-10.668402671813965,-10.918402671813965,128
train,1,The small kits around the wall,The small kit around the walls,-8.940979957580566,-11.565979957580566,-13.135701179504395,-10.385701179504395,-10.263228416442871,-10.763228416442871,128
train,0,The calm kitten beneath the boxes,The calm kittens beneath the box,-10.808731079101562,-15.871231079101562,-16.648855209350586,-13.898855209350586,-14.899044036865234,-15.899044036865234,128
train,1,The calm kittens beneath the box,The calm kitten beneath the boxes,-13.898855209350586,-16.648855209350586,-15.871231079101562,-10.808731079101562,-12.34642219543457,-12.84642219543457,128
train,0,The timid rat outside the tables,The timid rats outside the table,-18.142786026000977,-20.267786026000977,-20.082916259765625,-15.270415306091309,-17.706106185913086,-17.081106185913086,128
train,1,The timid rats outside the table,The timid rat outside the tables,-15.270415306091309,-20.082916259765625,-20.267786026000977,-18.142786026000977,-18.022171020507812,-19.022171020507812,128
train,0,The fuzzy panda outside the cabins,The fuzzy pandas outside the cabin,-17.439302444458008,-19.689302444458008,-19.145936965942383,-15.833436965942383,-17.043079376220703,-17.418079376220703,128
train,1,The fuzzy pandas outside the cabin,The fuzzy panda outside the cabins,-15.833436965942383,-19.145936965942383,-19.689302444458008,-17.439302444458008,-17.794530868530273,-18.357030868530273,128
train,0,The calm lion around the tanks,The calm lions around the tank,-11.394969940185547,-15.269969940185547,-13.659341812133789,-9.034341812133789,-11.401908874511719,-10.901908874511719,128
train,1,The calm lions around the tank,The calm lion around the tanks,-9.034341812133789,-13.659341812133789,-15.269969940185547,-11.394969940185547,-10.773894309997559,-12.148894309997559,128
train,0,The timid chick beneath the chains,The timid chicks beneath the chain,-8.451568603515625,-11.764068603515625,-11.577728271484375,-9.265228271484375,-10.393550872802734,-10.518550872802734,128
train,1,The timid chicks beneath the chain,The timid chick beneath the chains,-9.265228271484375,-11.577728271484375,-11.764068603515625,-8.451568603515625,-7.6736602783203125,-9.673660278320312,128
train,0,The timid rabbit outside the tables,The timid rabbits outside the table,-19.516048431396484,-22.328548431396484,-21.069547653198242,-20.632047653198242,-20.978517532348633,-22.009767532348633,128
train,1,The timid rabbits outside the table,The timid rabbit outside the tables,-20.632047653198242,-21.069547653198242,-22.328548431396484,-19.516048431396484,-21.70587730407715,-20.01837730407715,128
train,0,The calm doe beneath the boxes,The calm does beneath the box,-18.121889114379883,-20.684389114379883,-23.066242218017578,-22.253742218017578,-22.628833770751953,-22.253833770751953,128
train,1,The calm does beneath the box,The calm doe beneath the boxes,-22.253742218017578,-23.066242218017578,-20.684389114379883,-18.121889114379883,-20.888925552368164,-18.763925552368164,128
train,0,The nervous cow behind the rocks,The nervous cows behind the rock,-15.706694602966309,-18.331695556640625,-19.238832473754883,-16.051332473754883,-18.419031143188477,-17.356531143188477,128
train,1,The nervous cows behind the rock,The nervous cow behind the rocks,-16.051332473754883,-19.238832473754883,-18.331695556640625,-15.706694602966309,-15.862359046936035,-16.61236000061035,128
train,0,The sleepy cock behind the cabins,The sleepy cocks behind the cabin,-10.90887451171875,-13.40887451171875,-13.7543306350708,-11.5043306350708,-12.604300498962402,-12.854300498962402,128
train,1,The sleepy cocks behind the cabin,The sleepy cock behind the cabins,-11.5043306350708,-13.7543306350708,-13.40887451171875,-10.90887451171875,-12.507362365722656,-12.007362365722656,128
train,0,The sleepy chick around the stools,The sleepy chicks around the stool,-18.582704544067383,-20.270204544067383,-19.340076446533203,-17.152576446533203,-18.775915145874023,-18.150915145874023,128
train,1,The sleepy chicks around the stool,The sleepy chick around the stools,-17.152576446533203,-19.340076446533203,-20.270204544067383,-18.582704544067383,-18.698837280273438,-19.261337280273438,128
train,0,The quiet rat beneath the columns,The quiet rats beneath the column,-8.32012939453125,-13.69512939453125,-13.401262283325195,-9.276262283325195,-10.312795639038086,-9.937795639038086,128
train,1,The quiet rats beneath the column,The quiet rat beneath the columns,-9.276262283325195,-13.401262283325195,-13.69512939453125,-8.32012939453125,-9.707548141479492,-9.957548141479492,128
train,0,The slender turtle past the vines,The slender turtles past the vine,-9.937314987182617,-13.187314987182617,-12.321785926818848,-10.759285926818848,-11.221488952636719,-12.283988952636719,128
train,1,The slender turtles past the vine,The slender turtle past the vines,-10.759285926818848,-12.321785926818848,-13.187314987182617,-9.937314987182617,-10.303234100341797,-11.428234100341797,128
train,0,The timid cow around the benches,The timid cows around the bench,-8.94576644897461,-11.44576644897461,-12.109009742736816,-6.171509265899658,-10.34416389465332,-7.96916389465332,128
train,1,The timid cows around the bench,The timid cow around the benches,-6.171509265899658,-12.109009742736816,-11.44576644897461,-8.94576644897461,-7.702355861663818,-10.45235538482666,128
train,0,The nervous rabbit around the dams,The nervous rabbits around the dam,-11.7674560546875,-12.3924560546875,-12.536172866821289,-8.661172866821289,-11.032785415649414,-10.657785415649414,128
train,1,The nervous rabbits around the dam,The nervous rabbit around the dams,-8.661172866821289,-12.536172866821289,-12.3924560546875,-11.7674560546875,-10.639175415039062,-13.389175415039062,128
train,0,The timid rat around the benches,The timid rats around the bench,-17.62135124206543,-18.49635124206543,-19.01917839050293,-14.89417839050293,-18.35682487487793,-16.79432487487793,128
train,1,The timid rats around the bench,The timid rat around the benches,-14.89417839050293,-19.01917839050293,-18.49635124206543,-17.62135124206543,-16.479873657226562,-18.604873657226562,128
train,0,The small dolphin past the logs,The small dolphins past the log,-7.72845458984375,-10.97845458984375,-10.938629150390625,-9.688629150390625,-9.357498168945312,-10.607498168945312,128
train,1,The small dolphins past the log,The small dolphin past the logs,-9.688629150390625,-10.938629150390625,-10.97845458984375,-7.72845458984375,-8.53968620300293,-9.41468620300293,128
train,0,The calm lion outside the cabins,The calm lions outside the cabin,-10.938179969787598,-15.313179969787598,-13.10020637512207,-8.85020637512207,-10.657565116882324,-10.657565116882324,128
train,1,The calm lions outside the cabin,The calm lion outside the cabins,-8.85020637512207,-13.10020637512207,-15.313179969787598,-10.938179969787598,-11.062886238098145,-12.187886238098145,128
train,0,The fuzzy horse beneath the boilers,The fuzzy horses beneath the boiler,-9.257472038269043,-14.444972038269043,-13.501521110534668,-9.626521110534668,-11.126708984375,-11.251708984375,128
train,1,The fuzzy horses beneath the boiler,The fuzzy horse beneath the boilers,-9.626521110534668,-13.501521110534668,-14.444972038269043,-9.257472038269043,-9.502443313598633,-10.377443313598633,128
train,0,The bright pup outside the cabins,The bright pups outside the cabin,-10.465481758117676,-12.715481758117676,-13.181070327758789,-8.681070327758789,-10.680800437927246,-9.680800437927246,128
train,1,The bright pups outside the cabin,The bright pup outside the cabins,-8.681070327758789,-13.181070327758789,-12.715481758117676,-10.465481758117676,-10.43851089477539,-11.93851089477539,128
train,0,The timid dog outside the clocks,The timid dogs outside the clock,-10.42424201965332,-12.54924201965332,-9.910990715026855,-7.535991191864014,-8.232301712036133,-9.107301712036133,128
train,1,The timid dogs outside the clock,The timid dog outside the clocks,-7.535991191864014,-9.910990715026855,-12.54924201965332,-10.42424201965332,-9.233135223388672,-10.858135223388672,128
train,0,The timid lion beneath the walls,The timid lions beneath the wall,-8.78866958618164,-14.35116958618164,-12.738194465637207,-8.488194465637207,-10.051526069641113,-9.176526069641113,128
train,1,The timid lions beneath the wall,The timid lion beneath the walls,-8.488194465637207,-12.738194465637207,-14.35116958618164,-8.78866958618164,-9.870027542114258,-10.620027542114258,128
train,0,The fuzzy cow behind the houses,The fuzzy cows behind the house,-9.114860534667969,-12.489860534667969,-11.702652931213379,-7.827652931213379,-10.453767776489258,-9.453767776489258,128
train,1,The fuzzy cows behind the house,The fuzzy cow behind the houses,-7.827652931213379,-11.702652931213379,-12.489860534667969,-9.114860534667969,-9.33989429473877,-10.08989429473877,128
train,0,The calm chick outside the drums,The calm chicks outside the drum,-20.52248764038086,-21.55373764038086,-18.731454849243164,-17.356454849243164,-19.0789852142334,-19.2664852142334,128
train,1,The calm chicks outside the drum,The calm chick outside the drums,-17.356454849243164,-18.731454849243164,-21.55373764038086,-20.52248764038086,-20.146596908569336,-20.990346908569336,128
train,0,The slender panda beneath the boxes,The slender pandas beneath the box,-9.094206809997559,-13.719206809997559,-14.881060600280762,-12.006060600280762,-11.884992599487305,-13.509992599487305,128
train,1,The slender pandas beneath the box,The slender panda beneath the boxes,-12.006060600280762,-14.881060600280762,-13.719206809997559,-9.094206809997559,-9.78842544555664,-10.91342544555664,128
train,0,The nervous shark around the thresholds,The nervous sharks around the threshold,-20.773853302001953,-22.273853302001953,-23.96501922607422,-21.40251922607422,-22.466102600097656,-22.716102600097656,128
train,1,The nervous sharks around the threshold,The nervous shark around the thresholds,-21.40251922607422,-23.96501922607422,-22.273853302001953,-20.773853302001953,-20.705167770385742,-22.017667770385742,128
train,0,The slender dog beneath the boilers,The slender dogs beneath the boiler,-9.251856803894043,-13.251856803894043,-13.87569522857666,-10.37569522857666,-11.375961303710938,-11.375961303710938,128
train,1,The slender dogs beneath the boiler,The slender dog beneath the boilers,-10.37569522857666,-13.87569522857666,-13.251856803894043,-9.251856803894043,-10.000741958618164,-10.625741958618164,128
train,0,The timid dolphin outside the pipes,The timid dolphins outside the pipe,-9.64651870727539,-12.39651870727539,-10.561552047729492,-7.811552047729492,-9.802706718444824,-9.802706718444824,128
train,1,The timid dolphins outside the pipe,The timid dolphin outside the pipes,-7.811552047729492,-10.561552047729492,-12.39651870727539,-9.64651870727539,-8.770949363708496,-11.020949363708496,128
train,0,The small pup past the cables,The small pups past the cable,-10.104251861572266,-13.104251861572266,-11.413015365600586,-9.913015365600586,-10.1649808883667,-11.1649808883667,128
train,1,The small pups past the cable,The small pup past the cables,-9.913015365600586,-11.413015365600586,-13.104251861572266,-10.104251861572266,-11.177733421325684,-11.802733421325684,128
train,0,The slender dog outside the windows,The slender dogs outside the window,-6.216372966766357,-9.8413724899292,-12.205368995666504,-7.267868518829346,-9.21170711517334,-7.71170711517334,128
train,1,The slender dogs outside the window,The slender dog outside the windows,-7.267868518829346,-12.205368995666504,-9.8413724899292,-6.216372966766357,-7.9765825271606445,-8.351582527160645,128
train,0,The calm frog around the stools,The calm frogs around the stool,-12.137625694274902,-14.887625694274902,-12.438959121704102,-10.313959121704102,-11.665329933166504,-12.540329933166504,128
train,1,The calm frogs around the stool,The calm frog around the stools,-10.313959121704102,-12.438959121704102,-14.887625694274902,-12.137625694274902,-12.508484840393066,-13.258484840393066,128
train,0,The small cow behind the pans,The small cows behind the pan,-3.7974658012390137,-4.797465801239014,-7.139501571655273,-6.389501571655273,-5.272058486938477,-7.772058486938477,128
train,1,The small cows behind the pan,The small cow behind the pans,-6.389501571655273,-7.139501571655273,-4.797465801239014,-3.7974658012390137,-4.248439788818359,-5.248439788818359,128
train,0,The fuzzy dog around the tanks,The fuzzy dogs around the tank,-23.440824508666992,-24.065824508666992,-24.690654754638672,-22.440654754638672,-24.189598083496094,-24.127098083496094,128
train,1,The fuzzy dogs around the tank,The fuzzy dog around the tanks,-22.440654754638672,-24.690654754638672,-24.065824508666992,-23.440824508666992,-23.064607620239258,-24.189607620239258,128
train,0,The small lion behind the bolts,The small lions behind the bolt,-11.257285118103027,-15.882285118103027,-13.634109497070312,-10.009109497070312,-11.756280899047852,-12.381280899047852,128
train,1,The small lions behind the bolt,The small lion behind the bolts,-10.009109497070312,-13.634109497070312,-15.882285118103027,-11.257285118103027,-11.255465507507324,-12.255465507507324,128
train,0,The small dog outside the cabins,The small dogs outside the cabin,-10.285572052001953,-14.285572052001953,-12.683686256408691,-7.183686256408691,-9.60291576385498,-8.97791576385498,128
train,1,The small dogs outside the cabin,The small dog outside the cabins,-7.183686256408691,-12.683686256408691,-14.285572052001953,-10.285572052001953,-10.155905723571777,-11.905905723571777,128
train,0,The bright bat behind the valves,The bright bats behind the valve,-18.78404426574707,-20.47154426574707,-19.403379440307617,-16.840879440307617,-19.37653350830078,-18.12653350830078,128
train,1,The bright bats behind the valve,The bright bat behind the valves,-16.840879440307617,-19.403379440307617,-20.47154426574707,-18.78404426574707,-18.961111068725586,-20.023611068725586,128
train,0,The calm dolphin beneath the boxes,The calm dolphins beneath the box,-18.595094680786133,-19.345094680786133,-20.075464248657227,-19.262964248657227,-20.070484161376953,-19.570484161376953,128
train,1,The calm dolphins beneath the box,The calm dolphin beneath the boxes,-19.262964248657227,-20.075464248657227,-19.345094680786133,-18.595094680786133,-18.317352294921875,-19.692352294921875,128
train,0,The nervous shark beneath the chairs,The nervous sharks beneath the chair,-8.3739652633667,-12.3739652633667,-10.299896240234375,-7.924896717071533,-8.143424987792969,-9.268424987792969,128
train,1,The nervous sharks beneath the chair,The nervous shark beneath the chairs,-7.924896717071533,-10.299896240234375,-12.3739652633667,-8.3739652633667,-9.232105255126953,-9.982105255126953,128
train,0,The nervous frog outside the tables,The nervous frogs outside the table,-10.149466514587402,-13.024466514587402,-11.548418045043945,-8.423418045043945,-9.837620735168457,-9.837620735168457,128
train,1,The nervous frogs outside the table,The nervous frog outside the tables,-8.423418045043945,-11.548418045043945,-13.024466514587402,-10.149466514587402,-10.139143943786621,-11.514143943786621,128
train,0,The calm rabbit beneath the boxes,The calm rabbits beneath the box,-20.0777530670166,-21.4527530670166,-24.698841094970703,-22.261341094970703,-23.450422286987305,-23.075422286987305,128
train,1,The calm rabbits beneath the box,The calm rabbit beneath the boxes,-22.261341094970703,-24.698841094970703,-21.4527530670166,-20.0777530670166,-20.107667922973633,-21.857667922973633,128
train,0,The calm monitor behind the bolts,The calm monitors behind the bolt,-11.014572143554688,-16.077072143554688,-13.757935523986816,-11.882935523986816,-12.254966735839844,-14.629966735839844,128
train,1,The calm monitors behind the bolt,The calm monitor behind the bolts,-11.882935523986816,-13.757935523986816,-16.077072143554688,-11.014572143554688,-13.134469985961914,-11.509469985961914,128
train,0,The small rabbit past the cables,The small rabbits past the cable,-10.102205276489258,-12.727205276489258,-11.239670753479004,-9.739670753479004,-10.262828826904297,-11.387828826904297,128
train,1,The small rabbits past the cable,The small rabbit past the cables,-9.739670753479004,-11.239670753479004,-12.727205276489258,-10.102205276489258,-10.679058074951172,-11.804058074951172,128
train,0,The calm dolphin beneath the trenches,The calm dolphins beneath the trench,-11.266372680664062,-15.828872680664062,-12.754965782165527,-10.504965782165527,-11.754682540893555,-12.629682540893555,128
train,1,The calm dolphins beneath the trench,The calm dolphin beneath the trenches,-10.504965782165527,-12.754965782165527,-15.828872680664062,-11.266372680664062,-11.014870643615723,-12.389870643615723,128
train,0,The fuzzy frog behind the crates,The fuzzy frogs behind the crate,-17.142333984375,-20.673583984375,-20.979228973388672,-19.041728973388672,-19.674070358276367,-19.924070358276367,128
train,1,The fuzzy frogs behind the crate,The fuzzy frog behind the crates,-19.041728973388672,-20.979228973388672,-20.673583984375,-17.142333984375,-18.615337371826172,-18.615337371826172,128
train,0,The small monitor outside the benches,The small monitors outside the bench,-7.043188095092773,-11.918188095092773,-11.776655197143555,-6.1516547203063965,-8.779288291931152,-7.779287815093994,128
train,1,The small monitors outside the bench,The small monitor outside the benches,-6.1516547203063965,-11.776655197143555,-11.918188095092773,-7.043188095092773,-7.034174919128418,-8.534174919128418,128
train,0,The nervous panda behind the windows,The nervous pandas behind the window,-7.718379974365234,-10.968379974365234,-10.084041595458984,-8.459041595458984,-8.23658275604248,-10.11158275604248,128
train,1,The nervous pandas behind the window,The nervous panda behind the windows,-8.459041595458984,-10.084041595458984,-10.968379974365234,-7.718379974365234,-9.030267715454102,-8.655267715454102,128
train,0,The small dolphin beneath the barrels,The small dolphins beneath the barrel,-8.645431518554688,-13.895431518554688,-13.264924049377441,-9.889924049377441,-11.885344505310059,-12.385344505310059,128
train,1,The small dolphins beneath the barrel,The small dolphin beneath the barrels,-9.889924049377441,-13.264924049377441,-13.895431518554688,-8.645431518554688,-8.76160717010498,-10.51160717010498,128
train,0,The nervous bat behind the windows,The nervous bats behind the window,-6.972973823547363,-9.785473823547363,-9.94152545928955,-7.691525459289551,-7.404393196105957,-10.154393196105957,128
train,1,The nervous bats behind the window,The nervous bat behind the windows,-7.691525459289551,-9.94152545928955,-9.785473823547363,-6.972973823547363,-7.588260650634766,-7.838260650634766,128
train,0,The sleepy whale around the columns,The sleepy whales around the column,-18.269975662231445,-18.644975662231445,-20.9619197845459,-18.3994197845459,-20.1033935546875,-18.9158935546875,128
train,1,The sleepy whales around the column,The sleepy whale around the columns,-18.3994197845459,-20.9619197845459,-18.644975662231445,-18.269975662231445,-17.45021629333496,-19.57521629333496,128
train,0,The sleepy shark behind the plants,The sleepy sharks behind the plant,-8.644469261169434,-13.331969261169434,-10.15744400024414,-8.78244400024414,-9.245577812194824,-10.995577812194824,128
train,1,The sleepy sharks behind the plant,The sleepy shark behind the plants,-8.78244400024414,-10.15744400024414,-13.331969261169434,-8.644469261169434,-9.709218978881836,-9.459218978881836,128
train,0,The timid kitten outside the tables,The timid kittens outside the table,-17.57839012145996,-18.32839012145996,-20.03941535949707,-14.85191535949707,-17.757028579711914,-16.382028579711914,128
train,1,The timid kittens outside the table,The timid kitten outside the tables,-14.85191535949707,-20.03941535949707,-18.32839012145996,-17.57839012145996,-16.958566665649414,-18.833566665649414,128
train,0,The small kit past the vines,The small kits past the vine,-19.158931732177734,-20.877681732177734,-20.564489364624023,-19.439489364624023,-20.42567253112793,-19.58192253112793,128
train,1,The small kits past the vine,The small kit past the vines,-19.439489364624023,-20.564489364624023,-20.877681732177734,-19.158931732177734,-20.242389678955078,-19.804889678955078,128
train,0,The small bat outside the stools,The small bats outside the stool,-20.454633712768555,-22.017133712768555,-21.112857818603516,-18.612857818603516,-19.669851303100586,-20.232351303100586,128
train,1,The small bats outside the stool,The small bat outside the stools,-18.612857818603516,-21.112857818603516,-22.017133712768555,-20.454633712768555,-20.26887321472168,-21.58137321472168,128
train,0,The timid kit beneath the columns,The timid kits beneath the column,-18.502456665039062,-19.439956665039062,-19.95775604248047,-18.14525604248047,-19.160795211791992,-18.160795211791992,128
train,1,The timid kits beneath the column,The timid kit beneath the columns,-18.14525604248047,-19.95775604248047,-19.439956665039062,-18.502456665039062,-19.096349716186523,-19.346349716186523,128
train,0,The fuzzy dog past the boxes,The fuzzy dogs past the box,-17.139793395996094,-18.452293395996094,-21.199220657348633,-19.949220657348633,-20.32537078857422,-20.51287078857422,128
train,1,The fuzzy dogs past the box,The fuzzy dog past the boxes,-19.949220657348633,-21.199220657348633,-18.452293395996094,-17.139793395996094,-17.96619987487793,-18.52869987487793,128
train,0,The timid lion past the barrels,The timid lions past the barrel,-9.672243118286133,-13.484743118286133,-13.163376808166504,-9.913376808166504,-11.054696083068848,-11.554696083068848,128
train,1,The timid lions past the barrel,The timid lion past the barrels,-9.913376808166504,-13.163376808166504,-13.484743118286133,-9.672243118286133,-10.412306785583496,-11.162306785583496,128
train,0,The nervous dolphin behind the windows,The nervous dolphins behind the window,-7.969419002532959,-10.9069185256958,-10.54567813873291,-8.92067813873291,-9.026040077209473,-10.651040077209473,128
train,1,The nervous dolphins behind the window,The nervous dolphin behind the windows,-8.92067813873291,-10.54567813873291,-10.9069185256958,-7.969419002532959,-8.799126625061035,-9.174126625061035,128
train,0,The timid panda past the barrels,The timid pandas past the barrel,-9.209750175476074,-11.959750175476074,-12.335782051086426,-10.960782051086426,-11.241715431213379,-13.179215431213379,128
train,1,The timid pandas past the barrel,The timid panda past the barrels,-10.960782051086426,-12.335782051086426,-11.959750175476074,-9.209750175476074,-9.641133308410645,-10.766133308410645,128
train,0,The small shark outside the stools,The small sharks outside the stool,-15.830366134643555,-17.705366134643555,-17.845712661743164,-14.78321361541748,-16.217119216918945,-16.029619216918945,128
train,1,The small sharks outside the stool,The small shark outside the stools,-14.78321361541748,-17.845712661743164,-17.705366134643555,-15.830366134643555,-16.264556884765625,-16.889556884765625,128
train,0,The bright kitten behind the valves,The bright kittens behind the valve,-18.654598236083984,-20.404598236083984,-20.832115173339844,-18.332115173339844,-20.19190216064453,-19.19190216064453,128
train,1,The bright kittens behind the valve,The bright kitten behind the valves,-18.332115173339844,-20.832115173339844,-20.404598236083984,-18.654598236083984,-19.028162002563477,-19.840662002563477,128
train,0,The small rabbit around the stools,The small rabbits around the stool,-12.011211395263672,-13.886211395263672,-14.383439064025879,-10.633439064025879,-12.258310317993164,-11.883310317993164,128
train,1,The small rabbits around the stool,The small rabbit around the stools,-10.633439064025879,-14.383439064025879,-13.886211395263672,-12.011211395263672,-11.756389617919922,-13.256389617919922,128
train,0,The small turtle around the tanks,The small turtles around the tank,-11.51394271850586,-13.76394271850586,-12.533150672912598,-6.0331501960754395,-10.764907836914062,-8.889907836914062,128
train,1,The small turtles around the tank,The small turtle around the tanks,-6.0331501960754395,-12.533150672912598,-13.76394271850586,-11.51394271850586,-9.640551567077637,-11.640551567077637,128
train,0,The timid lion outside the pipes,The timid lions outside the pipe,-10.389062881469727,-13.764062881469727,-11.664000511169434,-8.164000511169434,-10.648941040039062,-10.523941040039062,128
train,1,The timid lions outside the pipe,The timid lion outside the pipes,-8.164000511169434,-11.664000511169434,-13.764062881469727,-10.389062881469727,-10.016042709350586,-11.266042709350586,128
train,0,The sleepy frog beneath the statues,The sleepy frogs beneath the statue,-9.41175365447998,-12.53675365447998,-11.896683692932129,-7.521683692932129,-10.202154159545898,-9.327154159545898,128
train,1,The sleepy frogs beneath the statue,The sleepy frog beneath the statues,-7.521683692932129,-11.896683692932129,-12.53675365447998,-9.41175365447998,-9.83088493347168,-10.95588493347168,128
train,0,The nervous rabbit behind the windows,The nervous rabbits behind the window,-15.952460289001465,-18.38996124267578,-17.8626766204834,-15.925176620483398,-16.275949478149414,-17.025949478149414,128
train,1,The nervous rabbits behind the window,The nervous rabbit behind the windows,-15.925176620483398,-17.8626766204834,-18.38996124267578,-15.952460289001465,-17.4487247467041,-17.2612247467041,128
train,0,The bright monitor beneath the trenches,The bright monitors beneath the trench,-11.136242866516113,-16.948741912841797,-14.315752029418945,-9.753252029418945,-12.12741756439209,-11.87741756439209,128
train,1,The bright monitors beneath the trench,The bright monitor beneath the trenches,-9.753252029418945,-14.315752029418945,-16.948741912841797,-11.136242866516113,-11.011889457702637,-12.386889457702637,128
train,0,The fuzzy chick behind the crates,The fuzzy chicks behind the crate,-17.18927764892578,-18.12677764892578,-18.809494018554688,-16.684494018554688,-17.753904342651367,-17.003904342651367,128
train,1,The fuzzy chicks behind the crate,The fuzzy chick behind the crates,-16.684494018554688,-18.809494018554688,-18.12677764892578,-17.18927764892578,-17.5810546875,-18.1435546875,128
train,0,The fuzzy kit around the carts,The fuzzy kits around the cart,-9.914341926574707,-11.664341926574707,-10.789166450500488,-10.039166450500488,-9.410311698913574,-12.597811698913574,128
train,1,The fuzzy kits around the cart,The fuzzy kit around the carts,-10.039166450500488,-10.789166450500488,-11.664341926574707,-9.914341926574707,-9.555726051330566,-10.805726051330566,128
train,0,The slender pup outside the piles,The slender pups outside the pile,-19.632251739501953,-21.569751739501953,-20.209678649902344,-18.772178649902344,-20.07870864868164,-20.51620864868164,128
train,1,The slender pups outside the pile,The slender pup outside the piles,-18.772178649902344,-20.209678649902344,-21.569751739501953,-19.632251739501953,-19.819551467895508,-20.132051467895508,128
train,0,The timid dolphin around the dams,The timid dolphins around the dam,-10.036649703979492,-11.161649703979492,-12.915976524353027,-7.665976524353027,-10.542840957641602,-8.417840957641602,128
train,1,The timid dolphins around the dam,The timid dolphin around the dams,-7.665976524353027,-12.915976524353027,-11.161649703979492,-10.036649703979492,-8.410504341125488,-11.785504341125488,128
train,0,The timid chick past the screws,The timid chicks past the screw,-16.419849395751953,-18.482349395751953,-21.151594161987305,-19.307844161987305,-20.82253646850586,-19.72878646850586,128
train,1,The timid chicks past the screw,The timid chick past the screws,-19.307844161987305,-21.151594161987305,-18.482349395751953,-16.419849395751953,-16.43946647644043,-17.50196647644043,128
train,0,The sleepy dolphin beneath the boilers,The sleepy dolphins beneath the boiler,-9.13309383392334,-13.57059383392334,-14.002585411071777,-10.752585411071777,-12.003360748291016,-12.003360748291016,128
train,1,The sleepy dolphins beneath the boiler,The sleepy dolphin beneath the boilers,-10.752585411071777,-14.002585411071777,-13.57059383392334,-9.13309383392334,-8.129050254821777,-10.629050254821777,128
train,0,The bright shark beneath the trenches,The bright sharks beneath the trench,-9.652874946594238,-13.840374946594238,-12.387673377990723,-8.637673377990723,-10.388927459716797,-10.888927459716797,128
train,1,The bright sharks beneath the trench,The bright shark beneath the trenches,-8.637673377990723,-12.387673377990723,-13.840374946594238,-9.652874946594238,-9.270757675170898,-11.020757675170898,128
train,0,The quiet chick behind the signs,The quiet chicks behind the sign,-8.890475273132324,-12.390475273132324,-11.751544952392578,-9.876544952392578,-10.725210189819336,-10.725210189819336,128
train,1,The quiet chicks behind the sign,The quiet chick behind the signs,-9.876544952392578,-11.751544952392578,-12.390475273132324,-8.890475273132324,-10.306488990783691,-9.556488990783691,128
train,0,The calm turtle beneath the boxes,The calm turtles beneath the box,-17.87053871154785,-19.30803871154785,-21.95412826538086,-21.39162826538086,-22.325557708740234,-22.575557708740234,128
train,1,The calm turtles beneath the box,The calm turtle beneath the boxes,-21.39162826538086,-21.95412826538086,-19.30803871154785,-17.87053871154785,-17.483386993408203,-18.983386993408203,128
train,0,The quiet frog outside the pipes,The quiet frogs outside the pipe,-9.158734321594238,-13.283734321594238,-9.936933517456055,-8.561933517456055,-9.299509048461914,-10.674509048461914,128
train,1,The quiet frogs outside the pipe,The quiet frog outside the pipes,-8.561933517456055,-9.936933517456055,-13.283734321594238,-9.158734321594238,-9.655147552490234,-9.905147552490234,128
train,0,The fuzzy turtle outside the cabins,The fuzzy turtles outside the cabin,-18.239782333374023,-19.739782333374023,-19.583478927612305,-14.583478927612305,-17.725339889526367,-15.725340843200684,128
train,1,The fuzzy turtles outside the cabin,The fuzzy turtle outside the cabins,-14.583478927612305,-19.583478927612305,-19.739782333374023,-18.239782333374023,-17.854869842529297,-19.667369842529297,128
train,0,The timid whale around the thresholds,The timid whales around the threshold,-12.151962280273438,-15.651962280273438,-15.3154878616333,-11.0654878616333,-13.560307502746582,-12.310307502746582,128
train,1,The timid whales around the threshold,The timid whale around the thresholds,-11.0654878616333,-15.3154878616333,-15.651962280273438,-12.151962280273438,-11.519953727722168,-13.394953727722168,128
train,0,The sleepy whale behind the valves,The sleepy whales behind the valve,-9.887206077575684,-14.137206077575684,-12.74492359161377,-10.99492359161377,-11.033879280090332,-12.408879280090332,128
train,1,The sleepy whales behind the valve,The sleepy whale behind the valves,-10.99492359161377,-12.74492359161377,-14.137206077575684,-9.887206077575684,-10.82419490814209,-11.19919490814209,128
train,0,The sleepy turtle beneath the statues,The sleepy turtles beneath the statue,-9.510570526123047,-12.885570526123047,-12.09259033203125,-7.030089855194092,-10.27230453491211,-8.77230453491211,128
train,1,The sleepy turtles beneath the statue,The sleepy turtle beneath the statues,-7.030089855194092,-12.09259033203125,-12.885570526123047,-9.510570526123047,-9.606711387634277,-10.856711387634277,128
train,0,The quiet dolphin past the screws,The quiet dolphins past the screw,-11.947866439819336,-14.135366439819336,-12.166634559631348,-11.666634559631348,-11.901272773742676,-13.026272773742676,128
train,1,The quiet dolphins past the screw,The quiet dolphin past the screws,-11.666634559631348,-12.166634559631348,-14.135366439819336,-11.947866439819336,-12.042335510253906,-13.667335510253906,128
train,0,The small panda beneath the boilers,The small pandas beneath the boiler,-18.251911163330078,-21.814411163330078,-24.469932556152344,-22.313682556152344,-21.75226402282715,-21.81476402282715,128
train,1,The small pandas beneath the boiler,The small panda beneath the boilers,-22.313682556152344,-24.469932556152344,-21.814411163330078,-18.251911163330078,-21.62630271911621,-21.06380271911621,128
train,0,The sleepy panda outside the stools,The sleepy pandas outside the stool,-9.08121109008789,-12.20621109008789,-12.840018272399902,-8.965018272399902,-10.839780807495117,-9.964780807495117,128
train,1,The sleepy pandas outside the stool,The sleepy panda outside the stools,-8.965018272399902,-12.840018272399902,-12.20621109008789,-9.08121109008789,-9.803616523742676,-10.678616523742676,128
train,0,The calm cock beneath the boxes,The calm cocks beneath the box,-16.437562942504883,-18.500062942504883,-20.626569747924805,-20.126569747924805,-19.939586639404297,-20.377086639404297,128
train,1,The calm cocks beneath the box,The calm cock beneath the boxes,-20.126569747924805,-20.626569747924805,-18.500062942504883,-16.437562942504883,-18.158924102783203,-17.471424102783203,128
train,0,The nervous shark outside the pipes,The nervous sharks outside the pipe,-9.97057056427002,-13.47057056427002,-11.546119689941406,-9.296119689941406,-10.31452465057373,-11.31452465057373,128
train,1,The nervous sharks outside the pipe,The nervous shark outside the pipes,-9.296119689941406,-11.546119689941406,-13.47057056427002,-9.97057056427002,-10.560302734375,-10.810302734375,128
train,0,The timid cow beneath the columns,The timid cows beneath the column,-16.554180145263672,-19.522930145263672,-22.100627899169922,-16.788127899169922,-20.168384552001953,-17.637134552001953,128
train,1,The timid cows beneath the column,The timid cow beneath the columns,-16.788127899169922,-22.100627899169922,-19.522930145263672,-16.554180145263672,-17.0767879486084,-19.0767879486084,128
train,0,The fuzzy frog behind the plants,The fuzzy frogs behind the plant,-8.085546493530273,-14.648046493530273,-8.84142780303955,-4.966427803039551,-7.054263114929199,-7.804263114929199,128
train,1,The fuzzy frogs behind the plant,The fuzzy frog behind the plants,-4.966427803039551,-8.84142780303955,-14.648046493530273,-8.085546493530273,-8.925484657287598,-8.925484657287598,128
train,0,The calm chick outside the benches,The calm chicks outside the bench,-8.56187629699707,-11.43687629699707,-11.085539817810059,-7.085539817810059,-9.63412857055664,-8.63412857055664,128
train,1,The calm chicks outside the bench,The calm chick outside the benches,-7.085539817810059,-11.085539817810059,-11.43687629699707,-8.56187629699707,-8.928618431091309,-9.428618431091309,128
train,0,The timid pup behind the rushes,The timid pups behind the rush,-17.186796188354492,-20.874296188354492,-18.508811950683594,-17.696311950683594,-18.509260177612305,-18.384260177612305,128
train,1,The timid pups behind the rush,The timid pup behind the rushes,-17.696311950683594,-18.508811950683594,-20.874296188354492,-17.186796188354492,-18.95977210998535,-18.14727210998535,128
train,0,The nervous rabbit beneath the chains,The nervous rabbits beneath the chain,-18.646379470825195,-20.896379470825195,-19.885723114013672,-18.823223114013672,-19.649860382080078,-19.337360382080078,128
train,1,The nervous rabbits beneath the chain,The nervous rabbit beneath the chains,-18.823223114013672,-19.885723114013672,-20.896379470825195,-18.646379470825195,-19.55790901184082,-20.43290901184082,128
train,0,The quiet cow beneath the chairs,The quiet cows beneath the chair,-20.29010581970215,-21.32135581970215,-20.71607208251953,-19.21607208251953,-20.246204376220703,-20.089954376220703,128
train,1,The quiet cows beneath the chair,The quiet cow beneath the chairs,-19.21607208251953,-20.71607208251953,-21.32135581970215,-20.29010581970215,-20.471338272094727,-21.533838272094727,128
train,0,The nervous bat beneath the chains,The nervous bats beneath the chain,-9.532328605651855,-11.532328605651855,-11.137917518615723,-10.512917518615723,-10.147246360778809,-12.334746360778809,128
train,1,The nervous bats beneath the chain,The nervous bat beneath the chains,-10.512917518615723,-11.137917518615723,-11.532328605651855,-9.532328605651855,-9.261863708496094,-10.761863708496094,128
train,0,The slender turtle past the logs,The slender turtles past the log,-19.709720611572266,-20.803470611572266,-21.8519344329834,-20.1644344329834,-20.870685577392578,-20.964435577392578,128
train,1,The slender turtles past the log,The slender turtle past the logs,-20.1644344329834,-21.8519344329834,-20.803470611572266,-19.709720611572266,-19.91209602355957,-20.75584602355957,128
train,0,The fuzzy chick outside the cabins,The fuzzy chicks outside the cabin,-19.187488555908203,-20.624988555908203,-19.115610122680664,-16.803110122680664,-18.426708221435547,-17.739208221435547,128
train,1,The fuzzy chicks outside the cabin,The fuzzy chick outside the cabins,-16.803110122680664,-19.115610122680664,-20.624988555908203,-19.187488555908203,-19.74142837524414,-20.05392837524414,128
train,0,The slender frog beneath the boilers,The slender frogs beneath the boiler,-9.875936508178711,-15.000936508178711,-13.001853942871094,-9.126853942871094,-10.502201080322266,-10.377201080322266,128
train,1,The slender frogs beneath the boiler,The slender frog beneath the boilers,-9.126853942871094,-13.001853942871094,-15.000936508178711,-9.875936508178711,-9.50053882598877,-11.25053882598877,128
train,0,The small kitten behind the houses,The small kittens behind the house,-18.329572677612305,-21.454572677612305,-18.289989471435547,-16.789989471435547,-17.61836051940918,-18.86836051940918,128
train,1,The small kittens behind the house,The small kitten behind the houses,-16.789989471435547,-18.289989471435547,-21.454572677612305,-18.329572677612305,-19.702970504760742,-18.952970504760742,128
train,0,The timid panda outside the pipes,The timid pandas outside the pipe,-10.021197319030762,-12.646197319030762,-10.9349365234375,-7.809936046600342,-9.307026863098145,-9.807026863098145,128
train,1,The timid pandas outside the pipe,The timid panda outside the pipes,-7.809936046600342,-10.9349365234375,-12.646197319030762,-10.021197319030762,-9.401524543762207,-10.901524543762207,128
train,0,The nervous rat beneath the chains,The nervous rats beneath the chain,-20.88295555114746,-22.16420555114746,-21.67510414123535,-20.64385414123535,-20.82866859436035,-20.82866859436035,128
train,1,The nervous rats beneath the chain,The nervous rat beneath the chains,-20.64385414123535,-21.67510414123535,-22.16420555114746,-20.88295555114746,-20.427507400512695,-22.083757400512695,128
train,0,The bright cock outside the cabins,The bright cocks outside the cabin,-11.182682991027832,-12.557682991027832,-13.254471778869629,-9.879471778869629,-11.787585258483887,-11.412585258483887,128
train,1,The bright cocks outside the cabin,The bright cock outside the cabins,-9.879471778869629,-13.254471778869629,-12.557682991027832,-11.182682991027832,-11.794404983520508,-12.044404983520508,128
train,0,The slender panda behind the bolts,The slender pandas behind the bolt,-20.33014678955078,-21.76764678955078,-20.324493408203125,-19.824493408203125,-20.012582778930664,-19.575082778930664,128
train,1,The slender pandas behind the bolt,The slender panda behind the bolts,-19.824493408203125,-20.324493408203125,-21.76764678955078,-20.33014678955078,-21.01313591003418,-21.32563591003418,128
train,0,The fuzzy rabbit past the vines,The fuzzy rabbits past the vine,-9.039467811584473,-12.851967811584473,-10.838327407836914,-10.338327407836914,-9.910746574401855,-11.535746574401855,128
train,1,The fuzzy rabbits past the vine,The fuzzy rabbit past the vines,-10.338327407836914,-10.838327407836914,-12.851967811584473,-9.039467811584473,-10.415364265441895,-10.040364265441895,128
train,0,The small rabbit around the towers,The small rabbits around the tower,-21.390092849731445,-22.452592849731445,-24.10089683532715,-19.16339683532715,-22.288633346557617,-20.163633346557617,128
train,1,The small rabbits around the tower,The small rabbit around the towers,-19.16339683532715,-24.10089683532715,-22.452592849731445,-21.390092849731445,-19.883119583129883,-22.320619583129883,128
train,0,The bright bat outside the benches,The bright bats outside the bench,-8.789583206176758,-12.164583206176758,-11.178853988647461,-6.928853988647461,-8.684003829956055,-9.184003829956055,128
train,1,The bright bats outside the bench,The bright bat outside the benches,-6.928853988647461,-11.178853988647461,-12.164583206176758,-8.789583206176758,-8.658631324768066,-10.158631324768066,128
train,0,The sleepy rabbit past the crates,The sleepy rabbits past the crate,-9.309515953063965,-12.622015953063965,-13.309547424316406,-12.184547424316406,-12.310807228088379,-13.560807228088379,128
train,1,The sleepy rabbits past the crate,The sleepy rabbit past the crates,-12.184547424316406,-13.309547424316406,-12.622015953063965,-9.309515953063965,-10.977530479431152,-10.602530479431152,128
train,0,The bright cock behind the valves,The bright cocks behind the valve,-21.7808895111084,-22.1558895111084,-21.89009666442871,-20.98384666442871,-21.78783416748047,-21.66283416748047,128
train,1,The bright cocks behind the valve,The bright cock behind the valves,-20.98384666442871,-21.89009666442871,-22.1558895111084,-21.7808895111084,-21.46494483947754,-21.77744483947754,128
train,0,The fuzzy lion outside the pots,The fuzzy lions outside the pot,-9.14212417602539,-13.01712417602539,-10.398344993591309,-6.773344993591309,-7.89607048034668,-9.14607048034668,128
train,1,The fuzzy lions outside the pot,The fuzzy lion outside the pots,-6.773344993591309,-10.398344993591309,-13.01712417602539,-9.14212417602539,-9.516454696655273,-10.141454696655273,128
train,0,The quiet kitten behind the signs,The quiet kittens behind the sign,-18.100271224975586,-20.350271224975586,-19.845783233642578,-18.408283233642578,-18.77284049987793,-19.52284049987793,128
train,1,The quiet kittens behind the sign,The quiet kitten behind the signs,-18.408283233642578,-19.845783233642578,-20.350271224975586,-18.100271224975586,-18.95785140991211,-19.39535140991211,128
train,0,The sleepy pup beneath the milestones,The sleepy pups beneath the milestone,-20.086252212524414,-21.836252212524414,-23.6575984954834,-18.8450984954834,-22.09524154663086,-20.03274154663086,128
train,1,The sleepy pups beneath the milestone,The sleepy pup beneath the milestones,-18.8450984954834,-23.6575984954834,-21.836252212524414,-20.086252212524414,-19.415563583374023,-20.978063583374023,128
train,0,The slender cock around the walls,The slender cocks around the wall,-16.73737335205078,-18.17487335205078,-16.604015350341797,-15.104015350341797,-16.131105422973633,-16.881105422973633,128
train,1,The slender cocks around the wall,The slender cock around the walls,-15.104015350341797,-16.604015350341797,-18.17487335205078,-16.73737335205078,-16.239898681640625,-17.114898681640625,128
train,0,The fuzzy dog behind the plants,The fuzzy dogs behind the plant,-7.779719829559326,-14.029720306396484,-9.12098503112793,-6.62098503112793,-7.936811447143555,-9.311811447143555,128
train,1,The fuzzy dogs behind the plant,The fuzzy dog behind the plants,-6.62098503112793,-9.12098503112793,-14.029720306396484,-7.779719829559326,-9.14355182647705,-8.51855182647705,128
train,0,The nervous bat behind the windows,The nervous bats behind the window,-15.347973823547363,-16.097972869873047,-16.379024505615234,-16.254024505615234,-15.654393196105957,-16.466894149780273,128
train,1,The nervous bats behind the window,The nervous bat behind the windows,-16.254024505615234,-16.379024505615234,-16.097972869873047,-15.347973823547363,-15.900760650634766,-15.900760650634766,128
train,0,The sleepy cow around the belts,The sleepy cows around the belt,-12.882731437683105,-14.257731437683105,-12.645133972167969,-8.270133972167969,-11.761041641235352,-11.011041641235352,128
train,1,The sleepy cows around the belt,The sleepy cow around the belts,-8.270133972167969,-12.645133972167969,-14.257731437683105,-12.882731437683105,-11.00949764251709,-13.50949764251709,128
train,0,The nervous dolphin beneath the chains,The nervous dolphins beneath the chain,-18.89273452758789,-20.89273452758789,-19.532264709472656,-18.469764709472656,-18.81614112854004,-19.19114112854004,128
train,1,The nervous dolphins beneath the chain,The nervous dolphin beneath the chains,-18.469764709472656,-19.532264709472656,-20.89273452758789,-18.89273452758789,-18.741405487060547,-20.585155487060547,128
train,0,The quiet turtle behind the signs,The quiet turtles behind the sign,-10.0819730758667,-13.7694730758667,-12.42697525024414,-10.05197525024414,-11.045766830444336,-11.545766830444336,128
train,1,The quiet turtles behind the sign,The quiet turtle behind the signs,-10.05197525024414,-12.42697525024414,-13.7694730758667,-10.0819730758667,-10.420530319213867,-11.045530319213867,128
train,0,The fuzzy monitor behind the houses,The fuzzy monitors behind the house,-10.198522567749023,-14.198522567749023,-13.768277168273926,-9.643277168273926,-11.66109561920166,-11.41109561920166,128
train,1,The fuzzy monitors behind the house,The fuzzy monitor behind the houses,-9.643277168273926,-13.768277168273926,-14.198522567749023,-10.198522567749023,-10.307221412658691,-10.932221412658691,128
train,0,The slender dolphin past the logs,The slender dolphins past the log,-14.844244956970215,-16.9692440032959,-17.520633697509766,-16.958133697509766,-16.81833839416504,-17.50583839416504,128
train,1,The slender dolphins past the log,The slender dolphin past the logs,-16.958133697509766,-17.520633697509766,-16.9692440032959,-14.844244956970215,-15.730131149291992,-16.167631149291992,128
train,0,The timid cow outside the tables,The timid cows outside the table,-19.90966796875,-21.09716796875,-19.83622169494629,-17.46122169494629,-19.575790405273438,-19.263290405273438,128
train,1,The timid cows outside the table,The timid cow outside the tables,-17.46122169494629,-19.83622169494629,-21.09716796875,-19.90966796875,-19.407764434814453,-20.970264434814453,128
train,0,The slender panda outside the drums,The slender pandas outside the drum,-10.14876651763916,-12.64876651763916,-10.024763107299805,-6.774763107299805,-7.646278381347656,-9.646278381347656,128
train,1,The slender pandas outside the drum,The slender panda outside the drums,-6.774763107299805,-10.024763107299805,-12.64876651763916,-10.14876651763916,-9.769076347351074,-11.019076347351074,128
train,0,The nervous turtle behind the windows,The nervous turtles behind the window,-8.48017406463623,-10.73017406463623,-13.061591148376465,-8.624091148376465,-10.310824394226074,-9.560824394226074,128
train,1,The nervous turtles behind the window,The nervous turtle behind the windows,-8.624091148376465,-13.061591148376465,-10.73017406463623,-8.48017406463623,-8.665013313293457,-9.665013313293457,128
train,0,The sleepy turtle around the carts,The sleepy turtles around the cart,-9.767424583435059,-13.079924583435059,-10.188220977783203,-5.438220977783203,-7.756421089172363,-8.506421089172363,128
train,1,The sleepy turtles around the cart,The sleepy turtle around the carts,-5.438220977783203,-10.188220977783203,-13.079924583435059,-9.767424583435059,-8.615056037902832,-11.490056037902832,128
train,0,The slender cock behind the valves,The slender cocks behind the valve,-10.779232025146484,-13.404232025146484,-12.180359840393066,-11.305359840393066,-11.543859481811523,-12.293859481811523,128
train,1,The slender cocks behind the valve,The slender cock behind the valves,-11.305359840393066,-12.180359840393066,-13.404232025146484,-10.779232025146484,-11.89785385131836,-11.39785385131836,128
train,0,The bright horse beneath the trenches,The bright horses beneath the trench,-11.017508506774902,-16.517507553100586,-14.251989364624023,-11.001989364624023,-12.502086639404297,-13.377086639404297,128
train,1,The bright horses beneath the trench,The bright horse beneath the trenches,-11.001989364624023,-14.251989364624023,-16.517507553100586,-11.017508506774902,-11.764238357543945,-11.764238357543945,128
train,0,The fuzzy kit outside the cabins,The fuzzy kits outside the cabin,-19.518735885620117,-20.081235885620117,-21.349960327148438,-19.474960327148438,-20.727277755737305,-20.102277755737305,128
train,1,The fuzzy kits outside the cabin,The fuzzy kit outside the cabins,-19.474960327148438,-21.349960327148438,-20.081235885620117,-19.518735885620117,-19.77031707763672,-20.20781707763672,128
train,0,The slender chick outside the windows,The slender chicks outside the window,-6.156682968139648,-8.781682968139648,-11.596611976623535,-6.846612453460693,-8.988530158996582,-6.988530158996582,128
train,1,The slender chicks outside the window,The slender chick outside the windows,-6.846612453460693,-11.596611976623535,-8.781682968139648,-6.156682968139648,-7.335585117340088,-7.710585117340088,128
train,0,The slender dog beneath the carts,The slender dogs beneath the cart,-20.01923942565918,-21.14423942565918,-23.196395874023438,-21.508895874023438,-21.579071044921875,-21.922821044921875,128
train,1,The slender dogs beneath the cart,The slender dog beneath the carts,-21.508895874023438,-23.196395874023438,-21.14423942565918,-20.01923942565918,-20.633834838867188,-21.821334838867188,128
train,0,The bright cock outside the pots,The bright cocks outside the pot,-21.908885955810547,-23.596385955810547,-23.75981903076172,-21.85356903076172,-22.481367111206055,-22.606367111206055,128
train,1,The bright cocks outside the pot,The bright cock outside the pots,-21.85356903076172,-23.75981903076172,-23.596385955810547,-21.908885955810547,-22.98938751220703,-22.52063751220703,128
train,0,The slender lion around the walls,The slender lions around the wall,-18.572338104248047,-21.697338104248047,-19.41623878479004,-16.91623878479004,-18.565410614013672,-18.252910614013672,128
train,1,The slender lions around the wall,The slender lion around the walls,-16.91623878479004,-19.41623878479004,-21.697338104248047,-18.572338104248047,-18.423372268676758,-19.423372268676758,128
train,0,The quiet rat past the screws,The quiet rats past the screw,-11.139967918395996,-14.452467918395996,-14.902061462402344,-14.464561462402344,-14.141746520996094,-15.266746520996094,128
train,1,The quiet rats past the screw,The quiet rat past the screws,-14.464561462402344,-14.902061462402344,-14.452467918395996,-11.139967918395996,-12.101734161376953,-12.726734161376953,128
train,0,The slender cock beneath the logs,The slender cocks beneath the log,-8.722716331481934,-12.660216331481934,-11.523103713989258,-11.023103713989258,-10.409589767456055,-11.909589767456055,128
train,1,The slender cocks beneath the log,The slender cock beneath the logs,-11.023103713989258,-11.523103713989258,-12.660216331481934,-8.722716331481934,-10.240259170532227,-9.365259170532227,128
train,0,The calm frog beneath the boxes,The calm frogs beneath the box,-16.300107955932617,-19.050107955932617,-20.53417205810547,-20.09667205810547,-20.148853302001953,-20.773853302001953,128
train,1,The calm frogs beneath the box,The calm frog beneath the boxes,-20.09667205810547,-20.53417205810547,-19.050107955932617,-16.300107955932617,-18.257112503051758,-17.757112503051758,128
train,0,The sleepy rat around the towers,The sleepy rats around the tower,-10.007024765014648,-14.882024765014648,-13.414508819580078,-8.477008819580078,-10.559723854064941,-9.934723854064941,128
train,1,The sleepy rats around the tower,The sleepy rat around the towers,-8.477008819580078,-13.414508819580078,-14.882024765014648,-10.007024765014648,-9.386404991149902,-11.136404991149902,128
train,0,The calm frog beneath the milestones,The calm frogs beneath the milestone,-10.409234046936035,-14.221734046936035,-12.706130981445312,-9.456130981445312,-10.76488971710205,-11.38988971710205,128
train,1,The calm frogs beneath the milestone,The calm frog beneath the milestones,-9.456130981445312,-12.706130981445312,-14.221734046936035,-10.409234046936035,-10.533523559570312,-11.033523559570312,128
train,0,The quiet chick around the dams,The quiet chicks around the dam,-7.6221842765808105,-8.622184753417969,-11.517461776733398,-7.01746129989624,-9.298053741455078,-7.298053741455078,128
train,1,The quiet chicks around the dam,The quiet chick around the dams,-7.01746129989624,-11.517461776733398,-8.622184753417969,-7.6221842765808105,-8.200845718383789,-9.200845718383789,128
train,0,The nervous doe beneath the chains,The nervous does beneath the chain,-16.995275497436523,-18.932775497436523,-18.522783279418945,-17.522783279418945,-18.33829689025879,-17.83829689025879,128
train,1,The nervous does beneath the chain,The nervous doe beneath the chains,-17.522783279418945,-18.522783279418945,-18.932775497436523,-16.995275497436523,-18.28558921813965,-17.66058921813965,128
train,0,The slender rat past the chairs,The slender rats past the chair,-11.549434661865234,-13.049434661865234,-13.307336807250977,-11.057336807250977,-11.933465003967285,-13.058465003967285,128
train,1,The slender rats past the chair,The slender rat past the chairs,-11.057336807250977,-13.307336807250977,-13.049434661865234,-11.549434661865234,-11.658224105834961,-12.283224105834961,128
train,0,The quiet dog beneath the walls,The quiet dogs beneath the wall,-9.885786056518555,-15.135786056518555,-12.114375114440918,-10.114375114440918,-10.326547622680664,-11.701547622680664,128
train,1,The quiet dogs beneath the wall,The quiet dog beneath the walls,-10.114375114440918,-12.114375114440918,-15.135786056518555,-9.885786056518555,-11.487709999084473,-10.987709999084473,128
train,0,The quiet turtle beneath the chairs,The quiet turtles beneath the chair,-18.149438858032227,-19.524438858032227,-17.187232971191406,-15.124732971191406,-16.218246459960938,-15.468247413635254,128
train,1,The quiet turtles beneath the chair,The quiet turtle beneath the chairs,-15.124732971191406,-17.187232971191406,-19.524438858032227,-18.149438858032227,-18.04803466796875,-19.54803466796875,128
train,0,The bright rat beneath the milestones,The bright rats beneath the milestone,-9.669095993041992,-13.794095993041992,-13.173967361450195,-8.736467361450195,-10.424572944641113,-10.549572944641113,128
train,1,The bright rats beneath the milestone,The bright rat beneath the milestones,-8.736467361450195,-13.173967361450195,-13.794095993041992,-9.669095993041992,-9.257035255432129,-11.007035255432129,128
train,0,The calm bat outside the cabins,The calm bats outside the cabin,-10.56266975402832,-13.06266975402832,-11.878271102905273,-9.878271102905273,-10.702763557434082,-12.077763557434082,128
train,1,The calm bats outside the cabin,The calm bat outside the cabins,-9.878271102905273,-11.878271102905273,-13.06266975402832,-10.56266975402832,-11.055477142333984,-11.430477142333984,128
train,0,The fuzzy pup beneath the boilers,The fuzzy pups beneath the boiler,-8.003769874572754,-10.253769874572754,-13.377233505249023,-10.002233505249023,-10.878569602966309,-10.753569602966309,128
train,1,The fuzzy pups beneath the boiler,The fuzzy pup beneath the boilers,-10.002233505249023,-13.377233505249023,-10.253769874572754,-8.003769874572754,-8.002260208129883,-9.377260208129883,128
train,0,The bright kitten behind the bolts,The bright kittens behind the bolt,-10.141714096069336,-15.266714096069336,-12.517635345458984,-9.642635345458984,-10.513648986816406,-12.388648986816406,128
train,1,The bright kittens behind the bolt,The bright kitten behind the bolts,-9.642635345458984,-12.517635345458984,-15.266714096069336,-10.141714096069336,-10.138750076293945,-11.388750076293945,128
train,0,The small kit outside the windows,The small kits outside the window,-15.523114204406738,-17.835615158081055,-17.451356887817383,-15.701356887817383,-15.701696395874023,-16.514196395874023,128
train,1,The small kits outside the window,The small kit outside the windows,-15.701356887817383,-17.451356887817383,-17.835615158081055,-15.523114204406738,-17.6878719329834,-16.5003719329834,128
train,0,The fuzzy monitor behind the clocks,The fuzzy monitors behind the clock,-15.22447395324707,-19.22447395324707,-18.335750579833984,-17.210750579833984,-16.964555740356445,-18.839555740356445,128
train,1,The fuzzy monitors behind the clock,The fuzzy monitor behind the clocks,-17.210750579833984,-18.335750579833984,-19.22447395324707,-15.22447395324707,-16.809402465820312,-15.996903419494629,128
train,0,The bright whale behind the bolts,The bright whales behind the bolt,-10.263557434082031,-14.638557434082031,-14.253905296325684,-11.878905296325684,-12.128973960876465,-13.878973960876465,128
train,1,The bright whales behind the bolt,The bright whale behind the bolts,-11.878905296325684,-14.253905296325684,-14.638557434082031,-10.263557434082031,-10.632271766662598,-11.882271766662598,128
train,0,The slender rabbit around the carts,The slender rabbits around the cart,-10.355925559997559,-13.230925559997559,-13.968692779541016,-8.406192779541016,-10.031767845153809,-10.781767845153809,128
train,1,The slender rabbits around the cart,The slender rabbit around the carts,-8.406192779541016,-13.968692779541016,-13.230925559997559,-10.355925559997559,-9.344841957092285,-12.844841957092285,128
train,0,The timid cow behind the rushes,The timid cows behind the rush,-15.603616714477539,-19.22861671447754,-21.602474212646484,-17.508724212646484,-20.260028839111328,-18.072528839111328,128
train,1,The timid cows behind the rush,The timid cow behind the rushes,-17.508724212646484,-21.602474212646484,-19.22861671447754,-15.603616714477539,-15.925087928771973,-17.300086975097656,128
train,0,The fuzzy lion behind the crates,The fuzzy lions behind the crate,-17.961809158325195,-21.399309158325195,-21.51062774658203,-19.29187774658203,-20.422748565673828,-20.485248565673828,128
train,1,The fuzzy lions behind the crate,The fuzzy lion behind the crates,-19.29187774658203,-21.51062774658203,-21.399309158325195,-17.961809158325195,-18.61441993713379,-18.86441993713379,128
train,0,The sleepy panda beneath the boilers,The sleepy pandas beneath the boiler,-6.8842692375183105,-10.509268760681152,-13.128779411315918,-9.253779411315918,-10.630637168884277,-10.380637168884277,128
train,1,The sleepy pandas beneath the boiler,The sleepy panda beneath the boilers,-9.253779411315918,-13.128779411315918,-10.509268760681152,-6.8842692375183105,-6.5094523429870605,-7.6344523429870605,128
train,0,The slender whale outside the stools,The slender whales outside the stool,-10.516345024108887,-14.766345024108887,-13.514046669006348,-10.264046669006348,-11.516225814819336,-12.141225814819336,128
train,1,The slender whales outside the stool,The slender whale outside the stools,-10.264046669006348,-13.514046669006348,-14.766345024108887,-10.516345024108887,-11.133864402770996,-11.883864402770996,128
train,0,The small rabbit beneath the boilers,The small rabbits beneath the boiler,-20.938844680786133,-24.376344680786133,-24.18983268737793,-20.87733268737793,-22.159454345703125,-21.846954345703125,128
train,1,The small rabbits beneath the boiler,The small rabbit beneath the boilers,-20.87733268737793,-24.18983268737793,-24.376344680786133,-20.938844680786133,-21.87564468383789,-23.00064468383789,128
train,0,The small cock beneath the milestones,The small cocks beneath the milestone,-10.826501846313477,-13.451501846313477,-12.520830154418945,-10.020830154418945,-11.630783081054688,-11.505783081054688,128
train,1,The small cocks beneath the milestone,The small cock beneath the milestones,-10.020830154418945,-12.520830154418945,-13.451501846313477,-10.826501846313477,-11.31571102142334,-11.19071102142334,128
train,0,The timid frog behind the rocks,The timid frogs behind the rock,-7.505819797515869,-14.068319320678711,-10.694615364074707,-5.444615364074707,-8.646657943725586,-7.021657943725586,128
train,1,The timid frogs behind the rock,The timid frog behind the rocks,-5.444615364074707,-10.694615364074707,-14.068319320678711,-7.505819797515869,-8.362613677978516,-8.612613677978516,128
train,0,The calm whale beneath the milestones,The calm whales beneath the milestone,-10.371708869934082,-14.684208869934082,-13.104392051696777,-11.104392051696777,-11.509814262390137,-13.134814262390137,128
train,1,The calm whales beneath the milestone,The calm whale beneath the milestones,-11.104392051696777,-13.104392051696777,-14.684208869934082,-10.371708869934082,-10.954446792602539,-11.704446792602539,128
train,0,The nervous chick behind the rushes,The nervous chicks behind the rush,-10.934406280517578,-14.746906280517578,-12.901226043701172,-11.901226043701172,-12.157220840454102,-13.282220840454102,128
train,1,The nervous chicks behind the rush,The nervous chick behind the rushes,-11.901226043701172,-12.901226043701172,-14.746906280517578,-10.934406280517578,-12.415375709533691,-11.540375709533691,128
train,0,The timid panda beneath the columns,The timid pandas beneath the column,-21.333003997802734,-22.020503997802734,-25.89958381652832,-22.96208381652832,-24.324399948120117,-22.668149948120117,128
train,1,The timid pandas beneath the column,The timid panda beneath the columns,-22.96208381652832,-25.89958381652832,-22.020503997802734,-21.333003997802734,-22.047607421875,-24.453857421875,128
train,0,The slender rat behind the plants,The slender rats behind the plant,-9.034134864807129,-13.471634864807129,-12.922450065612793,-9.297450065612793,-10.675886154174805,-10.800886154174805,128
train,1,The slender rats behind the plant,The slender rat behind the plants,-9.297450065612793,-12.922450065612793,-13.471634864807129,-9.034134864807129,-9.79415225982666,-9.79415225982666,128
train,0,The nervous bat outside the towers,The nervous bats outside the tower,-9.800140380859375,-15.237640380859375,-12.977180480957031,-9.852180480957031,-10.664139747619629,-11.914139747619629,128
train,1,The nervous bats outside the tower,The nervous bat outside the towers,-9.852180480957031,-12.977180480957031,-15.237640380859375,-9.800140380859375,-10.902352333068848,-11.527352333068848,128
train,0,The timid chick around the thresholds,The timid chicks around the threshold,-10.955594062805176,-14.080594062805176,-14.590371131896973,-9.527871131896973,-13.017264366149902,-10.767264366149902,128
train,1,The timid chicks around the threshold,The timid chick around the thresholds,-9.527871131896973,-14.590371131896973,-14.080594062805176,-10.955594062805176,-10.55774211883545,-12.55774211883545,128
train,0,The fuzzy pup outside the windows,The fuzzy pups outside the window,-6.346373558044434,-9.096373558044434,-11.499554634094238,-6.749554634094238,-8.948856353759766,-7.323856353759766,128
train,1,The fuzzy pups outside the window,The fuzzy pup outside the windows,-6.749554634094238,-11.499554634094238,-9.096373558044434,-6.346373558044434,-7.646636486053467,-8.021636009216309,128
train,0,The quiet monitor behind the windows,The quiet monitors behind the window,-6.5162153244018555,-12.078715324401855,-11.67707347869873,-7.4270734786987305,-8.436162948608398,-8.186162948608398,128
train,1,The quiet monitors behind the window,The quiet monitor behind the windows,-7.4270734786987305,-11.67707347869873,-12.078715324401855,-6.5162153244018555,-8.270605087280273,-7.520604610443115,128
train,0,The small doe around the towers,The small does around the tower,-19.50914192199707,-20.00914192199707,-19.79295539855957,-18.41795539855957,-19.256330490112305,-17.943830490112305,128
train,1,The small does around the tower,The small doe around the towers,-18.41795539855957,-19.79295539855957,-20.00914192199707,-19.50914192199707,-20.43332862854004,-19.99582862854004,128
train,0,The fuzzy turtle around the tanks,The fuzzy turtles around the tank,-20.067869186401367,-21.255369186401367,-20.89198875427246,-17.14198875427246,-19.88410758972168,-19.57160758972168,128
train,1,The fuzzy turtles around the tank,The fuzzy turtle around the tanks,-17.14198875427246,-20.89198875427246,-21.255369186401367,-20.067869186401367,-19.193359375,-20.880859375,128
train,0,The timid cow around the benches,The timid cows around the bench,-16.44576644897461,-17.19576644897461,-17.4215087890625,-13.359009742736816,-16.84416389465332,-14.59416389465332,128
train,1,The timid cows around the bench,The timid cow around the benches,-13.359009742736816,-17.4215087890625,-17.19576644897461,-16.44576644897461,-14.95235538482666,-17.264856338500977,128
train,0,The small cow outside the houses,The small cows outside the house,-8.831210136413574,-11.956210136413574,-11.63818073272705,-6.638180255889893,-9.76168155670166,-8.38668155670166,128
train,1,The small cows outside the house,The small cow outside the houses,-6.638180255889893,-11.63818073272705,-11.956210136413574,-8.831210136413574,-8.677322387695312,-10.177322387695312,128
train,0,The quiet chick outside the pipes,The quiet chicks outside the pipe,-19.96629524230957,-21.02879524230957,-19.723567962646484,-17.629817962646484,-19.97754669189453,-18.97754669189453,128
train,1,The quiet chicks outside the pipe,The quiet chick outside the pipes,-17.629817962646484,-19.723567962646484,-21.02879524230957,-19.96629524230957,-19.534610748291016,-19.972110748291016,128
train,0,The fuzzy cow beneath the boilers,The fuzzy cows beneath the boiler,-7.880349636077881,-12.380349159240723,-11.754150390625,-8.129150390625,-9.754171371459961,-9.504171371459961,128
train,1,The fuzzy cows beneath the boiler,The fuzzy cow beneath the boilers,-8.129150390625,-11.754150390625,-12.380349159240723,-7.880349636077881,-8.127437591552734,-8.877437591552734,128
test,0,The clever [wug] below the ponds,The clever [wugs] below the pond,-22.036828994750977,-22.911828994750977,-21.62005043029785,-20.30755043029785,-21.0714111328125,-21.9464111328125,128
test,1,The clever [wugs] below the pond,The clever [wug] below the ponds,-20.30755043029785,-21.62005043029785,-22.911828994750977,-22.036828994750977,-22.29618263244629,-22.48368263244629,128
test,0,The graceful [wug] near the jars,The graceful [wugs] near the jar,-7.3949079513549805,-11.39490795135498,-12.763029098510742,-10.513029098510742,-10.151148796081543,-12.151148796081543,128
test,1,The graceful [wugs] near the jar,The graceful [wug] near the jars,-10.513029098510742,-12.763029098510742,-11.39490795135498,-7.3949079513549805,-9.933079719543457,-9.558079719543457,128
test,0,The curious [wug] above the gates,The curious [wugs] above the gate,-8.411248207092285,-13.411248207092285,-10.90837287902832,-8.78337287902832,-8.881436347961426,-12.006436347961426,128
test,1,The curious [wugs] above the gate,The curious [wug] above the gates,-8.78337287902832,-10.90837287902832,-13.411248207092285,-8.411248207092285,-10.482682228088379,-8.732682228088379,128
test,0,The fierce [wug] near the buckets,The fierce [wugs] near the bucket,-18.282312393188477,-19.657312393188477,-21.944623947143555,-19.007123947143555,-20.265583038330078,-19.390583038330078,128
test,1,The fierce [wugs] near the bucket,The fierce [wug] near the buckets,-19.007123947143555,-21.944623947143555,-19.657312393188477,-18.282312393188477,-19.201309204101562,-19.576309204101562,128
test,0,The wary [wug] opposite the posts,The wary [wugs] opposite the post,-10.144954681396484,-14.394954681396484,-15.002326011657715,-11.502326011657715,-11.627744674682617,-12.752744674682617,128
test,1,The wary [wugs] opposite the post,The wary [wug] opposite the posts,-11.502326011657715,-15.002326011657715,-14.394954681396484,-10.144954681396484,-11.761341094970703,-11.261341094970703,128
test,0,The spotted [wug] near the desks,The spotted [wugs] near the desk,-9.338946342468262,-10.713946342468262,-11.358282089233398,-10.233282089233398,-10.348173141479492,-12.348173141479492,128
test,1,The spotted [wugs] near the desk,The spotted [wug] near the desks,-10.233282089233398,-11.358282089233398,-10.713946342468262,-9.338946342468262,-9.17541790008545,-10.55041790008545,128
test,0,The strange [wug] near the switches,The strange [wugs] near the switch,-23.45705795288086,-24.01955795288086,-23.059690475463867,-21.965940475463867,-23.04180145263672,-21.60430145263672,128
test,1,The strange [wugs] near the switch,The strange [wug] near the switches,-21.965940475463867,-23.059690475463867,-24.01955795288086,-23.45705795288086,-23.75328826904297,-23.84703826904297,128
test,0,The restless [wug] opposite the fences,The restless [wugs] opposite the fence,-18.639719009399414,-20.577219009399414,-21.005069732666016,-16.880069732666016,-18.86948585510254,-18.93198585510254,128
test,1,The restless [wugs] opposite the fence,The restless [wug] opposite the fences,-16.880069732666016,-21.005069732666016,-20.577219009399414,-18.639719009399414,-19.20664405822754,-18.83164405822754,128
test,0,The lively [wug] above the trees,The lively [wugs] above the tree,-7.5822343826293945,-13.769734382629395,-10.227584838867188,-7.9775848388671875,-8.292142868041992,-10.292142868041992,128
test,1,The lively [wugs] above the tree,The lively [wug] above the trees,-7.9775848388671875,-10.227584838867188,-13.769734382629395,-7.5822343826293945,-9.706032752990723,-8.331032752990723,128
test,0,The fierce [wug] atop the slopes,The fierce [wugs] atop the slope,-18.150951385498047,-19.088451385498047,-19.198537826538086,-15.698538780212402,-17.842681884765625,-17.155181884765625,128
test,1,The fierce [wugs] atop the slope,The fierce [wug] atop the slopes,-15.698538780212402,-19.198537826538086,-19.088451385498047,-18.150951385498047,-18.079111099243164,-18.579111099243164,128
test,0,The strange [wug] above the posts,The strange [wugs] above the post,-18.798006057739258,-20.798006057739258,-22.875839233398438,-22.063339233398438,-21.563575744628906,-21.751075744628906,128
test,1,The strange [wugs] above the post,The strange [wug] above the posts,-22.063339233398438,-22.875839233398438,-20.798006057739258,-18.798006057739258,-20.968656539916992,-19.843656539916992,128
test,0,The lively [wug] below the fences,The lively [wugs] below the fence,-10.791276931762695,-14.041276931762695,-10.950113296508789,-7.950112819671631,-9.690009117126465,-11.065009117126465,128
test,1,The lively [wugs] below the fence,The lively [wug] below the fences,-7.950112819671631,-10.950113296508789,-14.041276931762695,-10.791276931762695,-11.303255081176758,-10.678255081176758,128
test,0,The gentle [wug] opposite the poles,The gentle [wugs] opposite the pole,-24.130178451538086,-24.942678451538086,-27.06856918334961,-23.81856918334961,-26.38188934326172,-24.94438934326172,128
test,1,The gentle [wugs] opposite the pole,The gentle [wug] opposite the poles,-23.81856918334961,-27.06856918334961,-24.942678451538086,-24.130178451538086,-23.880102157592773,-24.661352157592773,128
test,0,The fierce [wug] by the pens,The fierce [wugs] by the pen,-10.39307975769043,-12.70557975769043,-13.37640380859375,-13.25140380859375,-12.127302169799805,-15.002302169799805,128
test,1,The fierce [wugs] by the pen,The fierce [wug] by the pens,-13.25140380859375,-13.37640380859375,-12.70557975769043,-10.39307975769043,-11.521484375,-10.646484375,128
test,0,The round [wug] beside the gates,The round [wugs] beside the gate,-18.76506233215332,-21.64006233215332,-19.17476463317871,-18.61226463317871,-18.420825958251953,-19.858325958251953,128
test,1,The round [wugs] beside the gate,The round [wug] beside the gates,-18.61226463317871,-19.17476463317871,-21.64006233215332,-18.76506233215332,-20.510263442993164,-19.322763442993164,128
test,0,The strange [wug] near the bushes,The strange [wugs] near the bush,-8.064313888549805,-14.126813888549805,-13.013116836547852,-9.888116836547852,-9.540863990783691,-11.415863990783691,128
test,1,The strange [wugs] near the bush,The strange [wug] near the bushes,-9.888116836547852,-13.013116836547852,-14.126813888549805,-8.064313888549805,-10.438125610351562,-9.313125610351562,128
test,0,The restless [wug] near the cabinets,The restless [wugs] near the cabinet,-8.747291564941406,-13.247291564941406,-13.935196876525879,-10.685196876525879,-11.081305503845215,-11.956305503845215,128
test,1,The restless [wugs] near the cabinet,The restless [wug] near the cabinets,-10.685196876525879,-13.935196876525879,-13.247291564941406,-8.747291564941406,-10.618776321411133,-10.368776321411133,128
test,0,The clumsy [wug] opposite the roots,The clumsy [wugs] opposite the root,-20.5797061920166,-21.6422061920166,-23.692752838134766,-22.692752838134766,-22.06926918029785,-22.19426918029785,128
test,1,The clumsy [wugs] opposite the root,The clumsy [wug] opposite the roots,-22.692752838134766,-23.692752838134766,-21.6422061920166,-20.5797061920166,-21.637828826904297,-21.887828826904297,128
test,0,The round [wug] opposite the sacks,The round [wugs] opposite the sack,-10.523630142211914,-12.773630142211914,-15.643172264099121,-13.143172264099121,-13.401341438293457,-13.776341438293457,128
test,1,The round [wugs] opposite the sack,The round [wug] opposite the sacks,-13.143172264099121,-15.643172264099121,-12.773630142211914,-10.523630142211914,-11.262675285339355,-12.262675285339355,128
test,0,The clumsy [wug] beside the gates,The clumsy [wugs] beside the gate,-9.946639060974121,-15.071639060974121,-12.700397491455078,-9.325397491455078,-10.385764122009277,-11.635764122009277,128
test,1,The clumsy [wugs] beside the gate,The clumsy [wug] beside the gates,-9.325397491455078,-12.700397491455078,-15.071639060974121,-9.946639060974121,-11.317306518554688,-10.192306518554688,128
test,0,The curious [wug] opposite the panels,The curious [wugs] opposite the panel,-19.182201385498047,-20.807201385498047,-20.45188331604004,-19.51438331604004,-19.21415138244629,-20.52665138244629,128
test,1,The curious [wugs] opposite the panel,The curious [wug] opposite the panels,-19.51438331604004,-20.45188331604004,-20.807201385498047,-19.182201385498047,-20.343263626098633,-19.843263626098633,128
test,0,The sturdy [wug] alongside the beams,The sturdy [wugs] alongside the beam,-8.269027709960938,-11.644027709960938,-14.002463340759277,-11.252463340759277,-11.503947257995605,-11.753947257995605,128
test,1,The sturdy [wugs] alongside the beam,The sturdy [wug] alongside the beams,-11.252463340759277,-14.002463340759277,-11.644027709960938,-8.269027709960938,-10.009505271911621,-10.009505271911621,128
test,0,The shy [wug] opposite the straps,The shy [wugs] opposite the strap,-12.631613731384277,-14.881613731384277,-16.252517700195312,-14.627517700195312,-14.003256797790527,-16.128257751464844,128
test,1,The shy [wugs] opposite the strap,The shy [wug] opposite the straps,-14.627517700195312,-16.252517700195312,-14.881613731384277,-12.631613731384277,-14.129054069519043,-14.004054069519043,128
test,0,The gentle [wug] near the cabinets,The gentle [wugs] near the cabinet,-8.788707733154297,-11.413707733154297,-13.520503044128418,-10.145503044128418,-10.859880447387695,-11.234880447387695,128
test,1,The gentle [wugs] near the cabinet,The gentle [wug] near the cabinets,-10.145503044128418,-13.520503044128418,-11.413707733154297,-8.788707733154297,-9.397798538208008,-10.522798538208008,128
test,0,The graceful [wug] beside the hinges,The graceful [wugs] beside the hinge,-9.400989532470703,-14.525989532470703,-14.032970428466797,-11.407970428466797,-11.45492935180664,-11.70492935180664,128
test,1,The graceful [wugs] beside the hinge,The graceful [wug] beside the hinges,-11.407970428466797,-14.032970428466797,-14.525989532470703,-9.400989532470703,-12.262012481689453,-10.262012481689453,128
test,0,The shy [wug] above the desks,The shy [wugs] above the desk,-19.121322631835938,-20.496322631835938,-23.915281295776367,-19.665281295776367,-21.121395111083984,-21.371395111083984,128
test,1,The shy [wugs] above the desk,The shy [wug] above the desks,-19.665281295776367,-23.915281295776367,-20.496322631835938,-19.121322631835938,-19.346641540527344,-20.721641540527344,128
test,0,The graceful [wug] alongside the mirrors,The graceful [wugs] alongside the mirror,-8.688899993896484,-12.438899993896484,-13.188159942626953,-10.813159942626953,-11.455767631530762,-12.205767631530762,128
test,1,The graceful [wugs] alongside the mirror,The graceful [wug] alongside the mirrors,-10.813159942626953,-13.188159942626953,-12.438899993896484,-8.688899993896484,-10.673881530761719,-10.048881530761719,128
test,0,The graceful [wug] alongside the ponds,The graceful [wugs] alongside the pond,-15.6226224899292,-18.060123443603516,-19.29222297668457,-14.792223930358887,-16.931285858154297,-17.431285858154297,128
test,1,The graceful [wugs] alongside the pond,The graceful [wug] alongside the ponds,-14.792223930358887,-19.29222297668457,-18.060123443603516,-15.6226224899292,-16.27773666381836,-15.402735710144043,128
test,0,The curious [wug] under the heaps,The curious [wugs] under the heap,-10.14301872253418,-13.08051872253418,-11.957067489624023,-11.082067489624023,-10.246960639953613,-13.746960639953613,128
test,1,The curious [wugs] under the heap,The curious [wug] under the heaps,-11.082067489624023,-11.957067489624023,-13.08051872253418,-10.14301872253418,-12.809677124023438,-11.309677124023438,128
test,0,The graceful [wug] above the sockets,The graceful [wugs] above the socket,-18.998437881469727,-20.185937881469727,-21.5789852142334,-19.7039852142334,-20.15265655517578,-19.15265655517578,128
test,1,The graceful [wugs] above the socket,The graceful [wug] above the sockets,-19.7039852142334,-21.5789852142334,-20.185937881469727,-18.998437881469727,-20.129650115966797,-20.254650115966797,128
test,0,The shy [wug] opposite the trees,The shy [wugs] opposite the tree,-14.940770149230957,-19.69076919555664,-17.788740158081055,-16.226240158081055,-15.233296394348145,-18.35829734802246,128
test,1,The shy [wugs] opposite the tree,The shy [wug] opposite the trees,-16.226240158081055,-17.788740158081055,-19.69076919555664,-14.940770149230957,-18.77863121032715,-16.15363121032715,128
test,0,The clumsy [wug] beside the bulbs,The clumsy [wugs] beside the bulb,-18.992538452148438,-20.930038452148438,-23.75758171081543,-20.94508171081543,-22.325138092041016,-21.700138092041016,128
test,1,The clumsy [wugs] beside the bulb,The clumsy [wug] beside the bulbs,-20.94508171081543,-23.75758171081543,-20.930038452148438,-18.992538452148438,-20.382030487060547,-20.257030487060547,128
test,0,The bold [wug] opposite the ponds,The bold [wugs] opposite the pond,-11.88420295715332,-14.50920295715332,-12.52715015411377,-9.40215015411377,-11.026869773864746,-11.901869773864746,128
test,1,The bold [wugs] opposite the pond,The bold [wug] opposite the ponds,-9.40215015411377,-12.52715015411377,-14.50920295715332,-11.88420295715332,-12.261724472045898,-11.886724472045898,128
test,0,The wary [wug] below the ropes,The wary [wugs] below the rope,-9.942167282104492,-14.629667282104492,-14.019523620605469,-11.894523620605469,-11.783060073852539,-13.158060073852539,128
test,1,The wary [wugs] below the rope,The wary [wug] below the ropes,-11.894523620605469,-14.019523620605469,-14.629667282104492,-9.942167282104492,-12.165412902832031,-10.790412902832031,128
test,0,The sturdy [wug] beside the sofas,The sturdy [wugs] beside the sofa,-8.000321388244629,-13.250321388244629,-11.490684509277344,-7.365684509277344,-9.059170722961426,-8.809170722961426,128
test,1,The sturdy [wugs] beside the sofa,The sturdy [wug] beside the sofas,-7.365684509277344,-11.490684509277344,-13.250321388244629,-8.000321388244629,-9.857283592224121,-9.107283592224121,128
test,0,The strange [wug] below the roots,The strange [wugs] below the root,-9.498785018920898,-13.311285018920898,-11.255043029785156,-11.755043029785156,-10.00603199005127,-13.06853199005127,128
test,1,The strange [wugs] below the root,The strange [wug] below the roots,-11.755043029785156,-11.255043029785156,-13.311285018920898,-9.498785018920898,-11.318171501159668,-10.443171501159668,128
test,0,The tiny [wug] between the mirrors,The tiny [wugs] between the mirror,-18.587331771850586,-19.962331771850586,-23.318479537963867,-22.443479537963867,-22.6934871673584,-22.3184871673584,128
test,1,The tiny [wugs] between the mirror,The tiny [wug] between the mirrors,-22.443479537963867,-23.318479537963867,-19.962331771850586,-18.587331771850586,-18.97339630126953,-19.41089630126953,128
test,0,The fierce [wug] by the cords,The fierce [wugs] by the cord,-13.264530181884766,-16.514530181884766,-10.274651527404785,-10.524651527404785,-10.520068168640137,-13.332568168640137,128
test,1,The fierce [wugs] by the cord,The fierce [wug] by the cords,-10.524651527404785,-10.274651527404785,-16.514530181884766,-13.264530181884766,-14.143350601196289,-13.018350601196289,128
test,0,The bold [wug] opposite the hinges,The bold [wugs] opposite the hinge,-16.75338363647461,-19.44088363647461,-18.462804794311523,-16.212804794311523,-16.293087005615234,-16.980587005615234,128
test,1,The bold [wugs] opposite the hinge,The bold [wug] opposite the hinges,-16.212804794311523,-18.462804794311523,-19.44088363647461,-16.75338363647461,-18.2352294921875,-17.6102294921875,128
test,0,The shy [wug] beside the wells,The shy [wugs] beside the well,-20.94925308227539,-23.19925308227539,-21.91683006286621,-18.07308006286621,-19.693288803100586,-20.318288803100586,128
test,1,The shy [wugs] beside the well,The shy [wug] beside the wells,-18.07308006286621,-21.91683006286621,-23.19925308227539,-20.94925308227539,-21.677766799926758,-21.240266799926758,128
test,0,The curious [wug] opposite the racks,The curious [wugs] opposite the rack,-10.157546997070312,-13.157546997070312,-13.401665687561035,-11.151665687561035,-10.784201622009277,-13.284201622009277,128
test,1,The curious [wugs] opposite the rack,The curious [wug] opposite the racks,-11.151665687561035,-13.401665687561035,-13.157546997070312,-10.157546997070312,-12.022850036621094,-11.522850036621094,128
test,0,The spotted [wug] opposite the panels,The spotted [wugs] opposite the panel,-10.532090187072754,-12.532090187072754,-13.13759708404541,-12.76259708404541,-11.52076530456543,-14.02076530456543,128
test,1,The spotted [wugs] opposite the panel,The spotted [wug] opposite the panels,-12.76259708404541,-13.13759708404541,-12.532090187072754,-10.532090187072754,-12.149127960205078,-11.524127960205078,128
test,0,The round [wug] under the poles,The round [wugs] under the pole,-11.384203910827637,-15.134203910827637,-13.013015747070312,-9.638015747070312,-11.39616870880127,-11.39616870880127,128
test,1,The round [wugs] under the pole,The round [wug] under the poles,-9.638015747070312,-13.013015747070312,-15.134203910827637,-11.384203910827637,-12.383984565734863,-12.133984565734863,128
test,0,The strange [wug] opposite the banks,The strange [wugs] opposite the bank,-11.37777042388916,-15.62777042388916,-14.01054859161377,-11.13554859161377,-10.889142990112305,-13.639142990112305,128
test,1,The strange [wugs] opposite the bank,The strange [wug] opposite the banks,-11.13554859161377,-14.01054859161377,-15.62777042388916,-11.37777042388916,-13.876755714416504,-12.376755714416504,128
test,0,The clever [wug] atop the sockets,The clever [wugs] atop the socket,-18.93341064453125,-20.99591064453125,-22.904830932617188,-20.404830932617188,-20.867626190185547,-20.867626190185547,128
test,1,The clever [wugs] atop the socket,The clever [wug] atop the sockets,-20.404830932617188,-22.904830932617188,-20.99591064453125,-18.93341064453125,-20.224300384521484,-20.036800384521484,128
test,0,The clumsy [wug] near the bulbs,The clumsy [wugs] near the bulb,-7.619259834289551,-11.99425983428955,-14.011209487915039,-10.886209487915039,-10.648608207702637,-12.398608207702637,128
test,1,The clumsy [wugs] near the bulb,The clumsy [wug] near the bulbs,-10.886209487915039,-14.011209487915039,-11.99425983428955,-7.619259834289551,-9.712712287902832,-9.462712287902832,128
test,0,The bold [wug] below the heaps,The bold [wugs] below the heap,-12.253960609436035,-13.628960609436035,-13.254781723022461,-11.379781723022461,-11.756135940551758,-12.381135940551758,128
test,1,The bold [wugs] below the heap,The bold [wug] below the heaps,-11.379781723022461,-13.254781723022461,-13.628960609436035,-12.253960609436035,-12.62804126739502,-13.12804126739502,128
test,0,The tiny [wug] opposite the banks,The tiny [wugs] opposite the bank,-23.813589096069336,-23.126089096069336,-23.94349479675293,-22.00599479675293,-23.132715225219727,-22.070215225219727,128
test,1,The tiny [wugs] opposite the bank,The tiny [wug] opposite the banks,-22.00599479675293,-23.94349479675293,-23.126089096069336,-23.813589096069336,-23.313398361206055,-24.813398361206055,128
test,0,The wary [wug] atop the sheds,The wary [wugs] atop the shed,-19.978294372558594,-21.540794372558594,-23.493101119995117,-19.930601119995117,-22.1185302734375,-21.3060302734375,128
test,1,The wary [wugs] atop the shed,The wary [wug] atop the sheds,-19.930601119995117,-23.493101119995117,-21.540794372558594,-19.978294372558594,-20.222034454345703,-20.503284454345703,128
test,0,The strange [wug] atop the sheds,The strange [wugs] atop the shed,-10.287433624267578,-14.037433624267578,-13.367897987365723,-8.680397987365723,-9.952658653259277,-10.827658653259277,128
test,1,The strange [wugs] atop the shed,The strange [wug] atop the sheds,-8.680397987365723,-13.367897987365723,-14.037433624267578,-10.287433624267578,-10.728168487548828,-10.728168487548828,128
test,0,The fierce [wug] beside the nails,The fierce [wugs] beside the nail,-12.010007858276367,-14.385007858276367,-12.675187110900879,-11.550187110900879,-11.296812057495117,-13.984312057495117,128
test,1,The fierce [wugs] beside the nail,The fierce [wug] beside the nails,-11.550187110900879,-12.675187110900879,-14.385007858276367,-12.010007858276367,-12.761788368225098,-12.511788368225098,128
test,0,The strange [wug] above the hinges,The strange [wugs] above the hinge,-16.39835548400879,-18.08585548400879,-22.010465621948242,-18.822965621948242,-19.46148109436035,-18.83648109436035,128
test,1,The strange [wugs] above the hinge,The strange [wug] above the hinges,-18.822965621948242,-22.010465621948242,-18.08585548400879,-16.39835548400879,-17.004703521728516,-17.754703521728516,128
test,0,The clumsy [wug] opposite the pillars,The clumsy [wugs] opposite the pillar,-14.941949844360352,-20.12944984436035,-19.226491928100586,-17.038991928100586,-16.438350677490234,-19.125850677490234,128
test,1,The clumsy [wugs] opposite the pillar,The clumsy [wug] opposite the pillars,-17.038991928100586,-19.226491928100586,-20.12944984436035,-14.941949844360352,-18.03948974609375,-15.976990699768066,128
test,0,The round [wug] near the gates,The round [wugs] near the gate,-8.697121620178223,-13.322121620178223,-10.611098289489746,-7.236098289489746,-8.80265998840332,-9.05265998840332,128
test,1,The round [wugs] near the gate,The round [wug] near the gates,-7.236098289489746,-10.611098289489746,-13.322121620178223,-8.697121620178223,-9.793081283569336,-9.668081283569336,128
test,0,The lively [wug] by the jars,The lively [wugs] by the jar,-10.129547119140625,-13.379547119140625,-11.653555870056152,-11.153555870056152,-10.411749839782715,-13.286749839782715,128
test,1,The lively [wugs] by the jar,The lively [wug] by the jars,-11.153555870056152,-11.653555870056152,-13.379547119140625,-10.129547119140625,-12.092615127563477,-11.217615127563477,128
test,0,The graceful [wug] under the lamps,The graceful [wugs] under the lamp,-7.53709077835083,-11.537090301513672,-6.500284671783447,-6.125284671783447,-6.036556243896484,-9.036556243896484,128
test,1,The graceful [wugs] under the lamp,The graceful [wug] under the lamps,-6.125284671783447,-6.500284671783447,-11.537090301513672,-7.53709077835083,-9.385354042053223,-7.635354042053223,128
test,0,The bold [wug] near the hinges,The bold [wugs] near the hinge,-16.524810791015625,-17.399810791015625,-18.833049774169922,-15.208049774169922,-16.90848731994629,-15.533487319946289,128
test,1,The bold [wugs] near the hinge,The bold [wug] near the hinges,-15.208049774169922,-18.833049774169922,-17.399810791015625,-16.524810791015625,-16.742841720581055,-17.992841720581055,128
test,0,The shy [wug] atop the sheds,The shy [wugs] atop the shed,-10.602042198181152,-13.664542198181152,-13.087563514709473,-9.025063514709473,-10.445028305053711,-11.320028305053711,128
test,1,The shy [wugs] atop the shed,The shy [wug] atop the sheds,-9.025063514709473,-13.087563514709473,-13.664542198181152,-10.602042198181152,-11.440321922302246,-10.690321922302246,128
test,0,The gentle [wug] beside the fences,The gentle [wugs] beside the fence,-11.791166305541992,-14.166166305541992,-12.136418342590332,-8.823918342590332,-10.876073837280273,-11.501073837280273,128
test,1,The gentle [wugs] beside the fence,The gentle [wug] beside the fences,-8.823918342590332,-12.136418342590332,-14.166166305541992,-11.791166305541992,-11.683218955993652,-11.683218955993652,128
test,0,The fierce [wug] below the ponds,The fierce [wugs] below the pond,-10.5238037109375,-14.3988037109375,-12.647049903869629,-8.647049903869629,-10.281065940856934,-11.656065940856934,128
test,1,The fierce [wugs] below the pond,The fierce [wug] below the ponds,-8.647049903869629,-12.647049903869629,-14.3988037109375,-10.5238037109375,-11.042228698730469,-10.292228698730469,128
test,0,The tiny [wug] above the desks,The tiny [wugs] above the desk,-8.644526481628418,-12.144526481628418,-13.799566268920898,-8.674566268920898,-10.925040245056152,-9.800040245056152,128
test,1,The tiny [wugs] above the desk,The tiny [wug] above the desks,-8.674566268920898,-13.799566268920898,-12.144526481628418,-8.644526481628418,-8.761332511901855,-10.136332511901855,128
test,0,The round [wug] beside the bins,The round [wugs] beside the bin,-9.513528823852539,-13.388528823852539,-12.3799409866333,-8.7549409866333,-9.881244659423828,-10.256244659423828,128
test,1,The round [wugs] beside the bin,The round [wug] beside the bins,-8.7549409866333,-12.3799409866333,-13.388528823852539,-9.513528823852539,-10.508611679077148,-10.758611679077148,128
test,0,The round [wug] atop the bushes,The round [wugs] atop the bush,-8.309040069580078,-13.059040069580078,-14.253275871276855,-10.628275871276855,-10.510188102722168,-10.635188102722168,128
test,1,The round [wugs] atop the bush,The round [wug] atop the bushes,-10.628275871276855,-14.253275871276855,-13.059040069580078,-8.309040069580078,-9.840401649475098,-9.965401649475098,128
test,0,The shy [wug] opposite the poles,The shy [wugs] opposite the pole,-20.069488525390625,-23.381988525390625,-24.318584442138672,-21.943584442138672,-21.947532653808594,-23.885032653808594,128
test,1,The shy [wugs] opposite the pole,The shy [wug] opposite the poles,-21.943584442138672,-24.318584442138672,-23.381988525390625,-20.069488525390625,-22.007694244384766,-20.695194244384766,128
test,0,The curious [wug] opposite the tents,The curious [wugs] opposite the tent,-18.077112197875977,-20.827112197875977,-23.4383487701416,-19.8758487701416,-20.001455307006836,-20.063955307006836,128
test,1,The curious [wugs] opposite the tent,The curious [wug] opposite the tents,-19.8758487701416,-23.4383487701416,-20.827112197875977,-18.077112197875977,-20.387008666992188,-19.449508666992188,128
test,0,The curious [wug] beside the sacks,The curious [wugs] beside the sack,-9.845416069030762,-12.345416069030762,-13.937139511108398,-11.062139511108398,-11.575665473937988,-13.200665473937988,128
test,1,The curious [wugs] beside the sack,The curious [wug] beside the sacks,-11.062139511108398,-13.937139511108398,-12.345416069030762,-9.845416069030762,-11.066126823425293,-11.441126823425293,128
test,0,The fierce [wug] by the sheds,The fierce [wugs] by the shed,-11.656824111938477,-14.719324111938477,-12.761272430419922,-9.823772430419922,-10.832283020019531,-12.332283020019531,128
test,1,The fierce [wugs] by the shed,The fierce [wug] by the sheds,-9.823772430419922,-12.761272430419922,-14.719324111938477,-11.656824111938477,-13.285696983337402,-12.160696983337402,128
test,0,The restless [wug] under the beams,The restless [wugs] under the beam,-15.926501274108887,-20.33275032043457,-19.56122398376465,-18.56122398376465,-18.14674186706543,-19.27174186706543,128
test,1,The restless [wugs] under the beam,The restless [wug] under the beams,-18.56122398376465,-19.56122398376465,-20.33275032043457,-15.926501274108887,-19.682863235473633,-17.245363235473633,128
test,0,The curious [wug] above the hinges,The curious [wugs] above the hinge,-18.145627975463867,-19.270627975463867,-19.45197296142578,-17.45197296142578,-17.97889518737793,-17.22889518737793,128
test,1,The curious [wugs] above the hinge,The curious [wug] above the hinges,-17.45197296142578,-19.45197296142578,-19.270627975463867,-18.145627975463867,-19.182859420776367,-19.057859420776367,128
test,0,The lively [wug] atop the hinges,The lively [wugs] atop the hinge,-19.6344051361084,-21.5406551361084,-23.634002685546875,-20.446502685546875,-21.397172927856445,-20.334672927856445,128
test,1,The lively [wugs] atop the hinge,The lively [wug] atop the hinges,-20.446502685546875,-23.634002685546875,-21.5406551361084,-19.6344051361084,-21.269676208496094,-21.332176208496094,128
test,0,The graceful [wug] above the desks,The graceful [wugs] above the desk,-7.793124675750732,-12.043124198913574,-13.532402992248535,-10.407402992248535,-10.797754287719727,-12.297754287719727,128
test,1,The graceful [wugs] above the desk,The graceful [wug] above the desks,-10.407402992248535,-13.532402992248535,-12.043124198913574,-7.793124675750732,-9.771527290344238,-9.271527290344238,128
test,0,The spotted [wug] below the posts,The spotted [wugs] below the post,-9.511539459228516,-11.761539459228516,-11.75163459777832,-11.25163459777832,-10.626527786254883,-12.876527786254883,128
test,1,The spotted [wugs] below the post,The spotted [wug] below the posts,-11.25163459777832,-11.75163459777832,-11.761539459228516,-9.511539459228516,-10.385666847229004,-10.135666847229004,128
test,0,The lively [wug] beside the hinges,The lively [wugs] beside the hinge,-9.240682601928711,-14.928182601928711,-13.90317440032959,-10.77817440032959,-10.813732147216797,-11.563732147216797,128
test,1,The lively [wugs] beside the hinge,The lively [wug] beside the hinges,-10.77817440032959,-13.90317440032959,-14.928182601928711,-9.240682601928711,-11.999408721923828,-10.499408721923828,128
test,0,The shy [wug] below the bins,The shy [wugs] below the bin,-20.69908905029297,-22.32408905029297,-22.25730323791504,-21.41355323791504,-22.069393157958984,-21.663143157958984,128
test,1,The shy [wugs] below the bin,The shy [wug] below the bins,-21.41355323791504,-22.25730323791504,-22.32408905029297,-20.69908905029297,-21.94853401184082,-21.32353401184082,128
test,0,The strange [wug] alongside the poles,The strange [wugs] alongside the pole,-10.167267799377441,-14.042267799377441,-14.010407447814941,-10.760407447814941,-11.88974380493164,-12.88974380493164,128
test,1,The strange [wugs] alongside the pole,The strange [wug] alongside the poles,-10.760407447814941,-14.010407447814941,-14.042267799377441,-10.167267799377441,-11.043817520141602,-11.043817520141602,128
test,0,The wary [wug] opposite the doors,The wary [wugs] opposite the door,-10.094496726989746,-14.156996726989746,-12.448861122131348,-9.386361122131348,-9.808355331420898,-11.308355331420898,128
test,1,The wary [wugs] opposite the door,The wary [wug] opposite the doors,-9.386361122131348,-12.448861122131348,-14.156996726989746,-10.094496726989746,-11.438100814819336,-10.813100814819336,128
test,0,The lively [wug] below the nails,The lively [wugs] below the nail,-19.387741088867188,-20.825241088867188,-20.510318756103516,-19.322818756103516,-19.633560180664062,-20.196060180664062,128
test,1,The lively [wugs] below the nail,The lively [wug] below the nails,-19.322818756103516,-20.510318756103516,-20.825241088867188,-19.387741088867188,-20.0761775970459,-20.0136775970459,128
test,0,The bold [wug] below the ropes,The bold [wugs] below the rope,-11.391786575317383,-14.391786575317383,-12.643472671508789,-10.643472671508789,-11.270992279052734,-12.395992279052734,128
test,1,The bold [wugs] below the rope,The bold [wug] below the ropes,-10.643472671508789,-12.643472671508789,-14.391786575317383,-11.391786575317383,-12.262937545776367,-11.887937545776367,128
test,0,The restless [wug] beside the pillars,The restless [wugs] beside the pillar,-18.02412223815918,-21.46162223815918,-21.076953887939453,-18.795703887939453,-19.767284393310547,-20.267284393310547,128
test,1,The restless [wugs] beside the pillar,The restless [wug] beside the pillars,-18.795703887939453,-21.076953887939453,-21.46162223815918,-18.02412223815918,-20.39850425720215,-18.89850425720215,128
test,0,The restless [wug] under the ponds,The restless [wugs] under the pond,-20.833396911621094,-22.427146911621094,-22.731300354003906,-19.012550354003906,-20.316410064697266,-22.160160064697266,128
test,1,The restless [wugs] under the pond,The restless [wug] under the ponds,-19.012550354003906,-22.731300354003906,-22.427146911621094,-20.833396911621094,-20.86701202392578,-20.55451202392578,128
test,0,The strange [wug] near the shelves,The strange [wugs] near the shelf,-8.362860679626465,-12.675360679626465,-12.917418479919434,-9.542418479919434,-9.72698974609375,-10.72698974609375,128
test,1,The strange [wugs] near the shelf,The strange [wug] near the shelves,-9.542418479919434,-12.917418479919434,-12.675360679626465,-8.362860679626465,-9.623485565185547,-9.373485565185547,128
test,0,The bold [wug] alongside the heaps,The bold [wugs] alongside the heap,-10.515602111816406,-11.640602111816406,-13.00911808013916,-11.38411808013916,-11.138679504394531,-11.763679504394531,128
test,1,The bold [wugs] alongside the heap,The bold [wug] alongside the heaps,-11.38411808013916,-13.00911808013916,-11.640602111816406,-10.515602111816406,-11.384345054626465,-11.759345054626465,128
test,0,The curious [wug] alongside the boards,The curious [wugs] alongside the board,-19.487628936767578,-20.800128936767578,-20.797199249267578,-17.922199249267578,-19.50030517578125,-19.56280517578125,128
test,1,The curious [wugs] alongside the board,The curious [wug] alongside the boards,-17.922199249267578,-20.797199249267578,-20.800128936767578,-19.487628936767578,-20.099929809570312,-20.287429809570312,128
test,0,The sturdy [wug] below the wires,The sturdy [wugs] below the wire,-10.02622127532959,-13.77622127532959,-11.89389419555664,-9.51889419555664,-10.514763832092285,-11.764763832092285,128
test,1,The sturdy [wugs] below the wire,The sturdy [wug] below the wires,-9.51889419555664,-11.89389419555664,-13.77622127532959,-10.02622127532959,-10.895036697387695,-10.520036697387695,128
test,0,The clumsy [wug] above the slopes,The clumsy [wugs] above the slope,-17.64852523803711,-18.96102523803711,-20.2587947845459,-16.0712947845459,-17.8298397064209,-17.3298397064209,128
test,1,The clumsy [wugs] above the slope,The clumsy [wug] above the slopes,-16.0712947845459,-20.2587947845459,-18.96102523803711,-17.64852523803711,-18.016305923461914,-18.328805923461914,128
test,0,The sturdy [wug] under the boards,The sturdy [wugs] under the board,-8.205620765686035,-13.893120765686035,-12.510251998901367,-9.510251998901367,-10.268997192382812,-11.518997192382812,128
test,1,The sturdy [wugs] under the board,The sturdy [wug] under the boards,-9.510251998901367,-12.510251998901367,-13.893120765686035,-8.205620765686035,-10.55306339263916,-9.05306339263916,128
test,0,The strange [wug] under the beams,The strange [wugs] under the beam,-15.805130958557129,-19.430130004882812,-19.022981643676758,-17.210481643676758,-17.166217803955078,-19.041217803955078,128
test,1,The strange [wugs] under the beam,The strange [wug] under the beams,-17.210481643676758,-19.022981643676758,-19.430130004882812,-15.805130958557129,-17.6289005279541,-16.6914005279541,128
test,0,The restless [wug] between the shelves,The restless [wugs] between the shelf,-8.690239906311035,-12.252739906311035,-13.514324188232422,-13.201824188232422,-12.82690143585205,-14.70190143585205,128
test,1,The restless [wugs] between the shelf,The restless [wug] between the shelves,-13.201824188232422,-13.514324188232422,-12.252739906311035,-8.690239906311035,-10.171163558959961,-8.796163558959961,128
test,0,The curious [wug] beside the wires,The curious [wugs] beside the wire,-22.352890014648438,-24.352890014648438,-25.329334259033203,-23.141834259033203,-24.452362060546875,-25.092987060546875,128
test,1,The curious [wugs] beside the wire,The curious [wug] beside the wires,-23.141834259033203,-25.329334259033203,-24.352890014648438,-22.352890014648438,-22.83715057373047,-22.96215057373047,128
test,0,The wary [wug] below the tents,The wary [wugs] below the tent,-9.644352912902832,-13.956852912902832,-16.06500816345215,-11.502508163452148,-12.377568244934082,-13.627568244934082,128
test,1,The wary [wugs] below the tent,The wary [wug] below the tents,-11.502508163452148,-16.06500816345215,-13.956852912902832,-9.644352912902832,-11.015410423278809,-10.640410423278809,128
test,0,The wary [wug] beside the banks,The wary [wugs] beside the bank,-16.139320373535156,-18.889320373535156,-19.095027923583984,-16.032527923583984,-16.11240577697754,-17.11240577697754,128
test,1,The wary [wugs] beside the bank,The wary [wug] beside the banks,-16.032527923583984,-19.095027923583984,-18.889320373535156,-16.139320373535156,-18.57035255432129,-17.44535255432129,128
test,0,The shy [wug] near the slopes,The shy [wugs] near the slope,-9.924251556396484,-15.049251556396484,-12.767218589782715,-10.142218589782715,-10.1637601852417,-12.1637601852417,128
test,1,The shy [wugs] near the slope,The shy [wug] near the slopes,-10.142218589782715,-12.767218589782715,-15.049251556396484,-9.924251556396484,-12.530577659606934,-11.155577659606934,128
test,0,The shy [wug] opposite the fences,The shy [wugs] opposite the fence,-19.018451690673828,-20.143451690673828,-20.71604347229004,-17.27854347229004,-18.963333129882812,-19.088333129882812,128
test,1,The shy [wugs] opposite the fence,The shy [wug] opposite the fences,-17.27854347229004,-20.71604347229004,-20.143451690673828,-19.018451690673828,-19.331315994262695,-19.331315994262695,128
test,0,The tiny [wug] opposite the nails,The tiny [wugs] opposite the nail,-11.630309104919434,-14.505309104919434,-12.01502513885498,-9.14002513885498,-10.636624336242676,-11.386624336242676,128
test,1,The tiny [wugs] opposite the nail,The tiny [wug] opposite the nails,-9.14002513885498,-12.01502513885498,-14.505309104919434,-11.630309104919434,-11.755561828613281,-12.380561828613281,128
test,0,The sturdy [wug] opposite the panels,The sturdy [wugs] opposite the panel,-9.40214729309082,-14.90214729309082,-14.131783485412598,-11.506783485412598,-11.386147499084473,-13.636147499084473,128
test,1,The sturdy [wugs] opposite the panel,The sturdy [wug] opposite the panels,-11.506783485412598,-14.131783485412598,-14.90214729309082,-9.40214729309082,-11.391326904296875,-10.641326904296875,128
test,0,The lively [wug] between the buckets,The lively [wugs] between the bucket,-9.896133422851562,-13.521133422851562,-16.002532958984375,-15.877532958984375,-15.251992225646973,-17.56449317932129,128
test,1,The lively [wugs] between the bucket,The lively [wug] between the buckets,-15.877532958984375,-16.002532958984375,-13.521133422851562,-9.896133422851562,-11.150408744812012,-10.150408744812012,128
test,0,The graceful [wug] atop the pillars,The graceful [wugs] atop the pillar,-17.751466751098633,-19.438966751098633,-21.57161521911621,-17.35286521911621,-19.7478084564209,-18.3728084564209,128
test,1,The graceful [wugs] atop the pillar,The graceful [wug] atop the pillars,-17.35286521911621,-21.57161521911621,-19.438966751098633,-17.751466751098633,-17.295162200927734,-18.482662200927734,128
test,0,The strange [wug] above the gates,The strange [wugs] above the gate,-8.422310829162598,-13.859810829162598,-11.015839576721191,-8.765839576721191,-9.078059196472168,-11.328059196472168,128
test,1,The strange [wugs] above the gate,The strange [wug] above the gates,-8.765839576721191,-11.015839576721191,-13.859810829162598,-8.422310829162598,-10.104926109313965,-9.104926109313965,128
test,0,The tiny [wug] opposite the doors,The tiny [wugs] opposite the door,-19.974878311157227,-21.662378311157227,-18.93115997314453,-17.86865997314453,-18.574689865112305,-17.574689865112305,128
test,1,The tiny [wugs] opposite the door,The tiny [wug] opposite the doors,-17.86865997314453,-18.93115997314453,-21.662378311157227,-19.974878311157227,-21.27297019958496,-20.71047019958496,128
test,0,The spotted [wug] near the cabinets,The spotted [wugs] near the cabinet,-9.670608520507812,-10.545608520507812,-11.579707145690918,-10.329707145690918,-10.810032844543457,-11.685032844543457,128
test,1,The spotted [wugs] near the cabinet,The spotted [wug] near the cabinets,-10.329707145690918,-11.579707145690918,-10.545608520507812,-9.670608520507812,-9.478873252868652,-10.853873252868652,128
test,0,The sturdy [wug] alongside the locks,The sturdy [wugs] alongside the lock,-8.535052299499512,-11.410052299499512,-9.433349609375,-8.433349609375,-9.162310600280762,-11.412310600280762,128
test,1,The sturdy [wugs] alongside the lock,The sturdy [wug] alongside the locks,-8.433349609375,-9.433349609375,-11.410052299499512,-8.535052299499512,-8.916593551635742,-8.916593551635742,128
test,0,The tiny [wug] alongside the poles,The tiny [wugs] alongside the pole,-21.700613021850586,-24.950613021850586,-24.632816314697266,-22.320316314697266,-24.007871627807617,-23.695371627807617,128
test,1,The tiny [wugs] alongside the pole,The tiny [wug] alongside the poles,-22.320316314697266,-24.632816314697266,-24.950613021850586,-21.700613021850586,-23.07671546936035,-22.45171546936035,128
test,0,The round [wug] opposite the poles,The round [wugs] opposite the pole,-17.8162899017334,-22.8162899017334,-18.639545440673828,-17.889545440673828,-16.828807830810547,-19.141307830810547,128
test,1,The round [wugs] opposite the pole,The round [wug] opposite the poles,-17.889545440673828,-18.639545440673828,-22.8162899017334,-17.8162899017334,-20.44292449951172,-17.63042449951172,128
test,0,The shy [wug] near the slopes,The shy [wugs] near the slope,-22.111751556396484,-22.174251556396484,-23.1734676361084,-20.8297176361084,-22.007509231567383,-21.351259231567383,128
test,1,The shy [wugs] near the slope,The shy [wug] near the slopes,-20.8297176361084,-23.1734676361084,-22.174251556396484,-22.111751556396484,-22.530576705932617,-23.093076705932617,128
test,0,The restless [wug] below the panels,The restless [wugs] below the panel,-9.84622859954834,-14.53372859954834,-15.7573823928833,-13.1323823928833,-12.5126314163208,-14.8876314163208,128
test,1,The restless [wugs] below the panel,The restless [wug] below the panels,-13.1323823928833,-15.7573823928833,-14.53372859954834,-9.84622859954834,-12.25892448425293,-11.38392448425293,128
test,0,The wary [wug] opposite the racks,The wary [wugs] opposite the rack,-10.52709674835205,-13.40209674835205,-15.132747650146484,-12.382747650146484,-12.634994506835938,-13.634994506835938,128
test,1,The wary [wugs] opposite the rack,The wary [wug] opposite the racks,-12.382747650146484,-15.132747650146484,-13.40209674835205,-10.52709674835205,-11.893795013427734,-11.643795013427734,128
test,0,The bold [wug] below the banks,The bold [wugs] below the bank,-23.877948760986328,-24.377948760986328,-26.261096954345703,-23.261096954345703,-24.203630447387695,-23.578630447387695,128
test,1,The bold [wugs] below the bank,The bold [wug] below the banks,-23.261096954345703,-26.261096954345703,-24.377948760986328,-23.877948760986328,-23.814611434936523,-25.095861434936523,128
test,0,The gentle [wug] atop the hinges,The gentle [wugs] atop the hinge,-18.604610443115234,-20.229610443115234,-22.06058120727539,-18.90433120727539,-19.93474578857422,-19.24724578857422,128
test,1,The gentle [wugs] atop the hinge,The gentle [wug] atop the hinges,-18.90433120727539,-22.06058120727539,-20.229610443115234,-18.604610443115234,-18.835031509399414,-20.147531509399414,128
test,0,The spotted [wug] under the ponds,The spotted [wugs] under the pond,-10.467314720153809,-13.217314720153809,-9.699952125549316,-9.699952125549316,-9.752553939819336,-12.377553939819336,128
test,1,The spotted [wugs] under the pond,The spotted [wug] under the ponds,-9.699952125549316,-9.699952125549316,-13.217314720153809,-10.467314720153809,-12.113449096679688,-10.363449096679688,128
test,0,The clever [wug] below the posts,The clever [wugs] below the post,-22.455730438232422,-24.174480438232422,-26.188072204589844,-24.625572204589844,-24.969463348388672,-24.938213348388672,128
test,1,The clever [wugs] below the post,The clever [wug] below the posts,-24.625572204589844,-26.188072204589844,-24.174480438232422,-22.455730438232422,-23.64022445678711,-23.45272445678711,128
test,0,The curious [wug] beside the gates,The curious [wugs] beside the gate,-9.323779106140137,-14.011279106140137,-11.610636711120605,-9.110636711120605,-9.487137794494629,-12.362137794494629,128
test,1,The curious [wugs] beside the gate,The curious [wug] beside the gates,-9.110636711120605,-11.610636711120605,-14.011279106140137,-9.323779106140137,-11.440485000610352,-9.815485000610352,128
test,0,The restless [wug] beside the straps,The restless [wugs] beside the strap,-12.019275665283203,-14.144275665283203,-15.441720008850098,-14.504220008850098,-14.129973411560059,-16.067474365234375,128
test,1,The restless [wugs] beside the strap,The restless [wug] beside the straps,-14.504220008850098,-15.441720008850098,-14.144275665283203,-12.019275665283203,-13.015522956848145,-13.015522956848145,128
test,0,The wary [wug] opposite the wells,The wary [wugs] opposite the well,-15.328569412231445,-16.828569412231445,-19.222362518310547,-15.659862518310547,-16.760608673095703,-16.073108673095703,128
test,1,The wary [wugs] opposite the well,The wary [wug] opposite the wells,-15.659862518310547,-19.222362518310547,-16.828569412231445,-15.328569412231445,-16.07697868347168,-16.82697868347168,128
test,0,The restless [wug] opposite the ponds,The restless [wugs] opposite the pond,-11.555203437805176,-15.992703437805176,-13.726179122924805,-9.851179122924805,-11.137003898620605,-13.262003898620605,128
test,1,The restless [wugs] opposite the pond,The restless [wug] opposite the ponds,-9.851179122924805,-13.726179122924805,-15.992703437805176,-11.555203437805176,-13.553787231445312,-11.928787231445312,128
test,0,The lively [wug] alongside the switches,The lively [wugs] alongside the switch,-19.543846130371094,-21.043846130371094,-21.618228912353516,-20.680728912353516,-21.9019832611084,-21.6519832611084,128
test,1,The lively [wugs] alongside the switch,The lively [wug] alongside the switches,-20.680728912353516,-21.618228912353516,-21.043846130371094,-19.543846130371094,-20.110084533691406,-20.235084533691406,128
test,0,The lively [wug] opposite the wires,The lively [wugs] opposite the wire,-11.761916160583496,-15.011916160583496,-13.279908180236816,-11.404908180236816,-11.89836597442627,-13.64836597442627,128
test,1,The lively [wugs] opposite the wire,The lively [wug] opposite the wires,-11.404908180236816,-13.279908180236816,-15.011916160583496,-11.761916160583496,-12.636391639709473,-12.636391639709473,128
test,0,The sturdy [wug] opposite the heaps,The sturdy [wugs] opposite the heap,-10.137537002563477,-13.762537002563477,-13.006903648376465,-10.006903648376465,-10.262511253356934,-11.137511253356934,128
test,1,The sturdy [wugs] opposite the heap,The sturdy [wug] opposite the heaps,-10.006903648376465,-13.006903648376465,-13.762537002563477,-10.137537002563477,-11.8826322555542,-11.1326322555542,128
test,0,The tiny [wug] opposite the straps,The tiny [wugs] opposite the strap,-20.759607315063477,-22.509607315063477,-23.192874908447266,-22.255374908447266,-22.32134437561035,-22.19634437561035,128
test,1,The tiny [wugs] opposite the strap,The tiny [wug] opposite the straps,-22.255374908447266,-23.192874908447266,-22.509607315063477,-20.759607315063477,-22.068986892700195,-22.193986892700195,128
test,0,The restless [wug] near the sheds,The restless [wugs] near the shed,-9.414426803588867,-14.101926803588867,-13.84752082824707,-9.41002082824707,-11.056876182556152,-11.681876182556152,128
test,1,The restless [wugs] near the shed,The restless [wug] near the sheds,-9.41002082824707,-13.84752082824707,-14.101926803588867,-9.414426803588867,-11.774046897888184,-10.899046897888184,128
test,0,The round [wug] below the poles,The round [wugs] below the pole,-20.133943557739258,-21.008943557739258,-23.331188201904297,-18.393688201904297,-20.842700958251953,-18.530200958251953,128
test,1,The round [wugs] below the pole,The round [wug] below the poles,-18.393688201904297,-23.331188201904297,-21.008943557739258,-20.133943557739258,-19.386428833007812,-20.886428833007812,128
test,0,The clumsy [wug] below the racks,The clumsy [wugs] below the rack,-10.563169479370117,-13.188169479370117,-14.276522636413574,-10.901522636413574,-11.788294792175293,-12.413294792175293,128
test,1,The clumsy [wugs] below the rack,The clumsy [wug] below the racks,-10.901522636413574,-14.276522636413574,-13.188169479370117,-10.563169479370117,-11.555477142333984,-11.430477142333984,128
test,0,The gentle [wug] opposite the fences,The gentle [wugs] opposite the fence,-19.335256576538086,-22.147756576538086,-19.988571166992188,-17.613571166992188,-18.910673141479492,-20.098173141479492,128
test,1,The gentle [wugs] opposite the fence,The gentle [wug] opposite the fences,-17.613571166992188,-19.988571166992188,-22.147756576538086,-19.335256576538086,-20.52469253540039,-19.39969253540039,128
test,0,The clever [wug] under the doors,The clever [wugs] under the door,-8.767863273620605,-13.080363273620605,-10.49135971069336,-8.49135971069336,-8.800982475280762,-10.800982475280762,128
test,1,The clever [wugs] under the door,The clever [wug] under the doors,-8.49135971069336,-10.49135971069336,-13.080363273620605,-8.767863273620605,-10.587747573852539,-9.212747573852539,128
test,0,The graceful [wug] opposite the tents,The graceful [wugs] opposite the tent,-8.260857582092285,-13.010857582092285,-14.875666618347168,-11.750666618347168,-10.875810623168945,-13.625810623168945,128
test,1,The graceful [wugs] opposite the tent,The graceful [wug] opposite the tents,-11.750666618347168,-14.875666618347168,-13.010857582092285,-8.260857582092285,-11.008272171020508,-9.883272171020508,128
test,0,The clever [wug] alongside the heaps,The clever [wugs] alongside the heap,-10.459460258483887,-12.084460258483887,-12.40190601348877,-10.40190601348877,-10.413986206054688,-11.038986206054688,128
test,1,The clever [wugs] alongside the heap,The clever [wug] alongside the heaps,-10.40190601348877,-12.40190601348877,-12.084460258483887,-10.459460258483887,-11.664073944091797,-11.914073944091797,128
test,0,The clumsy [wug] between the baskets,The clumsy [wugs] between the basket,-8.979498863220215,-14.229498863220215,-15.378721237182617,-14.378721237182617,-14.127981185913086,-16.752981185913086,128
test,1,The clumsy [wugs] between the basket,The clumsy [wug] between the baskets,-14.378721237182617,-15.378721237182617,-14.229498863220215,-8.979498863220215,-11.246452331542969,-9.371452331542969,128
test,0,The lively [wug] below the boards,The lively [wugs] below the board,-9.911580085754395,-14.661580085754395,-12.255175590515137,-9.380175590515137,-9.883990287780762,-11.383990287780762,128
test,1,The lively [wugs] below the board,The lively [wug] below the boards,-9.380175590515137,-12.255175590515137,-14.661580085754395,-9.911580085754395,-11.896980285644531,-10.646980285644531,128
test,0,The shy [wug] under the wires,The shy [wugs] under the wire,-10.43359088897705,-15.55859088897705,-12.462333679199219,-10.212333679199219,-10.6083402633667,-13.1083402633667,128
test,1,The shy [wugs] under the wire,The shy [wug] under the wires,-10.212333679199219,-12.462333679199219,-15.55859088897705,-10.43359088897705,-12.677506446838379,-11.177506446838379,128
test,0,The wary [wug] alongside the knobs,The wary [wugs] alongside the knob,-22.01226806640625,-22.69976806640625,-20.342409133911133,-19.779909133911133,-21.504520416259766,-21.254520416259766,128
test,1,The wary [wugs] alongside the knob,The wary [wug] alongside the knobs,-19.779909133911133,-20.342409133911133,-22.69976806640625,-22.01226806640625,-21.864948272705078,-21.614948272705078,128
test,0,The bold [wug] opposite the nails,The bold [wugs] opposite the nail,-12.505369186401367,-14.130369186401367,-13.258678436279297,-12.633678436279297,-11.887629508972168,-14.262629508972168,128
test,1,The bold [wugs] opposite the nail,The bold [wug] opposite the nails,-12.633678436279297,-13.258678436279297,-14.130369186401367,-12.505369186401367,-13.129685401916504,-13.379685401916504,128
test,0,The spotted [wug] under the cliffs,The spotted [wugs] under the cliff,-9.003640174865723,-12.253640174865723,-10.19670581817627,-9.19670581817627,-9.200824737548828,-10.825824737548828,128
test,1,The spotted [wugs] under the cliff,The spotted [wug] under the cliffs,-9.19670581817627,-10.19670581817627,-12.253640174865723,-9.003640174865723,-11.084731101989746,-9.959731101989746,128
test,0,The spotted [wug] atop the bulbs,The spotted [wugs] atop the bulb,-18.31382942199707,-19.50132942199707,-22.44179344177246,-20.81679344177246,-22.25370216369629,-21.31620216369629,128
test,1,The spotted [wugs] atop the bulb,The spotted [wug] atop the bulbs,-20.81679344177246,-22.44179344177246,-19.50132942199707,-18.31382942199707,-18.188613891601562,-18.626113891601562,128
test,0,The bold [wug] near the sacks,The bold [wugs] near the sack,-8.66306209564209,-10.28806209564209,-13.163843154907227,-10.163843154907227,-11.056242942810059,-11.181242942810059,128
test,1,The bold [wugs] near the sack,The bold [wug] near the sacks,-10.163843154907227,-13.163843154907227,-10.28806209564209,-8.66306209564209,-9.644951820373535,-11.019951820373535,128
test,0,The lively [wug] alongside the heaps,The lively [wugs] alongside the heap,-10.512969017028809,-11.512969017028809,-12.148801803588867,-10.023801803588867,-10.285834312438965,-10.910834312438965,128
test,1,The lively [wugs] alongside the heap,The lively [wug] alongside the heaps,-10.023801803588867,-12.148801803588867,-11.512969017028809,-10.512969017028809,-11.30996322631836,-11.68496322631836,128
test,0,The round [wug] by the buckets,The round [wugs] by the bucket,-10.144086837768555,-13.894086837768555,-11.522722244262695,-9.022722244262695,-10.027287483215332,-10.652287483215332,128
test,1,The round [wugs] by the bucket,The round [wug] by the buckets,-9.022722244262695,-11.522722244262695,-13.894086837768555,-10.144086837768555,-11.765567779541016,-10.890567779541016,128
test,0,The round [wug] alongside the ropes,The round [wugs] alongside the rope,-18.949792861938477,-19.699792861938477,-20.325443267822266,-18.200443267822266,-20.010143280029297,-18.947643280029297,128
test,1,The round [wugs] alongside the rope,The round [wug] alongside the ropes,-18.200443267822266,-20.325443267822266,-19.699792861938477,-18.949792861938477,-19.010656356811523,-19.510656356811523,128
test,0,The round [wug] above the desks,The round [wugs] above the desk,-18.455934524536133,-19.830934524536133,-22.03087615966797,-18.34337615966797,-19.363008499145508,-18.800508499145508,128
test,1,The round [wugs] above the desk,The round [wug] above the desks,-18.34337615966797,-22.03087615966797,-19.830934524536133,-18.455934524536133,-18.94866943359375,-20.01116943359375,128
test,0,The bold [wug] atop the bushes,The bold [wugs] atop the bush,-16.603755950927734,-21.416255950927734,-22.881229400634766,-22.443729400634766,-21.2631893157959,-22.7319393157959,128
test,1,The bold [wugs] atop the bush,The bold [wug] atop the bushes,-22.443729400634766,-22.881229400634766,-21.416255950927734,-16.603755950927734,-20.253400802612305,-18.253400802612305,128
test,0,The sturdy [wug] above the sheds,The sturdy [wugs] above the shed,-19.93157386779785,-23.30657386779785,-22.10109519958496,-19.66359519958496,-21.13873291015625,-21.07623291015625,128
test,1,The sturdy [wugs] above the shed,The sturdy [wug] above the sheds,-19.66359519958496,-22.10109519958496,-23.30657386779785,-19.93157386779785,-22.36854362487793,-21.05604362487793,128
test,0,The round [wug] atop the bushes,The round [wugs] atop the bush,-16.309040069580078,-18.434040069580078,-21.503276824951172,-18.878276824951172,-19.385189056396484,-18.947689056396484,128
test,1,The round [wugs] atop the bush,The round [wug] atop the bushes,-18.878276824951172,-21.503276824951172,-18.434040069580078,-16.309040069580078,-17.027902603149414,-18.027902603149414,128
test,0,The clumsy [wug] below the banks,The clumsy [wugs] below the bank,-11.878832817077637,-15.003832817077637,-15.889215469360352,-12.514215469360352,-12.776389122009277,-14.026389122009277,128
test,1,The clumsy [wugs] below the bank,The clumsy [wug] below the banks,-12.514215469360352,-15.889215469360352,-15.003832817077637,-11.878832817077637,-13.752593994140625,-12.752593994140625,128
test,0,The fierce [wug] below the banks,The fierce [wugs] below the bank,-10.506400108337402,-13.631400108337402,-15.13029956817627,-12.25529956817627,-12.257740020751953,-14.132740020751953,128
test,1,The fierce [wugs] below the bank,The fierce [wug] below the banks,-12.25529956817627,-15.13029956817627,-13.631400108337402,-10.506400108337402,-11.629972457885742,-11.004972457885742,128
test,0,The round [wug] under the beams,The round [wugs] under the beam,-18.410064697265625,-20.160064697265625,-20.880613327026367,-18.880613327026367,-19.82076072692871,-19.63326072692871,128
test,1,The round [wugs] under the beam,The round [wug] under the beams,-18.880613327026367,-20.880613327026367,-20.160064697265625,-18.410064697265625,-19.142610549926758,-19.580110549926758,128
test,0,The fierce [wug] alongside the wells,The fierce [wugs] alongside the well,-15.338325500488281,-16.65082550048828,-18.720754623413086,-16.470754623413086,-17.487022399902344,-17.424522399902344,128
test,1,The fierce [wugs] alongside the well,The fierce [wug] alongside the wells,-16.470754623413086,-18.720754623413086,-16.65082550048828,-15.338325500488281,-15.899813652038574,-16.14981460571289,128
test,0,The restless [wug] atop the sockets,The restless [wugs] atop the socket,-10.776641845703125,-15.464141845703125,-15.856853485107422,-12.669353485107422,-12.707392692565918,-13.457392692565918,128
test,1,The restless [wugs] atop the socket,The restless [wug] atop the sockets,-12.669353485107422,-15.856853485107422,-15.464141845703125,-10.776641845703125,-13.146950721740723,-11.896950721740723,128
test,0,The strange [wug] opposite the tents,The strange [wugs] opposite the tent,-16.70610237121582,-18.76860237121582,-21.625320434570312,-20.000320434570312,-19.37535858154297,-20.12535858154297,128
test,1,The strange [wugs] opposite the tent,The strange [wug] opposite the tents,-20.000320434570312,-21.625320434570312,-18.76860237121582,-16.70610237121582,-18.39069938659668,-18.14069938659668,128
test,0,The wary [wug] atop the pillars,The wary [wugs] atop the pillar,-17.196630477905273,-19.634130477905273,-22.24855613708496,-17.84230613708496,-19.696468353271484,-19.071468353271484,128
test,1,The wary [wugs] atop the pillar,The wary [wug] atop the pillars,-17.84230613708496,-22.24855613708496,-19.634130477905273,-17.196630477905273,-17.66704559326172,-18.60454559326172,128
test,0,The tiny [wug] below the nails,The tiny [wugs] below the nail,-9.512840270996094,-12.637840270996094,-10.270143508911133,-5.395143508911133,-8.759138107299805,-7.384138107299805,128
test,1,The tiny [wugs] below the nail,The tiny [wug] below the nails,-5.395143508911133,-10.270143508911133,-12.637840270996094,-9.512840270996094,-9.016837120056152,-9.766837120056152,128
test,0,The clever [wug] under the bins,The clever [wugs] under the bin,-8.58176040649414,-15.39426040649414,-10.941221237182617,-7.441220760345459,-7.981229782104492,-9.606229782104492,128
test,1,The clever [wugs] under the bin,The clever [wug] under the bins,-7.441220760345459,-10.941221237182617,-15.39426040649414,-8.58176040649414,-11.308845520019531,-9.933845520019531,128
test,0,The curious [wug] by the baskets,The curious [wugs] by the basket,-10.176655769348145,-13.989155769348145,-12.854085922241211,-11.979085922241211,-11.119460105895996,-14.431960105895996,128
test,1,The curious [wugs] by the basket,The curious [wug] by the baskets,-11.979085922241211,-12.854085922241211,-13.989155769348145,-10.176655769348145,-12.99101734161377,-10.99101734161377,128
test,0,The gentle [wug] above the hinges,The gentle [wugs] above the hinge,-19.73371696472168,-21.10871696472168,-23.115610122680664,-21.521860122680664,-21.89609718322754,-21.17734718322754,128
test,1,The gentle [wugs] above the hinge,The gentle [wug] above the hinges,-21.521860122680664,-23.115610122680664,-21.10871696472168,-19.73371696472168,-20.67658233642578,-21.11408233642578,128
test,0,The tiny [wug] between the shelves,The tiny [wugs] between the shelf,-7.261751651763916,-10.636751174926758,-12.969602584838867,-11.657102584838867,-13.018292427062988,-13.768292427062988,128
test,1,The tiny [wugs] between the shelf,The tiny [wug] between the shelves,-11.657102584838867,-12.969602584838867,-10.636751174926758,-7.261751651763916,-7.506235122680664,-7.381235122680664,128
test,0,The curious [wug] opposite the trees,The curious [wugs] opposite the tree,-15.99455738067627,-19.182056427001953,-19.353702545166016,-16.353702545166016,-17.442842483520508,-18.817842483520508,128
test,1,The curious [wugs] opposite the tree,The curious [wug] opposite the trees,-16.353702545166016,-19.353702545166016,-19.182056427001953,-15.99455738067627,-18.080215454101562,-16.830215454101562,128
test,0,The strange [wug] opposite the panels,The strange [wugs] opposite the panel,-11.677719116210938,-15.427719116210938,-15.881057739257812,-13.881057739257812,-13.38784122467041,-15.88784122467041,128
test,1,The strange [wugs] opposite the panel,The strange [wug] opposite the panels,-13.881057739257812,-15.881057739257812,-15.427719116210938,-11.677719116210938,-13.154186248779297,-12.904186248779297,128
test,0,The fierce [wug] by the beams,The fierce [wugs] by the beam,-12.268343925476074,-14.830843925476074,-13.254813194274902,-13.254813194274902,-12.630184173583984,-15.380184173583984,128
test,1,The fierce [wugs] by the beam,The fierce [wug] by the beams,-13.254813194274902,-13.254813194274902,-14.830843925476074,-12.268343925476074,-13.762776374816895,-12.637776374816895,128
test,0,The gentle [wug] beside the desks,The gentle [wugs] beside the desk,-19.219697952270508,-20.344697952270508,-23.49811363220215,-18.09186363220215,-20.97917366027832,-19.72917366027832,128
test,1,The gentle [wugs] beside the desk,The gentle [wug] beside the desks,-18.09186363220215,-23.49811363220215,-20.344697952270508,-19.219697952270508,-18.643171310424805,-20.705671310424805,128
test,0,The bold [wug] below the nails,The bold [wugs] below the nail,-11.384088516235352,-13.259088516235352,-12.756851196289062,-11.256851196289062,-11.381128311157227,-13.006128311157227,128
test,1,The bold [wugs] below the nail,The bold [wug] below the nails,-11.256851196289062,-12.756851196289062,-13.259088516235352,-11.384088516235352,-11.757884979248047,-12.257884979248047,128
test,0,The round [wug] opposite the straps,The round [wugs] opposite the strap,-19.130229949951172,-20.005229949951172,-21.62820816040039,-18.56570816040039,-20.816627502441406,-19.441627502441406,128
test,1,The round [wugs] opposite the strap,The round [wug] opposite the straps,-18.56570816040039,-21.62820816040039,-20.005229949951172,-19.130229949951172,-18.753936767578125,-19.816436767578125,128
test,0,The gentle [wug] alongside the wells,The gentle [wugs] alongside the well,-15.020973205566406,-15.333473205566406,-18.00609016418457,-13.943591117858887,-16.561756134033203,-14.749255180358887,128
test,1,The gentle [wugs] alongside the well,The gentle [wug] alongside the wells,-13.943591117858887,-18.00609016418457,-15.333473205566406,-15.020973205566406,-14.335457801818848,-16.022958755493164,128
test,0,The round [wug] opposite the pillars,The round [wugs] opposite the pillar,-20.219024658203125,-22.719024658203125,-24.42996597290039,-22.14871597290039,-22.659425735473633,-22.784425735473633,128
test,1,The round [wugs] opposite the pillar,The round [wug] opposite the pillars,-22.14871597290039,-24.42996597290039,-22.719024658203125,-20.219024658203125,-21.706052780151367,-21.331052780151367,128
test,0,The clumsy [wug] opposite the ponds,The clumsy [wugs] opposite the pond,-19.843822479248047,-24.250072479248047,-22.7941951751709,-21.2316951751709,-20.34028434753418,-23.09028434753418,128
test,1,The clumsy [wugs] opposite the pond,The clumsy [wug] opposite the ponds,-21.2316951751709,-22.7941951751709,-24.250072479248047,-19.843822479248047,-23.347108840942383,-20.659608840942383,128
test,0,The tiny [wug] below the hooks,The tiny [wugs] below the hook,-10.131739616394043,-13.006739616394043,-15.251287460327148,-11.501287460327148,-13.001558303833008,-11.876558303833008,128
test,1,The tiny [wugs] below the hook,The tiny [wug] below the hooks,-11.501287460327148,-15.251287460327148,-13.006739616394043,-10.131739616394043,-10.879668235778809,-11.754668235778809,128
test,0,The bold [wug] below the tents,The bold [wugs] below the tent,-20.009130477905273,-21.196630477905273,-23.438325881958008,-21.125825881958008,-21.875837326049805,-21.563337326049805,128
test,1,The bold [wugs] below the tent,The bold [wug] below the tents,-21.125825881958008,-23.438325881958008,-21.196630477905273,-20.009130477905273,-20.63120460510254,-21.19370460510254,128
test,0,The bold [wug] alongside the baskets,The bold [wugs] alongside the basket,-8.06550407409668,-10.31550407409668,-13.020813941955566,-10.270813941955566,-11.020951271057129,-11.520951271057129,128
test,1,The bold [wugs] alongside the basket,The bold [wug] alongside the baskets,-10.270813941955566,-13.020813941955566,-10.31550407409668,-8.06550407409668,-8.931910514831543,-9.431910514831543,128
test,0,The sturdy [wug] between the mirrors,The sturdy [wugs] between the mirror,-18.190746307373047,-19.565746307373047,-23.320125579833984,-22.570125579833984,-22.38365936279297,-21.57115936279297,128
test,1,The sturdy [wugs] between the mirror,The sturdy [wug] between the mirrors,-22.570125579833984,-23.320125579833984,-19.565746307373047,-18.190746307373047,-19.385318756103516,-19.260318756103516,128
test,0,The wary [wug] atop the slopes,The wary [wugs] atop the slope,-18.27239227294922,-22.05364227294922,-20.7043399810791,-19.0793399810791,-18.904518127441406,-20.373268127441406,128
test,1,The wary [wugs] atop the slope,The wary [wug] atop the slopes,-19.0793399810791,-20.7043399810791,-22.05364227294922,-18.27239227294922,-20.95395278930664,-19.07895278930664,128
test,0,The graceful [wug] beside the racks,The graceful [wugs] beside the rack,-9.30408000946045,-12.30408000946045,-13.391645431518555,-10.016645431518555,-11.393519401550293,-11.393519401550293,128
test,1,The graceful [wugs] beside the rack,The graceful [wug] beside the racks,-10.016645431518555,-13.391645431518555,-12.30408000946045,-9.30408000946045,-10.90578842163086,-10.28078842163086,128
test,0,The gentle [wug] beside the panels,The gentle [wugs] beside the panel,-18.435752868652344,-20.373252868652344,-21.13283920288086,-18.38283920288086,-19.88385772705078,-20.57135772705078,128
test,1,The gentle [wugs] beside the panel,The gentle [wug] beside the panels,-18.38283920288086,-21.13283920288086,-20.373252868652344,-18.435752868652344,-18.671213150024414,-19.546213150024414,128
test,0,The curious [wug] atop the sheds,The curious [wugs] atop the shed,-9.977723121643066,-13.352723121643066,-13.258321762084961,-8.820821762084961,-9.806159973144531,-11.681159973144531,128
test,1,The curious [wugs] atop the shed,The curious [wug] atop the sheds,-8.820821762084961,-13.258321762084961,-13.352723121643066,-9.977723121643066,-11.191357612609863,-10.316357612609863,128
test,0,The clever [wug] alongside the mirrors,The clever [wugs] alongside the mirror,-16.63559341430664,-19.32309341430664,-20.993600845336914,-18.493600845336914,-19.09087562561035,-18.90337562561035,128
test,1,The clever [wugs] alongside the mirror,The clever [wug] alongside the mirrors,-18.493600845336914,-20.993600845336914,-19.32309341430664,-16.63559341430664,-18.613121032714844,-18.113121032714844,128
test,0,The gentle [wug] under the doors,The gentle [wugs] under the door,-18.676389694213867,-19.301389694213867,-18.45818328857422,-16.33318328857422,-17.77862548828125,-17.59112548828125,128
test,1,The gentle [wugs] under the door,The gentle [wug] under the doors,-16.33318328857422,-18.45818328857422,-19.301389694213867,-18.676389694213867,-18.539688110351562,-19.102188110351562,128
test,0,The sturdy [wug] opposite the pillars,The sturdy [wugs] opposite the pillar,-19.858606338500977,-22.077356338500977,-21.981197357177734,-21.356197357177734,-21.133390426635742,-22.195890426635742,128
test,1,The sturdy [wugs] opposite the pillar,The sturdy [wug] opposite the pillars,-21.356197357177734,-21.981197357177734,-22.077356338500977,-19.858606338500977,-21.542146682739258,-20.667146682739258,128
test,0,The strange [wug] near the sockets,The strange [wugs] near the socket,-11.432071685791016,-15.557071685791016,-15.187844276428223,-13.062844276428223,-12.746530532836914,-14.496530532836914,128
test,1,The strange [wugs] near the socket,The strange [wug] near the sockets,-13.062844276428223,-15.187844276428223,-15.557071685791016,-11.432071685791016,-13.17011833190918,-12.42011833190918,128
test,0,The graceful [wug] above the gates,The graceful [wugs] above the gate,-8.047298431396484,-12.672298431396484,-10.829582214355469,-8.954582214355469,-9.393959999084473,-11.018959999084473,128
test,1,The graceful [wugs] above the gate,The graceful [wug] above the gates,-8.954582214355469,-10.829582214355469,-12.672298431396484,-8.047298431396484,-9.777328491210938,-8.402328491210938,128
test,0,The clever [wug] above the slopes,The clever [wugs] above the slope,-19.9588623046875,-21.7088623046875,-20.88288116455078,-20.00788116455078,-20.200956344604492,-20.700956344604492,128
test,1,The clever [wugs] above the slope,The clever [wug] above the slopes,-20.00788116455078,-20.88288116455078,-21.7088623046875,-19.9588623046875,-21.454524993896484,-20.829524993896484,128
test,0,The curious [wug] opposite the tents,The curious [wugs] opposite the tent,-9.014612197875977,-13.639612197875977,-14.875847816467285,-12.125847816467285,-10.626455307006836,-15.126455307006836,128
test,1,The curious [wugs] opposite the tent,The curious [wug] opposite the tents,-12.125847816467285,-14.875847816467285,-13.639612197875977,-9.014612197875977,-11.512009620666504,-10.262009620666504,128
test,0,The tiny [wug] under the panels,The tiny [wugs] under the panel,-8.48781967163086,-13.11281967163086,-13.476008415222168,-9.601008415222168,-10.629045486450195,-10.504045486450195,128
test,1,The tiny [wugs] under the panel,The tiny [wug] under the panels,-9.601008415222168,-13.476008415222168,-13.11281967163086,-8.48781967163086,-9.88712215423584,-10.38712215423584,128
test,0,The tiny [wug] alongside the bridges,The tiny [wugs] alongside the bridge,-22.331640243530273,-22.831640243530273,-21.865550994873047,-20.428050994873047,-21.721101760864258,-21.471101760864258,128
test,1,The tiny [wugs] alongside the bridge,The tiny [wug] alongside the bridges,-20.428050994873047,-21.865550994873047,-22.831640243530273,-22.331640243530273,-22.090858459472656,-22.590858459472656,128
test,0,The lively [wug] under the ponds,The lively [wugs] under the pond,-19.371919631958008,-22.246919631958008,-20.54901123046875,-17.61151123046875,-18.59457015991211,-20.40707015991211,128
test,1,The lively [wugs] under the pond,The lively [wug] under the ponds,-17.61151123046875,-20.54901123046875,-22.246919631958008,-19.371919631958008,-20.72123908996582,-19.28373908996582,128
test,0,The round [wug] alongside the doors,The round [wugs] alongside the door,-8.307242393493652,-11.557242393493652,-9.515990257263184,-6.765989780426025,-8.133177757263184,-8.633177757263184,128
test,1,The round [wugs] alongside the door,The round [wug] alongside the doors,-6.765989780426025,-9.515990257263184,-11.557242393493652,-8.307242393493652,-8.557329177856445,-8.557329177856445,128
test,0,The fierce [wug] near the braces,The fierce [wugs] near the brace,-12.651402473449707,-15.526402473449707,-17.250934600830078,-15.500934600830078,-15.126420974731445,-16.626420974731445,128
test,1,The fierce [wugs] near the brace,The fierce [wug] near the braces,-15.500934600830078,-17.250934600830078,-15.526402473449707,-12.651402473449707,-13.767735481262207,-14.017735481262207,128
test,0,The fierce [wug] near the gates,The fierce [wugs] near the gate,-18.939626693725586,-20.564626693725586,-19.90117645263672,-17.33867645263672,-19.135175704956055,-18.885175704956055,128
test,1,The fierce [wugs] near the gate,The fierce [wug] near the gates,-17.33867645263672,-19.90117645263672,-20.564626693725586,-18.939626693725586,-19.4683895111084,-19.6558895111084,128
test,0,The lively [wug] under the ropes,The lively [wugs] under the rope,-19.784833908081055,-21.097333908081055,-21.537235260009766,-18.974735260009766,-20.1763973236084,-19.7388973236084,128
test,1,The lively [wugs] under the rope,The lively [wug] under the ropes,-18.974735260009766,-21.537235260009766,-21.097333908081055,-19.784833908081055,-20.34035873413086,-20.52785873413086,128
test,0,The spotted [wug] below the banks,The spotted [wugs] below the bank,-16.699951171875,-19.949951171875,-19.266265869140625,-19.078765869140625,-17.70835304260254,-20.08335304260254,128
test,1,The spotted [wugs] below the bank,The spotted [wug] below the banks,-19.078765869140625,-19.266265869140625,-19.949951171875,-16.699951171875,-19.50774574279785,-17.82024574279785,128
test,0,The wary [wug] atop the buckets,The wary [wugs] atop the bucket,-13.899369239807129,-15.524369239807129,-18.511240005493164,-16.011240005493164,-17.01848793029785,-16.33098793029785,128
test,1,The wary [wugs] atop the bucket,The wary [wug] atop the buckets,-16.011240005493164,-18.511240005493164,-15.524369239807129,-13.899369239807129,-14.771368026733398,-15.021368026733398,128
test,0,The clever [wug] below the doors,The clever [wugs] below the door,-17.137401580810547,-20.012401580810547,-17.218351364135742,-15.905850410461426,-16.629858016967773,-17.754858016967773,128
test,1,The clever [wugs] below the door,The clever [wug] below the doors,-15.905850410461426,-17.218351364135742,-20.012401580810547,-17.137401580810547,-18.626909255981445,-17.501909255981445,128
test,0,The restless [wug] below the racks,The restless [wugs] below the rack,-20.437992095947266,-23.187992095947266,-24.444570541381836,-22.694570541381836,-22.914264678955078,-24.195514678955078,128
test,1,The restless [wugs] below the rack,The restless [wug] below the racks,-22.694570541381836,-24.444570541381836,-23.187992095947266,-20.437992095947266,-22.019603729248047,-21.394603729248047,128
test,0,The bold [wug] atop the desks,The bold [wugs] atop the desk,-8.394312858581543,-9.644312858581543,-11.976816177368164,-7.726816177368164,-9.00330924987793,-9.75330924987793,128
test,1,The bold [wugs] atop the desk,The bold [wug] atop the desks,-7.726816177368164,-11.976816177368164,-9.644312858581543,-8.394312858581543,-8.015875816345215,-9.515875816345215,128
test,0,The clever [wug] near the knobs,The clever [wugs] near the knob,-16.521352767944336,-18.771352767944336,-21.56757164001465,-17.69257164001465,-19.074726104736328,-18.387226104736328,128
test,1,The clever [wugs] near the knob,The clever [wug] near the knobs,-17.69257164001465,-21.56757164001465,-18.771352767944336,-16.521352767944336,-17.597515106201172,-18.160015106201172,128
test,0,The tiny [wug] beside the tents,The tiny [wugs] beside the tent,-20.95790672302246,-23.14540672302246,-27.440444946289062,-22.877944946289062,-24.909639358520508,-23.128389358520508,128
test,1,The tiny [wugs] beside the tent,The tiny [wug] beside the tents,-22.877944946289062,-27.440444946289062,-23.14540672302246,-20.95790672302246,-21.142616271972656,-22.267616271972656,128
test,0,The fierce [wug] near the beams,The fierce [wugs] near the beam,-10.417142868041992,-12.917142868041992,-14.501398086547852,-13.126398086547852,-12.379446983337402,-15.004446983337402,128
test,1,The fierce [wugs] near the beam,The fierce [wug] near the beams,-13.126398086547852,-14.501398086547852,-12.917142868041992,-10.417142868041992,-11.641861915588379,-11.766861915588379,128
test,0,The graceful [wug] under the panels,The graceful [wugs] under the panel,-19.98764419555664,-20.17514419555664,-21.531169891357422,-19.843669891357422,-21.234155654907227,-19.609155654907227,128
test,1,The graceful [wugs] under the panel,The graceful [wug] under the panels,-19.843669891357422,-21.531169891357422,-20.17514419555664,-19.98764419555664,-20.296262741088867,-20.733762741088867,128
test,0,The tiny [wug] near the knobs,The tiny [wugs] near the knob,-9.556758880615234,-12.556758880615234,-14.503368377685547,-9.753368377685547,-12.00854778289795,-10.63354778289795,128
test,1,The tiny [wugs] near the knob,The tiny [wug] near the knobs,-9.753368377685547,-14.503368377685547,-12.556758880615234,-9.556758880615234,-10.139650344848633,-11.889650344848633,128
test,0,The wary [wug] beside the nails,The wary [wugs] beside the nail,-11.403571128845215,-13.591071128845215,-12.005208969116211,-11.442708969116211,-10.99569320678711,-13.49569320678711,128
test,1,The wary [wugs] beside the nail,The wary [wug] beside the nails,-11.442708969116211,-12.005208969116211,-13.591071128845215,-11.403571128845215,-11.777024269104004,-11.902024269104004,128
test,0,The lively [wug] under the roots,The lively [wugs] under the root,-10.191549301147461,-14.879049301147461,-11.76183032989502,-11.76183032989502,-10.519344329833984,-13.831844329833984,128
test,1,The lively [wugs] under the root,The lively [wug] under the roots,-11.76183032989502,-11.76183032989502,-14.879049301147461,-10.191549301147461,-12.429316520690918,-10.929316520690918,128
test,0,The fierce [wug] below the bins,The fierce [wugs] below the bin,-9.758260726928711,-14.008260726928711,-9.75623893737793,-10.38123893737793,-9.628472328186035,-12.690972328186035,128
test,1,The fierce [wugs] below the bin,The fierce [wug] below the bins,-10.38123893737793,-9.75623893737793,-14.008260726928711,-9.758260726928711,-10.26125431060791,-9.76125431060791,128
test,0,The clever [wug] between the beams,The clever [wugs] between the beam,-19.55489730834961,-21.61739730834961,-25.625341415405273,-25.062841415405273,-24.40685272216797,-24.43810272216797,128
test,1,The clever [wugs] between the beam,The clever [wug] between the beams,-25.062841415405273,-25.625341415405273,-21.61739730834961,-19.55489730834961,-21.451406478881836,-20.888906478881836,128
test,0,The restless [wug] by the bushes,The restless [wugs] by the bush,-10.581555366516113,-14.894055366516113,-13.768742561340332,-12.268742561340332,-11.290498733520508,-13.977998733520508,128
test,1,The restless [wugs] by the bush,The restless [wug] by the bushes,-12.268742561340332,-13.768742561340332,-14.894055366516113,-10.581555366516113,-13.159476280212402,-11.409476280212402,128
test,0,The spotted [wug] opposite the banks,The spotted [wugs] opposite the bank,-19.002025604248047,-20.564525604248047,-20.50685691833496,-20.19435691833496,-19.507762908935547,-20.820262908935547,128
test,1,The spotted [wugs] opposite the bank,The spotted [wug] opposite the banks,-20.19435691833496,-20.50685691833496,-20.564525604248047,-19.002025604248047,-20.376720428466797,-19.439220428466797,128
test,0,The strange [wug] under the wells,The strange [wugs] under the well,-17.400583267211914,-17.775583267211914,-18.09717559814453,-14.597175598144531,-16.25754165649414,-16.32004165649414,128
test,1,The strange [wugs] under the well,The strange [wug] under the wells,-14.597175598144531,-18.09717559814453,-17.775583267211914,-17.400583267211914,-16.54195213317871,-17.47945213317871,128
