split,inverse,eval_input,counterfactual_input,clean_logp_A,clean_logp_B,complement_ablation_logp_A,complement_ablation_logp_B,circuit_ablation_logp_A,circuit_ablation_logp_B,all_ablation_logp_A,all_ablation_logp_B,n_nodes
train,0,The sleepy bat,The sleepy bats,-2.0464906692504883,-10.171490669250488,-5.218259334564209,-6.468259334564209,-3.0144362449645996,-9.201936721801758,-5.247742176055908,-6.247742176055908,64
train,1,The sleepy bats,The sleepy bat,-1.76617431640625,-8.45367431640625,-6.468259334564209,-5.218259334564209,-2.261326789855957,-6.886326789855957,-6.247742176055908,-5.247742176055908,64
train,0,The fuzzy frog,The fuzzy frogs,-12.373226165771484,-15.185726165771484,-14.71825885772705,-15.09325885772705,-12.700343132019043,-14.262843132019043,-14.74774169921875,-14.93524169921875,64
train,1,The fuzzy frogs,The fuzzy frog,-11.707802772521973,-15.832802772521973,-15.09325885772705,-14.71825885772705,-11.66299819946289,-14.35049819946289,-14.93524169921875,-14.74774169921875,64
train,0,The bright shark,The bright sharks,-9.019481658935547,-11.706981658935547,-11.78075885772705,-12.34325885772705,-9.963480949401855,-11.463480949401855,-11.93524169921875,-12.18524169921875,64
train,1,The bright sharks,The bright shark,-9.171207427978516,-11.733707427978516,-12.34325885772705,-11.78075885772705,-9.941305160522461,-11.378805160522461,-12.18524169921875,-11.93524169921875,64
train,0,The small bat,The small bats,-8.144024848937988,-14.706524848937988,-11.78075885772705,-12.21825885772705,-8.916500091552734,-12.604000091552734,-11.81024169921875,-11.99774169921875,64
train,1,The small bats,The small bat,-7.596708297729492,-13.221708297729492,-12.21825885772705,-11.78075885772705,-7.791975021362305,-12.041975021362305,-11.99774169921875,-11.81024169921875,64
train,0,The bright chick,The bright chicks,-15.253191947937012,-17.190692901611328,-14.40575885772705,-13.90575885772705,-16.1872615814209,-17.0310115814209,-14.56024169921875,-13.87274169921875,64
train,1,The bright chicks,The bright chick,-15.0490140914917,-16.955263137817383,-13.90575885772705,-14.40575885772705,-15.484123229980469,-16.32787322998047,-13.87274169921875,-14.56024169921875,64
train,0,The nervous panda,The nervous pandas,-12.229968070983887,-13.292468070983887,-12.71825885772705,-12.40575885772705,-12.422760963439941,-12.610260963439941,-13.06024169921875,-12.37274169921875,64
train,1,The nervous pandas,The nervous panda,-12.117985725402832,-14.242985725402832,-12.40575885772705,-12.71825885772705,-12.685148239135742,-13.435148239135742,-12.37274169921875,-13.06024169921875,64
train,0,The slender turtle,The slender turtles,-12.91177749633789,-16.72427749633789,-14.71825885772705,-15.09325885772705,-14.341553688049316,-15.904053688049316,-14.74774169921875,-14.93524169921875,64
train,1,The slender turtles,The slender turtle,-13.880208015441895,-16.817707061767578,-15.09325885772705,-14.71825885772705,-14.568636894226074,-16.068635940551758,-14.93524169921875,-14.74774169921875,64
train,0,The quiet turtle,The quiet turtles,-3.8923959732055664,-11.767395973205566,-5.218259334564209,-6.468259334564209,-4.7137250900268555,-11.151225090026855,-5.247742176055908,-6.247742176055908,64
train,1,The quiet turtles,The quiet turtle,-3.1281983852386475,-8.378198623657227,-6.468259334564209,-5.218259334564209,-3.1997861862182617,-6.824786186218262,-6.247742176055908,-5.247742176055908,64
train,0,The sleepy doe,The sleepy does,-13.937175750732422,-15.312175750732422,-15.40575885772705,-14.40575885772705,-15.046757698059082,-14.921757698059082,-15.56024169921875,-14.24774169921875,64
train,1,The sleepy does,The sleepy doe,-14.350380897521973,-16.412879943847656,-14.40575885772705,-15.40575885772705,-15.900979995727539,-15.650979995727539,-14.24774169921875,-15.56024169921875,64
train,0,The timid horse,The timid horses,-3.622795581817627,-11.185295104980469,-5.218259334564209,-6.468259334564209,-4.49024772644043,-10.11524772644043,-5.247742176055908,-6.247742176055908,64
train,1,The timid horses,The timid horse,-2.5954999923706055,-9.032999992370605,-6.468259334564209,-5.218259334564209,-2.9450416564941406,-7.570041656494141,-6.247742176055908,-5.247742176055908,64
train,0,The nervous rat,The nervous rats,-3.7572693824768066,-11.007269859313965,-5.218259334564209,-6.468259334564209,-4.902101993560791,-10.402101516723633,-5.247742176055908,-6.247742176055908,64
train,1,The nervous rats,The nervous rat,-3.4496827125549316,-8.699682235717773,-6.468259334564209,-5.218259334564209,-3.5370631217956543,-7.412063121795654,-6.247742176055908,-5.247742176055908,64
train,0,The fuzzy shark,The fuzzy sharks,-2.384080171585083,-9.009079933166504,-5.218259334564209,-6.468259334564209,-2.342313051223755,-7.342312812805176,-5.247742176055908,-6.247742176055908,64
train,1,The fuzzy sharks,The fuzzy shark,-1.513036847114563,-5.888036727905273,-6.468259334564209,-5.218259334564209,-1.3798635005950928,-4.504863739013672,-6.247742176055908,-5.247742176055908,64
train,0,The timid horse,The timid horses,-11.435295104980469,-14.904045104980469,-13.46825885772705,-13.28075885772705,-12.36524772644043,-13.55274772644043,-13.56024169921875,-13.12274169921875,64
train,1,The timid horses,The timid horse,-10.845499992370605,-14.657999992370605,-13.28075885772705,-13.46825885772705,-11.13254165649414,-13.13254165649414,-13.12274169921875,-13.56024169921875,64
train,0,The timid dog,The timid dogs,-11.90491008758545,-13.52991008758545,-15.78075885772705,-13.84325885772705,-13.278999328613281,-12.591499328613281,-15.99774169921875,-13.74774169921875,64
train,1,The timid dogs,The timid dog,-10.489075660705566,-14.114075660705566,-13.84325885772705,-15.78075885772705,-11.391406059265137,-13.516406059265137,-13.74774169921875,-15.99774169921875,64
train,0,The timid rabbit,The timid rabbits,-3.582519769668579,-11.77001953125,-5.218259334564209,-6.468259334564209,-4.454058647155762,-10.516558647155762,-5.247742176055908,-6.247742176055908,64
train,1,The timid rabbits,The timid rabbit,-1.8715049028396606,-8.246504783630371,-6.468259334564209,-5.218259334564209,-2.1283786296844482,-7.003378868103027,-6.247742176055908,-5.247742176055908,64
train,0,The bright panda,The bright pandas,-9.874908447265625,-11.937408447265625,-11.21825885772705,-10.84325885772705,-10.771646499633789,-11.459146499633789,-11.37274169921875,-10.62274169921875,64
train,1,The bright pandas,The bright panda,-8.915623664855957,-12.603123664855957,-10.84325885772705,-11.21825885772705,-9.016291618347168,-11.516291618347168,-10.62274169921875,-11.37274169921875,64
train,0,The fuzzy turtle,The fuzzy turtles,-11.224119186401367,-13.474119186401367,-12.53075885772705,-12.40575885772705,-11.644275665283203,-13.269275665283203,-12.68524169921875,-12.24774169921875,64
train,1,The fuzzy turtles,The fuzzy turtle,-10.917819023132324,-14.917819023132324,-12.40575885772705,-12.53075885772705,-11.47638988494873,-13.28888988494873,-12.24774169921875,-12.68524169921875,64
train,0,The sleepy monitor,The sleepy monitors,-3.844548225402832,-11.344548225402832,-5.218259334564209,-6.468259334564209,-4.214557647705078,-10.152057647705078,-5.247742176055908,-6.247742176055908,64
train,1,The sleepy monitors,The sleepy monitor,-3.5129377841949463,-9.137937545776367,-6.468259334564209,-5.218259334564209,-3.2802631855010986,-7.1552629470825195,-6.247742176055908,-5.247742176055908,64
train,0,The calm dolphin,The calm dolphins,-8.824138641357422,-12.511638641357422,-11.40575885772705,-11.21825885772705,-9.391695022583008,-11.704195022583008,-11.43524169921875,-10.99774169921875,64
train,1,The calm dolphins,The calm dolphin,-9.02589225769043,-13.90089225769043,-11.21825885772705,-11.40575885772705,-9.255521774291992,-13.068021774291992,-10.99774169921875,-11.43524169921875,64
train,0,The small pup,The small pups,-11.638948440551758,-15.013948440551758,-13.46825885772705,-13.28075885772705,-12.324925422668457,-14.074925422668457,-13.56024169921875,-13.12274169921875,64
train,1,The small pups,The small pup,-11.759438514709473,-15.196938514709473,-13.28075885772705,-13.46825885772705,-12.477337837219238,-14.102337837219238,-13.12274169921875,-13.56024169921875,64
train,0,The quiet whale,The quiet whales,-9.87840461730957,-12.50340461730957,-11.65575885772705,-11.28075885772705,-10.414337158203125,-12.164337158203125,-11.74774169921875,-11.12274169921875,64
train,1,The quiet whales,The quiet whale,-10.036538124084473,-13.536538124084473,-11.28075885772705,-11.65575885772705,-10.55126953125,-12.67626953125,-11.12274169921875,-11.74774169921875,64
train,0,The slender doe,The slender does,-15.092765808105469,-18.34276580810547,-16.218259811401367,-15.53075885772705,-16.74939727783203,-17.90564727783203,-16.31024169921875,-15.43524169921875,64
train,1,The slender does,The slender doe,-14.77166748046875,-18.52166748046875,-15.53075885772705,-16.218259811401367,-17.075450897216797,-18.262950897216797,-15.43524169921875,-16.31024169921875,64
train,0,The fuzzy kitten,The fuzzy kittens,-12.808009147644043,-13.308009147644043,-12.71825885772705,-11.96825885772705,-13.708722114562988,-13.271222114562988,-12.99774169921875,-11.87274169921875,64
train,1,The fuzzy kittens,The fuzzy kitten,-11.892393112182617,-15.517393112182617,-11.96825885772705,-12.71825885772705,-12.328941345214844,-14.578941345214844,-11.87274169921875,-12.99774169921875,64
train,0,The bright dog,The bright dogs,-11.89501667022705,-12.58251667022705,-14.03075885772705,-12.71825885772705,-12.722880363464355,-12.097880363464355,-14.18524169921875,-12.56024169921875,64
train,1,The bright dogs,The bright dog,-10.554031372070312,-14.304031372070312,-12.71825885772705,-14.03075885772705,-11.363937377929688,-13.613937377929688,-12.56024169921875,-14.18524169921875,64
train,0,The slender rabbit,The slender rabbits,-11.207054138183594,-16.457054138183594,-12.71825885772705,-13.96825885772705,-11.935279846191406,-15.372779846191406,-12.74774169921875,-13.74774169921875,64
train,1,The slender rabbits,The slender rabbit,-12.732667922973633,-15.545167922973633,-13.96825885772705,-12.71825885772705,-13.186569213867188,-14.249069213867188,-13.74774169921875,-12.74774169921875,64
train,0,The fuzzy whale,The fuzzy whales,-2.13865065574646,-8.638650894165039,-5.218259334564209,-6.468259334564209,-1.967555284500122,-7.467555046081543,-5.247742176055908,-6.247742176055908,64
train,1,The fuzzy whales,The fuzzy whale,-1.7178006172180176,-5.342800617218018,-6.468259334564209,-5.218259334564209,-1.8623586893081665,-4.487358570098877,-6.247742176055908,-5.247742176055908,64
train,0,The quiet pup,The quiet pups,-4.8490142822265625,-11.599014282226562,-5.218259334564209,-6.468259334564209,-5.716067314147949,-11.09106731414795,-5.247742176055908,-6.247742176055908,64
train,1,The quiet pups,The quiet pup,-4.164048194885254,-8.164048194885254,-6.468259334564209,-5.218259334564209,-4.227534294128418,-6.727534294128418,-6.247742176055908,-5.247742176055908,64
train,0,The timid horse,The timid horses,-12.997795104980469,-13.622795104980469,-13.90575885772705,-12.40575885772705,-13.36524772644043,-12.30274772644043,-13.93524169921875,-12.24774169921875,64
train,1,The timid horses,The timid horse,-11.970499992370605,-15.157999992370605,-12.40575885772705,-13.90575885772705,-11.88254165649414,-14.00754165649414,-12.24774169921875,-13.93524169921875,64
train,0,The timid bat,The timid bats,-10.331415176391602,-16.5501651763916,-12.09325885772705,-12.59325885772705,-12.23913288116455,-14.48913288116455,-12.31024169921875,-12.43524169921875,64
train,1,The timid bats,The timid bat,-12.28349494934082,-15.22099494934082,-12.59325885772705,-12.09325885772705,-11.563764572143555,-13.501264572143555,-12.43524169921875,-12.31024169921875,64
train,0,The quiet dolphin,The quiet dolphins,-13.498290061950684,-15.123290061950684,-14.40575885772705,-14.21825885772705,-13.864177703857422,-14.864177703857422,-14.62274169921875,-14.18524169921875,64
train,1,The quiet dolphins,The quiet dolphin,-13.738818168640137,-16.145069122314453,-14.21825885772705,-14.40575885772705,-14.536334991455078,-15.567584991455078,-14.18524169921875,-14.62274169921875,64
train,0,The slender rabbit,The slender rabbits,-11.644554138183594,-15.957054138183594,-11.78075885772705,-12.34325885772705,-12.247779846191406,-14.997779846191406,-11.93524169921875,-12.18524169921875,64
train,1,The slender rabbits,The slender rabbit,-11.670167922973633,-15.607667922973633,-12.34325885772705,-11.78075885772705,-12.311569213867188,-14.561569213867188,-12.18524169921875,-11.93524169921875,64
train,0,The sleepy dolphin,The sleepy dolphins,-3.2807798385620117,-10.218279838562012,-5.218259334564209,-6.468259334564209,-3.443908452987671,-8.63140869140625,-5.247742176055908,-6.247742176055908,64
train,1,The sleepy dolphins,The sleepy dolphin,-3.0441553592681885,-7.919155120849609,-6.468259334564209,-5.218259334564209,-2.93729829788208,-6.31229829788208,-6.247742176055908,-5.247742176055908,64
train,0,The calm horse,The calm horses,-3.8239660263061523,-10.823966026306152,-5.218259334564209,-6.468259334564209,-4.488685607910156,-9.863685607910156,-5.247742176055908,-6.247742176055908,64
train,1,The calm horses,The calm horse,-3.156306266784668,-8.406306266784668,-6.468259334564209,-5.218259334564209,-3.3215980529785156,-6.946598052978516,-6.247742176055908,-5.247742176055908,64
train,0,The fuzzy cow,The fuzzy cows,-3.6432242393493652,-9.330724716186523,-5.218259334564209,-6.468259334564209,-3.623429298400879,-8.498429298400879,-5.247742176055908,-6.247742176055908,64
train,1,The fuzzy cows,The fuzzy cow,-1.6401793956756592,-6.015179634094238,-6.468259334564209,-5.218259334564209,-1.8459701538085938,-4.720970153808594,-6.247742176055908,-5.247742176055908,64
train,0,The calm chick,The calm chicks,-12.234189987182617,-14.765439987182617,-14.71825885772705,-15.09325885772705,-12.7416353225708,-14.3041353225708,-14.74774169921875,-14.93524169921875,64
train,1,The calm chicks,The calm chick,-13.872265815734863,-15.903515815734863,-15.09325885772705,-14.71825885772705,-14.314595222473145,-14.752095222473145,-14.93524169921875,-14.74774169921875,64
train,0,The small turtle,The small turtles,-14.315163612365723,-17.190162658691406,-16.218259811401367,-15.53075885772705,-15.554192543029785,-16.30419158935547,-16.31024169921875,-15.43524169921875,64
train,1,The small turtles,The small turtle,-13.329790115356445,-18.673540115356445,-15.53075885772705,-16.218259811401367,-13.328641891479492,-17.734891891479492,-15.43524169921875,-16.31024169921875,64
train,0,The nervous kit,The nervous kits,-10.946656227111816,-12.571656227111816,-12.09325885772705,-12.59325885772705,-10.968122482299805,-12.530622482299805,-12.31024169921875,-12.43524169921875,64
train,1,The nervous kits,The nervous kit,-12.06264591217041,-12.75014591217041,-12.59325885772705,-12.09325885772705,-11.905521392822266,-11.280521392822266,-12.43524169921875,-12.31024169921875,64
train,0,The small rat,The small rats,-3.4573755264282227,-10.832375526428223,-5.218259334564209,-6.468259334564209,-4.733175277709961,-9.920675277709961,-5.247742176055908,-6.247742176055908,64
train,1,The small rats,The small rat,-2.6979422569274902,-9.822942733764648,-6.468259334564209,-5.218259334564209,-3.016228437423706,-8.641228675842285,-6.247742176055908,-5.247742176055908,64
train,0,The timid turtle,The timid turtles,-2.692564010620117,-11.442564010620117,-5.218259334564209,-6.468259334564209,-3.8650970458984375,-10.490097045898438,-5.247742176055908,-6.247742176055908,64
train,1,The timid turtles,The timid turtle,-1.8238136768341064,-8.323813438415527,-6.468259334564209,-5.218259334564209,-2.1674294471740723,-6.917429447174072,-6.247742176055908,-5.247742176055908,64
train,0,The nervous chick,The nervous chicks,-10.208433151245117,-12.958433151245117,-13.28075885772705,-13.03075885772705,-10.705328941345215,-12.642828941345215,-13.37274169921875,-12.81024169921875,64
train,1,The nervous chicks,The nervous chick,-9.925161361694336,-13.862661361694336,-13.03075885772705,-13.28075885772705,-9.779733657836914,-12.029733657836914,-12.81024169921875,-13.37274169921875,64
train,0,The calm doe,The calm does,-6.801996231079102,-11.801996231079102,-9.96825885772705,-11.03075885772705,-8.112998962402344,-11.050498962402344,-10.12274169921875,-10.87274169921875,64
train,1,The calm does,The calm doe,-12.288032531738281,-17.28803253173828,-11.03075885772705,-9.96825885772705,-14.225170135498047,-14.662670135498047,-10.87274169921875,-10.12274169921875,64
train,0,The sleepy panda,The sleepy pandas,-12.8878173828125,-18.0128173828125,-12.84325885772705,-13.53075885772705,-13.72431755065918,-16.41181755065918,-12.99774169921875,-13.43524169921875,64
train,1,The sleepy pandas,The sleepy panda,-12.05525016784668,-14.43025016784668,-13.53075885772705,-12.84325885772705,-12.53333568572998,-13.22083568572998,-13.43524169921875,-12.99774169921875,64
train,0,The quiet kitten,The quiet kittens,-14.344233512878418,-18.281734466552734,-14.59325885772705,-15.15575885772705,-15.861106872558594,-17.861106872558594,-14.81024169921875,-14.99774169921875,64
train,1,The quiet kittens,The quiet kitten,-15.578365325927734,-17.922115325927734,-15.15575885772705,-14.59325885772705,-16.120359420776367,-16.495359420776367,-14.99774169921875,-14.81024169921875,64
train,0,The small frog,The small frogs,-7.775501251220703,-10.213001251220703,-12.59325885772705,-11.34325885772705,-8.80780029296875,-8.43280029296875,-12.81024169921875,-11.24774169921875,64
train,1,The small frogs,The small frog,-8.748495101928711,-14.185995101928711,-11.34325885772705,-12.59325885772705,-8.926335334777832,-12.613835334777832,-11.24774169921875,-12.81024169921875,64
train,0,The small panda,The small pandas,-14.670658111572266,-15.358158111572266,-13.90575885772705,-13.28075885772705,-15.711554527282715,-14.899054527282715,-14.06024169921875,-13.12274169921875,64
train,1,The small pandas,The small panda,-13.382686614990234,-15.195186614990234,-13.28075885772705,-13.90575885772705,-13.686851501464844,-14.499351501464844,-13.12274169921875,-14.06024169921875,64
train,0,The bright cock,The bright cocks,-19.47186851501465,-20.51874351501465,-16.030759811401367,-15.71825885772705,-22.200101852416992,-19.536039352416992,-15.99774169921875,-15.49774169921875,64
train,1,The bright cocks,The bright cock,-15.19832992553711,-18.29207992553711,-15.71825885772705,-16.030759811401367,-14.774612426757812,-18.337112426757812,-15.49774169921875,-15.99774169921875,64
train,0,The nervous lion,The nervous lions,-11.539170265197754,-15.726670265197754,-11.78075885772705,-12.21825885772705,-11.595447540283203,-14.720447540283203,-11.81024169921875,-11.99774169921875,64
train,1,The nervous lions,The nervous lion,-11.078434944152832,-14.640934944152832,-12.21825885772705,-11.78075885772705,-11.804475784301758,-13.679475784301758,-11.99774169921875,-11.81024169921875,64
train,0,The bright lion,The bright lions,-13.326513290405273,-14.139013290405273,-13.53075885772705,-13.59325885772705,-14.335386276245117,-14.397886276245117,-13.68524169921875,-13.43524169921875,64
train,1,The bright lions,The bright lion,-14.202536582946777,-15.952536582946777,-13.59325885772705,-13.53075885772705,-14.123262405395508,-15.310762405395508,-13.43524169921875,-13.68524169921875,64
train,0,The slender kitten,The slender kittens,-4.759136199951172,-13.321636199951172,-5.218259334564209,-6.468259334564209,-6.678678512573242,-13.178678512573242,-5.247742176055908,-6.247742176055908,64
train,1,The slender kittens,The slender kitten,-3.8564963340759277,-10.41899585723877,-6.468259334564209,-5.218259334564209,-4.564533233642578,-9.439533233642578,-6.247742176055908,-5.247742176055908,64
train,0,The bright kitten,The bright kittens,-13.268521308898926,-15.018521308898926,-12.28075885772705,-12.03075885772705,-14.833295822143555,-15.270795822143555,-12.37274169921875,-11.81024169921875,64
train,1,The bright kittens,The bright kitten,-13.512795448303223,-17.01279640197754,-12.03075885772705,-12.28075885772705,-13.871131896972656,-16.183631896972656,-11.81024169921875,-12.37274169921875,64
train,0,The calm turtle,The calm turtles,-12.88520622253418,-15.63520622253418,-15.53075885772705,-15.03075885772705,-13.94473648071289,-15.06973648071289,-15.81024169921875,-15.06024169921875,64
train,1,The calm turtles,The calm turtle,-12.178465843200684,-16.615966796875,-15.03075885772705,-15.53075885772705,-12.817317962646484,-15.504817962646484,-15.06024169921875,-15.81024169921875,64
train,0,The quiet lion,The quiet lions,-11.025493621826172,-12.400493621826172,-13.90575885772705,-12.90575885772705,-11.469847679138184,-11.657347679138184,-14.06024169921875,-12.81024169921875,64
train,1,The quiet lions,The quiet lion,-9.763991355895996,-14.263991355895996,-12.90575885772705,-13.90575885772705,-10.133973121643066,-13.133973121643066,-12.81024169921875,-14.06024169921875,64
train,0,The nervous dolphin,The nervous dolphins,-10.229757308959961,-12.229757308959961,-11.21825885772705,-10.84325885772705,-10.802888870239258,-11.740388870239258,-11.37274169921875,-10.62274169921875,64
train,1,The nervous dolphins,The nervous dolphin,-9.768719673156738,-14.018719673156738,-10.84325885772705,-11.21825885772705,-10.357043266296387,-12.982043266296387,-10.62274169921875,-11.37274169921875,64
train,0,The timid cow,The timid cows,-9.847577095031738,-14.035077095031738,-13.40575885772705,-13.28075885772705,-11.169792175292969,-12.607292175292969,-13.56024169921875,-13.12274169921875,64
train,1,The timid cows,The timid cow,-8.385356903076172,-13.322856903076172,-13.28075885772705,-13.40575885772705,-8.921146392822266,-12.108646392822266,-13.12274169921875,-13.56024169921875,64
train,0,The calm rat,The calm rats,-9.511632919311523,-11.324132919311523,-12.71825885772705,-13.21825885772705,-10.021256446838379,-11.021256446838379,-12.93524169921875,-13.12274169921875,64
train,1,The calm rats,The calm rat,-12.00590991973877,-13.06840991973877,-13.21825885772705,-12.71825885772705,-12.786620140075684,-12.286620140075684,-13.12274169921875,-12.93524169921875,64
train,0,The timid shark,The timid sharks,-10.590666770935059,-11.590666770935059,-13.09325885772705,-11.28075885772705,-12.449722290039062,-11.449722290039062,-13.24774169921875,-11.12274169921875,64
train,1,The timid sharks,The timid shark,-8.970365524291992,-13.782865524291992,-11.28075885772705,-13.09325885772705,-10.083043098449707,-13.583043098449707,-11.12274169921875,-13.24774169921875,64
train,0,The fuzzy monitor,The fuzzy monitors,-12.422109603881836,-16.172109603881836,-13.40575885772705,-13.28075885772705,-12.569771766662598,-16.19477081298828,-13.56024169921875,-13.12274169921875,64
train,1,The fuzzy monitors,The fuzzy monitor,-11.971248626708984,-15.596248626708984,-13.28075885772705,-13.40575885772705,-12.954572677612305,-14.267072677612305,-13.12274169921875,-13.56024169921875,64
train,0,The fuzzy whale,The fuzzy whales,-9.388650894165039,-9.888650894165039,-12.28075885772705,-12.03075885772705,-9.530055046081543,-9.905055046081543,-12.37274169921875,-11.81024169921875,64
train,1,The fuzzy whales,The fuzzy whale,-8.84280014038086,-11.71780014038086,-12.03075885772705,-12.28075885772705,-8.737359046936035,-10.424859046936035,-11.81024169921875,-12.37274169921875,64
train,0,The quiet shark,The quiet sharks,-11.749894142150879,-14.499894142150879,-13.40575885772705,-13.28075885772705,-11.904641151428223,-13.467141151428223,-13.56024169921875,-13.12274169921875,64
train,1,The quiet sharks,The quiet shark,-11.5961275100708,-15.7211275100708,-13.28075885772705,-13.40575885772705,-12.213396072387695,-14.713396072387695,-13.12274169921875,-13.56024169921875,64
train,0,The calm cock,The calm cocks,-5.94998836517334,-10.94998836517334,-5.218259334564209,-6.468259334564209,-6.258145809173584,-9.945645332336426,-5.247742176055908,-6.247742176055908,64
train,1,The calm cocks,The calm cock,-3.724282741546631,-7.161782741546631,-6.468259334564209,-5.218259334564209,-3.7083420753479004,-5.9583420753479,-6.247742176055908,-5.247742176055908,64
train,0,The slender dolphin,The slender dolphins,-2.0267014503479004,-9.026700973510742,-5.218259334564209,-6.468259334564209,-3.265472888946533,-7.765472888946533,-5.247742176055908,-6.247742176055908,64
train,1,The slender dolphins,The slender dolphin,-2.4745101928710938,-8.287010192871094,-6.468259334564209,-5.218259334564209,-2.939398765563965,-7.564398765563965,-6.247742176055908,-5.247742176055908,64
train,0,The calm dolphin,The calm dolphins,-9.824138641357422,-12.261638641357422,-12.09325885772705,-12.59325885772705,-10.766695022583008,-12.079195022583008,-12.31024169921875,-12.43524169921875,64
train,1,The calm dolphins,The calm dolphin,-10.52589225769043,-13.27589225769043,-12.59325885772705,-12.09325885772705,-11.130521774291992,-12.568021774291992,-12.43524169921875,-12.31024169921875,64
train,0,The sleepy whale,The sleepy whales,-12.3383150100708,-13.2133150100708,-15.21825885772705,-14.09325885772705,-13.1465425491333,-12.8965425491333,-15.24774169921875,-13.93524169921875,64
train,1,The sleepy whales,The sleepy whale,-11.428743362426758,-15.366243362426758,-14.09325885772705,-15.21825885772705,-12.277599334716797,-15.152599334716797,-13.93524169921875,-15.24774169921875,64
train,0,The timid rat,The timid rats,-13.304764747619629,-15.617264747619629,-13.90575885772705,-13.28075885772705,-14.590714454650879,-14.528214454650879,-14.06024169921875,-13.12274169921875,64
train,1,The timid rats,The timid rat,-13.55733871459961,-15.68233871459961,-13.28075885772705,-13.90575885772705,-13.55005168914795,-14.42505168914795,-13.12274169921875,-14.06024169921875,64
train,0,The nervous chick,The nervous chicks,-14.645933151245117,-16.989683151245117,-15.53075885772705,-15.03075885772705,-15.017828941345215,-16.6740779876709,-15.81024169921875,-15.06024169921875,64
train,1,The nervous chicks,The nervous chick,-14.862661361694336,-17.550161361694336,-15.03075885772705,-15.53075885772705,-15.717233657836914,-16.029733657836914,-15.06024169921875,-15.81024169921875,64
train,0,The sleepy frog,The sleepy frogs,-14.378683090209961,-15.566183090209961,-15.78075885772705,-13.84325885772705,-15.257530212402344,-14.320030212402344,-15.99774169921875,-13.74774169921875,64
train,1,The sleepy frogs,The sleepy frog,-12.55232048034668,-17.17732048034668,-13.84325885772705,-15.78075885772705,-13.161724090576172,-16.161724090576172,-13.74774169921875,-15.99774169921875,64
train,0,The slender chick,The slender chicks,-15.186155319213867,-15.498655319213867,-14.09325885772705,-12.71825885772705,-14.545157432556152,-11.795157432556152,-14.18524169921875,-12.49774169921875,64
train,1,The slender chicks,The slender chick,-13.712087631225586,-16.430837631225586,-12.71825885772705,-14.09325885772705,-14.174735069274902,-15.799735069274902,-12.49774169921875,-14.18524169921875,64
train,0,The slender doe,The slender does,-9.811515808105469,-10.874015808105469,-12.59325885772705,-11.34325885772705,-10.905647277832031,-9.968147277832031,-12.81024169921875,-11.24774169921875,64
train,1,The slender does,The slender doe,-10.33416748046875,-13.08416748046875,-11.34325885772705,-12.59325885772705,-11.91919994354248,-12.60669994354248,-11.24774169921875,-12.81024169921875,64
train,0,The slender cow,The slender cows,-14.973971366882324,-17.348970413208008,-14.15575885772705,-14.34325885772705,-15.443501472473145,-15.474751472473145,-14.06024169921875,-14.18524169921875,64
train,1,The slender cows,The slender cow,-13.365460395812988,-16.584209442138672,-14.34325885772705,-14.15575885772705,-13.728992462158203,-14.978992462158203,-14.18524169921875,-14.06024169921875,64
train,0,The sleepy turtle,The sleepy turtles,-12.553534507751465,-13.366034507751465,-13.59325885772705,-11.96825885772705,-13.736737251281738,-13.424237251281738,-13.68524169921875,-11.87274169921875,64
train,1,The sleepy turtles,The sleepy turtle,-11.02270793914795,-17.053958892822266,-11.96825885772705,-13.59325885772705,-11.300165176391602,-15.800165176391602,-11.87274169921875,-13.68524169921875,64
train,0,The nervous shark,The nervous sharks,-11.158218383789062,-14.470718383789062,-13.40575885772705,-13.28075885772705,-11.654291152954102,-13.591791152954102,-13.56024169921875,-13.12274169921875,64
train,1,The nervous sharks,The nervous shark,-10.569704055786133,-14.444704055786133,-13.28075885772705,-13.40575885772705,-11.030648231506348,-13.655648231506348,-13.12274169921875,-13.56024169921875,64
train,0,The calm panda,The calm pandas,-13.371621131896973,-13.934121131896973,-13.90575885772705,-13.28075885772705,-13.836156845092773,-13.586156845092773,-14.06024169921875,-13.12274169921875,64
train,1,The calm pandas,The calm panda,-12.787285804748535,-14.474785804748535,-13.28075885772705,-13.90575885772705,-13.184823989868164,-13.372323989868164,-13.12274169921875,-14.06024169921875,64
train,0,The calm frog,The calm frogs,-9.3425874710083,-12.2800874710083,-11.96825885772705,-11.65575885772705,-10.106539726257324,-11.294039726257324,-12.12274169921875,-11.49774169921875,64
train,1,The calm frogs,The calm frog,-8.811083793640137,-13.061083793640137,-11.65575885772705,-11.96825885772705,-9.28183650970459,-11.84433650970459,-11.49774169921875,-12.12274169921875,64
train,0,The small pup,The small pups,-10.951448440551758,-14.263948440551758,-14.15575885772705,-14.34325885772705,-12.387425422668457,-13.637425422668457,-14.06024169921875,-14.18524169921875,64
train,1,The small pups,The small pup,-13.384438514709473,-17.134437561035156,-14.34325885772705,-14.15575885772705,-14.039837837219238,-16.039838790893555,-14.18524169921875,-14.06024169921875,64
train,0,The nervous rat,The nervous rats,-12.257269859313965,-13.569769859313965,-13.53075885772705,-13.59325885772705,-13.277101516723633,-13.714601516723633,-13.68524169921875,-13.43524169921875,64
train,1,The nervous rats,The nervous rat,-13.012182235717773,-14.762182235717773,-13.59325885772705,-13.53075885772705,-13.287063598632812,-13.974563598632812,-13.43524169921875,-13.68524169921875,64
train,0,The timid rat,The timid rats,-11.992264747619629,-17.773515701293945,-14.34325885772705,-15.21825885772705,-13.528214454650879,-16.371965408325195,-14.43524169921875,-14.99774169921875,64
train,1,The timid rats,The timid rat,-13.18233871459961,-16.58858871459961,-15.21825885772705,-14.34325885772705,-13.36255168914795,-15.61255168914795,-14.99774169921875,-14.43524169921875,64
train,0,The timid chick,The timid chicks,-13.353830337524414,-15.416330337524414,-12.71825885772705,-11.96825885772705,-14.256357192993164,-14.068857192993164,-12.99774169921875,-11.87274169921875,64
train,1,The timid chicks,The timid chick,-12.141790390014648,-16.36054039001465,-11.96825885772705,-12.71825885772705,-12.076906204223633,-14.889406204223633,-11.87274169921875,-12.99774169921875,64
train,0,The quiet whale,The quiet whales,-9.62840461730957,-9.94090461730957,-13.09325885772705,-11.34325885772705,-10.726837158203125,-10.164337158203125,-13.18524169921875,-11.24774169921875,64
train,1,The quiet whales,The quiet whale,-9.536538124084473,-13.661538124084473,-11.34325885772705,-13.09325885772705,-10.05126953125,-12.92626953125,-11.24774169921875,-13.18524169921875,64
train,0,The timid shark,The timid sharks,-2.8406670093536377,-9.840666770935059,-5.218259334564209,-6.468259334564209,-3.3872220516204834,-8.137222290039062,-5.247742176055908,-6.247742176055908,64
train,1,The timid sharks,The timid shark,-2.282865524291992,-7.407865524291992,-6.468259334564209,-5.218259334564209,-2.333043098449707,-5.833043098449707,-6.247742176055908,-5.247742176055908,64
train,0,The slender whale,The slender whales,-13.973556518554688,-15.567306518554688,-14.03075885772705,-12.71825885772705,-14.838199615478516,-13.963199615478516,-14.18524169921875,-12.56024169921875,64
train,1,The slender whales,The slender whale,-12.107365608215332,-14.732365608215332,-12.71825885772705,-14.03075885772705,-11.759122848510742,-14.009122848510742,-12.56024169921875,-14.18524169921875,64
train,0,The fuzzy bat,The fuzzy bats,-10.084092140197754,-15.084092140197754,-12.34325885772705,-12.96825885772705,-10.171141624450684,-13.921141624450684,-12.49774169921875,-12.81024169921875,64
train,1,The fuzzy bats,The fuzzy bat,-10.6426420211792,-15.0176420211792,-12.96825885772705,-12.34325885772705,-10.424302101135254,-13.236802101135254,-12.81024169921875,-12.49774169921875,64
train,0,The nervous rabbit,The nervous rabbits,-10.736897468566895,-12.799397468566895,-11.34325885772705,-11.34325885772705,-11.424825668334961,-12.174825668334961,-11.43524169921875,-11.12274169921875,64
train,1,The nervous rabbits,The nervous rabbit,-10.815077781677246,-14.690077781677246,-11.34325885772705,-11.34325885772705,-11.01522445678711,-13.57772445678711,-11.12274169921875,-11.43524169921875,64
train,0,The calm whale,The calm whales,-2.7510647773742676,-9.12606430053711,-5.218259334564209,-6.468259334564209,-3.1802828311920166,-7.8677825927734375,-5.247742176055908,-6.247742176055908,64
train,1,The calm whales,The calm whale,-2.757869243621826,-6.257869243621826,-6.468259334564209,-5.218259334564209,-3.1581881046295166,-5.5331878662109375,-6.247742176055908,-5.247742176055908,64
train,0,The nervous kitten,The nervous kittens,-5.213214874267578,-12.588214874267578,-5.218259334564209,-6.468259334564209,-5.275154113769531,-11.462654113769531,-5.247742176055908,-6.247742176055908,64
train,1,The nervous kittens,The nervous kitten,-4.282220840454102,-8.282220840454102,-6.468259334564209,-5.218259334564209,-4.0930328369140625,-6.8430328369140625,-6.247742176055908,-5.247742176055908,64
train,0,The bright kitten,The bright kittens,-14.643521308898926,-15.268521308898926,-14.46825885772705,-13.09325885772705,-16.270795822143555,-15.270795822143555,-14.68524169921875,-12.93524169921875,64
train,1,The bright kittens,The bright kitten,-14.012795448303223,-17.01279640197754,-13.09325885772705,-14.46825885772705,-14.683631896972656,-16.558631896972656,-12.93524169921875,-14.68524169921875,64
train,0,The slender horse,The slender horses,-15.280925750732422,-16.312175750732422,-15.65575885772705,-14.09325885772705,-15.288253784179688,-15.475753784179688,-15.56024169921875,-13.81024169921875,64
train,1,The slender horses,The slender horse,-14.583518981933594,-16.114768981933594,-14.09325885772705,-15.65575885772705,-14.10419750213623,-15.22919750213623,-13.81024169921875,-15.56024169921875,64
train,0,The nervous turtle,The nervous turtles,-13.211115837097168,-13.711115837097168,-13.09325885772705,-12.96825885772705,-13.474446296691895,-13.599446296691895,-13.31024169921875,-12.81024169921875,64
train,1,The nervous turtles,The nervous turtle,-12.22817325592041,-15.04067325592041,-12.96825885772705,-13.09325885772705,-12.301986694335938,-13.739486694335938,-12.81024169921875,-13.31024169921875,64
train,0,The timid lion,The timid lions,-2.96475887298584,-10.21475887298584,-5.218259334564209,-6.468259334564209,-4.192354679107666,-8.692355155944824,-5.247742176055908,-6.247742176055908,64
train,1,The timid lions,The timid lion,-2.7293901443481445,-8.729390144348145,-6.468259334564209,-5.218259334564209,-3.112488031387329,-7.73748779296875,-6.247742176055908,-5.247742176055908,64
train,0,The quiet bat,The quiet bats,-2.5424349308013916,-9.167434692382812,-5.218259334564209,-6.468259334564209,-3.64361572265625,-8.70611572265625,-5.247742176055908,-6.247742176055908,64
train,1,The quiet bats,The quiet bat,-2.2387256622314453,-7.113725662231445,-6.468259334564209,-5.218259334564209,-2.526371955871582,-6.026371955871582,-6.247742176055908,-5.247742176055908,64
train,0,The fuzzy dolphin,The fuzzy dolphins,-2.6948442459106445,-9.444844245910645,-5.218259334564209,-6.468259334564209,-2.6311120986938477,-7.756112098693848,-5.247742176055908,-6.247742176055908,64
train,1,The fuzzy dolphins,The fuzzy dolphin,-2.3621115684509277,-7.237111568450928,-6.468259334564209,-5.218259334564209,-2.3094024658203125,-5.9344024658203125,-6.247742176055908,-5.247742176055908,64
train,0,The small dolphin,The small dolphins,-2.026648759841919,-9.65164852142334,-5.218259334564209,-6.468259334564209,-2.9572930335998535,-8.332293510437012,-5.247742176055908,-6.247742176055908,64
train,1,The small dolphins,The small dolphin,-1.9161078929901123,-7.916108131408691,-6.468259334564209,-5.218259334564209,-2.216200828552246,-6.716200828552246,-6.247742176055908,-5.247742176055908,64
train,0,The bright shark,The bright sharks,-11.706981658935547,-12.831981658935547,-14.84325885772705,-13.65575885772705,-12.713480949401855,-12.838480949401855,-15.06024169921875,-13.62274169921875,64
train,1,The bright sharks,The bright shark,-11.171207427978516,-15.046207427978516,-13.65575885772705,-14.84325885772705,-11.816305160522461,-14.128805160522461,-13.62274169921875,-15.06024169921875,64
train,0,The quiet rabbit,The quiet rabbits,-12.495320320129395,-12.807820320129395,-13.90575885772705,-12.40575885772705,-13.065824508666992,-12.440824508666992,-13.93524169921875,-12.24774169921875,64
train,1,The quiet rabbits,The quiet rabbit,-12.36960506439209,-15.05710506439209,-12.40575885772705,-13.90575885772705,-12.758018493652344,-14.258018493652344,-12.24774169921875,-13.93524169921875,64
train,0,The sleepy kit,The sleepy kits,-12.07808780670166,-16.359336853027344,-14.59325885772705,-14.09325885772705,-12.91640853881836,-16.13515853881836,-14.68524169921875,-13.99774169921875,64
train,1,The sleepy kits,The sleepy kit,-11.246537208557129,-12.371537208557129,-14.09325885772705,-14.59325885772705,-10.556396484375,-11.181396484375,-13.99774169921875,-14.68524169921875,64
train,0,The nervous turtle,The nervous turtles,-12.711115837097168,-13.648615837097168,-14.40575885772705,-13.90575885772705,-13.474446296691895,-13.911946296691895,-14.68524169921875,-13.87274169921875,64
train,1,The nervous turtles,The nervous turtle,-11.97817325592041,-15.22817325592041,-13.90575885772705,-14.40575885772705,-12.614486694335938,-14.176986694335938,-13.87274169921875,-14.68524169921875,64
train,0,The sleepy whale,The sleepy whales,-8.7758150100708,-12.7133150100708,-9.96825885772705,-11.03075885772705,-9.5840425491333,-12.2090425491333,-10.12274169921875,-10.87274169921875,64
train,1,The sleepy whales,The sleepy whale,-10.428743362426758,-12.241243362426758,-11.03075885772705,-9.96825885772705,-10.965099334716797,-11.340099334716797,-10.87274169921875,-10.12274169921875,64
train,0,The bright monitor,The bright monitors,-13.955649375915527,-14.393149375915527,-13.71825885772705,-14.59325885772705,-15.450243949890137,-15.012743949890137,-13.81024169921875,-14.43524169921875,64
train,1,The bright monitors,The bright monitor,-13.583820343017578,-15.896320343017578,-14.59325885772705,-13.71825885772705,-14.492314338684082,-15.742314338684082,-14.43524169921875,-13.81024169921875,64
train,0,The nervous rabbit,The nervous rabbits,-3.2368974685668945,-10.799397468566895,-5.218259334564209,-6.468259334564209,-3.73732590675354,-9.549825668334961,-5.247742176055908,-6.247742176055908,64
train,1,The nervous rabbits,The nervous rabbit,-2.440077304840088,-7.190077304840088,-6.468259334564209,-5.218259334564209,-2.4527244567871094,-5.952724456787109,-6.247742176055908,-5.247742176055908,64
train,0,The timid monitor,The timid monitors,-2.2739710807800293,-8.023971557617188,-5.218259334564209,-6.468259334564209,-3.3360562324523926,-7.148556232452393,-5.247742176055908,-6.247742176055908,64
train,1,The timid monitors,The timid monitor,-2.9736623764038086,-9.223662376403809,-6.468259334564209,-5.218259334564209,-2.9466657638549805,-7.5716657638549805,-6.247742176055908,-5.247742176055908,64
train,0,The timid kitten,The timid kittens,-4.240572929382324,-12.678072929382324,-5.218259334564209,-6.468259334564209,-5.998679161071777,-12.373679161071777,-5.247742176055908,-6.247742176055908,64
train,1,The timid kittens,The timid kitten,-3.8218929767608643,-9.696892738342285,-6.468259334564209,-5.218259334564209,-4.518980503082275,-8.393980026245117,-6.247742176055908,-5.247742176055908,64
train,0,The fuzzy turtle,The fuzzy turtles,-10.224119186401367,-12.036619186401367,-12.21825885772705,-10.21825885772705,-10.706775665283203,-11.894275665283203,-12.31024169921875,-10.12274169921875,64
train,1,The fuzzy turtles,The fuzzy turtle,-9.480319023132324,-15.042819023132324,-10.21825885772705,-12.21825885772705,-9.72638988494873,-13.66388988494873,-10.12274169921875,-12.31024169921875,64
train,0,The sleepy rat,The sleepy rats,-14.420149803161621,-15.607649803161621,-14.84325885772705,-14.46825885772705,-14.920480728149414,-15.170480728149414,-15.18524169921875,-14.31024169921875,64
train,1,The sleepy rats,The sleepy rat,-13.155891418457031,-16.03089141845703,-14.46825885772705,-14.84325885772705,-13.881824493408203,-15.006824493408203,-14.31024169921875,-15.18524169921875,64
train,0,The quiet horse,The quiet horses,-11.924629211425781,-13.987129211425781,-13.46825885772705,-13.28075885772705,-12.367216110229492,-13.367216110229492,-13.56024169921875,-13.12274169921875,64
train,1,The quiet horses,The quiet horse,-11.809103965759277,-15.059103965759277,-13.28075885772705,-13.46825885772705,-12.105061531066895,-13.292561531066895,-13.12274169921875,-13.56024169921875,64
train,0,The calm horse,The calm horses,-11.136466026306152,-14.761466026306152,-13.40575885772705,-13.28075885772705,-11.363685607910156,-13.551185607910156,-13.56024169921875,-13.12274169921875,64
train,1,The calm horses,The calm horse,-11.093806266784668,-15.343806266784668,-13.28075885772705,-13.40575885772705,-11.821598052978516,-14.071598052978516,-13.12274169921875,-13.56024169921875,64
train,0,The fuzzy panda,The fuzzy pandas,-12.23034954071045,-13.73034954071045,-12.09325885772705,-12.59325885772705,-12.655036926269531,-13.530036926269531,-12.31024169921875,-12.43524169921875,64
train,1,The fuzzy pandas,The fuzzy panda,-13.299384117126465,-15.174384117126465,-12.59325885772705,-12.09325885772705,-13.6681489944458,-13.6681489944458,-12.43524169921875,-12.31024169921875,64
train,0,The sleepy horse,The sleepy horses,-4.085330009460449,-10.96033000946045,-5.218259334564209,-6.468259334564209,-4.648775100708008,-10.336275100708008,-5.247742176055908,-6.247742176055908,64
train,1,The sleepy horses,The sleepy horse,-2.9237380027770996,-8.611237525939941,-6.468259334564209,-5.218259334564209,-2.9981560707092285,-6.9981560707092285,-6.247742176055908,-5.247742176055908,64
train,0,The sleepy dog,The sleepy dogs,-4.399181842803955,-12.024181365966797,-5.218259334564209,-6.468259334564209,-5.006919860839844,-11.444419860839844,-5.247742176055908,-6.247742176055908,64
train,1,The sleepy dogs,The sleepy dog,-3.4616451263427734,-8.211645126342773,-6.468259334564209,-5.218259334564209,-3.688244342803955,-6.688244342803955,-6.247742176055908,-5.247742176055908,64
train,0,The sleepy doe,The sleepy does,-13.874675750732422,-16.562175750732422,-12.71825885772705,-11.96825885772705,-14.359257698059082,-14.984257698059082,-12.99774169921875,-11.87274169921875,64
train,1,The sleepy does,The sleepy doe,-12.287880897521973,-14.287880897521973,-11.96825885772705,-12.71825885772705,-14.463479995727539,-13.963479995727539,-11.87274169921875,-12.99774169921875,64
train,0,The bright cow,The bright cows,-2.7717175483703613,-8.709217071533203,-5.218259334564209,-6.468259334564209,-3.800265312194824,-8.487765312194824,-5.247742176055908,-6.247742176055908,64
train,1,The bright cows,The bright cow,-1.9002437591552734,-7.275243759155273,-6.468259334564209,-5.218259334564209,-2.052764415740967,-6.052764415740967,-6.247742176055908,-5.247742176055908,64
train,0,The quiet pup,The quiet pups,-10.099014282226562,-13.786514282226562,-11.78075885772705,-12.34325885772705,-10.46606731414795,-12.84106731414795,-11.93524169921875,-12.18524169921875,64
train,1,The quiet pups,The quiet pup,-11.226548194885254,-13.164048194885254,-12.34325885772705,-11.78075885772705,-11.727534294128418,-12.102534294128418,-12.18524169921875,-11.93524169921875,64
train,0,The nervous cow,The nervous cows,-9.958852767944336,-10.333852767944336,-13.09325885772705,-11.28075885772705,-10.192543983459473,-9.692543983459473,-13.24774169921875,-11.12274169921875,64
train,1,The nervous cows,The nervous cow,-9.512292861938477,-12.637292861938477,-11.28075885772705,-13.09325885772705,-9.527471542358398,-11.089971542358398,-11.12274169921875,-13.24774169921875,64
train,0,The quiet shark,The quiet sharks,-12.999894142150879,-16.124895095825195,-14.78075885772705,-14.34325885772705,-13.342141151428223,-15.529641151428223,-14.93524169921875,-14.12274169921875,64
train,1,The quiet sharks,The quiet shark,-13.4711275100708,-16.564878463745117,-14.34325885772705,-14.78075885772705,-14.025896072387695,-15.619646072387695,-14.12274169921875,-14.93524169921875,64
train,0,The calm cow,The calm cows,-12.19478988647461,-15.63228988647461,-12.71825885772705,-13.96825885772705,-12.46126937866211,-15.14876937866211,-12.74774169921875,-13.74774169921875,64
train,1,The calm cows,The calm cow,-11.4865140914917,-14.5490140914917,-13.96825885772705,-12.71825885772705,-12.200191497802734,-13.262691497802734,-13.74774169921875,-12.74774169921875,64
train,0,The nervous frog,The nervous frogs,-12.220325469970703,-12.907825469970703,-14.03075885772705,-12.71825885772705,-13.346819877624512,-12.784319877624512,-14.31024169921875,-12.68524169921875,64
train,1,The nervous frogs,The nervous frog,-12.05429458618164,-15.24179458618164,-12.71825885772705,-14.03075885772705,-12.487553596496582,-14.487553596496582,-12.68524169921875,-14.31024169921875,64
train,0,The small lion,The small lions,-10.900309562683105,-15.025309562683105,-12.34325885772705,-12.96825885772705,-11.826436042785645,-14.076436042785645,-12.49774169921875,-12.81024169921875,64
train,1,The small lions,The small lion,-10.476531028747559,-15.414031028747559,-12.96825885772705,-12.34325885772705,-11.241568565368652,-14.991568565368652,-12.81024169921875,-12.49774169921875,64
train,0,The timid dolphin,The timid dolphins,-10.022871017456055,-13.210371017456055,-11.21825885772705,-10.84325885772705,-11.359068870544434,-11.984068870544434,-11.37274169921875,-10.62274169921875,64
train,1,The timid dolphins,The timid dolphin,-10.248043060302734,-15.623043060302734,-10.84325885772705,-11.21825885772705,-10.640634536743164,-14.703134536743164,-10.62274169921875,-11.37274169921875,64
train,0,The bright bat,The bright bats,-17.08770179748535,-18.68145179748535,-14.84325885772705,-14.46825885772705,-16.679006576538086,-16.741506576538086,-15.18524169921875,-14.31024169921875,64
train,1,The bright bats,The bright bat,-15.429753303527832,-17.273502349853516,-14.46825885772705,-14.84325885772705,-14.737604141235352,-15.237604141235352,-14.31024169921875,-15.18524169921875,64
train,0,The small doe,The small does,-12.440010070800781,-14.565010070800781,-14.03075885772705,-12.71825885772705,-13.731101989746094,-13.793601989746094,-14.18524169921875,-12.56024169921875,64
train,1,The small does,The small doe,-13.344267845153809,-15.906767845153809,-12.71825885772705,-14.03075885772705,-15.133660316467285,-14.696160316467285,-12.56024169921875,-14.18524169921875,64
train,0,The small bat,The small bats,-8.956524848937988,-11.581524848937988,-14.09325885772705,-12.65575885772705,-10.666500091552734,-10.791500091552734,-14.37274169921875,-12.43524169921875,64
train,1,The small bats,The small bat,-10.721708297729492,-13.659208297729492,-12.65575885772705,-14.09325885772705,-10.666975021362305,-12.916975021362305,-12.43524169921875,-14.37274169921875,64
train,0,The quiet kitten,The quiet kittens,-12.219233512878418,-13.406733512878418,-13.59325885772705,-11.96825885772705,-13.423606872558594,-13.423606872558594,-13.68524169921875,-11.87274169921875,64
train,1,The quiet kittens,The quiet kitten,-12.390865325927734,-15.765865325927734,-11.96825885772705,-13.59325885772705,-12.307859420776367,-14.370359420776367,-11.87274169921875,-13.68524169921875,64
train,0,The nervous dolphin,The nervous dolphins,-13.729757308959961,-16.16725730895996,-14.59325885772705,-14.09325885772705,-13.990388870239258,-15.427888870239258,-14.68524169921875,-13.99774169921875,64
train,1,The nervous dolphins,The nervous dolphin,-12.581219673156738,-17.331220626831055,-14.09325885772705,-14.59325885772705,-13.232043266296387,-16.48204231262207,-13.99774169921875,-14.68524169921875,64
train,0,The small monitor,The small monitors,-14.450672149658203,-15.950672149658203,-13.71825885772705,-14.59325885772705,-15.068340301513672,-15.630840301513672,-13.81024169921875,-14.43524169921875,64
train,1,The small monitors,The small monitor,-13.75914478302002,-16.259145736694336,-14.59325885772705,-13.71825885772705,-13.74560832977295,-14.68310832977295,-14.43524169921875,-13.81024169921875,64
train,0,The bright pup,The bright pups,-3.6550183296203613,-8.530017852783203,-5.218259334564209,-6.468259334564209,-4.961559772491455,-8.024059295654297,-5.247742176055908,-6.247742176055908,64
train,1,The bright pups,The bright pup,-4.020157814025879,-8.395157814025879,-6.468259334564209,-5.218259334564209,-4.078165054321289,-6.953165054321289,-6.247742176055908,-5.247742176055908,64
train,0,The sleepy panda,The sleepy pandas,-9.3253173828125,-13.7003173828125,-12.71825885772705,-13.46825885772705,-10.03681755065918,-12.53681755065918,-12.93524169921875,-13.37274169921875,64
train,1,The sleepy pandas,The sleepy panda,-11.11775016784668,-12.68025016784668,-13.46825885772705,-12.71825885772705,-10.84583568572998,-11.09583568572998,-13.37274169921875,-12.93524169921875,64
train,0,The calm chick,The calm chicks,-3.9841904640197754,-8.796689987182617,-5.218259334564209,-6.468259334564209,-5.304135799407959,-8.9291353225708,-5.247742176055908,-6.247742176055908,64
train,1,The calm chicks,The calm chick,-3.3097658157348633,-7.434765815734863,-6.468259334564209,-5.218259334564209,-3.3770952224731445,-6.1270952224731445,-6.247742176055908,-5.247742176055908,64
train,0,The nervous shark,The nervous sharks,-14.470718383789062,-16.626968383789062,-16.030759811401367,-15.71825885772705,-13.841791152954102,-15.091791152954102,-15.99774169921875,-15.49774169921875,64
train,1,The nervous sharks,The nervous shark,-12.819704055786133,-16.538454055786133,-15.71825885772705,-16.030759811401367,-12.343148231506348,-14.655648231506348,-15.49774169921875,-15.99774169921875,64
train,0,The slender frog,The slender frogs,-9.902005195617676,-11.464505195617676,-12.53075885772705,-12.40575885772705,-11.329469680786133,-10.641969680786133,-12.68524169921875,-12.24774169921875,64
train,1,The slender frogs,The slender frog,-8.991656303405762,-14.054156303405762,-12.40575885772705,-12.53075885772705,-9.261476516723633,-12.386476516723633,-12.24774169921875,-12.68524169921875,64
train,0,The small pup,The small pups,-2.576448440551758,-7.826448440551758,-5.218259334564209,-6.468259334564209,-4.512425899505615,-7.637425899505615,-5.247742176055908,-6.247742176055908,64
train,1,The small pups,The small pup,-3.3219382762908936,-9.696938514709473,-6.468259334564209,-5.218259334564209,-3.8523380756378174,-8.227337837219238,-6.247742176055908,-5.247742176055908,64
train,0,The nervous bat,The nervous bats,-9.679049491882324,-14.429049491882324,-12.84325885772705,-13.53075885772705,-10.646053314208984,-13.021053314208984,-12.99774169921875,-13.43524169921875,64
train,1,The nervous bats,The nervous bat,-8.969841003417969,-12.469841003417969,-13.53075885772705,-12.84325885772705,-9.510766983032227,-11.323266983032227,-13.43524169921875,-12.99774169921875,64
train,0,The timid pup,The timid pups,-12.632628440856934,-14.070128440856934,-13.65575885772705,-12.59325885772705,-14.504923820495605,-13.942423820495605,-13.81024169921875,-12.31024169921875,64
train,1,The timid pups,The timid pup,-12.593888282775879,-15.593888282775879,-12.59325885772705,-13.65575885772705,-12.75156021118164,-14.43906021118164,-12.31024169921875,-13.81024169921875,64
train,0,The quiet turtle,The quiet turtles,-6.142395973205566,-10.329895973205566,-9.96825885772705,-11.03075885772705,-6.8387250900268555,-9.713725090026855,-10.12274169921875,-10.87274169921875,64
train,1,The quiet turtles,The quiet turtle,-8.190698623657227,-11.128198623657227,-11.03075885772705,-9.96825885772705,-8.887286186218262,-9.887286186218262,-10.87274169921875,-10.12274169921875,64
train,0,The timid pup,The timid pups,-10.507628440856934,-14.820128440856934,-11.09325885772705,-11.40575885772705,-12.317423820495605,-14.692423820495605,-11.18524169921875,-11.12274169921875,64
train,1,The timid pups,The timid pup,-8.906388282775879,-13.906388282775879,-11.40575885772705,-11.09325885772705,-9.81406021118164,-13.06406021118164,-11.12274169921875,-11.18524169921875,64
train,0,The fuzzy rabbit,The fuzzy rabbits,-11.803403854370117,-14.740903854370117,-11.78075885772705,-12.34325885772705,-11.900921821594238,-14.400921821594238,-11.93524169921875,-12.18524169921875,64
train,1,The fuzzy rabbits,The fuzzy rabbit,-11.690415382385254,-15.065415382385254,-12.34325885772705,-11.78075885772705,-12.28415584564209,-13.90915584564209,-12.18524169921875,-11.93524169921875,64
train,0,The small chick,The small chicks,-3.4985392093658447,-9.936038970947266,-5.218259334564209,-6.468259334564209,-5.824050426483154,-10.261550903320312,-5.247742176055908,-6.247742176055908,64
train,1,The small chicks,The small chick,-2.456907272338867,-9.019407272338867,-6.468259334564209,-5.218259334564209,-2.832810878753662,-7.457810878753662,-6.247742176055908,-5.247742176055908,64
train,0,The nervous whale,The nervous whales,-13.715022087097168,-16.62127113342285,-16.218259811401367,-15.53075885772705,-14.101142883300781,-16.06989288330078,-16.31024169921875,-15.43524169921875,64
train,1,The nervous whales,The nervous whale,-14.609500885009766,-16.672000885009766,-15.53075885772705,-16.218259811401367,-14.501869201660156,-15.376869201660156,-15.43524169921875,-16.31024169921875,64
train,0,The small bat,The small bats,-13.456524848937988,-18.269023895263672,-14.28075885772705,-13.90575885772705,-14.916500091552734,-16.135250091552734,-14.49774169921875,-13.74774169921875,64
train,1,The small bats,The small bat,-14.034208297729492,-17.877958297729492,-13.90575885772705,-14.28075885772705,-13.666975021362305,-16.416975021362305,-13.74774169921875,-14.49774169921875,64
train,0,The fuzzy horse,The fuzzy horses,-2.7622971534729004,-9.449796676635742,-5.218259334564209,-6.468259334564209,-3.0940215587615967,-8.656521797180176,-5.247742176055908,-6.247742176055908,64
train,1,The fuzzy horses,The fuzzy horse,-2.4290902614593506,-8.24159049987793,-6.468259334564209,-5.218259334564209,-2.5683469772338867,-6.818346977233887,-6.247742176055908,-5.247742176055908,64
train,0,The slender doe,The slender does,-11.561515808105469,-15.311515808105469,-13.28075885772705,-13.03075885772705,-13.030647277832031,-14.968147277832031,-13.37274169921875,-12.81024169921875,64
train,1,The slender does,The slender doe,-11.45916748046875,-15.27166748046875,-13.03075885772705,-13.28075885772705,-12.91919994354248,-14.85669994354248,-12.81024169921875,-13.37274169921875,64
train,0,The sleepy doe,The sleepy does,-7.937175750732422,-12.187175750732422,-11.65575885772705,-11.28075885772705,-8.734257698059082,-11.234257698059082,-11.74774169921875,-11.12274169921875,64
train,1,The sleepy does,The sleepy doe,-10.100380897521973,-13.662880897521973,-11.28075885772705,-11.65575885772705,-12.775979995727539,-13.588479995727539,-11.12274169921875,-11.74774169921875,64
train,0,The calm rat,The calm rats,-12.886632919311523,-15.636632919311523,-15.09325885772705,-15.46825885772705,-13.146256446838379,-15.146256446838379,-15.18524169921875,-15.18524169921875,64
train,1,The calm rats,The calm rat,-13.50590991973877,-16.912160873413086,-15.46825885772705,-15.09325885772705,-14.161620140075684,-15.724120140075684,-15.18524169921875,-15.18524169921875,64
train,0,The slender kitten,The slender kittens,-15.571636199951172,-16.009136199951172,-15.40575885772705,-14.40575885772705,-17.116178512573242,-15.991178512573242,-15.56024169921875,-14.24774169921875,64
train,1,The slender kittens,The slender kitten,-15.04399585723877,-19.075246810913086,-14.40575885772705,-15.40575885772705,-15.564533233642578,-18.283283233642578,-14.24774169921875,-15.56024169921875,64
train,0,The slender lion,The slender lions,-10.658550262451172,-13.283550262451172,-12.09325885772705,-12.59325885772705,-11.491782188415527,-12.679282188415527,-12.31024169921875,-12.43524169921875,64
train,1,The slender lions,The slender lion,-12.482269287109375,-14.732269287109375,-12.59325885772705,-12.09325885772705,-12.218791961669922,-13.468791961669922,-12.43524169921875,-12.31024169921875,64
train,0,The small horse,The small horses,-3.5525341033935547,-10.927534103393555,-5.218259334564209,-6.468259334564209,-4.463433265686035,-10.213433265686035,-5.247742176055908,-6.247742176055908,64
train,1,The small horses,The small horse,-2.4163873195648193,-8.666387557983398,-6.468259334564209,-5.218259334564209,-2.7375245094299316,-7.112524509429932,-6.247742176055908,-5.247742176055908,64
train,0,The quiet rat,The quiet rats,-7.787792682647705,-10.975292205810547,-11.21825885772705,-10.84325885772705,-8.757806777954102,-10.632806777954102,-11.37274169921875,-10.62274169921875,64
train,1,The quiet rats,The quiet rat,-9.753133773803711,-13.190633773803711,-10.84325885772705,-11.21825885772705,-10.076680183410645,-11.889180183410645,-10.62274169921875,-11.37274169921875,64
train,0,The sleepy rat,The sleepy rats,-11.232649803161621,-12.795149803161621,-12.71825885772705,-12.40575885772705,-11.920480728149414,-12.295480728149414,-13.06024169921875,-12.37274169921875,64
train,1,The sleepy rats,The sleepy rat,-11.155891418457031,-13.905891418457031,-12.40575885772705,-12.71825885772705,-12.131824493408203,-13.131824493408203,-12.37274169921875,-13.06024169921875,64
train,0,The nervous dog,The nervous dogs,-4.6374287605285645,-11.637429237365723,-5.218259334564209,-6.468259334564209,-5.180417060852051,-10.80541706085205,-5.247742176055908,-6.247742176055908,64
train,1,The nervous dogs,The nervous dog,-2.969731330871582,-7.719731330871582,-6.468259334564209,-5.218259334564209,-3.097670555114746,-6.472670555114746,-6.247742176055908,-5.247742176055908,64
train,0,The small lion,The small lions,-13.337809562683105,-14.837809562683105,-13.78075885772705,-12.78075885772705,-14.701436042785645,-14.513936042785645,-14.06024169921875,-12.74774169921875,64
train,1,The small lions,The small lion,-13.289031028747559,-16.914031982421875,-12.78075885772705,-13.78075885772705,-13.429068565368652,-16.054067611694336,-12.74774169921875,-14.06024169921875,64
train,0,The slender chick,The slender chicks,-3.061155319213867,-6.311155319213867,-5.218259334564209,-6.468259334564209,-4.107657432556152,-5.232657432556152,-5.247742176055908,-6.247742176055908,64
train,1,The slender chicks,The slender chick,-2.962087631225586,-8.587087631225586,-6.468259334564209,-5.218259334564209,-3.5497348308563232,-7.799735069274902,-6.247742176055908,-5.247742176055908,64
train,0,The slender turtle,The slender turtles,-13.66177749633789,-16.59927749633789,-12.96825885772705,-13.21825885772705,-15.466553688049316,-15.716553688049316,-12.99774169921875,-12.99774169921875,64
train,1,The slender turtles,The slender turtle,-11.005208015441895,-15.692708015441895,-13.21825885772705,-12.96825885772705,-11.756136894226074,-15.131136894226074,-12.99774169921875,-12.99774169921875,64
train,0,The nervous pup,The nervous pups,-3.510653495788574,-7.948153495788574,-5.218259334564209,-6.468259334564209,-4.0718255043029785,-6.6968255043029785,-5.247742176055908,-6.247742176055908,64
train,1,The nervous pups,The nervous pup,-3.499540328979492,-7.499540328979492,-6.468259334564209,-5.218259334564209,-3.7583389282226562,-6.383338928222656,-6.247742176055908,-5.247742176055908,64
train,0,The small dog,The small dogs,-2.9084835052490234,-11.345983505249023,-5.218259334564209,-6.468259334564209,-4.438457489013672,-10.938457489013672,-5.247742176055908,-6.247742176055908,64
train,1,The small dogs,The small dog,-2.222886562347412,-8.410386085510254,-6.468259334564209,-5.218259334564209,-3.1118884086608887,-7.236888408660889,-6.247742176055908,-5.247742176055908,64
train,0,The slender dolphin,The slender dolphins,-10.214200973510742,-13.714200973510742,-11.96825885772705,-11.90575885772705,-10.640472412109375,-12.390472412109375,-12.12274169921875,-11.74774169921875,64
train,1,The slender dolphins,The slender dolphin,-9.662010192871094,-14.349510192871094,-11.90575885772705,-11.96825885772705,-10.564398765563965,-13.876898765563965,-11.74774169921875,-12.12274169921875,64
train,0,The bright dog,The bright dogs,-13.14501667022705,-13.77001667022705,-14.03075885772705,-12.71825885772705,-13.910380363464355,-13.597880363464355,-14.31024169921875,-12.68524169921875,64
train,1,The bright dogs,The bright dog,-12.679031372070312,-15.491531372070312,-12.71825885772705,-14.03075885772705,-13.363937377929688,-15.051437377929688,-12.68524169921875,-14.31024169921875,64
train,0,The nervous lion,The nervous lions,-3.664170026779175,-9.601670265197754,-5.218259334564209,-6.468259334564209,-4.032947540283203,-8.032947540283203,-5.247742176055908,-6.247742176055908,64
train,1,The nervous lions,The nervous lion,-3.515934944152832,-7.390934944152832,-6.468259334564209,-5.218259334564209,-3.1169755458831787,-6.116975784301758,-6.247742176055908,-5.247742176055908,64
train,0,The timid turtle,The timid turtles,-14.880064010620117,-17.817564010620117,-13.96825885772705,-13.78075885772705,-15.990097045898438,-15.958847045898438,-14.06024169921875,-13.62274169921875,64
train,1,The timid turtles,The timid turtle,-14.136313438415527,-18.823814392089844,-13.78075885772705,-13.96825885772705,-14.47992992401123,-17.979928970336914,-13.62274169921875,-14.06024169921875,64
train,0,The bright whale,The bright whales,-9.439862251281738,-11.314862251281738,-12.21825885772705,-10.21825885772705,-9.909261703491211,-10.471761703491211,-12.31024169921875,-10.12274169921875,64
train,1,The bright whales,The bright whale,-8.63528060913086,-12.94778060913086,-10.21825885772705,-12.21825885772705,-8.429673194885254,-11.992173194885254,-10.12274169921875,-12.31024169921875,64
train,0,The slender panda,The slender pandas,-4.841509819030762,-11.279009819030762,-5.218259334564209,-6.468259334564209,-6.0242509841918945,-10.274250984191895,-5.247742176055908,-6.247742176055908,64
train,1,The slender pandas,The slender panda,-3.181784152984619,-8.181784629821777,-6.468259334564209,-5.218259334564209,-3.3932204246520996,-7.2682204246521,-6.247742176055908,-5.247742176055908,64
train,0,The small dog,The small dogs,-6.283483505249023,-10.845983505249023,-9.96825885772705,-11.03075885772705,-7.188457489013672,-9.750957489013672,-10.12274169921875,-10.87274169921875,64
train,1,The small dogs,The small dog,-8.910386085510254,-10.847886085510254,-11.03075885772705,-9.96825885772705,-9.48688793182373,-9.98688793182373,-10.87274169921875,-10.12274169921875,64
train,0,The quiet horse,The quiet horses,-11.424629211425781,-12.987129211425781,-12.28075885772705,-12.90575885772705,-11.867216110229492,-12.554716110229492,-12.49774169921875,-12.81024169921875,64
train,1,The quiet horses,The quiet horse,-11.309103965759277,-14.746603965759277,-12.90575885772705,-12.28075885772705,-12.042561531066895,-13.230061531066895,-12.81024169921875,-12.49774169921875,64
train,0,The small kit,The small kits,-4.422110557556152,-11.234610557556152,-5.218259334564209,-6.468259334564209,-5.487631797790527,-11.237631797790527,-5.247742176055908,-6.247742176055908,64
train,1,The small kits,The small kit,-2.2635629177093506,-5.63856315612793,-6.468259334564209,-5.218259334564209,-3.6272454261779785,-5.3772454261779785,-6.247742176055908,-5.247742176055908,64
train,0,The nervous bat,The nervous bats,-9.804049491882324,-15.272799491882324,-15.09325885772705,-15.46825885772705,-11.083553314208984,-14.646053314208984,-15.18524169921875,-15.18524169921875,64
train,1,The nervous bats,The nervous bat,-11.907341003417969,-14.719841003417969,-15.46825885772705,-15.09325885772705,-12.635766983032227,-13.698266983032227,-15.18524169921875,-15.18524169921875,64
train,0,The sleepy turtle,The sleepy turtles,-13.303534507751465,-14.928534507751465,-14.40575885772705,-13.90575885772705,-14.361737251281738,-14.611737251281738,-14.56024169921875,-13.87274169921875,64
train,1,The sleepy turtles,The sleepy turtle,-12.71020793914795,-15.74145793914795,-13.90575885772705,-14.40575885772705,-13.112665176391602,-15.050165176391602,-13.87274169921875,-14.56024169921875,64
train,0,The sleepy whale,The sleepy whales,-2.650815486907959,-9.9633150100708,-5.218259334564209,-6.468259334564209,-2.584042549133301,-8.5840425491333,-5.247742176055908,-6.247742176055908,64
train,1,The sleepy whales,The sleepy whale,-2.616243839263916,-6.241243839263916,-6.468259334564209,-5.218259334564209,-2.402599334716797,-4.777599334716797,-6.247742176055908,-5.247742176055908,64
train,0,The timid pup,The timid pups,-14.195128440856934,-14.570128440856934,-16.593259811401367,-14.53075885772705,-15.942423820495605,-14.879923820495605,-16.77899169921875,-14.49774169921875,64
train,1,The timid pups,The timid pup,-14.156388282775879,-17.781387329101562,-14.53075885772705,-16.593259811401367,-14.62656021118164,-17.28281021118164,-14.49774169921875,-16.77899169921875,64
train,0,The small kitten,The small kittens,-13.523730278015137,-16.27372932434082,-13.96825885772705,-13.78075885772705,-14.846535682678223,-15.409035682678223,-14.06024169921875,-13.62274169921875,64
train,1,The small kittens,The small kitten,-14.847264289855957,-18.159765243530273,-13.78075885772705,-13.96825885772705,-15.221888542175293,-16.97188949584961,-13.62274169921875,-14.06024169921875,64
train,0,The small shark,The small sharks,-12.368236541748047,-14.680736541748047,-15.21825885772705,-14.90575885772705,-13.503631591796875,-13.753631591796875,-15.43524169921875,-14.81024169921875,64
train,1,The small sharks,The small shark,-11.506364822387695,-15.381364822387695,-14.90575885772705,-15.21825885772705,-11.989494323730469,-14.614494323730469,-14.81024169921875,-15.43524169921875,64
train,0,The small panda,The small pandas,-15.858158111572266,-19.545658111572266,-14.34325885772705,-15.21825885772705,-16.4615535736084,-18.3678035736084,-14.43524169921875,-14.99774169921875,64
train,1,The small pandas,The small panda,-14.757686614990234,-18.038936614990234,-15.21825885772705,-14.34325885772705,-15.186851501464844,-16.999351501464844,-14.99774169921875,-14.43524169921875,64
train,0,The small doe,The small does,-14.815010070800781,-16.90876007080078,-14.46825885772705,-13.09325885772705,-16.106101989746094,-16.043601989746094,-14.68524169921875,-12.93524169921875,64
train,1,The small does,The small doe,-13.906767845153809,-17.406766891479492,-13.09325885772705,-14.46825885772705,-15.946160316467285,-17.00865936279297,-12.93524169921875,-14.68524169921875,64
train,0,The bright rat,The bright rats,-11.396021842956543,-15.646021842956543,-12.84325885772705,-13.53075885772705,-12.168066024780273,-14.793066024780273,-12.99774169921875,-13.43524169921875,64
train,1,The bright rats,The bright rat,-10.86795711517334,-14.49295711517334,-13.53075885772705,-12.84325885772705,-11.26220989227295,-13.32470989227295,-13.43524169921875,-12.99774169921875,64
train,0,The bright turtle,The bright turtles,-9.642560958862305,-12.955060958862305,-11.96825885772705,-11.65575885772705,-10.537606239318848,-12.287606239318848,-12.12274169921875,-11.49774169921875,64
train,1,The bright turtles,The bright turtle,-8.91513442993164,-13.91513442993164,-11.65575885772705,-11.96825885772705,-9.615818977355957,-13.115818977355957,-11.49774169921875,-12.12274169921875,64
train,0,The small kitten,The small kittens,-3.8987298011779785,-12.836230278015137,-5.218259334564209,-6.468259334564209,-5.471535682678223,-12.596535682678223,-5.247742176055908,-6.247742176055908,64
train,1,The small kittens,The small kitten,-3.409764289855957,-10.284764289855957,-6.468259334564209,-5.218259334564209,-4.096889019012451,-8.971888542175293,-6.247742176055908,-5.247742176055908,64
train,0,The sleepy chick,The sleepy chicks,-11.836796760559082,-13.899296760559082,-12.28075885772705,-12.03075885772705,-12.709429740905762,-13.771929740905762,-12.37274169921875,-11.81024169921875,64
train,1,The sleepy chicks,The sleepy chick,-11.987305641174316,-15.424805641174316,-12.03075885772705,-12.28075885772705,-12.3638916015625,-14.1763916015625,-11.81024169921875,-12.37274169921875,64
train,0,The bright chick,The bright chicks,-13.534441947937012,-15.628191947937012,-14.59325885772705,-15.15575885772705,-14.874760627746582,-14.749760627746582,-14.81024169921875,-14.99774169921875,64
train,1,The bright chicks,The bright chick,-13.1740140914917,-16.580263137817383,-15.15575885772705,-14.59325885772705,-13.796623229980469,-15.734123229980469,-14.99774169921875,-14.81024169921875,64
train,0,The sleepy lion,The sleepy lions,-10.27151107788086,-13.20901107788086,-12.09325885772705,-12.59325885772705,-11.260021209716797,-13.260021209716797,-12.31024169921875,-12.43524169921875,64
train,1,The sleepy lions,The sleepy lion,-11.612409591674805,-13.674909591674805,-12.59325885772705,-12.09325885772705,-12.109381675720215,-12.796881675720215,-12.43524169921875,-12.31024169921875,64
train,0,The sleepy shark,The sleepy sharks,-10.498805046081543,-14.748805046081543,-12.28075885772705,-12.90575885772705,-11.073099136352539,-13.885599136352539,-12.49774169921875,-12.81024169921875,64
train,1,The sleepy sharks,The sleepy shark,-11.353487968444824,-13.978487968444824,-12.90575885772705,-12.28075885772705,-11.837220191955566,-12.774720191955566,-12.81024169921875,-12.49774169921875,64
train,0,The fuzzy bat,The fuzzy bats,-10.959092140197754,-15.459092140197754,-14.34325885772705,-15.21825885772705,-11.358641624450684,-15.233641624450684,-14.43524169921875,-14.99774169921875,64
train,1,The fuzzy bats,The fuzzy bat,-12.5176420211792,-14.3301420211792,-15.21825885772705,-14.34325885772705,-12.549302101135254,-12.674302101135254,-14.99774169921875,-14.43524169921875,64
train,0,The nervous doe,The nervous does,-12.360885620117188,-13.048385620117188,-12.21825885772705,-10.21825885772705,-12.729799270629883,-13.417299270629883,-12.31024169921875,-10.12274169921875,64
train,1,The nervous does,The nervous doe,-10.436782836914062,-15.436782836914062,-10.21825885772705,-12.21825885772705,-13.40821647644043,-16.28321647644043,-10.12274169921875,-12.31024169921875,64
train,0,The bright frog,The bright frogs,-12.862932205200195,-14.394182205200195,-15.53075885772705,-15.03075885772705,-13.947077751159668,-13.197077751159668,-15.81024169921875,-15.06024169921875,64
train,1,The bright frogs,The bright frog,-13.068583488464355,-19.22483253479004,-15.03075885772705,-15.53075885772705,-12.86404800415039,-17.55154800415039,-15.06024169921875,-15.81024169921875,64
train,0,The timid panda,The timid pandas,-12.428879737854004,-16.99138069152832,-11.96825885772705,-11.90575885772705,-12.377130508422852,-14.439630508422852,-12.12274169921875,-11.74774169921875,64
train,1,The timid pandas,The timid panda,-9.121816635131836,-13.746816635131836,-11.90575885772705,-11.96825885772705,-9.743934631347656,-12.931434631347656,-11.74774169921875,-12.12274169921875,64
train,0,The bright dolphin,The bright dolphins,-10.044795989990234,-12.982295989990234,-12.09325885772705,-12.59325885772705,-11.037989616394043,-12.537989616394043,-12.31024169921875,-12.43524169921875,64
train,1,The bright dolphins,The bright dolphin,-11.820124626159668,-14.382624626159668,-12.59325885772705,-12.09325885772705,-12.482192993164062,-13.857192993164062,-12.43524169921875,-12.31024169921875,64
train,0,The fuzzy kit,The fuzzy kits,-11.74692440032959,-13.05942440032959,-13.03075885772705,-12.96825885772705,-11.925905227661133,-13.300905227661133,-13.24774169921875,-12.87274169921875,64
train,1,The fuzzy kits,The fuzzy kit,-10.858407020568848,-11.608407020568848,-12.96825885772705,-13.03075885772705,-10.562357902526855,-10.374857902526855,-12.87274169921875,-13.24774169921875,64
train,0,The calm cow,The calm cows,-3.6947903633117676,-9.63228988647461,-5.218259334564209,-6.468259334564209,-4.398768901824951,-9.14876937866211,-5.247742176055908,-6.247742176055908,64
train,1,The calm cows,The calm cow,-2.424014091491699,-7.299014091491699,-6.468259334564209,-5.218259334564209,-2.6376912593841553,-6.012691497802734,-6.247742176055908,-5.247742176055908,64
train,0,The sleepy dog,The sleepy dogs,-13.149181365966797,-16.742931365966797,-13.28075885772705,-13.03075885772705,-13.944419860839844,-16.381919860839844,-13.37274169921875,-12.81024169921875,64
train,1,The sleepy dogs,The sleepy dog,-12.336645126342773,-16.086645126342773,-13.03075885772705,-13.28075885772705,-12.875744819641113,-14.625744819641113,-12.81024169921875,-13.37274169921875,64
train,0,The sleepy whale,The sleepy whales,-11.7758150100708,-13.7133150100708,-14.09325885772705,-12.71825885772705,-12.3340425491333,-13.1465425491333,-14.18524169921875,-12.49774169921875,64
train,1,The sleepy whales,The sleepy whale,-11.053743362426758,-14.741243362426758,-12.71825885772705,-14.09325885772705,-11.777599334716797,-13.715099334716797,-12.49774169921875,-14.18524169921875,64
train,0,The sleepy dog,The sleepy dogs,-11.649181365966797,-12.836681365966797,-12.59325885772705,-11.34325885772705,-12.319419860839844,-12.694419860839844,-12.81024169921875,-11.24774169921875,64
train,1,The sleepy dogs,The sleepy dog,-11.086645126342773,-14.524145126342773,-11.34325885772705,-12.59325885772705,-12.188244819641113,-13.313244819641113,-11.24774169921875,-12.81024169921875,64
train,0,The sleepy cock,The sleepy cocks,-18.033283233642578,-18.658283233642578,-14.71825885772705,-14.96825885772705,-17.176206588745117,-16.363706588745117,-14.81024169921875,-14.87274169921875,64
train,1,The sleepy cocks,The sleepy cock,-14.240245819091797,-16.302745819091797,-14.96825885772705,-14.71825885772705,-12.358695983886719,-14.358695983886719,-14.87274169921875,-14.81024169921875,64
train,0,The sleepy rat,The sleepy rats,-13.545149803161621,-16.545150756835938,-13.65575885772705,-13.03075885772705,-14.732980728149414,-16.232980728149414,-13.87274169921875,-12.87274169921875,64
train,1,The sleepy rats,The sleepy rat,-13.405891418457031,-17.12464141845703,-13.03075885772705,-13.65575885772705,-14.069324493408203,-16.194324493408203,-12.87274169921875,-13.87274169921875,64
train,0,The sleepy dolphin,The sleepy dolphins,-10.655779838562012,-11.843279838562012,-12.09325885772705,-12.59325885772705,-11.25640869140625,-11.81890869140625,-12.31024169921875,-12.43524169921875,64
train,1,The sleepy dolphins,The sleepy dolphin,-11.91915512084961,-13.54415512084961,-12.59325885772705,-12.09325885772705,-12.499797821044922,-13.249797821044922,-12.43524169921875,-12.31024169921875,64
train,0,The quiet whale,The quiet whales,-14.50340461730957,-16.12840461730957,-15.53075885772705,-15.03075885772705,-14.664337158203125,-15.320587158203125,-15.81024169921875,-15.06024169921875,64
train,1,The quiet whales,The quiet whale,-14.161538124084473,-16.536537170410156,-15.03075885772705,-15.53075885772705,-14.23876953125,-15.30126953125,-15.06024169921875,-15.81024169921875,64
train,0,The sleepy pup,The sleepy pups,-13.275734901428223,-17.11948585510254,-13.40575885772705,-13.28075885772705,-13.789406776428223,-16.289405822753906,-13.56024169921875,-13.12274169921875,64
train,1,The sleepy pups,The sleepy pup,-13.858107566833496,-17.733108520507812,-13.28075885772705,-13.40575885772705,-14.266736030578613,-16.204235076904297,-13.12274169921875,-13.56024169921875,64
train,0,The calm rabbit,The calm rabbits,-13.535538673400879,-17.191787719726562,-16.030759811401367,-15.71825885772705,-14.446825981140137,-16.790576934814453,-15.99774169921875,-15.49774169921875,64
train,1,The calm rabbits,The calm rabbit,-13.008678436279297,-16.352428436279297,-15.71825885772705,-16.030759811401367,-13.427203178405762,-15.114703178405762,-15.49774169921875,-15.99774169921875,64
train,0,The quiet shark,The quiet sharks,-11.499894142150879,-11.687394142150879,-13.09325885772705,-11.28075885772705,-12.467141151428223,-11.967141151428223,-13.24774169921875,-11.12274169921875,64
train,1,The quiet sharks,The quiet shark,-10.4711275100708,-13.9711275100708,-11.28075885772705,-13.09325885772705,-11.338396072387695,-13.588396072387695,-11.12274169921875,-13.24774169921875,64
train,0,The bright rat,The bright rats,-9.458521842956543,-10.208521842956543,-12.84325885772705,-11.96825885772705,-9.793066024780273,-9.918066024780273,-12.99774169921875,-11.74774169921875,64
train,1,The bright rats,The bright rat,-11.43045711517334,-13.61795711517334,-11.96825885772705,-12.84325885772705,-11.69970989227295,-12.69970989227295,-11.74774169921875,-12.99774169921875,64
train,0,The nervous pup,The nervous pups,-11.823153495788574,-12.323153495788574,-14.84325885772705,-13.65575885772705,-11.50932502746582,-11.13432502746582,-15.06024169921875,-13.62274169921875,64
train,1,The nervous pups,The nervous pup,-12.437040328979492,-16.249540328979492,-13.65575885772705,-14.84325885772705,-13.008338928222656,-14.695838928222656,-13.62274169921875,-15.06024169921875,64
train,0,The fuzzy rat,The fuzzy rats,-12.65405559539795,-14.46655559539795,-13.65575885772705,-13.03075885772705,-13.409835815429688,-14.159835815429688,-13.87274169921875,-12.87274169921875,64
train,1,The fuzzy rats,The fuzzy rat,-14.422194480895996,-17.328445434570312,-13.03075885772705,-13.65575885772705,-14.695170402526855,-16.132671356201172,-12.87274169921875,-13.87274169921875,64
train,0,The slender shark,The slender sharks,-12.540213584899902,-15.946463584899902,-13.46825885772705,-13.28075885772705,-13.699687004089355,-14.762187004089355,-13.56024169921875,-13.12274169921875,64
train,1,The slender sharks,The slender shark,-12.186598777770996,-14.999098777770996,-13.28075885772705,-13.46825885772705,-12.183335304260254,-14.058335304260254,-13.12274169921875,-13.56024169921875,64
train,0,The timid pup,The timid pups,-3.8826282024383545,-10.820128440856934,-5.218259334564209,-6.468259334564209,-5.567423343658447,-10.317423820495605,-5.247742176055908,-6.247742176055908,64
train,1,The timid pups,The timid pup,-3.0938880443573,-8.843888282775879,-6.468259334564209,-5.218259334564209,-3.689060688018799,-7.439060688018799,-6.247742176055908,-5.247742176055908,64
train,0,The nervous pup,The nervous pups,-10.260653495788574,-13.448153495788574,-11.78075885772705,-12.34325885772705,-10.00932502746582,-12.19682502746582,-11.93524169921875,-12.18524169921875,64
train,1,The nervous pups,The nervous pup,-10.749540328979492,-12.749540328979492,-12.34325885772705,-11.78075885772705,-11.320838928222656,-11.633338928222656,-12.18524169921875,-11.93524169921875,64
train,0,The calm pup,The calm pups,-8.851519584655762,-11.601519584655762,-10.03075885772705,-9.78075885772705,-9.407512664794922,-10.970012664794922,-10.06024169921875,-9.49774169921875,64
train,1,The calm pups,The calm pup,-8.79316234588623,-12.73066234588623,-9.78075885772705,-10.03075885772705,-8.614890098571777,-11.489890098571777,-9.49774169921875,-10.06024169921875,64
train,0,The small turtle,The small turtles,-11.940163612365723,-14.377663612365723,-12.71825885772705,-11.96825885772705,-13.304192543029785,-13.616692543029785,-12.99774169921875,-11.87274169921875,64
train,1,The small turtles,The small turtle,-10.329790115356445,-14.329790115356445,-11.96825885772705,-12.71825885772705,-10.641141891479492,-13.391141891479492,-11.87274169921875,-12.99774169921875,64
test,0,The wary [wug],The wary [wugs],-9.430991172790527,-13.805991172790527,-12.09325885772705,-12.65575885772705,-10.782309532165527,-12.657309532165527,-12.18524169921875,-12.49774169921875,64
test,1,The wary [wugs],The wary [wug],-11.466817855834961,-14.966817855834961,-12.65575885772705,-12.09325885772705,-11.715266227722168,-14.152766227722168,-12.49774169921875,-12.18524169921875,64
test,0,The tiny [wug],The tiny [wugs],-13.49979019165039,-16.74979019165039,-12.09325885772705,-11.78075885772705,-14.843072891235352,-16.09307289123535,-12.18524169921875,-11.62274169921875,64
test,1,The tiny [wugs],The tiny [wug],-11.400486946105957,-15.337986946105957,-11.78075885772705,-12.09325885772705,-11.92381477355957,-14.54881477355957,-11.62274169921875,-12.18524169921875,64
test,0,The curious [wug],The curious [wugs],-11.790776252746582,-16.228275299072266,-10.90575885772705,-11.28075885772705,-12.951568603515625,-15.764068603515625,-10.87274169921875,-10.99774169921875,64
test,1,The curious [wugs],The curious [wug],-11.315862655639648,-14.378362655639648,-11.28075885772705,-10.90575885772705,-11.813632011413574,-14.126132011413574,-10.99774169921875,-10.87274169921875,64
test,0,The gentle [wug],The gentle [wugs],-14.257224082946777,-16.38222312927246,-13.40575885772705,-13.59325885772705,-15.656731605529785,-16.5317325592041,-13.49774169921875,-13.43524169921875,64
test,1,The gentle [wugs],The gentle [wug],-13.123908042907715,-14.748908042907715,-13.59325885772705,-13.40575885772705,-13.380082130432129,-14.005082130432129,-13.43524169921875,-13.49774169921875,64
test,0,The spotted [wug],The spotted [wugs],-14.360701560974121,-14.454451560974121,-11.03075885772705,-11.28075885772705,-17.88839340209961,-13.35714340209961,-11.24774169921875,-11.18524169921875,64
test,1,The spotted [wugs],The spotted [wug],-11.410229682922363,-13.597729682922363,-11.28075885772705,-11.03075885772705,-11.355514526367188,-12.355514526367188,-11.18524169921875,-11.24774169921875,64
test,0,The wary [wug],The wary [wugs],-14.993491172790527,-15.555991172790527,-11.78075885772705,-11.09325885772705,-15.157309532165527,-14.594809532165527,-11.93524169921875,-10.93524169921875,64
test,1,The wary [wugs],The wary [wug],-13.779317855834961,-16.84181785583496,-11.09325885772705,-11.78075885772705,-13.090266227722168,-15.277766227722168,-10.93524169921875,-11.93524169921875,64
test,0,The gentle [wug],The gentle [wugs],-14.132224082946777,-14.507224082946777,-13.21825885772705,-11.28075885772705,-15.344231605529785,-13.969231605529785,-13.37274169921875,-11.18524169921875,64
test,1,The gentle [wugs],The gentle [wug],-13.436408042907715,-17.3114070892334,-11.28075885772705,-13.21825885772705,-14.192582130432129,-16.380083084106445,-11.18524169921875,-13.37274169921875,64
test,0,The clever [wug],The clever [wugs],-14.242223739624023,-16.992223739624023,-13.78075885772705,-14.28075885772705,-15.781160354614258,-16.468660354614258,-13.93524169921875,-14.18524169921875,64
test,1,The clever [wugs],The clever [wug],-14.241652488708496,-18.022903442382812,-14.28075885772705,-13.78075885772705,-14.565167427062988,-17.877666473388672,-14.18524169921875,-13.93524169921875,64
test,0,The shy [wug],The shy [wugs],-12.276308059692383,-14.651308059692383,-11.65575885772705,-11.28075885772705,-13.496825218200684,-14.059325218200684,-11.87274169921875,-11.18524169921875,64
test,1,The shy [wugs],The shy [wug],-10.792886734008789,-13.417886734008789,-11.28075885772705,-11.65575885772705,-11.071877479553223,-12.821877479553223,-11.18524169921875,-11.87274169921875,64
test,0,The wary [wug],The wary [wugs],-11.555991172790527,-14.993491172790527,-12.09325885772705,-11.78075885772705,-12.782309532165527,-13.469809532165527,-12.18524169921875,-11.62274169921875,64
test,1,The wary [wugs],The wary [wug],-10.966817855834961,-15.279317855834961,-11.78075885772705,-12.09325885772705,-11.090266227722168,-14.027766227722168,-11.62274169921875,-12.18524169921875,64
test,0,The shy [wug],The shy [wugs],-13.276308059692383,-17.026308059692383,-13.15575885772705,-13.84325885772705,-14.809325218200684,-16.496824264526367,-13.43524169921875,-13.68524169921875,64
test,1,The shy [wugs],The shy [wug],-12.792886734008789,-14.542886734008789,-13.84325885772705,-13.15575885772705,-13.259377479553223,-13.946877479553223,-13.68524169921875,-13.43524169921875,64
test,0,The fierce [wug],The fierce [wugs],-15.430598258972168,-16.05559730529785,-14.65575885772705,-12.96825885772705,-17.01218032836914,-16.13718032836914,-14.81024169921875,-12.74774169921875,64
test,1,The fierce [wugs],The fierce [wug],-13.56789779663086,-16.44289779663086,-12.96825885772705,-14.65575885772705,-14.007272720336914,-15.757272720336914,-12.74774169921875,-14.81024169921875,64
test,0,The bold [wug],The bold [wugs],-13.994043350219727,-16.306543350219727,-12.96825885772705,-12.96825885772705,-13.949021339416504,-15.386521339416504,-13.12274169921875,-12.81024169921875,64
test,1,The bold [wugs],The bold [wug],-13.947397232055664,-16.072397232055664,-12.96825885772705,-12.96825885772705,-14.89923095703125,-14.83673095703125,-12.81024169921875,-13.12274169921875,64
test,0,The strange [wug],The strange [wugs],-15.454324722290039,-17.51682472229004,-13.59325885772705,-13.15575885772705,-16.02048683166504,-17.14548683166504,-13.74774169921875,-12.93524169921875,64
test,1,The strange [wugs],The strange [wug],-13.614387512207031,-17.80188751220703,-13.15575885772705,-13.59325885772705,-13.726966857910156,-16.851966857910156,-12.93524169921875,-13.74774169921875,64
test,0,The clumsy [wug],The clumsy [wugs],-17.998245239257812,-19.810745239257812,-14.59325885772705,-13.78075885772705,-19.570735931396484,-18.851985931396484,-14.68524169921875,-13.62274169921875,64
test,1,The clumsy [wugs],The clumsy [wug],-14.70731258392334,-19.051063537597656,-13.78075885772705,-14.59325885772705,-14.762052536010742,-17.980802536010742,-13.62274169921875,-14.68524169921875,64
test,0,The fierce [wug],The fierce [wugs],-11.993098258972168,-13.618098258972168,-11.65575885772705,-11.28075885772705,-13.63718032836914,-13.82468032836914,-11.87274169921875,-11.18524169921875,64
test,1,The fierce [wugs],The fierce [wug],-10.25539779663086,-13.31789779663086,-11.28075885772705,-11.65575885772705,-10.882272720336914,-12.944772720336914,-11.18524169921875,-11.87274169921875,64
test,0,The restless [wug],The restless [wugs],-16.478647232055664,-16.916147232055664,-13.59325885772705,-12.28075885772705,-16.76726722717285,-15.642268180847168,-13.74774169921875,-12.06024169921875,64
test,1,The restless [wugs],The restless [wug],-14.291597366333008,-17.979097366333008,-12.28075885772705,-13.59325885772705,-14.38122272491455,-16.506221771240234,-12.06024169921875,-13.74774169921875,64
test,0,The sturdy [wug],The sturdy [wugs],-5.378308296203613,-10.315808296203613,-7.343259334564209,-7.968259334564209,-6.16706657409668,-9.85456657409668,-7.497742176055908,-7.872742176055908,64
test,1,The sturdy [wugs],The sturdy [wug],-5.871377944946289,-10.433877944946289,-7.968259334564209,-7.343259334564209,-6.098784446716309,-9.536284446716309,-7.872742176055908,-7.497742176055908,64
test,0,The bold [wug],The bold [wugs],-14.306543350219727,-14.806543350219727,-14.65575885772705,-12.96825885772705,-14.824021339416504,-14.574021339416504,-14.81024169921875,-12.74774169921875,64
test,1,The bold [wugs],The bold [wug],-14.009897232055664,-16.509897232055664,-12.96825885772705,-14.65575885772705,-14.64923095703125,-15.64923095703125,-12.74774169921875,-14.81024169921875,64
test,0,The graceful [wug],The graceful [wugs],-11.037178039550781,-13.412178039550781,-10.65575885772705,-10.28075885772705,-12.064505577087402,-12.127005577087402,-10.87274169921875,-10.06024169921875,64
test,1,The graceful [wugs],The graceful [wug],-10.642722129821777,-13.955222129821777,-10.28075885772705,-10.65575885772705,-11.284818649291992,-13.472318649291992,-10.06024169921875,-10.87274169921875,64
test,0,The tiny [wug],The tiny [wugs],-12.68729019165039,-15.74979019165039,-11.34325885772705,-11.21825885772705,-14.030572891235352,-15.530572891235352,-11.43524169921875,-10.99774169921875,64
test,1,The tiny [wugs],The tiny [wug],-10.587986946105957,-14.650486946105957,-11.21825885772705,-11.34325885772705,-11.36131477355957,-14.29881477355957,-10.99774169921875,-11.43524169921875,64
test,0,The restless [wug],The restless [wugs],-18.509897232055664,-20.541147232055664,-16.030759811401367,-15.28075885772705,-18.95476722717285,-19.54851722717285,-16.18524169921875,-15.06024169921875,64
test,1,The restless [wugs],The restless [wug],-16.604097366333008,-21.041597366333008,-15.28075885772705,-16.030759811401367,-16.068721771240234,-19.381221771240234,-15.06024169921875,-16.18524169921875,64
test,0,The clumsy [wug],The clumsy [wugs],-15.123245239257812,-16.498245239257812,-13.84325885772705,-13.84325885772705,-16.164485931396484,-16.351985931396484,-13.99774169921875,-13.74774169921875,64
test,1,The clumsy [wugs],The clumsy [wug],-14.51981258392334,-15.76981258392334,-13.84325885772705,-13.84325885772705,-14.574552536010742,-14.887052536010742,-13.74774169921875,-13.99774169921875,64
test,0,The restless [wug],The restless [wugs],-14.291147232055664,-17.353647232055664,-13.40575885772705,-13.28075885772705,-14.704768180847168,-16.39226722717285,-13.62274169921875,-13.18524169921875,64
test,1,The restless [wugs],The restless [wug],-16.104097366333008,-18.354097366333008,-13.28075885772705,-13.40575885772705,-16.068721771240234,-17.068721771240234,-13.18524169921875,-13.62274169921875,64
test,0,The round [wug],The round [wugs],-11.140340805053711,-12.702840805053711,-13.40575885772705,-13.59325885772705,-11.849493980407715,-12.286993980407715,-13.49774169921875,-13.43524169921875,64
test,1,The round [wugs],The round [wug],-12.837926864624023,-13.775426864624023,-13.59325885772705,-13.40575885772705,-12.766636848449707,-12.954136848449707,-13.43524169921875,-13.49774169921875,64
test,0,The sturdy [wug],The sturdy [wugs],-15.909558296203613,-17.06580924987793,-16.030759811401367,-15.28075885772705,-17.72956657409668,-16.44831657409668,-16.18524169921875,-15.06024169921875,64
test,1,The sturdy [wugs],The sturdy [wug],-12.058877944946289,-16.49637794494629,-15.28075885772705,-16.030759811401367,-11.473784446716309,-14.723784446716309,-15.06024169921875,-16.18524169921875,64
test,0,The round [wug],The round [wugs],-15.452840805053711,-16.20284080505371,-12.53075885772705,-12.28075885772705,-14.786993980407715,-13.911993980407715,-12.68524169921875,-12.12274169921875,64
test,1,The round [wugs],The round [wug],-14.337926864624023,-14.962926864624023,-12.28075885772705,-12.53075885772705,-14.329136848449707,-14.079136848449707,-12.12274169921875,-12.68524169921875,64
test,0,The wary [wug],The wary [wugs],-15.180991172790527,-16.49349021911621,-13.84325885772705,-12.53075885772705,-16.094810485839844,-15.532309532165527,-14.12274169921875,-12.43524169921875,64
test,1,The wary [wugs],The wary [wug],-14.404317855834961,-16.90431785583496,-12.53075885772705,-13.84325885772705,-14.527766227722168,-15.965266227722168,-12.43524169921875,-14.12274169921875,64
test,0,The bold [wug],The bold [wugs],-15.431543350219727,-16.556543350219727,-16.093259811401367,-15.15575885772705,-15.949021339416504,-16.449020385742188,-16.31024169921875,-15.12274169921875,64
test,1,The bold [wugs],The bold [wug],-15.197397232055664,-17.572397232055664,-15.15575885772705,-16.093259811401367,-15.58673095703125,-16.77423095703125,-15.12274169921875,-16.31024169921875,64
test,0,The round [wug],The round [wugs],-12.015340805053711,-15.890340805053711,-13.59325885772705,-13.15575885772705,-14.349493980407715,-15.849493980407715,-13.74774169921875,-12.93524169921875,64
test,1,The round [wugs],The round [wug],-13.712926864624023,-18.712926864624023,-13.15575885772705,-13.59325885772705,-13.766636848449707,-17.860387802124023,-12.93524169921875,-13.74774169921875,64
test,0,The wary [wug],The wary [wugs],-12.118491172790527,-12.430991172790527,-14.34325885772705,-12.46825885772705,-13.532309532165527,-11.657309532165527,-14.62274169921875,-12.49774169921875,64
test,1,The wary [wugs],The wary [wug],-12.716817855834961,-15.904317855834961,-12.46825885772705,-14.34325885772705,-12.965266227722168,-14.965266227722168,-12.49774169921875,-14.62274169921875,64
test,0,The spotted [wug],The spotted [wugs],-14.485701560974121,-17.485702514648438,-12.09325885772705,-12.65575885772705,-16.70089340209961,-14.16964340209961,-12.18524169921875,-12.49774169921875,64
test,1,The spotted [wugs],The spotted [wug],-10.160229682922363,-14.285229682922363,-12.65575885772705,-12.09325885772705,-10.730514526367188,-13.793014526367188,-12.49774169921875,-12.18524169921875,64
test,0,The lively [wug],The lively [wugs],-12.531956672668457,-14.781956672668457,-12.65575885772705,-13.46825885772705,-13.637749671936035,-14.075249671936035,-12.93524169921875,-13.49774169921875,64
test,1,The lively [wugs],The lively [wug],-13.869885444641113,-16.057384490966797,-13.46825885772705,-12.65575885772705,-13.849751472473145,-15.099751472473145,-13.49774169921875,-12.93524169921875,64
test,0,The curious [wug],The curious [wugs],-12.665776252746582,-13.040776252746582,-11.03075885772705,-11.28075885772705,-13.201568603515625,-12.639068603515625,-11.24774169921875,-11.18524169921875,64
test,1,The curious [wugs],The curious [wug],-14.190862655639648,-17.37836265563965,-11.28075885772705,-11.03075885772705,-13.813632011413574,-16.12613296508789,-11.18524169921875,-11.24774169921875,64
test,0,The clumsy [wug],The clumsy [wugs],-5.560744762420654,-11.810745239257812,-5.218259334564209,-6.468259334564209,-7.414485931396484,-12.226985931396484,-5.247742176055908,-6.247742176055908,64
test,1,The clumsy [wugs],The clumsy [wug],-5.01981258392334,-10.01981258392334,-6.468259334564209,-5.218259334564209,-5.512052059173584,-9.137052536010742,-6.247742176055908,-5.247742176055908,64
test,0,The clumsy [wug],The clumsy [wugs],-12.248245239257812,-14.373245239257812,-12.65575885772705,-13.46825885772705,-13.101985931396484,-12.601985931396484,-12.93524169921875,-13.49774169921875,64
test,1,The clumsy [wugs],The clumsy [wug],-14.51981258392334,-16.207313537597656,-13.46825885772705,-12.65575885772705,-14.512052536010742,-14.949552536010742,-13.49774169921875,-12.93524169921875,64
test,0,The bold [wug],The bold [wugs],-15.619043350219727,-15.806543350219727,-15.46825885772705,-14.65575885772705,-15.824021339416504,-15.386521339416504,-15.68524169921875,-14.62274169921875,64
test,1,The bold [wugs],The bold [wug],-14.509897232055664,-15.884897232055664,-14.65575885772705,-15.46825885772705,-15.52423095703125,-15.77423095703125,-14.62274169921875,-15.68524169921875,64
test,0,The gentle [wug],The gentle [wugs],-16.81972312927246,-17.31972312927246,-14.65575885772705,-12.96825885772705,-18.3442325592041,-17.0942325592041,-14.81024169921875,-12.74774169921875,64
test,1,The gentle [wugs],The gentle [wug],-13.748908042907715,-16.7489070892334,-12.96825885772705,-14.65575885772705,-14.442582130432129,-15.692582130432129,-12.74774169921875,-14.81024169921875,64
test,0,The graceful [wug],The graceful [wugs],-14.099678039550781,-15.662178039550781,-13.84325885772705,-13.84325885772705,-15.689505577087402,-15.939505577087402,-13.99774169921875,-13.74774169921875,64
test,1,The graceful [wugs],The graceful [wug],-14.142722129821777,-15.017722129821777,-13.84325885772705,-13.84325885772705,-14.659818649291992,-14.847318649291992,-13.74774169921875,-13.99774169921875,64
test,0,The clever [wug],The clever [wugs],-11.429723739624023,-13.804723739624023,-11.46825885772705,-11.65575885772705,-12.531160354614258,-13.343660354614258,-11.56024169921875,-11.49774169921875,64
test,1,The clever [wugs],The clever [wug],-12.741652488708496,-16.991653442382812,-11.65575885772705,-11.46825885772705,-13.440167427062988,-16.752666473388672,-11.49774169921875,-11.56024169921875,64
test,0,The fierce [wug],The fierce [wugs],-11.930598258972168,-14.493098258972168,-13.65575885772705,-13.28075885772705,-13.63718032836914,-14.51218032836914,-13.74774169921875,-13.06024169921875,64
test,1,The fierce [wugs],The fierce [wug],-11.81789779663086,-16.06789779663086,-13.28075885772705,-13.65575885772705,-12.507272720336914,-15.507272720336914,-13.06024169921875,-13.74774169921875,64
test,0,The clumsy [wug],The clumsy [wugs],-14.498245239257812,-16.060745239257812,-14.15575885772705,-14.84325885772705,-15.226985931396484,-14.851985931396484,-14.37274169921875,-14.81024169921875,64
test,1,The clumsy [wugs],The clumsy [wug],-14.95731258392334,-15.70731258392334,-14.84325885772705,-14.15575885772705,-14.637052536010742,-14.762052536010742,-14.81024169921875,-14.37274169921875,64
test,0,The shy [wug],The shy [wugs],-15.088808059692383,-17.588808059692383,-14.15575885772705,-14.84325885772705,-16.246824264526367,-17.184324264526367,-14.37274169921875,-14.81024169921875,64
test,1,The shy [wugs],The shy [wug],-16.23038673400879,-16.85538673400879,-14.84325885772705,-14.15575885772705,-15.821877479553223,-16.134376525878906,-14.81024169921875,-14.37274169921875,64
test,0,The restless [wug],The restless [wugs],-15.853647232055664,-16.791147232055664,-13.84325885772705,-12.78075885772705,-16.26726722717285,-16.01726722717285,-13.99774169921875,-12.62274169921875,64
test,1,The restless [wugs],The restless [wug],-15.166597366333008,-18.354097366333008,-12.78075885772705,-13.84325885772705,-14.94372272491455,-17.068721771240234,-12.62274169921875,-13.99774169921875,64
test,0,The strange [wug],The strange [wugs],-13.891824722290039,-18.07932472229004,-12.09325885772705,-12.65575885772705,-13.645487785339355,-17.02048683166504,-12.18524169921875,-12.49774169921875,64
test,1,The strange [wugs],The strange [wug],-13.551887512207031,-16.05188751220703,-12.65575885772705,-12.09325885772705,-13.851966857910156,-15.101966857910156,-12.49774169921875,-12.18524169921875,64
test,0,The graceful [wug],The graceful [wugs],-12.412178039550781,-13.349678039550781,-12.53075885772705,-12.28075885772705,-13.252005577087402,-12.252005577087402,-12.68524169921875,-12.12274169921875,64
test,1,The graceful [wugs],The graceful [wug],-14.017722129821777,-14.517722129821777,-12.28075885772705,-12.53075885772705,-13.909818649291992,-14.159818649291992,-12.12274169921875,-12.68524169921875,64
test,0,The shy [wug],The shy [wugs],-4.963808059692383,-12.526308059692383,-5.218259334564209,-6.468259334564209,-6.184325218200684,-12.434325218200684,-5.247742176055908,-6.247742176055908,64
test,1,The shy [wugs],The shy [wug],-4.230386734008789,-8.355386734008789,-6.468259334564209,-5.218259334564209,-4.8218770027160645,-7.9468770027160645,-6.247742176055908,-5.247742176055908,64
test,0,The spotted [wug],The spotted [wugs],-17.032577514648438,-17.188827514648438,-11.78075885772705,-11.09325885772705,-18.48214340209961,-15.95089340209961,-11.93524169921875,-10.93524169921875,64
test,1,The spotted [wugs],The spotted [wug],-11.722729682922363,-14.035229682922363,-11.09325885772705,-11.78075885772705,-11.480514526367188,-13.043014526367188,-10.93524169921875,-11.93524169921875,64
test,0,The shy [wug],The shy [wugs],-16.901308059692383,-17.776308059692383,-13.84325885772705,-12.53075885772705,-17.621824264526367,-16.621824264526367,-14.12274169921875,-12.43524169921875,64
test,1,The shy [wugs],The shy [wug],-15.605386734008789,-18.10538673400879,-12.53075885772705,-13.84325885772705,-15.634377479553223,-17.321876525878906,-12.43524169921875,-14.12274169921875,64
test,0,The restless [wug],The restless [wugs],-14.166147232055664,-17.041147232055664,-12.96825885772705,-13.15575885772705,-14.642268180847168,-16.45476722717285,-12.99774169921875,-12.87274169921875,64
test,1,The restless [wugs],The restless [wug],-13.791597366333008,-16.041597366333008,-13.15575885772705,-12.96825885772705,-13.81872272491455,-15.06872272491455,-12.87274169921875,-12.99774169921875,64
test,0,The bold [wug],The bold [wugs],-12.994043350219727,-14.556543350219727,-12.46825885772705,-13.15575885772705,-12.824021339416504,-14.449021339416504,-12.56024169921875,-12.93524169921875,64
test,1,The bold [wugs],The bold [wug],-13.509897232055664,-15.197397232055664,-13.15575885772705,-12.46825885772705,-13.46173095703125,-13.89923095703125,-12.93524169921875,-12.56024169921875,64
test,0,The shy [wug],The shy [wugs],-13.338808059692383,-16.213808059692383,-13.84325885772705,-13.21825885772705,-14.684325218200684,-15.371825218200684,-14.18524169921875,-13.12274169921875,64
test,1,The shy [wugs],The shy [wug],-13.542886734008789,-16.54288673400879,-13.21825885772705,-13.84325885772705,-13.634377479553223,-15.321877479553223,-13.12274169921875,-14.18524169921875,64
test,0,The tiny [wug],The tiny [wugs],-11.18729019165039,-14.18729019165039,-11.46825885772705,-11.65575885772705,-12.593072891235352,-13.968072891235352,-11.56024169921875,-11.49774169921875,64
test,1,The tiny [wugs],The tiny [wug],-11.837986946105957,-15.212986946105957,-11.65575885772705,-11.46825885772705,-12.61131477355957,-14.67381477355957,-11.49774169921875,-11.56024169921875,64
test,0,The wary [wug],The wary [wugs],-11.993491172790527,-15.493491172790527,-12.46825885772705,-13.15575885772705,-13.282309532165527,-15.719809532165527,-12.56024169921875,-12.93524169921875,64
test,1,The wary [wugs],The wary [wug],-13.404317855834961,-15.216817855834961,-13.15575885772705,-12.46825885772705,-13.402766227722168,-13.965266227722168,-12.93524169921875,-12.56024169921875,64
test,0,The gentle [wug],The gentle [wugs],-15.632224082946777,-17.69472312927246,-12.59325885772705,-12.03075885772705,-16.9067325592041,-17.2192325592041,-12.81024169921875,-11.93524169921875,64
test,1,The gentle [wugs],The gentle [wug],-12.436408042907715,-16.2489070892334,-12.03075885772705,-12.59325885772705,-13.692582130432129,-15.755082130432129,-11.93524169921875,-12.81024169921875,64
test,0,The shy [wug],The shy [wugs],-12.713808059692383,-15.838808059692383,-11.71825885772705,-11.28075885772705,-13.621825218200684,-14.496825218200684,-11.87274169921875,-11.18524169921875,64
test,1,The shy [wugs],The shy [wug],-10.542886734008789,-14.105386734008789,-11.28075885772705,-11.71825885772705,-10.946877479553223,-13.571877479553223,-11.18524169921875,-11.87274169921875,64
test,0,The gentle [wug],The gentle [wugs],-15.569724082946777,-17.88222312927246,-13.15575885772705,-13.84325885772705,-16.8442325592041,-17.6567325592041,-13.43524169921875,-13.68524169921875,64
test,1,The gentle [wugs],The gentle [wug],-14.123908042907715,-16.0614070892334,-13.84325885772705,-13.15575885772705,-15.067582130432129,-15.255082130432129,-13.68524169921875,-13.43524169921875,64
test,0,The fierce [wug],The fierce [wugs],-11.180598258972168,-14.055598258972168,-11.34325885772705,-11.21825885772705,-12.44968032836914,-13.82468032836914,-11.43524169921875,-10.99774169921875,64
test,1,The fierce [wugs],The fierce [wug],-9.50539779663086,-13.50539779663086,-11.21825885772705,-11.34325885772705,-10.382272720336914,-13.444772720336914,-10.99774169921875,-11.43524169921875,64
test,0,The clumsy [wug],The clumsy [wugs],-17.060745239257812,-17.935745239257812,-14.15575885772705,-13.53075885772705,-17.976985931396484,-17.539485931396484,-14.31024169921875,-13.37274169921875,64
test,1,The clumsy [wugs],The clumsy [wug],-15.58231258392334,-17.457313537597656,-13.53075885772705,-14.15575885772705,-15.699552536010742,-16.762052536010742,-13.37274169921875,-14.31024169921875,64
test,0,The wary [wug],The wary [wugs],-12.305991172790527,-17.08724021911621,-12.46825885772705,-13.40575885772705,-13.282309532165527,-15.719809532165527,-12.56024169921875,-13.18524169921875,64
test,1,The wary [wugs],The wary [wug],-12.529317855834961,-15.904317855834961,-13.40575885772705,-12.46825885772705,-12.777766227722168,-14.902766227722168,-13.18524169921875,-12.56024169921875,64
test,0,The wary [wug],The wary [wugs],-12.430991172790527,-16.68099021911621,-13.78075885772705,-14.28075885772705,-14.032309532165527,-15.719809532165527,-13.93524169921875,-14.18524169921875,64
test,1,The wary [wugs],The wary [wug],-12.216817855834961,-15.779317855834961,-14.28075885772705,-13.78075885772705,-12.590266227722168,-14.652766227722168,-14.18524169921875,-13.93524169921875,64
test,0,The graceful [wug],The graceful [wugs],-12.037178039550781,-14.162178039550781,-12.46825885772705,-13.15575885772705,-13.752005577087402,-15.252005577087402,-12.56024169921875,-12.93524169921875,64
test,1,The graceful [wugs],The graceful [wug],-11.705222129821777,-13.830222129821777,-13.15575885772705,-12.46825885772705,-12.784818649291992,-13.284818649291992,-12.93524169921875,-12.56024169921875,64
test,0,The fierce [wug],The fierce [wugs],-12.868098258972168,-15.305598258972168,-12.65575885772705,-13.46825885772705,-14.32468032836914,-15.19968032836914,-12.93524169921875,-13.49774169921875,64
test,1,The fierce [wugs],The fierce [wug],-14.13039779663086,-15.94289779663086,-13.46825885772705,-12.65575885772705,-14.569772720336914,-15.194772720336914,-13.49774169921875,-12.93524169921875,64
test,0,The lively [wug],The lively [wugs],-12.969456672668457,-15.281956672668457,-12.96825885772705,-13.15575885772705,-14.387749671936035,-15.200249671936035,-12.99774169921875,-12.87274169921875,64
test,1,The lively [wugs],The lively [wug],-12.182385444641113,-13.994885444641113,-13.15575885772705,-12.96825885772705,-12.037251472473145,-13.349751472473145,-12.87274169921875,-12.99774169921875,64
test,0,The wary [wug],The wary [wugs],-13.680991172790527,-16.61849021911621,-13.40575885772705,-13.59325885772705,-15.157309532165527,-16.594810485839844,-13.49774169921875,-13.43524169921875,64
test,1,The wary [wugs],The wary [wug],-14.279317855834961,-15.841817855834961,-13.59325885772705,-13.40575885772705,-14.152766227722168,-14.902766227722168,-13.43524169921875,-13.49774169921875,64
test,0,The round [wug],The round [wugs],-10.827840805053711,-14.390340805053711,-12.46825885772705,-13.40575885772705,-11.536993980407715,-12.349493980407715,-12.56024169921875,-13.18524169921875,64
test,1,The round [wugs],The round [wug],-12.400426864624023,-15.400426864624023,-13.40575885772705,-12.46825885772705,-12.766636848449707,-14.766636848449707,-13.18524169921875,-12.56024169921875,64
test,0,The strange [wug],The strange [wugs],-14.516824722290039,-15.579324722290039,-11.96825885772705,-11.28075885772705,-14.395487785339355,-14.957987785339355,-12.12274169921875,-11.18524169921875,64
test,1,The strange [wugs],The strange [wug],-14.301887512207031,-16.98938751220703,-11.28075885772705,-11.96825885772705,-14.414466857910156,-15.976966857910156,-11.18524169921875,-12.12274169921875,64
test,0,The strange [wug],The strange [wugs],-15.016824722290039,-17.57932472229004,-13.40575885772705,-13.28075885772705,-15.270487785339355,-17.14548683166504,-13.62274169921875,-13.18524169921875,64
test,1,The strange [wugs],The strange [wug],-16.30188751220703,-18.17688751220703,-13.28075885772705,-13.40575885772705,-16.601966857910156,-17.039466857910156,-13.18524169921875,-13.62274169921875,64
test,0,The gentle [wug],The gentle [wugs],-15.632224082946777,-17.63222312927246,-14.78075885772705,-15.40575885772705,-16.5942325592041,-17.2817325592041,-14.87274169921875,-15.37274169921875,64
test,1,The gentle [wugs],The gentle [wug],-14.936408042907715,-15.498908042907715,-15.40575885772705,-14.78075885772705,-15.255082130432129,-14.630082130432129,-15.37274169921875,-14.87274169921875,64
test,0,The curious [wug],The curious [wugs],-14.790776252746582,-18.103275299072266,-13.59325885772705,-13.15575885772705,-16.139068603515625,-17.951568603515625,-13.74774169921875,-12.93524169921875,64
test,1,The curious [wugs],The curious [wug],-16.06586265563965,-20.65961265563965,-13.15575885772705,-13.59325885772705,-15.938632011413574,-19.78238296508789,-12.93524169921875,-13.74774169921875,64
test,0,The wary [wug],The wary [wugs],-11.805991172790527,-15.993491172790527,-13.15575885772705,-14.34325885772705,-13.407309532165527,-15.844809532165527,-13.37274169921875,-14.18524169921875,64
test,1,The wary [wugs],The wary [wug],-14.654317855834961,-15.279317855834961,-14.34325885772705,-13.15575885772705,-14.027766227722168,-13.715266227722168,-14.18524169921875,-13.37274169921875,64
test,0,The gentle [wug],The gentle [wugs],-17.88222312927246,-19.69472312927246,-16.030759811401367,-15.28075885772705,-19.4379825592041,-19.7504825592041,-16.18524169921875,-15.06024169921875,64
test,1,The gentle [wugs],The gentle [wug],-15.748908042907715,-19.7489070892334,-15.28075885772705,-16.030759811401367,-15.692582130432129,-18.192583084106445,-15.06024169921875,-16.18524169921875,64
test,0,The wary [wug],The wary [wugs],-12.930991172790527,-15.118491172790527,-12.28075885772705,-12.03075885772705,-14.532309532165527,-14.719809532165527,-12.43524169921875,-11.87274169921875,64
test,1,The wary [wugs],The wary [wug],-12.341817855834961,-14.966817855834961,-12.03075885772705,-12.28075885772705,-12.152766227722168,-13.715266227722168,-11.87274169921875,-12.43524169921875,64
test,0,The shy [wug],The shy [wugs],-15.776308059692383,-17.682558059692383,-14.09325885772705,-13.21825885772705,-17.309324264526367,-17.121824264526367,-14.31024169921875,-13.06024169921875,64
test,1,The shy [wugs],The shy [wug],-13.667886734008789,-15.855386734008789,-13.21825885772705,-14.09325885772705,-13.634377479553223,-15.134377479553223,-13.06024169921875,-14.31024169921875,64
test,0,The curious [wug],The curious [wugs],-17.572025299072266,-17.822025299072266,-13.84325885772705,-12.53075885772705,-17.951568603515625,-17.139068603515625,-14.12274169921875,-12.43524169921875,64
test,1,The curious [wugs],The curious [wug],-17.69086265563965,-19.94086265563965,-12.53075885772705,-13.84325885772705,-17.06363296508789,-18.81363296508789,-12.43524169921875,-14.12274169921875,64
test,0,The sturdy [wug],The sturdy [wugs],-11.190808296203613,-14.128308296203613,-12.96825885772705,-13.15575885772705,-12.91706657409668,-13.47956657409668,-12.99774169921875,-12.87274169921875,64
test,1,The sturdy [wugs],The sturdy [wug],-12.746377944946289,-14.871377944946289,-13.15575885772705,-12.96825885772705,-12.661284446716309,-13.911284446716309,-12.87274169921875,-12.99774169921875,64
test,0,The tiny [wug],The tiny [wugs],-12.49979019165039,-15.12479019165039,-11.03075885772705,-11.28075885772705,-13.780572891235352,-14.968072891235352,-11.24774169921875,-11.18524169921875,64
test,1,The tiny [wugs],The tiny [wug],-14.337986946105957,-16.65048599243164,-11.28075885772705,-11.03075885772705,-14.54881477355957,-15.67381477355957,-11.18524169921875,-11.24774169921875,64
test,0,The wary [wug],The wary [wugs],-15.118491172790527,-17.89974021911621,-14.59325885772705,-13.78075885772705,-16.844810485839844,-17.157310485839844,-14.68524169921875,-13.62274169921875,64
test,1,The wary [wugs],The wary [wug],-14.279317855834961,-18.46681785583496,-13.78075885772705,-14.59325885772705,-14.402766227722168,-17.465267181396484,-13.62274169921875,-14.68524169921875,64
test,0,The strange [wug],The strange [wugs],-16.95432472229004,-17.70432472229004,-13.65575885772705,-12.71825885772705,-17.14548683166504,-17.27048683166504,-13.81024169921875,-12.62274169921875,64
test,1,The strange [wugs],The strange [wug],-13.739387512207031,-16.86438751220703,-12.71825885772705,-13.65575885772705,-14.101966857910156,-15.976966857910156,-12.62274169921875,-13.81024169921875,64
test,0,The clumsy [wug],The clumsy [wugs],-11.748245239257812,-15.935745239257812,-11.09325885772705,-11.40575885772705,-13.164485931396484,-15.101985931396484,-11.18524169921875,-11.24774169921875,64
test,1,The clumsy [wugs],The clumsy [wug],-11.45731258392334,-16.207313537597656,-11.40575885772705,-11.09325885772705,-11.762052536010742,-15.387052536010742,-11.24774169921875,-11.18524169921875,64
test,0,The strange [wug],The strange [wugs],-14.829324722290039,-16.76682472229004,-13.15575885772705,-13.84325885772705,-15.645487785339355,-17.02048683166504,-13.43524169921875,-13.68524169921875,64
test,1,The strange [wugs],The strange [wug],-14.426887512207031,-16.23938751220703,-13.84325885772705,-13.15575885772705,-14.914466857910156,-15.351966857910156,-13.68524169921875,-13.43524169921875,64
test,0,The tiny [wug],The tiny [wugs],-17.06229019165039,-19.78104019165039,-14.59325885772705,-13.78075885772705,-18.71807289123535,-19.53057289123535,-14.68524169921875,-13.62274169921875,64
test,1,The tiny [wugs],The tiny [wug],-14.337986946105957,-18.77548599243164,-13.78075885772705,-14.59325885772705,-14.86131477355957,-18.04881477355957,-13.62274169921875,-14.68524169921875,64
test,0,The tiny [wug],The tiny [wugs],-14.31229019165039,-16.68729019165039,-11.71825885772705,-11.28075885772705,-15.343072891235352,-16.03057289123535,-11.87274169921875,-11.18524169921875,64
test,1,The tiny [wugs],The tiny [wug],-12.150486946105957,-15.837986946105957,-11.28075885772705,-11.71825885772705,-13.04881477355957,-15.48631477355957,-11.18524169921875,-11.87274169921875,64
test,0,The clever [wug],The clever [wugs],-11.804723739624023,-16.429723739624023,-13.78075885772705,-13.71825885772705,-12.531160354614258,-15.531160354614258,-13.99774169921875,-13.62274169921875,64
test,1,The clever [wugs],The clever [wug],-15.804152488708496,-17.741653442382812,-13.71825885772705,-13.78075885772705,-15.627667427062988,-17.315166473388672,-13.62274169921875,-13.99774169921875,64
test,0,The shy [wug],The shy [wugs],-14.713808059692383,-18.026308059692383,-13.40575885772705,-13.28075885772705,-16.121824264526367,-17.184324264526367,-13.62274169921875,-13.18524169921875,64
test,1,The shy [wugs],The shy [wug],-15.230386734008789,-17.44913673400879,-13.28075885772705,-13.40575885772705,-15.384377479553223,-16.634376525878906,-13.18524169921875,-13.62274169921875,64
test,0,The restless [wug],The restless [wugs],-13.228647232055664,-17.791147232055664,-12.65575885772705,-13.78075885772705,-13.704768180847168,-16.76726722717285,-12.81024169921875,-13.68524169921875,64
test,1,The restless [wugs],The restless [wug],-13.791597366333008,-16.229097366333008,-13.78075885772705,-12.65575885772705,-13.81872272491455,-14.94372272491455,-13.68524169921875,-12.81024169921875,64
test,0,The curious [wug],The curious [wugs],-13.603276252746582,-15.665776252746582,-11.71825885772705,-11.28075885772705,-14.014068603515625,-14.514068603515625,-11.87274169921875,-11.18524169921875,64
test,1,The curious [wugs],The curious [wug],-12.003362655639648,-16.06586265563965,-11.28075885772705,-11.71825885772705,-11.876132011413574,-15.688632011413574,-11.18524169921875,-11.87274169921875,64
test,0,The restless [wug],The restless [wugs],-12.603647232055664,-15.978647232055664,-12.65575885772705,-13.46825885772705,-13.079768180847168,-15.204768180847168,-12.93524169921875,-13.49774169921875,64
test,1,The restless [wugs],The restless [wug],-15.291597366333008,-17.104097366333008,-13.46825885772705,-12.65575885772705,-15.31872272491455,-15.75622272491455,-13.49774169921875,-12.93524169921875,64
test,0,The gentle [wug],The gentle [wugs],-16.25722312927246,-17.38222312927246,-16.093259811401367,-15.15575885772705,-17.7192325592041,-17.3442325592041,-16.31024169921875,-15.12274169921875,64
test,1,The gentle [wugs],The gentle [wug],-14.936408042907715,-17.4989070892334,-15.15575885772705,-16.093259811401367,-15.380082130432129,-16.567583084106445,-15.12274169921875,-16.31024169921875,64
test,0,The graceful [wug],The graceful [wugs],-8.974678039550781,-13.599678039550781,-11.09325885772705,-11.40575885772705,-11.127005577087402,-13.314505577087402,-11.18524169921875,-11.24774169921875,64
test,1,The graceful [wugs],The graceful [wug],-9.017722129821777,-14.080222129821777,-11.40575885772705,-11.09325885772705,-9.909818649291992,-14.097318649291992,-11.24774169921875,-11.18524169921875,64
test,0,The graceful [wug],The graceful [wugs],-12.974678039550781,-14.162178039550781,-14.90575885772705,-14.96825885772705,-14.939505577087402,-14.252005577087402,-14.99774169921875,-14.81024169921875,64
test,1,The graceful [wugs],The graceful [wug],-17.14272117614746,-18.54897117614746,-14.96825885772705,-14.90575885772705,-17.159818649291992,-17.972318649291992,-14.81024169921875,-14.99774169921875,64
test,0,The clumsy [wug],The clumsy [wugs],-12.623245239257812,-16.560745239257812,-12.65575885772705,-13.78075885772705,-14.164485931396484,-14.914485931396484,-12.81024169921875,-13.68524169921875,64
test,1,The clumsy [wugs],The clumsy [wug],-13.64481258392334,-15.95731258392334,-13.78075885772705,-12.65575885772705,-13.699552536010742,-14.949552536010742,-13.68524169921875,-12.81024169921875,64
test,0,The spotted [wug],The spotted [wugs],-16.548202514648438,-23.985702514648438,-13.78075885772705,-13.71825885772705,-18.98214340209961,-19.57589340209961,-13.99774169921875,-13.62274169921875,64
test,1,The spotted [wugs],The spotted [wug],-13.097729682922363,-15.535229682922363,-13.71825885772705,-13.78075885772705,-13.355514526367188,-14.793014526367188,-13.62274169921875,-13.99774169921875,64
test,0,The tiny [wug],The tiny [wugs],-12.81229019165039,-15.81229019165039,-12.78075885772705,-13.34325885772705,-13.905572891235352,-15.468072891235352,-12.99774169921875,-13.24774169921875,64
test,1,The tiny [wugs],The tiny [wug],-12.337986946105957,-14.400486946105957,-13.34325885772705,-12.78075885772705,-13.17381477355957,-13.86131477355957,-13.24774169921875,-12.99774169921875,64
test,0,The shy [wug],The shy [wugs],-14.838808059692383,-15.776308059692383,-13.59325885772705,-12.28075885772705,-16.371824264526367,-14.809325218200684,-13.74774169921875,-12.06024169921875,64
test,1,The shy [wugs],The shy [wug],-13.980386734008789,-16.98038673400879,-12.28075885772705,-13.59325885772705,-14.259377479553223,-15.946877479553223,-12.06024169921875,-13.74774169921875,64
test,0,The strange [wug],The strange [wugs],-14.641824722290039,-18.45432472229004,-12.65575885772705,-13.78075885772705,-14.957987785339355,-17.64548683166504,-12.81024169921875,-13.68524169921875,64
test,1,The strange [wugs],The strange [wug],-14.739387512207031,-16.42688751220703,-13.78075885772705,-12.65575885772705,-15.039466857910156,-15.414466857910156,-13.68524169921875,-12.81024169921875,64
test,0,The fierce [wug],The fierce [wugs],-14.243098258972168,-14.493098258972168,-14.28075885772705,-12.59325885772705,-15.69968032836914,-14.57468032836914,-14.56024169921875,-12.49774169921875,64
test,1,The fierce [wugs],The fierce [wug],-13.19289779663086,-16.94289779663086,-12.59325885772705,-14.28075885772705,-14.007272720336914,-16.757272720336914,-12.49774169921875,-14.56024169921875,64
test,0,The wary [wug],The wary [wugs],-10.243491172790527,-15.680991172790527,-13.78075885772705,-13.71825885772705,-11.407309532165527,-14.407309532165527,-13.99774169921875,-13.62274169921875,64
test,1,The wary [wugs],The wary [wug],-13.779317855834961,-15.466817855834961,-13.71825885772705,-13.78075885772705,-13.902766227722168,-14.590266227722168,-13.62274169921875,-13.99774169921875,64
test,0,The fierce [wug],The fierce [wugs],-11.930598258972168,-15.805598258972168,-12.09325885772705,-12.65575885772705,-13.07468032836914,-15.19968032836914,-12.18524169921875,-12.49774169921875,64
test,1,The fierce [wugs],The fierce [wug],-11.81789779663086,-15.00539779663086,-12.65575885772705,-12.09325885772705,-12.132272720336914,-14.507272720336914,-12.49774169921875,-12.18524169921875,64
test,0,The bold [wug],The bold [wugs],-14.619043350219727,-16.494043350219727,-13.15575885772705,-14.34325885772705,-14.824021339416504,-16.324020385742188,-13.37274169921875,-14.18524169921875,64
test,1,The bold [wugs],The bold [wug],-15.634897232055664,-16.259897232055664,-14.34325885772705,-13.15575885772705,-15.58673095703125,-14.96173095703125,-14.18524169921875,-13.37274169921875,64
test,0,The gentle [wug],The gentle [wugs],-13.632224082946777,-18.38222312927246,-12.46825885772705,-13.40575885772705,-14.531731605529785,-17.4692325592041,-12.56024169921875,-13.18524169921875,64
test,1,The gentle [wugs],The gentle [wug],-12.686408042907715,-15.498908042907715,-13.40575885772705,-12.46825885772705,-13.442582130432129,-14.692582130432129,-13.18524169921875,-12.56024169921875,64
test,0,The strange [wug],The strange [wugs],-13.829324722290039,-13.954324722290039,-13.84325885772705,-13.84325885772705,-14.145487785339355,-14.145487785339355,-13.99774169921875,-13.74774169921875,64
test,1,The strange [wugs],The strange [wug],-15.301887512207031,-15.989387512207031,-13.84325885772705,-13.84325885772705,-15.789466857910156,-15.351966857910156,-13.74774169921875,-13.99774169921875,64
test,0,The bold [wug],The bold [wugs],-12.431543350219727,-13.056543350219727,-13.21825885772705,-11.28075885772705,-12.574021339416504,-12.824021339416504,-13.37274169921875,-11.18524169921875,64
test,1,The bold [wugs],The bold [wug],-12.447397232055664,-15.759897232055664,-11.28075885772705,-13.21825885772705,-13.02423095703125,-14.77423095703125,-11.18524169921875,-13.37274169921875,64
test,0,The bold [wug],The bold [wugs],-11.494043350219727,-13.244043350219727,-12.78075885772705,-13.34325885772705,-11.761521339416504,-13.136521339416504,-12.99774169921875,-13.24774169921875,64
test,1,The bold [wugs],The bold [wug],-12.697397232055664,-15.197397232055664,-13.34325885772705,-12.78075885772705,-13.89923095703125,-14.64923095703125,-13.24774169921875,-12.99774169921875,64
test,0,The wary [wug],The wary [wugs],-11.180991172790527,-14.430991172790527,-12.78075885772705,-13.34325885772705,-12.469809532165527,-13.469809532165527,-12.99774169921875,-13.24774169921875,64
test,1,The wary [wugs],The wary [wug],-13.466817855834961,-15.091817855834961,-13.34325885772705,-12.78075885772705,-13.777766227722168,-14.090266227722168,-13.24774169921875,-12.99774169921875,64
test,0,The gentle [wug],The gentle [wugs],-12.257224082946777,-14.257224082946777,-12.78075885772705,-13.34325885772705,-13.469231605529785,-13.781731605529785,-12.99774169921875,-13.24774169921875,64
test,1,The gentle [wugs],The gentle [wug],-11.623908042907715,-13.686408042907715,-13.34325885772705,-12.78075885772705,-12.942582130432129,-13.317582130432129,-13.24774169921875,-12.99774169921875,64
test,0,The graceful [wug],The graceful [wugs],-15.349678039550781,-16.72467803955078,-14.78075885772705,-15.40575885772705,-17.002004623413086,-16.252004623413086,-14.87274169921875,-15.37274169921875,64
test,1,The graceful [wugs],The graceful [wug],-15.517722129821777,-16.26772117614746,-15.40575885772705,-14.78075885772705,-15.347318649291992,-16.097318649291992,-15.37274169921875,-14.87274169921875,64
test,0,The shy [wug],The shy [wugs],-13.588808059692383,-16.838808059692383,-13.90575885772705,-12.71825885772705,-14.871825218200684,-15.934325218200684,-13.93524169921875,-12.43524169921875,64
test,1,The shy [wugs],The shy [wug],-12.605386734008789,-17.48038673400879,-12.71825885772705,-13.90575885772705,-13.259377479553223,-16.884376525878906,-12.43524169921875,-13.93524169921875,64
test,0,The tiny [wug],The tiny [wugs],-17.81229019165039,-18.56229019165039,-14.09325885772705,-13.21825885772705,-19.34307289123535,-18.40557289123535,-14.31024169921875,-13.06024169921875,64
test,1,The tiny [wugs],The tiny [wug],-14.400486946105957,-16.77548599243164,-13.21825885772705,-14.09325885772705,-14.54881477355957,-15.98631477355957,-13.06024169921875,-14.31024169921875,64
test,0,The curious [wug],The curious [wugs],-11.915776252746582,-16.290775299072266,-12.09325885772705,-12.65575885772705,-12.451568603515625,-14.951568603515625,-12.18524169921875,-12.49774169921875,64
test,1,The curious [wugs],The curious [wug],-13.378362655639648,-16.50336265563965,-12.65575885772705,-12.09325885772705,-12.751132011413574,-15.813632011413574,-12.49774169921875,-12.18524169921875,64
test,0,The shy [wug],The shy [wugs],-15.088808059692383,-17.088808059692383,-13.84325885772705,-12.78075885772705,-16.684324264526367,-16.621824264526367,-13.99774169921875,-12.62274169921875,64
test,1,The shy [wugs],The shy [wug],-14.417886734008789,-16.91788673400879,-12.78075885772705,-13.84325885772705,-14.259377479553223,-16.071876525878906,-12.62274169921875,-13.99774169921875,64
test,0,The spotted [wug],The spotted [wugs],-15.110701560974121,-17.946640014648438,-12.96825885772705,-13.15575885772705,-19.35714340209961,-17.26339340209961,-12.99774169921875,-12.87274169921875,64
test,1,The spotted [wugs],The spotted [wug],-11.535229682922363,-14.222729682922363,-13.15575885772705,-12.96825885772705,-11.668014526367188,-13.605514526367188,-12.87274169921875,-12.99774169921875,64
test,0,The fierce [wug],The fierce [wugs],-14.743098258972168,-17.18059730529785,-14.59325885772705,-13.78075885772705,-16.38718032836914,-17.01218032836914,-14.68524169921875,-13.62274169921875,64
test,1,The fierce [wugs],The fierce [wug],-12.88039779663086,-17.00539779663086,-13.78075885772705,-14.59325885772705,-13.444772720336914,-16.382272720336914,-13.62274169921875,-14.68524169921875,64
test,0,The clumsy [wug],The clumsy [wugs],-14.623245239257812,-16.935745239257812,-13.90575885772705,-12.71825885772705,-15.851985931396484,-16.039485931396484,-13.93524169921875,-12.43524169921875,64
test,1,The clumsy [wugs],The clumsy [wug],-12.51981258392334,-17.988563537597656,-12.71825885772705,-13.90575885772705,-13.074552536010742,-17.137052536010742,-12.43524169921875,-13.93524169921875,64
test,0,The tiny [wug],The tiny [wugs],-13.87479019165039,-15.93729019165039,-12.46825885772705,-13.15575885772705,-15.030572891235352,-16.46807289123535,-12.56024169921875,-12.93524169921875,64
test,1,The tiny [wugs],The tiny [wug],-13.462986946105957,-15.837986946105957,-13.15575885772705,-12.46825885772705,-13.79881477355957,-14.98631477355957,-12.93524169921875,-12.56024169921875,64
test,0,The restless [wug],The restless [wugs],-14.916147232055664,-15.478647232055664,-14.28075885772705,-12.59325885772705,-15.517268180847168,-14.579768180847168,-14.56024169921875,-12.49774169921875,64
test,1,The restless [wugs],The restless [wug],-13.854097366333008,-17.791597366333008,-12.59325885772705,-14.28075885772705,-14.50622272491455,-17.318721771240234,-12.49774169921875,-14.56024169921875,64
test,0,The restless [wug],The restless [wugs],-11.416147232055664,-13.791147232055664,-12.78075885772705,-13.34325885772705,-11.954768180847168,-13.017268180847168,-12.99774169921875,-13.24774169921875,64
test,1,The restless [wugs],The restless [wug],-12.354097366333008,-14.604097366333008,-13.34325885772705,-12.78075885772705,-12.94372272491455,-13.81872272491455,-13.24774169921875,-12.99774169921875,64
test,0,The sturdy [wug],The sturdy [wugs],-12.378308296203613,-14.565808296203613,-11.34325885772705,-11.21825885772705,-13.22956657409668,-13.16706657409668,-11.43524169921875,-10.99774169921875,64
test,1,The sturdy [wugs],The sturdy [wug],-9.683877944946289,-13.433877944946289,-11.21825885772705,-11.34325885772705,-9.973784446716309,-12.598784446716309,-10.99774169921875,-11.43524169921875,64
test,0,The clumsy [wug],The clumsy [wugs],-13.998245239257812,-18.341995239257812,-11.40575885772705,-12.53075885772705,-15.226985931396484,-18.289485931396484,-11.62274169921875,-12.43524169921875,64
test,1,The clumsy [wugs],The clumsy [wug],-13.58231258392334,-16.394813537597656,-12.53075885772705,-11.40575885772705,-13.574552536010742,-15.387052536010742,-12.43524169921875,-11.62274169921875,64
test,0,The gentle [wug],The gentle [wugs],-14.194724082946777,-14.819724082946777,-13.59325885772705,-12.28075885772705,-15.969231605529785,-14.469231605529785,-13.74774169921875,-12.06024169921875,64
test,1,The gentle [wugs],The gentle [wug],-12.936408042907715,-16.1239070892334,-12.28075885772705,-13.59325885772705,-13.942582130432129,-14.880082130432129,-12.06024169921875,-13.74774169921875,64
test,0,The wary [wug],The wary [wugs],-12.805991172790527,-15.368491172790527,-13.84325885772705,-13.84325885772705,-14.094809532165527,-15.157309532165527,-13.99774169921875,-13.74774169921875,64
test,1,The wary [wugs],The wary [wug],-14.154317855834961,-14.529317855834961,-13.84325885772705,-13.84325885772705,-14.340266227722168,-13.902766227722168,-13.74774169921875,-13.99774169921875,64
test,0,The sturdy [wug],The sturdy [wugs],-9.815808296203613,-14.190808296203613,-11.40575885772705,-12.53075885772705,-11.22956657409668,-14.29206657409668,-11.62274169921875,-12.43524169921875,64
test,1,The sturdy [wugs],The sturdy [wug],-12.621377944946289,-14.996377944946289,-12.53075885772705,-11.40575885772705,-12.598784446716309,-13.911284446716309,-12.43524169921875,-11.62274169921875,64
test,0,The spotted [wug],The spotted [wugs],-18.134140014648438,-19.777694702148438,-13.15575885772705,-13.84325885772705,-18.88839340209961,-16.45089340209961,-13.43524169921875,-13.68524169921875,64
test,1,The spotted [wugs],The spotted [wug],-12.597729682922363,-14.535229682922363,-13.84325885772705,-13.15575885772705,-12.918014526367188,-13.793014526367188,-13.68524169921875,-13.43524169921875,64
test,0,The tiny [wug],The tiny [wugs],-15.24979019165039,-16.74979019165039,-13.84325885772705,-13.84325885772705,-16.46807289123535,-16.96807289123535,-13.99774169921875,-13.74774169921875,64
test,1,The tiny [wugs],The tiny [wug],-14.337986946105957,-15.212986946105957,-13.84325885772705,-13.84325885772705,-14.92381477355957,-14.79881477355957,-13.74774169921875,-13.99774169921875,64
test,0,The lively [wug],The lively [wugs],-15.219456672668457,-16.34445571899414,-12.59325885772705,-12.03075885772705,-16.32524871826172,-15.512749671936035,-12.81024169921875,-11.93524169921875,64
test,1,The lively [wugs],The lively [wug],-11.932385444641113,-16.244884490966797,-12.03075885772705,-12.59325885772705,-12.412251472473145,-15.849751472473145,-11.93524169921875,-12.81024169921875,64
test,0,The curious [wug],The curious [wugs],-14.790776252746582,-16.540775299072266,-13.40575885772705,-13.59325885772705,-15.389068603515625,-16.639068603515625,-13.49774169921875,-13.43524169921875,64
test,1,The curious [wugs],The curious [wug],-15.315862655639648,-16.94086265563965,-13.59325885772705,-13.40575885772705,-15.501132011413574,-16.62613296508789,-13.43524169921875,-13.49774169921875,64
test,0,The wary [wug],The wary [wugs],-14.305991172790527,-16.68099021911621,-14.15575885772705,-13.53075885772705,-15.844809532165527,-16.469810485839844,-14.31024169921875,-13.37274169921875,64
test,1,The wary [wugs],The wary [wug],-14.529317855834961,-16.77931785583496,-13.53075885772705,-14.15575885772705,-14.777766227722168,-16.215267181396484,-13.37274169921875,-14.31024169921875,64
test,0,The tiny [wug],The tiny [wugs],-13.18729019165039,-17.74979019165039,-12.09325885772705,-12.65575885772705,-14.218072891235352,-16.90557289123535,-12.18524169921875,-12.49774169921875,64
test,1,The tiny [wugs],The tiny [wug],-12.587986946105957,-15.962986946105957,-12.65575885772705,-12.09325885772705,-13.23631477355957,-15.48631477355957,-12.49774169921875,-12.18524169921875,64
test,0,The bold [wug],The bold [wugs],-13.369043350219727,-14.056543350219727,-12.53075885772705,-12.28075885772705,-13.386521339416504,-13.324021339416504,-12.68524169921875,-12.12274169921875,64
test,1,The bold [wugs],The bold [wug],-14.634897232055664,-15.759897232055664,-12.28075885772705,-12.53075885772705,-15.08673095703125,-15.14923095703125,-12.12274169921875,-12.68524169921875,64
test,0,The round [wug],The round [wugs],-11.890340805053711,-14.515340805053711,-12.09325885772705,-11.78075885772705,-12.411993980407715,-11.474493980407715,-12.18524169921875,-11.62274169921875,64
test,1,The round [wugs],The round [wug],-11.400426864624023,-15.087926864624023,-11.78075885772705,-12.09325885772705,-11.579136848449707,-14.016636848449707,-11.62274169921875,-12.18524169921875,64
test,0,The fierce [wug],The fierce [wugs],-14.180598258972168,-15.680598258972168,-14.90575885772705,-14.96825885772705,-15.57468032836914,-16.07468032836914,-14.99774169921875,-14.81024169921875,64
test,1,The fierce [wugs],The fierce [wug],-15.00539779663086,-17.03664779663086,-14.96825885772705,-14.90575885772705,-15.257272720336914,-16.319772720336914,-14.81024169921875,-14.99774169921875,64
test,0,The shy [wug],The shy [wugs],-11.213808059692383,-12.276308059692383,-11.84325885772705,-9.90575885772705,-12.434325218200684,-11.621825218200684,-11.99774169921875,-9.74774169921875,64
test,1,The shy [wugs],The shy [wug],-10.292886734008789,-14.480386734008789,-9.90575885772705,-11.84325885772705,-10.946877479553223,-14.196877479553223,-9.74774169921875,-11.99774169921875,64
test,0,The graceful [wug],The graceful [wugs],-11.287178039550781,-14.787178039550781,-12.96825885772705,-13.15575885772705,-13.689505577087402,-14.814505577087402,-12.99774169921875,-12.87274169921875,64
test,1,The graceful [wugs],The graceful [wug],-13.017722129821777,-14.892722129821777,-13.15575885772705,-12.96825885772705,-13.159818649291992,-14.847318649291992,-12.87274169921875,-12.99774169921875,64
test,0,The round [wug],The round [wugs],-13.577840805053711,-15.202840805053711,-10.65575885772705,-10.28075885772705,-13.911993980407715,-13.286993980407715,-10.87274169921875,-10.06024169921875,64
test,1,The round [wugs],The round [wug],-10.337926864624023,-13.150426864624023,-10.28075885772705,-10.65575885772705,-11.016636848449707,-12.704136848449707,-10.06024169921875,-10.87274169921875,64
test,0,The gentle [wug],The gentle [wugs],-14.507224082946777,-14.757224082946777,-14.28075885772705,-12.59325885772705,-15.906731605529785,-14.406731605529785,-14.56024169921875,-12.49774169921875,64
test,1,The gentle [wugs],The gentle [wug],-13.186408042907715,-16.8739070892334,-12.59325885772705,-14.28075885772705,-14.380082130432129,-16.567583084106445,-12.49774169921875,-14.56024169921875,64
test,0,The tiny [wug],The tiny [wugs],-15.93729019165039,-18.49979019165039,-14.21825885772705,-15.09325885772705,-17.40557289123535,-18.28057289123535,-14.43524169921875,-14.93524169921875,64
test,1,The tiny [wugs],The tiny [wug],-16.08798599243164,-17.71298599243164,-15.09325885772705,-14.21825885772705,-16.67381477355957,-16.73631477355957,-14.93524169921875,-14.43524169921875,64
test,0,The graceful [wug],The graceful [wugs],-10.662178039550781,-13.599678039550781,-11.46825885772705,-11.65575885772705,-12.377005577087402,-12.939505577087402,-11.56024169921875,-11.49774169921875,64
test,1,The graceful [wugs],The graceful [wug],-10.955222129821777,-14.955222129821777,-11.65575885772705,-11.46825885772705,-11.909818649291992,-14.847318649291992,-11.49774169921875,-11.56024169921875,64
test,0,The strange [wug],The strange [wugs],-12.516824722290039,-15.266824722290039,-12.46825885772705,-13.15575885772705,-12.770487785339355,-15.207987785339355,-12.56024169921875,-12.93524169921875,64
test,1,The strange [wugs],The strange [wug],-14.614387512207031,-15.926887512207031,-13.15575885772705,-12.46825885772705,-14.476966857910156,-14.476966857910156,-12.93524169921875,-12.56024169921875,64
test,0,The shy [wug],The shy [wugs],-15.463808059692383,-16.963808059692383,-14.15575885772705,-13.53075885772705,-16.559324264526367,-16.559324264526367,-14.31024169921875,-13.37274169921875,64
test,1,The shy [wugs],The shy [wug],-14.667886734008789,-17.41788673400879,-13.53075885772705,-14.15575885772705,-15.009377479553223,-16.946876525878906,-13.37274169921875,-14.31024169921875,64
test,0,The bold [wug],The bold [wugs],-13.619043350219727,-16.869043350219727,-13.78075885772705,-13.71825885772705,-13.386521339416504,-15.824021339416504,-13.99774169921875,-13.62274169921875,64
test,1,The bold [wugs],The bold [wug],-13.884897232055664,-15.697397232055664,-13.71825885772705,-13.78075885772705,-14.08673095703125,-14.58673095703125,-13.62274169921875,-13.99774169921875,64
test,0,The fierce [wug],The fierce [wugs],-14.118098258972168,-15.993098258972168,-13.84325885772705,-13.21825885772705,-15.82468032836914,-16.13718032836914,-14.18524169921875,-13.12274169921875,64
test,1,The fierce [wugs],The fierce [wug],-13.31789779663086,-16.84914779663086,-13.21825885772705,-13.84325885772705,-13.632272720336914,-15.694772720336914,-13.12274169921875,-14.18524169921875,64
test,0,The bold [wug],The bold [wugs],-10.431543350219727,-12.681543350219727,-10.65575885772705,-10.28075885772705,-10.636521339416504,-12.199021339416504,-10.87274169921875,-10.06024169921875,64
test,1,The bold [wugs],The bold [wug],-10.884897232055664,-13.697397232055664,-10.28075885772705,-10.65575885772705,-11.83673095703125,-13.14923095703125,-10.06024169921875,-10.87274169921875,64
test,0,The strange [wug],The strange [wugs],-15.391824722290039,-16.76682472229004,-12.28075885772705,-12.03075885772705,-15.645487785339355,-16.45798683166504,-12.43524169921875,-11.87274169921875,64
test,1,The strange [wugs],The strange [wug],-13.301887512207031,-15.551887512207031,-12.03075885772705,-12.28075885772705,-13.539466857910156,-14.664466857910156,-11.87274169921875,-12.43524169921875,64
test,0,The bold [wug],The bold [wugs],-10.806543350219727,-10.931543350219727,-11.84325885772705,-9.90575885772705,-11.074021339416504,-10.699021339416504,-11.99774169921875,-9.74774169921875,64
test,1,The bold [wugs],The bold [wug],-9.697397232055664,-13.759897232055664,-9.90575885772705,-11.84325885772705,-10.33673095703125,-13.02423095703125,-9.74774169921875,-11.99774169921875,64
test,0,The wary [wug],The wary [wugs],-17.14974021911621,-18.30599021911621,-16.155759811401367,-14.53075885772705,-17.844810485839844,-17.344810485839844,-16.37274169921875,-14.56024169921875,64
test,1,The wary [wugs],The wary [wug],-15.966817855834961,-17.56056785583496,-14.53075885772705,-16.155759811401367,-15.715266227722168,-16.590267181396484,-14.56024169921875,-16.37274169921875,64
test,0,The lively [wug],The lively [wugs],-12.594456672668457,-16.34445571899414,-12.65575885772705,-13.78075885772705,-13.825249671936035,-15.575249671936035,-12.81024169921875,-13.68524169921875,64
test,1,The lively [wugs],The lively [wug],-12.932385444641113,-14.619885444641113,-13.78075885772705,-12.65575885772705,-13.099751472473145,-13.974751472473145,-13.68524169921875,-12.81024169921875,64
test,0,The gentle [wug],The gentle [wugs],-14.944724082946777,-15.444724082946777,-14.59325885772705,-12.84325885772705,-16.3442325592041,-15.656731605529785,-14.87274169921875,-12.74774169921875,64
test,1,The gentle [wugs],The gentle [wug],-14.436408042907715,-16.7489070892334,-12.84325885772705,-14.59325885772705,-14.880082130432129,-16.130083084106445,-12.74774169921875,-14.87274169921875,64
test,0,The gentle [wug],The gentle [wugs],-15.069724082946777,-15.944724082946777,-11.78075885772705,-11.09325885772705,-15.781731605529785,-15.781731605529785,-11.93524169921875,-10.93524169921875,64
test,1,The gentle [wugs],The gentle [wug],-13.373908042907715,-16.2489070892334,-11.09325885772705,-11.78075885772705,-13.380082130432129,-15.192582130432129,-10.93524169921875,-11.93524169921875,64
test,0,The spotted [wug],The spotted [wugs],-15.329451560974121,-17.516952514648438,-14.78075885772705,-14.46825885772705,-20.90401840209961,-15.54464340209961,-14.87274169921875,-14.31024169921875,64
test,1,The spotted [wugs],The spotted [wug],-11.910229682922363,-16.785228729248047,-14.46825885772705,-14.78075885772705,-12.480514526367188,-16.043014526367188,-14.31024169921875,-14.87274169921875,64
test,0,The restless [wug],The restless [wugs],-14.728647232055664,-16.603647232055664,-12.28075885772705,-12.03075885772705,-14.954768180847168,-15.767268180847168,-12.43524169921875,-11.87274169921875,64
test,1,The restless [wugs],The restless [wug],-13.604097366333008,-16.229097366333008,-12.03075885772705,-12.28075885772705,-13.63122272491455,-15.06872272491455,-11.87274169921875,-12.43524169921875,64
test,0,The tiny [wug],The tiny [wugs],-15.87479019165039,-16.68729019165039,-14.90575885772705,-14.96825885772705,-17.21807289123535,-16.84307289123535,-14.99774169921875,-14.81024169921875,64
test,1,The tiny [wugs],The tiny [wug],-16.83798599243164,-18.93173599243164,-14.96825885772705,-14.90575885772705,-17.11131477355957,-18.04881477355957,-14.81024169921875,-14.99774169921875,64
test,0,The bold [wug],The bold [wugs],-15.056543350219727,-16.244043350219727,-11.96825885772705,-11.28075885772705,-14.824021339416504,-15.886521339416504,-12.12274169921875,-11.18524169921875,64
test,1,The bold [wugs],The bold [wug],-13.947397232055664,-16.572397232055664,-11.28075885772705,-11.96825885772705,-14.33673095703125,-15.39923095703125,-11.18524169921875,-12.12274169921875,64
test,0,The clever [wug],The clever [wugs],-10.304723739624023,-11.304723739624023,-13.40575885772705,-13.28075885772705,-11.031160354614258,-10.031160354614258,-13.62274169921875,-13.18524169921875,64
test,1,The clever [wugs],The clever [wug],-14.804152488708496,-17.491653442382812,-13.28075885772705,-13.40575885772705,-14.190167427062988,-16.940166473388672,-13.18524169921875,-13.62274169921875,64
test,0,The graceful [wug],The graceful [wugs],-14.037178039550781,-17.44342803955078,-13.78075885772705,-14.28075885772705,-16.377004623413086,-16.752004623413086,-13.93524169921875,-14.18524169921875,64
test,1,The graceful [wugs],The graceful [wug],-14.642722129821777,-18.64272117614746,-14.28075885772705,-13.78075885772705,-15.222318649291992,-18.284818649291992,-14.18524169921875,-13.93524169921875,64
test,0,The clumsy [wug],The clumsy [wugs],-12.373245239257812,-13.623245239257812,-12.78075885772705,-13.34325885772705,-12.539485931396484,-12.164485931396484,-12.99774169921875,-13.24774169921875,64
test,1,The clumsy [wugs],The clumsy [wug],-12.58231258392334,-14.95731258392334,-13.34325885772705,-12.78075885772705,-12.699552536010742,-13.699552536010742,-13.24774169921875,-12.99774169921875,64
test,0,The tiny [wug],The tiny [wugs],-15.56229019165039,-17.68729019165039,-14.15575885772705,-14.84325885772705,-16.59307289123535,-17.53057289123535,-14.37274169921875,-14.81024169921875,64
test,1,The tiny [wugs],The tiny [wug],-15.775486946105957,-16.96298599243164,-14.84325885772705,-14.15575885772705,-15.98631477355957,-16.42381477355957,-14.81024169921875,-14.37274169921875,64
test,0,The lively [wug],The lively [wugs],-14.531956672668457,-17.40695571899414,-14.21825885772705,-15.09325885772705,-15.762749671936035,-17.13774871826172,-14.43524169921875,-14.93524169921875,64
test,1,The lively [wugs],The lively [wug],-15.807385444641113,-17.151134490966797,-15.09325885772705,-14.21825885772705,-15.599751472473145,-16.037250518798828,-14.93524169921875,-14.43524169921875,64
test,0,The restless [wug],The restless [wugs],-16.541147232055664,-20.322397232055664,-15.40575885772705,-15.53075885772705,-17.26726722717285,-19.70476722717285,-15.49774169921875,-15.37274169921875,64
test,1,The restless [wugs],The restless [wug],-15.166597366333008,-18.635347366333008,-15.53075885772705,-15.40575885772705,-14.81872272491455,-17.256221771240234,-15.37274169921875,-15.49774169921875,64
test,0,The gentle [wug],The gentle [wugs],-14.757224082946777,-17.00722312927246,-13.53075885772705,-12.78075885772705,-16.0317325592041,-16.3442325592041,-13.81024169921875,-12.74774169921875,64
test,1,The gentle [wugs],The gentle [wug],-13.248908042907715,-15.811408042907715,-12.78075885772705,-13.53075885772705,-13.942582130432129,-14.880082130432129,-12.74774169921875,-13.81024169921875,64
test,0,The bold [wug],The bold [wugs],-12.869043350219727,-13.931543350219727,-12.28075885772705,-12.03075885772705,-13.574021339416504,-14.199021339416504,-12.43524169921875,-11.87274169921875,64
test,1,The bold [wugs],The bold [wug],-11.759897232055664,-14.009897232055664,-12.03075885772705,-12.28075885772705,-12.39923095703125,-13.21173095703125,-11.87274169921875,-12.43524169921875,64
test,0,The wary [wug],The wary [wugs],-12.368491172790527,-16.99349021911621,-13.53075885772705,-15.09325885772705,-14.282309532165527,-16.469810485839844,-13.49774169921875,-14.81024169921875,64
test,1,The wary [wugs],The wary [wug],-13.529317855834961,-15.091817855834961,-15.09325885772705,-13.53075885772705,-13.777766227722168,-14.090266227722168,-14.81024169921875,-13.49774169921875,64
test,0,The clever [wug],The clever [wugs],-10.992223739624023,-15.054723739624023,-10.90575885772705,-11.28075885772705,-12.281160354614258,-14.781160354614258,-10.87274169921875,-10.99774169921875,64
test,1,The clever [wugs],The clever [wug],-11.429152488708496,-14.679152488708496,-11.28075885772705,-10.90575885772705,-11.877667427062988,-14.502667427062988,-10.99774169921875,-10.87274169921875,64
test,0,The round [wug],The round [wugs],-17.01534080505371,-19.64034080505371,-13.78075885772705,-14.28075885772705,-18.34949493408203,-17.66199493408203,-13.93524169921875,-14.18524169921875,64
test,1,The round [wugs],The round [wug],-14.900426864624023,-17.744176864624023,-14.28075885772705,-13.78075885772705,-15.329136848449707,-16.766637802124023,-14.18524169921875,-13.93524169921875,64
test,0,The lively [wug],The lively [wugs],-14.094456672668457,-14.594456672668457,-12.28075885772705,-11.09325885772705,-14.637749671936035,-13.700249671936035,-12.43524169921875,-10.93524169921875,64
test,1,The lively [wugs],The lively [wug],-10.807385444641113,-14.619885444641113,-11.09325885772705,-12.28075885772705,-11.287251472473145,-13.912251472473145,-10.93524169921875,-12.43524169921875,64
test,0,The gentle [wug],The gentle [wugs],-16.38222312927246,-19.60097312927246,-15.40575885772705,-15.53075885772705,-18.2817325592041,-19.8754825592041,-15.49774169921875,-15.37274169921875,64
test,1,The gentle [wugs],The gentle [wug],-14.998908042907715,-18.4051570892334,-15.53075885772705,-15.40575885772705,-15.005082130432129,-17.067583084106445,-15.37274169921875,-15.49774169921875,64
test,0,The strange [wug],The strange [wugs],-15.454324722290039,-18.01682472229004,-13.65575885772705,-13.28075885772705,-15.895487785339355,-17.27048683166504,-13.74774169921875,-13.06024169921875,64
test,1,The strange [wugs],The strange [wug],-13.489387512207031,-17.30188751220703,-13.28075885772705,-13.65575885772705,-13.789466857910156,-16.414466857910156,-13.06024169921875,-13.74774169921875,64
test,0,The lively [wug],The lively [wugs],-12.719456672668457,-15.406956672668457,-12.09325885772705,-11.78075885772705,-13.825249671936035,-14.450249671936035,-12.18524169921875,-11.62274169921875,64
test,1,The lively [wugs],The lively [wug],-10.557385444641113,-14.682385444641113,-11.78075885772705,-12.09325885772705,-10.599751472473145,-13.599751472473145,-11.62274169921875,-12.18524169921875,64
test,0,The clumsy [wug],The clumsy [wugs],-11.560745239257812,-15.560745239257812,-10.90575885772705,-11.28075885772705,-13.039485931396484,-15.164485931396484,-10.87274169921875,-10.99774169921875,64
test,1,The clumsy [wugs],The clumsy [wug],-10.89481258392334,-14.20731258392334,-11.28075885772705,-10.90575885772705,-11.324552536010742,-13.574552536010742,-10.99774169921875,-10.87274169921875,64
test,0,The spotted [wug],The spotted [wugs],-12.016951560974121,-13.298201560974121,-15.40575885772705,-15.53075885772705,-20.66964340209961,-16.10714340209961,-15.49774169921875,-15.37274169921875,64
test,1,The spotted [wugs],The spotted [wug],-12.097729682922363,-16.535228729248047,-15.53075885772705,-15.40575885772705,-12.355514526367188,-15.543014526367188,-15.37274169921875,-15.49774169921875,64
test,0,The curious [wug],The curious [wugs],-15.228276252746582,-16.353275299072266,-14.15575885772705,-13.53075885772705,-16.451568603515625,-16.389068603515625,-14.31024169921875,-13.37274169921875,64
test,1,The curious [wugs],The curious [wug],-16.00336265563965,-18.65961265563965,-13.53075885772705,-14.15575885772705,-16.68863296508789,-18.87613296508789,-13.37274169921875,-14.31024169921875,64
test,0,The shy [wug],The shy [wugs],-15.151308059692383,-16.713808059692383,-12.90575885772705,-11.96825885772705,-15.934325218200684,-15.621825218200684,-13.18524169921875,-11.87274169921875,64
test,1,The shy [wugs],The shy [wug],-14.105386734008789,-16.29288673400879,-11.96825885772705,-12.90575885772705,-14.321877479553223,-15.509377479553223,-11.87274169921875,-13.18524169921875,64
test,0,The restless [wug],The restless [wugs],-15.728647232055664,-17.416147232055664,-14.15575885772705,-13.53075885772705,-16.26726722717285,-17.01726722717285,-14.31024169921875,-13.37274169921875,64
test,1,The restless [wugs],The restless [wug],-14.604097366333008,-17.291597366333008,-13.53075885772705,-14.15575885772705,-15.00622272491455,-16.818721771240234,-13.37274169921875,-14.31024169921875,64
test,0,The gentle [wug],The gentle [wugs],-11.944724082946777,-15.069724082946777,-12.65575885772705,-13.46825885772705,-13.281731605529785,-14.656731605529785,-12.93524169921875,-13.49774169921875,64
test,1,The gentle [wugs],The gentle [wug],-13.373908042907715,-14.998908042907715,-13.46825885772705,-12.65575885772705,-14.505082130432129,-14.317582130432129,-13.49774169921875,-12.93524169921875,64
test,0,The bold [wug],The bold [wugs],-13.181543350219727,-15.494043350219727,-14.21825885772705,-15.09325885772705,-13.636521339416504,-15.199021339416504,-14.43524169921875,-14.93524169921875,64
test,1,The bold [wugs],The bold [wug],-13.822397232055664,-16.259897232055664,-15.09325885772705,-14.21825885772705,-14.71173095703125,-15.33673095703125,-14.93524169921875,-14.43524169921875,64
test,0,The gentle [wug],The gentle [wugs],-11.694724082946777,-14.132224082946777,-11.03075885772705,-11.28075885772705,-12.906731605529785,-13.844231605529785,-11.24774169921875,-11.18524169921875,64
test,1,The gentle [wugs],The gentle [wug],-13.561408042907715,-15.498908042907715,-11.28075885772705,-11.03075885772705,-13.692582130432129,-14.130082130432129,-11.18524169921875,-11.24774169921875,64
test,0,The fierce [wug],The fierce [wugs],-12.618098258972168,-13.868098258972168,-12.28075885772705,-11.09325885772705,-13.63718032836914,-13.19968032836914,-12.43524169921875,-10.93524169921875,64
test,1,The fierce [wugs],The fierce [wug],-10.50539779663086,-14.31789779663086,-11.09325885772705,-12.28075885772705,-11.319772720336914,-13.819772720336914,-10.93524169921875,-12.43524169921875,64
test,0,The sturdy [wug],The sturdy [wugs],-12.940808296203613,-15.909558296203613,-14.78075885772705,-14.46825885772705,-14.91706657409668,-14.79206657409668,-14.87274169921875,-14.31024169921875,64
test,1,The sturdy [wugs],The sturdy [wug],-13.246377944946289,-16.99637794494629,-14.46825885772705,-14.78075885772705,-13.348784446716309,-15.911284446716309,-14.31024169921875,-14.87274169921875,64
test,0,The sturdy [wug],The sturdy [wugs],-14.190808296203613,-14.565808296203613,-13.40575885772705,-13.59325885772705,-14.60456657409668,-13.66706657409668,-13.49774169921875,-13.43524169921875,64
test,1,The sturdy [wugs],The sturdy [wug],-13.996377944946289,-15.746377944946289,-13.59325885772705,-13.40575885772705,-13.786284446716309,-14.536284446716309,-13.43524169921875,-13.49774169921875,64
test,0,The wary [wug],The wary [wugs],-13.993491172790527,-15.368491172790527,-14.34325885772705,-13.53075885772705,-15.282309532165527,-15.344809532165527,-14.49774169921875,-13.31024169921875,64
test,1,The wary [wugs],The wary [wug],-13.341817855834961,-15.966817855834961,-13.53075885772705,-14.34325885772705,-13.590266227722168,-14.902766227722168,-13.31024169921875,-14.49774169921875,64
test,0,The fierce [wug],The fierce [wugs],-13.868098258972168,-16.89934730529785,-14.78075885772705,-14.46825885772705,-15.57468032836914,-16.82468032836914,-14.87274169921875,-14.31024169921875,64
test,1,The fierce [wugs],The fierce [wug],-13.50539779663086,-17.44289779663086,-14.46825885772705,-14.78075885772705,-14.069772720336914,-16.882272720336914,-14.31024169921875,-14.87274169921875,64
test,0,The shy [wug],The shy [wugs],-15.338808059692383,-16.838808059692383,-14.90575885772705,-14.96825885772705,-16.684324264526367,-16.434324264526367,-14.99774169921875,-14.81024169921875,64
test,1,The shy [wugs],The shy [wug],-16.73038673400879,-18.26163673400879,-14.96825885772705,-14.90575885772705,-16.821876525878906,-17.384376525878906,-14.81024169921875,-14.99774169921875,64
test,0,The clever [wug],The clever [wugs],-12.554723739624023,-14.742223739624023,-12.09325885772705,-11.78075885772705,-13.468660354614258,-13.468660354614258,-12.18524169921875,-11.62274169921875,64
test,1,The clever [wugs],The clever [wug],-12.241652488708496,-16.554153442382812,-11.78075885772705,-12.09325885772705,-12.065167427062988,-16.190166473388672,-11.62274169921875,-12.18524169921875,64
test,0,The fierce [wug],The fierce [wugs],-4.61809778213501,-11.180598258972168,-5.218259334564209,-6.468259334564209,-6.137180328369141,-11.01218032836914,-5.247742176055908,-6.247742176055908,64
test,1,The fierce [wugs],The fierce [wug],-3.4428975582122803,-8.44289779663086,-6.468259334564209,-5.218259334564209,-4.257272720336914,-8.007272720336914,-6.247742176055908,-5.247742176055908,64
test,0,The gentle [wug],The gentle [wugs],-12.069724082946777,-15.319724082946777,-12.09325885772705,-11.78075885772705,-13.344231605529785,-14.531731605529785,-12.18524169921875,-11.62274169921875,64
test,1,The gentle [wugs],The gentle [wug],-11.061408042907715,-14.686408042907715,-11.78075885772705,-12.09325885772705,-11.567582130432129,-13.317582130432129,-11.62274169921875,-12.18524169921875,64
test,0,The curious [wug],The curious [wugs],-16.915775299072266,-18.540775299072266,-16.093259811401367,-15.15575885772705,-17.826568603515625,-18.295318603515625,-16.31024169921875,-15.12274169921875,64
test,1,The curious [wugs],The curious [wug],-18.09711265563965,-21.75336265563965,-15.15575885772705,-16.093259811401367,-18.12613296508789,-21.03238296508789,-15.12274169921875,-16.31024169921875,64
test,0,The curious [wug],The curious [wugs],-14.790776252746582,-16.165775299072266,-14.15575885772705,-14.84325885772705,-15.451568603515625,-15.451568603515625,-14.37274169921875,-14.81024169921875,64
test,1,The curious [wugs],The curious [wug],-17.87836265563965,-19.28461265563965,-14.84325885772705,-14.15575885772705,-16.43863296508789,-18.12613296508789,-14.81024169921875,-14.37274169921875,64
test,0,The round [wug],The round [wugs],-16.85909080505371,-21.12471580505371,-14.59325885772705,-13.78075885772705,-18.31824493408203,-19.00574493408203,-14.68524169921875,-13.62274169921875,64
test,1,The round [wugs],The round [wug],-14.525426864624023,-18.681676864624023,-13.78075885772705,-14.59325885772705,-14.766636848449707,-17.891637802124023,-13.62274169921875,-14.68524169921875,64
test,0,The clumsy [wug],The clumsy [wugs],-14.623245239257812,-15.998245239257812,-12.96825885772705,-12.96825885772705,-15.601985931396484,-14.039485931396484,-13.12274169921875,-12.81024169921875,64
test,1,The clumsy [wugs],The clumsy [wug],-12.33231258392334,-15.01981258392334,-12.96825885772705,-12.96825885772705,-13.012052536010742,-14.262052536010742,-12.81024169921875,-13.12274169921875,64
test,0,The tiny [wug],The tiny [wugs],-17.68729019165039,-19.59354019165039,-16.093259811401367,-15.15575885772705,-19.15557289123535,-19.53057289123535,-16.31024169921875,-15.12274169921875,64
test,1,The tiny [wugs],The tiny [wug],-15.525486946105957,-18.30673599243164,-15.15575885772705,-16.093259811401367,-15.98631477355957,-17.67381477355957,-15.12274169921875,-16.31024169921875,64
test,0,The shy [wug],The shy [wugs],-17.463808059692383,-18.838808059692383,-16.093259811401367,-15.15575885772705,-18.871824264526367,-18.434324264526367,-16.31024169921875,-15.12274169921875,64
test,1,The shy [wugs],The shy [wug],-16.29288673400879,-18.88663673400879,-15.15575885772705,-16.093259811401367,-16.259376525878906,-17.978126525878906,-15.12274169921875,-16.31024169921875,64
test,0,The wary [wug],The wary [wugs],-13.680991172790527,-15.868491172790527,-12.59325885772705,-12.03075885772705,-14.907309532165527,-14.719809532165527,-12.81024169921875,-11.93524169921875,64
test,1,The wary [wugs],The wary [wug],-12.341817855834961,-16.65431785583496,-12.03075885772705,-12.59325885772705,-13.090266227722168,-15.902766227722168,-11.93524169921875,-12.81024169921875,64
test,0,The lively [wug],The lively [wugs],-14.031956672668457,-16.15695571899414,-13.40575885772705,-13.59325885772705,-15.200249671936035,-16.51274871826172,-13.49774169921875,-13.43524169921875,64
test,1,The lively [wugs],The lively [wug],-12.619885444641113,-13.807385444641113,-13.59325885772705,-13.40575885772705,-12.724751472473145,-13.287251472473145,-13.43524169921875,-13.49774169921875,64
test,0,The sturdy [wug],The sturdy [wugs],-13.940808296203613,-15.003308296203613,-14.34325885772705,-13.53075885772705,-15.16706657409668,-14.79206657409668,-14.49774169921875,-13.31024169921875,64
test,1,The sturdy [wugs],The sturdy [wug],-14.183877944946289,-16.55887794494629,-13.53075885772705,-14.34325885772705,-14.098784446716309,-15.161284446716309,-13.31024169921875,-14.49774169921875,64
test,0,The curious [wug],The curious [wugs],-14.790776252746582,-16.290775299072266,-13.65575885772705,-13.28075885772705,-15.514068603515625,-15.326568603515625,-13.74774169921875,-13.06024169921875,64
test,1,The curious [wugs],The curious [wug],-13.003362655639648,-18.03461265563965,-13.28075885772705,-13.65575885772705,-12.938632011413574,-17.37613296508789,-13.06024169921875,-13.74774169921875,64
test,0,The sturdy [wug],The sturdy [wugs],-15.003308296203613,-15.253308296203613,-12.46825885772705,-13.15575885772705,-15.60456657409668,-15.91706657409668,-12.56024169921875,-12.93524169921875,64
test,1,The sturdy [wugs],The sturdy [wug],-13.933877944946289,-15.871377944946289,-13.15575885772705,-12.46825885772705,-13.723784446716309,-14.411284446716309,-12.93524169921875,-12.56024169921875,64
test,0,The fierce [wug],The fierce [wugs],-13.555598258972168,-13.930598258972168,-13.21825885772705,-11.28075885772705,-14.94968032836914,-13.76218032836914,-13.37274169921875,-11.18524169921875,64
test,1,The fierce [wugs],The fierce [wug],-11.88039779663086,-16.00539779663086,-11.28075885772705,-13.21825885772705,-12.444772720336914,-15.507272720336914,-11.18524169921875,-13.37274169921875,64
test,0,The restless [wug],The restless [wugs],-12.478647232055664,-14.916147232055664,-11.90575885772705,-10.78075885772705,-13.142268180847168,-14.204768180847168,-12.06024169921875,-10.68524169921875,64
test,1,The restless [wugs],The restless [wug],-11.666597366333008,-15.979097366333008,-10.78075885772705,-11.90575885772705,-12.13122272491455,-15.19372272491455,-10.68524169921875,-12.06024169921875,64
test,0,The clumsy [wug],The clumsy [wugs],-13.435745239257812,-16.248245239257812,-12.96825885772705,-13.15575885772705,-15.101985931396484,-15.664485931396484,-12.99774169921875,-12.87274169921875,64
test,1,The clumsy [wugs],The clumsy [wug],-12.89481258392334,-15.64481258392334,-13.15575885772705,-12.96825885772705,-13.012052536010742,-14.824552536010742,-12.87274169921875,-12.99774169921875,64
test,0,The lively [wug],The lively [wugs],-13.844456672668457,-15.406956672668457,-11.71825885772705,-11.28075885772705,-14.637749671936035,-14.637749671936035,-11.87274169921875,-11.18524169921875,64
test,1,The lively [wugs],The lively [wug],-10.057385444641113,-14.119885444641113,-11.28075885772705,-11.71825885772705,-10.662251472473145,-13.849751472473145,-11.18524169921875,-11.87274169921875,64
test,0,The clever [wug],The clever [wugs],-16.429723739624023,-16.867223739624023,-12.59325885772705,-12.03075885772705,-17.281160354614258,-16.031160354614258,-12.81024169921875,-11.93524169921875,64
test,1,The clever [wugs],The clever [wug],-13.116652488708496,-18.022903442382812,-12.03075885772705,-12.59325885772705,-13.315167427062988,-17.877666473388672,-11.93524169921875,-12.81024169921875,64
