split,inverse,eval_input,counterfactual_input,clean_logp_A,clean_logp_B,complement_ablation_logp_A,complement_ablation_logp_B,circuit_ablation_logp_A,circuit_ablation_logp_B,all_ablation_logp_A,all_ablation_logp_B,n_nodes
train,0,The timid cow,The timid cows,-13.671525955200195,-15.046525955200195,-11.87060260772705,-13.80810260772705,-13.954608917236328,-14.767108917236328,-11.932300567626953,-13.557300567626953,128
train,1,The timid cows,The timid cow,-12.153669357299805,-17.466169357299805,-10.549705505371094,-15.924705505371094,-11.755035400390625,-16.380035400390625,-10.158605575561523,-14.783605575561523,128
train,0,The small dog,The small dogs,-1.7867748737335205,-9.786774635314941,-2.465162754058838,-9.965163230895996,-1.723853349685669,-8.97385311126709,-2.364703416824341,-9.239703178405762,128
train,1,The small dogs,The small dog,-3.0298714637756348,-8.404870986938477,-3.085073947906494,-9.085073471069336,-2.813042402267456,-7.563042163848877,-3.0766608715057373,-8.326661109924316,128
train,0,The calm doe,The calm does,-5.39596700668335,-10.958466529846191,-5.367152214050293,-10.117152214050293,-6.9349870681762695,-10.49748706817627,-6.759176254272461,-9.634176254272461,128
train,1,The calm does,The calm doe,-14.578115463256836,-17.640615463256836,-10.644196510314941,-13.956696510314941,-14.389829635620117,-17.452329635620117,-10.275713920593262,-13.713213920593262,128
train,0,The timid doe,The timid does,-7.121009349822998,-12.24600887298584,-8.203582763671875,-12.703582763671875,-7.30189847946167,-11.739398002624512,-8.685283660888672,-12.435283660888672,128
train,1,The timid does,The timid doe,-17.482818603515625,-20.232818603515625,-14.576845169067383,-17.451845169067383,-17.25130844116211,-20.56380844116211,-14.597824096679688,-17.660324096679688,128
train,0,The nervous bat,The nervous bats,-13.856792449951172,-14.419292449951172,-12.306587219238281,-13.431587219238281,-14.015950202941895,-14.328450202941895,-12.435019493103027,-13.372519493103027,128
train,1,The nervous bats,The nervous bat,-12.983713150024414,-14.796213150024414,-12.703951835632324,-14.891451835632324,-12.75198745727539,-14.37698745727539,-12.517104148864746,-14.517104148864746,128
train,0,The small doe,The small does,-11.32034969329834,-13.94534969329834,-10.557718276977539,-13.307718276977539,-11.579164505004883,-12.954164505004883,-10.801258087158203,-12.488758087158203,128
train,1,The small does,The small doe,-14.415715217590332,-16.790714263916016,-10.959494590759277,-14.084494590759277,-14.306485176086426,-16.80648422241211,-11.149412155151367,-14.399412155151367,128
train,0,The sleepy pup,The sleepy pups,-13.359182357788086,-16.671682357788086,-13.67856502532959,-16.303564071655273,-13.52956771850586,-16.27956771850586,-14.007463455200195,-15.944963455200195,128
train,1,The sleepy pups,The sleepy pup,-13.358414649963379,-19.233415603637695,-12.403255462646484,-18.903255462646484,-13.413015365600586,-18.413015365600586,-12.548584938049316,-18.173585891723633,128
train,0,The bright frog,The bright frogs,-14.569903373718262,-18.069904327392578,-14.070504188537598,-17.820505142211914,-14.728034019470215,-17.7280330657959,-14.310752868652344,-17.560752868652344,128
train,1,The bright frogs,The bright frog,-14.548650741577148,-17.61115074157715,-14.61754322052002,-17.680044174194336,-14.539973258972168,-16.852474212646484,-14.58394718170166,-16.958946228027344,128
train,0,The sleepy panda,The sleepy pandas,-10.681156158447266,-16.243656158447266,-11.018813133239746,-16.893814086914062,-10.423940658569336,-15.611440658569336,-11.064305305480957,-16.314306259155273,128
train,1,The sleepy pandas,The sleepy panda,-10.112401008605957,-13.299901008605957,-10.008069038391113,-13.633069038391113,-10.132061004638672,-12.882061004638672,-9.882970809936523,-13.132970809936523,128
train,0,The fuzzy horse,The fuzzy horses,-1.216976523399353,-9.341976165771484,-1.169302225112915,-9.794301986694336,-1.299271821975708,-8.049271583557129,-1.228512167930603,-8.603511810302734,128
train,1,The fuzzy horses,The fuzzy horse,-2.0861003398895264,-5.9611005783081055,-1.8962295055389404,-6.1462297439575195,-2.297118663787842,-5.172118663787842,-2.0160937309265137,-5.266093730926514,128
train,0,The fuzzy cock,The fuzzy cocks,-7.981237411499023,-15.168737411499023,-4.592886924743652,-11.655386924743652,-7.963344573974609,-14.40084457397461,-3.9334092140197754,-9.870908737182617,128
train,1,The fuzzy cocks,The fuzzy cock,-2.4617292881011963,-3.5867292881011963,-1.5703636407852173,-3.9453635215759277,-2.3879456520080566,-3.3879456520080566,-1.4735528230667114,-3.473552703857422,128
train,0,The bright rat,The bright rats,-1.6386510133743286,-8.888650894165039,-1.880789041519165,-9.880788803100586,-1.511875033378601,-7.136875152587891,-1.8210853338241577,-8.196084976196289,128
train,1,The bright rats,The bright rat,-2.156224250793457,-6.531224250793457,-1.9444847106933594,-6.694484710693359,-2.224048614501953,-6.224048614501953,-2.0022568702697754,-6.502256870269775,128
train,0,The calm cock,The calm cocks,-5.654760360717773,-13.654760360717773,-1.8910245895385742,-10.078524589538574,-5.718688488006592,-12.90618896484375,-1.5543253421783447,-8.054325103759766,128
train,1,The calm cocks,The calm cock,-2.166713237762451,-4.541713237762451,-1.1849480867385864,-5.309947967529297,-2.363269329071045,-4.238269329071045,-1.3017172813415527,-4.301717281341553,128
train,0,The sleepy dolphin,The sleepy dolphins,-1.1099541187286377,-10.109953880310059,-1.1118563413619995,-10.424356460571289,-1.1724661588668823,-8.547466278076172,-1.1424221992492676,-9.01742172241211,128
train,1,The sleepy dolphins,The sleepy dolphin,-0.9180307984352112,-7.668030738830566,-0.662621021270752,-8.412620544433594,-0.9293894171714783,-6.929389476776123,-0.7547716498374939,-7.754771709442139,128
train,0,The sleepy horse,The sleepy horses,-13.205718040466309,-14.080718040466309,-12.75942325592041,-13.94692325592041,-13.378778457641602,-14.003778457641602,-12.934057235717773,-13.871557235717773,128
train,1,The sleepy horses,The sleepy horse,-14.664143562316895,-16.039142608642578,-13.745784759521484,-15.933284759521484,-14.774691581726074,-15.774691581726074,-13.94774055480957,-15.82274055480957,128
train,0,The calm shark,The calm sharks,-12.108935356140137,-17.92143440246582,-12.205909729003906,-18.393409729003906,-12.239013671875,-17.051513671875,-12.292407035827637,-17.41740608215332,128
train,1,The calm sharks,The calm shark,-12.065885543823242,-16.503385543823242,-12.270821571350098,-17.270822525024414,-12.257341384887695,-15.944841384887695,-12.402841567993164,-16.715341567993164,128
train,0,The slender frog,The slender frogs,-10.790303230285645,-15.040303230285645,-11.50064468383789,-16.43814468383789,-11.08266544342041,-14.83266544342041,-11.827366828918457,-16.26486587524414,128
train,1,The slender frogs,The slender frog,-12.113664627075195,-16.676164627075195,-12.435735702514648,-17.18573570251465,-11.735825538635254,-15.548325538635254,-12.251083374023438,-16.188583374023438,128
train,0,The small shark,The small sharks,-12.197751998901367,-15.822751998901367,-11.88448715209961,-16.19698715209961,-12.43825626373291,-15.06325626373291,-12.020951271057129,-15.583451271057129,128
train,1,The small sharks,The small shark,-13.866166114807129,-17.116165161132812,-13.411297798156738,-16.536296844482422,-13.754877090454102,-16.5673770904541,-13.32791519165039,-16.14041519165039,128
train,0,The nervous dog,The nervous dogs,-1.092606782913208,-8.717606544494629,-1.2022101879119873,-9.202210426330566,-1.1254515647888184,-7.250451564788818,-1.247750163078308,-7.872750282287598,128
train,1,The nervous dogs,The nervous dog,-2.6628520488739014,-6.2878522872924805,-2.9314916133880615,-7.056491851806641,-2.665797710418701,-5.790797710418701,-2.9378225803375244,-6.562822341918945,128
train,0,The small monitor,The small monitors,-12.388084411621094,-14.325584411621094,-12.826512336730957,-15.264012336730957,-12.397315979003906,-14.584815979003906,-12.817085266113281,-15.567085266113281,128
train,1,The small monitors,The small monitor,-13.246687889099121,-16.121688842773438,-13.050789833068848,-15.488289833068848,-13.149747848510742,-15.524747848510742,-13.291476249694824,-15.291476249694824,128
train,0,The slender horse,The slender horses,-13.858550071716309,-17.827301025390625,-14.104358673095703,-18.104358673095703,-13.873034477233887,-17.62303352355957,-14.069944381713867,-17.694944381713867,128
train,1,The slender horses,The slender horse,-14.807806015014648,-18.12030601501465,-14.063045501708984,-17.625545501708984,-14.558195114135742,-17.058195114135742,-14.094608306884766,-17.157108306884766,128
train,0,The calm frog,The calm frogs,-8.96855640411377,-13.53105640411377,-8.930140495300293,-13.617640495300293,-9.259231567382812,-12.884231567382812,-9.085921287536621,-12.960921287536621,128
train,1,The calm frogs,The calm frog,-9.733104705810547,-14.420604705810547,-9.493843078613281,-14.868843078613281,-9.969943046569824,-13.094943046569824,-9.757984161376953,-13.882984161376953,128
train,0,The calm dolphin,The calm dolphins,-8.158527374267578,-14.221027374267578,-7.625324726104736,-13.625324249267578,-8.298470497131348,-13.298470497131348,-7.815039157867432,-12.94003963470459,128
train,1,The calm dolphins,The calm dolphin,-9.217578887939453,-15.967578887939453,-8.541328430175781,-15.728828430175781,-9.050880432128906,-14.925880432128906,-8.421113014221191,-14.796113014221191,128
train,0,The slender cow,The slender cows,-13.773507118225098,-16.61725616455078,-12.609247207641602,-14.734247207641602,-14.640693664550781,-16.98444366455078,-12.604484558105469,-14.416984558105469,128
train,1,The slender cows,The slender cow,-14.850820541381836,-17.163320541381836,-13.0215425491333,-15.5215425491333,-14.71811294555664,-16.46811294555664,-13.140939712524414,-15.078439712524414,128
train,0,The nervous dolphin,The nervous dolphins,-1.6601519584655762,-9.285152435302734,-1.2623376846313477,-9.762337684631348,-1.9969446659088135,-7.496944904327393,-1.39479398727417,-8.269794464111328,128
train,1,The nervous dolphins,The nervous dolphin,-1.7091319561004639,-5.959132194519043,-1.5222065448760986,-6.3972063064575195,-1.8787147998809814,-5.628714561462402,-1.6374897956848145,-6.0124897956848145,128
train,0,The sleepy lion,The sleepy lions,-16.490129470825195,-16.740129470825195,-17.40717124938965,-18.09467124938965,-16.631603240966797,-16.256603240966797,-17.582622528076172,-17.645122528076172,128
train,1,The sleepy lions,The sleepy lion,-16.083213806152344,-20.426963806152344,-17.294960021972656,-21.826210021972656,-16.078720092773438,-19.641220092773438,-17.167055130004883,-21.135805130004883,128
train,0,The fuzzy turtle,The fuzzy turtles,-8.610943794250488,-12.360943794250488,-9.233263969421387,-11.858263969421387,-8.790606498718262,-11.915606498718262,-9.242658615112305,-11.430158615112305,128
train,1,The fuzzy turtles,The fuzzy turtle,-8.905660629272461,-14.093160629272461,-9.495898246765137,-15.745898246765137,-9.022878646850586,-13.210378646850586,-9.463522911071777,-15.088522911071777,128
train,0,The slender chick,The slender chicks,-3.0382561683654785,-10.72575569152832,-1.0131233930587769,-10.263123512268066,-3.5701088905334473,-9.320108413696289,-0.9628384113311768,-9.212838172912598,128
train,1,The slender chicks,The slender chick,-1.6101703643798828,-8.360170364379883,-1.0972514152526855,-7.8472514152526855,-1.6129608154296875,-7.1129608154296875,-1.2194386720657349,-6.594438552856445,128
train,0,The sleepy cock,The sleepy cocks,-18.888444900512695,-20.700944900512695,-17.17706871032715,-20.39581871032715,-17.887432098388672,-19.699932098388672,-15.416565895080566,-18.291566848754883,128
train,1,The sleepy cocks,The sleepy cock,-11.81794261932373,-15.97419261932373,-11.489423751831055,-16.739423751831055,-12.147815704345703,-15.835315704345703,-11.565410614013672,-16.315410614013672,128
train,0,The quiet kit,The quiet kits,-10.714555740356445,-11.089555740356445,-11.581339836120605,-11.206339836120605,-10.863456726074219,-11.113456726074219,-11.79768180847168,-11.29768180847168,128
train,1,The quiet kits,The quiet kit,-13.462446212768555,-16.587446212768555,-10.481964111328125,-14.419464111328125,-13.034407615661621,-16.159406661987305,-10.672308921813965,-14.484808921813965,128
train,0,The nervous kitten,The nervous kittens,-2.410287380218506,-11.347787857055664,-1.9725414514541626,-10.972541809082031,-2.711932420730591,-9.586932182312012,-2.171971082687378,-9.421971321105957,128
train,1,The nervous kittens,The nervous kitten,-2.2202322483062744,-6.845232009887695,-2.217545986175537,-7.342545986175537,-2.7645187377929688,-6.514518737792969,-2.323455572128296,-6.823455333709717,128
train,0,The slender kit,The slender kits,-12.955409049987793,-13.830409049987793,-12.443246841430664,-13.755746841430664,-12.955199241638184,-13.642699241638184,-12.426494598388672,-13.551494598388672,128
train,1,The slender kits,The slender kit,-16.768247604370117,-19.611997604370117,-12.008708000183105,-16.25870704650879,-15.861048698425293,-18.51729965209961,-12.366715431213379,-16.054216384887695,128
train,0,The quiet shark,The quiet sharks,-11.843104362487793,-15.093104362487793,-10.80339241027832,-14.61589241027832,-12.200166702270508,-14.387666702270508,-11.042865753173828,-13.917865753173828,128
train,1,The quiet sharks,The quiet shark,-10.21874713897705,-16.343746185302734,-9.663969039916992,-15.976469039916992,-10.39830207824707,-15.96080207824707,-9.761190414428711,-15.511190414428711,128
train,0,The timid pup,The timid pups,-11.081720352172852,-15.956720352172852,-12.022734642028809,-16.335233688354492,-11.071985244750977,-15.634485244750977,-12.128507614135742,-16.128507614135742,128
train,1,The timid pups,The timid pup,-13.267648696899414,-15.830148696899414,-13.729766845703125,-16.792266845703125,-13.05903434753418,-14.74653434753418,-13.449731826782227,-15.824731826782227,128
train,0,The timid rat,The timid rats,-8.024889945983887,-13.462389945983887,-9.026577949523926,-14.276577949523926,-8.450333595275879,-13.137833595275879,-9.34010124206543,-13.84010124206543,128
train,1,The timid rats,The timid rat,-11.354540824890137,-13.479540824890137,-11.803311347961426,-13.678311347961426,-11.567045211791992,-12.879545211791992,-11.787659645080566,-13.100159645080566,128
train,0,The small cow,The small cows,-1.1825884580612183,-10.682588577270508,-0.7920107841491699,-10.542011260986328,-1.2906161546707153,-9.040616035461426,-0.8436965942382812,-8.843696594238281,128
train,1,The small cows,The small cow,-0.9071381092071533,-5.532137870788574,-0.8230207562446594,-5.823020935058594,-0.9866589307785034,-4.611659049987793,-0.9930156469345093,-4.743015766143799,128
train,0,The timid rat,The timid rats,-11.462389945983887,-16.993640899658203,-12.089077949523926,-17.432828903198242,-11.950333595275879,-16.325332641601562,-12.40260124206543,-16.84010124206543,128
train,1,The timid rats,The timid rat,-13.229540824890137,-18.792041778564453,-13.990811347961426,-19.303312301635742,-13.442045211791992,-17.879545211791992,-14.100159645080566,-18.725160598754883,128
train,0,The small shark,The small sharks,-14.822751998901367,-15.635251998901367,-14.32198715209961,-15.75948715209961,-15.06325626373291,-15.31325626373291,-14.645951271057129,-15.645951271057129,128
train,1,The small sharks,The small shark,-15.303666114807129,-18.928665161132812,-15.411297798156738,-18.880046844482422,-15.004877090454102,-18.3173770904541,-15.32791519165039,-18.51541519165039,128
train,0,The quiet cow,The quiet cows,-15.831153869628906,-18.049903869628906,-15.11364459991455,-17.113643646240234,-16.277313232421875,-17.777313232421875,-15.354052543640137,-16.791553497314453,128
train,1,The quiet cows,The quiet cow,-15.348830223083496,-20.161331176757812,-14.6929349899292,-19.630434036254883,-15.249300003051758,-19.436800003051758,-14.521817207336426,-18.834318161010742,128
train,0,The bright doe,The bright does,-12.347821235656738,-14.160321235656738,-12.231507301330566,-14.356507301330566,-15.099859237670898,-15.224859237670898,-12.817362785339355,-13.942362785339355,128
train,1,The bright does,The bright doe,-13.084264755249023,-15.084264755249023,-12.327703475952148,-15.390203475952148,-12.949833869934082,-15.137333869934082,-12.19111442565918,-15.31611442565918,128
train,0,The nervous lion,The nervous lions,-11.078323364257812,-11.578323364257812,-11.139069557189941,-12.264069557189941,-11.332857131958008,-11.457857131958008,-11.33737564086914,-12.14987564086914,128
train,1,The nervous lions,The nervous lion,-12.30534553527832,-13.61784553527832,-13.674090385437012,-14.861590385437012,-12.163215637207031,-13.350715637207031,-13.441999435424805,-14.629499435424805,128
train,0,The sleepy dog,The sleepy dogs,-13.337656021118164,-15.837656021118164,-12.448052406311035,-14.323052406311035,-13.074260711669922,-15.324260711669922,-12.55706787109375,-14.05706787109375,128
train,1,The sleepy dogs,The sleepy dog,-11.619063377380371,-17.119064331054688,-11.173166275024414,-17.173166275024414,-11.588091850280762,-16.463090896606445,-10.984094619750977,-16.546594619750977,128
train,0,The calm horse,The calm horses,-11.5761079788208,-15.2011079788208,-11.856493949890137,-14.918993949890137,-11.830995559692383,-14.955995559692383,-12.03518295288086,-14.66018295288086,128
train,1,The calm horses,The calm horse,-11.003378868103027,-16.94087791442871,-10.731983184814453,-16.669483184814453,-11.318021774291992,-15.818021774291992,-11.117728233337402,-16.11772918701172,128
train,0,The small kitten,The small kittens,-16.129762649536133,-16.629762649536133,-15.405660629272461,-16.40566062927246,-16.18752098083496,-16.43752098083496,-15.35816764831543,-16.04566764831543,128
train,1,The small kittens,The small kitten,-14.368433952331543,-20.68093490600586,-14.280150413513184,-20.155149459838867,-13.902820587158203,-19.996570587158203,-13.651589393615723,-19.33909034729004,128
train,0,The timid turtle,The timid turtles,-16.67023277282715,-21.34210777282715,-14.093831062316895,-17.500080108642578,-16.600046157836914,-20.615671157836914,-14.489748001098633,-17.239748001098633,128
train,1,The timid turtles,The timid turtle,-16.505191802978516,-20.161441802978516,-14.121591567993164,-19.746591567993164,-15.565032958984375,-17.971282958984375,-13.684401512145996,-18.778152465820312,128
train,0,The fuzzy frog,The fuzzy frogs,-13.728224754333496,-15.228224754333496,-14.282573699951172,-17.282573699951172,-13.659634590148926,-14.597134590148926,-14.247482299804688,-16.559982299804688,128
train,1,The fuzzy frogs,The fuzzy frog,-13.388394355773926,-16.825895309448242,-14.94794750213623,-18.260448455810547,-13.497334480285645,-16.059833526611328,-14.894411087036133,-17.456911087036133,128
train,0,The small lion,The small lions,-13.311325073242188,-17.998825073242188,-11.848173141479492,-17.410673141479492,-13.827900886535645,-16.952899932861328,-12.14889144897461,-16.46139144897461,128
train,1,The small lions,The small lion,-12.601335525512695,-18.038835525512695,-12.854384422302246,-18.291885375976562,-12.62087631225586,-16.80837631225586,-12.920389175415039,-17.73288917541504,128
train,0,The fuzzy cow,The fuzzy cows,-14.796163558959961,-18.07741355895996,-14.245570182800293,-17.870569229125977,-14.999933242797852,-18.03118324279785,-14.503742218017578,-17.816242218017578,128
train,1,The fuzzy cows,The fuzzy cow,-16.939863204956055,-17.939863204956055,-16.64501953125,-18.20751953125,-16.778751373291016,-17.716251373291016,-16.52159881591797,-17.77159881591797,128
train,0,The nervous panda,The nervous pandas,-1.5908734798431396,-9.340873718261719,-1.1047967672348022,-9.604796409606934,-1.4071779251098633,-8.032177925109863,-1.159775733947754,-7.909775733947754,128
train,1,The nervous pandas,The nervous panda,-0.8904595375061035,-4.6404595375061035,-0.7671505808830261,-5.767150402069092,-1.100214958190918,-3.600214958190918,-0.9355714321136475,-4.935571670532227,128
train,0,The small bat,The small bats,-13.158926010131836,-16.533926010131836,-12.27920913696289,-16.90420913696289,-13.752867698669434,-16.315366744995117,-12.599003791809082,-16.474002838134766,128
train,1,The small bats,The small bat,-14.604717254638672,-18.917217254638672,-13.38802433013916,-18.138023376464844,-14.067651748657227,-18.067651748657227,-13.264771461486816,-17.514772415161133,128
train,0,The slender horse,The slender horses,-14.983550071716309,-16.608551025390625,-14.541858673095703,-16.229358673095703,-14.998034477233887,-16.49803352355957,-14.444944381713867,-15.882444381713867,128
train,1,The slender horses,The slender horse,-14.620306015014648,-17.24530601501465,-13.813045501708984,-16.563045501708984,-14.433195114135742,-16.433195114135742,-13.907108306884766,-16.219608306884766,128
train,0,The timid panda,The timid pandas,-11.126052856445312,-15.376052856445312,-10.830265045166016,-15.267765045166016,-11.3033447265625,-14.9283447265625,-11.195216178894043,-15.070216178894043,128
train,1,The timid pandas,The timid panda,-9.479242324829102,-16.0417423248291,-9.364363670349121,-16.051862716674805,-9.55589485168457,-15.30589485168457,-9.343645095825195,-15.093645095825195,128
train,0,The timid chick,The timid chicks,-16.887603759765625,-20.418853759765625,-15.816271781921387,-18.97252082824707,-17.0419921875,-19.8232421875,-15.749624252319336,-18.499624252319336,128
train,1,The timid chicks,The timid chick,-15.922637939453125,-20.828887939453125,-15.248268127441406,-19.467018127441406,-15.584966659545898,-19.9599666595459,-14.950309753417969,-18.66905975341797,128
train,0,The small pup,The small pups,-14.208320617675781,-18.39582061767578,-13.664191246032715,-18.41419219970703,-14.016149520874023,-17.391149520874023,-13.48133659362793,-17.85633659362793,128
train,1,The small pups,The small pup,-14.04786491394043,-18.29786491394043,-13.943151473999023,-18.318151473999023,-13.731698036193848,-17.356698989868164,-13.576430320739746,-17.38892936706543,128
train,0,The bright kitten,The bright kittens,-12.13845443725586,-16.13845443725586,-12.6519136428833,-16.401912689208984,-12.37662124633789,-15.68912124633789,-12.832993507385254,-16.145492553710938,128
train,1,The bright kittens,The bright kitten,-13.10367488861084,-16.478673934936523,-13.534369468688965,-17.03437042236328,-13.060843467712402,-15.935843467712402,-13.535306930541992,-16.722806930541992,128
train,0,The small frog,The small frogs,-15.823837280273438,-20.386337280273438,-15.106979370117188,-19.544479370117188,-15.59210205078125,-19.74835205078125,-14.776359558105469,-18.77635955810547,128
train,1,The small frogs,The small frog,-14.999184608459473,-19.217933654785156,-14.879096031188965,-18.94159507751465,-14.875706672668457,-18.06320571899414,-14.58315372467041,-17.645652770996094,128
train,0,The small kitten,The small kittens,-0.567263126373291,-12.004762649536133,-0.5931602716445923,-11.530660629272461,-0.6250209808349609,-10.312520980834961,-0.7331671714782715,-10.10816764831543,128
train,1,The small kittens,The small kitten,-0.49343401193618774,-8.743433952331543,-0.5301503539085388,-9.030150413513184,-0.6528210043907166,-7.527821063995361,-0.7765896320343018,-7.901589393615723,128
train,0,The nervous kit,The nervous kits,-1.1890801191329956,-9.064080238342285,-1.935624599456787,-9.310624122619629,-1.287880301475525,-8.787879943847656,-2.029684066772461,-8.279684066772461,128
train,1,The nervous kits,The nervous kit,-3.0828335285186768,-4.832833766937256,-2.058223247528076,-6.058223247528076,-3.0192654132843018,-4.144265651702881,-2.1104683876037598,-5.36046838760376,128
train,0,The nervous monitor,The nervous monitors,-2.5833380222320557,-11.083337783813477,-3.1640243530273438,-11.664024353027344,-2.687365770339966,-10.437365531921387,-3.1575348377227783,-10.9075345993042,128
train,1,The nervous monitors,The nervous monitor,-4.674404621124268,-6.424404621124268,-5.078895092010498,-8.20389461517334,-4.645467281341553,-6.145467281341553,-4.71945858001709,-7.84445858001709,128
train,0,The calm shark,The calm sharks,-8.296435356140137,-13.858935356140137,-8.268409729003906,-13.955909729003906,-8.176513671875,-12.489013671875,-8.229907035827637,-12.792407035827637,128
train,1,The calm sharks,The calm shark,-7.440885543823242,-12.503385543823242,-7.583321571350098,-13.708321571350098,-7.507341384887695,-11.882341384887695,-7.590341567993164,-12.965341567993164,128
train,0,The calm lion,The calm lions,-12.480558395385742,-17.543058395385742,-12.076215744018555,-17.732465744018555,-13.04263687133789,-17.10513687133789,-12.408266067504883,-17.220766067504883,128
train,1,The calm lions,The calm lion,-12.046415328979492,-16.608915328979492,-12.599369049072266,-17.849369049072266,-11.825505256652832,-15.013005256652832,-12.481179237365723,-16.73118019104004,128
train,0,The quiet cock,The quiet cocks,-16.022567749023438,-17.053817749023438,-16.69621467590332,-15.85246467590332,-15.559582710266113,-15.872082710266113,-15.670942306518555,-13.952192306518555,128
train,1,The quiet cocks,The quiet cock,-14.717203140258789,-16.65470314025879,-14.112948417663574,-15.800448417663574,-14.83568286895752,-16.741931915283203,-14.14539623260498,-15.95789623260498,128
train,0,The sleepy horse,The sleepy horses,-13.205718040466309,-14.955718040466309,-12.94692325592041,-15.38442325592041,-13.316278457641602,-14.691278457641602,-13.059057235717773,-15.059057235717773,128
train,1,The sleepy horses,The sleepy horse,-13.414143562316895,-17.226642608642578,-12.683284759521484,-17.995784759521484,-13.462191581726074,-16.274690628051758,-12.82274055480957,-17.69774055480957,128
train,0,The quiet cow,The quiet cows,-11.018653869628906,-17.893653869628906,-11.05114459991455,-17.957393646240234,-11.152314186096191,-17.464813232421875,-11.041552543640137,-17.416553497314453,128
train,1,The quiet cows,The quiet cow,-11.223830223083496,-15.973830223083496,-11.5054349899292,-16.192934036254883,-11.186800003051758,-15.061800003051758,-11.334317207336426,-15.146817207336426,128
train,0,The small cock,The small cocks,-10.7079439163208,-17.520444869995117,-4.389981746673584,-11.202482223510742,-10.539280891418457,-16.476781845092773,-3.6867289543151855,-9.124229431152344,128
train,1,The small cocks,The small cock,-3.351172685623169,-5.476172924041748,-0.9141778349876404,-6.414177894592285,-3.52783203125,-5.27783203125,-0.9975579977035522,-5.622558116912842,128
train,0,The bright whale,The bright whales,-13.00279712677002,-14.25279712677002,-12.838037490844727,-14.150537490844727,-13.000197410583496,-13.875197410583496,-12.956396102905273,-13.706396102905273,128
train,1,The bright whales,The bright whale,-11.922492980957031,-17.79749298095703,-12.254081726074219,-18.81658172607422,-11.679878234863281,-16.86737823486328,-11.966521263122559,-17.966520309448242,128
train,0,The bright chick,The bright chicks,-14.30918025970459,-15.24668025970459,-13.934822082519531,-16.55982208251953,-15.045443534851074,-14.920443534851074,-14.157575607299805,-16.345075607299805,128
train,1,The bright chicks,The bright chick,-13.212692260742188,-18.931442260742188,-13.334543228149414,-18.740793228149414,-13.031749725341797,-18.469249725341797,-13.119976997375488,-18.182476043701172,128
train,0,The quiet monitor,The quiet monitors,-3.8699028491973877,-12.432402610778809,-3.6477465629577637,-12.335247039794922,-4.021488189697266,-11.896488189697266,-3.5900113582611084,-11.465011596679688,128
train,1,The quiet monitors,The quiet monitor,-2.9532089233398438,-7.328208923339844,-3.396362066268921,-8.0213623046875,-3.4726943969726562,-7.097694396972656,-3.4938182830810547,-7.868818283081055,128
train,0,The small turtle,The small turtles,-12.685441017150879,-16.810441970825195,-11.173002243041992,-14.985502243041992,-12.096271514892578,-15.346271514892578,-10.71142578125,-13.71142578125,128
train,1,The small turtles,The small turtle,-13.379615783691406,-17.817115783691406,-12.220900535583496,-16.845901489257812,-13.106832504272461,-16.66933250427246,-12.005924224853516,-16.005924224853516,128
train,0,The nervous shark,The nervous sharks,-12.789138793945312,-16.851638793945312,-12.458581924438477,-16.646081924438477,-13.04149055480957,-16.41649055480957,-12.704376220703125,-16.454376220703125,128
train,1,The nervous sharks,The nervous shark,-13.619805335998535,-15.869805335998535,-13.737945556640625,-15.675445556640625,-13.52461051940918,-15.52461051940918,-13.659738540649414,-15.347238540649414,128
train,0,The quiet doe,The quiet does,-12.746301651000977,-17.308801651000977,-12.243583679199219,-16.74358367919922,-13.304916381835938,-16.617416381835938,-12.613176345825195,-16.050676345825195,128
train,1,The quiet does,The quiet doe,-16.27590560913086,-20.08840560913086,-14.636234283447266,-18.386234283447266,-16.086414337158203,-19.836414337158203,-14.727898597717285,-18.4153995513916,128
train,0,The bright doe,The bright does,-13.660321235656738,-14.722821235656738,-13.356507301330566,-14.794007301330566,-15.662359237670898,-15.537359237670898,-14.004862785339355,-14.379862785339355,128
train,1,The bright does,The bright doe,-15.584264755249023,-18.459264755249023,-14.890203475952148,-17.89020347595215,-15.387333869934082,-18.387332916259766,-14.37861442565918,-17.69111442565918,128
train,0,The nervous rat,The nervous rats,-13.23647689819336,-18.36147689819336,-12.460360527038574,-17.96036148071289,-13.124004364013672,-17.686504364013672,-12.447896003723145,-17.44789695739746,128
train,1,The nervous rats,The nervous rat,-14.320204734802246,-17.63270378112793,-15.057047843933105,-18.432048797607422,-14.162704467773438,-17.100204467773438,-14.759215354919434,-18.00921630859375,128
train,0,The slender kit,The slender kits,-1.9554094076156616,-9.767909049987793,-1.0682469606399536,-10.005746841430664,-1.892699122428894,-9.017699241638184,-1.1764949560165405,-8.801494598388672,128
train,1,The slender kits,The slender kit,-4.580747127532959,-8.9557466506958,-1.1337077617645264,-6.5087080001831055,-4.486049175262451,-7.986049175262451,-1.054215669631958,-6.054215431213379,128
train,0,The quiet doe,The quiet does,-16.371301651000977,-17.683801651000977,-14.993583679199219,-16.30608367919922,-16.867416381835938,-17.492416381835938,-15.488176345825195,-16.113176345825195,128
train,1,The quiet does,The quiet doe,-16.27590560913086,-20.77590560913086,-16.386234283447266,-19.729984283447266,-16.398914337158203,-20.992664337158203,-16.8528995513916,-20.2903995513916,128
train,0,The bright pup,The bright pups,-12.050715446472168,-17.519466400146484,-9.606863021850586,-12.044363021850586,-13.073208808898926,-18.541959762573242,-9.344743728637695,-12.407243728637695,128
train,1,The bright pups,The bright pup,-12.505446434020996,-13.442946434020996,-13.029296875,-13.529296875,-12.578704833984375,-13.141204833984375,-12.996347427368164,-13.433847427368164,128
train,0,The sleepy rat,The sleepy rats,-12.51663875579834,-16.141639709472656,-11.495412826538086,-15.745412826538086,-12.820022583007812,-15.570022583007812,-11.747995376586914,-15.185495376586914,128
train,1,The sleepy rats,The sleepy rat,-13.043380737304688,-16.418380737304688,-12.970561981201172,-16.283061981201172,-13.003796577453613,-15.628796577453613,-12.89358901977539,-15.64358901977539,128
train,0,The sleepy bat,The sleepy bats,-11.9365816116333,-15.1240816116333,-12.354936599731445,-15.167436599731445,-11.730134010314941,-14.792634010314941,-12.4228515625,-15.1728515625,128
train,1,The sleepy bats,The sleepy bat,-10.977150917053223,-15.852150917053223,-12.356760025024414,-17.231760025024414,-11.064311981201172,-15.376811981201172,-12.4796142578125,-16.8546142578125,128
train,0,The sleepy turtle,The sleepy turtles,-12.591423034667969,-16.34142303466797,-11.332780838012695,-15.520280838012695,-12.49665641784668,-15.80915641784668,-11.644444465637207,-15.331944465637207,128
train,1,The sleepy turtles,The sleepy turtle,-13.458169937133789,-17.58316993713379,-12.008467674255371,-16.320968627929688,-13.086234092712402,-16.21123504638672,-12.176202774047852,-15.801202774047852,128
train,0,The timid horse,The timid horses,-7.358895778656006,-10.171395301818848,-7.109549522399902,-9.547049522399902,-7.440215587615967,-9.940215110778809,-7.089938163757324,-9.214938163757324,128
train,1,The timid horses,The timid horse,-8.233820915222168,-13.296320915222168,-7.10353946685791,-12.29103946685791,-8.250530242919922,-12.375530242919922,-7.288081645965576,-11.663082122802734,128
train,0,The small cow,The small cows,-10.057588577270508,-16.120088577270508,-9.667011260986328,-15.604511260986328,-10.603116035461426,-15.728116035461426,-9.781196594238281,-15.031196594238281,128
train,1,The small cows,The small cow,-11.782137870788574,-14.719637870788574,-11.073020935058594,-14.510520935058594,-11.924159049987793,-14.236659049987793,-11.18051528930664,-13.93051528930664,128
train,0,The bright lion,The bright lions,-12.130663871765137,-14.005663871765137,-11.124922752380371,-12.937422752380371,-12.536681175231934,-14.099181175231934,-11.33997917175293,-12.71497917175293,128
train,1,The bright lions,The bright lion,-11.653298377990723,-14.590798377990723,-11.060786247253418,-14.435786247253418,-11.571460723876953,-14.071460723876953,-10.752942085266113,-14.002942085266113,128
train,0,The bright horse,The bright horses,-1.5068740844726562,-9.444374084472656,-1.2622767686843872,-9.574776649475098,-1.5682040452957153,-8.193203926086426,-1.338045597076416,-8.463045120239258,128
train,1,The bright horses,The bright horse,-1.9393502473831177,-6.439350128173828,-1.5573986768722534,-6.682398796081543,-1.9237408638000488,-5.048740863800049,-1.670793890953064,-5.7957940101623535,128
train,0,The nervous rabbit,The nervous rabbits,-12.364320755004883,-16.239320755004883,-11.823664665222168,-16.511165618896484,-12.584449768066406,-16.021949768066406,-11.875710487365723,-16.18821144104004,128
train,1,The nervous rabbits,The nervous rabbit,-11.946755409240723,-14.634255409240723,-12.535425186157227,-16.097925186157227,-12.163533210754395,-13.976033210754395,-12.50080394744873,-15.06330394744873,128
train,0,The timid monitor,The timid monitors,-14.356637001037598,-18.60663604736328,-12.304025650024414,-16.491525650024414,-13.727662086486816,-17.7276611328125,-12.147579193115234,-16.022579193115234,128
train,1,The timid monitors,The timid monitor,-8.804962158203125,-13.617462158203125,-9.595422744750977,-14.157922744750977,-9.34788703918457,-13.53538703918457,-9.972513198852539,-14.097513198852539,128
train,0,The sleepy rabbit,The sleepy rabbits,-12.745749473571777,-15.745749473571777,-12.41378402709961,-15.10128402709961,-13.031826972961426,-15.656826972961426,-12.756149291992188,-15.068649291992188,128
train,1,The sleepy rabbits,The sleepy rabbit,-13.713191032409668,-18.681941986083984,-13.88199520111084,-18.756994247436523,-13.142411231994629,-17.017412185668945,-13.428762435913086,-17.491262435913086,128
train,0,The small dog,The small dogs,-6.0367751121521,-10.661774635314941,-5.715162754058838,-10.215163230895996,-6.348853588104248,-10.53635311126709,-5.98970365524292,-10.052203178405762,128
train,1,The small dogs,The small dog,-8.154870986938477,-12.217370986938477,-7.835073947906494,-12.022573471069336,-7.938042163848877,-11.500542640686035,-7.701661109924316,-11.451661109924316,128
train,0,The bright shark,The bright sharks,-0.7657188177108765,-8.265718460083008,-0.766204297542572,-9.016203880310059,-0.9526872634887695,-5.7026872634887695,-0.8420612215995789,-6.9670610427856445,128
train,1,The bright sharks,The bright shark,-0.7217975854873657,-5.596797466278076,-0.9232057929039001,-6.798205852508545,-0.7214385271072388,-4.721438407897949,-0.8702540993690491,-6.245254039764404,128
train,0,The sleepy dog,The sleepy dogs,-0.6501560807228088,-11.150156021118164,-0.8855524659156799,-10.010552406311035,-0.6992603540420532,-9.699260711669922,-0.9320681095123291,-8.68206787109375,128
train,1,The sleepy dogs,The sleepy dog,-2.05656361579895,-7.181563377380371,-1.735666275024414,-7.110666275024414,-2.2130916118621826,-6.338091850280762,-1.6715941429138184,-6.296594142913818,128
train,0,The sleepy shark,The sleepy sharks,-10.80251693725586,-11.05251693725586,-10.937826156616211,-12.312826156616211,-11.027944564819336,-10.652944564819336,-11.046730041503906,-11.859230041503906,128
train,1,The sleepy sharks,The sleepy shark,-9.705988883972168,-14.268488883972168,-10.768412590026855,-15.518412590026855,-9.70644760131836,-13.70644760131836,-10.575074195861816,-14.887574195861816,128
train,0,The sleepy doe,The sleepy does,-14.520666122436523,-15.895666122436523,-13.712018966674805,-15.274518966674805,-14.724902153015137,-15.412402153015137,-13.719315528869629,-14.469315528869629,128
train,1,The sleepy does,The sleepy doe,-14.548388481140137,-17.610889434814453,-13.8306303024292,-16.768129348754883,-14.484283447265625,-17.796783447265625,-13.567778587341309,-16.880279541015625,128
train,0,The bright turtle,The bright turtles,-13.80117130279541,-17.926172256469727,-14.009382247924805,-18.009382247924805,-13.95828914642334,-17.395788192749023,-14.153371810913086,-17.528371810913086,128
train,1,The bright turtles,The bright turtle,-14.431556701660156,-17.369056701660156,-13.879629135131836,-17.754629135131836,-14.408920288085938,-16.658920288085938,-14.102636337280273,-17.602636337280273,128
train,0,The sleepy frog,The sleepy frogs,-10.939599990844727,-15.564599990844727,-11.600998878479004,-17.038497924804688,-11.262982368469238,-15.325482368469238,-11.956180572509766,-16.893680572509766,128
train,1,The sleepy frogs,The sleepy frog,-12.547593116760254,-16.92259407043457,-13.29596996307373,-17.795970916748047,-12.178236961364746,-15.303236961364746,-13.138238906860352,-16.57573890686035,128
train,0,The quiet pup,The quiet pups,-6.547343730926514,-12.359844207763672,-7.009402275085449,-11.88440227508545,-6.749575614929199,-11.9995756149292,-7.202622413635254,-11.640122413635254,128
train,1,The quiet pups,The quiet pup,-9.388593673706055,-12.076093673706055,-9.287006378173828,-12.287006378173828,-9.668791770935059,-11.106291770935059,-9.450432777404785,-11.512932777404785,128
train,0,The timid chick,The timid chicks,-11.512604713439941,-14.575104713439941,-11.316271781921387,-14.691271781921387,-11.354491233825684,-13.604491233825684,-11.062124252319336,-13.874624252319336,128
train,1,The timid chicks,The timid chick,-12.235137939453125,-17.922637939453125,-11.810768127441406,-16.935768127441406,-12.022466659545898,-17.0849666595459,-11.700309753417969,-16.26280975341797,128
train,0,The calm rat,The calm rats,-12.49361801147461,-14.18111801147461,-12.424490928649902,-13.799490928649902,-12.33093547821045,-13.64343547821045,-12.121356964111328,-13.121356964111328,128
train,1,The calm rats,The calm rat,-12.751392364501953,-14.188892364501953,-13.082254409790039,-15.019754409790039,-12.87008285522461,-13.99508285522461,-13.04652214050293,-14.73402214050293,128
train,0,The quiet monitor,The quiet monitors,-15.307402610778809,-16.432403564453125,-15.522747039794922,-16.085247039794922,-15.646488189697266,-16.583988189697266,-15.402511596679688,-15.840011596679688,128
train,1,The quiet monitors,The quiet monitor,-14.015708923339844,-15.265708923339844,-14.4588623046875,-15.7088623046875,-14.222694396972656,-15.160194396972656,-14.431318283081055,-15.493818283081055,128
train,0,The small lion,The small lions,-13.373825073242188,-15.248825073242188,-12.910673141479492,-15.473173141479492,-13.765400886535645,-14.390400886535645,-12.89889144897461,-14.27389144897461,128
train,1,The small lions,The small lion,-13.101335525512695,-17.663835525512695,-13.041884422302246,-17.479385375976562,-12.93337631225586,-16.74587631225586,-12.857889175415039,-16.98288917541504,128
train,0,The quiet kitten,The quiet kittens,-17.616806030273438,-22.288681030273438,-16.795654296875,-21.045654296875,-17.513916015625,-21.482666015625,-16.842424392700195,-20.561174392700195,128
train,1,The quiet kittens,The quiet kitten,-17.251253128051758,-21.876253128051758,-16.06865119934082,-20.69365119934082,-17.454505920410156,-20.954505920410156,-16.086030960083008,-19.992280960083008,128
train,0,The fuzzy dog,The fuzzy dogs,-9.820159912109375,-12.757659912109375,-10.068136215209961,-12.755636215209961,-10.009499549865723,-12.509499549865723,-10.17435073852539,-12.61185073852539,128
train,1,The fuzzy dogs,The fuzzy dog,-10.596243858337402,-15.096243858337402,-10.445449829101562,-15.445449829101562,-10.607277870178223,-14.669777870178223,-10.383410453796387,-14.758410453796387,128
train,0,The fuzzy whale,The fuzzy whales,-1.946936845779419,-9.44693660736084,-0.665436863899231,-10.040436744689941,-1.8615550994873047,-7.986555099487305,-0.7328507900238037,-8.857851028442383,128
train,1,The fuzzy whales,The fuzzy whale,-0.5369925498962402,-6.03699254989624,-0.5926859378814697,-6.467685699462891,-0.5804386138916016,-5.080438613891602,-0.6892078518867493,-5.939208030700684,128
train,0,The fuzzy dog,The fuzzy dogs,-11.820159912109375,-14.882659912109375,-13.318136215209961,-16.13063621520996,-11.821999549865723,-14.634499549865723,-13.36185073852539,-15.98685073852539,128
train,1,The fuzzy dogs,The fuzzy dog,-13.533743858337402,-16.721242904663086,-14.070449829101562,-17.382949829101562,-13.232277870178223,-16.107276916503906,-13.633410453796387,-16.63340950012207,128
train,0,The small kit,The small kits,-11.603082656860352,-14.228082656860352,-11.182313919067383,-14.619813919067383,-11.701309204101562,-14.201309204101562,-11.03633975982666,-14.41133975982666,128
train,1,The small kits,The small kit,-13.508651733398438,-15.696151733398438,-11.457833290100098,-14.770333290100098,-13.57914924621582,-15.39164924621582,-11.498037338256836,-14.435537338256836,128
train,0,The slender dog,The slender dogs,-15.715618133544922,-16.778118133544922,-15.88014030456543,-16.56764030456543,-15.918246269226074,-16.85574722290039,-16.05353546142578,-16.61603546142578,128
train,1,The slender dogs,The slender dog,-14.919615745544434,-16.04461669921875,-13.534577369689941,-14.909577369689941,-14.612031936645508,-15.799531936645508,-13.265275001525879,-14.702775001525879,128
train,0,The bright panda,The bright pandas,-12.041109085083008,-12.728609085083008,-11.918876647949219,-14.106376647949219,-12.24641227722168,-12.37141227722168,-12.095793724060059,-13.908293724060059,128
train,1,The bright pandas,The bright panda,-11.474874496459961,-17.72487449645996,-11.648067474365234,-17.210567474365234,-11.23379135131836,-17.04629135131836,-11.504426956176758,-16.941926956176758,128
train,0,The sleepy cow,The sleepy cows,-14.554899215698242,-15.554899215698242,-13.586365699768066,-14.398865699768066,-14.826213836669922,-15.388713836669922,-13.979992866516113,-14.292492866516113,128
train,1,The sleepy cows,The sleepy cow,-17.209413528442383,-19.834413528442383,-14.402085304260254,-18.02708625793457,-16.44951820373535,-18.88701820373535,-14.00301742553711,-17.31551742553711,128
train,0,The quiet dog,The quiet dogs,-0.9873193502426147,-10.487318992614746,-0.9539898633956909,-9.82898998260498,-1.0531985759735107,-9.05319881439209,-1.037607192993164,-8.537607192993164,128
train,1,The quiet dogs,The quiet dog,-1.4938560724258423,-6.868855953216553,-1.4891340732574463,-7.114134311676025,-1.757240891456604,-5.2572407722473145,-1.6460671424865723,-6.146067142486572,128
train,0,The fuzzy dog,The fuzzy dogs,-7.757659912109375,-11.757659912109375,-6.943136692047119,-10.880636215209961,-7.884499549865723,-11.446999549865723,-7.049350738525391,-10.67435073852539,128
train,1,The fuzzy dogs,The fuzzy dog,-8.721243858337402,-12.471243858337402,-7.820449352264404,-11.945449829101562,-8.482277870178223,-11.857277870178223,-7.7584099769592285,-11.383410453796387,128
train,0,The fuzzy kit,The fuzzy kits,-11.211734771728516,-12.774234771728516,-12.159804344177246,-13.597304344177246,-11.51659870147705,-13.01659870147705,-12.276049613952637,-13.776049613952637,128
train,1,The fuzzy kits,The fuzzy kit,-13.362668991088867,-15.925168991088867,-12.253782272338867,-16.003782272338867,-12.92905044555664,-15.42905044555664,-12.197359085083008,-15.822359085083008,128
train,0,The small doe,The small does,-10.63284969329834,-13.00784969329834,-11.495218276977539,-13.682718276977539,-11.016664505004883,-12.079164505004883,-11.676258087158203,-12.738758087158203,128
train,1,The small does,The small doe,-17.353214263916016,-20.290714263916016,-12.271994590759277,-16.521995544433594,-16.43148422241211,-19.74398422241211,-12.149412155151367,-16.774412155151367,128
train,0,The bright pup,The bright pups,-4.300715446472168,-11.425715446472168,-1.044363260269165,-9.419363021850586,-5.760709285736084,-11.260708808898926,-1.1572434902191162,-8.157243728637695,128
train,1,The bright pups,The bright pup,-1.630446434020996,-6.255446434020996,-1.654297113418579,-7.154297351837158,-1.891205072402954,-5.391204833984375,-1.8088469505310059,-6.433846950531006,128
train,0,The slender pup,The slender pups,-14.889942169189453,-16.639942169189453,-10.516698837280273,-14.454198837280273,-16.031597137451172,-16.531597137451172,-10.880401611328125,-14.067901611328125,128
train,1,The slender pups,The slender pup,-12.82822036743164,-16.70322036743164,-11.851661682128906,-16.039161682128906,-12.401225090026855,-15.776225090026855,-11.625892639160156,-15.500892639160156,128
train,0,The slender chick,The slender chicks,-4.9132561683654785,-13.60075569152832,-2.7631235122680664,-12.200623512268066,-5.195108890533447,-12.570108413696289,-2.7128384113311768,-11.587838172912598,128
train,1,The slender chicks,The slender chick,-3.985170364379883,-9.610170364379883,-3.4722514152526855,-9.222251892089844,-3.7379608154296875,-8.487960815429688,-3.4694385528564453,-8.094438552856445,128
train,0,The fuzzy shark,The fuzzy sharks,-0.484857439994812,-8.734857559204102,-0.6164594888687134,-9.366459846496582,-0.5222896933555603,-6.647289752960205,-0.591796875,-7.716796875,128
train,1,The fuzzy sharks,The fuzzy shark,-0.6391078233718872,-6.139107704162598,-0.7274491786956787,-6.727449417114258,-0.7222282886505127,-5.222228050231934,-0.7888121604919434,-6.038812160491943,128
train,0,The nervous pup,The nervous pups,-2.3081209659576416,-10.120620727539062,-1.1447309255599976,-9.207230567932129,-2.4972991943359375,-9.059799194335938,-1.3042712211608887,-7.929271221160889,128
train,1,The nervous pups,The nervous pup,-2.327085256576538,-5.577085494995117,-2.402132987976074,-6.527132987976074,-2.6557648181915283,-5.030765056610107,-2.6225061416625977,-5.997506141662598,128
train,0,The slender cock,The slender cocks,-16.58043670654297,-17.95543670654297,-10.768226623535156,-14.393226623535156,-16.54461669921875,-17.54461669921875,-10.779704093933105,-13.779704093933105,128
train,1,The slender cocks,The slender cock,-9.078554153442383,-13.578554153442383,-6.411830902099609,-12.16183090209961,-8.933566093444824,-12.996066093444824,-6.242554664611816,-11.430054664611816,128
train,0,The sleepy kit,The sleepy kits,-13.983785629272461,-18.04628562927246,-12.966930389404297,-17.154430389404297,-14.122183799743652,-17.778432846069336,-12.900833129882812,-16.588333129882812,128
train,1,The sleepy kits,The sleepy kit,-17.19011688232422,-20.40886688232422,-11.346372604370117,-15.721372604370117,-16.48125648498535,-19.38750648498535,-11.392953872680664,-14.830453872680664,128
train,0,The bright rabbit,The bright rabbits,-12.805902481079102,-15.743402481079102,-12.886032104492188,-15.198532104492188,-13.101043701171875,-15.663543701171875,-13.09825325012207,-15.09825325012207,128
train,1,The bright rabbits,The bright rabbit,-13.062579154968262,-17.250078201293945,-12.66370964050293,-17.03870964050293,-12.743550300598145,-16.18105125427246,-12.52588176727295,-16.525882720947266,128
train,0,The sleepy frog,The sleepy frogs,-14.377099990844727,-17.314599990844727,-14.350998878479004,-17.975997924804688,-14.387982368469238,-16.700481414794922,-14.393680572509766,-17.518680572509766,128
train,1,The sleepy frogs,The sleepy frog,-13.860093116760254,-18.04759407043457,-14.23346996307373,-18.452220916748047,-13.928236961364746,-16.928237915039062,-14.513238906860352,-17.70073890686035,128
train,0,The bright whale,The bright whales,-15.12779712677002,-15.37779712677002,-15.150537490844727,-15.775537490844727,-15.187697410583496,-15.187697410583496,-15.268896102905273,-15.518896102905273,128
train,1,The bright whales,The bright whale,-15.172492980957031,-18.17249298095703,-14.754081726074219,-18.19158172607422,-15.179878234863281,-17.74237823486328,-14.904021263122559,-17.841520309448242,128
train,0,The fuzzy kitten,The fuzzy kittens,-10.657474517822266,-11.969974517822266,-10.5222806930542,-12.0222806930542,-10.773812294006348,-11.711312294006348,-10.320110321044922,-11.632610321044922,128
train,1,The fuzzy kittens,The fuzzy kitten,-10.820582389831543,-15.820582389831543,-10.612394332885742,-15.424894332885742,-11.326765060424805,-15.701765060424805,-10.78382396697998,-14.97132396697998,128
train,0,The nervous panda,The nervous pandas,-13.153373718261719,-14.340873718261719,-12.604796409606934,-15.792296409606934,-13.157177925109863,-14.094677925109863,-12.847275733947754,-15.534775733947754,128
train,1,The nervous pandas,The nervous panda,-13.640459060668945,-16.515459060668945,-13.89215087890625,-16.14215087890625,-13.600214958190918,-16.162715911865234,-13.873071670532227,-15.748071670532227,128
train,0,The bright cow,The bright cows,-0.8045380115509033,-10.554537773132324,-1.0054280757904053,-9.880428314208984,-0.8613322377204895,-9.111331939697266,-0.9318333864212036,-8.431833267211914,128
train,1,The bright cows,The bright cow,-0.9491944313049316,-6.074194431304932,-1.1294900178909302,-6.129489898681641,-1.028465747833252,-5.403465747833252,-1.1656343936920166,-5.6656341552734375,128
train,0,The quiet pup,The quiet pups,-14.609844207763672,-15.797344207763672,-14.69690227508545,-15.19690227508545,-14.9370756149292,-15.8745756149292,-15.202622413635254,-15.515122413635254,128
train,1,The quiet pups,The quiet pup,-13.701093673706055,-18.826093673706055,-13.724506378173828,-18.755756378173828,-13.918791770935059,-18.168792724609375,-13.825432777404785,-18.20043182373047,128
train,0,The timid dolphin,The timid dolphins,-10.64188003540039,-13.89188003540039,-10.193511962890625,-14.131011962890625,-11.0630521774292,-13.4380521774292,-10.503791809082031,-13.816291809082031,128
train,1,The timid dolphins,The timid dolphin,-10.276634216308594,-18.307884216308594,-10.340160369873047,-17.652660369873047,-10.109396934509277,-17.421897888183594,-10.393343925476074,-16.83084487915039,128
train,0,The timid cow,The timid cows,-15.296525955200195,-20.921525955200195,-13.99560260772705,-19.714351654052734,-16.017108917236328,-20.892108917236328,-14.307300567626953,-19.494800567626953,128
train,1,The timid cows,The timid cow,-17.653669357299805,-21.997419357299805,-16.237205505371094,-20.205955505371094,-17.130035400390625,-20.786285400390625,-15.721105575561523,-18.627355575561523,128
train,0,The calm pup,The calm pups,-1.3908063173294067,-9.765806198120117,-1.1120229959487915,-9.86202335357666,-1.4614629745483398,-8.71146297454834,-1.1550989151000977,-8.655098915100098,128
train,1,The calm pups,The calm pup,-1.4034618139266968,-6.403461933135986,-1.2263517379760742,-7.351351737976074,-1.9798160791397095,-5.35481595993042,-1.6918814182281494,-6.3168816566467285,128
train,0,The calm shark,The calm sharks,-9.921435356140137,-12.233935356140137,-10.830909729003906,-14.580909729003906,-10.176513671875,-11.614013671875,-10.854907035827637,-13.792407035827637,128
train,1,The calm sharks,The calm shark,-9.815885543823242,-14.065885543823242,-10.770821571350098,-15.333321571350098,-10.007341384887695,-13.632341384887695,-10.840341567993164,-14.840341567993164,128
train,0,The sleepy kitten,The sleepy kittens,-0.6358386874198914,-12.073338508605957,-0.7143878936767578,-11.401887893676758,-0.8241019248962402,-10.074102401733398,-0.9337939023971558,-9.558794021606445,128
train,1,The sleepy kittens,The sleepy kitten,-0.6574345827102661,-8.657434463500977,-0.6886214017868042,-8.813621520996094,-1.0821115970611572,-7.332111358642578,-1.0747575759887695,-7.4497575759887695,128
train,0,The slender turtle,The slender turtles,-13.143866539001465,-18.05011558532715,-12.607105255126953,-18.232105255126953,-13.04760456085205,-17.610103607177734,-12.592719078063965,-17.65521812438965,128
train,1,The slender turtles,The slender turtle,-14.43547248840332,-17.62297248840332,-13.41938304901123,-16.419382095336914,-14.174994468688965,-16.42499542236328,-13.475424766540527,-15.975424766540527,128
train,0,The timid monitor,The timid monitors,-14.231637001037598,-17.91913604736328,-10.616525650024414,-14.929025650024414,-13.852662086486816,-17.4151611328125,-11.022579193115234,-14.835079193115234,128
train,1,The timid monitors,The timid monitor,-9.804962158203125,-13.492462158203125,-9.470422744750977,-13.157922744750977,-9.97288703918457,-13.09788703918457,-9.722513198852539,-12.972513198852539,128
train,0,The slender cock,The slender cocks,-21.23668670654297,-21.70543670654297,-18.893226623535156,-22.221351623535156,-21.04461669921875,-21.60711669921875,-17.842205047607422,-21.185955047607422,128
train,1,The slender cocks,The slender cock,-14.516054153442383,-18.141054153442383,-12.84933090209961,-17.72433090209961,-14.621066093444824,-17.558565139770508,-13.055054664611816,-17.2425537109375,128
train,0,The timid cow,The timid cows,-11.921525955200195,-16.046525955200195,-10.87060260772705,-14.99560260772705,-12.267108917236328,-15.517108917236328,-10.994800567626953,-14.557300567626953,128
train,1,The timid cows,The timid cow,-11.028669357299805,-17.591169357299805,-9.799705505371094,-15.799705505371094,-10.942535400390625,-16.755035400390625,-9.846105575561523,-14.783605575561523,128
train,0,The fuzzy frog,The fuzzy frogs,-14.103224754333496,-18.071975708007812,-14.470073699951172,-19.720073699951172,-13.909634590148926,-17.40963363647461,-14.434982299804688,-19.091232299804688,128
train,1,The fuzzy frogs,The fuzzy frog,-14.263394355773926,-17.888395309448242,-14.63544750213623,-18.635448455810547,-14.372334480285645,-16.997333526611328,-14.706911087036133,-17.831911087036133,128
train,0,The timid lion,The timid lions,-11.79932975769043,-14.98682975769043,-10.649520874023438,-15.149520874023438,-12.31955337524414,-14.56955337524414,-11.095405578613281,-14.782905578613281,128
train,1,The timid lions,The timid lion,-12.557062149047852,-16.05706214904785,-12.24403190612793,-16.99403190612793,-12.315703392028809,-14.940703392028809,-12.003190994262695,-15.815690994262695,128
train,0,The quiet turtle,The quiet turtles,-14.259563446044922,-18.978313446044922,-12.531271934509277,-17.031272888183594,-14.154573440551758,-17.842073440551758,-12.699359893798828,-16.449359893798828,128
train,1,The quiet turtles,The quiet turtle,-13.895880699157715,-17.39588165283203,-13.632440567016602,-17.1949405670166,-13.656733512878418,-15.969233512878418,-13.574501037597656,-16.637001037597656,128
train,0,The small dolphin,The small dolphins,-1.0129404067993164,-9.762940406799316,-0.9198733568191528,-10.357373237609863,-1.06502103805542,-8.065021514892578,-0.9147956967353821,-8.789795875549316,128
train,1,The small dolphins,The small dolphin,-0.8123227953910828,-8.187322616577148,-0.7871844172477722,-8.287184715270996,-0.8245353698730469,-7.199535369873047,-0.8140900135040283,-7.439089775085449,128
train,0,The sleepy dog,The sleepy dogs,-12.087656021118164,-17.087656021118164,-11.198052406311035,-14.698052406311035,-12.136760711669922,-16.699260711669922,-11.36956787109375,-14.43206787109375,128
train,1,The sleepy dogs,The sleepy dog,-11.931563377380371,-16.181564331054688,-11.298166275024414,-16.423166275024414,-11.963091850280762,-15.588091850280762,-11.109094619750977,-15.921594619750977,128
train,0,The sleepy chick,The sleepy chicks,-10.613922119140625,-12.676422119140625,-10.813872337341309,-12.751372337341309,-10.449605941772461,-11.887105941772461,-10.755520820617676,-12.193020820617676,128
train,1,The sleepy chicks,The sleepy chick,-11.332594871520996,-16.707595825195312,-11.212074279785156,-16.774574279785156,-11.054808616638184,-15.679808616638184,-11.101341247558594,-16.038841247558594,128
train,0,The small bat,The small bats,-9.283926010131836,-16.283926010131836,-9.65420913696289,-17.21670913696289,-9.190367698669434,-15.252867698669434,-9.349003791809082,-16.036502838134766,128
train,1,The small bats,The small bat,-10.167217254638672,-16.229717254638672,-10.01302433013916,-15.88802433013916,-10.067651748657227,-15.380151748657227,-9.952271461486816,-15.202271461486816,128
train,0,The fuzzy panda,The fuzzy pandas,-0.9322385787963867,-8.682238578796387,-0.8489184379577637,-9.598918914794922,-0.9831052422523499,-6.858105182647705,-0.8857511878013611,-8.135750770568848,128
train,1,The fuzzy pandas,The fuzzy panda,-1.426759958267212,-4.301759719848633,-0.6595295667648315,-5.784529685974121,-1.2580327987670898,-3.75803279876709,-0.7368939518928528,-5.236894130706787,128
train,0,The nervous frog,The nervous frogs,-1.2394816875457764,-10.114481925964355,-1.1538176536560059,-9.778818130493164,-1.4481719732284546,-9.073171615600586,-1.3087245225906372,-8.683724403381348,128
train,1,The nervous frogs,The nervous frog,-1.9165310859680176,-5.541531085968018,-1.3630146980285645,-5.9880146980285645,-2.134620189666748,-4.759620189666748,-1.4822533130645752,-5.232253074645996,128
train,0,The quiet frog,The quiet frogs,-12.143945693969727,-12.706445693969727,-12.015748977661133,-12.953248977661133,-12.430412292480469,-12.430412292480469,-12.448234558105469,-12.760734558105469,128
train,1,The quiet frogs,The quiet frog,-11.727961540222168,-15.602961540222168,-12.057906150817871,-15.620406150817871,-11.664434432983398,-14.726934432983398,-11.996185302734375,-14.871185302734375,128
train,0,The fuzzy chick,The fuzzy chicks,-1.08209228515625,-9.26959228515625,-0.8878062963485718,-10.575305938720703,-1.2675224542617798,-7.76752233505249,-0.941572904586792,-9.629073143005371,128
train,1,The fuzzy chicks,The fuzzy chick,-1.019137978553772,-6.144137859344482,-0.6569823026657104,-6.656982421875,-1.212749719619751,-5.08774995803833,-1.036530613899231,-5.411530494689941,128
train,0,The quiet kitten,The quiet kittens,-17.241806030273438,-17.741806030273438,-16.983154296875,-17.108154296875,-17.138916015625,-17.388916015625,-17.029924392700195,-16.842424392700195,128
train,1,The quiet kittens,The quiet kitten,-16.313753128051758,-20.782503128051758,-16.19365119934082,-20.72490119934082,-16.079505920410156,-20.110755920410156,-15.773531913757324,-19.992280960083008,128
train,0,The timid whale,The timid whales,-11.371259689331055,-14.746259689331055,-10.407604217529297,-14.532604217529297,-11.75228214263916,-14.37728214263916,-10.83035945892334,-14.14285945892334,128
train,1,The timid whales,The timid whale,-8.851924896240234,-14.789424896240234,-9.033442497253418,-15.345942497253418,-9.021902084350586,-14.084402084350586,-9.225251197814941,-14.600251197814941,128
train,0,The sleepy whale,The sleepy whales,-9.341198921203613,-12.841198921203613,-8.668512344360352,-12.543512344360352,-9.545730590820312,-12.483230590820312,-8.80810832977295,-12.18310832977295,128
train,1,The sleepy whales,The sleepy whale,-9.917763710021973,-13.917763710021973,-8.882495880126953,-12.819995880126953,-9.773849487304688,-13.273849487304688,-8.810372352600098,-12.435372352600098,128
train,0,The nervous rabbit,The nervous rabbits,-2.114320755004883,-9.864320755004883,-1.3236647844314575,-9.448664665222168,-2.0844497680664062,-8.584449768066406,-1.3757108449935913,-8.125710487365723,128
train,1,The nervous rabbits,The nervous rabbit,-1.5717557668685913,-4.946755886077881,-1.0979249477386475,-6.097925186157227,-1.9135329723358154,-4.0385332107543945,-1.5008041858673096,-5.1258039474487305,128
train,0,The slender lion,The slender lions,-14.089006423950195,-16.401506423950195,-13.017792701721191,-15.392792701721191,-14.114986419677734,-15.927486419677734,-13.062180519104004,-14.812180519104004,128
train,1,The slender lions,The slender lion,-10.400810241699219,-14.338310241699219,-9.960672378540039,-14.210672378540039,-10.592733383178711,-14.030233383178711,-10.194426536560059,-14.006926536560059,128
train,0,The fuzzy dolphin,The fuzzy dolphins,-0.716292679309845,-8.966292381286621,-0.7615942358970642,-10.13659381866455,-0.8659560680389404,-7.3659563064575195,-0.7789052724838257,-8.778904914855957,128
train,1,The fuzzy dolphins,The fuzzy dolphin,-0.8088430166244507,-6.18384313583374,-0.8593614101409912,-7.35936164855957,-0.8837250471115112,-5.758725166320801,-0.8893036246299744,-6.639303684234619,128
train,0,The bright whale,The bright whales,-0.8777973055839539,-9.25279712677002,-0.9630370140075684,-9.775537490844727,-0.9376977682113647,-8.312697410583496,-0.9563962817192078,-8.456396102905273,128
train,1,The bright whales,The bright whale,-0.9224925637245178,-5.172492504119873,-0.8790817260742188,-6.004081726074219,-0.9298786520957947,-4.1798787117004395,-0.9665210247039795,-5.216521263122559,128
train,0,The nervous lion,The nervous lions,-11.515823364257812,-15.015823364257812,-11.389069557189941,-15.389069557189941,-11.832857131958008,-14.582857131958008,-11.89987564086914,-15.21237564086914,128
train,1,The nervous lions,The nervous lion,-11.11784553527832,-14.74284553527832,-11.674090385437012,-16.549091339111328,-11.475715637207031,-14.225715637207031,-11.816999435424805,-16.129499435424805,128
train,0,The nervous shark,The nervous sharks,-13.914138793945312,-18.664138793945312,-13.833581924438477,-18.896081924438477,-14.10399055480957,-17.79149055480957,-14.016876220703125,-18.298126220703125,128
train,1,The nervous sharks,The nervous shark,-14.307305335998535,-17.93230438232422,-14.925445556640625,-18.487945556640625,-14.21211051940918,-17.39961051940918,-14.784738540649414,-17.847238540649414,128
train,0,The timid kitten,The timid kittens,-0.9907045364379883,-12.490704536437988,-1.102138638496399,-11.78963851928711,-1.1942081451416016,-10.444208145141602,-1.3678433895111084,-10.305343627929688,128
train,1,The timid kittens,The timid kitten,-0.7972139716148376,-9.422213554382324,-1.108266830444336,-9.233266830444336,-1.1969441175460815,-7.821944236755371,-1.4147658348083496,-8.039766311645508,128
train,0,The nervous shark,The nervous sharks,-0.7891392707824707,-8.664138793945312,-0.8335815668106079,-9.208581924438477,-0.8539903163909912,-6.85399055480957,-0.8918766975402832,-7.641876697540283,128
train,1,The nervous sharks,The nervous shark,-0.8073049783706665,-5.057304859161377,-1.112945318222046,-5.987945556640625,-0.9621106386184692,-4.46211051940918,-1.2222387790679932,-5.347239017486572,128
train,0,The fuzzy shark,The fuzzy sharks,-9.484857559204102,-10.109857559204102,-8.991459846496582,-10.241459846496582,-9.647289276123047,-9.772289276123047,-9.216796875,-9.966796875,128
train,1,The fuzzy sharks,The fuzzy shark,-9.139107704162598,-14.576607704162598,-9.102449417114258,-14.539949417114258,-8.972228050231934,-13.847228050231934,-9.038812637329102,-14.038812637329102,128
train,0,The quiet panda,The quiet pandas,-1.033226728439331,-10.03322696685791,-1.1324338912963867,-10.132433891296387,-1.2015312910079956,-8.451531410217285,-1.261717677116394,-8.511717796325684,128
train,1,The quiet pandas,The quiet panda,-0.5780226588249207,-6.453022480010986,-0.7712480425834656,-6.021247863769531,-0.706002950668335,-5.456003189086914,-0.809867799282074,-5.559867858886719,128
train,0,The bright horse,The bright horses,-14.006874084472656,-16.444374084472656,-13.137276649475098,-15.949776649475098,-14.255703926086426,-16.318204879760742,-13.275545120239258,-15.713045120239258,128
train,1,The bright horses,The bright horse,-12.876850128173828,-17.939350128173828,-11.807398796081543,-17.494897842407227,-12.92374038696289,-17.04874038696289,-11.983293533325195,-16.983293533325195,128
train,0,The slender doe,The slender does,-7.73314094543457,-13.85814094543457,-8.59321117401123,-13.40571117401123,-8.58043098449707,-12.83043098449707,-9.132537841796875,-12.320037841796875,128
train,1,The slender does,The slender doe,-12.88233470916748,-16.819833755493164,-8.701662063598633,-12.576662063598633,-12.330497741699219,-16.83049774169922,-8.699708938598633,-13.137208938598633,128
train,0,The fuzzy turtle,The fuzzy turtles,-13.173443794250488,-15.423443794250488,-12.295763969421387,-14.670763969421387,-13.228106498718262,-15.103106498718262,-12.430158615112305,-14.492658615112305,128
train,1,The fuzzy turtles,The fuzzy turtle,-12.343160629272461,-16.40566062927246,-11.995898246765137,-16.058399200439453,-12.022878646850586,-15.460378646850586,-12.026022911071777,-15.588522911071777,128
train,0,The fuzzy lion,The fuzzy lions,-10.992709159851074,-12.742709159851074,-11.97432804107666,-13.41182804107666,-11.44849681854248,-12.57349681854248,-12.362748146057129,-13.175248146057129,128
train,1,The fuzzy lions,The fuzzy lion,-11.810089111328125,-14.247589111328125,-11.912593841552734,-14.350093841552734,-11.702189445495605,-13.577189445495605,-12.029561996459961,-14.092061996459961,128
train,0,The nervous bat,The nervous bats,-1.606792688369751,-9.106792449951172,-1.2440873384475708,-9.619087219238281,-1.703450322151184,-8.828450202941895,-1.2475193738937378,-8.372519493103027,128
train,1,The nervous bats,The nervous bat,-2.5462136268615723,-4.921213626861572,-2.0164520740509033,-5.891451835632324,-2.4394876956939697,-4.564487457275391,-2.017103910446167,-5.642104148864746,128
train,0,The sleepy bat,The sleepy bats,-0.6865819096565247,-10.4365816116333,-0.7299368381500244,-10.417436599731445,-0.7301341891288757,-9.355134010314941,-0.7353519797325134,-9.1103515625,128
train,1,The sleepy bats,The sleepy bat,-1.227150797843933,-6.227150917053223,-0.6692600250244141,-6.294260025024414,-1.0643121004104614,-5.814311981201172,-0.7296144366264343,-5.9796142578125,128
train,0,The slender doe,The slender does,-12.23314094543457,-14.23314094543457,-11.71821117401123,-12.09321117401123,-12.76793098449707,-13.45543098449707,-12.007537841796875,-11.570037841796875,128
train,1,The slender does,The slender doe,-12.88233470916748,-18.319833755493164,-10.576662063598633,-15.264162063598633,-12.455497741699219,-18.08049774169922,-10.824708938598633,-15.699708938598633,128
train,0,The bright bat,The bright bats,-11.653688430786133,-14.403688430786133,-12.800287246704102,-16.7377872467041,-11.86160945892334,-14.11160945892334,-12.782222747802734,-16.282222747802734,128
train,1,The bright bats,The bright bat,-14.023185729980469,-15.898185729980469,-14.058822631835938,-16.371322631835938,-14.000787734985352,-15.563287734985352,-13.913442611694336,-15.975942611694336,128
train,0,The nervous chick,The nervous chicks,-14.349343299865723,-17.474342346191406,-14.473127365112305,-17.723127365112305,-14.657760620117188,-17.532760620117188,-14.497452735900879,-17.684953689575195,128
train,1,The nervous chicks,The nervous chick,-16.082656860351562,-18.332656860351562,-15.40220832824707,-18.65220832824707,-15.745509147644043,-17.245508193969727,-15.210882186889648,-17.96088218688965,128
train,0,The fuzzy lion,The fuzzy lions,-12.617709159851074,-16.11771011352539,-13.97432804107666,-16.661827087402344,-12.44849681854248,-15.51099681854248,-13.925248146057129,-16.112747192382812,128
train,1,The fuzzy lions,The fuzzy lion,-13.622589111328125,-17.372589111328125,-14.162593841552734,-18.225093841552734,-13.514689445495605,-16.38968849182129,-14.029561996459961,-17.46706199645996,128
train,0,The calm doe,The calm does,-12.333466529846191,-15.395966529846191,-12.554652214050293,-14.742152214050293,-12.05998706817627,-13.74748706817627,-12.696676254272461,-13.446676254272461,128
train,1,The calm does,The calm doe,-14.203115463256836,-18.140615463256836,-12.081696510314941,-16.706695556640625,-14.139829635620117,-18.077329635620117,-11.900713920593262,-16.650714874267578,128
train,0,The bright lion,The bright lions,-10.755663871765137,-12.568163871765137,-10.187422752380371,-13.499922752380371,-11.224181175231934,-12.599181175231934,-10.58997917175293,-13.21497917175293,128
train,1,The bright lions,The bright lion,-11.653298377990723,-13.465798377990723,-12.123286247253418,-14.060786247253418,-11.696460723876953,-12.946460723876953,-12.127942085266113,-13.690442085266113,128
train,0,The nervous doe,The nervous does,-10.696907043457031,-12.634407043457031,-9.800762176513672,-12.113262176513672,-11.463866233825684,-12.901366233825684,-10.244686126708984,-12.057186126708984,128
train,1,The nervous does,The nervous doe,-13.19913101196289,-16.26163101196289,-10.540719032287598,-14.728219032287598,-12.934554100036621,-16.309555053710938,-9.716336250305176,-14.341336250305176,128
train,0,The sleepy monitor,The sleepy monitors,-16.240657806396484,-19.490657806396484,-13.885284423828125,-16.885284423828125,-15.84068489074707,-18.90318489074707,-14.288019180297852,-17.03801918029785,128
train,1,The sleepy monitors,The sleepy monitor,-10.496774673461914,-13.934274673461914,-11.836605072021484,-15.649105072021484,-10.690746307373047,-13.753246307373047,-11.881732940673828,-15.444232940673828,128
train,0,The calm chick,The calm chicks,-12.267455101013184,-15.517455101013184,-11.944976806640625,-15.882476806640625,-12.772699356079102,-15.335199356079102,-12.060879707336426,-15.623379707336426,128
train,1,The calm chicks,The calm chick,-12.20710563659668,-16.58210563659668,-12.63007640838623,-17.630075454711914,-12.487288475036621,-15.924788475036621,-12.796192169189453,-16.671192169189453,128
train,0,The slender doe,The slender does,-12.92064094543457,-16.98314094543457,-12.78071117401123,-16.405712127685547,-13.33043098449707,-16.08043098449707,-13.320037841796875,-15.695037841796875,128
train,1,The slender does,The slender doe,-17.569833755493164,-19.944833755493164,-13.826662063598633,-16.076662063598633,-17.20549774169922,-20.08049774169922,-13.887208938598633,-16.512208938598633,128
train,0,The sleepy rat,The sleepy rats,-14.01663875579834,-14.95413875579834,-13.995412826538086,-15.807912826538086,-14.382522583007812,-14.632522583007812,-14.247995376586914,-15.435495376586914,128
train,1,The sleepy rats,The sleepy rat,-13.918380737304688,-17.230880737304688,-14.658061981201172,-17.908061981201172,-13.878796577453613,-16.56629753112793,-14.51858901977539,-17.39358901977539,128
train,0,The calm cow,The calm cows,-5.789403915405273,-12.226903915405273,-5.781576156616211,-12.031576156616211,-6.517724990844727,-12.142724990844727,-6.256408214569092,-11.88140869140625,128
train,1,The calm cows,The calm cow,-7.109992980957031,-10.859992980957031,-6.646315097808838,-11.146315574645996,-7.485424041748047,-10.235424041748047,-7.265124320983887,-10.390124320983887,128
train,0,The small dog,The small dogs,-10.036774635314941,-15.849274635314941,-9.902663230895996,-14.715163230895996,-10.03635311126709,-15.47385311126709,-10.114703178405762,-14.614703178405762,128
train,1,The small dogs,The small dog,-11.592370986938477,-14.029870986938477,-11.147573471069336,-14.522573471069336,-11.375542640686035,-13.438042640686035,-11.076661109924316,-14.139161109924316,128
train,0,The fuzzy doe,The fuzzy does,-11.343652725219727,-14.968652725219727,-10.788548469543457,-14.976048469543457,-11.949346542358398,-14.386846542358398,-11.177302360534668,-14.302302360534668,128
train,1,The fuzzy does,The fuzzy doe,-14.144083023071289,-18.95658302307129,-12.038336753845215,-16.97583770751953,-13.69221019744873,-18.692211151123047,-11.829516410827637,-16.892017364501953,128
train,0,The timid dog,The timid dogs,-11.303961753845215,-15.178961753845215,-11.94760513305664,-15.38510513305664,-11.535113334655762,-15.035113334655762,-12.203658103942871,-15.078658103942871,128
train,1,The timid dogs,The timid dog,-13.224796295166016,-16.349796295166016,-13.512118339538574,-16.949617385864258,-13.731158256530762,-15.856158256530762,-13.84499740600586,-16.46999740600586,128
train,0,The timid rat,The timid rats,-10.399889945983887,-15.024889945983887,-10.714077949523926,-15.776577949523926,-10.512833595275879,-14.012833595275879,-10.77760124206543,-14.77760124206543,128
train,1,The timid rats,The timid rat,-10.667040824890137,-16.729541778564453,-11.115811347961426,-17.053312301635742,-10.379545211791992,-15.442045211791992,-10.787659645080566,-16.225160598754883,128
train,0,The calm panda,The calm pandas,-11.110422134399414,-14.672922134399414,-10.318326950073242,-14.943326950073242,-11.423471450805664,-14.423471450805664,-10.72795295715332,-14.72795295715332,128
train,1,The calm pandas,The calm panda,-12.020671844482422,-14.270671844482422,-11.902265548706055,-13.777265548706055,-11.992772102355957,-13.742772102355957,-11.882473945617676,-13.444973945617676,128
train,0,The slender kitten,The slender kittens,-16.15304183959961,-18.80929183959961,-15.44244384765625,-18.75494384765625,-15.967247009277344,-18.435997009277344,-15.377466201782227,-18.502466201782227,128
train,1,The slender kittens,The slender kitten,-15.345186233520508,-20.313936233520508,-15.49881649017334,-20.061315536499023,-15.066329002380371,-19.347579956054688,-15.139730453491211,-19.10848045349121,128
train,0,The timid bat,The timid bats,-12.243932723999023,-17.806432723999023,-11.517108917236328,-17.548358917236328,-12.63039779663086,-17.41164779663086,-11.68996810913086,-17.12746810913086,128
train,1,The timid bats,The timid bat,-14.514512062072754,-17.48326301574707,-14.126262664794922,-17.001262664794922,-14.476815223693848,-16.726816177368164,-14.117588996887207,-16.43008804321289,128
train,0,The bright rabbit,The bright rabbits,-1.243402123451233,-8.743402481079102,-1.261032223701477,-9.011032104492188,-1.2885433435440063,-7.163543224334717,-1.348253607749939,-7.5982537269592285,128
train,1,The bright rabbits,The bright rabbit,-0.7500788569450378,-6.0000786781311035,-0.9762091636657715,-6.2262091636657715,-0.9935504794120789,-4.7435503005981445,-1.1508818864822388,-5.525881767272949,128
train,0,The bright shark,The bright sharks,-10.265718460083008,-13.140718460083008,-10.266203880310059,-14.703703880310059,-10.76518726348877,-12.57768726348877,-10.592061042785645,-14.029561042785645,128
train,1,The bright sharks,The bright shark,-10.096797943115234,-14.471797943115234,-10.735705375671387,-15.173205375671387,-10.22143840789795,-14.15893840789795,-10.807754516601562,-14.870254516601562,128
train,0,The fuzzy cow,The fuzzy cows,-0.7961637377738953,-11.046163558959961,-0.8705699443817139,-10.370570182800293,-0.7499330043792725,-9.624933242797852,-0.8162422180175781,-9.191242218017578,128
train,1,The fuzzy cows,The fuzzy cow,-1.0648622512817383,-6.064862251281738,-1.1450204849243164,-6.270020484924316,-1.1537508964538574,-5.403750896453857,-1.209099292755127,-5.584099292755127,128
train,0,The fuzzy dolphin,The fuzzy dolphins,-11.278792381286621,-12.028792381286621,-10.44909381866455,-12.38659381866455,-11.24095630645752,-11.86595630645752,-10.403904914855957,-12.216404914855957,128
train,1,The fuzzy dolphins,The fuzzy dolphin,-13.808842658996582,-15.246342658996582,-13.73436164855957,-14.79686164855957,-13.8212251663208,-15.0712251663208,-13.639303207397461,-14.514303207397461,128
train,0,The calm horse,The calm horses,-1.2636083364486694,-9.8261079788208,-1.2314938306808472,-9.606493949890137,-1.3309950828552246,-8.455995559692383,-1.285183072090149,-8.41018295288086,128
train,1,The calm horses,The calm horse,-1.6908786296844482,-8.065878868103027,-1.4819833040237427,-7.231983184814453,-1.9430216550827026,-6.068021774291992,-1.9302287101745605,-6.0552287101745605,128
train,0,The fuzzy rabbit,The fuzzy rabbits,-9.844877243041992,-13.469877243041992,-9.685708999633789,-13.748208999633789,-10.065038681030273,-13.190038681030273,-9.870716094970703,-13.620716094970703,128
train,1,The fuzzy rabbits,The fuzzy rabbit,-10.499232292175293,-14.749232292175293,-10.549178123474121,-14.986678123474121,-10.254720687866211,-13.692220687866211,-10.232538223266602,-13.795038223266602,128
train,0,The fuzzy lion,The fuzzy lions,-0.9302091598510742,-10.305209159851074,-0.6618279814720154,-10.28682804107666,-1.1359970569610596,-8.88599681854248,-0.8002481460571289,-9.050248146057129,128
train,1,The fuzzy lions,The fuzzy lion,-0.7475890517234802,-5.747589111328125,-0.7875942587852478,-6.162594318389893,-0.8896892070770264,-4.6396894454956055,-0.90456223487854,-5.279561996459961,128
train,0,The small dolphin,The small dolphins,-11.075440406799316,-16.825439453125,-10.294873237609863,-16.85737419128418,-11.377521514892578,-16.502521514892578,-10.539795875549316,-16.539794921875,128
train,1,The small dolphins,The small dolphin,-13.437322616577148,-16.56232261657715,-12.662184715270996,-16.22468376159668,-13.512035369873047,-16.012035369873047,-12.68908977508545,-15.68908977508545,128
train,0,The quiet panda,The quiet pandas,-11.47072696685791,-15.22072696685791,-11.319933891296387,-15.069933891296387,-11.701531410217285,-14.826531410217285,-11.636717796325684,-14.824217796325684,128
train,1,The quiet pandas,The quiet panda,-9.578022956848145,-15.953022956848145,-9.771247863769531,-15.708747863769531,-9.706003189086914,-15.268503189086914,-9.684867858886719,-15.122367858886719,128
train,0,The slender monitor,The slender monitors,-17.86725425720215,-20.17975425720215,-16.91262435913086,-20.03762435913086,-17.323169708251953,-19.510669708251953,-16.808849334716797,-19.652599334716797,128
train,1,The slender monitors,The slender monitor,-11.064592361450195,-16.377092361450195,-11.467498779296875,-17.592498779296875,-11.135032653808594,-16.072532653808594,-11.483202934265137,-17.233203887939453,128
train,0,The quiet panda,The quiet pandas,-12.72072696685791,-15.34572696685791,-11.694933891296387,-14.819933891296387,-12.889031410217285,-14.951531410217285,-11.886717796325684,-14.574217796325684,128
train,1,The quiet pandas,The quiet panda,-13.703022956848145,-17.203022003173828,-12.708747863769531,-15.458747863769531,-13.456003189086914,-16.518503189086914,-12.622367858886719,-15.122367858886719,128
train,0,The calm bat,The calm bats,-12.781423568725586,-15.343923568725586,-11.33677864074707,-13.64927864074707,-12.644308090209961,-14.331808090209961,-11.179003715515137,-12.679003715515137,128
train,1,The calm bats,The calm bat,-12.370966911315918,-17.589717864990234,-11.095709800720215,-16.72071075439453,-12.927014350891113,-17.80201530456543,-10.976710319519043,-16.16421127319336,128
train,0,The calm monitor,The calm monitors,-13.057584762573242,-17.495084762573242,-12.817527770996094,-16.817527770996094,-12.827103614807129,-17.202102661132812,-12.8455171585083,-16.658018112182617,128
train,1,The calm monitors,The calm monitor,-13.455167770385742,-16.330167770385742,-12.197369575500488,-15.509869575500488,-13.357885360717773,-15.920385360717773,-12.208942413330078,-15.271442413330078,128
train,0,The small kitten,The small kittens,-14.442262649536133,-15.567262649536133,-13.968160629272461,-14.968160629272461,-14.437520980834961,-15.250020980834961,-13.92066764831543,-14.60816764831543,128
train,1,The small kittens,The small kitten,-13.430933952331543,-19.39968490600586,-13.030150413513184,-19.186399459838867,-13.027820587158203,-18.621570587158203,-12.464089393615723,-18.33909034729004,128
train,0,The calm dog,The calm dogs,-9.717750549316406,-13.842750549316406,-9.861550331115723,-13.736550331115723,-9.777509689331055,-13.527509689331055,-10.006803512573242,-13.381803512573242,128
train,1,The calm dogs,The calm dog,-10.367711067199707,-12.992711067199707,-10.416208267211914,-13.541208267211914,-10.224995613098145,-12.037495613098145,-10.45633316040039,-13.01883316040039,128
train,0,The fuzzy pup,The fuzzy pups,-12.060689926147461,-16.37318992614746,-11.453182220458984,-16.203182220458984,-12.501974105834961,-16.06447410583496,-11.789403915405273,-16.351903915405273,128
train,1,The fuzzy pups,The fuzzy pup,-12.033564567565918,-15.908564567565918,-11.816723823547363,-16.06672477722168,-12.188885688781738,-15.313885688781738,-11.692946434020996,-14.880446434020996,128
train,0,The slender kitten,The slender kittens,-7.715541839599609,-12.71554183959961,-7.567444324493408,-12.44244384765625,-7.8422465324401855,-12.092247009277344,-7.689966201782227,-12.127466201782227,128
train,1,The slender kittens,The slender kitten,-7.407686710357666,-12.782686233520508,-7.498816013336182,-13.18631649017334,-7.441329479217529,-12.066329002380371,-7.702229976654053,-12.702230453491211,128
train,0,The timid shark,The timid sharks,-12.540850639343262,-13.415850639343262,-12.983864784240723,-14.421364784240723,-12.565682411193848,-12.815682411193848,-13.083760261535645,-13.958760261535645,128
train,1,The timid sharks,The timid shark,-10.139863967895508,-15.577363967895508,-11.497663497924805,-16.935163497924805,-9.781488418579102,-14.781488418579102,-11.011613845825195,-16.136613845825195,128
test,0,The strange [wug],The strange [wugs],-11.20167064666748,-15.01417064666748,-11.802268028259277,-15.489768028259277,-11.587045669555664,-15.024545669555664,-11.957724571228027,-15.145224571228027,128
test,1,The strange [wugs],The strange [wug],-12.861739158630371,-15.111739158630371,-13.12314510345459,-17.685646057128906,-12.742398262023926,-14.742398262023926,-12.931197166442871,-17.243696212768555,128
test,0,The shy [wug],The shy [wugs],-15.106318473815918,-14.606318473815918,-11.555206298828125,-13.992706298828125,-15.604001998901367,-14.291501998901367,-12.163573265075684,-14.163573265075684,128
test,1,The shy [wugs],The shy [wug],-11.123234748840332,-15.935734748840332,-12.37863540649414,-18.12863540649414,-12.381199836730957,-16.631200790405273,-12.95889663696289,-18.11514663696289,128
test,0,The wary [wug],The wary [wugs],-16.99472999572754,-19.21347999572754,-13.368918418884277,-17.243919372558594,-16.624366760253906,-18.811866760253906,-13.465141296386719,-16.84014129638672,128
test,1,The wary [wugs],The wary [wug],-14.147247314453125,-17.459747314453125,-15.254029273986816,-18.504030227661133,-15.479107856750488,-17.416608810424805,-15.267465591430664,-18.267465591430664,128
test,0,The shy [wug],The shy [wugs],-13.231318473815918,-15.293818473815918,-13.430206298828125,-16.180206298828125,-13.291501998901367,-14.854001998901367,-13.413573265075684,-15.601073265075684,128
test,1,The shy [wugs],The shy [wug],-11.810734748840332,-15.748234748840332,-12.56613540649414,-17.69113540649414,-12.131199836730957,-15.131199836730957,-12.64639663696289,-17.27139663696289,128
test,0,The curious [wug],The curious [wugs],-13.87373161315918,-16.77998161315918,-12.478019714355469,-17.04051971435547,-13.484421730041504,-16.171920776367188,-12.692975044250488,-16.755474090576172,128
test,1,The curious [wugs],The curious [wug],-17.387393951416016,-18.856143951416016,-14.797961235046387,-18.672962188720703,-19.14030647277832,-20.39030647277832,-14.378717422485352,-18.19121742248535,128
test,0,The sturdy [wug],The sturdy [wugs],-16.32893180847168,-20.79768180847168,-13.874835968017578,-18.906085968017578,-16.054433822631836,-20.413808822631836,-13.924293518066406,-18.330543518066406,128
test,1,The sturdy [wugs],The sturdy [wug],-14.786877632141113,-17.661876678466797,-15.730768203735352,-18.73076820373535,-15.538021087646484,-17.819271087646484,-15.436071395874023,-18.061071395874023,128
test,0,The clever [wug],The clever [wugs],-13.758203506469727,-14.008203506469727,-7.537271499633789,-11.474771499633789,-12.879233360290527,-13.254233360290527,-7.45419454574585,-10.954195022583008,128
test,1,The clever [wugs],The clever [wug],-13.396442413330078,-18.287067413330078,-10.362448692321777,-14.737448692321777,-15.11584758758545,-19.412721633911133,-9.924030303955078,-14.049030303955078,128
test,0,The shy [wug],The shy [wugs],-16.418819427490234,-15.231318473815918,-15.367706298828125,-16.742706298828125,-16.916501998901367,-14.979001998901367,-16.163572311401367,-16.851072311401367,128
test,1,The shy [wugs],The shy [wug],-13.498234748840332,-17.623233795166016,-15.81613540649414,-20.25363540649414,-13.818699836730957,-16.818700790405273,-16.20889663696289,-20.05264663696289,128
test,0,The lively [wug],The lively [wugs],-5.328610897064209,-9.516111373901367,-3.679478168487549,-10.24197769165039,-5.505019187927246,-8.380019187927246,-3.8392715454101562,-8.964271545410156,128
test,1,The lively [wugs],The lively [wug],-5.255409240722656,-8.505409240722656,-5.252954483032227,-9.752954483032227,-5.230537414550781,-8.230537414550781,-5.083015441894531,-8.958015441894531,128
test,0,The fierce [wug],The fierce [wugs],-15.53550910949707,-15.31675910949707,-12.560822486877441,-15.248322486877441,-15.66292667388916,-15.25667667388916,-12.651830673217773,-15.026830673217773,128
test,1,The fierce [wugs],The fierce [wug],-14.014434814453125,-16.951934814453125,-13.078496932983398,-16.1409969329834,-12.927778244018555,-15.490278244018555,-13.329922676086426,-15.954922676086426,128
test,0,The clumsy [wug],The clumsy [wugs],-16.233863830566406,-12.921364784240723,-13.73027229309082,-12.91777229309082,-16.102005004882812,-13.164504051208496,-14.231023788452148,-12.918523788452148,128
test,1,The clumsy [wugs],The clumsy [wug],-13.246950149536133,-16.621950149536133,-14.331226348876953,-18.018726348876953,-14.925468444824219,-16.70671844482422,-14.456801414489746,-17.51930046081543,128
test,0,The spotted [wug],The spotted [wugs],-13.245747566223145,-19.29262351989746,-12.630731582641602,-17.9744815826416,-13.844483375549316,-18.875732421875,-12.791237831115723,-18.00998878479004,128
test,1,The spotted [wugs],The spotted [wug],-19.182409286499023,-19.518346786499023,-13.872751235961914,-18.247751235961914,-19.606298446655273,-19.653173446655273,-14.488847732543945,-18.020097732543945,128
test,0,The tiny [wug],The tiny [wugs],-9.142427444458008,-12.204927444458008,-8.150075912475586,-12.400075912475586,-9.290987968444824,-11.728487968444824,-8.045720100402832,-11.608220100402832,128
test,1,The tiny [wugs],The tiny [wug],-9.303523063659668,-12.241023063659668,-10.346878051757812,-14.846878051757812,-8.806589126586914,-11.931589126586914,-10.690312385559082,-14.815312385559082,128
test,0,The wary [wug],The wary [wugs],-14.932230949401855,-13.869730949401855,-12.493918418884277,-13.243918418884277,-15.124366760253906,-13.874366760253906,-12.402641296386719,-12.652641296386719,128
test,1,The wary [wugs],The wary [wug],-11.709747314453125,-16.397247314453125,-11.879029273986816,-17.066530227661133,-12.041607856750488,-16.291608810424805,-11.892465591430664,-16.704965591430664,128
test,0,The curious [wug],The curious [wugs],-15.56123161315918,-17.27998161315918,-12.165519714355469,-16.35301971435547,-14.671921730041504,-16.484420776367188,-12.567975044250488,-16.192974090576172,128
test,1,The curious [wugs],The curious [wug],-15.0436429977417,-15.4811429977417,-13.735461235046387,-16.922962188720703,-15.21843147277832,-16.09343147277832,-13.253717422485352,-16.44121742248535,128
test,0,The graceful [wug],The graceful [wugs],-14.107232093811035,-15.232232093811035,-11.458366394042969,-14.208366394042969,-14.480857849121094,-15.137107849121094,-11.823848724365234,-13.698848724365234,128
test,1,The graceful [wugs],The graceful [wug],-10.982576370239258,-13.982576370239258,-9.87817668914795,-16.440677642822266,-11.453607559204102,-13.703607559204102,-9.775598526000977,-15.900598526000977,128
test,0,The bold [wug],The bold [wugs],-1.5126278400421143,-6.012627601623535,-1.052311897277832,-8.302311897277832,-1.493074893951416,-4.743074893951416,-1.0846664905548096,-6.7096662521362305,128
test,1,The bold [wugs],The bold [wug],-1.1417206525802612,-4.141720771789551,-2.7668471336364746,-7.266847133636475,-0.7008023858070374,-3.8258023262023926,-2.543044090270996,-6.668044090270996,128
test,0,The strange [wug],The strange [wugs],-12.20167064666748,-13.01417064666748,-11.302268028259277,-11.677268028259277,-12.212045669555664,-12.899545669555664,-11.457724571228027,-11.707724571228027,128
test,1,The strange [wugs],The strange [wug],-13.299239158630371,-15.486739158630371,-12.81064510345459,-16.998146057128906,-12.742398262023926,-14.929898262023926,-12.431197166442871,-16.618696212768555,128
test,0,The strange [wug],The strange [wugs],-12.07667064666748,-12.88917064666748,-11.739768028259277,-13.864768028259277,-12.399545669555664,-13.024545669555664,-11.832724571228027,-13.582724571228027,128
test,1,The strange [wugs],The strange [wug],-12.111739158630371,-15.736739158630371,-13.24814510345459,-18.685646057128906,-11.679898262023926,-14.992398262023926,-13.243697166442871,-18.556196212768555,128
test,0,The clumsy [wug],The clumsy [wugs],-18.858863830566406,-16.358863830566406,-12.10527229309082,-13.98027229309082,-18.227005004882812,-15.914504051208496,-12.731023788452148,-14.043523788452148,128
test,1,The clumsy [wugs],The clumsy [wug],-10.746950149536133,-16.309450149536133,-13.393726348876953,-18.831226348876953,-11.706718444824219,-17.30046844482422,-13.269301414489746,-18.14430046081543,128
test,0,The gentle [wug],The gentle [wugs],-8.905546188354492,-12.405546188354492,-5.782211780548096,-8.657211303710938,-8.783321380615234,-11.908321380615234,-5.472682952880859,-7.972682952880859,128
test,1,The gentle [wugs],The gentle [wug],-9.40330982208252,-11.96580982208252,-9.574347496032715,-13.136847496032715,-9.787262916564941,-11.599762916564941,-9.06510066986084,-12.31510066986084,128
test,0,The graceful [wug],The graceful [wugs],-18.32598114013672,-19.66973114013672,-13.333366394042969,-17.08336639404297,-18.574607849121094,-19.558982849121094,-13.886348724365234,-16.855098724365234,128
test,1,The graceful [wugs],The graceful [wug],-15.420076370239258,-19.732576370239258,-13.56567668914795,-18.378177642822266,-15.672357559204102,-19.4848575592041,-13.588098526000977,-17.838098526000977,128
test,0,The clever [wug],The clever [wugs],-17.101953506469727,-16.226953506469727,-11.099771499633789,-13.787271499633789,-16.660484313964844,-15.910483360290527,-11.329195022583008,-13.954195022583008,128
test,1,The clever [wugs],The clever [wug],-17.771442413330078,-19.083942413330078,-15.862448692321777,-16.237449645996094,-17.553346633911133,-18.912721633911133,-15.174030303955078,-15.736530303955078,128
test,0,The fierce [wug],The fierce [wugs],-15.81675910949707,-16.66050910949707,-12.685822486877441,-13.560822486877441,-15.88167667388916,-16.819175720214844,-13.026830673217773,-13.839330673217773,128
test,1,The fierce [wugs],The fierce [wug],-12.639434814453125,-13.639434814453125,-12.515996932983398,-13.453496932983398,-12.115278244018555,-12.990278244018555,-12.204922676086426,-13.017422676086426,128
test,0,The restless [wug],The restless [wugs],-16.84612464904785,-15.283624649047852,-13.26358413696289,-13.01358413696289,-16.297996520996094,-14.485496520996094,-13.021808624267578,-12.584308624267578,128
test,1,The restless [wugs],The restless [wug],-12.868379592895508,-17.118379592895508,-11.14143180847168,-16.95393180847168,-12.391319274902344,-16.391319274902344,-11.30932903289795,-16.746828079223633,128
test,0,The tiny [wug],The tiny [wugs],-11.892427444458008,-13.767427444458008,-10.212575912475586,-13.025075912475586,-12.665987968444824,-13.915987968444824,-10.733220100402832,-12.983220100402832,128
test,1,The tiny [wugs],The tiny [wug],-11.866023063659668,-15.053523063659668,-11.096878051757812,-15.096878051757812,-11.556589126586914,-14.931589126586914,-11.315312385559082,-15.190312385559082,128
test,0,The wary [wug],The wary [wugs],-14.994730949401855,-12.807230949401855,-13.431418418884277,-14.306418418884277,-14.811866760253906,-12.624366760253906,-13.715141296386719,-14.027641296386719,128
test,1,The wary [wugs],The wary [wug],-11.584747314453125,-15.147247314453125,-12.941529273986816,-16.379030227661133,-11.854107856750488,-14.604107856750488,-13.454965591430664,-16.704965591430664,128
test,0,The lively [wug],The lively [wugs],-10.078611373901367,-14.141111373901367,-9.30447769165039,-15.17947769165039,-10.380019187927246,-13.317519187927246,-9.464271545410156,-14.339271545410156,128
test,1,The lively [wugs],The lively [wug],-10.317909240722656,-13.380409240722656,-10.377954483032227,-14.440454483032227,-10.168037414550781,-13.105537414550781,-10.208015441894531,-14.020515441894531,128
test,0,The curious [wug],The curious [wugs],-7.12373161315918,-9.12373161315918,-6.353019714355469,-10.540519714355469,-6.734421253204346,-8.734421730041504,-6.630475044250488,-10.505475044250488,128
test,1,The curious [wugs],The curious [wug],-8.0436429977417,-8.6686429977417,-12.297961235046387,-14.172961235046387,-8.06218147277832,-8.93718147277832,-11.566217422485352,-13.441217422485352,128
test,0,The clever [wug],The clever [wugs],-8.820703506469727,-11.258203506469727,-6.287271499633789,-10.724771499633789,-8.191733360290527,-10.504233360290527,-6.32919454574585,-10.516695022583008,128
test,1,The clever [wugs],The clever [wug],-6.52144193649292,-8.333942413330078,-10.299948692321777,-12.174948692321777,-6.490847110748291,-8.36584758758545,-10.174030303955078,-11.674030303955078,128
test,0,The wary [wug],The wary [wugs],-16.24472999572754,-16.24472999572754,-11.118918418884277,-14.181418418884277,-15.749366760253906,-15.686866760253906,-11.090141296386719,-13.965141296386719,128
test,1,The wary [wugs],The wary [wug],-13.084747314453125,-16.147247314453125,-13.379029273986816,-16.504030227661133,-13.416607856750488,-15.604107856750488,-13.267465591430664,-16.142465591430664,128
test,0,The shy [wug],The shy [wugs],-10.606318473815918,-11.793818473815918,-8.930206298828125,-11.180206298828125,-11.041501998901367,-11.916501998901367,-8.726073265075684,-10.976073265075684,128
test,1,The shy [wugs],The shy [wug],-8.748234748840332,-13.310734748840332,-7.691135406494141,-13.56613540649414,-9.568699836730957,-12.506199836730957,-7.583896636962891,-12.83389663696289,128
test,0,The strange [wug],The strange [wugs],-19.951671600341797,-20.670421600341797,-19.427268981933594,-18.927268981933594,-20.180795669555664,-20.587045669555664,-19.30147361755371,-18.55147361755371,128
test,1,The strange [wugs],The strange [wug],-15.174239158630371,-17.861740112304688,-17.123146057128906,-20.560646057128906,-14.804898262023926,-17.42989730834961,-17.243696212768555,-20.868696212768555,128
test,0,The bold [wug],The bold [wugs],-14.325127601623535,-16.48137855529785,-11.239811897277832,-15.177311897277832,-14.555574417114258,-16.024324417114258,-11.58466625213623,-14.95966625213623,128
test,1,The bold [wugs],The bold [wug],-13.51672077178955,-15.95422077178955,-13.141846656799316,-17.016847610473633,-13.82580280303955,-15.95080280303955,-12.980544090270996,-16.418045043945312,128
test,0,The strange [wug],The strange [wugs],-15.38917064666748,-15.13917064666748,-12.864768028259277,-12.927268028259277,-14.649545669555664,-14.524545669555664,-12.770224571228027,-12.832724571228027,128
test,1,The strange [wugs],The strange [wug],-14.986739158630371,-15.299239158630371,-16.810646057128906,-17.123146057128906,-14.367398262023926,-14.679898262023926,-16.118696212768555,-16.118696212768555,128
test,0,The curious [wug],The curious [wugs],-10.74873161315918,-10.68623161315918,-8.353019714355469,-12.478019714355469,-10.421921730041504,-10.984421730041504,-8.755475044250488,-12.505475044250488,128
test,1,The curious [wugs],The curious [wug],-11.3561429977417,-12.9811429977417,-10.235461235046387,-13.672961235046387,-11.99968147277832,-14.06218147277832,-9.941217422485352,-13.441217422485352,128
test,0,The bold [wug],The bold [wugs],-13.825127601623535,-16.04387855529785,-11.614811897277832,-14.489811897277832,-14.180574417114258,-15.805574417114258,-11.70966625213623,-14.20966625213623,128
test,1,The bold [wugs],The bold [wug],-13.45422077178955,-16.329219818115234,-12.766846656799316,-16.766847610473633,-13.76330280303955,-15.63830280303955,-12.668044090270996,-16.230545043945312,128
test,0,The graceful [wug],The graceful [wugs],-12.950982093811035,-14.013482093811035,-8.645866394042969,-12.270866394042969,-12.980857849121094,-13.793357849121094,-8.886348724365234,-11.761348724365234,128
test,1,The graceful [wugs],The graceful [wug],-8.107576370239258,-10.795076370239258,-8.25317668914795,-12.75317668914795,-8.578607559204102,-10.891107559204102,-8.150598526000977,-12.275598526000977,128
test,0,The bold [wug],The bold [wugs],-8.012627601623535,-11.200127601623535,-6.552311897277832,-10.427311897277832,-8.305574417114258,-11.118074417114258,-6.8346662521362305,-10.33466625213623,128
test,1,The bold [wugs],The bold [wug],-11.26672077178955,-13.89172077178955,-10.516846656799316,-13.704346656799316,-11.76330280303955,-14.01330280303955,-10.418044090270996,-13.105544090270996,128
test,0,The strange [wug],The strange [wugs],-15.82667064666748,-15.82667064666748,-13.552268028259277,-14.427268028259277,-15.212045669555664,-15.649545669555664,-13.520224571228027,-14.395224571228027,128
test,1,The strange [wugs],The strange [wug],-16.486740112304688,-18.299240112304688,-17.998146057128906,-20.123146057128906,-16.55489730834961,-17.86739730834961,-17.368696212768555,-19.243696212768555,128
test,0,The strange [wug],The strange [wugs],-11.88917064666748,-12.95167064666748,-10.427268028259277,-12.239768028259277,-11.587045669555664,-12.587045669555664,-10.395224571228027,-11.895224571228027,128
test,1,The strange [wugs],The strange [wug],-12.049239158630371,-14.861739158630371,-12.06064510345459,-16.998146057128906,-11.492398262023926,-14.179898262023926,-11.681197166442871,-16.431196212768555,128
test,0,The bold [wug],The bold [wugs],-17.51262855529785,-16.20012855529785,-15.739811897277832,-15.677311897277832,-17.836824417114258,-16.399324417114258,-16.022167205810547,-15.45966625213623,128
test,1,The bold [wugs],The bold [wug],-16.266719818115234,-17.829219818115234,-15.891846656799316,-19.516847610473633,-15.51330280303955,-17.388301849365234,-15.480544090270996,-18.918045043945312,128
test,0,The strange [wug],The strange [wugs],-13.88917064666748,-14.45167064666748,-12.052268028259277,-13.552268028259277,-14.337045669555664,-14.274545669555664,-12.207724571228027,-13.520224571228027,128
test,1,The strange [wugs],The strange [wug],-13.049239158630371,-14.736739158630371,-13.56064510345459,-16.935646057128906,-13.242398262023926,-14.992398262023926,-13.681197166442871,-17.118696212768555,128
test,0,The wary [wug],The wary [wugs],-15.369730949401855,-17.80722999572754,-13.368918418884277,-16.368919372558594,-15.499366760253906,-17.374366760253906,-13.340141296386719,-15.715141296386719,128
test,1,The wary [wugs],The wary [wug],-12.147247314453125,-16.959747314453125,-13.691529273986816,-18.504030227661133,-11.791607856750488,-16.104108810424805,-13.579965591430664,-18.204965591430664,128
test,0,The restless [wug],The restless [wugs],-17.56487464904785,-21.03362464904785,-15.26358413696289,-18.70108413696289,-17.672996520996094,-20.797996520996094,-15.646808624267578,-18.959308624267578,128
test,1,The restless [wugs],The restless [wug],-16.618379592895508,-18.993379592895508,-15.82893180847168,-19.73518180847168,-16.641319274902344,-18.453819274902344,-15.87182903289795,-19.340578079223633,128
test,0,The lively [wug],The lively [wugs],-14.641111373901367,-15.703611373901367,-14.61697769165039,-16.86697769165039,-15.005019187927246,-15.505019187927246,-15.276771545410156,-17.089271545410156,128
test,1,The lively [wugs],The lively [wug],-13.567909240722656,-14.880409240722656,-14.752954483032227,-16.440454483032227,-16.51178741455078,-17.35553741455078,-15.395515441894531,-16.95801544189453,128
test,0,The strange [wug],The strange [wugs],-15.95167064666748,-16.014171600341797,-12.614768028259277,-14.614768028259277,-15.837045669555664,-15.962045669555664,-12.582724571228027,-14.520224571228027,128
test,1,The strange [wugs],The strange [wug],-17.361740112304688,-17.299240112304688,-17.685646057128906,-18.560646057128906,-16.86739730834961,-16.74239730834961,-16.868696212768555,-17.681196212768555,128
test,0,The fierce [wug],The fierce [wugs],-16.28550910949707,-17.53550910949707,-13.873322486877441,-15.998322486877441,-16.600425720214844,-17.444175720214844,-13.901830673217773,-15.464330673217773,128
test,1,The fierce [wugs],The fierce [wug],-12.826934814453125,-17.326934814453125,-13.203496932983398,-18.1409969329834,-12.615278244018555,-16.459028244018555,-13.142422676086426,-17.64242172241211,128
test,0,The gentle [wug],The gentle [wugs],-13.843046188354492,-15.343046188354492,-10.407211303710938,-11.469711303710938,-13.595821380615234,-14.595821380615234,-10.53518295288086,-11.16018295288086,128
test,1,The gentle [wugs],The gentle [wug],-10.52830982208252,-13.52830982208252,-10.324347496032715,-14.011847496032715,-10.662262916564941,-13.099762916564941,-9.81510066986084,-13.19010066986084,128
test,0,The fierce [wug],The fierce [wugs],-15.62925910949707,-13.87925910949707,-12.998322486877441,-12.685822486877441,-16.225425720214844,-14.19417667388916,-13.214330673217773,-12.401830673217773,128
test,1,The fierce [wugs],The fierce [wug],-11.576934814453125,-15.639434814453125,-12.203496932983398,-16.7034969329834,-11.615278244018555,-15.302778244018555,-12.704922676086426,-16.76742172241211,128
test,0,The shy [wug],The shy [wugs],-11.543818473815918,-14.043818473815918,-9.680206298828125,-12.555206298828125,-12.541501998901367,-14.166501998901367,-10.101073265075684,-12.476073265075684,128
test,1,The shy [wugs],The shy [wug],-7.873234272003174,-10.935734748840332,-8.69113540649414,-12.94113540649414,-8.068699836730957,-11.006199836730957,-9.20889663696289,-13.20889663696289,128
test,0,The clever [wug],The clever [wugs],-16.914453506469727,-19.195703506469727,-12.787271499633789,-15.662271499633789,-16.879234313964844,-18.910484313964844,-12.766695022583008,-15.079195022583008,128
test,1,The clever [wugs],The clever [wug],-15.615192413330078,-18.490192413330078,-12.674948692321777,-17.674949645996094,-15.64709758758545,-18.381471633911133,-12.299030303955078,-16.861530303955078,128
test,0,The strange [wug],The strange [wugs],-11.45167064666748,-11.57667064666748,-11.489768028259277,-12.739768028259277,-11.649545669555664,-11.649545669555664,-11.395224571228027,-12.707724571228027,128
test,1,The strange [wugs],The strange [wug],-14.674239158630371,-14.736739158630371,-15.56064510345459,-16.560646057128906,-15.179898262023926,-15.304898262023926,-15.118697166442871,-16.118696212768555,128
test,0,The curious [wug],The curious [wugs],-11.99873161315918,-12.06123161315918,-7.978019714355469,-11.915519714355469,-11.171921730041504,-11.796921730041504,-8.130475044250488,-11.692975044250488,128
test,1,The curious [wugs],The curious [wug],-10.9186429977417,-12.7936429977417,-9.985461235046387,-13.735461235046387,-9.74968147277832,-11.68718147277832,-9.191217422485352,-12.941217422485352,128
test,0,The fierce [wug],The fierce [wugs],-13.56675910949707,-14.25425910949707,-11.873322486877441,-13.623322486877441,-14.25667667388916,-14.75667667388916,-12.151830673217773,-13.651830673217773,128
test,1,The fierce [wugs],The fierce [wug],-11.889434814453125,-14.701934814453125,-12.828496932983398,-15.640996932983398,-10.865278244018555,-13.990278244018555,-13.267422676086426,-15.892422676086426,128
test,0,The restless [wug],The restless [wugs],-15.033624649047852,-15.533624649047852,-10.45108413696289,-12.38858413696289,-14.610496520996094,-14.735496520996094,-10.271808624267578,-12.021808624267578,128
test,1,The restless [wugs],The restless [wug],-11.618379592895508,-16.180879592895508,-9.76643180847168,-15.39143180847168,-10.953819274902344,-15.328819274902344,-9.24682903289795,-14.43432903289795,128
test,0,The sturdy [wug],The sturdy [wugs],-25.18830680847168,-25.14924430847168,-19.624835968017578,-20.093585968017578,-24.593496322631836,-24.749746322631836,-19.549293518066406,-19.705543518066406,128
test,1,The sturdy [wugs],The sturdy [wug],-13.661877632141113,-17.161876678466797,-14.418268203735352,-18.16826820373535,-13.850521087646484,-17.194271087646484,-14.436071395874023,-18.061071395874023,128
test,0,The restless [wug],The restless [wugs],-11.596124649047852,-15.283624649047852,-8.82608413696289,-13.38858413696289,-11.422996520996094,-14.360496520996094,-8.709308624267578,-12.771808624267578,128
test,1,The restless [wugs],The restless [wug],-10.868379592895508,-13.493379592895508,-9.26643180847168,-13.14143180847168,-10.328819274902344,-12.641319274902344,-9.12182903289795,-12.80932903289795,128
test,0,The bold [wug],The bold [wugs],-13.387627601623535,-16.63762855529785,-12.739811897277832,-16.552310943603516,-13.993074417114258,-16.711824417114258,-12.77216625213623,-16.022167205810547,128
test,1,The bold [wugs],The bold [wug],-15.51672077178955,-17.141719818115234,-15.141846656799316,-17.891847610473633,-16.200801849365234,-16.950801849365234,-14.918044090270996,-17.293045043945312,128
test,0,The strange [wug],The strange [wugs],-13.32667064666748,-15.26417064666748,-12.302268028259277,-14.302268028259277,-13.337045669555664,-15.337045669555664,-12.520224571228027,-14.270224571228027,128
test,1,The strange [wugs],The strange [wug],-13.736739158630371,-16.424240112304688,-13.68564510345459,-17.998146057128906,-13.429898262023926,-16.05489730834961,-14.118697166442871,-18.181196212768555,128
test,0,The restless [wug],The restless [wugs],-17.22112464904785,-18.47112464904785,-11.76358413696289,-15.57608413696289,-17.235496520996094,-17.922996520996094,-11.896808624267578,-15.271808624267578,128
test,1,The restless [wugs],The restless [wug],-13.993379592895508,-17.930879592895508,-12.70393180847168,-17.26643180847168,-14.078819274902344,-17.828819274902344,-12.93432903289795,-16.996828079223633,128
test,0,The lively [wug],The lively [wugs],-12.641111373901367,-13.891111373901367,-11.42947769165039,-15.80447769165039,-12.692519187927246,-13.442519187927246,-11.401771545410156,-15.401771545410156,128
test,1,The lively [wugs],The lively [wug],-13.817909240722656,-16.474159240722656,-12.690454483032227,-16.815454483032227,-15.949287414550781,-17.51178741455078,-12.708015441894531,-16.52051544189453,128
test,0,The graceful [wug],The graceful [wugs],-14.544732093811035,-15.669732093811035,-10.333366394042969,-12.208366394042969,-14.387107849121094,-15.168357849121094,-10.323848724365234,-11.948848724365234,128
test,1,The graceful [wugs],The graceful [wug],-10.920076370239258,-14.420076370239258,-8.25317668914795,-14.50317668914795,-11.328607559204102,-14.016107559204102,-7.775598526000977,-13.588098526000977,128
test,0,The strange [wug],The strange [wugs],-15.70167064666748,-17.639171600341797,-15.614768028259277,-17.302268981933594,-16.149545669555664,-17.930795669555664,-15.895224571228027,-17.39522361755371,128
test,1,The strange [wugs],The strange [wug],-16.174240112304688,-17.736740112304688,-17.748146057128906,-20.873146057128906,-16.80489730834961,-18.11739730834961,-18.118696212768555,-20.931196212768555,128
test,0,The curious [wug],The curious [wugs],-13.12373161315918,-13.18623161315918,-9.353019714355469,-12.290519714355469,-11.921921730041504,-12.296921730041504,-9.505475044250488,-12.067975044250488,128
test,1,The curious [wugs],The curious [wug],-11.6686429977417,-14.3561429977417,-10.485461235046387,-15.360461235046387,-10.43718147277832,-13.87468147277832,-9.441217422485352,-14.316217422485352,128
test,0,The restless [wug],The restless [wugs],-16.15862464904785,-17.03362464904785,-12.38858413696289,-14.32608413696289,-15.735496520996094,-16.422996520996094,-12.771808624267578,-14.459308624267578,128
test,1,The restless [wugs],The restless [wug],-14.743379592895508,-17.118379592895508,-13.89143180847168,-17.45393180847168,-14.078819274902344,-16.453819274902344,-14.05932903289795,-17.434328079223633,128
test,0,The restless [wug],The restless [wugs],-17.40862464904785,-18.25237464904785,-11.88858413696289,-13.45108413696289,-16.985496520996094,-18.110496520996094,-11.959308624267578,-13.459308624267578,128
test,1,The restless [wugs],The restless [wug],-14.305879592895508,-16.868379592895508,-13.14143180847168,-16.39143180847168,-14.766319274902344,-16.891319274902344,-13.55932903289795,-16.371828079223633,128
test,0,The sturdy [wug],The sturdy [wugs],-10.36018180847168,-12.48518180847168,-7.499835968017578,-10.999835968017578,-9.554434776306152,-11.554434776306152,-7.611793518066406,-10.674293518066406,128
test,1,The sturdy [wugs],The sturdy [wug],-6.974377632141113,-11.036877632141113,-9.855768203735352,-13.855768203735352,-6.913020610809326,-10.850521087646484,-8.998571395874023,-12.811071395874023,128
test,0,The gentle [wug],The gentle [wugs],-10.030546188354492,-13.468046188354492,-8.657211303710938,-13.407211303710938,-10.158321380615234,-12.845821380615234,-8.72268295288086,-12.53518295288086,128
test,1,The gentle [wugs],The gentle [wug],-9.40330982208252,-12.09080982208252,-9.449347496032715,-13.199347496032715,-8.599762916564941,-11.162262916564941,-8.81510066986084,-12.25260066986084,128
test,0,The wary [wug],The wary [wugs],-11.744730949401855,-13.119730949401855,-10.556418418884277,-13.618918418884277,-11.936866760253906,-13.249366760253906,-10.652641296386719,-13.527641296386719,128
test,1,The wary [wugs],The wary [wug],-13.209747314453125,-14.959747314453125,-13.879029273986816,-15.441529273986816,-15.041607856750488,-16.291608810424805,-13.642465591430664,-15.204965591430664,128
test,0,The clever [wug],The clever [wugs],-14.258203506469727,-14.758203506469727,-9.162271499633789,-11.537271499633789,-13.941733360290527,-14.004233360290527,-9.329195022583008,-11.266695022583008,128
test,1,The clever [wugs],The clever [wug],-10.083942413330078,-13.521442413330078,-9.362448692321777,-13.112448692321777,-11.67834758758545,-14.74084758758545,-9.486530303955078,-12.924030303955078,128
test,0,The tiny [wug],The tiny [wugs],-12.079927444458008,-14.892427444458008,-13.150075912475586,-15.962575912475586,-11.603487968444824,-14.103487968444824,-12.983220100402832,-15.295720100402832,128
test,1,The tiny [wugs],The tiny [wug],-12.553523063659668,-14.928523063659668,-13.659378051757812,-17.409378051757812,-12.494089126586914,-14.869089126586914,-13.815312385559082,-17.502811431884766,128
test,0,The round [wug],The round [wugs],-1.1098188161849976,-7.984818935394287,-0.8874998092651367,-9.762499809265137,-1.081862449645996,-6.706862449645996,-0.8178260326385498,-8.567826271057129,128
test,1,The round [wugs],The round [wug],-1.8144367933273315,-5.564436912536621,-1.6497259140014648,-6.149725914001465,-2.3025431632995605,-5.0525431632995605,-2.200535535812378,-5.325535297393799,128
test,0,The clumsy [wug],The clumsy [wugs],-14.358864784240723,-14.858864784240723,-9.23027229309082,-12.29277229309082,-13.852004051208496,-14.477004051208496,-9.543523788452148,-12.168523788452148,128
test,1,The clumsy [wugs],The clumsy [wug],-10.621950149536133,-14.809450149536133,-9.893726348876953,-15.456226348876953,-10.581718444824219,-14.269218444824219,-9.019301414489746,-13.956801414489746,128
test,0,The restless [wug],The restless [wugs],-12.721124649047852,-13.783624649047852,-9.20108413696289,-12.01358413696289,-12.110496520996094,-13.360496520996094,-9.209308624267578,-11.834308624267578,128
test,1,The restless [wugs],The restless [wug],-10.993379592895508,-13.993379592895508,-9.14143180847168,-13.39143180847168,-10.203819274902344,-12.578819274902344,-9.24682903289795,-13.12182903289795,128
test,0,The bold [wug],The bold [wugs],-12.512627601623535,-11.450127601623535,-12.552311897277832,-13.989811897277832,-13.118074417114258,-11.805574417114258,-12.77216625213623,-13.64716625213623,128
test,1,The bold [wugs],The bold [wug],-12.32922077178955,-17.704219818115234,-13.079346656799316,-17.891847610473633,-12.32580280303955,-17.513301849365234,-12.668044090270996,-17.043045043945312,128
test,0,The tiny [wug],The tiny [wugs],-11.704927444458008,-13.267427444458008,-10.650075912475586,-13.212575912475586,-11.790987968444824,-12.790987968444824,-10.858220100402832,-12.920720100402832,128
test,1,The tiny [wugs],The tiny [wug],-14.991023063659668,-15.678523063659668,-14.346878051757812,-15.596878051757812,-14.681589126586914,-15.619089126586914,-13.752812385559082,-15.127812385559082,128
test,0,The sturdy [wug],The sturdy [wugs],-15.54768180847168,-17.64143180847168,-13.187335968017578,-16.187335968017578,-15.460684776306152,-17.366933822631836,-12.924293518066406,-15.486793518066406,128
test,1,The sturdy [wugs],The sturdy [wug],-11.349377632141113,-14.849377632141113,-13.355768203735352,-17.23076820373535,-11.163021087646484,-13.538021087646484,-12.748571395874023,-16.123571395874023,128
test,0,The clumsy [wug],The clumsy [wugs],-14.858864784240723,-15.608864784240723,-10.73027229309082,-12.60527229309082,-14.852004051208496,-15.227004051208496,-11.293523788452148,-12.606023788452148,128
test,1,The clumsy [wugs],The clumsy [wug],-10.246950149536133,-14.059450149536133,-10.393726348876953,-14.581226348876953,-11.894218444824219,-15.300468444824219,-10.394301414489746,-14.081801414489746,128
test,0,The clumsy [wug],The clumsy [wugs],-16.515113830566406,-14.296364784240723,-11.98027229309082,-13.04277229309082,-16.164505004882812,-13.914504051208496,-12.543523788452148,-12.856023788452148,128
test,1,The clumsy [wugs],The clumsy [wug],-11.934450149536133,-18.059450149536133,-11.456226348876953,-17.768726348876953,-13.706718444824219,-18.84734344482422,-10.831801414489746,-16.64430046081543,128
test,0,The shy [wug],The shy [wugs],-9.918818473815918,-12.606318473815918,-8.180206298828125,-12.930206298828125,-10.541501998901367,-12.291501998901367,-8.351073265075684,-12.413573265075684,128
test,1,The shy [wugs],The shy [wug],-9.998234748840332,-12.685734748840332,-9.31613540649414,-13.12863540649414,-11.818699836730957,-13.631199836730957,-9.45889663696289,-12.83389663696289,128
test,0,The shy [wug],The shy [wugs],-10.168818473815918,-14.481318473815918,-9.305206298828125,-14.117706298828125,-10.604001998901367,-14.291501998901367,-9.226073265075684,-13.476073265075684,128
test,1,The shy [wugs],The shy [wug],-7.873234272003174,-11.873234748840332,-9.94113540649414,-14.56613540649414,-8.568699836730957,-11.631199836730957,-9.70889663696289,-13.77139663696289,128
test,0,The gentle [wug],The gentle [wugs],-14.405546188354492,-16.874296188354492,-12.469711303710938,-14.032211303710938,-14.970821380615234,-17.502071380615234,-12.72268295288086,-14.16018295288086,128
test,1,The gentle [wugs],The gentle [wug],-14.77830982208252,-16.028310775756836,-13.449347496032715,-15.886847496032715,-15.099762916564941,-16.099763870239258,-13.50260066986084,-15.56510066986084,128
test,0,The restless [wug],The restless [wugs],-14.721124649047852,-14.596124649047852,-10.20108413696289,-13.07608413696289,-13.797996520996094,-14.047996520996094,-10.209308624267578,-12.896808624267578,128
test,1,The restless [wugs],The restless [wug],-15.305879592895508,-16.868379592895508,-13.57893180847168,-16.07893180847168,-14.641319274902344,-16.016319274902344,-13.05932903289795,-15.18432903289795,128
test,0,The tiny [wug],The tiny [wugs],-12.392427444458008,-15.392427444458008,-11.337575912475586,-14.212575912475586,-12.853487968444824,-15.572237968444824,-11.858220100402832,-14.233220100402832,128
test,1,The tiny [wugs],The tiny [wug],-12.678523063659668,-14.741023063659668,-13.971878051757812,-16.534378051757812,-12.181589126586914,-14.556589126586914,-13.815312385559082,-16.315311431884766,128
test,0,The gentle [wug],The gentle [wugs],-13.218046188354492,-15.093046188354492,-10.907211303710938,-13.157211303710938,-13.408321380615234,-15.095821380615234,-11.28518295288086,-13.41018295288086,128
test,1,The gentle [wugs],The gentle [wug],-11.77830982208252,-14.09080982208252,-14.011847496032715,-16.63684844970703,-12.099762916564941,-13.974762916564941,-13.62760066986084,-16.127599716186523,128
test,0,The spotted [wug],The spotted [wugs],-11.745747566223145,-15.339497566223145,-8.443231582641602,-11.943231582641602,-12.969483375549316,-15.875733375549316,-9.978737831115723,-12.791237831115723,128
test,1,The spotted [wugs],The spotted [wug],-15.04178524017334,-16.135534286499023,-10.185251235961914,-13.997751235961914,-16.067235946655273,-16.973485946655273,-10.363847732543945,-13.801347732543945,128
test,0,The lively [wug],The lively [wugs],-14.391111373901367,-14.891111373901367,-10.24197769165039,-12.74197769165039,-14.317519187927246,-14.380019187927246,-10.526771545410156,-12.651771545410156,128
test,1,The lively [wugs],The lively [wug],-13.505409240722656,-16.911659240722656,-11.127954483032227,-15.377954483032227,-15.043037414550781,-18.32428741455078,-11.083015441894531,-15.145515441894531,128
test,0,The tiny [wug],The tiny [wugs],-8.267427444458008,-13.017427444458008,-6.775076389312744,-11.900075912475586,-8.478487968444824,-12.790987968444824,-6.920720100402832,-11.483220100402832,128
test,1,The tiny [wugs],The tiny [wug],-11.366023063659668,-12.303523063659668,-11.596878051757812,-14.409378051757812,-10.806589126586914,-11.994089126586914,-11.315312385559082,-14.002812385559082,128
test,0,The lively [wug],The lively [wugs],-15.266111373901367,-16.016111373901367,-11.17947769165039,-12.11697769165039,-14.817519187927246,-15.255019187927246,-10.839271545410156,-11.464271545410156,128
test,1,The lively [wugs],The lively [wug],-11.567909240722656,-14.380409240722656,-10.252954483032227,-14.502954483032227,-12.293037414550781,-15.449287414550781,-10.208015441894531,-14.145515441894531,128
test,0,The fierce [wug],The fierce [wugs],-13.06675910949707,-13.62925910949707,-8.060822486877441,-10.185822486877441,-12.94417667388916,-13.44417667388916,-8.589330673217773,-10.089330673217773,128
test,1,The fierce [wugs],The fierce [wug],-10.326934814453125,-14.389434814453125,-9.203496932983398,-13.578496932983398,-10.240278244018555,-14.490278244018555,-9.142422676086426,-13.142422676086426,128
test,0,The sturdy [wug],The sturdy [wugs],-10.23518180847168,-14.29768180847168,-6.874835968017578,-10.374835968017578,-9.679434776306152,-13.304434776306152,-6.861793518066406,-9.799293518066406,128
test,1,The sturdy [wugs],The sturdy [wug],-9.099377632141113,-12.349377632141113,-10.230768203735352,-13.543268203735352,-9.225521087646484,-12.038021087646484,-9.498571395874023,-12.623571395874023,128
test,0,The restless [wug],The restless [wugs],-13.908624649047852,-14.096124649047852,-11.38858413696289,-14.57608413696289,-13.172996520996094,-13.735496520996094,-11.334308624267578,-14.521808624267578,128
test,1,The restless [wugs],The restless [wug],-14.493379592895508,-16.305879592895508,-13.39143180847168,-16.14143180847168,-14.953819274902344,-16.453819274902344,-13.55932903289795,-16.059328079223633,128
test,0,The wary [wug],The wary [wugs],-13.307230949401855,-11.182230949401855,-10.243918418884277,-12.306418418884277,-13.561866760253906,-12.311866760253906,-10.590141296386719,-12.277641296386719,128
test,1,The wary [wugs],The wary [wug],-10.022247314453125,-14.647247314453125,-11.754029273986816,-16.816530227661133,-10.791607856750488,-14.979107856750488,-11.829965591430664,-16.517465591430664,128
test,0,The strange [wug],The strange [wugs],-12.26417064666748,-15.26417064666748,-12.427268028259277,-15.989768028259277,-12.462045669555664,-14.962045669555664,-12.520224571228027,-15.645224571228027,128
test,1,The strange [wugs],The strange [wug],-14.611739158630371,-17.111740112304688,-14.81064510345459,-19.373146057128906,-14.929898262023926,-17.17989730834961,-15.368697166442871,-19.618696212768555,128
test,0,The fierce [wug],The fierce [wugs],-11.75425910949707,-12.62925910949707,-8.310822486877441,-10.935822486877441,-11.94417667388916,-12.69417667388916,-8.339330673217773,-10.651830673217773,128
test,1,The fierce [wugs],The fierce [wug],-8.576934814453125,-11.951934814453125,-7.953496932983398,-12.453496932983398,-7.677778244018555,-10.490278244018555,-8.017422676086426,-12.142422676086426,128
test,0,The bold [wug],The bold [wugs],-14.762627601623535,-15.200127601623535,-12.364811897277832,-14.489811897277832,-14.680574417114258,-14.868074417114258,-12.52216625213623,-14.45966625213623,128
test,1,The bold [wugs],The bold [wug],-13.82922077178955,-15.39172077178955,-14.329346656799316,-16.391847610473633,-13.38830280303955,-15.07580280303955,-13.918044090270996,-15.855544090270996,128
test,0,The clumsy [wug],The clumsy [wugs],-2.4838647842407227,-8.608864784240723,-1.2302725315093994,-9.60527229309082,-2.477004051208496,-7.352004051208496,-1.2935242652893066,-7.793524265289307,128
test,1,The clumsy [wugs],The clumsy [wug],-1.1844496726989746,-5.184449672698975,-1.8937263488769531,-7.018726348876953,-1.0192183256149292,-4.519218444824219,-1.519301414489746,-6.019301414489746,128
test,0,The gentle [wug],The gentle [wugs],-13.718046188354492,-14.280546188354492,-10.219711303710938,-12.657211303710938,-12.908321380615234,-13.408321380615234,-10.22268295288086,-12.72268295288086,128
test,1,The gentle [wugs],The gentle [wug],-14.90330982208252,-16.653310775756836,-14.324347496032715,-16.32434844970703,-14.224762916564941,-15.537262916564941,-13.50260066986084,-15.19010066986084,128
test,0,The graceful [wug],The graceful [wugs],-4.950982093811035,-9.763482093811035,-3.8958663940429688,-10.520866394042969,-4.980858325958252,-8.230857849121094,-4.073848724365234,-8.886348724365234,128
test,1,The graceful [wugs],The graceful [wug],-4.982576370239258,-7.482576370239258,-4.253177165985107,-9.87817668914795,-5.07860803604126,-7.26610803604126,-4.025598526000977,-8.900598526000977,128
test,0,The graceful [wug],The graceful [wugs],-10.450982093811035,-13.888482093811035,-9.583366394042969,-15.083366394042969,-10.355857849121094,-12.918357849121094,-9.823848724365234,-14.011348724365234,128
test,1,The graceful [wugs],The graceful [wug],-9.670076370239258,-12.670076370239258,-9.37817668914795,-14.19067668914795,-9.766107559204102,-13.016107559204102,-9.275598526000977,-13.650598526000977,128
test,0,The sturdy [wug],The sturdy [wugs],-14.79768180847168,-15.04768180847168,-10.874835968017578,-13.312335968017578,-14.241934776306152,-14.554434776306152,-10.611793518066406,-12.799293518066406,128
test,1,The sturdy [wugs],The sturdy [wug],-10.724377632141113,-15.474377632141113,-11.730768203735352,-16.35576820373535,-10.288021087646484,-14.663021087646484,-10.623571395874023,-14.936071395874023,128
test,0,The spotted [wug],The spotted [wugs],-19.51137351989746,-17.33949851989746,-18.5994815826416,-18.0369815826416,-18.813232421875,-17.156982421875,-18.97873878479004,-17.60373878479004,128
test,1,The spotted [wugs],The spotted [wug],-18.010534286499023,-19.721471786499023,-15.497751235961914,-17.872751235961914,-17.192235946655273,-19.121923446655273,-15.051347732543945,-17.488847732543945,128
test,0,The bold [wug],The bold [wugs],-11.262627601623535,-12.950127601623535,-14.052311897277832,-14.989811897277832,-12.118074417114258,-13.493074417114258,-14.39716625213623,-14.95966625213623,128
test,1,The bold [wugs],The bold [wug],-13.76672077178955,-14.57922077178955,-15.016846656799316,-17.016847610473633,-14.26330280303955,-15.26330280303955,-15.293044090270996,-17.293045043945312,128
test,0,The bold [wug],The bold [wugs],-8.512627601623535,-13.075127601623535,-8.552311897277832,-13.052311897277832,-8.493074417114258,-11.868074417114258,-8.70966625213623,-12.39716625213623,128
test,1,The bold [wugs],The bold [wug],-8.39172077178955,-11.45422077178955,-10.391846656799316,-13.579346656799316,-8.32580280303955,-11.45080280303955,-10.168044090270996,-13.105544090270996,128
test,0,The strange [wug],The strange [wugs],-12.63917064666748,-12.01417064666748,-12.802268028259277,-14.052268028259277,-12.649545669555664,-11.962045669555664,-12.832724571228027,-13.957724571228027,128
test,1,The strange [wugs],The strange [wug],-14.799239158630371,-17.361740112304688,-14.87314510345459,-18.310646057128906,-14.429898262023926,-16.74239730834961,-14.431197166442871,-17.556196212768555,128
test,0,The restless [wug],The restless [wugs],-12.033624649047852,-13.471124649047852,-9.20108413696289,-12.76358413696289,-11.735496520996094,-13.110496520996094,-9.209308624267578,-12.646808624267578,128
test,1,The restless [wugs],The restless [wug],-11.118379592895508,-14.305879592895508,-10.01643180847168,-14.70393180847168,-10.453819274902344,-13.266319274902344,-9.87182903289795,-14.24682903289795,128
test,0,The wary [wug],The wary [wugs],-14.307230949401855,-15.869730949401855,-11.681418418884277,-14.181418418884277,-13.936866760253906,-15.436866760253906,-11.840141296386719,-14.027641296386719,128
test,1,The wary [wugs],The wary [wug],-11.209747314453125,-15.709747314453125,-12.379029273986816,-16.879030227661133,-11.479107856750488,-13.854107856750488,-12.079965591430664,-16.267465591430664,128
test,0,The sturdy [wug],The sturdy [wugs],-1.8601820468902588,-6.23518180847168,-1.2498362064361572,-8.999835968017578,-2.0544347763061523,-5.054434776306152,-1.2367937564849854,-7.611793518066406,128
test,1,The sturdy [wugs],The sturdy [wug],-2.224377393722534,-5.474377632141113,-3.4807677268981934,-7.730767726898193,-1.5380206108093262,-4.413020610809326,-2.6235711574554443,-6.498571395874023,128
test,0,The bold [wug],The bold [wugs],-14.637627601623535,-14.512627601623535,-15.052311897277832,-14.864811897277832,-15.118074417114258,-14.368074417114258,-15.20966625213623,-14.45966625213623,128
test,1,The bold [wugs],The bold [wug],-11.95422077178955,-17.579219818115234,-11.141846656799316,-17.079347610473633,-11.88830280303955,-17.325801849365234,-11.293044090270996,-16.980545043945312,128
test,0,The shy [wug],The shy [wugs],-11.981318473815918,-12.168818473815918,-11.367706298828125,-13.617706298828125,-12.854001998901367,-12.479001998901367,-11.851073265075684,-13.538573265075684,128
test,1,The shy [wugs],The shy [wug],-13.560734748840332,-15.873234748840332,-14.44113540649414,-16.50363540649414,-14.256199836730957,-15.318699836730957,-14.58389663696289,-16.08389663696289,128
test,0,The curious [wug],The curious [wugs],-14.06123161315918,-12.99873161315918,-11.040519714355469,-12.228019714355469,-13.921921730041504,-13.234421730041504,-11.442975044250488,-12.380475044250488,128
test,1,The curious [wugs],The curious [wug],-12.2311429977417,-13.2311429977417,-13.235461235046387,-15.547961235046387,-13.74968147277832,-14.81218147277832,-13.003717422485352,-15.316217422485352,128
test,0,The clever [wug],The clever [wugs],-14.633203506469727,-14.914453506469727,-10.287271499633789,-13.099771499633789,-14.597983360290527,-14.410483360290527,-10.579195022583008,-12.954195022583008,128
test,1,The clever [wugs],The clever [wug],-15.833942413330078,-18.708942413330078,-11.487448692321777,-16.174949645996094,-15.92834758758545,-19.537721633911133,-11.424030303955078,-15.924030303955078,128
test,0,The graceful [wug],The graceful [wugs],-8.950982093811035,-12.388482093811035,-6.270866394042969,-11.145866394042969,-8.543357849121094,-11.730857849121094,-6.573848724365234,-10.823848724365234,128
test,1,The graceful [wugs],The graceful [wug],-10.607576370239258,-9.545076370239258,-10.00317668914795,-11.56567668914795,-10.828607559204102,-9.266107559204102,-10.213098526000977,-11.338098526000977,128
test,0,The round [wug],The round [wugs],-11.609818458557129,-13.422318458557129,-11.574999809265137,-15.137499809265137,-11.456862449645996,-13.019362449645996,-11.442826271057129,-14.817826271057129,128
test,1,The round [wugs],The round [wug],-11.814436912536621,-14.626936912536621,-11.399725914001465,-14.837225914001465,-11.802542686462402,-13.865042686462402,-11.325535774230957,-13.888035774230957,128
test,0,The clever [wug],The clever [wugs],-16.445703506469727,-18.383203506469727,-13.349771499633789,-17.16227149963379,-16.191734313964844,-17.847984313964844,-13.329195022583008,-16.579195022583008,128
test,1,The clever [wugs],The clever [wug],-15.052692413330078,-17.146442413330078,-12.424948692321777,-16.862449645996094,-16.365846633911133,-18.334596633911133,-12.424030303955078,-16.549030303955078,128
test,0,The wary [wug],The wary [wugs],-15.057230949401855,-16.61972999572754,-11.556418418884277,-15.493918418884277,-14.624366760253906,-16.124366760253906,-11.777641296386719,-15.215141296386719,128
test,1,The wary [wugs],The wary [wug],-12.459747314453125,-16.522247314453125,-13.254029273986816,-17.441530227661133,-12.791607856750488,-16.697858810424805,-13.079965591430664,-17.079965591430664,128
test,0,The clumsy [wug],The clumsy [wugs],-15.358864784240723,-14.546364784240723,-10.98027229309082,-12.66777229309082,-15.227004051208496,-14.664504051208496,-11.606023788452148,-12.856023788452148,128
test,1,The clumsy [wugs],The clumsy [wug],-17.215700149536133,-17.996950149536133,-15.331226348876953,-18.331226348876953,-18.72234344482422,-18.94109344482422,-15.019301414489746,-17.51930046081543,128
test,0,The restless [wug],The restless [wugs],-12.658624649047852,-14.408624649047852,-9.76358413696289,-12.20108413696289,-12.735496520996094,-14.360496520996094,-9.646808624267578,-11.959308624267578,128
test,1,The restless [wugs],The restless [wug],-15.180879592895508,-16.180879592895508,-12.45393180847168,-14.57893180847168,-15.641319274902344,-16.641319274902344,-12.05932903289795,-13.93432903289795,128
test,0,The clumsy [wug],The clumsy [wugs],-17.827613830566406,-19.733863830566406,-13.73027229309082,-17.60527229309082,-17.820755004882812,-19.695755004882812,-14.231023788452148,-17.54352378845215,128
test,1,The clumsy [wugs],The clumsy [wug],-17.465700149536133,-18.934450149536133,-15.893726348876953,-19.393726348876953,-19.28484344482422,-19.62859344482422,-15.706801414489746,-18.61305046081543,128
test,0,The clever [wug],The clever [wugs],-15.133203506469727,-19.351953506469727,-12.349771499633789,-17.84977149963379,-15.379233360290527,-19.316734313964844,-12.454195022583008,-17.454195022583008,128
test,1,The clever [wugs],The clever [wug],-12.646442413330078,-14.458942413330078,-10.674948692321777,-14.862448692321777,-13.83459758758545,-15.42834758758545,-10.674030303955078,-14.611530303955078,128
test,0,The shy [wug],The shy [wugs],-9.293818473815918,-13.918818473815918,-7.305205821990967,-11.867706298828125,-9.854001998901367,-14.104001998901367,-7.226072788238525,-11.476073265075684,128
test,1,The shy [wugs],The shy [wug],-9.623234748840332,-12.560734748840332,-10.50363540649414,-14.19113540649414,-10.068699836730957,-12.006199836730957,-10.20889663696289,-13.39639663696289,128
test,0,The bold [wug],The bold [wugs],-17.13762855529785,-17.07512855529785,-12.739811897277832,-13.927311897277832,-16.899324417114258,-17.274324417114258,-12.95966625213623,-13.89716625213623,128
test,1,The bold [wugs],The bold [wug],-14.64172077178955,-14.32922077178955,-14.329346656799316,-14.641846656799316,-13.95080280303955,-13.51330280303955,-13.918044090270996,-13.918044090270996,128
test,0,The gentle [wug],The gentle [wugs],-10.593046188354492,-12.968046188354492,-7.907211780548096,-11.469711303710938,-10.845821380615234,-12.970821380615234,-8.22268295288086,-11.28518295288086,128
test,1,The gentle [wugs],The gentle [wug],-8.90330982208252,-12.34080982208252,-9.699347496032715,-14.074347496032715,-8.724762916564941,-11.662262916564941,-8.94010066986084,-12.87760066986084,128
test,0,The wary [wug],The wary [wugs],-15.182230949401855,-15.744730949401855,-13.931418418884277,-14.368918418884277,-14.749366760253906,-15.499366760253906,-14.152641296386719,-14.402641296386719,128
test,1,The wary [wugs],The wary [wug],-12.772247314453125,-14.709747314453125,-13.691529273986816,-16.129030227661133,-14.854107856750488,-16.354108810424805,-14.267465591430664,-16.392465591430664,128
test,0,The clumsy [wug],The clumsy [wugs],-15.233864784240723,-15.358864784240723,-16.35527229309082,-17.60527229309082,-15.602004051208496,-15.414504051208496,-16.66852378845215,-17.29352378845215,128
test,1,The clumsy [wugs],The clumsy [wug],-15.246950149536133,-15.621950149536133,-15.268726348876953,-17.268726348876953,-18.26921844482422,-18.01921844482422,-16.01930046081543,-17.83180046081543,128
test,0,The round [wug],The round [wugs],-12.734818458557129,-14.984818458557129,-12.074999809265137,-14.949999809265137,-12.144362449645996,-14.394362449645996,-11.505326271057129,-14.130326271057129,128
test,1,The round [wugs],The round [wug],-11.689436912536621,-14.876936912536621,-11.274725914001465,-14.774725914001465,-11.802542686462402,-14.115042686462402,-11.200535774230957,-13.888035774230957,128
test,0,The wary [wug],The wary [wugs],-12.807230949401855,-14.744730949401855,-11.431418418884277,-15.931418418884277,-12.749366760253906,-14.874366760253906,-11.465141296386719,-15.590141296386719,128
test,1,The wary [wugs],The wary [wug],-11.772247314453125,-15.522247314453125,-12.754029273986816,-16.816530227661133,-12.854107856750488,-15.416607856750488,-12.954965591430664,-16.642465591430664,128
test,0,The bold [wug],The bold [wugs],-11.512627601623535,-12.825127601623535,-6.802311897277832,-9.864811897277832,-11.118074417114258,-12.305574417114258,-6.7096662521362305,-9.39716625213623,128
test,1,The bold [wugs],The bold [wug],-10.57922077178955,-14.14172077178955,-10.141846656799316,-14.016846656799316,-11.13830280303955,-14.38830280303955,-9.668044090270996,-13.168044090270996,128
test,0,The sturdy [wug],The sturdy [wugs],-16.32893180847168,-19.23518180847168,-13.937335968017578,-17.718585968017578,-16.210683822631836,-18.585683822631836,-13.986793518066406,-17.361793518066406,128
test,1,The sturdy [wugs],The sturdy [wug],-15.724377632141113,-17.880626678466797,-16.41826820373535,-19.23076820373535,-15.913021087646484,-17.756771087646484,-15.748571395874023,-18.311071395874023,128
test,0,The gentle [wug],The gentle [wugs],-13.405546188354492,-13.780546188354492,-9.032211303710938,-10.594711303710938,-13.345821380615234,-13.658321380615234,-8.97268295288086,-10.72268295288086,128
test,1,The gentle [wugs],The gentle [wug],-13.15330982208252,-14.21580982208252,-13.511847496032715,-14.824347496032715,-14.724762916564941,-15.162262916564941,-12.50260066986084,-13.81510066986084,128
test,0,The lively [wug],The lively [wugs],-16.797361373901367,-19.953611373901367,-13.86697769165039,-18.14822769165039,-16.44251823425293,-18.81751823425293,-13.714271545410156,-17.339271545410156,128
test,1,The lively [wugs],The lively [wug],-16.536659240722656,-17.880409240722656,-15.127954483032227,-18.315454483032227,-17.79303741455078,-19.13678741455078,-14.958015441894531,-17.89551544189453,128
test,0,The tiny [wug],The tiny [wugs],-12.079927444458008,-12.017427444458008,-11.337575912475586,-11.650075912475586,-11.978487968444824,-11.790987968444824,-11.483220100402832,-11.233220100402832,128
test,1,The tiny [wugs],The tiny [wug],-16.366024017333984,-16.866024017333984,-16.159378051757812,-17.096878051757812,-16.494089126586914,-17.119089126586914,-16.252811431884766,-17.252811431884766,128
test,0,The clumsy [wug],The clumsy [wugs],-14.921364784240723,-16.046363830566406,-10.79277229309082,-13.66777229309082,-14.664504051208496,-15.227004051208496,-11.231023788452148,-13.356023788452148,128
test,1,The clumsy [wugs],The clumsy [wug],-14.559450149536133,-17.465700149536133,-12.081226348876953,-16.268726348876953,-16.83171844482422,-19.36296844482422,-11.956801414489746,-15.831801414489746,128
test,0,The fierce [wug],The fierce [wugs],-16.03550910949707,-17.84800910949707,-13.248322486877441,-15.873322486877441,-16.631675720214844,-18.225425720214844,-13.339330673217773,-15.526830673217773,128
test,1,The fierce [wugs],The fierce [wug],-13.576934814453125,-16.889434814453125,-12.515996932983398,-16.8909969329834,-12.427778244018555,-15.615278244018555,-12.704922676086426,-16.95492172241211,128
test,0,The clever [wug],The clever [wugs],-11.758203506469727,-14.445703506469727,-9.412271499633789,-11.974771499633789,-11.004233360290527,-13.379233360290527,-9.079195022583008,-11.266695022583008,128
test,1,The clever [wugs],The clever [wug],-13.521442413330078,-16.552692413330078,-10.612448692321777,-14.862448692321777,-14.08459758758545,-16.772096633911133,-9.986530303955078,-14.111530303955078,128
test,0,The gentle [wug],The gentle [wugs],-12.718046188354492,-11.780546188354492,-10.719711303710938,-11.219711303710938,-12.533321380615234,-12.095821380615234,-10.84768295288086,-11.47268295288086,128
test,1,The gentle [wugs],The gentle [wug],-11.34080982208252,-13.52830982208252,-12.574347496032715,-14.699347496032715,-11.037262916564941,-12.974762916564941,-12.37760066986084,-14.00260066986084,128
test,0,The clever [wug],The clever [wugs],-14.445703506469727,-14.914453506469727,-14.724771499633789,-16.34977149963379,-15.191733360290527,-15.472983360290527,-15.079195022583008,-16.454195022583008,128
test,1,The clever [wugs],The clever [wug],-16.833942413330078,-18.615192413330078,-15.237448692321777,-17.487449645996094,-19.006471633911133,-20.557252883911133,-15.486530303955078,-17.799030303955078,128
test,0,The lively [wug],The lively [wugs],-11.203611373901367,-13.891111373901367,-9.49197769165039,-12.80447769165039,-11.380019187927246,-13.880019187927246,-9.401771545410156,-12.151771545410156,128
test,1,The lively [wugs],The lively [wug],-13.442909240722656,-16.474159240722656,-11.627954483032227,-14.940454483032227,-14.793037414550781,-17.38678741455078,-10.833015441894531,-14.083015441894531,128
test,0,The tiny [wug],The tiny [wugs],-11.267427444458008,-11.829927444458008,-14.400075912475586,-14.275075912475586,-10.853487968444824,-11.290987968444824,-14.295720100402832,-13.795720100402832,128
test,1,The tiny [wugs],The tiny [wug],-14.178523063659668,-15.803523063659668,-15.659378051757812,-17.596878051757812,-14.306589126586914,-16.244089126586914,-15.877812385559082,-17.877811431884766,128
test,0,The restless [wug],The restless [wugs],-17.03362464904785,-20.00237464904785,-14.70108413696289,-18.10733413696289,-17.047996520996094,-19.516746520996094,-14.709308624267578,-17.740558624267578,128
test,1,The restless [wugs],The restless [wug],-16.055879592895508,-18.430879592895508,-14.89143180847168,-18.51643180847168,-15.516319274902344,-17.578819274902344,-15.18432903289795,-18.528078079223633,128
test,0,The fierce [wug],The fierce [wugs],-2.8792591094970703,-7.87925910949707,-1.5608221292495728,-8.185822486877441,-2.94417667388916,-6.69417667388916,-1.589330792427063,-6.589330673217773,128
test,1,The fierce [wugs],The fierce [wug],-2.701935291290283,-6.076935291290283,-1.8284971714019775,-6.828496932983398,-1.9277784824371338,-4.927778244018555,-2.0174224376678467,-6.517422676086426,128
test,0,The clumsy [wug],The clumsy [wugs],-14.983864784240723,-13.296364784240723,-12.35527229309082,-14.41777229309082,-14.914504051208496,-13.289504051208496,-12.731023788452148,-14.168523788452148,128
test,1,The clumsy [wugs],The clumsy [wug],-16.184450149536133,-18.621950149536133,-16.893726348876953,-18.581226348876953,-19.37859344482422,-21.90691375732422,-16.14430046081543,-17.39430046081543,128
test,0,The tiny [wug],The tiny [wugs],-14.454927444458008,-16.954927444458008,-13.337575912475586,-16.525075912475586,-14.603487968444824,-17.072237014770508,-13.483220100402832,-16.545719146728516,128
test,1,The tiny [wugs],The tiny [wug],-13.741023063659668,-16.803524017333984,-13.596878051757812,-17.784378051757812,-13.744089126586914,-16.806589126586914,-13.815312385559082,-17.877811431884766,128
test,0,The lively [wug],The lively [wugs],-14.828611373901367,-15.016111373901367,-13.86697769165039,-13.80447769165039,-14.755019187927246,-14.630019187927246,-13.901771545410156,-13.839271545410156,128
test,1,The lively [wugs],The lively [wug],-13.567909240722656,-14.755409240722656,-14.377954483032227,-16.440454483032227,-15.168037414550781,-16.51178741455078,-14.583015441894531,-16.70801544189453,128
test,0,The restless [wug],The restless [wugs],-12.783624649047852,-16.53362464904785,-10.26358413696289,-14.95108413696289,-12.735496520996094,-15.922996520996094,-10.084308624267578,-14.396808624267578,128
test,1,The restless [wugs],The restless [wug],-12.555879592895508,-14.930879592895508,-9.89143180847168,-13.51643180847168,-12.078819274902344,-14.016319274902344,-9.62182903289795,-13.12182903289795,128
test,0,The strange [wug],The strange [wugs],-15.13917064666748,-16.514171600341797,-12.614768028259277,-15.989768028259277,-15.087045669555664,-16.087045669555664,-12.770224571228027,-15.770224571228027,128
test,1,The strange [wugs],The strange [wug],-14.924239158630371,-16.799240112304688,-15.06064510345459,-18.748146057128906,-15.054898262023926,-16.67989730834961,-14.868697166442871,-18.431196212768555,128
test,0,The round [wug],The round [wugs],-12.359818458557129,-12.359818458557129,-13.512499809265137,-14.824999809265137,-12.581862449645996,-12.706862449645996,-13.817826271057129,-15.192826271057129,128
test,1,The round [wugs],The round [wug],-14.751936912536621,-17.314435958862305,-14.212225914001465,-17.27472686767578,-14.927542686462402,-16.99004364013672,-14.513035774230957,-16.82553482055664,128
test,0,The graceful [wug],The graceful [wugs],-17.07598114013672,-19.13848114013672,-14.520866394042969,-18.67711639404297,-17.168357849121094,-19.168357849121094,-14.636348724365234,-18.386348724365234,128
test,1,The graceful [wugs],The graceful [wug],-13.045076370239258,-16.763826370239258,-14.00317668914795,-18.378177642822266,-13.828607559204102,-16.9848575592041,-13.838098526000977,-17.931848526000977,128
test,0,The sturdy [wug],The sturdy [wugs],-14.79768180847168,-16.57893180847168,-11.249835968017578,-13.124835968017578,-15.398184776306152,-16.585683822631836,-11.361793518066406,-12.799293518066406,128
test,1,The sturdy [wugs],The sturdy [wug],-11.786877632141113,-15.411877632141113,-11.980768203735352,-15.543268203735352,-12.413021087646484,-15.975521087646484,-11.498571395874023,-15.123571395874023,128
test,0,The sturdy [wug],The sturdy [wugs],-17.32893180847168,-17.64143180847168,-12.812335968017578,-15.749835968017578,-17.148183822631836,-17.648183822631836,-12.924293518066406,-15.799293518066406,128
test,1,The sturdy [wugs],The sturdy [wug],-13.224377632141113,-15.724377632141113,-15.105768203735352,-17.04326820373535,-13.663021087646484,-15.975521087646484,-14.998571395874023,-16.811071395874023,128
test,0,The clumsy [wug],The clumsy [wugs],-10.796364784240723,-14.421364784240723,-8.10527229309082,-11.91777229309082,-10.602004051208496,-14.164504051208496,-8.168523788452148,-11.418523788452148,128
test,1,The clumsy [wugs],The clumsy [wug],-10.184450149536133,-13.371950149536133,-11.643726348876953,-14.956226348876953,-12.956718444824219,-14.581718444824219,-11.206801414489746,-14.206801414489746,128
test,0,The sturdy [wug],The sturdy [wugs],-14.36018180847168,-16.79768180847168,-13.062335968017578,-16.687335968017578,-14.429434776306152,-16.304433822631836,-13.361793518066406,-16.299293518066406,128
test,1,The sturdy [wugs],The sturdy [wug],-14.224377632141113,-17.099376678466797,-15.043268203735352,-18.60576820373535,-14.038021087646484,-16.288021087646484,-14.436071395874023,-17.748571395874023,128
test,0,The clever [wug],The clever [wugs],-15.945703506469727,-17.695703506469727,-11.849771499633789,-16.09977149963379,-15.816733360290527,-17.254234313964844,-12.079195022583008,-15.891695022583008,128
test,1,The clever [wugs],The clever [wug],-13.458942413330078,-17.458942413330078,-12.424948692321777,-17.299949645996094,-15.17834758758545,-18.350221633911133,-12.486530303955078,-16.736530303955078,128
test,0,The shy [wug],The shy [wugs],-18.793819427490234,-16.668819427490234,-16.617706298828125,-16.992706298828125,-19.541501998901367,-16.572751998901367,-17.538572311401367,-17.101072311401367,128
test,1,The shy [wugs],The shy [wug],-16.060733795166016,-19.904483795166016,-17.56613540649414,-21.37863540649414,-18.037450790405273,-22.506200790405273,-17.80264663696289,-21.39639663696289,128
test,0,The graceful [wug],The graceful [wugs],-17.51348114013672,-15.013482093811035,-14.208366394042969,-14.833366394042969,-17.605857849121094,-15.043357849121094,-14.761348724365234,-14.761348724365234,128
test,1,The graceful [wugs],The graceful [wug],-13.607576370239258,-19.388826370239258,-13.00317668914795,-19.315677642822266,-14.016107559204102,-19.2348575592041,-12.525598526000977,-18.338098526000977,128
test,0,The strange [wug],The strange [wugs],-13.07667064666748,-15.01417064666748,-12.052268028259277,-14.802268028259277,-12.962045669555664,-15.399545669555664,-12.145224571228027,-14.957724571228027,128
test,1,The strange [wugs],The strange [wug],-16.361740112304688,-18.236740112304688,-17.685646057128906,-20.123146057128906,-16.17989730834961,-18.49239730834961,-17.556196212768555,-19.931196212768555,128
test,0,The fierce [wug],The fierce [wugs],-12.12925910949707,-15.59800910949707,-11.623322486877441,-15.623322486877441,-12.38167667388916,-15.28792667388916,-11.839330673217773,-15.276830673217773,128
test,1,The fierce [wugs],The fierce [wug],-11.826934814453125,-14.264434814453125,-10.140996932983398,-14.265996932983398,-11.365278244018555,-13.552778244018555,-10.517422676086426,-14.204922676086426,128
test,0,The strange [wug],The strange [wugs],-12.82667064666748,-14.07667064666748,-15.177268028259277,-15.552268028259277,-13.649545669555664,-14.524545669555664,-15.520224571228027,-15.832724571228027,128
test,1,The strange [wugs],The strange [wug],-14.924239158630371,-16.424240112304688,-15.31064510345459,-17.373146057128906,-14.867398262023926,-15.804898262023926,-16.118696212768555,-18.118696212768555,128
test,0,The tiny [wug],The tiny [wugs],-8.642427444458008,-10.954927444458008,-7.525076389312744,-11.275075912475586,-9.290987968444824,-10.728487968444824,-7.420720100402832,-10.358220100402832,128
test,1,The tiny [wugs],The tiny [wug],-10.053523063659668,-12.803523063659668,-9.221878051757812,-13.846878051757812,-9.556589126586914,-12.369089126586914,-9.190312385559082,-13.377812385559082,128
test,0,The restless [wug],The restless [wugs],-18.28362464904785,-17.84612464904785,-13.26358413696289,-14.32608413696289,-18.079246520996094,-17.579246520996094,-13.271808624267578,-14.146808624267578,128
test,1,The restless [wugs],The restless [wug],-16.555879592895508,-18.180879592895508,-14.76643180847168,-17.01643180847168,-16.766319274902344,-18.078819274902344,-14.74682903289795,-16.934328079223633,128
test,0,The restless [wug],The restless [wugs],-19.50237464904785,-21.18987464904785,-13.82608413696289,-17.51358413696289,-18.766746520996094,-20.204246520996094,-13.834308624267578,-17.271808624267578,128
test,1,The restless [wugs],The restless [wug],-15.930879592895508,-18.493379592895508,-13.95393180847168,-17.70393180847168,-16.578819274902344,-18.453819274902344,-14.12182903289795,-17.371828079223633,128
test,0,The strange [wug],The strange [wugs],-8.70167064666748,-12.26417064666748,-8.302268028259277,-13.052268028259277,-8.837045669555664,-11.774545669555664,-8.332724571228027,-12.520224571228027,128
test,1,The strange [wugs],The strange [wug],-9.861739158630371,-11.736739158630371,-10.81064510345459,-14.12314510345459,-9.617398262023926,-11.367398262023926,-10.931197166442871,-14.056197166442871,128
test,0,The gentle [wug],The gentle [wugs],-12.030546188354492,-14.905546188354492,-9.969711303710938,-14.219711303710938,-12.470821380615234,-14.845821380615234,-9.97268295288086,-13.78518295288086,128
test,1,The gentle [wugs],The gentle [wug],-11.21580982208252,-13.27830982208252,-10.324347496032715,-13.824347496032715,-11.099762916564941,-12.724762916564941,-9.56510066986084,-12.62760066986084,128
test,0,The restless [wug],The restless [wugs],-21.28362464904785,-21.03362464904785,-18.38858413696289,-18.45108413696289,-20.922996520996094,-20.266746520996094,-18.865558624267578,-18.615558624267578,128
test,1,The restless [wugs],The restless [wug],-15.243379592895508,-18.180879592895508,-13.39143180847168,-17.70393180847168,-14.953819274902344,-17.891319274902344,-13.93432903289795,-17.934328079223633,128
test,0,The curious [wug],The curious [wugs],-14.06123161315918,-15.31123161315918,-11.603019714355469,-16.54051971435547,-13.796921730041504,-15.609421730041504,-11.880475044250488,-16.567974090576172,128
test,1,The curious [wugs],The curious [wug],-12.7936429977417,-14.0436429977417,-13.485461235046387,-17.172962188720703,-13.93718147277832,-15.03093147277832,-13.003717422485352,-16.69121742248535,128
test,0,The clumsy [wug],The clumsy [wugs],-13.733864784240723,-17.390113830566406,-12.23027229309082,-16.98027229309082,-13.852004051208496,-17.133255004882812,-12.668523788452148,-16.91852378845215,128
test,1,The clumsy [wugs],The clumsy [wug],-12.059450149536133,-14.434450149536133,-11.018726348876953,-15.518726348876953,-13.331718444824219,-15.175468444824219,-10.894301414489746,-14.956801414489746,128
test,0,The clumsy [wug],The clumsy [wugs],-14.046364784240723,-19.265113830566406,-13.29277229309082,-18.10527229309082,-14.039504051208496,-18.852005004882812,-13.606023788452148,-17.79352378845215,128
test,1,The clumsy [wugs],The clumsy [wug],-14.621950149536133,-16.434450149536133,-15.081226348876953,-18.331226348876953,-16.33171844482422,-16.98796844482422,-15.206801414489746,-17.70680046081543,128
test,0,The clumsy [wug],The clumsy [wugs],-19.671363830566406,-17.265113830566406,-16.73027229309082,-16.85527229309082,-19.945755004882812,-17.227005004882812,-17.66852378845215,-17.16852378845215,128
test,1,The clumsy [wugs],The clumsy [wug],-18.934450149536133,-23.340700149536133,-19.393726348876953,-22.456226348876953,-20.42546844482422,-25.19109344482422,-19.70680046081543,-22.39430046081543,128
test,0,The fierce [wug],The fierce [wugs],-13.56675910949707,-12.94175910949707,-9.998322486877441,-9.998322486877441,-13.69417667388916,-12.75667667388916,-9.901830673217773,-9.776830673217773,128
test,1,The fierce [wugs],The fierce [wug],-9.826934814453125,-14.139434814453125,-7.453496932983398,-13.265996932983398,-9.677778244018555,-13.427778244018555,-7.892422676086426,-13.267422676086426,128
test,0,The clumsy [wug],The clumsy [wugs],-12.796364784240723,-13.983864784240723,-7.35527229309082,-11.23027229309082,-12.477004051208496,-13.727004051208496,-7.668524265289307,-10.856023788452148,128
test,1,The clumsy [wugs],The clumsy [wug],-11.309450149536133,-15.871950149536133,-10.893726348876953,-15.456226348876953,-13.581718444824219,-17.17546844482422,-10.394301414489746,-14.331801414489746,128
test,0,The round [wug],The round [wugs],-12.609818458557129,-13.609818458557129,-9.137499809265137,-11.512499809265137,-12.019362449645996,-13.456862449645996,-8.442826271057129,-11.130326271057129,128
test,1,The round [wugs],The round [wug],-13.314436912536621,-15.126936912536621,-10.399725914001465,-13.149725914001465,-13.490042686462402,-14.927542686462402,-10.200535774230957,-12.325535774230957,128
test,0,The gentle [wug],The gentle [wugs],-16.311796188354492,-18.749296188354492,-14.344711303710938,-18.250961303710938,-16.439571380615234,-18.314571380615234,-14.41018295288086,-17.81643295288086,128
test,1,The gentle [wugs],The gentle [wug],-16.090810775756836,-18.528310775756836,-14.886847496032715,-18.26184844970703,-16.099763870239258,-18.037263870239258,-14.62760066986084,-17.627599716186523,128
test,0,The lively [wug],The lively [wugs],-10.016111373901367,-14.016111373901367,-8.80447769165039,-13.74197769165039,-9.942519187927246,-12.880019187927246,-8.839271545410156,-12.776771545410156,128
test,1,The lively [wugs],The lively [wug],-8.505409240722656,-12.442909240722656,-9.877954483032227,-13.377954483032227,-8.668037414550781,-12.793037414550781,-9.708015441894531,-13.020515441894531,128
test,0,The wary [wug],The wary [wugs],-14.682230949401855,-17.71347999572754,-12.806418418884277,-16.368919372558594,-14.436866760253906,-17.311866760253906,-13.027641296386719,-16.09014129638672,128
test,1,The wary [wugs],The wary [wug],-13.897247314453125,-16.834747314453125,-13.941529273986816,-17.566530227661133,-13.916607856750488,-15.916607856750488,-13.892465591430664,-17.329965591430664,128
test,0,The strange [wug],The strange [wugs],-11.95167064666748,-15.13917064666748,-11.114768028259277,-13.864768028259277,-11.837045669555664,-14.962045669555664,-11.207724571228027,-13.770224571228027,128
test,1,The strange [wugs],The strange [wug],-14.611739158630371,-16.424240112304688,-16.560646057128906,-18.435646057128906,-14.554898262023926,-16.11739730834961,-16.181196212768555,-17.618696212768555,128
test,0,The wary [wug],The wary [wugs],-10.494730949401855,-12.182230949401855,-8.868918418884277,-12.681418418884277,-10.499366760253906,-12.249366760253906,-8.902641296386719,-12.402641296386719,128
test,1,The wary [wugs],The wary [wug],-7.522246837615967,-11.959747314453125,-10.066529273986816,-14.629029273986816,-7.5416083335876465,-11.291607856750488,-9.704965591430664,-14.079965591430664,128
test,0,The lively [wug],The lively [wugs],-9.641111373901367,-10.391111373901367,-7.554478168487549,-10.99197769165039,-9.630019187927246,-10.317519187927246,-7.464271545410156,-10.651771545410156,128
test,1,The lively [wugs],The lively [wug],-12.380409240722656,-14.942909240722656,-9.627954483032227,-13.065454483032227,-14.105537414550781,-16.01178741455078,-9.583015441894531,-12.895515441894531,128
test,0,The fierce [wug],The fierce [wugs],-16.12925910949707,-19.11363410949707,-16.248321533203125,-18.279571533203125,-16.975425720214844,-19.756675720214844,-16.714330673217773,-18.464330673217773,128
test,1,The fierce [wugs],The fierce [wug],-15.514434814453125,-17.983184814453125,-15.328496932983398,-18.9534969329834,-15.365278244018555,-17.459028244018555,-15.579922676086426,-18.82992172241211,128
test,0,The shy [wug],The shy [wugs],-17.231319427490234,-14.731318473815918,-14.680206298828125,-16.055206298828125,-18.010251998901367,-14.729001998901367,-15.163573265075684,-15.913573265075684,128
test,1,The shy [wugs],The shy [wug],-14.123234748840332,-17.966983795166016,-14.06613540649414,-18.34738540649414,-16.162450790405273,-18.474950790405273,-13.89639663696289,-17.58389663696289,128
test,0,The strange [wug],The strange [wugs],-15.01417064666748,-15.13917064666748,-12.552268028259277,-13.239768028259277,-14.837045669555664,-15.274545669555664,-12.645224571228027,-13.332724571228027,128
test,1,The strange [wugs],The strange [wug],-14.674239158630371,-16.361740112304688,-16.435646057128906,-18.748146057128906,-14.742398262023926,-15.804898262023926,-16.118696212768555,-18.306196212768555,128
test,0,The curious [wug],The curious [wugs],-12.99873161315918,-16.43623161315918,-11.915519714355469,-15.915519714355469,-12.546921730041504,-16.484420776367188,-12.067975044250488,-15.942975044250488,128
test,1,The curious [wugs],The curious [wug],-15.4186429977417,-19.324893951416016,-17.110462188720703,-19.360462188720703,-16.12468147277832,-21.73405647277832,-16.31621742248535,-18.75371742248535,128
test,0,The strange [wug],The strange [wugs],-12.26417064666748,-16.264171600341797,-11.739768028259277,-15.052268028259277,-11.837045669555664,-15.649545669555664,-11.582724571228027,-14.645224571228027,128
test,1,The strange [wugs],The strange [wug],-15.174239158630371,-16.549240112304688,-15.74814510345459,-17.810646057128906,-15.367398262023926,-16.05489730834961,-15.243697166442871,-17.181196212768555,128
test,0,The graceful [wug],The graceful [wugs],-18.45098114013672,-16.10723114013672,-15.458366394042969,-16.08336639404297,-18.824607849121094,-16.074607849121094,-15.886348724365234,-16.073848724365234,128
test,1,The graceful [wugs],The graceful [wug],-16.138826370239258,-19.357576370239258,-15.06567668914795,-18.971927642822266,-17.4536075592041,-20.1254825592041,-14.775598526000977,-18.338098526000977,128
test,0,The fierce [wug],The fierce [wugs],-12.81675910949707,-13.69175910949707,-8.935822486877441,-12.498322486877441,-12.56917667388916,-13.38167667388916,-9.276830673217773,-12.714330673217773,128
test,1,The fierce [wugs],The fierce [wug],-14.076934814453125,-15.576934814453125,-11.578496932983398,-13.328496932983398,-12.490278244018555,-13.990278244018555,-11.767422676086426,-13.142422676086426,128
test,0,The tiny [wug],The tiny [wugs],-12.579927444458008,-18.079927444458008,-11.275075912475586,-16.275075912475586,-13.040987968444824,-18.322237014770508,-11.733220100402832,-16.170719146728516,128
test,1,The tiny [wugs],The tiny [wug],-15.928523063659668,-17.803524017333984,-15.659378051757812,-18.034378051757812,-15.931589126586914,-17.619089126586914,-15.127812385559082,-17.252811431884766,128
test,0,The fierce [wug],The fierce [wugs],-13.19175910949707,-15.25425910949707,-12.060822486877441,-14.998322486877441,-13.69417667388916,-14.88167667388916,-12.214330673217773,-14.464330673217773,128
test,1,The fierce [wugs],The fierce [wug],-13.014434814453125,-16.826934814453125,-12.078496932983398,-16.9534969329834,-13.052778244018555,-16.615278244018555,-12.579922676086426,-17.07992172241211,128
test,0,The bold [wug],The bold [wugs],-10.762627601623535,-15.137627601623535,-12.052311897277832,-16.552310943603516,-11.555574417114258,-15.180574417114258,-12.14716625213623,-16.022167205810547,128
test,1,The bold [wugs],The bold [wug],-11.51672077178955,-14.95422077178955,-11.266846656799316,-15.266846656799316,-11.13830280303955,-14.38830280303955,-11.293044090270996,-14.918044090270996,128
test,0,The clumsy [wug],The clumsy [wugs],-17.077613830566406,-19.296363830566406,-12.91777229309082,-16.04277229309082,-17.102005004882812,-19.008255004882812,-13.106023788452148,-15.543523788452148,128
test,1,The clumsy [wugs],The clumsy [wug],-14.309450149536133,-18.309450149536133,-13.706226348876953,-18.706226348876953,-15.612968444824219,-18.62859344482422,-13.269301414489746,-17.51930046081543,128
test,0,The shy [wug],The shy [wugs],-13.168818473815918,-15.856318473815918,-10.742706298828125,-14.867706298828125,-13.791501998901367,-15.854001998901367,-11.288573265075684,-14.663573265075684,128
test,1,The shy [wugs],The shy [wug],-12.248234748840332,-15.248234748840332,-11.75363540649414,-16.00363540649414,-14.506199836730957,-16.631200790405273,-11.58389663696289,-15.70889663696289,128
test,0,The wary [wug],The wary [wugs],-13.869730949401855,-13.369730949401855,-12.931418418884277,-14.681418418884277,-13.811866760253906,-13.374366760253906,-13.152641296386719,-14.652641296386719,128
test,1,The wary [wugs],The wary [wug],-13.334747314453125,-16.209747314453125,-14.004029273986816,-16.691530227661133,-13.291607856750488,-15.541607856750488,-13.954965591430664,-16.579965591430664,128
test,0,The clever [wug],The clever [wugs],-17.758203506469727,-19.898828506469727,-13.537271499633789,-17.66227149963379,-17.347984313964844,-19.441734313964844,-13.641695022583008,-17.266695022583008,128
test,1,The clever [wugs],The clever [wug],-19.349567413330078,-20.544879913330078,-15.924948692321777,-19.331199645996094,-20.494752883911133,-21.592409133911133,-15.486530303955078,-18.611530303955078,128
test,0,The wary [wug],The wary [wugs],-15.307230949401855,-15.494730949401855,-12.306418418884277,-15.931418418884277,-14.561866760253906,-15.186866760253906,-12.590141296386719,-15.902641296386719,128
test,1,The wary [wugs],The wary [wug],-13.209747314453125,-15.022247314453125,-13.816529273986816,-16.566530227661133,-13.979107856750488,-15.479107856750488,-14.142465591430664,-16.579965591430664,128
test,0,The restless [wug],The restless [wugs],-15.596124649047852,-15.533624649047852,-10.70108413696289,-12.82608413696289,-14.922996520996094,-14.360496520996094,-10.709308624267578,-12.459308624267578,128
test,1,The restless [wugs],The restless [wug],-12.993379592895508,-17.368379592895508,-10.26643180847168,-16.32893180847168,-12.266319274902344,-16.141319274902344,-10.24682903289795,-16.059328079223633,128
test,0,The lively [wug],The lively [wugs],-12.516111373901367,-13.953611373901367,-7.054478168487549,-10.30447769165039,-11.505019187927246,-13.067519187927246,-6.464271545410156,-9.526771545410156,128
test,1,The lively [wugs],The lively [wug],-12.192909240722656,-16.255409240722656,-10.252954483032227,-14.127954483032227,-13.668037414550781,-17.38678741455078,-9.458015441894531,-13.145515441894531,128
test,0,The curious [wug],The curious [wugs],-17.21748161315918,-17.87373161315918,-12.540519714355469,-16.41551971435547,-16.671920776367188,-17.359420776367188,-12.942975044250488,-16.380474090576172,128
test,1,The curious [wugs],The curious [wug],-16.199893951416016,-17.981143951416016,-13.735461235046387,-17.610462188720703,-15.93718147277832,-18.12468147277832,-13.316217422485352,-17.12871742248535,128
test,0,The spotted [wug],The spotted [wugs],-14.308247566223145,-18.21449851989746,-14.193231582641602,-17.7557315826416,-15.125733375549316,-17.844482421875,-14.853737831115723,-17.69748878479004,128
test,1,The spotted [wugs],The spotted [wug],-14.04178524017334,-15.32303524017334,-11.935251235961914,-17.935251235961914,-14.254734992980957,-15.098484992980957,-11.988847732543945,-17.176347732543945,128
test,0,The sturdy [wug],The sturdy [wugs],-14.79768180847168,-15.17268180847168,-11.624835968017578,-13.062335968017578,-14.616934776306152,-14.929434776306152,-11.674293518066406,-12.799293518066406,128
test,1,The sturdy [wugs],The sturdy [wug],-11.786877632141113,-15.349377632141113,-13.168268203735352,-16.91826820373535,-11.975521087646484,-15.100521087646484,-12.686071395874023,-16.248571395874023,128
test,0,The gentle [wug],The gentle [wugs],-2.843046188354492,-8.405546188354492,-1.1572117805480957,-8.782211303710938,-2.6583213806152344,-6.908321380615234,-1.0976829528808594,-6.972682952880859,128
test,1,The gentle [wugs],The gentle [wug],-3.1533102989196777,-6.153310298919678,-2.699347972869873,-7.199347972869873,-2.2247633934020996,-4.8497633934021,-1.9401003122329712,-5.940100193023682,128
test,0,The restless [wug],The restless [wugs],-17.31487464904785,-15.846124649047852,-13.70108413696289,-14.45108413696289,-16.797996520996094,-15.485496520996094,-13.834308624267578,-14.271808624267578,128
test,1,The restless [wugs],The restless [wug],-12.680879592895508,-17.305879592895508,-11.64143180847168,-17.39143180847168,-12.328819274902344,-16.891319274902344,-11.80932903289795,-17.184328079223633,128
