split,inverse,source_input,base_input,source_logp_A,source_logp_B,base_logp_A,base_logp_B,base_intervention_logp_A,base_intervention_logp_B,n_nodes
train,0,The timid cow,The timid cows,-13.671525955200195,-15.046525955200195,-17.466169357299805,-12.153669357299805,-14.425760269165039,-11.800760269165039,128
train,1,The timid cows,The timid cow,-12.153669357299805,-17.466169357299805,-15.046525955200195,-13.671525955200195,-14.585041046142578,-14.772541046142578,128
train,0,The small dog,The small dogs,-1.7867748737335205,-9.786774635314941,-8.404870986938477,-3.0298714637756348,-5.6698784828186035,-2.7948784828186035,128
train,1,The small dogs,The small dog,-3.0298714637756348,-8.404870986938477,-9.786774635314941,-1.7867748737335205,-5.308438777923584,-1.933438777923584,128
train,0,The calm doe,The calm does,-5.39596700668335,-10.958466529846191,-17.640615463256836,-14.578115463256836,-16.57773780822754,-14.202736854553223,128
train,1,The calm does,The calm doe,-14.578115463256836,-17.640615463256836,-10.958466529846191,-5.39596700668335,-11.565851211547852,-8.878351211547852,128
train,0,The timid doe,The timid does,-7.121009349822998,-12.24600887298584,-20.232818603515625,-17.482818603515625,-19.508594512939453,-17.258594512939453,128
train,1,The timid does,The timid doe,-17.482818603515625,-20.232818603515625,-12.24600887298584,-7.121009349822998,-11.62872314453125,-7.753723621368408,128
train,0,The nervous bat,The nervous bats,-13.856792449951172,-14.419292449951172,-14.796213150024414,-12.983713150024414,-14.497804641723633,-13.497804641723633,128
train,1,The nervous bats,The nervous bat,-12.983713150024414,-14.796213150024414,-14.419292449951172,-13.856792449951172,-14.11965560913086,-14.11965560913086,128
train,0,The small doe,The small does,-11.32034969329834,-13.94534969329834,-16.790714263916016,-14.415715217590332,-16.47870635986328,-14.603706359863281,128
train,1,The small does,The small doe,-14.415715217590332,-16.790714263916016,-13.94534969329834,-11.32034969329834,-13.153592109680176,-12.216092109680176,128
train,0,The sleepy pup,The sleepy pups,-13.359182357788086,-16.671682357788086,-19.233415603637695,-13.358414649963379,-17.24819564819336,-13.62319564819336,128
train,1,The sleepy pups,The sleepy pup,-13.358414649963379,-19.233415603637695,-16.671682357788086,-13.359182357788086,-14.003547668457031,-14.566047668457031,128
train,0,The bright frog,The bright frogs,-14.569903373718262,-18.069904327392578,-17.61115074157715,-14.548650741577148,-15.226347923278809,-14.538847923278809,128
train,1,The bright frogs,The bright frog,-14.548650741577148,-17.61115074157715,-18.069904327392578,-14.569903373718262,-17.116060256958008,-14.803560256958008,128
train,0,The sleepy panda,The sleepy pandas,-10.681156158447266,-16.243656158447266,-13.299901008605957,-10.112401008605957,-12.28079891204834,-10.21829891204834,128
train,1,The sleepy pandas,The sleepy panda,-10.112401008605957,-13.299901008605957,-16.243656158447266,-10.681156158447266,-12.448688507080078,-11.073688507080078,128
train,0,The fuzzy horse,The fuzzy horses,-1.216976523399353,-9.341976165771484,-5.9611005783081055,-2.0861003398895264,-3.7317893505096436,-2.8567893505096436,128
train,1,The fuzzy horses,The fuzzy horse,-2.0861003398895264,-5.9611005783081055,-9.341976165771484,-1.216976523399353,-3.495582103729248,-2.245582103729248,128
train,0,The fuzzy cock,The fuzzy cocks,-7.981237411499023,-15.168737411499023,-3.5867292881011963,-2.4617292881011963,-2.9096662998199463,-3.5346662998199463,128
train,1,The fuzzy cocks,The fuzzy cock,-2.4617292881011963,-3.5867292881011963,-15.168737411499023,-7.981237411499023,-13.970596313476562,-9.033096313476562,128
train,0,The bright rat,The bright rats,-1.6386510133743286,-8.888650894165039,-6.531224250793457,-2.156224250793457,-5.424619674682617,-2.799619674682617,128
train,1,The bright rats,The bright rat,-2.156224250793457,-6.531224250793457,-8.888650894165039,-1.6386510133743286,-3.538236379623413,-2.038236379623413,128
train,0,The calm cock,The calm cocks,-5.654760360717773,-13.654760360717773,-4.541713237762451,-2.166713237762451,-3.799586057662964,-3.924586057662964,128
train,1,The calm cocks,The calm cock,-2.166713237762451,-4.541713237762451,-13.654760360717773,-5.654760360717773,-11.52094554901123,-6.5834455490112305,128
train,0,The sleepy dolphin,The sleepy dolphins,-1.1099541187286377,-10.109953880310059,-7.668030738830566,-0.9180307984352112,-4.857706069946289,-0.9827061891555786,128
train,1,The sleepy dolphins,The sleepy dolphin,-0.9180307984352112,-7.668030738830566,-10.109953880310059,-1.1099541187286377,-3.9026811122894287,-1.6526811122894287,128
train,0,The sleepy horse,The sleepy horses,-13.205718040466309,-14.080718040466309,-16.039142608642578,-14.664143562316895,-15.189480781555176,-14.876980781555176,128
train,1,The sleepy horses,The sleepy horse,-14.664143562316895,-16.039142608642578,-14.080718040466309,-13.205718040466309,-13.498940467834473,-13.998940467834473,128
train,0,The calm shark,The calm sharks,-12.108935356140137,-17.92143440246582,-16.503385543823242,-12.065885543823242,-14.642093658447266,-12.392093658447266,128
train,1,The calm sharks,The calm shark,-12.065885543823242,-16.503385543823242,-17.92143440246582,-12.108935356140137,-13.87972354888916,-13.75472354888916,128
train,0,The slender frog,The slender frogs,-10.790303230285645,-15.040303230285645,-16.676164627075195,-12.113664627075195,-12.988494873046875,-11.488494873046875,128
train,1,The slender frogs,The slender frog,-12.113664627075195,-16.676164627075195,-15.040303230285645,-10.790303230285645,-13.927241325378418,-11.302241325378418,128
train,0,The small shark,The small sharks,-12.197751998901367,-15.822751998901367,-17.116165161132812,-13.866166114807129,-15.689616203308105,-13.502116203308105,128
train,1,The small sharks,The small shark,-13.866166114807129,-17.116165161132812,-15.822751998901367,-12.197751998901367,-13.34711742401123,-13.47211742401123,128
train,0,The nervous dog,The nervous dogs,-1.092606782913208,-8.717606544494629,-6.2878522872924805,-2.6628520488739014,-4.811525821685791,-2.936525821685791,128
train,1,The nervous dogs,The nervous dog,-2.6628520488739014,-6.2878522872924805,-8.717606544494629,-1.092606782913208,-3.677908420562744,-1.6779084205627441,128
train,0,The small monitor,The small monitors,-12.388084411621094,-14.325584411621094,-16.121688842773438,-13.246687889099121,-15.302629470825195,-13.115129470825195,128
train,1,The small monitors,The small monitor,-13.246687889099121,-16.121688842773438,-14.325584411621094,-12.388084411621094,-13.410898208618164,-13.098398208618164,128
train,0,The slender horse,The slender horses,-13.858550071716309,-17.827301025390625,-18.12030601501465,-14.807806015014648,-14.800464630126953,-14.612964630126953,128
train,1,The slender horses,The slender horse,-14.807806015014648,-18.12030601501465,-17.827301025390625,-13.858550071716309,-15.667962074279785,-13.980462074279785,128
train,0,The calm frog,The calm frogs,-8.96855640411377,-13.53105640411377,-14.420604705810547,-9.733104705810547,-11.291670799255371,-10.229170799255371,128
train,1,The calm frogs,The calm frog,-9.733104705810547,-14.420604705810547,-13.53105640411377,-8.96855640411377,-11.24553108215332,-9.87053108215332,128
train,0,The calm dolphin,The calm dolphins,-8.158527374267578,-14.221027374267578,-15.967578887939453,-9.217578887939453,-13.626165390014648,-9.063665390014648,128
train,1,The calm dolphins,The calm dolphin,-9.217578887939453,-15.967578887939453,-14.221027374267578,-8.158527374267578,-10.533599853515625,-9.658599853515625,128
train,0,The slender cow,The slender cows,-13.773507118225098,-16.61725616455078,-17.163320541381836,-14.850820541381836,-14.68501091003418,-14.87251091003418,128
train,1,The slender cows,The slender cow,-14.850820541381836,-17.163320541381836,-16.61725616455078,-13.773507118225098,-16.073902130126953,-15.57390308380127,128
train,0,The nervous dolphin,The nervous dolphins,-1.6601519584655762,-9.285152435302734,-5.959132194519043,-1.7091319561004639,-4.5232834815979,-1.8982834815979004,128
train,1,The nervous dolphins,The nervous dolphin,-1.7091319561004639,-5.959132194519043,-9.285152435302734,-1.6601519584655762,-3.483189344406128,-2.733189344406128,128
train,0,The sleepy lion,The sleepy lions,-16.490129470825195,-16.740129470825195,-20.426963806152344,-16.083213806152344,-18.128114700317383,-16.003114700317383,128
train,1,The sleepy lions,The sleepy lion,-16.083213806152344,-20.426963806152344,-16.740129470825195,-16.490129470825195,-15.90454387664795,-17.029544830322266,128
train,0,The fuzzy turtle,The fuzzy turtles,-8.610943794250488,-12.360943794250488,-14.093160629272461,-8.905660629272461,-11.083616256713867,-9.083616256713867,128
train,1,The fuzzy turtles,The fuzzy turtle,-8.905660629272461,-14.093160629272461,-12.360943794250488,-8.610943794250488,-9.854720115661621,-9.417220115661621,128
train,0,The slender chick,The slender chicks,-3.0382561683654785,-10.72575569152832,-8.360170364379883,-1.6101703643798828,-5.0396881103515625,-1.664688229560852,128
train,1,The slender chicks,The slender chick,-1.6101703643798828,-8.360170364379883,-10.72575569152832,-3.0382561683654785,-6.199427127838135,-4.449427127838135,128
train,0,The sleepy cock,The sleepy cocks,-18.888444900512695,-20.700944900512695,-15.97419261932373,-11.81794261932373,-16.53068733215332,-14.31193733215332,128
train,1,The sleepy cocks,The sleepy cock,-11.81794261932373,-15.97419261932373,-20.700944900512695,-18.888444900512695,-19.099937438964844,-18.537437438964844,128
train,0,The quiet kit,The quiet kits,-10.714555740356445,-11.089555740356445,-16.587446212768555,-13.462446212768555,-15.770683288574219,-12.833183288574219,128
train,1,The quiet kits,The quiet kit,-13.462446212768555,-16.587446212768555,-11.089555740356445,-10.714555740356445,-10.803123474121094,-10.865623474121094,128
train,0,The nervous kitten,The nervous kittens,-2.410287380218506,-11.347787857055664,-6.845232009887695,-2.2202322483062744,-5.021976947784424,-3.021976947784424,128
train,1,The nervous kittens,The nervous kitten,-2.2202322483062744,-6.845232009887695,-11.347787857055664,-2.410287380218506,-5.226784706115723,-3.6017849445343018,128
train,0,The slender kit,The slender kits,-12.955409049987793,-13.830409049987793,-19.611997604370117,-16.768247604370117,-18.684499740600586,-16.340749740600586,128
train,1,The slender kits,The slender kit,-16.768247604370117,-19.611997604370117,-13.830409049987793,-12.955409049987793,-13.259979248046875,-14.322479248046875,128
train,0,The quiet shark,The quiet sharks,-11.843104362487793,-15.093104362487793,-16.343746185302734,-10.21874713897705,-14.840163230895996,-10.527663230895996,128
train,1,The quiet sharks,The quiet shark,-10.21874713897705,-16.343746185302734,-15.093104362487793,-11.843104362487793,-11.391036987304688,-13.891036987304688,128
train,0,The timid pup,The timid pups,-11.081720352172852,-15.956720352172852,-15.830148696899414,-13.267648696899414,-13.536336898803711,-13.098836898803711,128
train,1,The timid pups,The timid pup,-13.267648696899414,-15.830148696899414,-15.956720352172852,-11.081720352172852,-14.511215209960938,-11.948715209960938,128
train,0,The timid rat,The timid rats,-8.024889945983887,-13.462389945983887,-13.479540824890137,-11.354540824890137,-11.725592613220215,-11.600592613220215,128
train,1,The timid rats,The timid rat,-11.354540824890137,-13.479540824890137,-13.462389945983887,-8.024889945983887,-11.961578369140625,-9.024078369140625,128
train,0,The small cow,The small cows,-1.1825884580612183,-10.682588577270508,-5.532137870788574,-0.9071381092071533,-2.8500442504882812,-1.3500441312789917,128
train,1,The small cows,The small cow,-0.9071381092071533,-5.532137870788574,-10.682588577270508,-1.1825884580612183,-4.263618469238281,-2.388618230819702,128
train,0,The timid rat,The timid rats,-11.462389945983887,-16.993640899658203,-18.792041778564453,-13.229540824890137,-16.16309356689453,-13.725592613220215,128
train,1,The timid rats,The timid rat,-13.229540824890137,-18.792041778564453,-16.993640899658203,-11.462389945983887,-14.711578369140625,-12.774078369140625,128
train,0,The small shark,The small sharks,-14.822751998901367,-15.635251998901367,-18.928665161132812,-15.303666114807129,-17.75211524963379,-14.814616203308105,128
train,1,The small sharks,The small shark,-15.303666114807129,-18.928665161132812,-15.635251998901367,-14.822751998901367,-14.84711742401123,-16.097118377685547,128
train,0,The quiet cow,The quiet cows,-15.831153869628906,-18.049903869628906,-20.161331176757812,-15.348830223083496,-17.62482452392578,-15.249824523925781,128
train,1,The quiet cows,The quiet cow,-15.348830223083496,-20.161331176757812,-18.049903869628906,-15.831153869628906,-17.421133041381836,-16.733633041381836,128
train,0,The bright doe,The bright does,-12.347821235656738,-14.160321235656738,-15.084264755249023,-13.084264755249023,-14.82903003692627,-12.95403003692627,128
train,1,The bright does,The bright doe,-13.084264755249023,-15.084264755249023,-14.160321235656738,-12.347821235656738,-15.649587631225586,-15.962087631225586,128
train,0,The nervous lion,The nervous lions,-11.078323364257812,-11.578323364257812,-13.61784553527832,-12.30534553527832,-12.192802429199219,-11.630302429199219,128
train,1,The nervous lions,The nervous lion,-12.30534553527832,-13.61784553527832,-11.578323364257812,-11.078323364257812,-11.498313903808594,-11.560813903808594,128
train,0,The sleepy dog,The sleepy dogs,-13.337656021118164,-15.837656021118164,-17.119064331054688,-11.619063377380371,-15.257506370544434,-11.570006370544434,128
train,1,The sleepy dogs,The sleepy dog,-11.619063377380371,-17.119064331054688,-15.837656021118164,-13.337656021118164,-13.262491226196289,-13.574991226196289,128
train,0,The calm horse,The calm horses,-11.5761079788208,-15.2011079788208,-16.94087791442871,-11.003378868103027,-13.609417915344238,-11.671917915344238,128
train,1,The calm horses,The calm horse,-11.003378868103027,-16.94087791442871,-15.2011079788208,-11.5761079788208,-13.207080841064453,-12.269580841064453,128
train,0,The small kitten,The small kittens,-16.129762649536133,-16.629762649536133,-20.68093490600586,-14.368433952331543,-18.588695526123047,-13.65119457244873,128
train,1,The small kittens,The small kitten,-14.368433952331543,-20.68093490600586,-16.629762649536133,-16.129762649536133,-15.165460586547852,-16.16546058654785,128
train,0,The timid turtle,The timid turtles,-16.67023277282715,-21.34210777282715,-20.161441802978516,-16.505191802978516,-16.6114444732666,-16.4239444732666,128
train,1,The timid turtles,The timid turtle,-16.505191802978516,-20.161441802978516,-21.34210777282715,-16.67023277282715,-19.50849723815918,-17.03974723815918,128
train,0,The fuzzy frog,The fuzzy frogs,-13.728224754333496,-15.228224754333496,-16.825895309448242,-13.388394355773926,-14.707401275634766,-13.894901275634766,128
train,1,The fuzzy frogs,The fuzzy frog,-13.388394355773926,-16.825895309448242,-15.228224754333496,-13.728224754333496,-13.955106735229492,-14.205106735229492,128
train,0,The small lion,The small lions,-13.311325073242188,-17.998825073242188,-18.038835525512695,-12.601335525512695,-14.799686431884766,-12.737186431884766,128
train,1,The small lions,The small lion,-12.601335525512695,-18.038835525512695,-17.998825073242188,-13.311325073242188,-15.534231185913086,-14.221731185913086,128
train,0,The fuzzy cow,The fuzzy cows,-14.796163558959961,-18.07741355895996,-17.939863204956055,-16.939863204956055,-16.7296142578125,-16.9796142578125,128
train,1,The fuzzy cows,The fuzzy cow,-16.939863204956055,-17.939863204956055,-18.07741355895996,-14.796163558959961,-17.334068298339844,-15.146568298339844,128
train,0,The nervous panda,The nervous pandas,-1.5908734798431396,-9.340873718261719,-4.6404595375061035,-0.8904595375061035,-2.213724136352539,-2.213724136352539,128
train,1,The nervous pandas,The nervous panda,-0.8904595375061035,-4.6404595375061035,-9.340873718261719,-1.5908734798431396,-3.0276334285736084,-2.0276334285736084,128
train,0,The small bat,The small bats,-13.158926010131836,-16.533926010131836,-18.917217254638672,-14.604717254638672,-16.68779182434082,-14.000290870666504,128
train,1,The small bats,The small bat,-14.604717254638672,-18.917217254638672,-16.533926010131836,-13.158926010131836,-14.896927833557129,-14.334427833557129,128
train,0,The slender horse,The slender horses,-14.983550071716309,-16.608551025390625,-17.24530601501465,-14.620306015014648,-14.675464630126953,-14.612964630126953,128
train,1,The slender horses,The slender horse,-14.620306015014648,-17.24530601501465,-16.608551025390625,-14.983550071716309,-15.667962074279785,-15.105462074279785,128
train,0,The timid panda,The timid pandas,-11.126052856445312,-15.376052856445312,-16.0417423248291,-9.479242324829102,-13.58027172088623,-9.45527172088623,128
train,1,The timid pandas,The timid panda,-9.479242324829102,-16.0417423248291,-15.376052856445312,-11.126052856445312,-12.00298023223877,-11.81548023223877,128
train,0,The timid chick,The timid chicks,-16.887603759765625,-20.418853759765625,-20.828887939453125,-15.922637939453125,-18.632600784301758,-15.257601737976074,128
train,1,The timid chicks,The timid chick,-15.922637939453125,-20.828887939453125,-20.418853759765625,-16.887603759765625,-19.075016021728516,-17.512516021728516,128
train,0,The small pup,The small pups,-14.208320617675781,-18.39582061767578,-18.29786491394043,-14.04786491394043,-16.220861434936523,-13.783361434936523,128
train,1,The small pups,The small pup,-14.04786491394043,-18.29786491394043,-18.39582061767578,-14.208320617675781,-15.467241287231445,-14.654741287231445,128
train,0,The bright kitten,The bright kittens,-12.13845443725586,-16.13845443725586,-16.478673934936523,-13.10367488861084,-14.759479522705078,-13.009479522705078,128
train,1,The bright kittens,The bright kitten,-13.10367488861084,-16.478673934936523,-16.13845443725586,-12.13845443725586,-13.964174270629883,-12.901674270629883,128
train,0,The small frog,The small frogs,-15.823837280273438,-20.386337280273438,-19.217933654785156,-14.999184608459473,-16.218168258666992,-14.968167304992676,128
train,1,The small frogs,The small frog,-14.999184608459473,-19.217933654785156,-20.386337280273438,-15.823837280273438,-19.199045181274414,-15.574044227600098,128
train,0,The small kitten,The small kittens,-0.567263126373291,-12.004762649536133,-8.743433952331543,-0.49343401193618774,-5.213695049285889,-0.8386949300765991,128
train,1,The small kittens,The small kitten,-0.49343401193618774,-8.743433952331543,-12.004762649536133,-0.567263126373291,-4.60296106338501,-0.8529610633850098,128
train,0,The nervous kit,The nervous kits,-1.1890801191329956,-9.064080238342285,-4.832833766937256,-3.0828335285186768,-3.5271081924438477,-3.4021081924438477,128
train,1,The nervous kits,The nervous kit,-3.0828335285186768,-4.832833766937256,-9.064080238342285,-1.1890801191329956,-5.010557651519775,-1.8855576515197754,128
train,0,The nervous monitor,The nervous monitors,-2.5833380222320557,-11.083337783813477,-6.424404621124268,-4.674404621124268,-5.047118186950684,-4.797118186950684,128
train,1,The nervous monitors,The nervous monitor,-4.674404621124268,-6.424404621124268,-11.083337783813477,-2.5833380222320557,-8.787145614624023,-2.9121460914611816,128
train,0,The calm shark,The calm sharks,-8.296435356140137,-13.858935356140137,-12.503385543823242,-7.440885543823242,-10.454593658447266,-7.579593658447266,128
train,1,The calm sharks,The calm shark,-7.440885543823242,-12.503385543823242,-13.858935356140137,-8.296435356140137,-8.62972354888916,-9.25472354888916,128
train,0,The calm lion,The calm lions,-12.480558395385742,-17.543058395385742,-16.608915328979492,-12.046415328979492,-13.265527725219727,-12.203027725219727,128
train,1,The calm lions,The calm lion,-12.046415328979492,-16.608915328979492,-17.543058395385742,-12.480558395385742,-15.479462623596191,-13.541962623596191,128
train,0,The quiet cock,The quiet cocks,-16.022567749023438,-17.053817749023438,-16.65470314025879,-14.717203140258789,-16.403669357299805,-15.372419357299805,128
train,1,The quiet cocks,The quiet cock,-14.717203140258789,-16.65470314025879,-17.053817749023438,-16.022567749023438,-16.300676345825195,-16.050676345825195,128
train,0,The sleepy horse,The sleepy horses,-13.205718040466309,-14.955718040466309,-17.226642608642578,-13.414143562316895,-14.751980781555176,-13.876980781555176,128
train,1,The sleepy horses,The sleepy horse,-13.414143562316895,-17.226642608642578,-14.955718040466309,-13.205718040466309,-13.811440467834473,-14.186440467834473,128
train,0,The quiet cow,The quiet cows,-11.018653869628906,-17.893653869628906,-15.973830223083496,-11.223830223083496,-12.937324523925781,-11.499824523925781,128
train,1,The quiet cows,The quiet cow,-11.223830223083496,-15.973830223083496,-17.893653869628906,-11.018653869628906,-15.796133041381836,-11.733633041381836,128
train,0,The small cock,The small cocks,-10.7079439163208,-17.520444869995117,-5.476172924041748,-3.351172685623169,-4.687384605407715,-4.562384605407715,128
train,1,The small cocks,The small cock,-3.351172685623169,-5.476172924041748,-17.520444869995117,-10.7079439163208,-15.188410758972168,-11.063410758972168,128
train,0,The bright whale,The bright whales,-13.00279712677002,-14.25279712677002,-17.79749298095703,-11.922492980957031,-14.530588150024414,-11.530588150024414,128
train,1,The bright whales,The bright whale,-11.922492980957031,-17.79749298095703,-14.25279712677002,-13.00279712677002,-13.413497924804688,-13.600997924804688,128
train,0,The bright chick,The bright chicks,-14.30918025970459,-15.24668025970459,-18.931442260742188,-13.212692260742188,-17.618236541748047,-13.180737495422363,128
train,1,The bright chicks,The bright chick,-13.212692260742188,-18.931442260742188,-15.24668025970459,-14.30918025970459,-14.503885269165039,-16.12888526916504,128
train,0,The quiet monitor,The quiet monitors,-3.8699028491973877,-12.432402610778809,-7.328208923339844,-2.9532089233398438,-6.583999156951904,-3.7089991569519043,128
train,1,The quiet monitors,The quiet monitor,-2.9532089233398438,-7.328208923339844,-12.432402610778809,-3.8699028491973877,-9.103246688842773,-3.8532466888427734,128
train,0,The small turtle,The small turtles,-12.685441017150879,-16.810441970825195,-17.817115783691406,-13.379615783691406,-15.017975807189941,-13.767975807189941,128
train,1,The small turtles,The small turtle,-13.379615783691406,-17.817115783691406,-16.810441970825195,-12.685441017150879,-14.198236465454102,-12.760736465454102,128
train,0,The nervous shark,The nervous sharks,-12.789138793945312,-16.851638793945312,-15.869805335998535,-13.619805335998535,-14.580511093139648,-13.455511093139648,128
train,1,The nervous sharks,The nervous shark,-13.619805335998535,-15.869805335998535,-16.851638793945312,-12.789138793945312,-15.05051326751709,-13.86301326751709,128
train,0,The quiet doe,The quiet does,-12.746301651000977,-17.308801651000977,-20.08840560913086,-16.27590560913086,-19.398841857910156,-16.211341857910156,128
train,1,The quiet does,The quiet doe,-16.27590560913086,-20.08840560913086,-17.308801651000977,-12.746301651000977,-19.188655853271484,-16.563655853271484,128
train,0,The bright doe,The bright does,-13.660321235656738,-14.722821235656738,-18.459264755249023,-15.584264755249023,-18.391530990600586,-15.70403003692627,128
train,1,The bright does,The bright doe,-15.584264755249023,-18.459264755249023,-14.722821235656738,-13.660321235656738,-16.337087631225586,-16.649587631225586,128
train,0,The nervous rat,The nervous rats,-13.23647689819336,-18.36147689819336,-17.63270378112793,-14.320204734802246,-16.19965171813965,-14.824651718139648,128
train,1,The nervous rats,The nervous rat,-14.320204734802246,-17.63270378112793,-18.36147689819336,-13.23647689819336,-16.385778427124023,-13.698278427124023,128
train,0,The slender kit,The slender kits,-1.9554094076156616,-9.767909049987793,-8.9557466506958,-4.580747127532959,-7.7157487869262695,-4.9657487869262695,128
train,1,The slender kits,The slender kit,-4.580747127532959,-8.9557466506958,-9.767909049987793,-1.9554094076156616,-4.197479248046875,-2.822479009628296,128
train,0,The quiet doe,The quiet does,-16.371301651000977,-17.683801651000977,-20.77590560913086,-16.27590560913086,-20.773841857910156,-16.523841857910156,128
train,1,The quiet does,The quiet doe,-16.27590560913086,-20.77590560913086,-17.683801651000977,-16.371301651000977,-19.969905853271484,-19.688655853271484,128
train,0,The bright pup,The bright pups,-12.050715446472168,-17.519466400146484,-13.442946434020996,-12.505446434020996,-12.932929992675781,-12.557929992675781,128
train,1,The bright pups,The bright pup,-12.505446434020996,-13.442946434020996,-17.519466400146484,-12.050715446472168,-19.371780395507812,-13.496779441833496,128
train,0,The sleepy rat,The sleepy rats,-12.51663875579834,-16.141639709472656,-16.418380737304688,-13.043380737304688,-14.540352821350098,-13.290352821350098,128
train,1,The sleepy rats,The sleepy rat,-13.043380737304688,-16.418380737304688,-16.141639709472656,-12.51663875579834,-14.341619491577148,-13.966619491577148,128
train,0,The sleepy bat,The sleepy bats,-11.9365816116333,-15.1240816116333,-15.852150917053223,-10.977150917053223,-14.477364540100098,-11.227364540100098,128
train,1,The sleepy bats,The sleepy bat,-10.977150917053223,-15.852150917053223,-15.1240816116333,-11.9365816116333,-13.777166366577148,-12.214666366577148,128
train,0,The sleepy turtle,The sleepy turtles,-12.591423034667969,-16.34142303466797,-17.58316993713379,-13.458169937133789,-14.312141418457031,-12.999641418457031,128
train,1,The sleepy turtles,The sleepy turtle,-13.458169937133789,-17.58316993713379,-16.34142303466797,-12.591423034667969,-14.625860214233398,-13.125860214233398,128
train,0,The timid horse,The timid horses,-7.358895778656006,-10.171395301818848,-13.296320915222168,-8.233820915222168,-10.507829666137695,-8.695329666137695,128
train,1,The timid horses,The timid horse,-8.233820915222168,-13.296320915222168,-10.171395301818848,-7.358895778656006,-9.203492164611816,-7.890992164611816,128
train,0,The small cow,The small cows,-10.057588577270508,-16.120088577270508,-14.719637870788574,-11.782137870788574,-12.725044250488281,-12.037544250488281,128
train,1,The small cows,The small cow,-11.782137870788574,-14.719637870788574,-16.120088577270508,-10.057588577270508,-13.951118469238281,-11.576118469238281,128
train,0,The bright lion,The bright lions,-12.130663871765137,-14.005663871765137,-14.590798377990723,-11.653298377990723,-13.13770866394043,-11.63770866394043,128
train,1,The bright lions,The bright lion,-11.653298377990723,-14.590798377990723,-14.005663871765137,-12.130663871765137,-13.696809768676758,-12.759309768676758,128
train,0,The bright horse,The bright horses,-1.5068740844726562,-9.444374084472656,-6.439350128173828,-1.9393502473831177,-3.0329582691192627,-2.7829582691192627,128
train,1,The bright horses,The bright horse,-1.9393502473831177,-6.439350128173828,-9.444374084472656,-1.5068740844726562,-4.477967262268066,-2.1029670238494873,128
train,0,The nervous rabbit,The nervous rabbits,-12.364320755004883,-16.239320755004883,-14.634255409240723,-11.946755409240723,-12.559324264526367,-12.684324264526367,128
train,1,The nervous rabbits,The nervous rabbit,-11.946755409240723,-14.634255409240723,-16.239320755004883,-12.364320755004883,-14.558191299438477,-12.683191299438477,128
train,0,The timid monitor,The timid monitors,-14.356637001037598,-18.60663604736328,-13.617462158203125,-8.804962158203125,-12.753373146057129,-9.315873146057129,128
train,1,The timid monitors,The timid monitor,-8.804962158203125,-13.617462158203125,-18.60663604736328,-14.356637001037598,-15.555459022521973,-13.617959022521973,128
train,0,The sleepy rabbit,The sleepy rabbits,-12.745749473571777,-15.745749473571777,-18.681941986083984,-13.713191032409668,-15.185657501220703,-13.060657501220703,128
train,1,The sleepy rabbits,The sleepy rabbit,-13.713191032409668,-18.681941986083984,-15.745749473571777,-12.745749473571777,-15.1874418258667,-13.4374418258667,128
train,0,The small dog,The small dogs,-6.0367751121521,-10.661774635314941,-12.217370986938477,-8.154870986938477,-9.794878005981445,-7.5448784828186035,128
train,1,The small dogs,The small dog,-8.154870986938477,-12.217370986938477,-10.661774635314941,-6.0367751121521,-9.183439254760742,-6.808438777923584,128
train,0,The bright shark,The bright sharks,-0.7657188177108765,-8.265718460083008,-5.596797466278076,-0.7217975854873657,-3.5839476585388184,-0.8339476585388184,128
train,1,The bright sharks,The bright shark,-0.7217975854873657,-5.596797466278076,-8.265718460083008,-0.7657188177108765,-1.2689670324325562,-2.6439671516418457,128
train,0,The sleepy dog,The sleepy dogs,-0.6501560807228088,-11.150156021118164,-7.181563377380371,-2.05656361579895,-4.757506847381592,-2.3825066089630127,128
train,1,The sleepy dogs,The sleepy dog,-2.05656361579895,-7.181563377380371,-11.150156021118164,-0.6501560807228088,-4.074991226196289,-1.199991226196289,128
train,0,The sleepy shark,The sleepy sharks,-10.80251693725586,-11.05251693725586,-14.268488883972168,-9.705988883972168,-12.87423038482666,-9.49923038482666,128
train,1,The sleepy sharks,The sleepy shark,-9.705988883972168,-14.268488883972168,-11.05251693725586,-10.80251693725586,-9.395111083984375,-12.082611083984375,128
train,0,The sleepy doe,The sleepy does,-14.520666122436523,-15.895666122436523,-17.610889434814453,-14.548388481140137,-17.609405517578125,-14.796905517578125,128
train,1,The sleepy does,The sleepy doe,-14.548388481140137,-17.610889434814453,-15.895666122436523,-14.520666122436523,-15.543898582458496,-15.168898582458496,128
train,0,The bright turtle,The bright turtles,-13.80117130279541,-17.926172256469727,-17.369056701660156,-14.431556701660156,-15.669529914855957,-14.607029914855957,128
train,1,The bright turtles,The bright turtle,-14.431556701660156,-17.369056701660156,-17.926172256469727,-13.80117130279541,-14.900148391723633,-15.087648391723633,128
train,0,The sleepy frog,The sleepy frogs,-10.939599990844727,-15.564599990844727,-16.92259407043457,-12.547593116760254,-12.978790283203125,-12.228790283203125,128
train,1,The sleepy frogs,The sleepy frog,-12.547593116760254,-16.92259407043457,-15.564599990844727,-10.939599990844727,-14.186251640319824,-11.561251640319824,128
train,0,The quiet pup,The quiet pups,-6.547343730926514,-12.359844207763672,-12.076093673706055,-9.388593673706055,-9.779321670532227,-9.779321670532227,128
train,1,The quiet pups,The quiet pup,-9.388593673706055,-12.076093673706055,-12.359844207763672,-6.547343730926514,-10.014670372009277,-8.014670372009277,128
train,0,The timid chick,The timid chicks,-11.512604713439941,-14.575104713439941,-17.922637939453125,-12.235137939453125,-16.257600784301758,-12.257601737976074,128
train,1,The timid chicks,The timid chick,-12.235137939453125,-17.922637939453125,-14.575104713439941,-11.512604713439941,-12.700016975402832,-11.950016975402832,128
train,0,The calm rat,The calm rats,-12.49361801147461,-14.18111801147461,-14.188892364501953,-12.751392364501953,-13.989237785339355,-13.489237785339355,128
train,1,The calm rats,The calm rat,-12.751392364501953,-14.188892364501953,-14.18111801147461,-12.49361801147461,-13.425190925598145,-12.800190925598145,128
train,0,The quiet monitor,The quiet monitors,-15.307402610778809,-16.432403564453125,-15.265708923339844,-14.015708923339844,-15.146498680114746,-14.208998680114746,128
train,1,The quiet monitors,The quiet monitor,-14.015708923339844,-15.265708923339844,-16.432403564453125,-15.307402610778809,-15.978246688842773,-15.603246688842773,128
train,0,The small lion,The small lions,-13.373825073242188,-15.248825073242188,-17.663835525512695,-13.101335525512695,-15.174686431884766,-13.049686431884766,128
train,1,The small lions,The small lion,-13.101335525512695,-17.663835525512695,-15.248825073242188,-13.373825073242188,-13.909231185913086,-14.159231185913086,128
train,0,The quiet kitten,The quiet kittens,-17.616806030273438,-22.288681030273438,-21.876253128051758,-17.251253128051758,-19.616416931152344,-17.647666931152344,128
train,1,The quiet kittens,The quiet kitten,-17.251253128051758,-21.876253128051758,-22.288681030273438,-17.616806030273438,-19.648347854614258,-18.367097854614258,128
train,0,The fuzzy dog,The fuzzy dogs,-9.820159912109375,-12.757659912109375,-15.096243858337402,-10.596243858337402,-13.94432544708252,-10.56932544708252,128
train,1,The fuzzy dogs,The fuzzy dog,-10.596243858337402,-15.096243858337402,-12.757659912109375,-9.820159912109375,-10.287322044372559,-11.662322044372559,128
train,0,The fuzzy whale,The fuzzy whales,-1.946936845779419,-9.44693660736084,-6.03699254989624,-0.5369925498962402,-3.2029857635498047,-0.8279857039451599,128
train,1,The fuzzy whales,The fuzzy whale,-0.5369925498962402,-6.03699254989624,-9.44693660736084,-1.946936845779419,-4.9720330238342285,-4.0970330238342285,128
train,0,The fuzzy dog,The fuzzy dogs,-11.820159912109375,-14.882659912109375,-16.721242904663086,-13.533743858337402,-15.50682544708252,-13.25682544708252,128
train,1,The fuzzy dogs,The fuzzy dog,-13.533743858337402,-16.721242904663086,-14.882659912109375,-11.820159912109375,-12.474822044372559,-13.162322044372559,128
train,0,The small kit,The small kits,-11.603082656860352,-14.228082656860352,-15.696151733398438,-13.508651733398438,-15.542610168457031,-14.105110168457031,128
train,1,The small kits,The small kit,-13.508651733398438,-15.696151733398438,-14.228082656860352,-11.603082656860352,-13.685185432434082,-12.372685432434082,128
train,0,The slender dog,The slender dogs,-15.715618133544922,-16.778118133544922,-16.04461669921875,-14.919615745544434,-15.288421630859375,-14.288421630859375,128
train,1,The slender dogs,The slender dog,-14.919615745544434,-16.04461669921875,-16.778118133544922,-15.715618133544922,-16.667051315307617,-16.354551315307617,128
train,0,The bright panda,The bright pandas,-12.041109085083008,-12.728609085083008,-17.72487449645996,-11.474874496459961,-16.024620056152344,-11.21212100982666,128
train,1,The bright pandas,The bright panda,-11.474874496459961,-17.72487449645996,-12.728609085083008,-12.041109085083008,-11.037160873413086,-13.974660873413086,128
train,0,The sleepy cow,The sleepy cows,-14.554899215698242,-15.554899215698242,-19.834413528442383,-17.209413528442383,-17.714941024780273,-15.902441024780273,128
train,1,The sleepy cows,The sleepy cow,-17.209413528442383,-19.834413528442383,-15.554899215698242,-14.554899215698242,-15.386557579040527,-15.199057579040527,128
train,0,The quiet dog,The quiet dogs,-0.9873193502426147,-10.487318992614746,-6.868855953216553,-1.4938560724258423,-3.898939609527588,-2.023939609527588,128
train,1,The quiet dogs,The quiet dog,-1.4938560724258423,-6.868855953216553,-10.487318992614746,-0.9873193502426147,-3.6959054470062256,-1.6959054470062256,128
train,0,The fuzzy dog,The fuzzy dogs,-7.757659912109375,-11.757659912109375,-12.471243858337402,-8.721243858337402,-11.25682544708252,-8.69432544708252,128
train,1,The fuzzy dogs,The fuzzy dog,-8.721243858337402,-12.471243858337402,-11.757659912109375,-7.757659912109375,-8.662322044372559,-9.349822044372559,128
train,0,The fuzzy kit,The fuzzy kits,-11.211734771728516,-12.774234771728516,-15.925168991088867,-13.362668991088867,-15.366955757141113,-13.491955757141113,128
train,1,The fuzzy kits,The fuzzy kit,-13.362668991088867,-15.925168991088867,-12.774234771728516,-11.211734771728516,-12.364203453063965,-11.614203453063965,128
train,0,The small doe,The small does,-10.63284969329834,-13.00784969329834,-20.290714263916016,-17.353214263916016,-19.72870635986328,-17.04120635986328,128
train,1,The small does,The small doe,-17.353214263916016,-20.290714263916016,-13.00784969329834,-10.63284969329834,-11.841092109680176,-10.966092109680176,128
train,0,The bright pup,The bright pups,-4.300715446472168,-11.425715446472168,-6.255446434020996,-1.630446434020996,-4.682929515838623,-2.557929754257202,128
train,1,The bright pups,The bright pup,-1.630446434020996,-6.255446434020996,-11.425715446472168,-4.300715446472168,-8.621779441833496,-6.996779441833496,128
train,0,The slender pup,The slender pups,-14.889942169189453,-16.639942169189453,-16.70322036743164,-12.82822036743164,-14.904278755187988,-12.466778755187988,128
train,1,The slender pups,The slender pup,-12.82822036743164,-16.70322036743164,-16.639942169189453,-14.889942169189453,-16.404748916625977,-17.404748916625977,128
train,0,The slender chick,The slender chicks,-4.9132561683654785,-13.60075569152832,-9.610170364379883,-3.985170364379883,-6.4146881103515625,-3.6646881103515625,128
train,1,The slender chicks,The slender chick,-3.985170364379883,-9.610170364379883,-13.60075569152832,-4.9132561683654785,-9.449426651000977,-5.699427127838135,128
train,0,The fuzzy shark,The fuzzy sharks,-0.484857439994812,-8.734857559204102,-6.139107704162598,-0.6391078233718872,-3.902318000793457,-0.7773178815841675,128
train,1,The fuzzy sharks,The fuzzy shark,-0.6391078233718872,-6.139107704162598,-8.734857559204102,-0.484857439994812,-1.2355058193206787,-1.7355058193206787,128
train,0,The nervous pup,The nervous pups,-2.3081209659576416,-10.120620727539062,-5.577085494995117,-2.327085256576538,-4.677852630615234,-3.4278523921966553,128
train,1,The nervous pups,The nervous pup,-2.327085256576538,-5.577085494995117,-10.120620727539062,-2.3081209659576416,-7.669186592102051,-3.794186592102051,128
train,0,The slender cock,The slender cocks,-16.58043670654297,-17.95543670654297,-13.578554153442383,-9.078554153442383,-12.353218078613281,-10.290718078613281,128
train,1,The slender cocks,The slender cock,-9.078554153442383,-13.578554153442383,-17.95543670654297,-16.58043670654297,-17.96662139892578,-17.96662139892578,128
train,0,The sleepy kit,The sleepy kits,-13.983785629272461,-18.04628562927246,-20.40886688232422,-17.19011688232422,-19.19454574584961,-16.66329574584961,128
train,1,The sleepy kits,The sleepy kit,-17.19011688232422,-20.40886688232422,-18.04628562927246,-13.983785629272461,-16.774015426635742,-14.524014472961426,128
train,0,The bright rabbit,The bright rabbits,-12.805902481079102,-15.743402481079102,-17.250078201293945,-13.062579154968262,-14.808552742004395,-12.871052742004395,128
train,1,The bright rabbits,The bright rabbit,-13.062579154968262,-17.250078201293945,-15.743402481079102,-12.805902481079102,-14.584512710571289,-13.709512710571289,128
train,0,The sleepy frog,The sleepy frogs,-14.377099990844727,-17.314599990844727,-18.04759407043457,-13.860093116760254,-15.478790283203125,-14.291290283203125,128
train,1,The sleepy frogs,The sleepy frog,-13.860093116760254,-18.04759407043457,-17.314599990844727,-14.377099990844727,-15.373751640319824,-14.436251640319824,128
train,0,The bright whale,The bright whales,-15.12779712677002,-15.37779712677002,-18.17249298095703,-15.172492980957031,-16.343088150024414,-15.280588150024414,128
train,1,The bright whales,The bright whale,-15.172492980957031,-18.17249298095703,-15.37779712677002,-15.12779712677002,-14.975997924804688,-15.475997924804688,128
train,0,The fuzzy kitten,The fuzzy kittens,-10.657474517822266,-11.969974517822266,-15.820582389831543,-10.820582389831543,-14.877006530761719,-11.439506530761719,128
train,1,The fuzzy kittens,The fuzzy kitten,-10.820582389831543,-15.820582389831543,-11.969974517822266,-10.657474517822266,-10.395081520080566,-11.645081520080566,128
train,0,The nervous panda,The nervous pandas,-13.153373718261719,-14.340873718261719,-16.515459060668945,-13.640459060668945,-15.338724136352539,-13.838724136352539,128
train,1,The nervous pandas,The nervous panda,-13.640459060668945,-16.515459060668945,-14.340873718261719,-13.153373718261719,-13.215133666992188,-14.090133666992188,128
train,0,The bright cow,The bright cows,-0.8045380115509033,-10.554537773132324,-6.074194431304932,-0.9491944313049316,-3.4230856895446777,-1.4230858087539673,128
train,1,The bright cows,The bright cow,-0.9491944313049316,-6.074194431304932,-10.554537773132324,-0.8045380115509033,-4.243996620178223,-1.2439967393875122,128
train,0,The quiet pup,The quiet pups,-14.609844207763672,-15.797344207763672,-18.826093673706055,-13.701093673706055,-17.279321670532227,-13.966821670532227,128
train,1,The quiet pups,The quiet pup,-13.701093673706055,-18.826093673706055,-15.797344207763672,-14.609844207763672,-15.764670372009277,-16.38966941833496,128
train,0,The timid dolphin,The timid dolphins,-10.64188003540039,-13.89188003540039,-18.307884216308594,-10.276634216308594,-15.855292320251465,-9.792792320251465,128
train,1,The timid dolphins,The timid dolphin,-10.276634216308594,-18.307884216308594,-13.89188003540039,-10.64188003540039,-11.3427734375,-12.5302734375,128
train,0,The timid cow,The timid cows,-15.296525955200195,-20.921525955200195,-21.997419357299805,-17.653669357299805,-18.20701026916504,-16.92576026916504,128
train,1,The timid cows,The timid cow,-17.653669357299805,-21.997419357299805,-20.921525955200195,-15.296525955200195,-19.803791046142578,-16.647541046142578,128
train,0,The calm pup,The calm pups,-1.3908063173294067,-9.765806198120117,-6.403461933135986,-1.4034618139266968,-4.115285396575928,-2.240285634994507,128
train,1,The calm pups,The calm pup,-1.4034618139266968,-6.403461933135986,-9.765806198120117,-1.3908063173294067,-4.805127143859863,-2.180126905441284,128
train,0,The calm shark,The calm sharks,-9.921435356140137,-12.233935356140137,-14.065885543823242,-9.815885543823242,-12.517093658447266,-10.079593658447266,128
train,1,The calm sharks,The calm shark,-9.815885543823242,-14.065885543823242,-12.233935356140137,-9.921435356140137,-10.00472354888916,-11.31722354888916,128
train,0,The sleepy kitten,The sleepy kittens,-0.6358386874198914,-12.073338508605957,-8.657434463500977,-0.6574345827102661,-5.473697185516357,-1.3486970663070679,128
train,1,The sleepy kittens,The sleepy kitten,-0.6574345827102661,-8.657434463500977,-12.073338508605957,-0.6358386874198914,-4.368824005126953,-1.2438242435455322,128
train,0,The slender turtle,The slender turtles,-13.143866539001465,-18.05011558532715,-17.62297248840332,-14.43547248840332,-14.377928733825684,-14.002928733825684,128
train,1,The slender turtles,The slender turtle,-14.43547248840332,-17.62297248840332,-18.05011558532715,-13.143866539001465,-15.938509941101074,-13.376009941101074,128
train,0,The timid monitor,The timid monitors,-14.231637001037598,-17.91913604736328,-13.492462158203125,-9.804962158203125,-12.753373146057129,-10.190873146057129,128
train,1,The timid monitors,The timid monitor,-9.804962158203125,-13.492462158203125,-17.91913604736328,-14.231637001037598,-16.36795997619629,-14.117959022521973,128
train,0,The slender cock,The slender cocks,-21.23668670654297,-21.70543670654297,-18.141054153442383,-14.516054153442383,-17.79071807861328,-16.04071807861328,128
train,1,The slender cocks,The slender cock,-14.516054153442383,-18.141054153442383,-21.70543670654297,-21.23668670654297,-21.65412139892578,-22.12287139892578,128
train,0,The timid cow,The timid cows,-11.921525955200195,-16.046525955200195,-17.591169357299805,-11.028669357299805,-14.175760269165039,-11.238260269165039,128
train,1,The timid cows,The timid cow,-11.028669357299805,-17.591169357299805,-16.046525955200195,-11.921525955200195,-14.397541046142578,-13.085041046142578,128
train,0,The fuzzy frog,The fuzzy frogs,-14.103224754333496,-18.071975708007812,-17.888395309448242,-14.263394355773926,-15.394901275634766,-15.144901275634766,128
train,1,The fuzzy frogs,The fuzzy frog,-14.263394355773926,-17.888395309448242,-18.071975708007812,-14.103224754333496,-16.392606735229492,-14.517606735229492,128
train,0,The timid lion,The timid lions,-11.79932975769043,-14.98682975769043,-16.05706214904785,-12.557062149047852,-12.967889785766602,-12.280389785766602,128
train,1,The timid lions,The timid lion,-12.557062149047852,-16.05706214904785,-14.98682975769043,-11.79932975769043,-14.388649940490723,-13.076149940490723,128
train,0,The quiet turtle,The quiet turtles,-14.259563446044922,-18.978313446044922,-17.39588165283203,-13.895880699157715,-14.069153785705566,-14.256653785705566,128
train,1,The quiet turtles,The quiet turtle,-13.895880699157715,-17.39588165283203,-18.978313446044922,-14.259563446044922,-16.033924102783203,-14.783924102783203,128
train,0,The small dolphin,The small dolphins,-1.0129404067993164,-9.762940406799316,-8.187322616577148,-0.8123227953910828,-4.626798152923584,-0.8767979741096497,128
train,1,The small dolphins,The small dolphin,-0.8123227953910828,-8.187322616577148,-9.762940406799316,-1.0129404067993164,-3.801764488220215,-1.6767644882202148,128
train,0,The sleepy dog,The sleepy dogs,-12.087656021118164,-17.087656021118164,-16.181564331054688,-11.931563377380371,-14.257506370544434,-11.820006370544434,128
train,1,The sleepy dogs,The sleepy dog,-11.931563377380371,-16.181564331054688,-17.087656021118164,-12.087656021118164,-13.949991226196289,-12.449991226196289,128
train,0,The sleepy chick,The sleepy chicks,-10.613922119140625,-12.676422119140625,-16.707595825195312,-11.332594871520996,-14.389199256896973,-11.014199256896973,128
train,1,The sleepy chicks,The sleepy chick,-11.332594871520996,-16.707595825195312,-12.676422119140625,-10.613922119140625,-10.882157325744629,-11.069657325744629,128
train,0,The small bat,The small bats,-9.283926010131836,-16.283926010131836,-16.229717254638672,-10.167217254638672,-14.000290870666504,-10.000290870666504,128
train,1,The small bats,The small bat,-10.167217254638672,-16.229717254638672,-16.283926010131836,-9.283926010131836,-11.334427833557129,-10.084427833557129,128
train,0,The fuzzy panda,The fuzzy pandas,-0.9322385787963867,-8.682238578796387,-4.301759719848633,-1.426759958267212,-2.4806811809539795,-2.1056811809539795,128
train,1,The fuzzy pandas,The fuzzy panda,-1.426759958267212,-4.301759719848633,-8.682238578796387,-0.9322385787963867,-2.120607852935791,-1.7456077337265015,128
train,0,The nervous frog,The nervous frogs,-1.2394816875457764,-10.114481925964355,-5.541531085968018,-1.9165310859680176,-3.0422983169555664,-3.0422983169555664,128
train,1,The nervous frogs,The nervous frog,-1.9165310859680176,-5.541531085968018,-10.114481925964355,-1.2394816875457764,-5.830078601837158,-1.8300786018371582,128
train,0,The quiet frog,The quiet frogs,-12.143945693969727,-12.706445693969727,-15.602961540222168,-11.727961540222168,-13.275517463684082,-11.588017463684082,128
train,1,The quiet frogs,The quiet frog,-11.727961540222168,-15.602961540222168,-12.706445693969727,-12.143945693969727,-11.707491874694824,-12.457491874694824,128
train,0,The fuzzy chick,The fuzzy chicks,-1.08209228515625,-9.26959228515625,-6.144137859344482,-1.019137978553772,-3.7412807941436768,-1.4912807941436768,128
train,1,The fuzzy chicks,The fuzzy chick,-1.019137978553772,-6.144137859344482,-9.26959228515625,-1.08209228515625,-4.195425987243652,-2.0704257488250732,128
train,0,The quiet kitten,The quiet kittens,-17.241806030273438,-17.741806030273438,-20.782503128051758,-16.313753128051758,-19.085166931152344,-15.77266788482666,128
train,1,The quiet kittens,The quiet kitten,-16.313753128051758,-20.782503128051758,-17.741806030273438,-17.241806030273438,-16.679597854614258,-18.148347854614258,128
train,0,The timid whale,The timid whales,-11.371259689331055,-14.746259689331055,-14.789424896240234,-8.851924896240234,-12.258720397949219,-9.383720397949219,128
train,1,The timid whales,The timid whale,-8.851924896240234,-14.789424896240234,-14.746259689331055,-11.371259689331055,-12.93481159210205,-12.24731159210205,128
train,0,The sleepy whale,The sleepy whales,-9.341198921203613,-12.841198921203613,-13.917763710021973,-9.917763710021973,-11.765887260437012,-9.828387260437012,128
train,1,The sleepy whales,The sleepy whale,-9.917763710021973,-13.917763710021973,-12.841198921203613,-9.341198921203613,-11.582698822021484,-10.082698822021484,128
train,0,The nervous rabbit,The nervous rabbits,-2.114320755004883,-9.864320755004883,-4.946755886077881,-1.5717557668685913,-2.871824026107788,-2.996824026107788,128
train,1,The nervous rabbits,The nervous rabbit,-1.5717557668685913,-4.946755886077881,-9.864320755004883,-2.114320755004883,-5.183191299438477,-2.1831915378570557,128
train,0,The slender lion,The slender lions,-14.089006423950195,-16.401506423950195,-14.338310241699219,-10.400810241699219,-13.259513854980469,-11.322013854980469,128
train,1,The slender lions,The slender lion,-10.400810241699219,-14.338310241699219,-16.401506423950195,-14.089006423950195,-14.876233100891113,-14.126233100891113,128
train,0,The fuzzy dolphin,The fuzzy dolphins,-0.716292679309845,-8.966292381286621,-6.18384313583374,-0.8088430166244507,-4.511058807373047,-0.8860589861869812,128
train,1,The fuzzy dolphins,The fuzzy dolphin,-0.8088430166244507,-6.18384313583374,-8.966292381286621,-0.716292679309845,-2.0982182025909424,-1.8482182025909424,128
train,0,The bright whale,The bright whales,-0.8777973055839539,-9.25279712677002,-5.172492504119873,-0.9224925637245178,-2.155588150024414,-1.405588150024414,128
train,1,The bright whales,The bright whale,-0.9224925637245178,-5.172492504119873,-9.25279712677002,-0.8777973055839539,-5.2884979248046875,-1.0384976863861084,128
train,0,The nervous lion,The nervous lions,-11.515823364257812,-15.015823364257812,-14.74284553527832,-11.11784553527832,-12.380302429199219,-11.817802429199219,128
train,1,The nervous lions,The nervous lion,-11.11784553527832,-14.74284553527832,-15.015823364257812,-11.515823364257812,-13.623313903808594,-11.998313903808594,128
train,0,The nervous shark,The nervous sharks,-13.914138793945312,-18.664138793945312,-17.93230438232422,-14.307305335998535,-16.20551109313965,-14.080511093139648,128
train,1,The nervous sharks,The nervous shark,-14.307305335998535,-17.93230438232422,-18.664138793945312,-13.914138793945312,-15.36301326751709,-14.92551326751709,128
train,0,The timid kitten,The timid kittens,-0.9907045364379883,-12.490704536437988,-9.422213554382324,-0.7972139716148376,-5.584792137145996,-1.4597923755645752,128
train,1,The timid kittens,The timid kitten,-0.7972139716148376,-9.422213554382324,-12.490704536437988,-0.9907045364379883,-4.669273376464844,-1.6692733764648438,128
train,0,The nervous shark,The nervous sharks,-0.7891392707824707,-8.664138793945312,-5.057304859161377,-0.8073049783706665,-3.1430108547210693,-1.1430108547210693,128
train,1,The nervous sharks,The nervous shark,-0.8073049783706665,-5.057304859161377,-8.664138793945312,-0.7891392707824707,-2.61301326751709,-1.2380132675170898,128
train,0,The fuzzy shark,The fuzzy sharks,-9.484857559204102,-10.109857559204102,-14.576607704162598,-9.139107704162598,-13.089818000793457,-9.027318000793457,128
train,1,The fuzzy sharks,The fuzzy shark,-9.139107704162598,-14.576607704162598,-10.109857559204102,-9.484857559204102,-8.485506057739258,-11.298006057739258,128
train,0,The quiet panda,The quiet pandas,-1.033226728439331,-10.03322696685791,-6.453022480010986,-0.5780226588249207,-3.544602155685425,-0.9196021556854248,128
train,1,The quiet pandas,The quiet panda,-0.5780226588249207,-6.453022480010986,-10.03322696685791,-1.033226728439331,-3.12178635597229,-1.74678635597229,128
train,0,The bright horse,The bright horses,-14.006874084472656,-16.444374084472656,-17.939350128173828,-12.876850128173828,-15.157958030700684,-13.220458030700684,128
train,1,The bright horses,The bright horse,-12.876850128173828,-17.939350128173828,-16.444374084472656,-14.006874084472656,-14.727967262268066,-14.852967262268066,128
train,0,The slender doe,The slender does,-7.73314094543457,-13.85814094543457,-16.819833755493164,-12.88233470916748,-15.82951545715332,-12.64201545715332,128
train,1,The slender does,The slender doe,-12.88233470916748,-16.819833755493164,-13.85814094543457,-7.73314094543457,-13.145499229431152,-9.145499229431152,128
train,0,The fuzzy turtle,The fuzzy turtles,-13.173443794250488,-15.423443794250488,-16.40566062927246,-12.343160629272461,-14.458616256713867,-12.396116256713867,128
train,1,The fuzzy turtles,The fuzzy turtle,-12.343160629272461,-16.40566062927246,-15.423443794250488,-13.173443794250488,-13.854720115661621,-13.792220115661621,128
train,0,The fuzzy lion,The fuzzy lions,-10.992709159851074,-12.742709159851074,-14.247589111328125,-11.810089111328125,-12.140815734863281,-11.453315734863281,128
train,1,The fuzzy lions,The fuzzy lion,-11.810089111328125,-14.247589111328125,-12.742709159851074,-10.992709159851074,-12.163095474243164,-11.600595474243164,128
train,0,The nervous bat,The nervous bats,-1.606792688369751,-9.106792449951172,-4.921213626861572,-2.5462136268615723,-3.747804641723633,-3.372804641723633,128
train,1,The nervous bats,The nervous bat,-2.5462136268615723,-4.921213626861572,-9.106792449951172,-1.606792688369751,-7.182155609130859,-1.8071556091308594,128
train,0,The sleepy bat,The sleepy bats,-0.6865819096565247,-10.4365816116333,-6.227150917053223,-1.227150797843933,-3.914865016937256,-1.4148648977279663,128
train,1,The sleepy bats,The sleepy bat,-1.227150797843933,-6.227150917053223,-10.4365816116333,-0.6865819096565247,-5.90216588973999,-0.9021660685539246,128
train,0,The slender doe,The slender does,-12.23314094543457,-14.23314094543457,-18.319833755493164,-12.88233470916748,-17.51701545715332,-12.45451545715332,128
train,1,The slender does,The slender doe,-12.88233470916748,-18.319833755493164,-14.23314094543457,-12.23314094543457,-13.145499229431152,-12.832999229431152,128
train,0,The bright bat,The bright bats,-11.653688430786133,-14.403688430786133,-15.898185729980469,-14.023185729980469,-14.996260643005371,-14.496260643005371,128
train,1,The bright bats,The bright bat,-14.023185729980469,-15.898185729980469,-14.403688430786133,-11.653688430786133,-13.67707633972168,-12.48957633972168,128
train,0,The nervous chick,The nervous chicks,-14.349343299865723,-17.474342346191406,-18.332656860351562,-16.082656860351562,-15.56678581237793,-15.44178581237793,128
train,1,The nervous chicks,The nervous chick,-16.082656860351562,-18.332656860351562,-17.474342346191406,-14.349343299865723,-17.341346740722656,-15.21634578704834,128
train,0,The fuzzy lion,The fuzzy lions,-12.617709159851074,-16.11771011352539,-17.372589111328125,-13.622589111328125,-14.640815734863281,-13.640815734863281,128
train,1,The fuzzy lions,The fuzzy lion,-13.622589111328125,-17.372589111328125,-16.11771011352539,-12.617709159851074,-14.663095474243164,-12.913095474243164,128
train,0,The calm doe,The calm does,-12.333466529846191,-15.395966529846191,-18.140615463256836,-14.203115463256836,-17.57773780822754,-14.452736854553223,128
train,1,The calm does,The calm doe,-14.203115463256836,-18.140615463256836,-15.395966529846191,-12.333466529846191,-14.253351211547852,-13.065851211547852,128
train,0,The bright lion,The bright lions,-10.755663871765137,-12.568163871765137,-13.465798377990723,-11.653298377990723,-11.82520866394043,-11.57520866394043,128
train,1,The bright lions,The bright lion,-11.653298377990723,-13.465798377990723,-12.568163871765137,-10.755663871765137,-12.259309768676758,-11.384309768676758,128
train,0,The nervous doe,The nervous does,-10.696907043457031,-12.634407043457031,-16.26163101196289,-13.19913101196289,-15.852276802062988,-12.914776802062988,128
train,1,The nervous does,The nervous doe,-13.19913101196289,-16.26163101196289,-12.634407043457031,-10.696907043457031,-13.219027519226074,-12.031527519226074,128
train,0,The sleepy monitor,The sleepy monitors,-16.240657806396484,-19.490657806396484,-13.934274673461914,-10.496774673461914,-13.278573989868164,-10.966073989868164,128
train,1,The sleepy monitors,The sleepy monitor,-10.496774673461914,-13.934274673461914,-19.490657806396484,-16.240657806396484,-16.993976593017578,-15.181475639343262,128
train,0,The calm chick,The calm chicks,-12.267455101013184,-15.517455101013184,-16.58210563659668,-12.20710563659668,-14.585143089294434,-12.335143089294434,128
train,1,The calm chicks,The calm chick,-12.20710563659668,-16.58210563659668,-15.517455101013184,-12.267455101013184,-14.696885108947754,-14.321885108947754,128
train,0,The slender doe,The slender does,-12.92064094543457,-16.98314094543457,-19.944833755493164,-17.569833755493164,-18.95451545715332,-17.14201545715332,128
train,1,The slender does,The slender doe,-17.569833755493164,-19.944833755493164,-16.98314094543457,-12.92064094543457,-15.645499229431152,-12.832999229431152,128
train,0,The sleepy rat,The sleepy rats,-14.01663875579834,-14.95413875579834,-17.230880737304688,-13.918380737304688,-15.665352821350098,-14.040352821350098,128
train,1,The sleepy rats,The sleepy rat,-13.918380737304688,-17.230880737304688,-14.95413875579834,-14.01663875579834,-14.654119491577148,-15.216619491577148,128
train,0,The calm cow,The calm cows,-5.789403915405273,-12.226903915405273,-10.859992980957031,-7.109992980957031,-7.887875080108643,-7.512875080108643,128
train,1,The calm cows,The calm cow,-7.109992980957031,-10.859992980957031,-12.226903915405273,-5.789403915405273,-10.477189064025879,-6.852189064025879,128
train,0,The small dog,The small dogs,-10.036774635314941,-15.849274635314941,-14.029870986938477,-11.592370986938477,-12.107378005981445,-11.044878005981445,128
train,1,The small dogs,The small dog,-11.592370986938477,-14.029870986938477,-15.849274635314941,-10.036774635314941,-13.370939254760742,-9.995939254760742,128
train,0,The fuzzy doe,The fuzzy does,-11.343652725219727,-14.968652725219727,-18.95658302307129,-14.144083023071289,-19.096290588378906,-14.721290588378906,128
train,1,The fuzzy does,The fuzzy doe,-14.144083023071289,-18.95658302307129,-14.968652725219727,-11.343652725219727,-14.65865707397461,-12.09615707397461,128
train,0,The timid dog,The timid dogs,-11.303961753845215,-15.178961753845215,-16.349796295166016,-13.224796295166016,-14.626112937927246,-13.626112937927246,128
train,1,The timid dogs,The timid dog,-13.224796295166016,-16.349796295166016,-15.178961753845215,-11.303961753845215,-13.905233383178711,-12.217733383178711,128
train,0,The timid rat,The timid rats,-10.399889945983887,-15.024889945983887,-16.729541778564453,-10.667040824890137,-13.975592613220215,-10.475592613220215,128
train,1,The timid rats,The timid rat,-10.667040824890137,-16.729541778564453,-15.024889945983887,-10.399889945983887,-11.836578369140625,-11.274078369140625,128
train,0,The calm panda,The calm pandas,-11.110422134399414,-14.672922134399414,-14.270671844482422,-12.020671844482422,-12.90157413482666,-11.77657413482666,128
train,1,The calm pandas,The calm panda,-12.020671844482422,-14.270671844482422,-14.672922134399414,-11.110422134399414,-12.583080291748047,-12.333080291748047,128
train,0,The slender kitten,The slender kittens,-16.15304183959961,-18.80929183959961,-20.313936233520508,-15.345186233520508,-17.827672958374023,-15.04642391204834,128
train,1,The slender kittens,The slender kitten,-15.345186233520508,-20.313936233520508,-18.80929183959961,-16.15304183959961,-16.94054412841797,-16.69054412841797,128
train,0,The timid bat,The timid bats,-12.243932723999023,-17.806432723999023,-17.48326301574707,-14.514512062072754,-15.72407341003418,-14.72407341003418,128
train,1,The timid bats,The timid bat,-14.514512062072754,-17.48326301574707,-17.806432723999023,-12.243932723999023,-15.934041976928711,-13.121541976928711,128
train,0,The bright rabbit,The bright rabbits,-1.243402123451233,-8.743402481079102,-6.0000786781311035,-0.7500788569450378,-3.0585527420043945,-1.433552861213684,128
train,1,The bright rabbits,The bright rabbit,-0.7500788569450378,-6.0000786781311035,-8.743402481079102,-1.243402123451233,-3.022012948989868,-1.8970129489898682,128
train,0,The bright shark,The bright sharks,-10.265718460083008,-13.140718460083008,-14.471797943115234,-10.096797943115234,-13.333948135375977,-10.333948135375977,128
train,1,The bright sharks,The bright shark,-10.096797943115234,-14.471797943115234,-13.140718460083008,-10.265718460083008,-10.831466674804688,-12.456466674804688,128
train,0,The fuzzy cow,The fuzzy cows,-0.7961637377738953,-11.046163558959961,-6.064862251281738,-1.0648622512817383,-3.604614496231079,-1.604614496231079,128
train,1,The fuzzy cows,The fuzzy cow,-1.0648622512817383,-6.064862251281738,-11.046163558959961,-0.7961637377738953,-4.709068298339844,-1.2090684175491333,128
train,0,The fuzzy dolphin,The fuzzy dolphins,-11.278792381286621,-12.028792381286621,-15.246342658996582,-13.808842658996582,-14.573558807373047,-13.323558807373047,128
train,1,The fuzzy dolphins,The fuzzy dolphin,-13.808842658996582,-15.246342658996582,-12.028792381286621,-11.278792381286621,-11.223217964172363,-11.660717964172363,128
train,0,The calm horse,The calm horses,-1.2636083364486694,-9.8261079788208,-8.065878868103027,-1.6908786296844482,-3.484417676925659,-2.734417676925659,128
train,1,The calm horses,The calm horse,-1.6908786296844482,-8.065878868103027,-9.8261079788208,-1.2636083364486694,-4.707080841064453,-1.8320809602737427,128
train,0,The fuzzy rabbit,The fuzzy rabbits,-9.844877243041992,-13.469877243041992,-14.749232292175293,-10.499232292175293,-12.564706802368164,-10.377206802368164,128
train,1,The fuzzy rabbits,The fuzzy rabbit,-10.499232292175293,-14.749232292175293,-13.469877243041992,-9.844877243041992,-11.890482902526855,-10.952982902526855,128
train,0,The fuzzy lion,The fuzzy lions,-0.9302091598510742,-10.305209159851074,-5.747589111328125,-0.7475890517234802,-2.6408159732818604,-1.3908159732818604,128
train,1,The fuzzy lions,The fuzzy lion,-0.7475890517234802,-5.747589111328125,-10.305209159851074,-0.9302091598510742,-4.350595951080322,-1.3505959510803223,128
train,0,The small dolphin,The small dolphins,-11.075440406799316,-16.825439453125,-16.56232261657715,-13.437322616577148,-14.189297676086426,-13.439297676086426,128
train,1,The small dolphins,The small dolphin,-13.437322616577148,-16.56232261657715,-16.825439453125,-11.075440406799316,-15.239264488220215,-11.926764488220215,128
train,0,The quiet panda,The quiet pandas,-11.47072696685791,-15.22072696685791,-15.953022956848145,-9.578022956848145,-13.919602394104004,-9.919602394104004,128
train,1,The quiet pandas,The quiet panda,-9.578022956848145,-15.953022956848145,-15.22072696685791,-11.47072696685791,-12.309286117553711,-12.559286117553711,128
train,0,The slender monitor,The slender monitors,-17.86725425720215,-20.17975425720215,-16.377092361450195,-11.064592361450195,-15.160150527954102,-11.160150527954102,128
train,1,The slender monitors,The slender monitor,-11.064592361450195,-16.377092361450195,-20.17975425720215,-17.86725425720215,-17.4488525390625,-17.3863525390625,128
train,0,The quiet panda,The quiet pandas,-12.72072696685791,-15.34572696685791,-17.203022003173828,-13.703022956848145,-15.607102394104004,-13.419602394104004,128
train,1,The quiet pandas,The quiet panda,-13.703022956848145,-17.203022003173828,-15.34572696685791,-12.72072696685791,-13.621786117553711,-13.746786117553711,128
train,0,The calm bat,The calm bats,-12.781423568725586,-15.343923568725586,-17.589717864990234,-12.370966911315918,-16.967926025390625,-13.217926979064941,128
train,1,The calm bats,The calm bat,-12.370966911315918,-17.589717864990234,-15.343923568725586,-12.781423568725586,-14.391769409179688,-13.704269409179688,128
train,0,The calm monitor,The calm monitors,-13.057584762573242,-17.495084762573242,-16.330167770385742,-13.455167770385742,-15.529823303222656,-13.404823303222656,128
train,1,The calm monitors,The calm monitor,-13.455167770385742,-16.330167770385742,-17.495084762573242,-13.057584762573242,-15.807045936584473,-13.369545936584473,128
train,0,The small kitten,The small kittens,-14.442262649536133,-15.567262649536133,-19.39968490600586,-13.430933952331543,-17.401195526123047,-12.77619457244873,128
train,1,The small kittens,The small kitten,-13.430933952331543,-19.39968490600586,-15.567262649536133,-14.442262649536133,-14.227960586547852,-14.915460586547852,128
train,0,The calm dog,The calm dogs,-9.717750549316406,-13.842750549316406,-12.992711067199707,-10.367711067199707,-10.975186347961426,-10.100186347961426,128
train,1,The calm dogs,The calm dog,-10.367711067199707,-12.992711067199707,-13.842750549316406,-9.717750549316406,-11.367106437683105,-10.304606437683105,128
train,0,The fuzzy pup,The fuzzy pups,-12.060689926147461,-16.37318992614746,-15.908564567565918,-12.033564567565918,-14.612669944763184,-12.425169944763184,128
train,1,The fuzzy pups,The fuzzy pup,-12.033564567565918,-15.908564567565918,-16.37318992614746,-12.060689926147461,-15.243721961975098,-13.993721961975098,128
train,0,The slender kitten,The slender kittens,-7.715541839599609,-12.71554183959961,-12.782686233520508,-7.407686710357666,-10.73392391204834,-7.546423435211182,128
train,1,The slender kittens,The slender kitten,-7.407686710357666,-12.782686233520508,-12.71554183959961,-7.715541839599609,-9.346795082092285,-8.721795082092285,128
train,0,The timid shark,The timid sharks,-12.540850639343262,-13.415850639343262,-15.577363967895508,-10.139863967895508,-13.864316940307617,-9.614316940307617,128
train,1,The timid sharks,The timid shark,-10.139863967895508,-15.577363967895508,-13.415850639343262,-12.540850639343262,-10.376855850219727,-13.251855850219727,128
test,0,The strange [wug],The strange [wugs],-11.20167064666748,-15.01417064666748,-15.111739158630371,-12.861739158630371,-14.663505554199219,-13.413505554199219,128
test,1,The strange [wugs],The strange [wug],-12.861739158630371,-15.111739158630371,-15.01417064666748,-11.20167064666748,-13.027307510375977,-11.902307510375977,128
test,0,The shy [wug],The shy [wugs],-15.106318473815918,-14.606318473815918,-15.935734748840332,-11.123234748840332,-16.479337692260742,-12.885587692260742,128
test,1,The shy [wugs],The shy [wug],-11.123234748840332,-15.935734748840332,-14.606318473815918,-15.106318473815918,-13.978534698486328,-17.978534698486328,128
test,0,The wary [wug],The wary [wugs],-16.99472999572754,-19.21347999572754,-17.459747314453125,-14.147247314453125,-16.671306610107422,-14.858807563781738,128
test,1,The wary [wugs],The wary [wug],-14.147247314453125,-17.459747314453125,-19.21347999572754,-16.99472999572754,-18.94794464111328,-18.26044464111328,128
test,0,The shy [wug],The shy [wugs],-13.231318473815918,-15.293818473815918,-15.748234748840332,-11.810734748840332,-14.948087692260742,-12.948087692260742,128
test,1,The shy [wugs],The shy [wug],-11.810734748840332,-15.748234748840332,-15.293818473815918,-13.231318473815918,-14.353534698486328,-15.541034698486328,128
test,0,The curious [wug],The curious [wugs],-13.87373161315918,-16.77998161315918,-18.856143951416016,-17.387393951416016,-19.320833206176758,-18.898958206176758,128
test,1,The curious [wugs],The curious [wug],-17.387393951416016,-18.856143951416016,-16.77998161315918,-13.87373161315918,-16.40447235107422,-15.529472351074219,128
test,0,The sturdy [wug],The sturdy [wugs],-16.32893180847168,-20.79768180847168,-17.661876678466797,-14.786877632141113,-17.802001953125,-15.770751953125,128
test,1,The sturdy [wugs],The sturdy [wug],-14.786877632141113,-17.661876678466797,-20.79768180847168,-16.32893180847168,-18.653905868530273,-18.528905868530273,128
test,0,The clever [wug],The clever [wugs],-13.758203506469727,-14.008203506469727,-18.287067413330078,-13.396442413330078,-18.98854637145996,-14.832296371459961,128
test,1,The clever [wugs],The clever [wug],-13.396442413330078,-18.287067413330078,-14.008203506469727,-13.758203506469727,-13.752904891967773,-14.252904891967773,128
test,0,The shy [wug],The shy [wugs],-16.418819427490234,-15.231318473815918,-17.623233795166016,-13.498234748840332,-16.479337692260742,-14.260587692260742,128
test,1,The shy [wugs],The shy [wug],-13.498234748840332,-17.623233795166016,-15.231318473815918,-16.418819427490234,-14.916034698486328,-18.197284698486328,128
test,0,The lively [wug],The lively [wugs],-5.328610897064209,-9.516111373901367,-8.505409240722656,-5.255409240722656,-7.179776191711426,-5.429776191711426,128
test,1,The lively [wugs],The lively [wug],-5.255409240722656,-8.505409240722656,-9.516111373901367,-5.328610897064209,-5.291167736053467,-6.666167736053467,128
test,0,The fierce [wug],The fierce [wugs],-15.53550910949707,-15.31675910949707,-16.951934814453125,-14.014434814453125,-15.947295188903809,-13.634795188903809,128
test,1,The fierce [wugs],The fierce [wug],-14.014434814453125,-16.951934814453125,-15.31675910949707,-15.53550910949707,-14.675821304321289,-16.05082130432129,128
test,0,The clumsy [wug],The clumsy [wugs],-16.233863830566406,-12.921364784240723,-16.621950149536133,-13.246950149536133,-16.510055541992188,-13.885055541992188,128
test,1,The clumsy [wugs],The clumsy [wug],-13.246950149536133,-16.621950149536133,-12.921364784240723,-16.233863830566406,-13.370307922363281,-17.30780792236328,128
test,0,The spotted [wug],The spotted [wugs],-13.245747566223145,-19.29262351989746,-19.518346786499023,-19.182409286499023,-18.254966735839844,-19.317466735839844,128
test,1,The spotted [wugs],The spotted [wug],-19.182409286499023,-19.518346786499023,-19.29262351989746,-13.245747566223145,-16.435518264770508,-15.685519218444824,128
test,0,The tiny [wug],The tiny [wugs],-9.142427444458008,-12.204927444458008,-12.241023063659668,-9.303523063659668,-11.605813980102539,-8.980813980102539,128
test,1,The tiny [wugs],The tiny [wug],-9.303523063659668,-12.241023063659668,-12.204927444458008,-9.142427444458008,-9.76564884185791,-10.70314884185791,128
test,0,The wary [wug],The wary [wugs],-14.932230949401855,-13.869730949401855,-16.397247314453125,-11.709747314453125,-15.358807563781738,-11.671307563781738,128
test,1,The wary [wugs],The wary [wug],-11.709747314453125,-16.397247314453125,-13.869730949401855,-14.932230949401855,-13.322943687438965,-15.447943687438965,128
test,0,The curious [wug],The curious [wugs],-15.56123161315918,-17.27998161315918,-15.4811429977417,-15.0436429977417,-14.711459159851074,-15.148959159851074,128
test,1,The curious [wugs],The curious [wug],-15.0436429977417,-15.4811429977417,-17.27998161315918,-15.56123161315918,-15.966972351074219,-15.654472351074219,128
test,0,The graceful [wug],The graceful [wugs],-14.107232093811035,-15.232232093811035,-13.982576370239258,-10.982576370239258,-12.72655200958252,-11.47655200958252,128
test,1,The graceful [wugs],The graceful [wug],-10.982576370239258,-13.982576370239258,-15.232232093811035,-14.107232093811035,-14.00783920288086,-15.66408920288086,128
test,0,The bold [wug],The bold [wugs],-1.5126278400421143,-6.012627601623535,-4.141720771789551,-1.1417206525802612,-3.0606255531311035,-1.185625433921814,128
test,1,The bold [wugs],The bold [wug],-1.1417206525802612,-4.141720771789551,-6.012627601623535,-1.5126278400421143,-2.090993642807007,-2.340993642807007,128
test,0,The strange [wug],The strange [wugs],-12.20167064666748,-13.01417064666748,-15.486739158630371,-13.299239158630371,-15.163505554199219,-13.663505554199219,128
test,1,The strange [wugs],The strange [wug],-13.299239158630371,-15.486739158630371,-13.01417064666748,-12.20167064666748,-13.339807510375977,-13.464807510375977,128
test,0,The strange [wug],The strange [wugs],-12.07667064666748,-12.88917064666748,-15.736739158630371,-12.111739158630371,-14.726005554199219,-12.101005554199219,128
test,1,The strange [wugs],The strange [wug],-12.111739158630371,-15.736739158630371,-12.88917064666748,-12.07667064666748,-11.589807510375977,-13.152307510375977,128
test,0,The clumsy [wug],The clumsy [wugs],-18.858863830566406,-16.358863830566406,-16.309450149536133,-10.746950149536133,-17.010055541992188,-11.510055541992188,128
test,1,The clumsy [wugs],The clumsy [wug],-10.746950149536133,-16.309450149536133,-16.358863830566406,-18.858863830566406,-15.745307922363281,-20.24530792236328,128
test,0,The gentle [wug],The gentle [wugs],-8.905546188354492,-12.405546188354492,-11.96580982208252,-9.40330982208252,-11.467560768127441,-10.155060768127441,128
test,1,The gentle [wugs],The gentle [wug],-9.40330982208252,-11.96580982208252,-12.405546188354492,-8.905546188354492,-11.673178672790527,-11.048178672790527,128
test,0,The graceful [wug],The graceful [wugs],-18.32598114013672,-19.66973114013672,-19.732576370239258,-15.420076370239258,-18.585926055908203,-15.75780200958252,128
test,1,The graceful [wugs],The graceful [wug],-15.420076370239258,-19.732576370239258,-19.66973114013672,-18.32598114013672,-17.88283920288086,-19.24221420288086,128
test,0,The clever [wug],The clever [wugs],-17.101953506469727,-16.226953506469727,-19.083942413330078,-17.771442413330078,-19.10573387145996,-17.78542137145996,128
test,1,The clever [wugs],The clever [wug],-17.771442413330078,-19.083942413330078,-16.226953506469727,-17.101953506469727,-16.690404891967773,-17.065404891967773,128
test,0,The fierce [wug],The fierce [wugs],-15.81675910949707,-16.66050910949707,-13.639434814453125,-12.639434814453125,-13.134795188903809,-12.072295188903809,128
test,1,The fierce [wugs],The fierce [wug],-12.639434814453125,-13.639434814453125,-16.66050910949707,-15.81675910949707,-17.05082130432129,-16.30082130432129,128
test,0,The restless [wug],The restless [wugs],-16.84612464904785,-15.283624649047852,-17.118379592895508,-12.868379592895508,-15.50578784942627,-12.00578784942627,128
test,1,The restless [wugs],The restless [wug],-12.868379592895508,-17.118379592895508,-15.283624649047852,-16.84612464904785,-13.680922508239746,-17.24342155456543,128
test,0,The tiny [wug],The tiny [wugs],-11.892427444458008,-13.767427444458008,-15.053523063659668,-11.866023063659668,-14.918313980102539,-11.918313980102539,128
test,1,The tiny [wugs],The tiny [wug],-11.866023063659668,-15.053523063659668,-13.767427444458008,-11.892427444458008,-12.76564884185791,-13.51564884185791,128
test,0,The wary [wug],The wary [wugs],-14.994730949401855,-12.807230949401855,-15.147247314453125,-11.584747314453125,-13.921307563781738,-11.483807563781738,128
test,1,The wary [wugs],The wary [wug],-11.584747314453125,-15.147247314453125,-12.807230949401855,-14.994730949401855,-12.447943687438965,-15.322943687438965,128
test,0,The lively [wug],The lively [wugs],-10.078611373901367,-14.141111373901367,-13.380409240722656,-10.317909240722656,-12.054776191711426,-10.117276191711426,128
test,1,The lively [wugs],The lively [wug],-10.317909240722656,-13.380409240722656,-14.141111373901367,-10.078611373901367,-10.228668212890625,-11.478668212890625,128
test,0,The curious [wug],The curious [wugs],-7.12373161315918,-9.12373161315918,-8.6686429977417,-8.0436429977417,-8.336459159851074,-7.961459159851074,128
test,1,The curious [wugs],The curious [wug],-8.0436429977417,-8.6686429977417,-9.12373161315918,-7.12373161315918,-8.966972351074219,-7.716972827911377,128
test,0,The clever [wug],The clever [wugs],-8.820703506469727,-11.258203506469727,-8.333942413330078,-6.52144193649292,-8.113546371459961,-6.676046371459961,128
test,1,The clever [wugs],The clever [wug],-6.52144193649292,-8.333942413330078,-11.258203506469727,-8.820703506469727,-9.627904891967773,-8.252904891967773,128
test,0,The wary [wug],The wary [wugs],-16.24472999572754,-16.24472999572754,-16.147247314453125,-13.084747314453125,-15.608807563781738,-13.546307563781738,128
test,1,The wary [wugs],The wary [wug],-13.084747314453125,-16.147247314453125,-16.24472999572754,-16.24472999572754,-16.13544464111328,-16.69794464111328,128
test,0,The shy [wug],The shy [wugs],-10.606318473815918,-11.793818473815918,-13.310734748840332,-8.748234748840332,-11.823087692260742,-10.323087692260742,128
test,1,The shy [wugs],The shy [wug],-8.748234748840332,-13.310734748840332,-11.793818473815918,-10.606318473815918,-11.416034698486328,-12.916034698486328,128
test,0,The strange [wug],The strange [wugs],-19.951671600341797,-20.670421600341797,-17.861740112304688,-15.174239158630371,-17.22600555419922,-15.038505554199219,128
test,1,The strange [wugs],The strange [wug],-15.174239158630371,-17.861740112304688,-20.670421600341797,-19.951671600341797,-19.683557510375977,-19.527307510375977,128
test,0,The bold [wug],The bold [wugs],-14.325127601623535,-16.48137855529785,-15.95422077178955,-13.51672077178955,-15.248125076293945,-13.935625076293945,128
test,1,The bold [wugs],The bold [wug],-13.51672077178955,-15.95422077178955,-16.48137855529785,-14.325127601623535,-14.528493881225586,-15.340993881225586,128
test,0,The strange [wug],The strange [wugs],-15.38917064666748,-15.13917064666748,-15.299239158630371,-14.986739158630371,-14.976005554199219,-14.726005554199219,128
test,1,The strange [wugs],The strange [wug],-14.986739158630371,-15.299239158630371,-15.13917064666748,-15.38917064666748,-15.402307510375977,-15.714807510375977,128
test,0,The curious [wug],The curious [wugs],-10.74873161315918,-10.68623161315918,-12.9811429977417,-11.3561429977417,-13.586459159851074,-11.898959159851074,128
test,1,The curious [wugs],The curious [wug],-11.3561429977417,-12.9811429977417,-10.68623161315918,-10.74873161315918,-10.591972351074219,-11.341972351074219,128
test,0,The bold [wug],The bold [wugs],-13.825127601623535,-16.04387855529785,-16.329219818115234,-13.45422077178955,-15.748125076293945,-13.810625076293945,128
test,1,The bold [wugs],The bold [wug],-13.45422077178955,-16.329219818115234,-16.04387855529785,-13.825127601623535,-13.903493881225586,-14.778493881225586,128
test,0,The graceful [wug],The graceful [wugs],-12.950982093811035,-14.013482093811035,-10.795076370239258,-8.107576370239258,-9.85155200958252,-8.28905200958252,128
test,1,The graceful [wugs],The graceful [wug],-8.107576370239258,-10.795076370239258,-14.013482093811035,-12.950982093811035,-13.07033920288086,-14.19533920288086,128
test,0,The bold [wug],The bold [wugs],-8.012627601623535,-11.200127601623535,-13.89172077178955,-11.26672077178955,-13.685625076293945,-11.810625076293945,128
test,1,The bold [wugs],The bold [wug],-11.26672077178955,-13.89172077178955,-11.200127601623535,-8.012627601623535,-9.715993881225586,-8.778493881225586,128
test,0,The strange [wug],The strange [wugs],-15.82667064666748,-15.82667064666748,-18.299240112304688,-16.486740112304688,-18.28850555419922,-16.85100555419922,128
test,1,The strange [wugs],The strange [wug],-16.486740112304688,-18.299240112304688,-15.82667064666748,-15.82667064666748,-16.589807510375977,-16.277307510375977,128
test,0,The strange [wug],The strange [wugs],-11.88917064666748,-12.95167064666748,-14.861739158630371,-12.049239158630371,-14.163505554199219,-12.038505554199219,128
test,1,The strange [wugs],The strange [wug],-12.049239158630371,-14.861739158630371,-12.95167064666748,-11.88917064666748,-11.964807510375977,-12.589807510375977,128
test,0,The bold [wug],The bold [wugs],-17.51262855529785,-16.20012855529785,-17.829219818115234,-16.266719818115234,-17.560625076293945,-16.435625076293945,128
test,1,The bold [wugs],The bold [wug],-16.266719818115234,-17.829219818115234,-16.20012855529785,-17.51262855529785,-15.028493881225586,-16.934743881225586,128
test,0,The strange [wug],The strange [wugs],-13.88917064666748,-14.45167064666748,-14.736739158630371,-13.049239158630371,-14.601005554199219,-13.601005554199219,128
test,1,The strange [wugs],The strange [wug],-13.049239158630371,-14.736739158630371,-14.45167064666748,-13.88917064666748,-13.902307510375977,-14.464807510375977,128
test,0,The wary [wug],The wary [wugs],-15.369730949401855,-17.80722999572754,-16.959747314453125,-12.147247314453125,-15.921307563781738,-12.108807563781738,128
test,1,The wary [wugs],The wary [wug],-12.147247314453125,-16.959747314453125,-17.80722999572754,-15.369730949401855,-16.44794464111328,-16.01044464111328,128
test,0,The restless [wug],The restless [wugs],-17.56487464904785,-21.03362464904785,-18.993379592895508,-16.618379592895508,-17.068286895751953,-16.005786895751953,128
test,1,The restless [wugs],The restless [wug],-16.618379592895508,-18.993379592895508,-21.03362464904785,-17.56487464904785,-19.58717155456543,-18.64967155456543,128
test,0,The lively [wug],The lively [wugs],-14.641111373901367,-15.703611373901367,-14.880409240722656,-13.567909240722656,-15.179776191711426,-14.617276191711426,128
test,1,The lively [wugs],The lively [wug],-13.567909240722656,-14.880409240722656,-15.703611373901367,-14.641111373901367,-16.728668212890625,-16.228668212890625,128
test,0,The strange [wug],The strange [wugs],-15.95167064666748,-16.014171600341797,-17.299240112304688,-17.361740112304688,-16.85100555419922,-17.03850555419922,128
test,1,The strange [wugs],The strange [wug],-17.361740112304688,-17.299240112304688,-16.014171600341797,-15.95167064666748,-16.214807510375977,-16.464807510375977,128
test,0,The fierce [wug],The fierce [wugs],-16.28550910949707,-17.53550910949707,-17.326934814453125,-12.826934814453125,-16.009794235229492,-12.384795188903809,128
test,1,The fierce [wugs],The fierce [wug],-12.826934814453125,-17.326934814453125,-17.53550910949707,-16.28550910949707,-16.17582130432129,-17.55082130432129,128
test,0,The gentle [wug],The gentle [wugs],-13.843046188354492,-15.343046188354492,-13.52830982208252,-10.52830982208252,-12.717560768127441,-10.655060768127441,128
test,1,The gentle [wugs],The gentle [wug],-10.52830982208252,-13.52830982208252,-15.343046188354492,-13.843046188354492,-15.235678672790527,-15.735678672790527,128
test,0,The fierce [wug],The fierce [wugs],-15.62925910949707,-13.87925910949707,-15.639434814453125,-11.576934814453125,-14.822295188903809,-11.509795188903809,128
test,1,The fierce [wugs],The fierce [wug],-11.576934814453125,-15.639434814453125,-13.87925910949707,-15.62925910949707,-13.550821304321289,-16.64457130432129,128
test,0,The shy [wug],The shy [wugs],-11.543818473815918,-14.043818473815918,-10.935734748840332,-7.873234272003174,-11.135587692260742,-8.573087692260742,128
test,1,The shy [wugs],The shy [wug],-7.873234272003174,-10.935734748840332,-14.043818473815918,-11.543818473815918,-13.416034698486328,-13.728534698486328,128
test,0,The clever [wug],The clever [wugs],-16.914453506469727,-19.195703506469727,-18.490192413330078,-15.615192413330078,-17.73854637145996,-16.14479637145996,128
test,1,The clever [wugs],The clever [wug],-15.615192413330078,-18.490192413330078,-19.195703506469727,-16.914453506469727,-18.315404891967773,-17.190404891967773,128
test,0,The strange [wug],The strange [wugs],-11.45167064666748,-11.57667064666748,-14.736739158630371,-14.674239158630371,-15.288505554199219,-15.413505554199219,128
test,1,The strange [wugs],The strange [wug],-14.674239158630371,-14.736739158630371,-11.57667064666748,-11.45167064666748,-11.214807510375977,-11.339807510375977,128
test,0,The curious [wug],The curious [wugs],-11.99873161315918,-12.06123161315918,-12.7936429977417,-10.9186429977417,-11.461459159851074,-10.398959159851074,128
test,1,The curious [wugs],The curious [wug],-10.9186429977417,-12.7936429977417,-12.06123161315918,-11.99873161315918,-12.029472351074219,-13.029472351074219,128
test,0,The fierce [wug],The fierce [wugs],-13.56675910949707,-14.25425910949707,-14.701934814453125,-11.889434814453125,-13.759795188903809,-11.134795188903809,128
test,1,The fierce [wugs],The fierce [wug],-11.889434814453125,-14.701934814453125,-14.25425910949707,-13.56675910949707,-13.800821304321289,-14.175821304321289,128
test,0,The restless [wug],The restless [wugs],-15.033624649047852,-15.533624649047852,-16.180879592895508,-11.618379592895508,-14.38078784942627,-10.88078784942627,128
test,1,The restless [wugs],The restless [wug],-11.618379592895508,-16.180879592895508,-15.533624649047852,-15.033624649047852,-13.430922508239746,-16.43092155456543,128
test,0,The sturdy [wug],The sturdy [wugs],-25.18830680847168,-25.14924430847168,-17.161876678466797,-13.661877632141113,-17.427001953125,-14.583251953125,128
test,1,The sturdy [wugs],The sturdy [wug],-13.661877632141113,-17.161876678466797,-25.14924430847168,-25.18830680847168,-25.982030868530273,-25.935155868530273,128
test,0,The restless [wug],The restless [wugs],-11.596124649047852,-15.283624649047852,-13.493379592895508,-10.868379592895508,-11.88078784942627,-10.00578784942627,128
test,1,The restless [wugs],The restless [wug],-10.868379592895508,-13.493379592895508,-15.283624649047852,-11.596124649047852,-11.430922508239746,-12.993422508239746,128
test,0,The bold [wug],The bold [wugs],-13.387627601623535,-16.63762855529785,-17.141719818115234,-15.51672077178955,-16.810625076293945,-16.060625076293945,128
test,1,The bold [wugs],The bold [wug],-15.51672077178955,-17.141719818115234,-16.63762855529785,-13.387627601623535,-15.653493881225586,-15.028493881225586,128
test,0,The strange [wug],The strange [wugs],-13.32667064666748,-15.26417064666748,-16.424240112304688,-13.736739158630371,-16.03850555419922,-13.913505554199219,128
test,1,The strange [wugs],The strange [wug],-13.736739158630371,-16.424240112304688,-15.26417064666748,-13.32667064666748,-14.964807510375977,-14.339807510375977,128
test,0,The restless [wug],The restless [wugs],-17.22112464904785,-18.47112464904785,-17.930879592895508,-13.993379592895508,-16.818286895751953,-14.06828784942627,128
test,1,The restless [wugs],The restless [wug],-13.993379592895508,-17.930879592895508,-18.47112464904785,-17.22112464904785,-16.24342155456543,-18.55592155456543,128
test,0,The lively [wug],The lively [wugs],-12.641111373901367,-13.891111373901367,-16.474159240722656,-13.817909240722656,-16.929777145385742,-16.117277145385742,128
test,1,The lively [wugs],The lively [wug],-13.817909240722656,-16.474159240722656,-13.891111373901367,-12.641111373901367,-12.853668212890625,-14.541168212890625,128
test,0,The graceful [wug],The graceful [wugs],-14.544732093811035,-15.669732093811035,-14.420076370239258,-10.920076370239258,-13.60155200958252,-11.85155200958252,128
test,1,The graceful [wugs],The graceful [wug],-10.920076370239258,-14.420076370239258,-15.669732093811035,-14.544732093811035,-13.82033920288086,-15.38283920288086,128
test,0,The strange [wug],The strange [wugs],-15.70167064666748,-17.639171600341797,-17.736740112304688,-16.174240112304688,-17.53850555419922,-16.60100555419922,128
test,1,The strange [wugs],The strange [wug],-16.174240112304688,-17.736740112304688,-17.639171600341797,-15.70167064666748,-17.808557510375977,-16.746057510375977,128
test,0,The curious [wug],The curious [wugs],-13.12373161315918,-13.18623161315918,-14.3561429977417,-11.6686429977417,-13.398959159851074,-10.773959159851074,128
test,1,The curious [wugs],The curious [wug],-11.6686429977417,-14.3561429977417,-13.18623161315918,-13.12373161315918,-13.216972351074219,-14.029472351074219,128
test,0,The restless [wug],The restless [wugs],-16.15862464904785,-17.03362464904785,-17.118379592895508,-14.743379592895508,-15.63078784942627,-14.00578784942627,128
test,1,The restless [wugs],The restless [wug],-14.743379592895508,-17.118379592895508,-17.03362464904785,-16.15862464904785,-16.30592155456543,-17.24342155456543,128
test,0,The restless [wug],The restless [wugs],-17.40862464904785,-18.25237464904785,-16.868379592895508,-14.305879592895508,-15.94328784942627,-14.31828784942627,128
test,1,The restless [wugs],The restless [wug],-14.305879592895508,-16.868379592895508,-18.25237464904785,-17.40862464904785,-17.49342155456543,-17.68092155456543,128
test,0,The sturdy [wug],The sturdy [wugs],-10.36018180847168,-12.48518180847168,-11.036877632141113,-6.974377632141113,-10.083251953125,-6.958252429962158,128
test,1,The sturdy [wugs],The sturdy [wug],-6.974377632141113,-11.036877632141113,-12.48518180847168,-10.36018180847168,-10.31015682220459,-11.43515682220459,128
test,0,The gentle [wug],The gentle [wugs],-10.030546188354492,-13.468046188354492,-12.09080982208252,-9.40330982208252,-10.905060768127441,-8.967560768127441,128
test,1,The gentle [wugs],The gentle [wug],-9.40330982208252,-12.09080982208252,-13.468046188354492,-10.030546188354492,-10.423178672790527,-11.360678672790527,128
test,0,The wary [wug],The wary [wugs],-11.744730949401855,-13.119730949401855,-14.959747314453125,-13.209747314453125,-15.108807563781738,-14.546307563781738,128
test,1,The wary [wugs],The wary [wug],-13.209747314453125,-14.959747314453125,-13.119730949401855,-11.744730949401855,-13.322943687438965,-12.197943687438965,128
test,0,The clever [wug],The clever [wugs],-14.258203506469727,-14.758203506469727,-13.521442413330078,-10.083942413330078,-13.519796371459961,-10.363546371459961,128
test,1,The clever [wugs],The clever [wug],-10.083942413330078,-13.521442413330078,-14.758203506469727,-14.258203506469727,-13.627904891967773,-14.190404891967773,128
test,0,The tiny [wug],The tiny [wugs],-12.079927444458008,-14.892427444458008,-14.928523063659668,-12.553523063659668,-14.793313980102539,-12.793313980102539,128
test,1,The tiny [wugs],The tiny [wug],-12.553523063659668,-14.928523063659668,-14.892427444458008,-12.079927444458008,-12.51564884185791,-12.39064884185791,128
test,0,The round [wug],The round [wugs],-1.1098188161849976,-7.984818935394287,-5.564436912536621,-1.8144367933273315,-4.492056369781494,-2.742056369781494,128
test,1,The round [wugs],The round [wug],-1.8144367933273315,-5.564436912536621,-7.984818935394287,-1.1098188161849976,-2.5169105529785156,-2.0169105529785156,128
test,0,The clumsy [wug],The clumsy [wugs],-14.358864784240723,-14.858864784240723,-14.809450149536133,-10.621950149536133,-14.572555541992188,-11.447555541992188,128
test,1,The clumsy [wugs],The clumsy [wug],-10.621950149536133,-14.809450149536133,-14.858864784240723,-14.358864784240723,-15.182807922363281,-16.55780792236328,128
test,0,The restless [wug],The restless [wugs],-12.721124649047852,-13.783624649047852,-13.993379592895508,-10.993379592895508,-11.94328784942627,-10.13078784942627,128
test,1,The restless [wugs],The restless [wug],-10.993379592895508,-13.993379592895508,-13.783624649047852,-12.721124649047852,-11.430922508239746,-13.993422508239746,128
test,0,The bold [wug],The bold [wugs],-12.512627601623535,-11.450127601623535,-17.704219818115234,-12.32922077178955,-16.623125076293945,-11.935625076293945,128
test,1,The bold [wugs],The bold [wug],-12.32922077178955,-17.704219818115234,-11.450127601623535,-12.512627601623535,-11.153493881225586,-14.090993881225586,128
test,0,The tiny [wug],The tiny [wugs],-11.704927444458008,-13.267427444458008,-15.678523063659668,-14.991023063659668,-15.480813980102539,-14.730813980102539,128
test,1,The tiny [wugs],The tiny [wug],-14.991023063659668,-15.678523063659668,-13.267427444458008,-11.704927444458008,-13.20314884185791,-12.76564884185791,128
test,0,The sturdy [wug],The sturdy [wugs],-15.54768180847168,-17.64143180847168,-14.849377632141113,-11.349377632141113,-13.458251953125,-11.520751953125,128
test,1,The sturdy [wugs],The sturdy [wug],-11.349377632141113,-14.849377632141113,-17.64143180847168,-15.54768180847168,-16.341405868530273,-17.560155868530273,128
test,0,The clumsy [wug],The clumsy [wugs],-14.858864784240723,-15.608864784240723,-14.059450149536133,-10.246950149536133,-15.260055541992188,-11.572555541992188,128
test,1,The clumsy [wugs],The clumsy [wug],-10.246950149536133,-14.059450149536133,-15.608864784240723,-14.858864784240723,-14.682807922363281,-15.620307922363281,128
test,0,The clumsy [wug],The clumsy [wugs],-16.515113830566406,-14.296364784240723,-18.059450149536133,-11.934450149536133,-18.994430541992188,-14.103805541992188,128
test,1,The clumsy [wugs],The clumsy [wug],-11.934450149536133,-18.059450149536133,-14.296364784240723,-16.515113830566406,-14.120307922363281,-18.24530792236328,128
test,0,The shy [wug],The shy [wugs],-9.918818473815918,-12.606318473815918,-12.685734748840332,-9.998234748840332,-13.510587692260742,-12.635587692260742,128
test,1,The shy [wugs],The shy [wug],-9.998234748840332,-12.685734748840332,-12.606318473815918,-9.918818473815918,-12.353534698486328,-12.353534698486328,128
test,0,The shy [wug],The shy [wugs],-10.168818473815918,-14.481318473815918,-11.873234748840332,-7.873234272003174,-11.073087692260742,-9.260587692260742,128
test,1,The shy [wugs],The shy [wug],-7.873234272003174,-11.873234748840332,-14.481318473815918,-10.168818473815918,-12.666034698486328,-12.416034698486328,128
test,0,The gentle [wug],The gentle [wugs],-14.405546188354492,-16.874296188354492,-16.028310775756836,-14.77830982208252,-15.405060768127441,-14.842560768127441,128
test,1,The gentle [wugs],The gentle [wug],-14.77830982208252,-16.028310775756836,-16.874296188354492,-14.405546188354492,-17.45442771911621,-16.23567771911621,128
test,0,The restless [wug],The restless [wugs],-14.721124649047852,-14.596124649047852,-16.868379592895508,-15.305879592895508,-15.56828784942627,-14.94328784942627,128
test,1,The restless [wugs],The restless [wug],-15.305879592895508,-16.868379592895508,-14.596124649047852,-14.721124649047852,-14.868422508239746,-15.930922508239746,128
test,0,The tiny [wug],The tiny [wugs],-12.392427444458008,-15.392427444458008,-14.741023063659668,-12.678523063659668,-14.230813980102539,-12.168313980102539,128
test,1,The tiny [wugs],The tiny [wug],-12.678523063659668,-14.741023063659668,-15.392427444458008,-12.392427444458008,-13.82814884185791,-13.45314884185791,128
test,0,The gentle [wug],The gentle [wugs],-13.218046188354492,-15.093046188354492,-14.09080982208252,-11.77830982208252,-13.530060768127441,-12.217560768127441,128
test,1,The gentle [wugs],The gentle [wug],-11.77830982208252,-14.09080982208252,-15.093046188354492,-13.218046188354492,-14.610678672790527,-14.173178672790527,128
test,0,The spotted [wug],The spotted [wugs],-11.745747566223145,-15.339497566223145,-16.135534286499023,-15.04178524017334,-16.426841735839844,-16.270591735839844,128
test,1,The spotted [wugs],The spotted [wug],-15.04178524017334,-16.135534286499023,-15.339497566223145,-11.745747566223145,-13.748019218444824,-13.560519218444824,128
test,0,The lively [wug],The lively [wugs],-14.391111373901367,-14.891111373901367,-16.911659240722656,-13.505409240722656,-17.648527145385742,-15.867276191711426,128
test,1,The lively [wugs],The lively [wug],-13.505409240722656,-16.911659240722656,-14.891111373901367,-14.391111373901367,-14.478668212890625,-16.416168212890625,128
test,0,The tiny [wug],The tiny [wugs],-8.267427444458008,-13.017427444458008,-12.303523063659668,-11.366023063659668,-11.730813980102539,-10.793313980102539,128
test,1,The tiny [wugs],The tiny [wug],-11.366023063659668,-12.303523063659668,-13.017427444458008,-8.267427444458008,-11.64064884185791,-10.20314884185791,128
test,0,The lively [wug],The lively [wugs],-15.266111373901367,-16.016111373901367,-14.380409240722656,-11.567909240722656,-14.554776191711426,-11.867276191711426,128
test,1,The lively [wugs],The lively [wug],-11.567909240722656,-14.380409240722656,-16.016111373901367,-15.266111373901367,-13.853668212890625,-15.291168212890625,128
test,0,The fierce [wug],The fierce [wugs],-13.06675910949707,-13.62925910949707,-14.389434814453125,-10.326934814453125,-14.322295188903809,-10.384795188903809,128
test,1,The fierce [wugs],The fierce [wug],-10.326934814453125,-14.389434814453125,-13.62925910949707,-13.06675910949707,-13.113321304321289,-13.863321304321289,128
test,0,The sturdy [wug],The sturdy [wugs],-10.23518180847168,-14.29768180847168,-12.349377632141113,-9.099377632141113,-11.895751953125,-9.395751953125,128
test,1,The sturdy [wugs],The sturdy [wug],-9.099377632141113,-12.349377632141113,-14.29768180847168,-10.23518180847168,-13.37265682220459,-12.18515682220459,128
test,0,The restless [wug],The restless [wugs],-13.908624649047852,-14.096124649047852,-16.305879592895508,-14.493379592895508,-15.50578784942627,-14.38078784942627,128
test,1,The restless [wugs],The restless [wug],-14.493379592895508,-16.305879592895508,-14.096124649047852,-13.908624649047852,-14.430922508239746,-14.618422508239746,128
test,0,The wary [wug],The wary [wugs],-13.307230949401855,-11.182230949401855,-14.647247314453125,-10.022247314453125,-14.421307563781738,-10.671307563781738,128
test,1,The wary [wugs],The wary [wug],-10.022247314453125,-14.647247314453125,-11.182230949401855,-13.307230949401855,-11.010443687438965,-14.072943687438965,128
test,0,The strange [wug],The strange [wugs],-12.26417064666748,-15.26417064666748,-17.111740112304688,-14.611739158630371,-16.91350555419922,-15.351005554199219,128
test,1,The strange [wugs],The strange [wug],-14.611739158630371,-17.111740112304688,-15.26417064666748,-12.26417064666748,-13.902307510375977,-13.589807510375977,128
test,0,The fierce [wug],The fierce [wugs],-11.75425910949707,-12.62925910949707,-11.951934814453125,-8.576934814453125,-10.509795188903809,-7.884795188903809,128
test,1,The fierce [wugs],The fierce [wug],-8.576934814453125,-11.951934814453125,-12.62925910949707,-11.75425910949707,-11.488321304321289,-12.613321304321289,128
test,0,The bold [wug],The bold [wugs],-14.762627601623535,-15.200127601623535,-15.39172077178955,-13.82922077178955,-15.060625076293945,-14.123125076293945,128
test,1,The bold [wugs],The bold [wug],-13.82922077178955,-15.39172077178955,-15.200127601623535,-14.762627601623535,-15.403493881225586,-15.403493881225586,128
test,0,The clumsy [wug],The clumsy [wugs],-2.4838647842407227,-8.608864784240723,-5.184449672698975,-1.1844496726989746,-4.010055065155029,-1.6350551843643188,128
test,1,The clumsy [wugs],The clumsy [wug],-1.1844496726989746,-5.184449672698975,-8.608864784240723,-2.4838647842407227,-4.432807922363281,-4.057807922363281,128
test,0,The gentle [wug],The gentle [wugs],-13.718046188354492,-14.280546188354492,-16.653310775756836,-14.90330982208252,-15.592560768127441,-14.967560768127441,128
test,1,The gentle [wugs],The gentle [wug],-14.90330982208252,-16.653310775756836,-14.280546188354492,-13.718046188354492,-14.798178672790527,-15.548178672790527,128
test,0,The graceful [wug],The graceful [wugs],-4.950982093811035,-9.763482093811035,-7.482576370239258,-4.982576370239258,-6.2890520095825195,-5.6640520095825195,128
test,1,The graceful [wugs],The graceful [wug],-4.982576370239258,-7.482576370239258,-9.763482093811035,-4.950982093811035,-5.507838726043701,-5.882838726043701,128
test,0,The graceful [wug],The graceful [wugs],-10.450982093811035,-13.888482093811035,-12.670076370239258,-9.670076370239258,-12.03905200958252,-10.16405200958252,128
test,1,The graceful [wugs],The graceful [wug],-9.670076370239258,-12.670076370239258,-13.888482093811035,-10.450982093811035,-11.19533920288086,-11.38283920288086,128
test,0,The sturdy [wug],The sturdy [wugs],-14.79768180847168,-15.04768180847168,-15.474377632141113,-10.724377632141113,-14.833251953125,-11.083251953125,128
test,1,The sturdy [wugs],The sturdy [wug],-10.724377632141113,-15.474377632141113,-15.04768180847168,-14.79768180847168,-14.37265682220459,-16.747655868530273,128
test,0,The spotted [wug],The spotted [wugs],-19.51137351989746,-17.33949851989746,-19.721471786499023,-18.010534286499023,-18.895591735839844,-17.426841735839844,128
test,1,The spotted [wugs],The spotted [wug],-18.010534286499023,-19.721471786499023,-17.33949851989746,-19.51137351989746,-16.748018264770508,-18.841768264770508,128
test,0,The bold [wug],The bold [wugs],-11.262627601623535,-12.950127601623535,-14.57922077178955,-13.76672077178955,-14.310625076293945,-13.435625076293945,128
test,1,The bold [wugs],The bold [wug],-13.76672077178955,-14.57922077178955,-12.950127601623535,-11.262627601623535,-13.215993881225586,-12.028493881225586,128
test,0,The bold [wug],The bold [wugs],-8.512627601623535,-13.075127601623535,-11.45422077178955,-8.39172077178955,-10.810625076293945,-8.435625076293945,128
test,1,The bold [wugs],The bold [wug],-8.39172077178955,-11.45422077178955,-13.075127601623535,-8.512627601623535,-9.778493881225586,-9.090993881225586,128
test,0,The strange [wug],The strange [wugs],-12.63917064666748,-12.01417064666748,-17.361740112304688,-14.799239158630371,-17.16350555419922,-15.101005554199219,128
test,1,The strange [wugs],The strange [wug],-14.799239158630371,-17.361740112304688,-12.01417064666748,-12.63917064666748,-11.214807510375977,-13.027307510375977,128
test,0,The restless [wug],The restless [wugs],-12.033624649047852,-13.471124649047852,-14.305879592895508,-11.118379592895508,-12.25578784942627,-10.13078784942627,128
test,1,The restless [wugs],The restless [wug],-11.118379592895508,-14.305879592895508,-13.471124649047852,-12.033624649047852,-10.993422508239746,-13.180922508239746,128
test,0,The wary [wug],The wary [wugs],-14.307230949401855,-15.869730949401855,-15.709747314453125,-11.209747314453125,-13.233807563781738,-10.921307563781738,128
test,1,The wary [wugs],The wary [wug],-11.209747314453125,-15.709747314453125,-15.869730949401855,-14.307230949401855,-14.447943687438965,-14.635443687438965,128
test,0,The sturdy [wug],The sturdy [wugs],-1.8601820468902588,-6.23518180847168,-5.474377632141113,-2.224377393722534,-3.958252429962158,-1.9582524299621582,128
test,1,The sturdy [wugs],The sturdy [wug],-2.224377393722534,-5.474377632141113,-6.23518180847168,-1.8601820468902588,-2.0601563453674316,-5.185156345367432,128
test,0,The bold [wug],The bold [wugs],-14.637627601623535,-14.512627601623535,-17.579219818115234,-11.95422077178955,-17.685625076293945,-12.935625076293945,128
test,1,The bold [wugs],The bold [wug],-11.95422077178955,-17.579219818115234,-14.512627601623535,-14.637627601623535,-11.903493881225586,-14.778493881225586,128
test,0,The shy [wug],The shy [wugs],-11.981318473815918,-12.168818473815918,-15.873234748840332,-13.560734748840332,-14.198087692260742,-13.823087692260742,128
test,1,The shy [wugs],The shy [wug],-13.560734748840332,-15.873234748840332,-12.168818473815918,-11.981318473815918,-13.041034698486328,-13.853534698486328,128
test,0,The curious [wug],The curious [wugs],-14.06123161315918,-12.99873161315918,-13.2311429977417,-12.2311429977417,-13.711459159851074,-12.711459159851074,128
test,1,The curious [wugs],The curious [wug],-12.2311429977417,-13.2311429977417,-12.99873161315918,-14.06123161315918,-12.966972351074219,-13.466972351074219,128
test,0,The clever [wug],The clever [wugs],-14.633203506469727,-14.914453506469727,-18.708942413330078,-15.833942413330078,-20.13698387145996,-18.77760887145996,128
test,1,The clever [wugs],The clever [wug],-15.833942413330078,-18.708942413330078,-14.914453506469727,-14.633203506469727,-14.252904891967773,-15.190404891967773,128
test,0,The graceful [wug],The graceful [wugs],-8.950982093811035,-12.388482093811035,-9.545076370239258,-10.607576370239258,-8.91405200958252,-11.41405200958252,128
test,1,The graceful [wugs],The graceful [wug],-10.607576370239258,-9.545076370239258,-12.388482093811035,-8.950982093811035,-11.63283920288086,-9.57033920288086,128
test,0,The round [wug],The round [wugs],-11.609818458557129,-13.422318458557129,-14.626936912536621,-11.814436912536621,-13.742055892944336,-12.242055892944336,128
test,1,The round [wugs],The round [wug],-11.814436912536621,-14.626936912536621,-13.422318458557129,-11.609818458557129,-12.579410552978516,-12.266910552978516,128
test,0,The clever [wug],The clever [wugs],-16.445703506469727,-18.383203506469727,-17.146442413330078,-15.052692413330078,-17.64479637145996,-16.66042137145996,128
test,1,The clever [wugs],The clever [wug],-15.052692413330078,-17.146442413330078,-18.383203506469727,-16.445703506469727,-16.971654891967773,-16.440404891967773,128
test,0,The wary [wug],The wary [wugs],-15.057230949401855,-16.61972999572754,-16.522247314453125,-12.459747314453125,-16.046306610107422,-12.608807563781738,128
test,1,The wary [wugs],The wary [wug],-12.459747314453125,-16.522247314453125,-16.61972999572754,-15.057230949401855,-15.322943687438965,-15.510443687438965,128
test,0,The clumsy [wug],The clumsy [wugs],-15.358864784240723,-14.546364784240723,-17.996950149536133,-17.215700149536133,-19.181930541992188,-19.385055541992188,128
test,1,The clumsy [wugs],The clumsy [wug],-17.215700149536133,-17.996950149536133,-14.546364784240723,-15.358864784240723,-16.12030792236328,-16.74530792236328,128
test,0,The restless [wug],The restless [wugs],-12.658624649047852,-14.408624649047852,-16.180879592895508,-15.180879592895508,-15.31828784942627,-15.13078784942627,128
test,1,The restless [wugs],The restless [wug],-15.180879592895508,-16.180879592895508,-14.408624649047852,-12.658624649047852,-14.180922508239746,-13.305922508239746,128
test,0,The clumsy [wug],The clumsy [wugs],-17.827613830566406,-19.733863830566406,-18.934450149536133,-17.465700149536133,-20.088180541992188,-20.549118041992188,128
test,1,The clumsy [wugs],The clumsy [wug],-17.465700149536133,-18.934450149536133,-19.733863830566406,-17.827613830566406,-20.96405792236328,-21.13593292236328,128
test,0,The clever [wug],The clever [wugs],-15.133203506469727,-19.351953506469727,-14.458942413330078,-12.646442413330078,-13.894796371459961,-13.238546371459961,128
test,1,The clever [wugs],The clever [wug],-12.646442413330078,-14.458942413330078,-19.351953506469727,-15.133203506469727,-16.909154891967773,-14.190404891967773,128
test,0,The shy [wug],The shy [wugs],-9.293818473815918,-13.918818473815918,-12.560734748840332,-9.623234748840332,-11.385587692260742,-10.573087692260742,128
test,1,The shy [wugs],The shy [wug],-9.623234748840332,-12.560734748840332,-13.918818473815918,-9.293818473815918,-12.853534698486328,-11.853534698486328,128
test,0,The bold [wug],The bold [wugs],-17.13762855529785,-17.07512855529785,-14.32922077178955,-14.64172077178955,-14.498125076293945,-14.935625076293945,128
test,1,The bold [wugs],The bold [wug],-14.64172077178955,-14.32922077178955,-17.07512855529785,-17.13762855529785,-16.559743881225586,-16.403493881225586,128
test,0,The gentle [wug],The gentle [wugs],-10.593046188354492,-12.968046188354492,-12.34080982208252,-8.90330982208252,-11.030060768127441,-8.717560768127441,128
test,1,The gentle [wugs],The gentle [wug],-8.90330982208252,-12.34080982208252,-12.968046188354492,-10.593046188354492,-11.423178672790527,-12.548178672790527,128
test,0,The wary [wug],The wary [wugs],-15.182230949401855,-15.744730949401855,-14.709747314453125,-12.772247314453125,-14.796307563781738,-13.421307563781738,128
test,1,The wary [wugs],The wary [wug],-12.772247314453125,-14.709747314453125,-15.744730949401855,-15.182230949401855,-15.572943687438965,-15.197943687438965,128
test,0,The clumsy [wug],The clumsy [wugs],-15.233864784240723,-15.358864784240723,-15.621950149536133,-15.246950149536133,-16.947555541992188,-17.541305541992188,128
test,1,The clumsy [wugs],The clumsy [wug],-15.246950149536133,-15.621950149536133,-15.358864784240723,-15.233864784240723,-15.307807922363281,-15.057807922363281,128
test,0,The round [wug],The round [wugs],-12.734818458557129,-14.984818458557129,-14.876936912536621,-11.689436912536621,-13.929555892944336,-11.992055892944336,128
test,1,The round [wugs],The round [wug],-11.689436912536621,-14.876936912536621,-14.984818458557129,-12.734818458557129,-13.204410552978516,-13.141910552978516,128
test,0,The wary [wug],The wary [wugs],-12.807230949401855,-14.744730949401855,-15.522247314453125,-11.772247314453125,-14.733807563781738,-12.483807563781738,128
test,1,The wary [wugs],The wary [wug],-11.772247314453125,-15.522247314453125,-14.744730949401855,-12.807230949401855,-14.447943687438965,-14.072943687438965,128
test,0,The bold [wug],The bold [wugs],-11.512627601623535,-12.825127601623535,-14.14172077178955,-10.57922077178955,-13.748125076293945,-10.685625076293945,128
test,1,The bold [wugs],The bold [wug],-10.57922077178955,-14.14172077178955,-12.825127601623535,-11.512627601623535,-12.028493881225586,-12.278493881225586,128
test,0,The sturdy [wug],The sturdy [wugs],-16.32893180847168,-19.23518180847168,-17.880626678466797,-15.724377632141113,-17.145751953125,-16.020751953125,128
test,1,The sturdy [wugs],The sturdy [wug],-15.724377632141113,-17.880626678466797,-19.23518180847168,-16.32893180847168,-18.466405868530273,-18.872655868530273,128
test,0,The gentle [wug],The gentle [wugs],-13.405546188354492,-13.780546188354492,-14.21580982208252,-13.15330982208252,-14.530060768127441,-14.592560768127441,128
test,1,The gentle [wugs],The gentle [wug],-13.15330982208252,-14.21580982208252,-13.780546188354492,-13.405546188354492,-14.548178672790527,-14.673178672790527,128
test,0,The lively [wug],The lively [wugs],-16.797361373901367,-19.953611373901367,-17.880409240722656,-16.536659240722656,-17.148527145385742,-16.804777145385742,128
test,1,The lively [wugs],The lively [wug],-16.536659240722656,-17.880409240722656,-19.953611373901367,-16.797361373901367,-17.103668212890625,-17.759918212890625,128
test,0,The tiny [wug],The tiny [wugs],-12.079927444458008,-12.017427444458008,-16.866024017333984,-16.366024017333984,-16.91831398010254,-16.41831398010254,128
test,1,The tiny [wugs],The tiny [wug],-16.366024017333984,-16.866024017333984,-12.017427444458008,-12.079927444458008,-12.89064884185791,-13.20314884185791,128
test,0,The clumsy [wug],The clumsy [wugs],-14.921364784240723,-16.046363830566406,-17.465700149536133,-14.559450149536133,-19.861618041992188,-18.525680541992188,128
test,1,The clumsy [wugs],The clumsy [wug],-14.559450149536133,-17.465700149536133,-16.046363830566406,-14.921364784240723,-16.37030792236328,-16.74530792236328,128
test,0,The fierce [wug],The fierce [wugs],-16.03550910949707,-17.84800910949707,-16.889434814453125,-13.576934814453125,-15.572295188903809,-12.759795188903809,128
test,1,The fierce [wugs],The fierce [wug],-13.576934814453125,-16.889434814453125,-17.84800910949707,-16.03550910949707,-17.86332130432129,-17.61332130432129,128
test,0,The clever [wug],The clever [wugs],-11.758203506469727,-14.445703506469727,-16.552692413330078,-13.521442413330078,-16.92604637145996,-14.051046371459961,128
test,1,The clever [wugs],The clever [wug],-13.521442413330078,-16.552692413330078,-14.445703506469727,-11.758203506469727,-13.440404891967773,-11.815404891967773,128
test,0,The gentle [wug],The gentle [wugs],-12.718046188354492,-11.780546188354492,-13.52830982208252,-11.34080982208252,-12.405060768127441,-10.592560768127441,128
test,1,The gentle [wugs],The gentle [wug],-11.34080982208252,-13.52830982208252,-11.780546188354492,-12.718046188354492,-12.860678672790527,-14.110678672790527,128
test,0,The clever [wug],The clever [wugs],-14.445703506469727,-14.914453506469727,-18.615192413330078,-16.833942413330078,-18.71510887145996,-16.75417137145996,128
test,1,The clever [wugs],The clever [wug],-16.833942413330078,-18.615192413330078,-14.914453506469727,-14.445703506469727,-15.440404891967773,-14.690404891967773,128
test,0,The lively [wug],The lively [wugs],-11.203611373901367,-13.891111373901367,-16.474159240722656,-13.442909240722656,-16.711027145385742,-14.242276191711426,128
test,1,The lively [wugs],The lively [wug],-13.442909240722656,-16.474159240722656,-13.891111373901367,-11.203611373901367,-13.041168212890625,-13.478668212890625,128
test,0,The tiny [wug],The tiny [wugs],-11.267427444458008,-11.829927444458008,-15.803523063659668,-14.178523063659668,-16.29331398010254,-14.355813980102539,128
test,1,The tiny [wugs],The tiny [wug],-14.178523063659668,-15.803523063659668,-11.829927444458008,-11.267427444458008,-10.82814884185791,-10.51564884185791,128
test,0,The restless [wug],The restless [wugs],-17.03362464904785,-20.00237464904785,-18.430879592895508,-16.055879592895508,-16.818286895751953,-15.44328784942627,128
test,1,The restless [wugs],The restless [wug],-16.055879592895508,-18.430879592895508,-20.00237464904785,-17.03362464904785,-17.05592155456543,-17.93092155456543,128
test,0,The fierce [wug],The fierce [wugs],-2.8792591094970703,-7.87925910949707,-6.076935291290283,-2.701935291290283,-4.384795188903809,-2.1347951889038086,128
test,1,The fierce [wugs],The fierce [wug],-2.701935291290283,-6.076935291290283,-7.87925910949707,-2.8792591094970703,-4.300821304321289,-3.925821304321289,128
test,0,The clumsy [wug],The clumsy [wugs],-14.983864784240723,-13.296364784240723,-18.621950149536133,-16.184450149536133,-22.049118041992188,-19.010055541992188,128
test,1,The clumsy [wugs],The clumsy [wug],-16.184450149536133,-18.621950149536133,-13.296364784240723,-14.983864784240723,-14.745307922363281,-17.12030792236328,128
test,0,The tiny [wug],The tiny [wugs],-14.454927444458008,-16.954927444458008,-16.803524017333984,-13.741023063659668,-16.60581398010254,-13.730813980102539,128
test,1,The tiny [wugs],The tiny [wug],-13.741023063659668,-16.803524017333984,-16.954927444458008,-14.454927444458008,-16.484399795532227,-15.95314884185791,128
test,0,The lively [wug],The lively [wugs],-14.828611373901367,-15.016111373901367,-14.755409240722656,-13.567909240722656,-15.492276191711426,-14.554776191711426,128
test,1,The lively [wugs],The lively [wug],-13.567909240722656,-14.755409240722656,-15.016111373901367,-14.828611373901367,-14.416168212890625,-15.041168212890625,128
test,0,The restless [wug],The restless [wugs],-12.783624649047852,-16.53362464904785,-14.930879592895508,-12.555879592895508,-13.19328784942627,-11.94328784942627,128
test,1,The restless [wugs],The restless [wug],-12.555879592895508,-14.930879592895508,-16.53362464904785,-12.783624649047852,-13.868422508239746,-13.930922508239746,128
test,0,The strange [wug],The strange [wugs],-15.13917064666748,-16.514171600341797,-16.799240112304688,-14.924239158630371,-16.47600555419922,-15.538505554199219,128
test,1,The strange [wugs],The strange [wug],-14.924239158630371,-16.799240112304688,-16.514171600341797,-15.13917064666748,-15.527307510375977,-16.214807510375977,128
test,0,The round [wug],The round [wugs],-12.359818458557129,-12.359818458557129,-17.314435958862305,-14.751936912536621,-16.679555892944336,-15.054555892944336,128
test,1,The round [wugs],The round [wug],-14.751936912536621,-17.314435958862305,-12.359818458557129,-12.359818458557129,-12.079410552978516,-12.641910552978516,128
test,0,The graceful [wug],The graceful [wugs],-17.07598114013672,-19.13848114013672,-16.763826370239258,-13.045076370239258,-16.164051055908203,-13.97655200958252,128
test,1,The graceful [wugs],The graceful [wug],-13.045076370239258,-16.763826370239258,-19.13848114013672,-17.07598114013672,-17.47658920288086,-17.97658920288086,128
test,0,The sturdy [wug],The sturdy [wugs],-14.79768180847168,-16.57893180847168,-15.411877632141113,-11.786877632141113,-15.895751953125,-13.333251953125,128
test,1,The sturdy [wugs],The sturdy [wug],-11.786877632141113,-15.411877632141113,-16.57893180847168,-14.79768180847168,-17.216405868530273,-17.778905868530273,128
test,0,The sturdy [wug],The sturdy [wugs],-17.32893180847168,-17.64143180847168,-15.724377632141113,-13.224377632141113,-16.208251953125,-13.833251953125,128
test,1,The sturdy [wugs],The sturdy [wug],-13.224377632141113,-15.724377632141113,-17.64143180847168,-17.32893180847168,-17.403905868530273,-18.810155868530273,128
test,0,The clumsy [wug],The clumsy [wugs],-10.796364784240723,-14.421364784240723,-13.371950149536133,-10.184450149536133,-14.260055541992188,-12.947555541992188,128
test,1,The clumsy [wugs],The clumsy [wug],-10.184450149536133,-13.371950149536133,-14.421364784240723,-10.796364784240723,-14.245307922363281,-12.682807922363281,128
test,0,The sturdy [wug],The sturdy [wugs],-14.36018180847168,-16.79768180847168,-17.099376678466797,-14.224377632141113,-16.083251953125,-14.395751953125,128
test,1,The sturdy [wugs],The sturdy [wug],-14.224377632141113,-17.099376678466797,-16.79768180847168,-14.36018180847168,-15.49765682220459,-17.372655868530273,128
test,0,The clever [wug],The clever [wugs],-15.945703506469727,-17.695703506469727,-17.458942413330078,-13.458942413330078,-17.23854637145996,-14.769796371459961,128
test,1,The clever [wugs],The clever [wug],-13.458942413330078,-17.458942413330078,-17.695703506469727,-15.945703506469727,-16.127904891967773,-15.971654891967773,128
test,0,The shy [wug],The shy [wugs],-18.793819427490234,-16.668819427490234,-19.904483795166016,-16.060733795166016,-22.366056442260742,-18.416837692260742,128
test,1,The shy [wugs],The shy [wug],-16.060733795166016,-19.904483795166016,-16.668819427490234,-18.793819427490234,-17.259784698486328,-20.697284698486328,128
test,0,The graceful [wug],The graceful [wugs],-17.51348114013672,-15.013482093811035,-19.388826370239258,-13.607576370239258,-18.070301055908203,-13.35155200958252,128
test,1,The graceful [wugs],The graceful [wug],-13.607576370239258,-19.388826370239258,-15.013482093811035,-17.51348114013672,-14.47658920288086,-19.03908920288086,128
test,0,The strange [wug],The strange [wugs],-13.07667064666748,-15.01417064666748,-18.236740112304688,-16.361740112304688,-17.97600555419922,-16.28850555419922,128
test,1,The strange [wugs],The strange [wug],-16.361740112304688,-18.236740112304688,-15.01417064666748,-13.07667064666748,-14.902307510375977,-13.589807510375977,128
test,0,The fierce [wug],The fierce [wugs],-12.12925910949707,-15.59800910949707,-14.264434814453125,-11.826934814453125,-13.134795188903809,-11.634795188903809,128
test,1,The fierce [wugs],The fierce [wug],-11.826934814453125,-14.264434814453125,-15.59800910949707,-12.12925910949707,-12.925821304321289,-11.988321304321289,128
test,0,The strange [wug],The strange [wugs],-12.82667064666748,-14.07667064666748,-16.424240112304688,-14.924239158630371,-15.413505554199219,-14.351005554199219,128
test,1,The strange [wugs],The strange [wug],-14.924239158630371,-16.424240112304688,-14.07667064666748,-12.82667064666748,-14.714807510375977,-13.902307510375977,128
test,0,The tiny [wug],The tiny [wugs],-8.642427444458008,-10.954927444458008,-12.803523063659668,-10.053523063659668,-11.918313980102539,-9.605813980102539,128
test,1,The tiny [wugs],The tiny [wug],-10.053523063659668,-12.803523063659668,-10.954927444458008,-8.642427444458008,-9.39064884185791,-11.39064884185791,128
test,0,The restless [wug],The restless [wugs],-18.28362464904785,-17.84612464904785,-18.180879592895508,-16.555879592895508,-17.193286895751953,-15.94328784942627,128
test,1,The restless [wugs],The restless [wug],-16.555879592895508,-18.180879592895508,-17.84612464904785,-18.28362464904785,-18.18092155456543,-18.93092155456543,128
test,0,The restless [wug],The restless [wugs],-19.50237464904785,-21.18987464904785,-18.493379592895508,-15.930879592895508,-17.193286895751953,-15.94328784942627,128
test,1,The restless [wugs],The restless [wug],-15.930879592895508,-18.493379592895508,-21.18987464904785,-19.50237464904785,-19.49342155456543,-21.02467155456543,128
test,0,The strange [wug],The strange [wugs],-8.70167064666748,-12.26417064666748,-11.736739158630371,-9.861739158630371,-11.288505554199219,-10.163505554199219,128
test,1,The strange [wugs],The strange [wug],-9.861739158630371,-11.736739158630371,-12.26417064666748,-8.70167064666748,-10.027307510375977,-9.464807510375977,128
test,0,The gentle [wug],The gentle [wugs],-12.030546188354492,-14.905546188354492,-13.27830982208252,-11.21580982208252,-12.530060768127441,-11.655060768127441,128
test,1,The gentle [wugs],The gentle [wug],-11.21580982208252,-13.27830982208252,-14.905546188354492,-12.030546188354492,-14.048178672790527,-14.110678672790527,128
test,0,The restless [wug],The restless [wugs],-21.28362464904785,-21.03362464904785,-18.180879592895508,-15.243379592895508,-16.943286895751953,-14.50578784942627,128
test,1,The restless [wugs],The restless [wug],-15.243379592895508,-18.180879592895508,-21.03362464904785,-21.28362464904785,-19.58717155456543,-20.58717155456543,128
test,0,The curious [wug],The curious [wugs],-14.06123161315918,-15.31123161315918,-14.0436429977417,-12.7936429977417,-14.648959159851074,-14.523959159851074,128
test,1,The curious [wugs],The curious [wug],-12.7936429977417,-14.0436429977417,-15.31123161315918,-14.06123161315918,-16.74822235107422,-15.966972351074219,128
test,0,The clumsy [wug],The clumsy [wugs],-13.733864784240723,-17.390113830566406,-14.434450149536133,-12.059450149536133,-14.822555541992188,-14.166305541992188,128
test,1,The clumsy [wugs],The clumsy [wug],-12.059450149536133,-14.434450149536133,-17.390113830566406,-13.733864784240723,-15.245307922363281,-14.370307922363281,128
test,0,The clumsy [wug],The clumsy [wugs],-14.046364784240723,-19.265113830566406,-16.434450149536133,-14.621950149536133,-17.072555541992188,-16.947555541992188,128
test,1,The clumsy [wugs],The clumsy [wug],-14.621950149536133,-16.434450149536133,-19.265113830566406,-14.046364784240723,-17.93280792236328,-15.182807922363281,128
test,0,The clumsy [wug],The clumsy [wugs],-19.671363830566406,-17.265113830566406,-23.340700149536133,-18.934450149536133,-23.978805541992188,-19.181930541992188,128
test,1,The clumsy [wugs],The clumsy [wug],-18.934450149536133,-23.340700149536133,-17.265113830566406,-19.671363830566406,-18.02655792236328,-20.93280792236328,128
test,0,The fierce [wug],The fierce [wugs],-13.56675910949707,-12.94175910949707,-14.139434814453125,-9.826934814453125,-13.509795188903809,-10.259795188903809,128
test,1,The fierce [wugs],The fierce [wug],-9.826934814453125,-14.139434814453125,-12.94175910949707,-13.56675910949707,-12.300821304321289,-14.425821304321289,128
test,0,The clumsy [wug],The clumsy [wugs],-12.796364784240723,-13.983864784240723,-15.871950149536133,-11.309450149536133,-17.197555541992188,-14.228805541992188,128
test,1,The clumsy [wugs],The clumsy [wug],-11.309450149536133,-15.871950149536133,-13.983864784240723,-12.796364784240723,-14.120307922363281,-14.995307922363281,128
test,0,The round [wug],The round [wugs],-12.609818458557129,-13.609818458557129,-15.126936912536621,-13.314436912536621,-14.679555892944336,-13.617055892944336,128
test,1,The round [wugs],The round [wug],-13.314436912536621,-15.126936912536621,-13.609818458557129,-12.609818458557129,-12.829410552978516,-12.516910552978516,128
test,0,The gentle [wug],The gentle [wugs],-16.311796188354492,-18.749296188354492,-18.528310775756836,-16.090810775756836,-17.030061721801758,-15.780060768127441,128
test,1,The gentle [wugs],The gentle [wug],-16.090810775756836,-18.528310775756836,-18.749296188354492,-16.311796188354492,-17.20442771911621,-18.04817771911621,128
test,0,The lively [wug],The lively [wugs],-10.016111373901367,-14.016111373901367,-12.442909240722656,-8.505409240722656,-11.679776191711426,-8.617276191711426,128
test,1,The lively [wugs],The lively [wug],-8.505409240722656,-12.442909240722656,-14.016111373901367,-10.016111373901367,-10.041168212890625,-10.978668212890625,128
test,0,The wary [wug],The wary [wugs],-14.682230949401855,-17.71347999572754,-16.834747314453125,-13.897247314453125,-15.108807563781738,-13.608807563781738,128
test,1,The wary [wugs],The wary [wug],-13.897247314453125,-16.834747314453125,-17.71347999572754,-14.682230949401855,-16.32294464111328,-14.947943687438965,128
test,0,The strange [wug],The strange [wugs],-11.95167064666748,-15.13917064666748,-16.424240112304688,-14.611739158630371,-16.10100555419922,-14.788505554199219,128
test,1,The strange [wugs],The strange [wug],-14.611739158630371,-16.424240112304688,-15.13917064666748,-11.95167064666748,-14.652307510375977,-13.027307510375977,128
test,0,The wary [wug],The wary [wugs],-10.494730949401855,-12.182230949401855,-11.959747314453125,-7.522246837615967,-10.671307563781738,-7.48380708694458,128
test,1,The wary [wugs],The wary [wug],-7.522246837615967,-11.959747314453125,-12.182230949401855,-10.494730949401855,-10.822943687438965,-10.947943687438965,128
test,0,The lively [wug],The lively [wugs],-9.641111373901367,-10.391111373901367,-14.942909240722656,-12.380409240722656,-14.742276191711426,-12.992276191711426,128
test,1,The lively [wugs],The lively [wug],-12.380409240722656,-14.942909240722656,-10.391111373901367,-9.641111373901367,-10.666168212890625,-11.416168212890625,128
test,0,The fierce [wug],The fierce [wugs],-16.12925910949707,-19.11363410949707,-17.983184814453125,-15.514434814453125,-16.603544235229492,-14.947295188903809,128
test,1,The fierce [wugs],The fierce [wug],-15.514434814453125,-17.983184814453125,-19.11363410949707,-16.12925910949707,-18.98832130432129,-17.51957130432129,128
test,0,The shy [wug],The shy [wugs],-17.231319427490234,-14.731318473815918,-17.966983795166016,-14.123234748840332,-18.479337692260742,-16.885587692260742,128
test,1,The shy [wugs],The shy [wug],-14.123234748840332,-17.966983795166016,-14.731318473815918,-17.231319427490234,-13.916034698486328,-18.697284698486328,128
test,0,The strange [wug],The strange [wugs],-15.01417064666748,-15.13917064666748,-16.361740112304688,-14.674239158630371,-16.10100555419922,-15.101005554199219,128
test,1,The strange [wugs],The strange [wug],-14.674239158630371,-16.361740112304688,-15.13917064666748,-15.01417064666748,-15.464807510375977,-15.652307510375977,128
test,0,The curious [wug],The curious [wugs],-12.99873161315918,-16.43623161315918,-19.324893951416016,-15.4186429977417,-20.648958206176758,-16.367708206176758,128
test,1,The curious [wugs],The curious [wug],-15.4186429977417,-19.324893951416016,-16.43623161315918,-12.99873161315918,-16.65447235107422,-14.341972351074219,128
test,0,The strange [wug],The strange [wugs],-12.26417064666748,-16.264171600341797,-16.549240112304688,-15.174239158630371,-16.28850555419922,-15.851005554199219,128
test,1,The strange [wugs],The strange [wug],-15.174239158630371,-16.549240112304688,-16.264171600341797,-12.26417064666748,-15.214807510375977,-12.464807510375977,128
test,0,The graceful [wug],The graceful [wugs],-18.45098114013672,-16.10723114013672,-19.357576370239258,-16.138826370239258,-20.148426055908203,-18.132801055908203,128
test,1,The graceful [wugs],The graceful [wug],-16.138826370239258,-19.357576370239258,-16.10723114013672,-18.45098114013672,-15.91408920288086,-19.03908920288086,128
test,0,The fierce [wug],The fierce [wugs],-12.81675910949707,-13.69175910949707,-15.576934814453125,-14.076934814453125,-14.697295188903809,-13.884795188903809,128
test,1,The fierce [wugs],The fierce [wug],-14.076934814453125,-15.576934814453125,-13.69175910949707,-12.81675910949707,-13.488321304321289,-13.488321304321289,128
test,0,The tiny [wug],The tiny [wugs],-12.579927444458008,-18.079927444458008,-17.803524017333984,-15.928523063659668,-17.29331398010254,-15.855813980102539,128
test,1,The tiny [wugs],The tiny [wug],-15.928523063659668,-17.803524017333984,-18.079927444458008,-12.579927444458008,-17.921899795532227,-14.57814884185791,128
test,0,The fierce [wug],The fierce [wugs],-13.19175910949707,-15.25425910949707,-16.826934814453125,-13.014434814453125,-16.009794235229492,-13.134795188903809,128
test,1,The fierce [wugs],The fierce [wug],-13.014434814453125,-16.826934814453125,-15.25425910949707,-13.19175910949707,-14.113321304321289,-14.988321304321289,128
test,0,The bold [wug],The bold [wugs],-10.762627601623535,-15.137627601623535,-14.95422077178955,-11.51672077178955,-14.623125076293945,-11.935625076293945,128
test,1,The bold [wugs],The bold [wug],-11.51672077178955,-14.95422077178955,-15.137627601623535,-10.762627601623535,-12.403493881225586,-11.153493881225586,128
test,0,The clumsy [wug],The clumsy [wugs],-17.077613830566406,-19.296363830566406,-18.309450149536133,-14.309450149536133,-18.353805541992188,-16.228805541992188,128
test,1,The clumsy [wugs],The clumsy [wug],-14.309450149536133,-18.309450149536133,-19.296363830566406,-17.077613830566406,-18.08905792236328,-18.08905792236328,128
test,0,The shy [wug],The shy [wugs],-13.168818473815918,-15.856318473815918,-15.248234748840332,-12.248234748840332,-16.916837692260742,-16.104337692260742,128
test,1,The shy [wugs],The shy [wug],-12.248234748840332,-15.248234748840332,-15.856318473815918,-13.168818473815918,-16.103534698486328,-16.166034698486328,128
test,0,The wary [wug],The wary [wugs],-13.869730949401855,-13.369730949401855,-16.209747314453125,-13.334747314453125,-15.421307563781738,-13.983807563781738,128
test,1,The wary [wugs],The wary [wug],-13.334747314453125,-16.209747314453125,-13.369730949401855,-13.869730949401855,-14.447943687438965,-15.010443687438965,128
test,0,The clever [wug],The clever [wugs],-17.758203506469727,-19.898828506469727,-20.544879913330078,-19.349567413330078,-20.79811668395996,-20.70339012145996,128
test,1,The clever [wugs],The clever [wug],-19.349567413330078,-20.544879913330078,-19.898828506469727,-17.758203506469727,-20.002904891967773,-18.799779891967773,128
test,0,The wary [wug],The wary [wugs],-15.307230949401855,-15.494730949401855,-15.022247314453125,-13.209747314453125,-14.358807563781738,-13.671307563781738,128
test,1,The wary [wugs],The wary [wug],-13.209747314453125,-15.022247314453125,-15.494730949401855,-15.307230949401855,-15.760443687438965,-16.19794464111328,128
test,0,The restless [wug],The restless [wugs],-15.596124649047852,-15.533624649047852,-17.368379592895508,-12.993379592895508,-15.19328784942627,-11.94328784942627,128
test,1,The restless [wugs],The restless [wug],-12.993379592895508,-17.368379592895508,-15.533624649047852,-15.596124649047852,-13.243422508239746,-16.93092155456543,128
test,0,The lively [wug],The lively [wugs],-12.516111373901367,-13.953611373901367,-16.255409240722656,-12.192909240722656,-16.523527145385742,-13.304776191711426,128
test,1,The lively [wugs],The lively [wug],-12.192909240722656,-16.255409240722656,-13.953611373901367,-12.516111373901367,-12.791168212890625,-13.728668212890625,128
test,0,The curious [wug],The curious [wugs],-17.21748161315918,-17.87373161315918,-17.981143951416016,-16.199893951416016,-17.430208206176758,-16.273958206176758,128
test,1,The curious [wugs],The curious [wug],-16.199893951416016,-17.981143951416016,-17.87373161315918,-17.21748161315918,-17.18572235107422,-17.96697235107422,128
test,0,The spotted [wug],The spotted [wugs],-14.308247566223145,-18.21449851989746,-15.32303524017334,-14.04178524017334,-14.364341735839844,-14.864341735839844,128
test,1,The spotted [wugs],The spotted [wug],-14.04178524017334,-15.32303524017334,-18.21449851989746,-14.308247566223145,-15.779269218444824,-15.966769218444824,128
test,0,The sturdy [wug],The sturdy [wugs],-14.79768180847168,-15.17268180847168,-15.349377632141113,-11.786877632141113,-14.833251953125,-12.145751953125,128
test,1,The sturdy [wugs],The sturdy [wug],-11.786877632141113,-15.349377632141113,-15.17268180847168,-14.79768180847168,-16.216405868530273,-16.966405868530273,128
test,0,The gentle [wug],The gentle [wugs],-2.843046188354492,-8.405546188354492,-6.153310298919678,-3.1533102989196777,-4.4675612449646,-2.7175612449645996,128
test,1,The gentle [wugs],The gentle [wug],-3.1533102989196777,-6.153310298919678,-8.405546188354492,-2.843046188354492,-3.3606784343719482,-4.860678672790527,128
test,0,The restless [wug],The restless [wugs],-17.31487464904785,-15.846124649047852,-17.305879592895508,-12.680879592895508,-15.94328784942627,-11.75578784942627,128
test,1,The restless [wugs],The restless [wug],-12.680879592895508,-17.305879592895508,-15.846124649047852,-17.31487464904785,-14.493422508239746,-18.33717155456543,128
