split,inverse,source_input,base_input,source_logp_A,source_logp_B,base_logp_A,base_logp_B,base_intervention_logp_A,base_intervention_logp_B,n_nodes
train,0,The fuzzy monitor past the rocks beneath the chairs,The fuzzy monitors past the rock beneath the chair,-13.27368450164795,-17.273685455322266,-16.848894119262695,-15.598893165588379,-16.15155029296875,-17.08905029296875,128
train,1,The fuzzy monitors past the rock beneath the chair,The fuzzy monitor past the rocks beneath the chairs,-15.598893165588379,-16.848894119262695,-17.273685455322266,-13.27368450164795,-14.348870277404785,-14.598870277404785,128
train,0,The slender monitor beneath the logs around the columns,The slender monitors beneath the log around the column,-2.7611453533172607,-5.88614559173584,-6.588046550750732,-2.0880465507507324,-4.262848377227783,-3.262848138809204,128
train,1,The slender monitors beneath the log around the column,The slender monitor beneath the logs around the columns,-2.0880465507507324,-6.588046550750732,-5.88614559173584,-2.7611453533172607,-2.722473621368408,-3.722473621368408,128
train,0,The timid panda past the barrels beneath the statues,The timid pandas past the barrel beneath the statue,-7.773468494415283,-9.773468971252441,-9.93205451965332,-8.68205451965332,-9.416913986206055,-11.416913986206055,128
train,1,The timid pandas past the barrel beneath the statue,The timid panda past the barrels beneath the statues,-8.68205451965332,-9.93205451965332,-9.773468971252441,-7.773468494415283,-7.903566837310791,-8.653566360473633,128
train,0,The fuzzy lion behind the crates past the barrels,The fuzzy lions behind the crate past the barrel,-17.158597946166992,-19.721097946166992,-18.252395629882812,-17.033645629882812,-17.77023696899414,-18.52023696899414,128
train,1,The fuzzy lions behind the crate past the barrel,The fuzzy lion behind the crates past the barrels,-17.033645629882812,-18.252395629882812,-19.721097946166992,-17.158597946166992,-17.65565299987793,-17.84315299987793,128
train,0,The slender shark outside the pots behind the pans,The slender sharks outside the pot behind the pan,-4.460411071777344,-9.210411071777344,-5.195598125457764,-4.195598125457764,-3.997786045074463,-7.747786045074463,128
train,1,The slender sharks outside the pot behind the pan,The slender shark outside the pots behind the pans,-4.195598125457764,-5.195598125457764,-9.210411071777344,-4.460411071777344,-4.863165855407715,-5.488165855407715,128
train,0,The calm kitten around the columns outside the towers,The calm kittens around the column outside the tower,-5.332614421844482,-9.64511489868164,-6.001725673675537,-3.251725673675537,-4.507385730743408,-5.882385730743408,128
train,1,The calm kittens around the column outside the tower,The calm kitten around the columns outside the towers,-3.251725673675537,-6.001725673675537,-9.64511489868164,-5.332614421844482,-5.352393627166748,-5.977393627166748,128
train,0,The nervous rat outside the clocks behind the plants,The nervous rats outside the clock behind the plant,-8.756101608276367,-12.818601608276367,-10.19054889678955,-6.440548419952393,-8.282256126403809,-8.907256126403809,128
train,1,The nervous rats outside the clock behind the plant,The nervous rat outside the clocks behind the plants,-6.440548419952393,-10.19054889678955,-12.818601608276367,-8.756101608276367,-8.13416576385498,-9.75916576385498,128
train,0,The small rabbit beneath the boilers around the tanks,The small rabbits beneath the boiler around the tank,-12.821112632751465,-15.946112632751465,-16.671363830566406,-13.827613830566406,-14.65090560913086,-14.83840560913086,128
train,1,The small rabbits beneath the boiler around the tank,The small rabbit beneath the boilers around the tanks,-13.827613830566406,-16.671363830566406,-15.946112632751465,-12.821112632751465,-13.303851127624512,-13.928851127624512,128
train,0,The quiet chick outside the pipes behind the valves,The quiet chicks outside the pipe behind the valve,-14.050498008728027,-15.050498008728027,-14.307596206665039,-11.682596206665039,-13.716943740844727,-12.529443740844727,128
train,1,The quiet chicks outside the pipe behind the valve,The quiet chick outside the pipes behind the valves,-11.682596206665039,-14.307596206665039,-15.050498008728027,-14.050498008728027,-13.62457275390625,-14.62457275390625,128
train,0,The sleepy whale around the columns outside the towers,The sleepy whales around the column outside the tower,-15.028590202331543,-15.841090202331543,-15.381052017211914,-12.568552017211914,-14.98995304107666,-14.11495304107666,128
train,1,The sleepy whales around the column outside the tower,The sleepy whale around the columns outside the towers,-12.568552017211914,-15.381052017211914,-15.841090202331543,-15.028590202331543,-13.605510711669922,-15.293010711669922,128
train,0,The sleepy pup beneath the milestones around the thresholds,The sleepy pups beneath the milestone around the threshold,-15.395369529724121,-16.145368576049805,-18.404584884643555,-13.498334884643555,-16.843168258666992,-14.249419212341309,128
train,1,The sleepy pups beneath the milestone around the threshold,The sleepy pup beneath the milestones around the thresholds,-13.498334884643555,-18.404584884643555,-16.145368576049805,-15.395369529724121,-14.309964179992676,-16.62246322631836,128
train,0,The nervous rabbit behind the windows past the crates,The nervous rabbits behind the window past the crate,-16.98830223083496,-18.55080223083496,-17.695655822753906,-15.88315486907959,-17.196121215820312,-17.571121215820312,128
train,1,The nervous rabbits behind the window past the crate,The nervous rabbit behind the windows past the crates,-15.88315486907959,-17.695655822753906,-18.55080223083496,-16.98830223083496,-16.71106719970703,-17.55481719970703,128
train,0,The quiet dog past the barrels beneath the statues,The quiet dogs past the barrel beneath the statue,-17.01435089111328,-18.38935089111328,-17.190120697021484,-16.190120697021484,-16.67737579345703,-16.92737579345703,128
train,1,The quiet dogs past the barrel beneath the statue,The quiet dog past the barrels beneath the statues,-16.190120697021484,-17.190120697021484,-18.38935089111328,-17.01435089111328,-17.456432342529297,-17.456432342529297,128
train,0,The quiet dolphin beneath the chairs around the carts,The quiet dolphins beneath the chair around the cart,-15.083401679992676,-15.645901679992676,-16.7955379486084,-15.389286994934082,-16.46457290649414,-15.933323860168457,128
train,1,The quiet dolphins beneath the chair around the cart,The quiet dolphin beneath the chairs around the carts,-15.389286994934082,-16.7955379486084,-15.645901679992676,-15.083401679992676,-14.6546049118042,-16.092105865478516,128
train,0,The timid cow outside the tables behind the houses,The timid cows outside the table behind the house,-14.258161544799805,-16.008161544799805,-15.717838287353516,-13.280338287353516,-15.524116516113281,-14.649116516113281,128
train,1,The timid cows outside the table behind the house,The timid cow outside the tables behind the houses,-13.280338287353516,-15.717838287353516,-16.008161544799805,-14.258161544799805,-13.672250747680664,-15.234750747680664,128
train,0,The small whale around the tanks outside the pipes,The small whales around the tank outside the pipe,-5.7727532386779785,-9.39775276184082,-6.85033655166626,-2.9753363132476807,-5.008477210998535,-5.508477210998535,128
train,1,The small whales around the tank outside the pipe,The small whale around the tanks outside the pipes,-2.9753363132476807,-6.85033655166626,-9.39775276184082,-5.7727532386779785,-4.2001471519470215,-6.2001471519470215,128
train,0,The nervous shark outside the pipes behind the valves,The nervous sharks outside the pipe behind the valve,-7.13778018951416,-10.51278018951416,-7.8297600746154785,-4.8297600746154785,-6.298505783081055,-6.923505783081055,128
train,1,The nervous sharks outside the pipe behind the valve,The nervous shark outside the pipes behind the valves,-4.8297600746154785,-7.8297600746154785,-10.51278018951416,-7.13778018951416,-7.1395368576049805,-8.38953685760498,128
train,0,The sleepy monitor around the belts outside the piles,The sleepy monitors around the belt outside the pile,-6.046861171722412,-7.296861171722412,-8.729225158691406,-3.0417251586914062,-6.149177551269531,-4.274177551269531,128
train,1,The sleepy monitors around the belt outside the pile,The sleepy monitor around the belts outside the piles,-3.0417251586914062,-8.729225158691406,-7.296861171722412,-6.046861171722412,-4.854173183441162,-7.729173183441162,128
train,0,The bright panda outside the benches behind the windows,The bright pandas outside the bench behind the window,-4.689783573150635,-7.564783573150635,-7.767301082611084,-3.392301082611084,-5.198371410369873,-4.948371410369873,128
train,1,The bright pandas outside the bench behind the window,The bright panda outside the benches behind the windows,-3.392301082611084,-7.767301082611084,-7.564783573150635,-4.689783573150635,-4.71077823638916,-5.96077823638916,128
train,0,The nervous chick past the screws beneath the boilers,The nervous chicks past the screw beneath the boiler,-7.75834846496582,-10.75834846496582,-7.488682270050049,-6.488682270050049,-6.599306583404541,-7.849306583404541,128
train,1,The nervous chicks past the screw beneath the boiler,The nervous chick past the screws beneath the boilers,-6.488682270050049,-7.488682270050049,-10.75834846496582,-7.75834846496582,-8.63552474975586,-8.38552474975586,128
train,0,The small dog beneath the trenches around the dams,The small dogs beneath the trench around the dam,-4.525633811950684,-8.525633811950684,-7.107063293457031,-2.232063055038452,-4.48275899887085,-3.6077589988708496,128
train,1,The small dogs beneath the trench around the dam,The small dog beneath the trenches around the dams,-2.232063055038452,-7.107063293457031,-8.525633811950684,-4.525633811950684,-4.698817253112793,-6.073817253112793,128
train,0,The nervous rabbit beneath the chairs around the carts,The nervous rabbits beneath the chair around the cart,-5.007643699645996,-9.007643699645996,-7.678267478942871,-3.053267478942871,-4.601412773132324,-5.226412773132324,128
train,1,The nervous rabbits beneath the chair around the cart,The nervous rabbit beneath the chairs around the carts,-3.053267478942871,-7.678267478942871,-9.007643699645996,-5.007643699645996,-4.799013137817383,-6.424013137817383,128
train,0,The slender frog around the towers outside the cabins,The slender frogs around the tower outside the cabin,-6.207888603210449,-9.33288860321045,-7.545428276062012,-2.670428514480591,-5.197171688079834,-4.197171688079834,128
train,1,The slender frogs around the tower outside the cabin,The slender frog around the towers outside the cabins,-2.670428514480591,-7.545428276062012,-9.33288860321045,-6.207888603210449,-4.364689826965332,-6.864689826965332,128
train,0,The bright bat around the columns outside the towers,The bright bats around the column outside the tower,-3.7582786083221436,-6.758278846740723,-4.01377010345459,-2.013770341873169,-2.5904526710510254,-4.465452671051025,128
train,1,The bright bats around the column outside the tower,The bright bat around the columns outside the towers,-2.013770341873169,-4.01377010345459,-6.758278846740723,-3.7582786083221436,-3.3325836658477783,-4.332583904266357,128
train,0,The timid rat around the benches outside the windows,The timid rats around the bench outside the window,-15.645500183105469,-17.30175018310547,-13.931885719299316,-9.994385719299316,-12.364579200744629,-11.239579200744629,128
train,1,The timid rats around the bench outside the window,The timid rat around the benches outside the windows,-9.994385719299316,-13.931885719299316,-17.30175018310547,-15.645500183105469,-14.678401947021484,-15.553401947021484,128
train,0,The quiet rat beneath the columns around the towers,The quiet rats beneath the column around the tower,-5.1092681884765625,-9.109268188476562,-7.186484336853027,-4.186484336853027,-5.316081523895264,-6.066081523895264,128
train,1,The quiet rats beneath the column around the tower,The quiet rat beneath the columns around the towers,-4.186484336853027,-7.186484336853027,-9.109268188476562,-5.1092681884765625,-5.409326553344727,-5.784326553344727,128
train,0,The small kit outside the piles behind the rushes,The small kits outside the pile behind the rush,-3.992795467376709,-7.492795467376709,-6.680243492126465,-6.055243492126465,-5.878957271575928,-8.128957748413086,128
train,1,The small kits outside the pile behind the rush,The small kit outside the piles behind the rushes,-6.055243492126465,-6.680243492126465,-7.492795467376709,-3.992795467376709,-4.199345588684082,-4.074345588684082,128
train,0,The bright shark behind the valves past the cables,The bright sharks behind the valve past the cable,-19.451677322387695,-20.389177322387695,-19.49246597290039,-18.64871597290039,-19.365489959716797,-19.584239959716797,128
train,1,The bright sharks behind the valve past the cable,The bright shark behind the valves past the cables,-18.64871597290039,-19.49246597290039,-20.389177322387695,-19.451677322387695,-19.205183029174805,-19.955183029174805,128
train,0,The nervous panda outside the clocks behind the plants,The nervous pandas outside the clock behind the plant,-17.81528663635254,-20.94028663635254,-18.924640655517578,-17.955890655517578,-18.320087432861328,-19.695087432861328,128
train,1,The nervous pandas outside the clock behind the plant,The nervous panda outside the clocks behind the plants,-17.955890655517578,-18.924640655517578,-20.94028663635254,-17.81528663635254,-19.128173828125,-19.128173828125,128
train,0,The slender dolphin past the logs beneath the columns,The slender dolphins past the log beneath the column,-14.699769020080566,-16.76226806640625,-17.01619529724121,-14.516195297241211,-15.94907283782959,-15.82407283782959,128
train,1,The slender dolphins past the log beneath the column,The slender dolphin past the logs beneath the columns,-14.516195297241211,-17.01619529724121,-16.76226806640625,-14.699769020080566,-14.38875961303711,-16.63875961303711,128
train,0,The fuzzy horse past the vines beneath the trenches,The fuzzy horses past the vine beneath the trench,-8.886314392089844,-12.073814392089844,-8.599509239196777,-8.224509239196777,-8.313230514526367,-10.125730514526367,128
train,1,The fuzzy horses past the vine beneath the trench,The fuzzy horse past the vines beneath the trenches,-8.224509239196777,-8.599509239196777,-12.073814392089844,-8.886314392089844,-9.767449378967285,-9.142449378967285,128
train,0,The calm lion around the tanks outside the pipes,The calm lions around the tank outside the pipe,-6.317043304443359,-9.31704330444336,-7.186800956726074,-4.936800956726074,-6.36860466003418,-7.11860466003418,128
train,1,The calm lions around the tank outside the pipe,The calm lion around the tanks outside the pipes,-4.936800956726074,-7.186800956726074,-9.31704330444336,-6.317043304443359,-5.660816669464111,-6.535816669464111,128
train,0,The calm shark past the crates beneath the barrels,The calm sharks past the crate beneath the barrel,-14.45888900756836,-15.77138900756836,-14.069899559020996,-13.069899559020996,-13.546313285827637,-13.983813285827637,128
train,1,The calm sharks past the crate beneath the barrel,The calm shark past the crates beneath the barrels,-13.069899559020996,-14.069899559020996,-15.77138900756836,-14.45888900756836,-14.40048599243164,-15.02548599243164,128
train,0,The timid dog beneath the columns around the towers,The timid dogs beneath the column around the tower,-13.047050476074219,-14.109550476074219,-15.433565139770508,-12.996065139770508,-14.830446243286133,-14.205446243286133,128
train,1,The timid dogs beneath the column around the tower,The timid dog beneath the columns around the towers,-12.996065139770508,-15.433565139770508,-14.109550476074219,-13.047050476074219,-12.612056732177734,-13.799556732177734,128
train,0,The small rabbit around the towers outside the cabins,The small rabbits around the tower outside the cabin,-17.353368759155273,-19.040868759155273,-19.4293212890625,-14.6168212890625,-16.836557388305664,-14.992807388305664,128
train,1,The small rabbits around the tower outside the cabin,The small rabbit around the towers outside the cabins,-14.6168212890625,-19.4293212890625,-19.040868759155273,-17.353368759155273,-15.889102935791016,-17.889102935791016,128
train,0,The small cock around the columns outside the towers,The small cocks around the column outside the tower,-4.45114803314209,-6.45114803314209,-4.953613758087158,-2.703613758087158,-3.8960683345794678,-4.521068572998047,128
train,1,The small cocks around the column outside the tower,The small cock around the columns outside the towers,-2.703613758087158,-4.953613758087158,-6.45114803314209,-4.45114803314209,-3.88885235786438,-4.513852119445801,128
train,0,The calm horse beneath the boxes around the walls,The calm horses beneath the box around the wall,-13.972443580627441,-16.222442626953125,-15.93053150177002,-14.36803150177002,-15.052628517150879,-15.552628517150879,128
train,1,The calm horses beneath the box around the wall,The calm horse beneath the boxes around the walls,-14.36803150177002,-15.93053150177002,-16.222442626953125,-13.972443580627441,-14.74897575378418,-14.87397575378418,128
train,0,The timid dolphin beneath the chairs around the carts,The timid dolphins beneath the chair around the cart,-4.062633991241455,-7.187633991241455,-7.99489164352417,-2.93239164352417,-5.260523319244385,-4.510523319244385,128
train,1,The timid dolphins beneath the chair around the cart,The timid dolphin beneath the chairs around the carts,-2.93239164352417,-7.99489164352417,-7.187633991241455,-4.062633991241455,-3.775771141052246,-7.025771141052246,128
train,0,The slender turtle beneath the boilers around the tanks,The slender turtles beneath the boiler around the tank,-2.6974434852600098,-6.44744348526001,-6.030983924865723,-2.0309839248657227,-3.634176254272461,-3.259176254272461,128
train,1,The slender turtles beneath the boiler around the tank,The slender turtle beneath the boilers around the tanks,-2.0309839248657227,-6.030983924865723,-6.44744348526001,-2.6974434852600098,-2.3554582595825195,-3.9804582595825195,128
train,0,The small kit around the towers outside the cabins,The small kits around the tower outside the cabin,-13.663695335388184,-17.444944381713867,-15.758856773376465,-14.883856773376465,-14.661378860473633,-16.098878860473633,128
train,1,The small kits around the tower outside the cabin,The small kit around the towers outside the cabins,-14.883856773376465,-15.758856773376465,-17.444944381713867,-13.663695335388184,-15.63809871673584,-14.07559871673584,128
train,0,The calm monitor behind the bolts past the screws,The calm monitors behind the bolt past the screw,-8.526568412780762,-10.526568412780762,-7.891894340515137,-7.641894340515137,-7.580259799957275,-9.392760276794434,128
train,1,The calm monitors behind the bolt past the screw,The calm monitor behind the bolts past the screws,-7.641894340515137,-7.891894340515137,-10.526568412780762,-8.526568412780762,-8.913328170776367,-8.913328170776367,128
train,0,The fuzzy cow around the towers outside the cabins,The fuzzy cows around the tower outside the cabin,-4.055388450622559,-7.180388450622559,-6.813706874847412,-2.938707113265991,-5.144734859466553,-4.144734859466553,128
train,1,The fuzzy cows around the tower outside the cabin,The fuzzy cow around the towers outside the cabins,-2.938707113265991,-6.813706874847412,-7.180388450622559,-4.055388450622559,-3.4418416023254395,-5.1918416023254395,128
train,0,The small rabbit beneath the milestones around the thresholds,The small rabbits beneath the milestone around the threshold,-4.693413257598877,-7.318413257598877,-8.429938316345215,-4.054938316345215,-6.264033794403076,-5.264033794403076,128
train,1,The small rabbits beneath the milestone around the threshold,The small rabbit beneath the milestones around the thresholds,-4.054938316345215,-8.429938316345215,-7.318413257598877,-4.693413257598877,-4.688380718231201,-6.313380718231201,128
train,0,The timid doe outside the tables behind the houses,The timid does outside the table behind the house,-14.831998825073242,-15.581998825073242,-19.98204803466797,-19.16954803466797,-19.948322296142578,-19.323322296142578,128
train,1,The timid does outside the table behind the house,The timid doe outside the tables behind the houses,-19.16954803466797,-19.98204803466797,-15.581998825073242,-14.831998825073242,-15.370774269104004,-15.058274269104004,128
train,0,The quiet dog outside the pipes behind the valves,The quiet dogs outside the pipe behind the valve,-12.99977970123291,-14.62477970123291,-11.679064750671387,-10.304064750671387,-11.53685188293457,-10.97435188293457,128
train,1,The quiet dogs outside the pipe behind the valve,The quiet dog outside the pipes behind the valves,-10.304064750671387,-11.679064750671387,-14.62477970123291,-12.99977970123291,-13.404655456542969,-12.967155456542969,128
train,0,The slender dog behind the cars past the boxes,The slender dogs behind the car past the box,-6.0668110847473145,-9.191811561584473,-8.491846084594727,-5.241845607757568,-7.421706676483154,-7.421706676483154,128
train,1,The slender dogs behind the car past the box,The slender dog behind the cars past the boxes,-5.241845607757568,-8.491846084594727,-9.191811561584473,-6.0668110847473145,-6.686124801635742,-6.811124801635742,128
train,0,The bright turtle outside the piles behind the rushes,The bright turtles outside the pile behind the rush,-5.396538734436035,-8.771538734436035,-7.7863078117370605,-5.7863078117370605,-6.2781572341918945,-7.7156572341918945,128
train,1,The bright turtles outside the pile behind the rush,The bright turtle outside the piles behind the rushes,-5.7863078117370605,-7.7863078117370605,-8.771538734436035,-5.396538734436035,-4.34766149520874,-6.22266149520874,128
train,0,The calm kitten beneath the milestones around the thresholds,The calm kittens beneath the milestone around the threshold,-5.6508870124816895,-9.025886535644531,-7.62285041809082,-5.12285041809082,-5.983448028564453,-6.608448028564453,128
train,1,The calm kittens beneath the milestone around the threshold,The calm kitten beneath the milestones around the thresholds,-5.12285041809082,-7.62285041809082,-9.025886535644531,-5.6508870124816895,-6.214344501495361,-6.714344501495361,128
train,0,The bright monitor beneath the logs around the columns,The bright monitors beneath the log around the column,-11.689430236816406,-14.689430236816406,-13.925792694091797,-12.550792694091797,-12.867849349975586,-13.117849349975586,128
train,1,The bright monitors beneath the log around the column,The bright monitor beneath the logs around the columns,-12.550792694091797,-13.925792694091797,-14.689430236816406,-11.689430236816406,-12.802155494689941,-13.802155494689941,128
train,0,The quiet kitten behind the signs past the nests,The quiet kittens behind the sign past the nest,-15.449700355529785,-18.01219940185547,-17.10114860534668,-15.413647651672363,-16.157678604125977,-16.720178604125977,128
train,1,The quiet kittens behind the sign past the nest,The quiet kitten behind the signs past the nests,-15.413647651672363,-17.10114860534668,-18.01219940185547,-15.449700355529785,-16.077497482299805,-16.827497482299805,128
train,0,The small lion behind the bolts past the screws,The small lions behind the bolt past the screw,-7.637851238250732,-10.57535171508789,-8.396785736083984,-5.959285736083984,-7.29946231842041,-7.67446231842041,128
train,1,The small lions behind the bolt past the screw,The small lion behind the bolts past the screws,-5.959285736083984,-8.396785736083984,-10.57535171508789,-7.637851238250732,-7.515057563781738,-8.765057563781738,128
train,0,The fuzzy rat around the carts outside the benches,The fuzzy rats around the cart outside the bench,-4.013054847717285,-6.013054847717285,-7.567224025726318,-2.5672237873077393,-4.8547043800354,-3.7297043800354004,128
train,1,The fuzzy rats around the cart outside the bench,The fuzzy rat around the carts outside the benches,-2.5672237873077393,-7.567224025726318,-6.013054847717285,-4.013054847717285,-3.3991880416870117,-5.149188041687012,128
train,0,The slender lion outside the piles behind the rushes,The slender lions outside the pile behind the rush,-14.358763694763184,-17.1712646484375,-14.500117301940918,-13.718867301940918,-13.82925796508789,-13.64175796508789,128
train,1,The slender lions outside the pile behind the rush,The slender lion outside the piles behind the rushes,-13.718867301940918,-14.500117301940918,-17.1712646484375,-14.358763694763184,-15.269041061401367,-15.769041061401367,128
train,0,The fuzzy lion behind the valves past the cables,The fuzzy lions behind the valve past the cable,-8.256645202636719,-11.756645202636719,-7.861077308654785,-6.361077308654785,-7.434922695159912,-9.059922218322754,128
train,1,The fuzzy lions behind the valve past the cable,The fuzzy lion behind the valves past the cables,-6.361077308654785,-7.861077308654785,-11.756645202636719,-8.256645202636719,-8.633124351501465,-8.883124351501465,128
train,0,The nervous kit behind the windows past the crates,The nervous kits behind the window past the crate,-7.526162147521973,-10.401162147521973,-7.344498634338379,-6.969498634338379,-6.8153076171875,-9.0653076171875,128
train,1,The nervous kits behind the window past the crate,The nervous kit behind the windows past the crates,-6.969498634338379,-7.344498634338379,-10.401162147521973,-7.526162147521973,-8.4198579788208,-7.419857978820801,128
train,0,The nervous turtle behind the rushes past the vines,The nervous turtles behind the rush past the vine,-10.598974227905273,-11.723974227905273,-8.133909225463867,-7.196409225463867,-7.837434768676758,-8.774934768676758,128
train,1,The nervous turtles behind the rush past the vine,The nervous turtle behind the rushes past the vines,-7.196409225463867,-8.133909225463867,-11.723974227905273,-10.598974227905273,-9.924622535705566,-10.299622535705566,128
train,0,The nervous dog beneath the columns around the towers,The nervous dogs beneath the column around the tower,-4.788575172424316,-8.976075172424316,-6.701591491699219,-3.5765914916992188,-5.260622501373291,-5.260622501373291,128
train,1,The nervous dogs beneath the column around the tower,The nervous dog beneath the columns around the towers,-3.5765914916992188,-6.701591491699219,-8.976075172424316,-4.788575172424316,-5.356787204742432,-5.356787204742432,128
train,0,The small kit around the walls outside the tables,The small kits around the wall outside the table,-4.1835222244262695,-6.3085222244262695,-6.361422538757324,-3.736422538757324,-5.140732765197754,-5.390732765197754,128
train,1,The small kits around the wall outside the table,The small kit around the walls outside the tables,-3.736422538757324,-6.361422538757324,-6.3085222244262695,-4.1835222244262695,-3.729228973388672,-4.354228973388672,128
train,0,The sleepy monitor beneath the boxes around the walls,The sleepy monitors beneath the box around the wall,-5.3925628662109375,-8.642562866210938,-7.782286643981934,-4.657286643981934,-6.183276176452637,-5.933276176452637,128
train,1,The sleepy monitors beneath the box around the wall,The sleepy monitor beneath the boxes around the walls,-4.657286643981934,-7.782286643981934,-8.642562866210938,-5.3925628662109375,-5.766295909881592,-6.016295909881592,128
train,0,The nervous shark around the thresholds outside the drums,The nervous sharks around the threshold outside the drum,-18.54535484313965,-18.95160484313965,-16.89333724975586,-14.23708724975586,-15.798073768615723,-15.329323768615723,128
train,1,The nervous sharks around the threshold outside the drum,The nervous shark around the thresholds outside the drums,-14.23708724975586,-16.89333724975586,-18.95160484313965,-18.54535484313965,-17.216341018676758,-19.372591018676758,128
train,0,The quiet panda behind the signs past the nests,The quiet pandas behind the sign past the nest,-13.594467163085938,-15.406967163085938,-14.612457275390625,-12.737457275390625,-13.81311321258545,-14.75061321258545,128
train,1,The quiet pandas behind the sign past the nest,The quiet panda behind the signs past the nests,-12.737457275390625,-14.612457275390625,-15.406967163085938,-13.594467163085938,-12.557750701904297,-14.307750701904297,128
train,0,The calm panda around the tanks outside the pipes,The calm pandas around the tank outside the pipe,-6.415428161621094,-9.165428161621094,-7.0028076171875,-5.5028076171875,-6.516679286956787,-7.766679286956787,128
train,1,The calm pandas around the tank outside the pipe,The calm panda around the tanks outside the pipes,-5.5028076171875,-7.0028076171875,-9.165428161621094,-6.415428161621094,-6.321024417877197,-6.821024417877197,128
train,0,The bright rat behind the pans past the cars,The bright rats behind the pan past the car,-8.385525703430176,-11.323025703430176,-7.546758651733398,-6.171758651733398,-6.896183967590332,-10.083683967590332,128
train,1,The bright rats behind the pan past the car,The bright rat behind the pans past the cars,-6.171758651733398,-7.546758651733398,-11.323025703430176,-8.385525703430176,-9.012345314025879,-9.262345314025879,128
train,0,The fuzzy bat behind the clocks past the plants,The fuzzy bats behind the clock past the plant,-15.718433380126953,-17.780933380126953,-16.222841262817383,-16.097841262817383,-15.950918197631836,-17.325918197631836,128
train,1,The fuzzy bats behind the clock past the plant,The fuzzy bat behind the clocks past the plants,-16.097841262817383,-16.222841262817383,-17.780933380126953,-15.718433380126953,-15.665081024169922,-16.852581024169922,128
train,0,The timid rat behind the signs past the nests,The timid rats behind the sign past the nest,-5.992233753204346,-8.742233276367188,-9.376519203186035,-4.251519203186035,-6.503387928009033,-5.878387928009033,128
train,1,The timid rats behind the sign past the nest,The timid rat behind the signs past the nests,-4.251519203186035,-9.376519203186035,-8.742233276367188,-5.992233753204346,-5.264036178588867,-7.514036178588867,128
train,0,The timid cow around the benches outside the windows,The timid cows around the bench outside the window,-12.306720733642578,-13.369220733642578,-13.914718627929688,-9.539718627929688,-12.818559646606445,-10.256059646606445,128
train,1,The timid cows around the bench outside the window,The timid cow around the benches outside the windows,-9.539718627929688,-13.914718627929688,-13.369220733642578,-12.306720733642578,-11.464262008666992,-12.839262008666992,128
train,0,The slender bat behind the cabins past the signs,The slender bats behind the cabin past the sign,-6.930886268615723,-9.055886268615723,-8.437966346740723,-6.437966823577881,-7.307919025421143,-8.245418548583984,128
train,1,The slender bats behind the cabin past the sign,The slender bat behind the cabins past the signs,-6.437966823577881,-8.437966346740723,-9.055886268615723,-6.930886268615723,-6.679830074310303,-8.304830551147461,128
train,0,The quiet pup around the thresholds outside the drums,The quiet pups around the threshold outside the drum,-7.4147443771362305,-9.85224437713623,-5.957919597625732,-5.207919597625732,-4.54741096496582,-6.67241096496582,128
train,1,The quiet pups around the threshold outside the drum,The quiet pup around the thresholds outside the drums,-5.207919597625732,-5.957919597625732,-9.85224437713623,-7.4147443771362305,-7.074501037597656,-8.324501037597656,128
train,0,The fuzzy frog past the chairs beneath the carts,The fuzzy frogs past the chair beneath the cart,-8.136276245117188,-10.636276245117188,-7.496190547943115,-5.996190547943115,-6.323503017425537,-8.511003494262695,128
train,1,The fuzzy frogs past the chair beneath the cart,The fuzzy frog past the chairs beneath the carts,-5.996190547943115,-7.496190547943115,-10.636276245117188,-8.136276245117188,-8.886758804321289,-9.386758804321289,128
train,0,The sleepy rat around the stools outside the clocks,The sleepy rats around the stool outside the clock,-12.252803802490234,-13.252803802490234,-13.52033805847168,-10.58283805847168,-11.232280731201172,-9.919780731201172,128
train,1,The sleepy rats around the stool outside the clock,The sleepy rat around the stools outside the clocks,-10.58283805847168,-13.52033805847168,-13.252803802490234,-12.252803802490234,-10.881170272827148,-12.568670272827148,128
train,0,The bright monitor outside the cabins behind the signs,The bright monitors outside the cabin behind the sign,-5.022961616516113,-7.647961616516113,-7.838977336883545,-3.838977098464966,-6.120565414428711,-4.995565414428711,128
train,1,The bright monitors outside the cabin behind the sign,The bright monitor outside the cabins behind the signs,-3.838977098464966,-7.838977336883545,-7.647961616516113,-5.022961616516113,-4.368315696716309,-6.493315696716309,128
train,0,The slender monitor around the carts outside the benches,The slender monitors around the cart outside the bench,-2.016331911087036,-4.766331672668457,-7.397670745849609,-1.3976707458496094,-3.9571213722229004,-2.2071213722229004,128
train,1,The slender monitors around the cart outside the bench,The slender monitor around the carts outside the benches,-1.3976707458496094,-7.397670745849609,-4.766331672668457,-2.016331911087036,-1.6301099061965942,-3.0051097869873047,128
train,0,The nervous frog outside the tables behind the houses,The nervous frogs outside the table behind the house,-5.4083476066589355,-8.658347129821777,-8.034582138061523,-4.534582138061523,-6.593404293060303,-6.343404293060303,128
train,1,The nervous frogs outside the table behind the house,The nervous frog outside the tables behind the houses,-4.534582138061523,-8.034582138061523,-8.658347129821777,-5.4083476066589355,-5.102581024169922,-6.477581024169922,128
train,0,The bright lion around the tables outside the houses,The bright lions around the table outside the house,-18.42488670349121,-19.73738670349121,-17.32929229736328,-14.923042297363281,-16.862186431884766,-16.580936431884766,128
train,1,The bright lions around the table outside the house,The bright lion around the tables outside the houses,-14.923042297363281,-17.32929229736328,-19.73738670349121,-18.42488670349121,-17.661293029785156,-18.723793029785156,128
train,0,The sleepy kit beneath the boilers around the tanks,The sleepy kits beneath the boiler around the tank,-3.9777894020080566,-6.727789402008057,-5.462958812713623,-4.087958812713623,-4.791674613952637,-5.541674613952637,128
train,1,The sleepy kits beneath the boiler around the tank,The sleepy kit beneath the boilers around the tanks,-4.087958812713623,-5.462958812713623,-6.727789402008057,-3.9777894020080566,-4.862677574157715,-4.237677574157715,128
train,0,The nervous dog past the screws beneath the boilers,The nervous dogs past the screw beneath the boiler,-8.639204025268555,-11.639204025268555,-7.362086772918701,-7.112086772918701,-6.474551677703857,-8.349552154541016,128
train,1,The nervous dogs past the screw beneath the boiler,The nervous dog past the screws beneath the boilers,-7.112086772918701,-7.362086772918701,-11.639204025268555,-8.639204025268555,-10.268875122070312,-9.393875122070312,128
train,0,The timid panda outside the pipes behind the valves,The timid pandas outside the pipe behind the valve,-2.987356185913086,-5.612356185913086,-6.74196720123291,-2.3669674396514893,-3.8004653453826904,-3.3004653453826904,128
train,1,The timid pandas outside the pipe behind the valve,The timid panda outside the pipes behind the valves,-2.3669674396514893,-6.74196720123291,-5.612356185913086,-2.987356185913086,-2.760477304458618,-5.010477542877197,128
train,0,The bright bat outside the benches behind the windows,The bright bats outside the bench behind the window,-4.047117233276367,-7.547117233276367,-6.895820140838623,-3.145819902420044,-4.146661758422852,-5.771661758422852,128
train,1,The bright bats outside the bench behind the window,The bright bat outside the benches behind the windows,-3.145819902420044,-6.895820140838623,-7.547117233276367,-4.047117233276367,-4.211711883544922,-5.211711883544922,128
train,0,The slender bat outside the drums behind the bolts,The slender bats outside the drum behind the bolt,-5.348650932312012,-8.098650932312012,-6.596960067749023,-2.9719600677490234,-3.758723258972168,-5.008723258972168,128
train,1,The slender bats outside the drum behind the bolt,The slender bat outside the drums behind the bolts,-2.9719600677490234,-6.596960067749023,-8.098650932312012,-5.348650932312012,-4.394381523132324,-7.519381523132324,128
train,0,The small monitor outside the benches behind the windows,The small monitors outside the bench behind the window,-2.71801495552063,-8.46801471710205,-7.143777370452881,-2.018777370452881,-3.721330404281616,-3.346330404281616,128
train,1,The small monitors outside the bench behind the window,The small monitor outside the benches behind the windows,-2.018777370452881,-7.143777370452881,-8.46801471710205,-2.71801495552063,-2.845421314239502,-3.970421314239502,128
train,0,The quiet chick outside the pipes behind the valves,The quiet chicks outside the pipe behind the valve,-4.612998008728027,-8.487998008728027,-6.620096683502197,-3.7450966835021973,-5.154443740844727,-4.779443740844727,128
train,1,The quiet chicks outside the pipe behind the valve,The quiet chick outside the pipes behind the valves,-3.7450966835021973,-6.620096683502197,-8.487998008728027,-4.612998008728027,-5.499572277069092,-4.999572277069092,128
train,0,The calm doe beneath the boxes around the walls,The calm does beneath the box around the wall,-15.180828094482422,-16.930828094482422,-18.271188735961914,-17.646188735961914,-18.370189666748047,-17.932689666748047,128
train,1,The calm does beneath the box around the wall,The calm doe beneath the boxes around the walls,-17.646188735961914,-18.271188735961914,-16.930828094482422,-15.180828094482422,-16.401649475097656,-15.15164852142334,128
train,0,The small rat beneath the carts around the benches,The small rats beneath the cart around the bench,-3.300694465637207,-6.675694465637207,-7.53398323059082,-2.9089832305908203,-4.802612781524658,-4.427612781524658,128
train,1,The small rats beneath the cart around the bench,The small rat beneath the carts around the benches,-2.9089832305908203,-7.53398323059082,-6.675694465637207,-3.300694465637207,-2.597062110900879,-4.972062110900879,128
train,0,The nervous dog around the benches outside the windows,The nervous dogs around the bench outside the window,-7.520052433013916,-10.520052909851074,-8.604333877563477,-4.604334354400635,-6.805948734283447,-6.680948734283447,128
train,1,The nervous dogs around the bench outside the window,The nervous dog around the benches outside the windows,-4.604334354400635,-8.604333877563477,-10.520052909851074,-7.520052433013916,-7.78998327255249,-8.039982795715332,128
train,0,The timid kitten outside the tables behind the houses,The timid kittens outside the table behind the house,-11.338703155517578,-13.276203155517578,-14.677021026611328,-9.989521026611328,-12.531009674072266,-11.156009674072266,128
train,1,The timid kittens outside the table behind the house,The timid kitten outside the tables behind the houses,-9.989521026611328,-14.677021026611328,-13.276203155517578,-11.338703155517578,-10.992855072021484,-12.555355072021484,128
train,0,The fuzzy rat behind the valves past the cables,The fuzzy rats behind the valve past the cable,-8.506643295288086,-11.506643295288086,-8.503766059875488,-6.6287665367126465,-7.451589584350586,-8.701589584350586,128
train,1,The fuzzy rats behind the valve past the cable,The fuzzy rat behind the valves past the cables,-6.6287665367126465,-8.503766059875488,-11.506643295288086,-8.506643295288086,-9.257822036743164,-9.132822036743164,128
train,0,The bright rabbit outside the cabins behind the signs,The bright rabbits outside the cabin behind the sign,-7.045121669769287,-9.732622146606445,-8.653836250305176,-4.528836250305176,-7.191277027130127,-5.816277027130127,128
train,1,The bright rabbits outside the cabin behind the sign,The bright rabbit outside the cabins behind the signs,-4.528836250305176,-8.653836250305176,-9.732622146606445,-7.045121669769287,-6.68130350112915,-8.056303977966309,128
train,0,The timid kit beneath the columns around the towers,The timid kits beneath the column around the tower,-12.984131813049316,-13.609131813049316,-13.595430374145508,-11.345430374145508,-13.528450965881348,-12.028450965881348,128
train,1,The timid kits beneath the column around the tower,The timid kit beneath the columns around the towers,-11.345430374145508,-13.595430374145508,-13.609131813049316,-12.984131813049316,-12.870450019836426,-12.995450019836426,128
train,0,The fuzzy panda outside the cabins behind the signs,The fuzzy pandas outside the cabin behind the sign,-12.797438621520996,-14.922438621520996,-13.507467269897461,-11.694967269897461,-11.683263778686523,-13.370763778686523,128
train,1,The fuzzy pandas outside the cabin behind the sign,The fuzzy panda outside the cabins behind the signs,-11.694967269897461,-13.507467269897461,-14.922438621520996,-12.797438621520996,-13.119115829467773,-13.431615829467773,128
train,0,The sleepy lion past the vines beneath the trenches,The sleepy lions past the vine beneath the trench,-8.887706756591797,-12.762706756591797,-9.095561027526855,-8.720561027526855,-8.753790855407715,-10.378790855407715,128
train,1,The sleepy lions past the vine beneath the trench,The sleepy lion past the vines beneath the trenches,-8.720561027526855,-9.095561027526855,-12.762706756591797,-8.887706756591797,-9.394065856933594,-9.644065856933594,128
train,0,The timid pup past the screws beneath the boilers,The timid pups past the screw beneath the boiler,-8.258413314819336,-11.633413314819336,-7.316405296325684,-6.128905296325684,-6.323756694793701,-7.823756694793701,128
train,1,The timid pups past the screw beneath the boiler,The timid pup past the screws beneath the boilers,-6.128905296325684,-7.316405296325684,-11.633413314819336,-8.258413314819336,-9.137550354003906,-9.637550354003906,128
train,0,The calm rabbit past the crates beneath the barrels,The calm rabbits past the crate beneath the barrel,-18.048770904541016,-18.361270904541016,-19.212434768676758,-16.681184768676758,-18.420001983642578,-17.513751983642578,128
train,1,The calm rabbits past the crate beneath the barrel,The calm rabbit past the crates beneath the barrels,-16.681184768676758,-19.212434768676758,-18.361270904541016,-18.048770904541016,-17.002180099487305,-18.252180099487305,128
train,0,The calm rabbit past the logs beneath the columns,The calm rabbits past the log beneath the column,-7.033825874328613,-9.658825874328613,-8.8075590133667,-7.807558536529541,-7.9248366355896,-9.549836158752441,128
train,1,The calm rabbits past the log beneath the column,The calm rabbit past the logs beneath the columns,-7.807558536529541,-8.8075590133667,-9.658825874328613,-7.033825874328613,-7.540405750274658,-7.790405750274658,128
train,0,The small rat around the walls outside the tables,The small rats around the wall outside the table,-6.554694652557373,-8.929695129394531,-8.101249694824219,-3.226250171661377,-5.590053558349609,-5.340053558349609,128
train,1,The small rats around the wall outside the table,The small rat around the walls outside the tables,-3.226250171661377,-8.101249694824219,-8.929695129394531,-6.554694652557373,-4.4222187995910645,-7.4222187995910645,128
train,0,The timid panda around the statues outside the stools,The timid pandas around the statue outside the stool,-12.33965015411377,-13.65215015411377,-14.244656562805176,-10.432156562805176,-13.187812805175781,-12.500312805175781,128
train,1,The timid pandas around the statue outside the stool,The timid panda around the statues outside the stools,-10.432156562805176,-14.244656562805176,-13.65215015411377,-12.33965015411377,-10.45827579498291,-12.95827579498291,128
train,0,The nervous whale behind the windows past the crates,The nervous whales behind the window past the crate,-15.874189376831055,-16.686689376831055,-16.92043685913086,-15.357935905456543,-16.708118438720703,-16.395618438720703,128
train,1,The nervous whales behind the window past the crate,The nervous whale behind the windows past the crates,-15.357935905456543,-16.92043685913086,-16.686689376831055,-15.874189376831055,-15.022926330566406,-16.210426330566406,128
train,0,The timid rabbit around the statues outside the stools,The timid rabbits around the statue outside the stool,-10.349960327148438,-10.849960327148438,-12.72282886505127,-7.2228288650512695,-10.595846176147461,-8.033346176147461,128
train,1,The timid rabbits around the statue outside the stool,The timid rabbit around the statues outside the stools,-7.2228288650512695,-12.72282886505127,-10.849960327148438,-10.349960327148438,-7.934044361114502,-10.434043884277344,128
train,0,The fuzzy whale outside the cabins behind the signs,The fuzzy whales outside the cabin behind the sign,-18.37286949157715,-20.02911949157715,-17.675384521484375,-17.050384521484375,-17.151893615722656,-17.839393615722656,128
train,1,The fuzzy whales outside the cabin behind the sign,The fuzzy whale outside the cabins behind the signs,-17.050384521484375,-17.675384521484375,-20.02911949157715,-18.37286949157715,-19.000932693481445,-19.032182693481445,128
train,0,The calm kitten beneath the boxes around the walls,The calm kittens beneath the box around the wall,-7.574090003967285,-10.824090003967285,-10.140375137329102,-7.515374660491943,-8.736672401428223,-9.486672401428223,128
train,1,The calm kittens beneath the box around the wall,The calm kitten beneath the boxes around the walls,-7.515374660491943,-10.140375137329102,-10.824090003967285,-7.574090003967285,-7.968430995941162,-8.84343147277832,128
train,0,The timid chick around the benches outside the windows,The timid chicks around the bench outside the window,-15.826395034790039,-19.26389503479004,-17.26226234436035,-13.856013298034668,-16.309642791748047,-15.372142791748047,128
train,1,The timid chicks around the bench outside the window,The timid chick around the benches outside the windows,-13.856013298034668,-17.26226234436035,-19.26389503479004,-15.826395034790039,-16.666744232177734,-16.822994232177734,128
train,0,The quiet bat beneath the chairs around the carts,The quiet bats beneath the chair around the cart,-11.355875015258789,-14.230875015258789,-12.483392715454102,-11.920892715454102,-10.993600845336914,-13.306100845336914,128
train,1,The quiet bats beneath the chair around the cart,The quiet bat beneath the chairs around the carts,-11.920892715454102,-12.483392715454102,-14.230875015258789,-11.355875015258789,-13.044486999511719,-12.606986999511719,128
train,0,The nervous bat behind the windows past the crates,The nervous bats behind the window past the crate,-6.067556858062744,-9.067557334899902,-7.5728960037231445,-6.8228960037231445,-6.795680999755859,-9.29568099975586,128
train,1,The nervous bats behind the window past the crate,The nervous bat behind the windows past the crates,-6.8228960037231445,-7.5728960037231445,-9.067557334899902,-6.067556858062744,-5.987001895904541,-6.237001895904541,128
train,0,The calm shark around the walls outside the tables,The calm sharks around the wall outside the table,-6.1269989013671875,-8.251998901367188,-6.116239547729492,-3.366239309310913,-4.767483711242676,-5.392483711242676,128
train,1,The calm sharks around the wall outside the table,The calm shark around the walls outside the tables,-3.366239309310913,-6.116239547729492,-8.251998901367188,-6.1269989013671875,-4.815460681915283,-6.815460681915283,128
train,0,The small turtle outside the stools behind the clocks,The small turtles outside the stool behind the clock,-12.383058547973633,-14.445558547973633,-14.235570907592773,-9.860570907592773,-13.238051414489746,-12.175551414489746,128
train,1,The small turtles outside the stool behind the clock,The small turtle outside the stools behind the clocks,-9.860570907592773,-14.235570907592773,-14.445558547973633,-12.383058547973633,-10.799651145935059,-13.362151145935059,128
train,0,The calm frog beneath the milestones around the thresholds,The calm frogs beneath the milestone around the threshold,-5.051644802093506,-7.926644802093506,-7.67559814453125,-6.05059814453125,-6.5093865394592285,-7.2593865394592285,128
train,1,The calm frogs beneath the milestone around the threshold,The calm frog beneath the milestones around the thresholds,-6.05059814453125,-7.67559814453125,-7.926644802093506,-5.051644802093506,-5.502315998077393,-5.877315998077393,128
train,0,The nervous lion behind the rocks past the chairs,The nervous lions behind the rock past the chair,-17.200193405151367,-17.575193405151367,-17.34124183654785,-16.21624183654785,-17.39346694946289,-16.64346694946289,128
train,1,The nervous lions behind the rock past the chair,The nervous lion behind the rocks past the chairs,-16.21624183654785,-17.34124183654785,-17.575193405151367,-17.200193405151367,-17.142847061157227,-17.267847061157227,128
train,0,The bright shark beneath the trenches around the dams,The bright sharks beneath the trench around the dam,-4.9014105796813965,-6.9014105796813965,-6.444555759429932,-3.3195557594299316,-4.815349578857422,-4.815349578857422,128
train,1,The bright sharks beneath the trench around the dam,The bright shark beneath the trenches around the dams,-3.3195557594299316,-6.444555759429932,-6.9014105796813965,-4.9014105796813965,-4.141180992126465,-6.391180992126465,128
train,0,The quiet kitten around the dams outside the pots,The quiet kittens around the dam outside the pot,-6.548491477966309,-10.235991477966309,-5.581455707550049,-4.206455707550049,-4.676482200622559,-6.801482200622559,128
train,1,The quiet kittens around the dam outside the pot,The quiet kitten around the dams outside the pots,-4.206455707550049,-5.581455707550049,-10.235991477966309,-6.548491477966309,-5.566300392150879,-7.191300392150879,128
train,0,The quiet turtle behind the signs past the nests,The quiet turtles behind the sign past the nest,-7.178061485290527,-9.928061485290527,-9.451659202575684,-6.201659679412842,-7.498959064483643,-7.998959064483643,128
train,1,The quiet turtles behind the sign past the nest,The quiet turtle behind the signs past the nests,-6.201659679412842,-9.451659202575684,-9.928061485290527,-7.178061485290527,-6.689554214477539,-8.564554214477539,128
train,0,The timid dolphin outside the pipes behind the valves,The timid dolphins outside the pipe behind the valve,-3.199460506439209,-6.574460506439209,-7.3783745765686035,-2.5033745765686035,-5.0800700187683105,-3.7050702571868896,128
train,1,The timid dolphins outside the pipe behind the valve,The timid dolphin outside the pipes behind the valves,-2.5033745765686035,-7.3783745765686035,-6.574460506439209,-3.199460506439209,-2.6454620361328125,-6.1454620361328125,128
train,0,The bright whale behind the bolts past the screws,The bright whales behind the bolt past the screw,-8.013524055480957,-10.576024055480957,-8.425545692443848,-7.550546169281006,-7.781351566314697,-9.531352043151855,128
train,1,The bright whales behind the bolt past the screw,The bright whale behind the bolts past the screws,-7.550546169281006,-8.425545692443848,-10.576024055480957,-8.013524055480957,-7.891878128051758,-9.266878128051758,128
train,0,The bright pup outside the cabins behind the signs,The bright pups outside the cabin behind the sign,-6.941847324371338,-9.066847801208496,-8.264740943908691,-4.764740943908691,-6.710286617279053,-5.835286617279053,128
train,1,The bright pups outside the cabin behind the sign,The bright pup outside the cabins behind the signs,-4.764740943908691,-8.264740943908691,-9.066847801208496,-6.941847324371338,-6.826745510101318,-8.07674503326416,128
train,0,The sleepy whale behind the valves past the cables,The sleepy whales behind the valve past the cable,-8.51038646697998,-12.19788646697998,-8.330516815185547,-7.705516815185547,-7.8047404289245605,-9.929740905761719,128
train,1,The sleepy whales behind the valve past the cable,The sleepy whale behind the valves past the cables,-7.705516815185547,-8.330516815185547,-12.19788646697998,-8.51038646697998,-9.013689994812012,-9.138689994812012,128
train,0,The small frog outside the windows behind the crates,The small frogs outside the window behind the crate,-11.343562126159668,-14.593562126159668,-15.681809425354004,-13.181809425354004,-14.688080787658691,-14.375580787658691,128
train,1,The small frogs outside the window behind the crate,The small frog outside the windows behind the crates,-13.181809425354004,-15.681809425354004,-14.593562126159668,-11.343562126159668,-12.798026084899902,-12.173026084899902,128
train,0,The quiet shark outside the clocks behind the plants,The quiet sharks outside the clock behind the plant,-8.136571884155273,-12.511571884155273,-9.533488273620605,-7.533487796783447,-8.397899627685547,-10.022899627685547,128
train,1,The quiet sharks outside the clock behind the plant,The quiet shark outside the clocks behind the plants,-7.533487796783447,-9.533488273620605,-12.511571884155273,-8.136571884155273,-8.76321029663086,-8.88821029663086,128
train,0,The small turtle around the tanks outside the pipes,The small turtles around the tank outside the pipe,-6.64024019241333,-9.890239715576172,-7.644749164581299,-2.894749402999878,-5.632960319519043,-4.757960319519043,128
train,1,The small turtles around the tank outside the pipe,The small turtle around the tanks outside the pipes,-2.894749402999878,-7.644749164581299,-9.890239715576172,-6.64024019241333,-5.2898759841918945,-6.9148759841918945,128
train,0,The fuzzy kit outside the cabins behind the signs,The fuzzy kits outside the cabin behind the sign,-16.30875587463379,-17.18375587463379,-16.551408767700195,-15.238908767700195,-15.93185806274414,-15.99435806274414,128
train,1,The fuzzy kits outside the cabin behind the sign,The fuzzy kit outside the cabins behind the signs,-15.238908767700195,-16.551408767700195,-17.18375587463379,-16.30875587463379,-16.636371612548828,-16.698871612548828,128
train,0,The slender whale around the towers outside the cabins,The slender whales around the tower outside the cabin,-4.7557525634765625,-9.005752563476562,-6.7194390296936035,-2.4694390296936035,-4.125155448913574,-4.625155448913574,128
train,1,The slender whales around the tower outside the cabin,The slender whale around the towers outside the cabins,-2.4694390296936035,-6.7194390296936035,-9.005752563476562,-4.7557525634765625,-3.6086344718933105,-5.2336344718933105,128
train,0,The quiet shark beneath the chains around the belts,The quiet sharks beneath the chain around the belt,-6.966705322265625,-8.591705322265625,-7.66330623626709,-4.91330623626709,-5.995113372802734,-6.495113372802734,128
train,1,The quiet sharks beneath the chain around the belt,The quiet shark beneath the chains around the belts,-4.91330623626709,-7.66330623626709,-8.591705322265625,-6.966705322265625,-6.719688415527344,-9.094688415527344,128
train,0,The fuzzy dog beneath the boxes around the walls,The fuzzy dogs beneath the box around the wall,-6.1173200607299805,-9.36732006072998,-7.553058624267578,-5.303058624267578,-6.482920169830322,-7.232920169830322,128
train,1,The fuzzy dogs beneath the box around the wall,The fuzzy dog beneath the boxes around the walls,-5.303058624267578,-7.553058624267578,-9.36732006072998,-6.1173200607299805,-6.399258613586426,-7.024258613586426,128
train,0,The slender whale outside the piles behind the rushes,The slender whales outside the pile behind the rush,-13.060129165649414,-15.435129165649414,-16.236610412597656,-14.236610412597656,-14.969367980957031,-15.031867980957031,128
train,1,The slender whales outside the pile behind the rush,The slender whale outside the piles behind the rushes,-14.236610412597656,-16.236610412597656,-15.435129165649414,-13.060129165649414,-12.311331748962402,-13.748831748962402,128
train,0,The timid dolphin around the statues outside the stools,The timid dolphins around the statue outside the stool,-15.815184593200684,-17.127685546875,-17.031639099121094,-14.656638145446777,-16.797561645507812,-15.797561645507812,128
train,1,The timid dolphins around the statue outside the stool,The timid dolphin around the statues outside the stools,-14.656638145446777,-17.031639099121094,-17.127685546875,-15.815184593200684,-14.172998428344727,-15.610498428344727,128
train,0,The small chick beneath the boilers around the tanks,The small chicks beneath the boiler around the tank,-11.631790161132812,-12.944290161132812,-14.722739219665527,-9.785239219665527,-13.239858627319336,-10.489858627319336,128
train,1,The small chicks beneath the boiler around the tank,The small chick beneath the boilers around the tanks,-9.785239219665527,-14.722739219665527,-12.944290161132812,-11.631790161132812,-10.697891235351562,-12.760391235351562,128
train,0,The fuzzy lion past the nests beneath the milestones,The fuzzy lions past the nest beneath the milestone,-9.503473281860352,-12.753473281860352,-10.63735580444336,-8.13735580444336,-9.135078430175781,-9.760078430175781,128
train,1,The fuzzy lions past the nest beneath the milestone,The fuzzy lion past the nests beneath the milestones,-8.13735580444336,-10.63735580444336,-12.753473281860352,-9.503473281860352,-10.128690719604492,-10.378690719604492,128
train,0,The timid rabbit outside the tables behind the houses,The timid rabbits outside the table behind the house,-14.104116439819336,-17.510366439819336,-17.439958572387695,-17.064958572387695,-17.193777084350586,-17.943777084350586,128
train,1,The timid rabbits outside the table behind the house,The timid rabbit outside the tables behind the houses,-17.064958572387695,-17.439958572387695,-17.510366439819336,-14.104116439819336,-15.919160842895508,-14.919160842895508,128
train,0,The timid lion outside the pipes behind the valves,The timid lions outside the pipe behind the valve,-3.952965259552002,-7.952965259552002,-7.26716423034668,-2.3921642303466797,-4.908197402954102,-3.7831976413726807,128
train,1,The timid lions outside the pipe behind the valve,The timid lion outside the pipes behind the valves,-2.3921642303466797,-7.26716423034668,-7.952965259552002,-3.952965259552002,-3.306781530380249,-5.431781768798828,128
train,0,The calm dog around the belts outside the piles,The calm dogs around the belt outside the pile,-9.622430801391602,-10.684930801391602,-10.574291229248047,-7.511791229248047,-8.745635032653809,-9.120635032653809,128
train,1,The calm dogs around the belt outside the pile,The calm dog around the belts outside the piles,-7.511791229248047,-10.574291229248047,-10.684930801391602,-9.622430801391602,-8.591592788696289,-10.154092788696289,128
train,0,The quiet horse around the thresholds outside the drums,The quiet horses around the threshold outside the drum,-8.399922370910645,-10.024922370910645,-6.740871906280518,-4.615871906280518,-4.904245853424072,-6.029245853424072,128
train,1,The quiet horses around the threshold outside the drum,The quiet horse around the thresholds outside the drums,-4.615871906280518,-6.740871906280518,-10.024922370910645,-8.399922370910645,-7.198870658874512,-9.261370658874512,128
train,0,The sleepy bat beneath the boilers around the tanks,The sleepy bats beneath the boiler around the tank,-3.3994903564453125,-7.0244903564453125,-6.074697494506836,-2.199697732925415,-3.96246600151062,-4.087466239929199,128
train,1,The sleepy bats beneath the boiler around the tank,The sleepy bat beneath the boilers around the tanks,-2.199697732925415,-6.074697494506836,-7.0244903564453125,-3.3994903564453125,-2.983268976211548,-4.483269214630127,128
train,0,The quiet rat past the screws beneath the boilers,The quiet rats past the screw beneath the boiler,-8.381624221801758,-12.256624221801758,-7.944715976715088,-6.944715976715088,-6.797440528869629,-8.734940528869629,128
train,1,The quiet rats past the screw beneath the boiler,The quiet rat past the screws beneath the boilers,-6.944715976715088,-7.944715976715088,-12.256624221801758,-8.381624221801758,-9.381941795349121,-9.506941795349121,128
train,0,The timid lion around the dams outside the pots,The timid lions around the dam outside the pot,-5.298978805541992,-8.298978805541992,-5.485316276550293,-2.235316514968872,-3.914041519165039,-4.414041519165039,128
train,1,The timid lions around the dam outside the pot,The timid lion around the dams outside the pots,-2.235316514968872,-5.485316276550293,-8.298978805541992,-5.298978805541992,-3.5562527179718018,-6.306252956390381,128
train,0,The small panda beneath the boilers around the tanks,The small pandas beneath the boiler around the tank,-13.216023445129395,-15.841023445129395,-17.08707046508789,-15.274569511413574,-15.539335250854492,-16.039335250854492,128
train,1,The small pandas beneath the boiler around the tank,The small panda beneath the boilers around the tanks,-15.274569511413574,-17.08707046508789,-15.841023445129395,-13.216023445129395,-14.577475547790527,-14.452475547790527,128
train,0,The quiet chick around the dams outside the pots,The quiet chicks around the dam outside the pot,-5.844411849975586,-8.469411849975586,-5.592092990875244,-3.967092990875244,-4.757341384887695,-6.007341384887695,128
train,1,The quiet chicks around the dam outside the pot,The quiet chick around the dams outside the pots,-3.967092990875244,-5.592092990875244,-8.469411849975586,-5.844411849975586,-5.409687519073486,-6.034687519073486,128
train,0,The slender dog beneath the carts around the benches,The slender dogs beneath the cart around the bench,-13.236993789672852,-14.111993789672852,-15.93891429901123,-12.47016429901123,-14.592805862426758,-13.405305862426758,128
train,1,The slender dogs beneath the cart around the bench,The slender dog beneath the carts around the benches,-12.47016429901123,-15.93891429901123,-14.111993789672852,-13.236993789672852,-13.108121871948242,-14.733121871948242,128
train,0,The sleepy frog behind the valves past the cables,The sleepy frogs behind the valve past the cable,-7.156413555145264,-10.968914031982422,-7.553995609283447,-5.678995609283447,-6.745752334594727,-8.120752334594727,128
train,1,The sleepy frogs behind the valve past the cable,The sleepy frog behind the valves past the cables,-5.678995609283447,-7.553995609283447,-10.968914031982422,-7.156413555145264,-7.656700134277344,-8.281700134277344,128
train,0,The fuzzy dog around the tanks outside the pipes,The fuzzy dogs around the tank outside the pipe,-19.827693939208984,-20.233943939208984,-20.719968795776367,-18.532468795776367,-20.426095962524414,-19.519845962524414,128
train,1,The fuzzy dogs around the tank outside the pipe,The fuzzy dog around the tanks outside the pipes,-18.532468795776367,-20.719968795776367,-20.233943939208984,-19.827693939208984,-18.92915916442871,-19.96040916442871,128
train,0,The bright rabbit beneath the trenches around the dams,The bright rabbits beneath the trench around the dam,-5.355140686035156,-7.855140686035156,-6.869011878967285,-2.619011878967285,-5.362143516540527,-4.237143516540527,128
train,1,The bright rabbits beneath the trench around the dam,The bright rabbit beneath the trenches around the dams,-2.619011878967285,-6.869011878967285,-7.855140686035156,-5.355140686035156,-5.5027995109558105,-6.7527995109558105,128
train,0,The quiet monitor behind the windows past the crates,The quiet monitors behind the window past the crate,-5.515953540802002,-9.26595401763916,-7.505247116088867,-5.630247116088867,-6.208151817321777,-7.458151817321777,128
train,1,The quiet monitors behind the window past the crate,The quiet monitor behind the windows past the crates,-5.630247116088867,-7.505247116088867,-9.26595401763916,-5.515953540802002,-6.3052592277526855,-5.8052592277526855,128
train,0,The slender kitten outside the piles behind the rushes,The slender kittens outside the pile behind the rush,-15.949590682983398,-16.6370906829834,-14.51416015625,-13.32666015625,-14.426472663879395,-13.238972663879395,128
train,1,The slender kittens outside the pile behind the rush,The slender kitten outside the piles behind the rushes,-13.32666015625,-14.51416015625,-16.6370906829834,-15.949590682983398,-13.176995277404785,-15.926995277404785,128
train,0,The sleepy rat around the towers outside the cabins,The sleepy rats around the tower outside the cabin,-5.4547438621521,-9.642243385314941,-8.621344566345215,-3.1838440895080566,-5.55405855178833,-4.42905855178833,128
train,1,The sleepy rats around the tower outside the cabin,The sleepy rat around the towers outside the cabins,-3.1838440895080566,-8.621344566345215,-9.642243385314941,-5.4547438621521,-4.101064205169678,-6.476064205169678,128
train,0,The calm shark outside the piles behind the rushes,The calm sharks outside the pile behind the rush,-5.943496227264404,-9.505995750427246,-7.313611030578613,-6.938611030578613,-6.6422529220581055,-9.079752922058105,128
train,1,The calm sharks outside the pile behind the rush,The calm shark outside the piles behind the rushes,-6.938611030578613,-7.313611030578613,-9.505995750427246,-5.943496227264404,-5.413667678833008,-6.538667678833008,128
train,0,The bright panda beneath the milestones around the thresholds,The bright pandas beneath the milestone around the threshold,-5.929890155792236,-8.304889678955078,-7.161069393157959,-4.911069393157959,-5.9991841316223145,-6.3741841316223145,128
train,1,The bright pandas beneath the milestone around the threshold,The bright panda beneath the milestones around the thresholds,-4.911069393157959,-7.161069393157959,-8.304889678955078,-5.929890155792236,-6.329174518585205,-6.954174518585205,128
train,0,The quiet frog behind the signs past the nests,The quiet frogs behind the sign past the nest,-7.066407203674316,-9.316407203674316,-8.780037879943848,-6.530038356781006,-7.469699382781982,-8.594698905944824,128
train,1,The quiet frogs behind the sign past the nest,The quiet frog behind the signs past the nests,-6.530038356781006,-8.780037879943848,-9.316407203674316,-7.066407203674316,-6.707498550415039,-7.957498550415039,128
train,0,The nervous turtle outside the tables behind the houses,The nervous turtles outside the table behind the house,-6.08219051361084,-9.20719051361084,-8.90194034576416,-4.52694034576416,-7.246584892272949,-6.246584892272949,128
train,1,The nervous turtles outside the table behind the house,The nervous turtle outside the tables behind the houses,-4.52694034576416,-8.90194034576416,-9.20719051361084,-6.08219051361084,-5.374855995178223,-7.374855995178223,128
train,0,The fuzzy chick past the chairs beneath the carts,The fuzzy chicks past the chair beneath the cart,-6.768412113189697,-9.018412590026855,-7.700655460357666,-5.575655460357666,-6.063291549682617,-7.313291549682617,128
train,1,The fuzzy chicks past the chair beneath the cart,The fuzzy chick past the chairs beneath the carts,-5.575655460357666,-7.700655460357666,-9.018412590026855,-6.768412113189697,-7.019683361053467,-7.519683361053467,128
train,0,The sleepy panda outside the stools behind the clocks,The sleepy pandas outside the stool behind the clock,-4.441717624664307,-8.316717147827148,-8.316550254821777,-3.4415504932403564,-5.708564281463623,-4.833564281463623,128
train,1,The sleepy pandas outside the stool behind the clock,The sleepy panda outside the stools behind the clocks,-3.4415504932403564,-8.316550254821777,-8.316717147827148,-4.441717624664307,-4.330927848815918,-6.205927848815918,128
train,0,The timid cow around the benches outside the windows,The timid cows around the bench outside the window,-4.994221210479736,-8.119220733642578,-8.102218627929688,-2.2272186279296875,-5.631059169769287,-3.506059169769287,128
train,1,The timid cows around the bench outside the window,The timid cow around the benches outside the windows,-2.2272186279296875,-8.102218627929688,-8.119220733642578,-4.994221210479736,-4.026762008666992,-6.401762008666992,128
train,0,The small bat outside the stools behind the clocks,The small bats outside the stool behind the clock,-16.615856170654297,-19.303356170654297,-18.37124252319336,-15.527491569519043,-16.417743682861328,-17.698993682861328,128
train,1,The small bats outside the stool behind the clock,The small bat outside the stools behind the clocks,-15.527491569519043,-18.37124252319336,-19.303356170654297,-16.615856170654297,-16.277429580688477,-17.996179580688477,128
train,0,The fuzzy monitor behind the houses past the rocks,The fuzzy monitors behind the house past the rock,-6.902048110961914,-12.027048110961914,-9.092301368713379,-6.092300891876221,-7.56259822845459,-9.18759822845459,128
train,1,The fuzzy monitors behind the house past the rock,The fuzzy monitor behind the houses past the rocks,-6.092300891876221,-9.092301368713379,-12.027048110961914,-6.902048110961914,-7.03264045715332,-7.40764045715332,128
train,0,The small panda past the logs beneath the columns,The small pandas past the log beneath the column,-5.295083999633789,-7.545083999633789,-8.045551300048828,-6.295551300048828,-7.0329060554504395,-8.157905578613281,128
train,1,The small pandas past the log beneath the column,The small panda past the logs beneath the columns,-6.295551300048828,-8.045551300048828,-7.545083999633789,-5.295083999633789,-5.303939342498779,-5.928939342498779,128
train,0,The nervous cow behind the rocks past the chairs,The nervous cows behind the rock past the chair,-14.580728530883789,-17.20572853088379,-16.35603904724121,-14.106039047241211,-15.341633796691895,-15.029133796691895,128
train,1,The nervous cows behind the rock past the chair,The nervous cow behind the rocks past the chairs,-14.106039047241211,-16.35603904724121,-17.20572853088379,-14.580728530883789,-15.405789375305176,-15.093289375305176,128
train,0,The timid rat outside the pipes behind the valves,The timid rats outside the pipe behind the valve,-3.236250400543213,-7.861250400543213,-7.786725044250488,-2.3492250442504883,-4.194668292999268,-3.4446680545806885,128
train,1,The timid rats outside the pipe behind the valve,The timid rat outside the pipes behind the valves,-2.3492250442504883,-7.786725044250488,-7.861250400543213,-3.236250400543213,-2.9631781578063965,-4.8381781578063965,128
train,0,The quiet turtle beneath the chairs around the carts,The quiet turtles beneath the chair around the cart,-15.329994201660156,-16.079994201660156,-15.056641578674316,-11.244141578674316,-14.258413314819336,-11.695913314819336,128
train,1,The quiet turtles beneath the chair around the cart,The quiet turtle beneath the chairs around the carts,-11.244141578674316,-15.056641578674316,-16.079994201660156,-15.329994201660156,-14.82913589477539,-17.29788589477539,128
train,0,The fuzzy whale beneath the boxes around the walls,The fuzzy whales beneath the box around the wall,-5.951155662536621,-9.451155662536621,-7.024542808532715,-5.024542808532715,-6.256397247314453,-7.006397247314453,128
train,1,The fuzzy whales beneath the box around the wall,The fuzzy whale beneath the boxes around the walls,-5.024542808532715,-7.024542808532715,-9.451155662536621,-5.951155662536621,-6.21766471862793,-7.09266471862793,128
train,0,The calm frog around the stools outside the clocks,The calm frogs around the stool outside the clock,-6.606537342071533,-7.981537342071533,-7.134673118591309,-5.134673118591309,-5.040570259094238,-6.290570259094238,128
train,1,The calm frogs around the stool outside the clock,The calm frog around the stools outside the clocks,-5.134673118591309,-7.134673118591309,-7.981537342071533,-6.606537342071533,-5.196193695068359,-6.946193695068359,128
train,0,The small dolphin beneath the boilers around the tanks,The small dolphins beneath the boiler around the tank,-12.951568603515625,-15.576568603515625,-14.090551376342773,-13.465551376342773,-13.650349617004395,-14.650349617004395,128
train,1,The small dolphins beneath the boiler around the tank,The small dolphin beneath the boilers around the tanks,-13.465551376342773,-14.090551376342773,-15.576568603515625,-12.951568603515625,-12.583763122558594,-13.708763122558594,128
train,0,The nervous chick beneath the chains around the belts,The nervous chicks beneath the chain around the belt,-16.590030670166016,-16.715030670166016,-15.650877952575684,-13.275877952575684,-15.247855186462402,-14.185355186462402,128
train,1,The nervous chicks beneath the chain around the belt,The nervous chick beneath the chains around the belts,-13.275877952575684,-15.650877952575684,-16.715030670166016,-16.590030670166016,-15.289168357849121,-17.289167404174805,128
train,0,The quiet monitor outside the towers behind the cabins,The quiet monitors outside the tower behind the cabin,-4.31844425201416,-9.19344425201416,-7.962411403656006,-3.212411403656006,-4.903982639312744,-4.153982639312744,128
train,1,The quiet monitors outside the tower behind the cabin,The quiet monitor outside the towers behind the cabins,-3.212411403656006,-7.962411403656006,-9.19344425201416,-4.31844425201416,-4.547697067260742,-4.922697067260742,128
train,0,The small kit past the vines beneath the trenches,The small kits past the vine beneath the trench,-15.087821960449219,-16.58782196044922,-16.936595916748047,-15.90534496307373,-16.7768497467041,-15.995599746704102,128
train,1,The small kits past the vine beneath the trench,The small kit past the vines beneath the trenches,-15.90534496307373,-16.936595916748047,-16.58782196044922,-15.087821960449219,-15.619604110717773,-15.182104110717773,128
train,0,The quiet chick behind the signs past the nests,The quiet chicks behind the sign past the nest,-6.296650409698486,-9.046650886535645,-8.605449676513672,-5.605449199676514,-7.028230667114258,-7.028230667114258,128
train,1,The quiet chicks behind the sign past the nest,The quiet chick behind the signs past the nests,-5.605449199676514,-8.605449676513672,-9.046650886535645,-6.296650409698486,-6.194896697998047,-6.694896697998047,128
train,0,The calm rabbit beneath the barrels around the statues,The calm rabbits beneath the barrel around the statue,-4.711043357849121,-7.461043357849121,-7.623133182525635,-5.123133182525635,-6.068121433258057,-6.818121433258057,128
train,1,The calm rabbits beneath the barrel around the statue,The calm rabbit beneath the barrels around the statues,-5.123133182525635,-7.623133182525635,-7.461043357849121,-4.711043357849121,-5.045629501342773,-5.795629501342773,128
train,0,The small bat around the walls outside the tables,The small bats around the wall outside the table,-5.819262504577637,-7.694262504577637,-5.996487617492676,-2.121487617492676,-3.854994535446167,-4.979994773864746,128
train,1,The small bats around the wall outside the table,The small bat around the walls outside the tables,-2.121487617492676,-5.996487617492676,-7.694262504577637,-5.819262504577637,-3.6920318603515625,-6.3170318603515625,128
train,0,The slender dog beneath the boilers around the tanks,The slender dogs beneath the boiler around the tank,-3.084566593170166,-6.084566593170166,-5.06974983215332,-1.8197497129440308,-3.198127269744873,-3.198127269744873,128
train,1,The slender dogs beneath the boiler around the tank,The slender dog beneath the boilers around the tanks,-1.8197497129440308,-5.06974983215332,-6.084566593170166,-3.084566593170166,-3.3457982540130615,-3.8457982540130615,128
train,0,The quiet dolphin past the screws beneath the boilers,The quiet dolphins past the screw beneath the boiler,-6.173524856567383,-9.736024856567383,-5.828412055969238,-4.578412055969238,-4.7336883544921875,-6.3586883544921875,128
train,1,The quiet dolphins past the screw beneath the boiler,The quiet dolphin past the screws beneath the boilers,-4.578412055969238,-5.828412055969238,-9.736024856567383,-6.173524856567383,-6.178088665008545,-8.178088188171387,128
train,0,The bright turtle beneath the barrels around the statues,The bright turtles beneath the barrel around the statue,-4.816859245300293,-7.816859245300293,-8.648869514465332,-5.14886999130249,-6.862409591674805,-6.362409591674805,128
train,1,The bright turtles beneath the barrel around the statue,The bright turtle beneath the barrels around the statues,-5.14886999130249,-8.648869514465332,-7.816859245300293,-4.816859245300293,-4.979827880859375,-6.229827880859375,128
train,0,The calm shark behind the bolts past the screws,The calm sharks behind the bolt past the screw,-9.270386695861816,-11.145386695861816,-9.283761024475098,-8.783761024475098,-8.894723892211914,-10.457223892211914,128
train,1,The calm sharks behind the bolt past the screw,The calm shark behind the bolts past the screws,-8.783761024475098,-9.283761024475098,-11.145386695861816,-9.270386695861816,-9.272500991821289,-10.335000991821289,128
train,0,The quiet cow around the dams outside the pots,The quiet cows around the dam outside the pot,-12.242412567138672,-14.179912567138672,-13.335692405700684,-11.085692405700684,-13.452678680419922,-11.640178680419922,128
train,1,The quiet cows around the dam outside the pot,The quiet cow around the dams outside the pots,-11.085692405700684,-13.335692405700684,-14.179912567138672,-12.242412567138672,-12.736001014709473,-12.298501014709473,128
train,0,The nervous doe beneath the chains around the belts,The nervous does beneath the chain around the belt,-14.042219161987305,-14.542219161987305,-15.954798698425293,-14.704798698425293,-15.954790115356445,-15.142290115356445,128
train,1,The nervous does beneath the chain around the belt,The nervous doe beneath the chains around the belts,-14.704798698425293,-15.954798698425293,-14.542219161987305,-14.042219161987305,-13.676920890808105,-14.301920890808105,128
train,0,The calm dog beneath the milestones around the thresholds,The calm dogs beneath the milestone around the threshold,-5.774359226226807,-9.149359703063965,-7.896212577819824,-5.771212577819824,-6.299134254455566,-7.174134254455566,128
train,1,The calm dogs beneath the milestone around the threshold,The calm dog beneath the milestones around the thresholds,-5.771212577819824,-7.896212577819824,-9.149359703063965,-5.774359226226807,-6.641824245452881,-6.891824245452881,128
train,0,The slender cock around the walls outside the tables,The slender cocks around the wall outside the table,-12.837309837341309,-14.524809837341309,-12.060279846191406,-11.435279846191406,-11.984289169311523,-13.671789169311523,128
train,1,The slender cocks around the wall outside the table,The slender cock around the walls outside the tables,-11.435279846191406,-12.060279846191406,-14.524809837341309,-12.837309837341309,-12.657185554504395,-12.844685554504395,128
train,0,The slender turtle past the vines beneath the trenches,The slender turtles past the vine beneath the trench,-8.397432327270508,-11.522432327270508,-8.684679985046387,-6.559679985046387,-7.74891471862793,-8.74891471862793,128
train,1,The slender turtles past the vine beneath the trench,The slender turtle past the vines beneath the trenches,-6.559679985046387,-8.684679985046387,-11.522432327270508,-8.397432327270508,-8.780542373657227,-9.280542373657227,128
train,0,The bright bat behind the valves past the cables,The bright bats behind the valve past the cable,-16.45334815979004,-16.76584815979004,-14.803299903869629,-12.115799903869629,-14.839598655700684,-12.714598655700684,128
train,1,The bright bats behind the valve past the cable,The bright bat behind the valves past the cables,-12.115799903869629,-14.803299903869629,-16.76584815979004,-16.45334815979004,-15.459287643432617,-16.771787643432617,128
train,0,The sleepy whale around the carts outside the benches,The sleepy whales around the cart outside the bench,-5.00774621963501,-8.382745742797852,-7.613039016723633,-4.113039016723633,-5.510463714599609,-5.385463714599609,128
train,1,The sleepy whales around the cart outside the bench,The sleepy whale around the carts outside the benches,-4.113039016723633,-7.613039016723633,-8.382745742797852,-5.00774621963501,-4.374875545501709,-6.124875545501709,128
train,0,The timid panda around the dams outside the pots,The timid pandas around the dam outside the pot,-4.9053826332092285,-7.1553826332092285,-4.245114803314209,-2.245114803314209,-3.18919038772583,-5.06419038772583,128
train,1,The timid pandas around the dam outside the pot,The timid panda around the dams outside the pots,-2.245114803314209,-4.245114803314209,-7.1553826332092285,-4.9053826332092285,-2.8279707431793213,-6.077970504760742,128
train,0,The bright frog behind the bolts past the screws,The bright frogs behind the bolt past the screw,-7.887152671813965,-10.637152671813965,-8.434528350830078,-5.684528350830078,-7.034857749938965,-7.284857749938965,128
train,1,The bright frogs behind the bolt past the screw,The bright frog behind the bolts past the screws,-5.684528350830078,-8.434528350830078,-10.637152671813965,-7.887152671813965,-7.889865875244141,-9.01486587524414,128
train,0,The bright cock outside the cabins behind the signs,The bright cocks outside the cabin behind the sign,-7.79890251159668,-8.92390251159668,-8.134106636047363,-6.321606636047363,-7.3103556632995605,-7.4353556632995605,128
train,1,The bright cocks outside the cabin behind the sign,The bright cock outside the cabins behind the signs,-6.321606636047363,-8.134106636047363,-8.92390251159668,-7.79890251159668,-8.054341316223145,-8.179341316223145,128
train,0,The slender shark past the logs beneath the columns,The slender sharks past the log beneath the column,-13.514060974121094,-14.326560974121094,-14.858935356140137,-11.296435356140137,-13.465063095092773,-12.902563095092773,128
train,1,The slender sharks past the log beneath the column,The slender shark past the logs beneath the columns,-11.296435356140137,-14.858935356140137,-14.326560974121094,-13.514060974121094,-12.45684814453125,-14.20684814453125,128
train,0,The fuzzy chick outside the drums behind the bolts,The fuzzy chicks outside the drum behind the bolt,-7.763278007507324,-10.513278007507324,-7.175585746765137,-4.800585746765137,-5.94350528717041,-6.31850528717041,128
train,1,The fuzzy chicks outside the drum behind the bolt,The fuzzy chick outside the drums behind the bolts,-4.800585746765137,-7.175585746765137,-10.513278007507324,-7.763278007507324,-8.267087936401367,-8.392087936401367,128
train,0,The small dolphin around the towers outside the cabins,The small dolphins around the tower outside the cabin,-10.463446617126465,-13.775946617126465,-12.103772163391113,-9.791272163391113,-10.070612907409668,-10.883112907409668,128
train,1,The small dolphins around the tower outside the cabin,The small dolphin around the towers outside the cabins,-9.791272163391113,-12.103772163391113,-13.775946617126465,-10.463446617126465,-11.080421447753906,-11.767921447753906,128
train,0,The nervous lion around the thresholds outside the drums,The nervous lions around the threshold outside the drum,-7.764404296875,-10.014404296875,-5.9974775314331055,-3.4974775314331055,-4.344303131103516,-5.344303131103516,128
train,1,The nervous lions around the threshold outside the drum,The nervous lion around the thresholds outside the drums,-3.4974775314331055,-5.9974775314331055,-10.014404296875,-7.764404296875,-6.656291484832764,-8.781291007995605,128
train,0,The fuzzy chick outside the cabins behind the signs,The fuzzy chicks outside the cabin behind the sign,-16.02777671813965,-18.27777671813965,-16.034015655517578,-14.784015655517578,-15.45042896270752,-15.82542896270752,128
train,1,The fuzzy chicks outside the cabin behind the sign,The fuzzy chick outside the cabins behind the signs,-14.784015655517578,-16.034015655517578,-18.27777671813965,-16.02777671813965,-16.77903175354004,-16.71653175354004,128
train,0,The timid dolphin around the dams outside the pots,The timid dolphins around the dam outside the pot,-4.77670955657959,-7.40170955657959,-5.17768669128418,-2.552686929702759,-3.9162256717681885,-5.041225433349609,128
train,1,The timid dolphins around the dam outside the pot,The timid dolphin around the dams outside the pots,-2.552686929702759,-5.17768669128418,-7.40170955657959,-4.77670955657959,-3.230731964111328,-7.230731964111328,128
train,0,The bright rat beneath the milestones around the thresholds,The bright rats beneath the milestone around the threshold,-5.2840375900268555,-8.034037590026855,-8.06737232208252,-4.942371845245361,-6.031413555145264,-6.406413555145264,128
train,1,The bright rats beneath the milestone around the threshold,The bright rat beneath the milestones around the thresholds,-4.942371845245361,-8.06737232208252,-8.034037590026855,-5.2840375900268555,-5.719672203063965,-6.719672203063965,128
train,0,The fuzzy frog behind the plants past the logs,The fuzzy frogs behind the plant past the log,-6.271978378295898,-10.896978378295898,-6.904943943023682,-4.529943943023682,-5.832828044891357,-6.582828044891357,128
train,1,The fuzzy frogs behind the plant past the log,The fuzzy frog behind the plants past the logs,-4.529943943023682,-6.904943943023682,-10.896978378295898,-6.271978378295898,-7.147470474243164,-6.897470474243164,128
train,0,The sleepy pup outside the drums behind the bolts,The sleepy pups outside the drum behind the bolt,-6.3170390129089355,-10.942038536071777,-8.004971504211426,-5.067471504211426,-5.87893533706665,-6.62893533706665,128
train,1,The sleepy pups outside the drum behind the bolt,The sleepy pup outside the drums behind the bolts,-5.067471504211426,-8.004971504211426,-10.942038536071777,-6.3170390129089355,-7.081245422363281,-7.081245422363281,128
train,0,The slender frog beneath the boilers around the tanks,The slender frogs beneath the boiler around the tank,-2.4073753356933594,-6.032375335693359,-4.9238409996032715,-1.423840880393982,-2.831265926361084,-2.706265926361084,128
train,1,The slender frogs beneath the boiler around the tank,The slender frog beneath the boilers around the tanks,-1.423840880393982,-4.9238409996032715,-6.032375335693359,-2.4073753356933594,-1.9686079025268555,-3.8436079025268555,128
train,0,The fuzzy kit around the tanks outside the pipes,The fuzzy kits around the tank outside the pipe,-19.68502426147461,-19.90377426147461,-18.179019927978516,-15.8040189743042,-18.640626907348633,-16.578126907348633,128
train,1,The fuzzy kits around the tank outside the pipe,The fuzzy kit around the tanks outside the pipes,-15.8040189743042,-18.179019927978516,-19.90377426147461,-19.68502426147461,-18.553634643554688,-19.053634643554688,128
train,0,The nervous rat around the thresholds outside the drums,The nervous rats around the threshold outside the drum,-9.507250785827637,-10.882250785827637,-7.071981906890869,-3.884481906890869,-5.6591901779174805,-6.9091901779174805,128
train,1,The nervous rats around the threshold outside the drum,The nervous rat around the thresholds outside the drums,-3.884481906890869,-7.071981906890869,-10.882250785827637,-9.507250785827637,-7.890707492828369,-10.015707969665527,128
train,0,The timid shark past the screws beneath the boilers,The timid sharks past the screw beneath the boiler,-16.94783592224121,-19.22908592224121,-14.637856483459473,-14.387856483459473,-14.342979431152344,-15.092979431152344,128
train,1,The timid sharks past the screw beneath the boiler,The timid shark past the screws beneath the boilers,-14.387856483459473,-14.637856483459473,-19.22908592224121,-16.94783592224121,-17.579771041870117,-17.642271041870117,128
train,0,The small chick past the rocks beneath the chairs,The small chicks past the rock beneath the chair,-5.413660049438477,-10.976160049438477,-9.531098365783691,-5.65609884262085,-7.526803970336914,-6.651803970336914,128
train,1,The small chicks past the rock beneath the chair,The small chick past the rocks beneath the chairs,-5.65609884262085,-9.531098365783691,-10.976160049438477,-5.413660049438477,-5.553272724151611,-6.303272724151611,128
train,0,The sleepy frog behind the pans past the cars,The sleepy frogs behind the pan past the car,-12.588089942932129,-13.525589942932129,-12.440031051635742,-9.190031051635742,-12.489777565002441,-10.552277565002441,128
train,1,The sleepy frogs behind the pan past the car,The sleepy frog behind the pans past the cars,-9.190031051635742,-12.440031051635742,-13.525589942932129,-12.588089942932129,-12.217040061950684,-13.404540061950684,128
train,0,The small cock beneath the milestones around the thresholds,The small cocks beneath the milestone around the threshold,-5.27426815032959,-7.02426815032959,-6.5096659660339355,-4.7596659660339355,-5.654280185699463,-5.904280185699463,128
train,1,The small cocks beneath the milestone around the threshold,The small cock beneath the milestones around the thresholds,-4.7596659660339355,-6.5096659660339355,-7.02426815032959,-5.27426815032959,-5.4756035804748535,-5.7256035804748535,128
train,0,The fuzzy shark outside the stools behind the clocks,The fuzzy sharks outside the stool behind the clock,-6.512316703796387,-9.512316703796387,-8.545571327209473,-4.795571804046631,-6.5217084884643555,-6.7717084884643555,128
train,1,The fuzzy sharks outside the stool behind the clock,The fuzzy shark outside the stools behind the clocks,-4.795571804046631,-8.545571327209473,-9.512316703796387,-6.512316703796387,-6.390792369842529,-7.890792369842529,128
train,0,The small frog beneath the trenches around the dams,The small frogs beneath the trench around the dam,-4.284544467926025,-6.909544467926025,-6.695524215698242,-1.4455243349075317,-4.219076633453369,-2.844076633453369,128
train,1,The small frogs beneath the trench around the dam,The small frog beneath the trenches around the dams,-1.4455243349075317,-6.695524215698242,-6.909544467926025,-4.284544467926025,-3.5237224102020264,-5.3987226486206055,128
train,0,The sleepy rat beneath the boilers around the tanks,The sleepy rats beneath the boiler around the tank,-3.5173888206481934,-8.267388343811035,-6.824387550354004,-2.699387311935425,-4.484560489654541,-4.109560489654541,128
train,1,The sleepy rats beneath the boiler around the tank,The sleepy rat beneath the boilers around the tanks,-2.699387311935425,-6.824387550354004,-8.267388343811035,-3.5173888206481934,-3.5028884410858154,-4.8778886795043945,128
train,0,The bright whale past the logs beneath the columns,The bright whales past the log beneath the column,-7.514759540557861,-10.827259063720703,-9.284485816955566,-8.159485816955566,-8.400421142578125,-9.775421142578125,128
train,1,The bright whales past the log beneath the column,The bright whale past the logs beneath the columns,-8.159485816955566,-9.284485816955566,-10.827259063720703,-7.514759540557861,-8.140259742736816,-8.515259742736816,128
train,0,The quiet frog outside the pipes behind the valves,The quiet frogs outside the pipe behind the valve,-3.3118093013763428,-7.936809539794922,-6.145151615142822,-2.8951516151428223,-4.2185235023498535,-4.3435235023498535,128
train,1,The quiet frogs outside the pipe behind the valve,The quiet frog outside the pipes behind the valves,-2.8951516151428223,-6.145151615142822,-7.936809539794922,-3.3118093013763428,-3.3936221599578857,-4.268622398376465,128
train,0,The calm pup around the walls outside the tables,The calm pups around the wall outside the table,-5.886820316314697,-8.511820793151855,-7.15054178237915,-4.40054178237915,-5.496953964233398,-6.121953964233398,128
train,1,The calm pups around the wall outside the table,The calm pup around the walls outside the tables,-4.40054178237915,-7.15054178237915,-8.511820793151855,-5.886820316314697,-5.630833148956299,-6.505833148956299,128
train,0,The timid dog around the thresholds outside the drums,The timid dogs around the threshold outside the drum,-8.265969276428223,-10.078469276428223,-6.000207901000977,-4.062707901000977,-4.335021495819092,-5.710021495819092,128
train,1,The timid dogs around the threshold outside the drum,The timid dog around the thresholds outside the drums,-4.062707901000977,-6.000207901000977,-10.078469276428223,-8.265969276428223,-6.675499439239502,-8.675498962402344,128
train,0,The calm chick around the belts outside the piles,The calm chicks around the belt outside the pile,-15.829656600952148,-16.32965660095215,-16.609142303466797,-13.921642303466797,-15.927314758300781,-15.177314758300781,128
train,1,The calm chicks around the belt outside the pile,The calm chick around the belts outside the piles,-13.921642303466797,-16.609142303466797,-16.32965660095215,-15.829656600952148,-14.931652069091797,-16.181652069091797,128
test,0,The clever [wug] opposite the panels alongside the boards,The clever [wugs] opposite the panel alongside the board,-13.831534385681152,-16.706533432006836,-15.906103134155273,-16.281103134155273,-15.50669002532959,-17.444189071655273,128
test,1,The clever [wugs] opposite the panel alongside the board,The clever [wug] opposite the panels alongside the boards,-16.281103134155273,-15.906103134155273,-16.706533432006836,-13.831534385681152,-16.130285263061523,-14.06778621673584,128
test,0,The wary [wug] near the knobs beside the hinges,The wary [wugs] near the knob beside the hinge,-17.942110061645508,-19.442110061645508,-17.881912231445312,-18.069412231445312,-17.693744659423828,-18.256244659423828,128
test,1,The wary [wugs] near the knob beside the hinge,The wary [wug] near the knobs beside the hinges,-18.069412231445312,-17.881912231445312,-19.442110061645508,-17.942110061645508,-19.0052547454834,-18.0052547454834,128
test,0,The spotted [wug] alongside the poles near the buckets,The spotted [wugs] alongside the pole near the bucket,-4.556185245513916,-6.056185245513916,-5.067946910858154,-5.442946910858154,-4.892011642456055,-7.392011642456055,128
test,1,The spotted [wugs] alongside the pole near the bucket,The spotted [wug] alongside the poles near the buckets,-5.442946910858154,-5.067946910858154,-6.056185245513916,-4.556185245513916,-5.000876426696777,-4.750876426696777,128
test,0,The gentle [wug] above the banks below the locks,The gentle [wugs] above the bank below the lock,-7.662867546081543,-10.037867546081543,-8.019140243530273,-9.644140243530273,-7.768016815185547,-12.018016815185547,128
test,1,The gentle [wugs] above the bank below the lock,The gentle [wug] above the banks below the locks,-9.644140243530273,-8.019140243530273,-10.037867546081543,-7.662867546081543,-8.909257888793945,-7.784257411956787,128
test,0,The fierce [wug] opposite the sofas alongside the mirrors,The fierce [wugs] opposite the sofa alongside the mirror,-15.481395721435547,-16.918895721435547,-17.144357681274414,-17.331857681274414,-17.078052520751953,-17.703052520751953,128
test,1,The fierce [wugs] opposite the sofa alongside the mirror,The fierce [wug] opposite the sofas alongside the mirrors,-17.331857681274414,-17.144357681274414,-16.918895721435547,-15.481395721435547,-16.493846893310547,-15.493846893310547,128
test,0,The restless [wug] below the wires between the ropes,The restless [wugs] below the wire between the rope,-16.587278366088867,-17.087278366088867,-14.770227432250977,-14.332727432250977,-14.77834415435791,-14.52834415435791,128
test,1,The restless [wugs] below the wire between the rope,The restless [wug] below the wires between the ropes,-14.332727432250977,-14.770227432250977,-17.087278366088867,-16.587278366088867,-16.218538284301758,-16.843538284301758,128
test,0,The sturdy [wug] between the knobs atop the hinges,The sturdy [wugs] between the knob atop the hinge,-19.13072395324707,-19.03697395324707,-18.243318557739258,-15.805818557739258,-18.796419143676758,-16.265169143676758,128
test,1,The sturdy [wugs] between the knob atop the hinge,The sturdy [wug] between the knobs atop the hinges,-15.805818557739258,-18.243318557739258,-19.03697395324707,-19.13072395324707,-18.42738914489746,-18.61488914489746,128
test,0,The restless [wug] alongside the hooks near the knobs,The restless [wugs] alongside the hook near the knob,-8.395566940307617,-10.270566940307617,-8.923815727233887,-7.173815727233887,-7.662745952606201,-10.100245475769043,128
test,1,The restless [wugs] alongside the hook near the knob,The restless [wug] alongside the hooks near the knobs,-7.173815727233887,-8.923815727233887,-10.270566940307617,-8.395566940307617,-8.773347854614258,-8.898347854614258,128
test,0,The round [wug] under the beams by the braces,The round [wugs] under the beam by the brace,-14.769227027893066,-15.706727027893066,-13.40313720703125,-12.71563720703125,-13.487309455871582,-13.924809455871582,128
test,1,The round [wugs] under the beam by the brace,The round [wug] under the beams by the braces,-12.71563720703125,-13.40313720703125,-15.706727027893066,-14.769227027893066,-15.23023796081543,-14.79273796081543,128
test,0,The graceful [wug] opposite the posts alongside the doors,The graceful [wugs] opposite the post alongside the door,-14.457324028015137,-15.582324028015137,-16.149770736694336,-15.212271690368652,-16.149282455444336,-15.711782455444336,128
test,1,The graceful [wugs] opposite the post alongside the door,The graceful [wug] opposite the posts alongside the doors,-15.212271690368652,-16.149770736694336,-15.582324028015137,-14.457324028015137,-15.322710037231445,-14.697710037231445,128
test,0,The wary [wug] alongside the knobs near the hinges,The wary [wugs] alongside the knob near the hinge,-20.317806243896484,-20.442806243896484,-19.762117385864258,-18.637117385864258,-20.290584564208984,-19.321834564208984,128
test,1,The wary [wugs] alongside the knob near the hinge,The wary [wug] alongside the knobs near the hinges,-18.637117385864258,-19.762117385864258,-20.442806243896484,-20.317806243896484,-19.91240692138672,-20.03740692138672,128
test,0,The graceful [wug] atop the straps opposite the heaps,The graceful [wugs] atop the strap opposite the heap,-12.096260070800781,-14.221260070800781,-11.506949424743652,-12.319449424743652,-10.677745819091797,-12.927745819091797,128
test,1,The graceful [wugs] atop the strap opposite the heap,The graceful [wug] atop the straps opposite the heaps,-12.319449424743652,-11.506949424743652,-14.221260070800781,-12.096260070800781,-13.797836303710938,-12.485336303710938,128
test,0,The graceful [wug] above the gates below the fences,The graceful [wugs] above the gate below the fence,-7.517324924468994,-10.267324447631836,-7.2749528884887695,-9.02495288848877,-6.774820327758789,-11.149820327758789,128
test,1,The graceful [wugs] above the gate below the fence,The graceful [wug] above the gates below the fences,-9.02495288848877,-7.2749528884887695,-10.267324447631836,-7.517324924468994,-9.516281127929688,-8.016281127929688,128
test,0,The fierce [wug] atop the slopes opposite the banks,The fierce [wugs] atop the slope opposite the bank,-16.38192367553711,-17.19442367553711,-17.473310470581055,-15.910810470581055,-17.26753044128418,-16.89253044128418,128
test,1,The fierce [wugs] atop the slope opposite the bank,The fierce [wug] atop the slopes opposite the banks,-15.910810470581055,-17.473310470581055,-17.19442367553711,-16.38192367553711,-16.47035026550293,-16.22035026550293,128
test,0,The clever [wug] alongside the wells near the cabinets,The clever [wugs] alongside the well near the cabinet,-5.632659912109375,-7.757659912109375,-6.354572772979736,-5.104572772979736,-5.7727274894714355,-8.522727966308594,128
test,1,The clever [wugs] alongside the well near the cabinet,The clever [wug] alongside the wells near the cabinets,-5.104572772979736,-6.354572772979736,-7.757659912109375,-5.632659912109375,-6.4131999015808105,-6.0381999015808105,128
test,0,The lively [wug] between the pens atop the bulbs,The lively [wugs] between the pen atop the bulb,-5.730198383331299,-8.85519790649414,-5.04057502746582,-6.54057502746582,-4.859886646270752,-8.60988712310791,128
test,1,The lively [wugs] between the pen atop the bulb,The lively [wug] between the pens atop the bulbs,-6.54057502746582,-5.04057502746582,-8.85519790649414,-5.730198383331299,-7.397429466247559,-5.647429466247559,128
test,0,The round [wug] alongside the ropes near the cords,The round [wugs] alongside the rope near the cord,-16.339519500732422,-16.527019500732422,-13.911165237426758,-13.411165237426758,-14.543195724487305,-14.480695724487305,128
test,1,The round [wugs] alongside the rope near the cord,The round [wug] alongside the ropes near the cords,-13.411165237426758,-13.911165237426758,-16.527019500732422,-16.339519500732422,-16.09865951538086,-16.34865951538086,128
test,0,The gentle [wug] between the cabinets atop the desks,The gentle [wugs] between the cabinet atop the desk,-15.139912605285645,-17.38991355895996,-14.857041358947754,-16.57579231262207,-14.826556205749512,-17.451555252075195,128
test,1,The gentle [wugs] between the cabinet atop the desk,The gentle [wug] between the cabinets atop the desks,-16.57579231262207,-14.857041358947754,-17.38991355895996,-15.139912605285645,-17.196392059326172,-15.477642059326172,128
test,0,The curious [wug] near the sacks beside the bins,The curious [wugs] near the sack beside the bin,-5.315680980682373,-8.190681457519531,-7.53337287902832,-6.40837287902832,-6.648289203643799,-9.898289680480957,128
test,1,The curious [wugs] near the sack beside the bin,The curious [wug] near the sacks beside the bins,-6.40837287902832,-7.53337287902832,-8.190681457519531,-5.315680980682373,-6.086382865905762,-5.586382865905762,128
test,0,The graceful [wug] alongside the cabinets near the desks,The graceful [wugs] alongside the cabinet near the desk,-3.4597747325897217,-4.459774971008301,-5.037137985229492,-4.037137985229492,-4.012915134429932,-6.887915134429932,128
test,1,The graceful [wugs] alongside the cabinet near the desk,The graceful [wug] alongside the cabinets near the desks,-4.037137985229492,-5.037137985229492,-4.459774971008301,-3.4597747325897217,-3.5472848415374756,-4.4222846031188965,128
test,0,The lively [wug] by the jars above the trees,The lively [wugs] by the jar above the tree,-6.410739898681641,-9.91073989868164,-6.684528350830078,-8.184528350830078,-6.5443878173828125,-11.106887817382812,128
test,1,The lively [wugs] by the jar above the tree,The lively [wug] by the jars above the trees,-8.184528350830078,-6.684528350830078,-9.91073989868164,-6.410739898681641,-8.546998977661133,-6.421999454498291,128
test,0,The sturdy [wug] by the bridges above the gates,The sturdy [wugs] by the bridge above the gate,-6.589903831481934,-8.714903831481934,-5.401350975036621,-6.026350975036621,-5.233410835266113,-8.983410835266113,128
test,1,The sturdy [wugs] by the bridge above the gate,The sturdy [wug] by the bridges above the gates,-6.026350975036621,-5.401350975036621,-8.714903831481934,-6.589903831481934,-7.756756782531738,-6.506756782531738,128
test,0,The clever [wug] opposite the sacks alongside the bins,The clever [wugs] opposite the sack alongside the bin,-12.354328155517578,-13.604328155517578,-15.925322532653809,-13.112822532653809,-14.918317794799805,-14.668317794799805,128
test,1,The clever [wugs] opposite the sack alongside the bin,The clever [wug] opposite the sacks alongside the bins,-13.112822532653809,-15.925322532653809,-13.604328155517578,-12.354328155517578,-12.833680152893066,-12.521180152893066,128
test,0,The strange [wug] near the switches beside the sockets,The strange [wugs] near the switch beside the socket,-21.038122177124023,-21.881872177124023,-20.169286727905273,-19.888036727905273,-19.75979232788086,-20.22854232788086,128
test,1,The strange [wugs] near the switch beside the socket,The strange [wug] near the switches beside the sockets,-19.888036727905273,-20.169286727905273,-21.881872177124023,-21.038122177124023,-21.538742065429688,-21.444992065429688,128
test,0,The round [wug] between the pens atop the bulbs,The round [wugs] between the pen atop the bulb,-18.03594398498535,-18.66094398498535,-18.844139099121094,-18.406639099121094,-18.814605712890625,-18.564605712890625,128
test,1,The round [wugs] between the pen atop the bulb,The round [wug] between the pens atop the bulbs,-18.406639099121094,-18.844139099121094,-18.66094398498535,-18.03594398498535,-18.47813606262207,-18.13438606262207,128
test,0,The lively [wug] beside the hinges under the nails,The lively [wugs] beside the hinge under the nail,-7.154302597045898,-10.279302597045898,-6.9104204177856445,-7.6604204177856445,-6.5262274742126465,-10.213727951049805,128
test,1,The lively [wugs] beside the hinge under the nail,The lively [wug] beside the hinges under the nails,-7.6604204177856445,-6.9104204177856445,-10.279302597045898,-7.154302597045898,-9.281922340393066,-7.406922340393066,128
test,0,The curious [wug] opposite the racks alongside the hooks,The curious [wugs] opposite the rack alongside the hook,-5.4087700843811035,-6.7837700843811035,-5.66147518157959,-5.28647518157959,-4.816394329071045,-7.066394329071045,128
test,1,The curious [wugs] opposite the rack alongside the hook,The curious [wug] opposite the racks alongside the hooks,-5.28647518157959,-5.66147518157959,-6.7837700843811035,-5.4087700843811035,-6.284057140350342,-5.909057140350342,128
test,0,The restless [wug] above the bushes below the tents,The restless [wugs] above the bush below the tent,-16.598417282104492,-18.160917282104492,-16.74820327758789,-16.43570327758789,-16.539234161376953,-17.164234161376953,128
test,1,The restless [wugs] above the bush below the tent,The restless [wug] above the bushes below the tents,-16.43570327758789,-16.74820327758789,-18.160917282104492,-16.598417282104492,-18.032901763916016,-17.157901763916016,128
test,0,The restless [wug] near the buckets beside the sacks,The restless [wugs] near the bucket beside the sack,-15.945761680603027,-16.00826072692871,-16.6957950592041,-13.977044105529785,-16.70384979248047,-15.203849792480469,128
test,1,The restless [wugs] near the bucket beside the sack,The restless [wug] near the buckets beside the sacks,-13.977044105529785,-16.6957950592041,-16.00826072692871,-15.945761680603027,-14.896980285644531,-16.20948028564453,128
test,0,The strange [wug] opposite the sofas alongside the mirrors,The strange [wugs] opposite the sofa alongside the mirror,-12.667469024658203,-15.354969024658203,-14.146517753601074,-14.021517753601074,-13.393449783325195,-15.893449783325195,128
test,1,The strange [wugs] opposite the sofa alongside the mirror,The strange [wug] opposite the sofas alongside the mirrors,-14.021517753601074,-14.146517753601074,-15.354969024658203,-12.667469024658203,-14.360526084899902,-12.860526084899902,128
test,0,The round [wug] near the bushes beside the tents,The round [wugs] near the bush beside the tent,-4.243725776672363,-5.868725776672363,-5.216151237487793,-3.216151237487793,-3.7942984104156494,-6.9192986488342285,128
test,1,The round [wugs] near the bush beside the tent,The round [wug] near the bushes beside the tents,-3.216151237487793,-5.216151237487793,-5.868725776672363,-4.243725776672363,-4.511887073516846,-4.511887073516846,128
test,0,The clumsy [wug] under the poles by the buckets,The clumsy [wugs] under the pole by the bucket,-12.547904968261719,-14.110404968261719,-13.487544059753418,-12.675044059753418,-12.940641403198242,-13.503141403198242,128
test,1,The clumsy [wugs] under the pole by the bucket,The clumsy [wug] under the poles by the buckets,-12.675044059753418,-13.487544059753418,-14.110404968261719,-12.547904968261719,-13.35801887512207,-12.73301887512207,128
test,0,The fierce [wug] below the mirrors between the bushes,The fierce [wugs] below the mirror between the bush,-6.065252780914307,-10.377752304077148,-6.983944892883301,-8.1089448928833,-6.611466884613037,-9.986466407775879,128
test,1,The fierce [wugs] below the mirror between the bush,The fierce [wug] below the mirrors between the bushes,-8.1089448928833,-6.983944892883301,-10.377752304077148,-6.065252780914307,-7.990887641906738,-5.740887641906738,128
test,0,The clever [wug] between the doors atop the baskets,The clever [wugs] between the door atop the basket,-4.578772068023682,-8.453771591186523,-5.1054253578186035,-5.3554253578186035,-4.478281021118164,-8.415781021118164,128
test,1,The clever [wugs] between the door atop the basket,The clever [wug] between the doors atop the baskets,-5.3554253578186035,-5.1054253578186035,-8.453771591186523,-4.578772068023682,-6.861020088195801,-4.736020088195801,128
test,0,The spotted [wug] opposite the poles alongside the buckets,The spotted [wugs] opposite the pole alongside the bucket,-4.049951553344727,-5.549951553344727,-5.4023756980896,-6.6523756980896,-5.118918418884277,-7.368918418884277,128
test,1,The spotted [wugs] opposite the pole alongside the bucket,The spotted [wug] opposite the poles alongside the buckets,-6.6523756980896,-5.4023756980896,-5.549951553344727,-4.049951553344727,-5.324845314025879,-4.324845314025879,128
test,0,The restless [wug] near the cabinets beside the desks,The restless [wugs] near the cabinet beside the desk,-6.297605514526367,-8.297605514526367,-9.544939041137695,-5.919939041137695,-7.030210971832275,-9.155210494995117,128
test,1,The restless [wugs] near the cabinet beside the desk,The restless [wug] near the cabinets beside the desks,-5.919939041137695,-9.544939041137695,-8.297605514526367,-6.297605514526367,-6.063990592956543,-7.188990592956543,128
test,0,The graceful [wug] opposite the tents alongside the poles,The graceful [wugs] opposite the tent alongside the pole,-4.083540439605713,-5.708540439605713,-4.366175174713135,-5.366175174713135,-4.39093017578125,-6.89093017578125,128
test,1,The graceful [wugs] opposite the tent alongside the pole,The graceful [wug] opposite the tents alongside the poles,-5.366175174713135,-4.366175174713135,-5.708540439605713,-4.083540439605713,-5.432414531707764,-4.307414531707764,128
test,0,The tiny [wug] opposite the nails alongside the switches,The tiny [wugs] opposite the nail alongside the switch,-6.171727657318115,-7.546727657318115,-3.7327966690063477,-4.607796669006348,-3.7588038444519043,-6.883803844451904,128
test,1,The tiny [wugs] opposite the nail alongside the switch,The tiny [wug] opposite the nails alongside the switches,-4.607796669006348,-3.7327966690063477,-7.546727657318115,-6.171727657318115,-6.192552089691162,-5.942552089691162,128
test,0,The fierce [wug] by the sheds above the posts,The fierce [wugs] by the shed above the post,-6.480677604675293,-9.605677604675293,-5.528323173522949,-6.778323173522949,-5.317760467529297,-8.505260467529297,128
test,1,The fierce [wugs] by the shed above the post,The fierce [wug] by the sheds above the posts,-6.778323173522949,-5.528323173522949,-9.605677604675293,-6.480677604675293,-8.259270668029785,-6.759270668029785,128
test,0,The curious [wug] atop the sheds opposite the posts,The curious [wugs] atop the shed opposite the post,-5.084704875946045,-7.334704875946045,-4.672593116760254,-3.922593116760254,-3.281126022338867,-6.281126022338867,128
test,1,The curious [wugs] atop the shed opposite the post,The curious [wug] atop the sheds opposite the posts,-3.922593116760254,-4.672593116760254,-7.334704875946045,-5.084704875946045,-5.294628143310547,-4.919628143310547,128
test,0,The strange [wug] beside the desks under the sofas,The strange [wugs] beside the desk under the sofa,-7.633939266204834,-10.008938789367676,-6.767776966094971,-6.767776966094971,-6.138703346252441,-11.013703346252441,128
test,1,The strange [wugs] beside the desk under the sofa,The strange [wug] beside the desks under the sofas,-6.767776966094971,-6.767776966094971,-10.008938789367676,-7.633939266204834,-8.50999641418457,-8.00999641418457,128
test,0,The lively [wug] alongside the ponds near the bridges,The lively [wugs] alongside the pond near the bridge,-4.618457317352295,-6.618457317352295,-4.406899929046631,-4.156899929046631,-3.9844117164611816,-6.609411716461182,128
test,1,The lively [wugs] alongside the pond near the bridge,The lively [wug] alongside the ponds near the bridges,-4.156899929046631,-4.406899929046631,-6.618457317352295,-4.618457317352295,-5.869984149932861,-4.994984149932861,128
test,0,The tiny [wug] atop the baskets opposite the pillars,The tiny [wugs] atop the basket opposite the pillar,-14.730318069458008,-15.542818069458008,-15.256093978881836,-13.131093978881836,-15.273158073425293,-13.710658073425293,128
test,1,The tiny [wugs] atop the basket opposite the pillar,The tiny [wug] atop the baskets opposite the pillars,-13.131093978881836,-15.256093978881836,-15.542818069458008,-14.730318069458008,-14.963811874389648,-14.776311874389648,128
test,0,The curious [wug] opposite the trees alongside the ponds,The curious [wugs] opposite the tree alongside the pond,-12.40101432800293,-16.08851432800293,-16.8869571685791,-17.1369571685791,-16.198501586914062,-19.636001586914062,128
test,1,The curious [wugs] opposite the tree alongside the pond,The curious [wug] opposite the trees alongside the ponds,-17.1369571685791,-16.8869571685791,-16.08851432800293,-12.40101432800293,-15.10124683380127,-12.35124683380127,128
test,0,The graceful [wug] near the pillars beside the wells,The graceful [wugs] near the pillar beside the well,-3.5494768619537354,-5.2994771003723145,-6.177199840545654,-5.802199840545654,-5.189570903778076,-8.439570426940918,128
test,1,The graceful [wugs] near the pillar beside the well,The graceful [wug] near the pillars beside the wells,-5.802199840545654,-6.177199840545654,-5.2994771003723145,-3.5494768619537354,-4.118104457855225,-4.368104457855225,128
test,0,The lively [wug] by the buckets above the sacks,The lively [wugs] by the bucket above the sack,-5.551851272583008,-7.676851272583008,-6.514960289001465,-7.389960289001465,-6.048630237579346,-8.986130714416504,128
test,1,The lively [wugs] by the bucket above the sack,The lively [wug] by the buckets above the sacks,-7.389960289001465,-6.514960289001465,-7.676851272583008,-5.551851272583008,-6.638787746429443,-5.763787746429443,128
test,0,The sturdy [wug] between the shelves atop the racks,The sturdy [wugs] between the shelf atop the rack,-14.48491382598877,-15.29741382598877,-13.428483963012695,-13.303483963012695,-13.468244552612305,-14.218244552612305,128
test,1,The sturdy [wugs] between the shelf atop the rack,The sturdy [wug] between the shelves atop the racks,-13.303483963012695,-13.428483963012695,-15.29741382598877,-14.48491382598877,-14.543170928955078,-14.293170928955078,128
test,0,The shy [wug] opposite the hinges alongside the nails,The shy [wugs] opposite the hinge alongside the nail,-6.094510078430176,-8.344510078430176,-6.929754734039307,-6.929754734039307,-6.537835121154785,-9.350335121154785,128
test,1,The shy [wugs] opposite the hinge alongside the nail,The shy [wug] opposite the hinges alongside the nails,-6.929754734039307,-6.929754734039307,-8.344510078430176,-6.094510078430176,-7.35828971862793,-6.10828971862793,128
test,0,The restless [wug] by the cords above the straps,The restless [wugs] by the cord above the strap,-15.589096069335938,-15.964096069335938,-13.968700408935547,-14.031200408935547,-13.515727996826172,-15.390727996826172,128
test,1,The restless [wugs] by the cord above the strap,The restless [wug] by the cords above the straps,-14.031200408935547,-13.968700408935547,-15.964096069335938,-15.589096069335938,-15.405662536621094,-15.905662536621094,128
test,0,The strange [wug] near the bushes beside the tents,The strange [wugs] near the bush beside the tent,-3.666372060775757,-7.916372299194336,-5.780698299407959,-5.030698299407959,-4.74254035949707,-8.86754035949707,128
test,1,The strange [wugs] near the bush beside the tent,The strange [wug] near the bushes beside the tents,-5.030698299407959,-5.780698299407959,-7.916372299194336,-3.666372060775757,-5.304478168487549,-4.179478168487549,128
test,0,The curious [wug] between the locks atop the jars,The curious [wugs] between the lock atop the jar,-13.905046463012695,-14.842546463012695,-10.767265319824219,-10.579765319824219,-11.157737731933594,-11.532737731933594,128
test,1,The curious [wugs] between the lock atop the jar,The curious [wug] between the locks atop the jars,-10.579765319824219,-10.767265319824219,-14.842546463012695,-13.905046463012695,-13.698748588562012,-13.448748588562012,128
test,0,The gentle [wug] beside the desks under the sofas,The gentle [wugs] beside the desk under the sofa,-17.456008911132812,-16.956008911132812,-16.623620986938477,-15.498620986938477,-16.485034942626953,-17.047534942626953,128
test,1,The gentle [wugs] beside the desk under the sofa,The gentle [wug] beside the desks under the sofas,-15.498620986938477,-16.623620986938477,-16.956008911132812,-17.456008911132812,-16.207962036132812,-17.707962036132812,128
test,0,The strange [wug] atop the sheds opposite the posts,The strange [wugs] atop the shed opposite the post,-4.189456939697266,-7.064456939697266,-5.622269630432129,-5.122269630432129,-3.94917631149292,-7.07417631149292,128
test,1,The strange [wugs] atop the shed opposite the post,The strange [wug] atop the sheds opposite the posts,-5.122269630432129,-5.622269630432129,-7.064456939697266,-4.189456939697266,-4.801470756530762,-4.176470756530762,128
test,0,The wary [wug] alongside the poles near the buckets,The wary [wugs] alongside the pole near the bucket,-6.44901180267334,-8.07401180267334,-6.364546775817871,-4.989546775817871,-5.805466175079346,-7.180466175079346,128
test,1,The wary [wugs] alongside the pole near the bucket,The wary [wug] alongside the poles near the buckets,-4.989546775817871,-6.364546775817871,-8.07401180267334,-6.44901180267334,-6.489427089691162,-6.739427089691162,128
test,0,The tiny [wug] alongside the poles near the buckets,The tiny [wugs] alongside the pole near the bucket,-14.605313301086426,-17.88656234741211,-16.190637588500977,-17.159387588500977,-15.87666130065918,-19.03291130065918,128
test,1,The tiny [wugs] alongside the pole near the bucket,The tiny [wug] alongside the poles near the buckets,-17.159387588500977,-16.190637588500977,-17.88656234741211,-14.605313301086426,-16.77573013305664,-14.74448013305664,128
test,0,The spotted [wug] near the desks beside the sofas,The spotted [wugs] near the desk beside the sofa,-5.6586503982543945,-8.908650398254395,-6.775014400482178,-8.27501392364502,-6.641894817352295,-10.266895294189453,128
test,1,The spotted [wugs] near the desk beside the sofa,The spotted [wug] near the desks beside the sofas,-8.27501392364502,-6.775014400482178,-8.908650398254395,-5.6586503982543945,-7.290544509887695,-5.790544509887695,128
test,0,The round [wug] atop the buckets opposite the sacks,The round [wugs] atop the bucket opposite the sack,-12.511738777160645,-12.324238777160645,-12.204164505004883,-11.016664505004883,-11.011861801147461,-12.136861801147461,128
test,1,The round [wugs] atop the bucket opposite the sack,The round [wug] atop the buckets opposite the sacks,-11.016664505004883,-12.204164505004883,-12.324238777160645,-12.511738777160645,-12.020618438720703,-12.895618438720703,128
test,0,The tiny [wug] beside the fences under the lamps,The tiny [wugs] beside the fence under the lamp,-6.517719268798828,-9.017719268798828,-5.694888114929199,-5.569888114929199,-5.043548583984375,-9.293548583984375,128
test,1,The tiny [wugs] beside the fence under the lamp,The tiny [wug] beside the fences under the lamps,-5.569888114929199,-5.694888114929199,-9.017719268798828,-6.517719268798828,-7.271724700927734,-6.646724700927734,128
test,0,The round [wug] near the gates beside the fences,The round [wugs] near the gate beside the fence,-5.310420036315918,-8.185420036315918,-5.50454568862915,-4.00454568862915,-4.339843273162842,-8.08984375,128
test,1,The round [wugs] near the gate beside the fence,The round [wug] near the gates beside the fences,-4.00454568862915,-5.50454568862915,-8.185420036315918,-5.310420036315918,-6.462095737457275,-5.462095737457275,128
test,0,The tiny [wug] atop the braces opposite the panels,The tiny [wugs] atop the brace opposite the panel,-4.247785568237305,-6.622785568237305,-4.309011936187744,-5.059011936187744,-3.331130027770996,-7.081130027770996,128
test,1,The tiny [wugs] atop the brace opposite the panel,The tiny [wug] atop the braces opposite the panels,-5.059011936187744,-4.309011936187744,-6.622785568237305,-4.247785568237305,-5.000750541687012,-4.500750541687012,128
test,0,The gentle [wug] beside the desks under the sofas,The gentle [wugs] beside the desk under the sofa,-7.0185089111328125,-8.643508911132812,-5.811121463775635,-6.936121463775635,-5.547534942626953,-9.797534942626953,128
test,1,The gentle [wugs] beside the desk under the sofa,The gentle [wug] beside the desks under the sofas,-6.936121463775635,-5.811121463775635,-8.643508911132812,-7.0185089111328125,-7.6454620361328125,-7.2704620361328125,128
test,0,The curious [wug] alongside the boards near the shelves,The curious [wugs] alongside the board near the shelf,-16.02203941345215,-16.77203941345215,-18.333898544311523,-16.583898544311523,-18.046384811401367,-18.327634811401367,128
test,1,The curious [wugs] alongside the board near the shelf,The curious [wug] alongside the boards near the shelves,-16.583898544311523,-18.333898544311523,-16.77203941345215,-16.02203941345215,-15.719724655151367,-16.407224655151367,128
test,0,The restless [wug] atop the sockets opposite the wires,The restless [wugs] atop the socket opposite the wire,-6.080617904663086,-8.080617904663086,-5.328880310058594,-3.578880548477173,-4.186380863189697,-6.436380863189697,128
test,1,The restless [wugs] atop the socket opposite the wire,The restless [wug] atop the sockets opposite the wires,-3.578880548477173,-5.328880310058594,-8.080617904663086,-6.080617904663086,-6.1099395751953125,-6.4849395751953125,128
test,0,The tiny [wug] near the baskets beside the pillars,The tiny [wugs] near the basket beside the pillar,-5.306504726409912,-7.556504726409912,-6.3266987800598145,-4.8266987800598145,-5.540545463562012,-8.040545463562012,128
test,1,The tiny [wugs] near the basket beside the pillar,The tiny [wug] near the baskets beside the pillars,-4.8266987800598145,-6.3266987800598145,-7.556504726409912,-5.306504726409912,-5.7004170417785645,-5.7004170417785645,128
test,0,The gentle [wug] near the bushes beside the tents,The gentle [wugs] near the bush beside the tent,-3.711444139480591,-6.086443901062012,-4.890406131744385,-5.515406131744385,-4.326080322265625,-8.326080322265625,128
test,1,The gentle [wugs] near the bush beside the tent,The gentle [wug] near the bushes beside the tents,-5.515406131744385,-4.890406131744385,-6.086443901062012,-3.711444139480591,-4.8762617111206055,-4.0012617111206055,128
test,0,The shy [wug] by the braces above the panels,The shy [wugs] by the brace above the panel,-7.7842912673950195,-10.53429126739502,-6.167191505432129,-6.792191505432129,-5.922185897827148,-9.047185897827148,128
test,1,The shy [wugs] by the brace above the panel,The shy [wug] by the braces above the panels,-6.792191505432129,-6.167191505432129,-10.53429126739502,-7.7842912673950195,-9.18066692352295,-7.805666446685791,128
test,0,The bold [wug] near the hinges beside the nails,The bold [wugs] near the hinge beside the nail,-16.02672576904297,-17.46422576904297,-17.072589874267578,-16.885089874267578,-16.749614715576172,-18.312114715576172,128
test,1,The bold [wugs] near the hinge beside the nail,The bold [wug] near the hinges beside the nails,-16.885089874267578,-17.072589874267578,-17.46422576904297,-16.02672576904297,-16.367473602294922,-16.304973602294922,128
test,0,The clumsy [wug] below the racks between the hooks,The clumsy [wugs] below the rack between the hook,-5.152972221374512,-7.652972221374512,-6.941436290740967,-7.441436290740967,-5.808000087738037,-9.058000564575195,128
test,1,The clumsy [wugs] below the rack between the hook,The clumsy [wug] below the racks between the hooks,-7.441436290740967,-6.941436290740967,-7.652972221374512,-5.152972221374512,-5.7239789962768555,-5.4739789962768555,128
test,0,The bold [wug] above the banks below the locks,The bold [wugs] above the bank below the lock,-6.216869831085205,-8.091870307922363,-7.2931227684021,-7.1681227684021,-6.659523963928223,-9.409523963928223,128
test,1,The bold [wugs] above the bank below the lock,The bold [wug] above the banks below the locks,-7.1681227684021,-7.2931227684021,-8.091870307922363,-6.216869831085205,-6.719859600067139,-6.719859600067139,128
test,0,The clumsy [wug] atop the shelves opposite the racks,The clumsy [wugs] atop the shelf opposite the rack,-14.776686668395996,-16.682937622070312,-16.162111282348633,-13.662110328674316,-14.9097900390625,-14.7847900390625,128
test,1,The clumsy [wugs] atop the shelf opposite the rack,The clumsy [wug] atop the shelves opposite the racks,-13.662110328674316,-16.162111282348633,-16.682937622070312,-14.776686668395996,-15.501402854919434,-15.063902854919434,128
test,0,The clever [wug] above the braces below the panels,The clever [wugs] above the brace below the panel,-12.673420906066895,-15.860920906066895,-13.905874252319336,-14.218374252319336,-13.334721565246582,-16.334720611572266,128
test,1,The clever [wugs] above the brace below the panel,The clever [wug] above the braces below the panels,-14.218374252319336,-13.905874252319336,-15.860920906066895,-12.673420906066895,-14.802367210388184,-12.864867210388184,128
test,0,The lively [wug] under the cabinets by the desks,The lively [wugs] under the cabinet by the desk,-15.007939338684082,-15.695439338684082,-17.20277976989746,-15.640279769897461,-16.555240631103516,-18.117740631103516,128
test,1,The lively [wugs] under the cabinet by the desk,The lively [wug] under the cabinets by the desks,-15.640279769897461,-17.20277976989746,-15.695439338684082,-15.007939338684082,-14.40974235534668,-15.22224235534668,128
test,0,The graceful [wug] by the lamps above the sheds,The graceful [wugs] by the lamp above the shed,-7.1486687660217285,-9.523669242858887,-6.219810962677002,-7.219810962677002,-5.841212272644043,-9.403712272644043,128
test,1,The graceful [wugs] by the lamp above the shed,The graceful [wug] by the lamps above the sheds,-7.219810962677002,-6.219810962677002,-9.523669242858887,-7.1486687660217285,-8.65070629119873,-7.5257062911987305,128
test,0,The wary [wug] opposite the trees alongside the ponds,The wary [wugs] opposite the tree alongside the pond,-13.36842155456543,-17.68092155456543,-15.965497016906738,-17.965496063232422,-15.52580738067627,-18.963306427001953,128
test,1,The wary [wugs] opposite the tree alongside the pond,The wary [wug] opposite the trees alongside the ponds,-17.965496063232422,-15.965497016906738,-17.68092155456543,-13.36842155456543,-17.16619873046875,-13.509947776794434,128
test,0,The gentle [wug] opposite the fences alongside the lamps,The gentle [wugs] opposite the fence alongside the lamp,-5.227252960205078,-6.602252960205078,-4.6941094398498535,-7.1941094398498535,-4.387140274047852,-8.637140274047852,128
test,1,The gentle [wugs] opposite the fence alongside the lamp,The gentle [wug] opposite the fences alongside the lamps,-7.1941094398498535,-4.6941094398498535,-6.602252960205078,-5.227252960205078,-5.2796149253845215,-4.9046149253845215,128
test,0,The lively [wug] above the sheds below the posts,The lively [wugs] above the shed below the post,-14.873887062072754,-16.12388801574707,-15.177447319030762,-14.177447319030762,-15.443074226379395,-15.068074226379395,128
test,1,The lively [wugs] above the shed below the post,The lively [wug] above the sheds below the posts,-14.177447319030762,-15.177447319030762,-16.12388801574707,-14.873887062072754,-15.496426582336426,-15.121426582336426,128
test,0,The strange [wug] above the posts below the doors,The strange [wugs] above the post below the door,-17.014415740966797,-18.514415740966797,-18.880849838256836,-18.755849838256836,-18.50518226623535,-19.06768226623535,128
test,1,The strange [wugs] above the post below the door,The strange [wug] above the posts below the doors,-18.755849838256836,-18.880849838256836,-18.514415740966797,-17.014415740966797,-18.3858642578125,-17.6358642578125,128
test,0,The curious [wug] beside the sacks under the bins,The curious [wugs] beside the sack under the bin,-7.021679878234863,-9.646679878234863,-8.13996410369873,-7.7649641036987305,-7.262794017791748,-11.137794494628906,128
test,1,The curious [wugs] beside the sack under the bin,The curious [wug] beside the sacks under the bins,-7.7649641036987305,-8.13996410369873,-9.646679878234863,-7.021679878234863,-8.150248527526855,-7.5252485275268555,128
test,0,The gentle [wug] beside the sacks under the bins,The gentle [wugs] beside the sack under the bin,-6.048480987548828,-8.048480987548828,-6.794753074645996,-7.794753074645996,-6.29317569732666,-10.23067569732666,128
test,1,The gentle [wugs] beside the sack under the bin,The gentle [wug] beside the sacks under the bins,-7.794753074645996,-6.794753074645996,-8.048480987548828,-6.048480987548828,-7.175899505615234,-6.425899505615234,128
test,0,The wary [wug] between the cords atop the straps,The wary [wugs] between the cord atop the strap,-16.129228591918945,-16.191728591918945,-15.680644989013672,-15.368144989013672,-15.594178199768066,-15.719178199768066,128
test,1,The wary [wugs] between the cord atop the strap,The wary [wug] between the cords atop the straps,-15.368144989013672,-15.680644989013672,-16.191728591918945,-16.129228591918945,-15.889891624450684,-16.202392578125,128
test,0,The restless [wug] beside the wires under the ropes,The restless [wugs] beside the wire under the rope,-8.639055252075195,-11.826555252075195,-9.400423049926758,-8.775423049926758,-8.39556884765625,-11.45806884765625,128
test,1,The restless [wugs] beside the wire under the rope,The restless [wug] beside the wires under the ropes,-8.775423049926758,-9.400423049926758,-11.826555252075195,-8.639055252075195,-10.390547752380371,-8.890547752380371,128
test,0,The bold [wug] under the beams by the braces,The bold [wugs] under the beam by the brace,-15.526875495910645,-16.214374542236328,-15.090209007263184,-14.965209007263184,-15.057896614074707,-15.370396614074707,128
test,1,The bold [wugs] under the beam by the brace,The bold [wug] under the beams by the braces,-14.965209007263184,-15.090209007263184,-16.214374542236328,-15.526875495910645,-15.757867813110352,-15.507867813110352,128
test,0,The graceful [wug] beside the racks under the hooks,The graceful [wugs] beside the rack under the hook,-6.792800426483154,-8.167800903320312,-6.825018882751465,-6.825018882751465,-6.181056976318359,-8.55605697631836,128
test,1,The graceful [wugs] beside the rack under the hook,The graceful [wug] beside the racks under the hooks,-6.825018882751465,-6.825018882751465,-8.167800903320312,-6.792800426483154,-7.421696186065674,-7.296696186065674,128
test,0,The graceful [wug] above the desks below the sofas,The graceful [wugs] above the desk below the sofa,-7.141679286956787,-9.266679763793945,-7.272484302520752,-8.522483825683594,-6.895978927612305,-10.520978927612305,128
test,1,The graceful [wugs] above the desk below the sofa,The graceful [wug] above the desks below the sofas,-8.522483825683594,-7.272484302520752,-9.266679763793945,-7.141679286956787,-8.514636993408203,-7.764637470245361,128
test,0,The tiny [wug] near the sockets beside the wires,The tiny [wugs] near the socket beside the wire,-12.208292007446289,-13.833292007446289,-9.682239532470703,-8.557239532470703,-10.21937084197998,-9.65687084197998,128
test,1,The tiny [wugs] near the socket beside the wire,The tiny [wug] near the sockets beside the wires,-8.557239532470703,-9.682239532470703,-13.833292007446289,-12.208292007446289,-11.970489501953125,-11.970489501953125,128
test,0,The tiny [wug] by the cords above the straps,The tiny [wugs] by the cord above the strap,-7.163720607757568,-8.663721084594727,-5.630558490753174,-6.255558490753174,-5.35467529296875,-8.22967529296875,128
test,1,The tiny [wugs] by the cord above the strap,The tiny [wug] by the cords above the straps,-6.255558490753174,-5.630558490753174,-8.663721084594727,-7.163720607757568,-7.424100875854492,-7.424100875854492,128
test,0,The gentle [wug] opposite the heaps alongside the pens,The gentle [wugs] opposite the heap alongside the pen,-4.548506736755371,-6.423506736755371,-4.085932731628418,-6.210932731628418,-3.9411613941192627,-7.941161632537842,128
test,1,The gentle [wugs] opposite the heap alongside the pen,The gentle [wug] opposite the heaps alongside the pens,-6.210932731628418,-4.085932731628418,-6.423506736755371,-4.548506736755371,-5.4763007164001465,-4.4763007164001465,128
test,0,The gentle [wug] opposite the trees alongside the ponds,The gentle [wugs] opposite the tree alongside the pond,-15.489534378051758,-18.427034378051758,-16.723508834838867,-18.129758834838867,-16.53583335876465,-19.75458335876465,128
test,1,The gentle [wugs] opposite the tree alongside the pond,The gentle [wug] opposite the trees alongside the ponds,-18.129758834838867,-16.723508834838867,-18.427034378051758,-15.489534378051758,-17.745426177978516,-15.557926177978516,128
test,0,The curious [wug] between the mirrors atop the bushes,The curious [wugs] between the mirror atop the bush,-18.299182891845703,-18.955432891845703,-17.490802764892578,-16.553302764892578,-17.599145889282227,-17.442895889282227,128
test,1,The curious [wugs] between the mirror atop the bush,The curious [wug] between the mirrors atop the bushes,-16.553302764892578,-17.490802764892578,-18.955432891845703,-18.299182891845703,-17.94536018371582,-17.94536018371582,128
test,0,The bold [wug] atop the bushes opposite the tents,The bold [wugs] atop the bush opposite the tent,-16.127958297729492,-19.627958297729492,-18.5963077545166,-18.1275577545166,-16.937000274658203,-19.624500274658203,128
test,1,The bold [wugs] atop the bush opposite the tent,The bold [wug] atop the bushes opposite the tents,-18.1275577545166,-18.5963077545166,-19.627958297729492,-16.127958297729492,-18.269580841064453,-17.488330841064453,128
test,0,The strange [wug] between the switches atop the sockets,The strange [wugs] between the switch atop the socket,-6.894123077392578,-9.394123077392578,-5.702610969543457,-5.702610969543457,-5.036098957061768,-9.03609848022461,128
test,1,The strange [wugs] between the switch atop the socket,The strange [wug] between the switches atop the sockets,-5.702610969543457,-5.702610969543457,-9.394123077392578,-6.894123077392578,-7.5236496925354,-7.0236496925354,128
test,0,The clever [wug] atop the cords opposite the straps,The clever [wugs] atop the cord opposite the strap,-13.447677612304688,-14.947677612304688,-14.202369689941406,-14.014869689941406,-14.241342544555664,-14.553842544555664,128
test,1,The clever [wugs] atop the cord opposite the strap,The clever [wug] atop the cords opposite the straps,-14.014869689941406,-14.202369689941406,-14.947677612304688,-13.447677612304688,-14.344152450561523,-13.406652450561523,128
test,0,The clever [wug] between the pens atop the bulbs,The clever [wugs] between the pen atop the bulb,-16.619935989379883,-17.932435989379883,-15.652962684631348,-15.090462684631348,-16.07293128967285,-15.697931289672852,128
test,1,The clever [wugs] between the pen atop the bulb,The clever [wug] between the pens atop the bulbs,-15.090462684631348,-15.652962684631348,-17.932435989379883,-16.619935989379883,-17.58228302001953,-16.45728302001953,128
test,0,The spotted [wug] alongside the locks near the jars,The spotted [wugs] alongside the lock near the jar,-5.520779132843018,-7.895779132843018,-4.644752502441406,-6.894752502441406,-4.888338565826416,-8.638338088989258,128
test,1,The spotted [wugs] alongside the lock near the jar,The spotted [wug] alongside the locks near the jars,-6.894752502441406,-4.644752502441406,-7.895779132843018,-5.520779132843018,-6.688904285430908,-5.563904285430908,128
test,0,The spotted [wug] atop the sockets opposite the wires,The spotted [wugs] atop the socket opposite the wire,-11.124433517456055,-12.499433517456055,-11.8275728225708,-11.1400728225708,-11.745623588562012,-11.370623588562012,128
test,1,The spotted [wugs] atop the socket opposite the wire,The spotted [wug] atop the sockets opposite the wires,-11.1400728225708,-11.8275728225708,-12.499433517456055,-11.124433517456055,-11.59494686126709,-11.09494686126709,128
test,0,The round [wug] atop the bushes opposite the tents,The round [wugs] atop the bush opposite the tent,-12.732247352600098,-13.669747352600098,-14.379300117492676,-12.066800117492676,-12.94019889831543,-13.87769889831543,128
test,1,The round [wugs] atop the bush opposite the tent,The round [wug] atop the bushes opposite the tents,-12.066800117492676,-14.379300117492676,-13.669747352600098,-12.732247352600098,-12.737826347351074,-12.987826347351074,128
test,0,The restless [wug] beside the straps under the heaps,The restless [wugs] beside the strap under the heap,-9.817429542541504,-10.754929542541504,-9.582480430603027,-9.832480430603027,-8.833963394165039,-11.396463394165039,128
test,1,The restless [wugs] beside the strap under the heap,The restless [wug] beside the straps under the heaps,-9.832480430603027,-9.582480430603027,-10.754929542541504,-9.817429542541504,-10.391754150390625,-10.391754150390625,128
test,0,The wary [wug] between the hooks atop the knobs,The wary [wugs] between the hook atop the knob,-6.851508617401123,-8.851508140563965,-4.956971645355225,-5.831971645355225,-4.413961887359619,-7.538961887359619,128
test,1,The wary [wugs] between the hook atop the knob,The wary [wug] between the hooks atop the knobs,-5.831971645355225,-4.956971645355225,-8.851508140563965,-6.851508617401123,-7.634333610534668,-7.009333610534668,128
test,0,The restless [wug] between the shelves atop the racks,The restless [wugs] between the shelf atop the rack,-6.81612491607666,-9.19112491607666,-6.384711265563965,-5.134711265563965,-5.160229206085205,-7.160229206085205,128
test,1,The restless [wugs] between the shelf atop the rack,The restless [wug] between the shelves atop the racks,-5.134711265563965,-6.384711265563965,-9.19112491607666,-6.81612491607666,-7.959506511688232,-7.084506511688232,128
test,0,The tiny [wug] beside the panels under the boards,The tiny [wugs] beside the panel under the board,-12.987963676452637,-15.362963676452637,-12.848469734191895,-13.223469734191895,-12.726885795593262,-14.539385795593262,128
test,1,The tiny [wugs] beside the panel under the board,The tiny [wug] beside the panels under the boards,-13.223469734191895,-12.848469734191895,-15.362963676452637,-12.987963676452637,-14.262627601623535,-13.387627601623535,128
test,0,The bold [wug] opposite the nails alongside the switches,The bold [wugs] opposite the nail alongside the switch,-5.952449798583984,-6.577449798583984,-5.064030647277832,-4.814030647277832,-4.757598400115967,-7.007598400115967,128
test,1,The bold [wugs] opposite the nail alongside the switch,The bold [wug] opposite the nails alongside the switches,-4.814030647277832,-5.064030647277832,-6.577449798583984,-5.952449798583984,-5.616147518157959,-6.116147518157959,128
test,0,The clever [wug] alongside the heaps near the pens,The clever [wugs] alongside the heap near the pen,-4.297086715698242,-6.547086715698242,-4.594527721405029,-4.219527721405029,-3.6759567260742188,-7.738456726074219,128
test,1,The clever [wugs] alongside the heap near the pen,The clever [wug] alongside the heaps near the pens,-4.219527721405029,-4.594527721405029,-6.547086715698242,-4.297086715698242,-5.273020267486572,-4.648020267486572,128
test,0,The lively [wug] between the poles atop the buckets,The lively [wugs] between the pole atop the bucket,-12.851496696472168,-12.788996696472168,-12.52136516571045,-11.14636516571045,-12.316390991210938,-11.816390991210938,128
test,1,The lively [wugs] between the pole atop the bucket,The lively [wug] between the poles atop the buckets,-11.14636516571045,-12.52136516571045,-12.788996696472168,-12.851496696472168,-12.204604148864746,-12.892104148864746,128
test,0,The round [wug] atop the bushes opposite the tents,The round [wugs] atop the bush opposite the tent,-2.1072471141815186,-5.3572468757629395,-2.504300355911255,-1.5043003559112549,-1.127698540687561,-6.5026984214782715,128
test,1,The round [wugs] atop the bush opposite the tent,The round [wug] atop the bushes opposite the tents,-1.5043003559112549,-2.504300355911255,-5.3572468757629395,-2.1072471141815186,-3.612826347351074,-2.362826347351074,128
test,0,The shy [wug] below the nails between the switches,The shy [wugs] below the nail between the switch,-16.869403839111328,-16.681903839111328,-16.161985397338867,-14.724485397338867,-16.04964828491211,-14.86214828491211,128
test,1,The shy [wugs] below the nail between the switch,The shy [wug] below the nails between the switches,-14.724485397338867,-16.161985397338867,-16.681903839111328,-16.869403839111328,-16.256776809692383,-17.194276809692383,128
test,0,The round [wug] above the shelves below the racks,The round [wugs] above the shelf below the rack,-4.412004470825195,-5.787004470825195,-4.498020172119141,-3.4980201721191406,-3.9711790084838867,-6.346179008483887,128
test,1,The round [wugs] above the shelf below the rack,The round [wug] above the shelves below the racks,-3.4980201721191406,-4.498020172119141,-5.787004470825195,-4.412004470825195,-4.3667097091674805,-4.4917097091674805,128
test,0,The wary [wug] opposite the racks alongside the hooks,The wary [wugs] opposite the rack alongside the hook,-6.456312656402588,-8.456313133239746,-6.068095684051514,-6.193095684051514,-5.7549028396606445,-7.6299028396606445,128
test,1,The wary [wugs] opposite the rack alongside the hook,The wary [wug] opposite the racks alongside the hooks,-6.193095684051514,-6.068095684051514,-8.456313133239746,-6.456312656402588,-7.47769832611084,-6.60269832611084,128
test,0,The strange [wug] above the hinges below the nails,The strange [wugs] above the hinge below the nail,-15.63751220703125,-16.38751220703125,-16.64028549194336,-15.26528549194336,-15.952259063720703,-16.702259063720703,128
test,1,The strange [wugs] above the hinge below the nail,The strange [wug] above the hinges below the nails,-15.26528549194336,-16.64028549194336,-16.38751220703125,-15.63751220703125,-15.699590682983398,-15.824590682983398,128
test,0,The bold [wug] near the baskets beside the pillars,The bold [wugs] near the basket beside the pillar,-4.483196258544922,-5.483196258544922,-7.060039043426514,-4.935039043426514,-5.5466179847717285,-7.1716179847717285,128
test,1,The bold [wugs] near the basket beside the pillar,The bold [wug] near the baskets beside the pillars,-4.935039043426514,-7.060039043426514,-5.483196258544922,-4.483196258544922,-4.251297950744629,-5.626297950744629,128
test,0,The gentle [wug] near the cabinets beside the desks,The gentle [wugs] near the cabinet beside the desk,-5.314711093902588,-5.814711093902588,-6.182127475738525,-6.182127475738525,-5.431339740753174,-9.181340217590332,128
test,1,The gentle [wugs] near the cabinet beside the desk,The gentle [wug] near the cabinets beside the desks,-6.182127475738525,-6.182127475738525,-5.814711093902588,-5.314711093902588,-4.951615333557129,-6.076615333557129,128
test,0,The strange [wug] near the desks beside the sofas,The strange [wugs] near the desk beside the sofa,-6.893487453460693,-9.643487930297852,-7.515295028686523,-6.890295028686523,-6.513186931610107,-10.513187408447266,128
test,1,The strange [wugs] near the desk beside the sofa,The strange [wug] near the desks beside the sofas,-6.890295028686523,-7.515295028686523,-9.643487930297852,-6.893487453460693,-7.770473003387451,-7.520473003387451,128
test,0,The wary [wug] between the lamps atop the sheds,The wary [wugs] between the lamp atop the shed,-7.650842666625977,-10.088342666625977,-5.536328315734863,-5.161328315734863,-4.931881427764893,-7.619381427764893,128
test,1,The wary [wugs] between the lamp atop the shed,The wary [wug] between the lamps atop the sheds,-5.161328315734863,-5.536328315734863,-10.088342666625977,-7.650842666625977,-8.540997505187988,-7.5409979820251465,128
test,0,The graceful [wug] under the lamps by the sheds,The graceful [wugs] under the lamp by the shed,-6.894725799560547,-9.769725799560547,-7.651768684387207,-8.526768684387207,-7.26976203918457,-10.76976203918457,128
test,1,The graceful [wugs] under the lamp by the shed,The graceful [wug] under the lamps by the sheds,-8.526768684387207,-7.651768684387207,-9.769725799560547,-6.894725799560547,-8.894779205322266,-7.269779205322266,128
test,0,The wary [wug] atop the slopes opposite the banks,The wary [wugs] atop the slope opposite the bank,-14.663052558898926,-18.38180160522461,-16.481019973754883,-17.856019973754883,-15.733642578125,-18.546142578125,128
test,1,The wary [wugs] atop the slope opposite the bank,The wary [wug] atop the slopes opposite the banks,-17.856019973754883,-16.481019973754883,-18.38180160522461,-14.663052558898926,-17.79922103881836,-14.924220085144043,128
test,0,The gentle [wug] under the switches by the sockets,The gentle [wugs] under the switch by the socket,-7.515775203704834,-9.515774726867676,-7.520613193511963,-8.895613670349121,-7.266166687011719,-11.328666687011719,128
test,1,The gentle [wugs] under the switch by the socket,The gentle [wug] under the switches by the sockets,-8.895613670349121,-7.520613193511963,-9.515774726867676,-7.515775203704834,-8.393768310546875,-7.643768310546875,128
test,0,The lively [wug] opposite the hooks alongside the knobs,The lively [wugs] opposite the hook alongside the knob,-16.070743560791016,-15.883244514465332,-16.743711471557617,-14.556212425231934,-16.616178512573242,-15.178678512573242,128
test,1,The lively [wugs] opposite the hook alongside the knob,The lively [wug] opposite the hooks alongside the knobs,-14.556212425231934,-16.743711471557617,-15.883244514465332,-16.070743560791016,-15.333850860595703,-16.083850860595703,128
test,0,The clever [wug] atop the slopes opposite the banks,The clever [wugs] atop the slope opposite the bank,-4.629953861236572,-9.254953384399414,-5.411567211151123,-3.411567211151123,-3.3568649291992188,-8.606864929199219,128
test,1,The clever [wugs] atop the slope opposite the bank,The clever [wug] atop the slopes opposite the banks,-3.411567211151123,-5.411567211151123,-9.254953384399414,-4.629953861236572,-6.970468997955322,-4.970468997955322,128
test,0,The bold [wug] above the racks below the hooks,The bold [wugs] above the rack below the hook,-5.789275169372559,-6.539275169372559,-5.943635940551758,-4.818635940551758,-5.04732084274292,-6.92232084274292,128
test,1,The bold [wugs] above the rack below the hook,The bold [wug] above the racks below the hooks,-4.818635940551758,-5.943635940551758,-6.539275169372559,-5.789275169372559,-5.425991058349609,-6.550991058349609,128
test,0,The wary [wug] above the banks below the locks,The wary [wugs] above the bank below the lock,-8.766253471374512,-11.891253471374512,-8.64559268951416,-9.52059268951416,-8.515982627868652,-12.015982627868652,128
test,1,The wary [wugs] above the bank below the lock,The wary [wug] above the banks below the locks,-9.52059268951416,-8.64559268951416,-11.891253471374512,-8.766253471374512,-10.266468048095703,-9.141468048095703,128
test,0,The round [wug] under the sofas by the mirrors,The round [wugs] under the sofa by the mirror,-10.426155090332031,-12.363655090332031,-11.792325973510742,-10.917325973510742,-11.159744262695312,-13.909744262695312,128
test,1,The round [wugs] under the sofa by the mirror,The round [wug] under the sofas by the mirrors,-10.917325973510742,-11.792325973510742,-12.363655090332031,-10.426155090332031,-11.495865821838379,-10.683365821838379,128
test,0,The fierce [wug] near the desks beside the sofas,The fierce [wugs] near the desk beside the sofa,-6.525346755981445,-9.650346755981445,-6.9102959632873535,-7.2852959632873535,-6.647286891937256,-10.522286415100098,128
test,1,The fierce [wugs] near the desk beside the sofa,The fierce [wug] near the desks beside the sofas,-7.2852959632873535,-6.9102959632873535,-9.650346755981445,-6.525346755981445,-7.904746055603027,-6.904746055603027,128
test,0,The clumsy [wug] by the boards above the shelves,The clumsy [wugs] by the board above the shelf,-7.287370204925537,-9.787369728088379,-7.390564918518066,-6.390564918518066,-6.707343101501465,-9.332343101501465,128
test,1,The clumsy [wugs] by the board above the shelf,The clumsy [wug] by the boards above the shelves,-6.390564918518066,-7.390564918518066,-9.787369728088379,-7.287370204925537,-8.301475524902344,-7.426475524902344,128
test,0,The curious [wug] atop the baskets opposite the pillars,The curious [wugs] atop the basket opposite the pillar,-5.009915351867676,-6.259915351867676,-5.493016242980957,-3.993016004562378,-4.422710418701172,-6.922710418701172,128
test,1,The curious [wugs] atop the basket opposite the pillar,The curious [wug] atop the baskets opposite the pillars,-3.993016004562378,-5.493016242980957,-6.259915351867676,-5.009915351867676,-4.880833148956299,-5.130833148956299,128
test,0,The gentle [wug] between the bushes atop the tents,The gentle [wugs] between the bush atop the tent,-16.752193450927734,-18.252193450927734,-16.916818618774414,-17.135568618774414,-16.956851959228516,-17.488101959228516,128
test,1,The gentle [wugs] between the bush atop the tent,The gentle [wug] between the bushes atop the tents,-17.135568618774414,-16.916818618774414,-18.252193450927734,-16.752193450927734,-17.818984985351562,-16.568984985351562,128
test,0,The curious [wug] near the gates beside the fences,The curious [wugs] near the gate beside the fence,-6.8048319816589355,-9.804832458496094,-7.551306247711182,-6.676306247711182,-6.78917121887207,-10.03917121887207,128
test,1,The curious [wugs] near the gate beside the fence,The curious [wug] near the gates beside the fences,-6.676306247711182,-7.551306247711182,-9.804832458496094,-6.8048319816589355,-7.934688568115234,-7.059688568115234,128
test,0,The clever [wug] above the slopes below the banks,The clever [wugs] above the slope below the bank,-15.744637489318848,-17.307138442993164,-18.145803451538086,-16.270803451538086,-17.748136520385742,-16.935636520385742,128
test,1,The clever [wugs] above the slope below the bank,The clever [wug] above the slopes below the banks,-16.270803451538086,-18.145803451538086,-17.307138442993164,-15.744637489318848,-16.740007400512695,-15.990007400512695,128
test,0,The graceful [wug] opposite the nails alongside the switches,The graceful [wugs] opposite the nail alongside the switch,-5.725561141967773,-6.850561141967773,-5.475472450256348,-7.100472450256348,-5.572530746459961,-8.697530746459961,128
test,1,The graceful [wugs] opposite the nail alongside the switch,The graceful [wug] opposite the nails alongside the switches,-7.100472450256348,-5.475472450256348,-6.850561141967773,-5.725561141967773,-6.589630126953125,-6.089630126953125,128
test,0,The graceful [wug] beside the fences under the lamps,The graceful [wugs] beside the fence under the lamp,-17.140764236450195,-18.453264236450195,-17.233423233032227,-16.858423233032227,-17.407670974731445,-17.282670974731445,128
test,1,The graceful [wugs] beside the fence under the lamp,The graceful [wug] beside the fences under the lamps,-16.858423233032227,-17.233423233032227,-18.453264236450195,-17.140764236450195,-18.14138412475586,-17.14138412475586,128
test,0,The lively [wug] below the sofas between the mirrors,The lively [wugs] below the sofa between the mirror,-12.317420959472656,-13.692420959472656,-13.1329345703125,-12.8204345703125,-12.96937084197998,-12.90687084197998,128
test,1,The lively [wugs] below the sofa between the mirror,The lively [wug] below the sofas between the mirrors,-12.8204345703125,-13.1329345703125,-13.692420959472656,-12.317420959472656,-12.900989532470703,-12.400989532470703,128
test,0,The clever [wug] under the heaps by the pens,The clever [wugs] under the heap by the pen,-12.520037651062012,-13.832537651062012,-13.422367095947266,-11.547367095947266,-13.328622817993164,-13.016122817993164,128
test,1,The clever [wugs] under the heap by the pen,The clever [wug] under the heaps by the pens,-11.547367095947266,-13.422367095947266,-13.832537651062012,-12.520037651062012,-13.202876091003418,-12.640376091003418,128
test,0,The fierce [wug] atop the braces opposite the panels,The fierce [wugs] atop the brace opposite the panel,-12.036187171936035,-13.161187171936035,-11.721922874450684,-10.284422874450684,-11.432357788085938,-10.369857788085938,128
test,1,The fierce [wugs] atop the brace opposite the panel,The fierce [wug] atop the braces opposite the panels,-10.284422874450684,-11.721922874450684,-13.161187171936035,-12.036187171936035,-12.491971969604492,-12.054471969604492,128
test,0,The round [wug] atop the baskets opposite the pillars,The round [wugs] atop the basket opposite the pillar,-12.422283172607422,-13.547283172607422,-12.679702758789062,-11.617202758789062,-11.890528678894043,-14.140528678894043,128
test,1,The round [wugs] atop the basket opposite the pillar,The round [wug] atop the baskets opposite the pillars,-11.617202758789062,-12.679702758789062,-13.547283172607422,-12.422283172607422,-12.44943618774414,-12.44943618774414,128
test,0,The clumsy [wug] alongside the lamps near the sheds,The clumsy [wugs] alongside the lamp near the shed,-16.418720245361328,-17.356220245361328,-17.773075103759766,-16.460575103759766,-17.084226608276367,-17.521726608276367,128
test,1,The clumsy [wugs] alongside the lamp near the shed,The clumsy [wug] alongside the lamps near the sheds,-16.460575103759766,-17.773075103759766,-17.356220245361328,-16.418720245361328,-16.73295021057129,-16.73295021057129,128
test,0,The shy [wug] beside the wells under the cabinets,The shy [wugs] beside the well under the cabinet,-18.295591354370117,-19.389341354370117,-19.074792861938477,-18.043542861938477,-18.280624389648438,-19.874374389648438,128
test,1,The shy [wugs] beside the well under the cabinet,The shy [wug] beside the wells under the cabinets,-18.043542861938477,-19.074792861938477,-19.389341354370117,-18.295591354370117,-18.710647583007812,-18.366897583007812,128
test,0,The spotted [wug] by the cabinets above the desks,The spotted [wugs] by the cabinet above the desk,-14.979549407958984,-16.229549407958984,-15.728621482849121,-16.041120529174805,-15.722646713256836,-16.535146713256836,128
test,1,The spotted [wugs] by the cabinet above the desk,The spotted [wug] by the cabinets above the desks,-16.041120529174805,-15.728621482849121,-16.229549407958984,-14.979549407958984,-15.790748596191406,-15.103248596191406,128
test,0,The lively [wug] alongside the beams near the braces,The lively [wugs] alongside the beam near the brace,-13.262602806091309,-13.512602806091309,-13.216462135314941,-12.153962135314941,-12.758508682250977,-13.258508682250977,128
test,1,The lively [wugs] alongside the beam near the brace,The lively [wug] alongside the beams near the braces,-12.153962135314941,-13.216462135314941,-13.512602806091309,-13.262602806091309,-12.661616325378418,-13.349116325378418,128
test,0,The shy [wug] opposite the trees alongside the ponds,The shy [wugs] opposite the tree alongside the pond,-12.089620590209961,-16.27712059020996,-13.955975532531738,-14.705975532531738,-13.015190124511719,-16.64019012451172,128
test,1,The shy [wugs] opposite the tree alongside the pond,The shy [wug] opposite the trees alongside the ponds,-14.705975532531738,-13.955975532531738,-16.27712059020996,-12.089620590209961,-15.722926139831543,-12.160426139831543,128
test,0,The spotted [wug] beside the hinges under the nails,The spotted [wugs] beside the hinge under the nail,-16.964372634887695,-17.526872634887695,-15.311493873596191,-15.248993873596191,-15.553627967834473,-15.616127967834473,128
test,1,The spotted [wugs] beside the hinge under the nail,The spotted [wug] beside the hinges under the nails,-15.248993873596191,-15.311493873596191,-17.526872634887695,-16.964372634887695,-16.96947479248047,-16.65697479248047,128
test,0,The bold [wug] near the hinges beside the nails,The bold [wugs] near the hinge beside the nail,-14.526726722717285,-15.401726722717285,-16.072589874267578,-13.947589874267578,-15.218365669250488,-15.780865669250488,128
test,1,The bold [wugs] near the hinge beside the nail,The bold [wug] near the hinges beside the nails,-13.947589874267578,-16.072589874267578,-15.401726722717285,-14.526726722717285,-14.117473602294922,-15.117473602294922,128
test,0,The lively [wug] under the ponds by the bridges,The lively [wugs] under the pond by the bridge,-17.58564567565918,-18.42939567565918,-18.45566177368164,-17.64316177368164,-17.95343589782715,-18.70343589782715,128
test,1,The lively [wugs] under the pond by the bridge,The lively [wug] under the ponds by the bridges,-17.64316177368164,-18.45566177368164,-18.42939567565918,-17.58564567565918,-18.14630889892578,-17.95880889892578,128
test,0,The shy [wug] near the jars beside the trees,The shy [wugs] near the jar beside the tree,-15.511979103088379,-18.761980056762695,-16.82765007019043,-15.702651023864746,-16.010488510131836,-17.885488510131836,128
test,1,The shy [wugs] near the jar beside the tree,The shy [wug] near the jars beside the trees,-15.702651023864746,-16.82765007019043,-18.761980056762695,-15.511979103088379,-17.07692527770996,-15.514424324035645,128
test,0,The clumsy [wug] opposite the roots alongside the cliffs,The clumsy [wugs] opposite the root alongside the cliff,-15.850436210632324,-16.475435256958008,-16.94755744934082,-15.01005744934082,-15.985773086547852,-16.23577308654785,128
test,1,The clumsy [wugs] opposite the root alongside the cliff,The clumsy [wug] opposite the roots alongside the cliffs,-15.01005744934082,-16.94755744934082,-16.475435256958008,-15.850436210632324,-15.849493026733398,-16.2244930267334,128
test,0,The sturdy [wug] under the boards by the shelves,The sturdy [wugs] under the board by the shelf,-5.565321445465088,-7.815321445465088,-6.189342975616455,-5.564342975616455,-5.541844844818115,-8.041845321655273,128
test,1,The sturdy [wugs] under the board by the shelf,The sturdy [wug] under the boards by the shelves,-5.564342975616455,-6.189342975616455,-7.815321445465088,-5.565321445465088,-6.573966026306152,-5.823966026306152,128
test,0,The shy [wug] atop the sheds opposite the posts,The shy [wugs] atop the shed opposite the post,-4.593808650970459,-8.093809127807617,-4.518465995788574,-3.1434662342071533,-3.225008249282837,-6.100008010864258,128
test,1,The shy [wugs] atop the shed opposite the post,The shy [wug] atop the sheds opposite the posts,-3.1434662342071533,-4.518465995788574,-8.093809127807617,-4.593808650970459,-5.683367729187012,-4.558367729187012,128
test,0,The clever [wug] near the sockets beside the wires,The clever [wugs] near the socket beside the wire,-4.7058329582214355,-8.330832481384277,-5.14102029800415,-4.26602029800415,-4.529887676239014,-7.904887676239014,128
test,1,The clever [wugs] near the socket beside the wire,The clever [wug] near the sockets beside the wires,-4.26602029800415,-5.14102029800415,-8.330832481384277,-4.7058329582214355,-5.489254474639893,-4.739254474639893,128
test,0,The shy [wug] alongside the wells near the cabinets,The shy [wugs] alongside the well near the cabinet,-15.381526947021484,-17.444026947021484,-15.981205940246582,-16.2312068939209,-15.5546293258667,-17.492128372192383,128
test,1,The shy [wugs] alongside the well near the cabinet,The shy [wug] alongside the wells near the cabinets,-16.2312068939209,-15.981205940246582,-17.444026947021484,-15.381526947021484,-16.76926612854004,-15.456766128540039,128
test,0,The tiny [wug] between the doors atop the baskets,The tiny [wugs] between the door atop the basket,-16.998004913330078,-18.779254913330078,-15.33680534362793,-15.21180534362793,-15.160927772521973,-16.848426818847656,128
test,1,The tiny [wugs] between the door atop the basket,The tiny [wug] between the doors atop the baskets,-15.21180534362793,-15.33680534362793,-18.779254913330078,-16.998004913330078,-17.559743881225586,-17.028493881225586,128
test,0,The restless [wug] opposite the tents alongside the poles,The restless [wugs] opposite the tent alongside the pole,-15.854246139526367,-16.666746139526367,-15.893630981445312,-14.393630981445312,-15.867616653442383,-15.555116653442383,128
test,1,The restless [wugs] opposite the tent alongside the pole,The restless [wug] opposite the tents alongside the poles,-14.393630981445312,-15.893630981445312,-16.666746139526367,-15.854246139526367,-15.947123527526855,-15.947123527526855,128
test,0,The restless [wug] near the sheds beside the posts,The restless [wugs] near the shed beside the post,-6.230680465698242,-9.480680465698242,-6.926042556762695,-5.551042556762695,-4.668814659118652,-6.543814659118652,128
test,1,The restless [wugs] near the shed beside the post,The restless [wug] near the sheds beside the posts,-5.551042556762695,-6.926042556762695,-9.480680465698242,-6.230680465698242,-6.194658279418945,-6.069658279418945,128
test,0,The sturdy [wug] under the nails by the switches,The sturdy [wugs] under the nail by the switch,-15.216745376586914,-16.404245376586914,-14.486641883850098,-14.236641883850098,-14.53713607788086,-14.78713607788086,128
test,1,The sturdy [wugs] under the nail by the switch,The sturdy [wug] under the nails by the switches,-14.236641883850098,-14.486641883850098,-16.404245376586914,-15.216745376586914,-15.912711143493652,-15.162711143493652,128
test,0,The gentle [wug] opposite the fences alongside the lamps,The gentle [wugs] opposite the fence alongside the lamp,-13.977252960205078,-15.602252960205078,-14.631609916687012,-14.881609916687012,-14.324640274047852,-15.137140274047852,128
test,1,The gentle [wugs] opposite the fence alongside the lamp,The gentle [wug] opposite the fences alongside the lamps,-14.881609916687012,-14.631609916687012,-15.602252960205078,-13.977252960205078,-14.65461540222168,-13.59211540222168,128
test,0,The sturdy [wug] opposite the heaps alongside the pens,The sturdy [wugs] opposite the heap alongside the pen,-3.1296677589416504,-5.00466775894165,-2.583463668823242,-2.833463668823242,-2.0635251998901367,-5.688525199890137,128
test,1,The sturdy [wugs] opposite the heap alongside the pen,The sturdy [wug] opposite the heaps alongside the pens,-2.833463668823242,-2.583463668823242,-5.00466775894165,-3.1296677589416504,-4.180859088897705,-3.055859088897705,128
test,0,The lively [wug] above the trees below the ponds,The lively [wugs] above the tree below the pond,-6.4203362464904785,-9.67033576965332,-7.0352606773376465,-7.4102606773376465,-6.529481410980225,-9.904480934143066,128
test,1,The lively [wugs] above the tree below the pond,The lively [wug] above the trees below the ponds,-7.4102606773376465,-7.0352606773376465,-9.67033576965332,-6.4203362464904785,-8.421344757080078,-6.921344757080078,128
test,0,The bold [wug] below the ponds between the bridges,The bold [wugs] below the pond between the bridge,-13.925494194030762,-15.675494194030762,-13.81413745880127,-13.68913745880127,-13.120535850524902,-14.745535850524902,128
test,1,The bold [wugs] below the pond between the bridge,The bold [wug] below the ponds between the bridges,-13.68913745880127,-13.81413745880127,-15.675494194030762,-13.925494194030762,-14.557018280029297,-14.182018280029297,128
test,0,The gentle [wug] beside the fences under the lamps,The gentle [wugs] beside the fence under the lamp,-7.638914108276367,-9.513914108276367,-6.657853126525879,-8.532853126525879,-6.402127265930176,-10.652127265930176,128
test,1,The gentle [wugs] beside the fence under the lamp,The gentle [wug] beside the fences under the lamps,-8.532853126525879,-6.657853126525879,-9.513914108276367,-7.638914108276367,-8.638874053955078,-7.888874530792236,128
test,0,The round [wug] by the buckets above the sacks,The round [wugs] by the bucket above the sack,-5.169599533081055,-6.169599533081055,-5.954668998718262,-5.704668998718262,-5.215032577514648,-7.715032577514648,128
test,1,The round [wugs] by the bucket above the sack,The round [wug] by the buckets above the sacks,-5.704668998718262,-5.954668998718262,-6.169599533081055,-5.169599533081055,-5.401066780090332,-5.526066780090332,128
test,0,The bold [wug] by the slopes above the banks,The bold [wugs] by the slope above the bank,-5.959018707275391,-7.834018707275391,-5.805105209350586,-4.805105209350586,-4.673374652862549,-6.923374652862549,128
test,1,The bold [wugs] by the slope above the bank,The bold [wug] by the slopes above the banks,-4.805105209350586,-5.805105209350586,-7.834018707275391,-5.959018707275391,-6.5687479972839355,-6.3187479972839355,128
test,0,The spotted [wug] opposite the panels alongside the boards,The spotted [wugs] opposite the panel alongside the board,-4.014389514923096,-6.139389514923096,-5.886538982391357,-7.261538982391357,-5.730535507202148,-8.105535507202148,128
test,1,The spotted [wugs] opposite the panel alongside the board,The spotted [wug] opposite the panels alongside the boards,-7.261538982391357,-5.886538982391357,-6.139389514923096,-4.014389514923096,-5.670294761657715,-4.170294761657715,128
test,0,The clever [wug] alongside the bridges near the gates,The clever [wugs] alongside the bridge near the gate,-15.45393180847168,-17.01643180847168,-17.596548080444336,-16.909048080444336,-17.649822235107422,-18.212322235107422,128
test,1,The clever [wugs] alongside the bridge near the gate,The clever [wug] alongside the bridges near the gates,-16.909048080444336,-17.596548080444336,-17.01643180847168,-15.45393180847168,-16.315919876098633,-15.75342082977295,128
test,0,The wary [wug] between the buckets atop the sacks,The wary [wugs] between the bucket atop the sack,-6.975395202636719,-9.225395202636719,-5.128965377807617,-5.878965377807617,-4.83220100402832,-7.58220100402832,128
test,1,The wary [wugs] between the bucket atop the sack,The wary [wug] between the buckets atop the sacks,-5.878965377807617,-5.128965377807617,-9.225395202636719,-6.975395202636719,-7.692146301269531,-6.817146301269531,128
test,0,The clever [wug] alongside the mirrors near the bushes,The clever [wugs] alongside the mirror near the bush,-12.351024627685547,-14.851024627685547,-16.000186920166016,-13.6876859664917,-14.858821868896484,-15.171321868896484,128
test,1,The clever [wugs] alongside the mirror near the bush,The clever [wug] alongside the mirrors near the bushes,-13.6876859664917,-16.000186920166016,-14.851024627685547,-12.351024627685547,-13.678449630737305,-12.865949630737305,128
test,0,The curious [wug] beside the wires under the ropes,The curious [wugs] beside the wire under the rope,-20.668903350830078,-20.668903350830078,-21.802465438842773,-19.958715438842773,-21.29778289794922,-21.04778289794922,128
test,1,The curious [wugs] beside the wire under the rope,The curious [wug] beside the wires under the ropes,-19.958715438842773,-21.802465438842773,-20.668903350830078,-20.668903350830078,-20.169279098510742,-21.013029098510742,128
test,0,The graceful [wug] alongside the wells near the cabinets,The graceful [wugs] alongside the well near the cabinet,-13.953194618225098,-14.203194618225098,-13.770560264587402,-11.895560264587402,-13.561948776245117,-12.811948776245117,128
test,1,The graceful [wugs] alongside the well near the cabinet,The graceful [wug] alongside the wells near the cabinets,-11.895560264587402,-13.770560264587402,-14.203194618225098,-13.953194618225098,-13.853965759277344,-14.291465759277344,128
test,0,The graceful [wug] beside the hinges under the nails,The graceful [wugs] beside the hinge under the nail,-7.8985595703125,-10.2735595703125,-7.162428379058838,-8.03742790222168,-6.780446529388428,-10.092947006225586,128
test,1,The graceful [wugs] beside the hinge under the nail,The graceful [wug] beside the hinges under the nails,-8.03742790222168,-7.162428379058838,-10.2735595703125,-7.8985595703125,-9.402836799621582,-8.152836799621582,128
test,0,The shy [wug] between the cliffs atop the slopes,The shy [wugs] between the cliff atop the slope,-5.966638565063477,-9.091638565063477,-6.040093421936035,-6.540093421936035,-5.168997287750244,-8.606496810913086,128
test,1,The shy [wugs] between the cliff atop the slope,The shy [wug] between the cliffs atop the slopes,-6.540093421936035,-6.040093421936035,-9.091638565063477,-5.966638565063477,-8.427230834960938,-6.427231311798096,128
test,0,The bold [wug] alongside the heaps near the pens,The bold [wugs] alongside the heap near the pen,-3.3433144092559814,-4.5933146476745605,-3.333402156829834,-2.583402156829834,-2.4188225269317627,-5.293822765350342,128
test,1,The bold [wugs] alongside the heap near the pen,The bold [wug] alongside the heaps near the pens,-2.583402156829834,-3.333402156829834,-4.5933146476745605,-3.3433144092559814,-3.209819793701172,-3.834819793701172,128
test,0,The wary [wug] atop the buckets opposite the sacks,The wary [wugs] atop the bucket opposite the sack,-10.9779634475708,-11.2279634475708,-13.464757919311523,-11.464757919311523,-13.031545639038086,-11.969045639038086,128
test,1,The wary [wugs] atop the bucket opposite the sack,The wary [wug] atop the buckets opposite the sacks,-11.464757919311523,-13.464757919311523,-11.2279634475708,-10.9779634475708,-10.698505401611328,-11.386005401611328,128
test,0,The clever [wug] near the switches beside the sockets,The clever [wugs] near the switch beside the socket,-4.951351642608643,-8.951351165771484,-7.895637035369873,-6.645637035369873,-6.887773036956787,-11.325273513793945,128
test,1,The clever [wugs] near the switch beside the socket,The clever [wug] near the switches beside the sockets,-6.645637035369873,-7.895637035369873,-8.951351165771484,-4.951351642608643,-6.327075958251953,-5.452075958251953,128
test,0,The wary [wug] atop the sacks opposite the bins,The wary [wugs] atop the sack opposite the bin,-13.140497207641602,-14.765497207641602,-15.078646659851074,-11.891146659851074,-13.808489799499512,-13.245989799499512,128
test,1,The wary [wugs] atop the sack opposite the bin,The wary [wug] atop the sacks opposite the bins,-11.891146659851074,-15.078646659851074,-14.765497207641602,-13.140497207641602,-13.184669494628906,-13.622169494628906,128
test,0,The round [wug] between the mirrors atop the bushes,The round [wugs] between the mirror atop the bush,-3.4286012649536133,-6.553601264953613,-5.736743927001953,-4.861743927001953,-4.364360809326172,-8.614360809326172,128
test,1,The round [wugs] between the mirror atop the bush,The round [wug] between the mirrors atop the bushes,-4.861743927001953,-5.736743927001953,-6.553601264953613,-3.4286012649536133,-5.069787979125977,-3.8197879791259766,128
test,0,The curious [wug] alongside the boards near the shelves,The curious [wugs] alongside the board near the shelf,-5.647039890289307,-6.772039890289307,-7.146398067474365,-5.646398067474365,-6.577635288238525,-7.827635288238525,128
test,1,The curious [wugs] alongside the board near the shelf,The curious [wug] alongside the boards near the shelves,-5.646398067474365,-7.146398067474365,-6.772039890289307,-5.647039890289307,-5.532224655151367,-6.157224655151367,128
test,0,The tiny [wug] near the bushes beside the tents,The tiny [wugs] near the bush beside the tent,-13.133049011230469,-16.32054901123047,-15.67943000793457,-14.05443000793457,-15.16771125793457,-15.60521125793457,128
test,1,The tiny [wugs] near the bush beside the tent,The tiny [wug] near the bushes beside the tents,-14.05443000793457,-15.67943000793457,-16.32054901123047,-13.133049011230469,-14.797346115112305,-13.484846115112305,128
test,0,The graceful [wug] above the sockets below the wires,The graceful [wugs] above the socket below the wire,-17.33128547668457,-17.01878547668457,-16.469940185546875,-14.219940185546875,-16.341384887695312,-14.403883934020996,128
test,1,The graceful [wugs] above the socket below the wire,The graceful [wug] above the sockets below the wires,-14.219940185546875,-16.469940185546875,-17.01878547668457,-17.33128547668457,-16.829269409179688,-17.829269409179688,128
test,0,The lively [wug] alongside the switches near the sockets,The lively [wugs] alongside the switch near the socket,-15.888951301574707,-16.138952255249023,-16.988679885864258,-15.613680839538574,-16.794870376586914,-16.044870376586914,128
test,1,The lively [wugs] alongside the switch near the socket,The lively [wug] alongside the switches near the sockets,-15.613680839538574,-16.988679885864258,-16.138952255249023,-15.888951301574707,-15.585282325744629,-16.022783279418945,128
test,0,The tiny [wug] near the knobs beside the hinges,The tiny [wugs] near the knob beside the hinge,-7.883175373077393,-10.25817584991455,-7.643558502197266,-7.143558502197266,-7.260491847991943,-10.260492324829102,128
test,1,The tiny [wugs] near the knob beside the hinge,The tiny [wug] near the knobs beside the hinges,-7.143558502197266,-7.643558502197266,-10.25817584991455,-7.883175373077393,-8.260507583618164,-8.385507583618164,128
test,0,The clumsy [wug] atop the shelves opposite the racks,The clumsy [wugs] atop the shelf opposite the rack,-4.151686668395996,-7.651686668395996,-6.224610328674316,-3.5996105670928955,-4.222290515899658,-6.972290515899658,128
test,1,The clumsy [wugs] atop the shelf opposite the rack,The clumsy [wug] atop the shelves opposite the racks,-3.5996105670928955,-6.224610328674316,-7.651686668395996,-4.151686668395996,-5.313902378082275,-4.438902378082275,128
test,0,The spotted [wug] atop the gates opposite the fences,The spotted [wugs] atop the gate opposite the fence,-14.92421817779541,-14.79921817779541,-15.467252731323242,-14.404752731323242,-15.528620719909668,-14.716120719909668,128
test,1,The spotted [wugs] atop the gate opposite the fence,The spotted [wug] atop the gates opposite the fences,-14.404752731323242,-15.467252731323242,-14.79921817779541,-14.92421817779541,-14.441762924194336,-14.941762924194336,128
test,0,The wary [wug] opposite the doors alongside the baskets,The wary [wugs] opposite the door alongside the basket,-5.832171440124512,-7.707171440124512,-7.027868747711182,-6.902868747711182,-6.456578731536865,-8.081579208374023,128
test,1,The wary [wugs] opposite the door alongside the basket,The wary [wug] opposite the doors alongside the baskets,-6.902868747711182,-7.027868747711182,-7.707171440124512,-5.832171440124512,-7.0062150955200195,-6.2562150955200195,128
test,0,The curious [wug] beside the gates under the fences,The curious [wugs] beside the gate under the fence,-8.274669647216797,-11.024669647216797,-8.522144317626953,-8.147144317626953,-7.396043300628662,-11.02104377746582,128
test,1,The curious [wugs] beside the gate under the fence,The curious [wug] beside the gates under the fences,-8.147144317626953,-8.522144317626953,-11.024669647216797,-8.274669647216797,-9.777542114257812,-8.402542114257812,128
test,0,The lively [wug] beside the racks under the hooks,The lively [wugs] beside the rack under the hook,-5.941092491149902,-7.566092491149902,-6.478953838348389,-6.478953838348389,-5.946273326873779,-8.321272850036621,128
test,1,The lively [wugs] beside the rack under the hook,The lively [wug] beside the racks under the hooks,-6.478953838348389,-6.478953838348389,-7.566092491149902,-5.941092491149902,-6.702638149261475,-6.452638149261475,128
test,0,The graceful [wug] above the braces below the panels,The graceful [wugs] above the brace below the panel,-13.028165817260742,-15.465665817260742,-12.977971076965332,-13.790471076965332,-12.656826972961426,-14.969326972961426,128
test,1,The graceful [wugs] above the brace below the panel,The graceful [wug] above the braces below the panels,-13.790471076965332,-12.977971076965332,-15.465665817260742,-13.028165817260742,-14.778650283813477,-13.403650283813477,128
test,0,The spotted [wug] opposite the banks alongside the locks,The spotted [wugs] opposite the bank alongside the lock,-4.6450886726379395,-7.8950886726379395,-5.3972039222717285,-8.272204399108887,-5.628091812133789,-9.815591812133789,128
test,1,The spotted [wugs] opposite the bank alongside the lock,The spotted [wug] opposite the banks alongside the locks,-8.272204399108887,-5.3972039222717285,-7.8950886726379395,-4.6450886726379395,-6.733912467956543,-4.483912467956543,128
test,0,The sturdy [wug] by the switches above the sockets,The sturdy [wugs] by the switch above the socket,-5.796453475952148,-7.296453475952148,-5.935073375701904,-5.685073375701904,-5.297648906707764,-8.922649383544922,128
test,1,The sturdy [wugs] by the switch above the socket,The sturdy [wug] by the switches above the sockets,-5.685073375701904,-5.935073375701904,-7.296453475952148,-5.796453475952148,-6.180755138397217,-5.930755138397217,128
test,0,The clumsy [wug] alongside the mirrors near the bushes,The clumsy [wugs] alongside the mirror near the bush,-12.685145378112793,-16.68514633178711,-15.820137977600098,-13.570137977600098,-14.21302604675293,-15.77552604675293,128
test,1,The clumsy [wugs] alongside the mirror near the bush,The clumsy [wug] alongside the mirrors near the bushes,-13.570137977600098,-15.820137977600098,-16.68514633178711,-12.685145378112793,-14.592565536499023,-12.905065536499023,128
test,0,The clumsy [wug] near the bridges beside the gates,The clumsy [wugs] near the bridge beside the gate,-4.666767597198486,-8.041767120361328,-8.056252479553223,-6.556252479553223,-6.66839599609375,-10.73089599609375,128
test,1,The clumsy [wugs] near the bridge beside the gate,The clumsy [wug] near the bridges beside the gates,-6.556252479553223,-8.056252479553223,-8.041767120361328,-4.666767597198486,-6.144368648529053,-5.019368648529053,128
test,0,The bold [wug] beside the sockets under the wires,The bold [wugs] beside the socket under the wire,-5.094977378845215,-6.469977378845215,-4.689365386962891,-3.6893653869628906,-3.9887008666992188,-5.863700866699219,128
test,1,The bold [wugs] beside the socket under the wire,The bold [wug] beside the sockets under the wires,-3.6893653869628906,-4.689365386962891,-6.469977378845215,-5.094977378845215,-4.872457504272461,-5.747457504272461,128
test,0,The round [wug] opposite the sacks alongside the bins,The round [wugs] opposite the sack alongside the bin,-2.91566801071167,-5.04066801071167,-4.330965042114258,-3.4559648036956787,-3.173184633255005,-6.298184394836426,128
test,1,The round [wugs] opposite the sack alongside the bin,The round [wug] opposite the sacks alongside the bins,-3.4559648036956787,-4.330965042114258,-5.04066801071167,-2.91566801071167,-4.326912879943848,-3.0769131183624268,128
test,0,The wary [wug] beside the panels under the boards,The wary [wugs] beside the panel under the board,-7.420377731323242,-9.982877731323242,-6.863366603851318,-6.613366603851318,-6.291417121887207,-8.416417121887207,128
test,1,The wary [wugs] beside the panel under the board,The wary [wug] beside the panels under the boards,-6.613366603851318,-6.863366603851318,-9.982877731323242,-7.420377731323242,-8.806617736816406,-7.681617736816406,128
test,0,The clumsy [wug] alongside the knobs near the hinges,The clumsy [wugs] alongside the knob near the hinge,-17.709827423095703,-18.584827423095703,-20.853837966918945,-18.447587966918945,-20.07148551940918,-19.29023551940918,128
test,1,The clumsy [wugs] alongside the knob near the hinge,The clumsy [wug] alongside the knobs near the hinges,-18.447587966918945,-20.853837966918945,-18.584827423095703,-17.709827423095703,-17.834091186523438,-18.334091186523438,128
test,0,The lively [wug] under the roots by the cliffs,The lively [wugs] under the root by the cliff,-7.512310981750488,-10.762310981750488,-7.654395580291748,-8.154396057128906,-7.143406391143799,-10.705906867980957,128
test,1,The lively [wugs] under the root by the cliff,The lively [wug] under the roots by the cliffs,-8.154396057128906,-7.654395580291748,-10.762310981750488,-7.512310981750488,-9.637513160705566,-7.762513160705566,128
test,0,The round [wug] atop the jars opposite the trees,The round [wugs] atop the jar opposite the tree,-4.907753944396973,-6.657753944396973,-4.899755477905273,-3.5247552394866943,-3.705735445022583,-8.455735206604004,128
test,1,The round [wugs] atop the jar opposite the tree,The round [wug] atop the jars opposite the trees,-3.5247552394866943,-4.899755477905273,-6.657753944396973,-4.907753944396973,-5.341649532318115,-4.841649532318115,128
test,0,The strange [wug] atop the slopes opposite the banks,The strange [wugs] atop the slope opposite the bank,-12.661149978637695,-15.098649978637695,-10.623417854309082,-9.873417854309082,-9.825922012329102,-10.825922012329102,128
test,1,The strange [wugs] atop the slope opposite the bank,The strange [wug] atop the slopes opposite the banks,-9.873417854309082,-10.623417854309082,-15.098649978637695,-12.661149978637695,-14.416942596435547,-13.041942596435547,128
test,0,The bold [wug] beside the sacks under the bins,The bold [wugs] beside the sack under the bin,-17.114992141723633,-17.302492141723633,-17.9581356048584,-16.1768856048584,-17.422208786010742,-16.922208786010742,128
test,1,The bold [wugs] beside the sack under the bin,The bold [wug] beside the sacks under the bins,-16.1768856048584,-17.9581356048584,-17.302492141723633,-17.114992141723633,-16.698226928710938,-17.698226928710938,128
test,0,The clumsy [wug] atop the sacks opposite the bins,The clumsy [wugs] atop the sack opposite the bin,-3.460904121398926,-7.460904121398926,-6.061485767364502,-3.311485767364502,-3.5723252296447754,-7.884825229644775,128
test,1,The clumsy [wugs] atop the sack opposite the bin,The clumsy [wug] atop the sacks opposite the bins,-3.311485767364502,-6.061485767364502,-7.460904121398926,-3.460904121398926,-4.63734769821167,-3.76234769821167,128
test,0,The bold [wug] under the sofas by the mirrors,The bold [wugs] under the sofa by the mirror,-16.171733856201172,-17.046733856201172,-17.445573806762695,-15.945573806762695,-16.18560791015625,-16.49810791015625,128
test,1,The bold [wugs] under the sofa by the mirror,The bold [wug] under the sofas by the mirrors,-15.945573806762695,-17.445573806762695,-17.046733856201172,-16.171733856201172,-16.61933135986328,-16.86933135986328,128
test,0,The restless [wug] opposite the fences alongside the lamps,The restless [wugs] opposite the fence alongside the lamp,-15.870916366577148,-17.12091636657715,-17.059032440185547,-15.496532440185547,-15.848079681396484,-16.473079681396484,128
test,1,The restless [wugs] opposite the fence alongside the lamp,The restless [wug] opposite the fences alongside the lamps,-15.496532440185547,-17.059032440185547,-17.12091636657715,-15.870916366577148,-15.649412155151367,-15.899412155151367,128
test,0,The lively [wug] below the boards between the shelves,The lively [wugs] below the board between the shelf,-3.8605058193206787,-6.3605055809021,-8.974745750427246,-9.349745750427246,-8.52748966217041,-10.33998966217041,128
test,1,The lively [wugs] below the board between the shelf,The lively [wug] below the boards between the shelves,-9.349745750427246,-8.974745750427246,-6.3605055809021,-3.8605058193206787,-4.388580799102783,-3.763580799102783,128
test,0,The wary [wug] by the braces above the panels,The wary [wugs] by the brace above the panel,-16.724061965942383,-18.411561965942383,-15.750432968139648,-15.000432968139648,-15.72297477722168,-15.16047477722168,128
test,1,The wary [wugs] by the brace above the panel,The wary [wug] by the braces above the panels,-15.000432968139648,-15.750432968139648,-18.411561965942383,-16.724061965942383,-18.164287567138672,-16.726787567138672,128
test,0,The tiny [wug] between the baskets atop the pillars,The tiny [wugs] between the basket atop the pillar,-4.174400806427002,-7.049400806427002,-4.725486755371094,-3.850486993789673,-4.089312553405762,-6.964312553405762,128
test,1,The tiny [wugs] between the basket atop the pillar,The tiny [wug] between the baskets atop the pillars,-3.850486993789673,-4.725486755371094,-7.049400806427002,-4.174400806427002,-5.073732376098633,-4.073732376098633,128
test,0,The graceful [wug] near the bushes beside the tents,The graceful [wugs] near the bush beside the tent,-3.0388951301574707,-5.538895130157471,-4.751799583435059,-5.126799583435059,-4.094369411468506,-7.719369411468506,128
test,1,The graceful [wugs] near the bush beside the tent,The graceful [wug] near the bushes beside the tents,-5.126799583435059,-4.751799583435059,-5.538895130157471,-3.0388951301574707,-4.3796772956848145,-3.6296772956848145,128
