epoch,pair_index,global_step,phase,ce_loss,total_loss,grad_norm_wug,grad_norm_wugs,step_wug,step_wugs,norm_wug,norm_wugs,separation_l2,cosine
1,0,1,singular,15.162727355957031,15.162727355957031,155.0,0.003509521484375,0.0228271484375,0.022705078125,1.4453125,1.4453125,1.9375,0.10302734375
1,0,2,plural,7.756877422332764,7.756877422332764,0.0022125244140625,160.0,0.0048828125,0.031982421875,1.4453125,1.453125,1.9453125,0.10302734375
1,1,3,singular,,,0.0,0.0,0.0009613037109375,0.00445556640625,1.453125,1.4453125,1.9375,0.10302734375
1,1,4,plural,12.770593643188477,12.770593643188477,0.00011157989501953125,155.0,0.003204345703125,0.033203125,1.4453125,1.453125,1.9453125,0.10400390625
1,2,5,singular,,,0.0,0.0,0.002716064453125,0.0045166015625,1.4453125,1.453125,1.9375,0.10400390625
1,2,6,plural,4.683961868286133,4.683961868286133,0.0035247802734375,162.0,0.00244140625,0.0289306640625,1.4453125,1.4453125,1.9375,0.10546875
1,3,7,singular,16.59433364868164,16.59433364868164,162.0,0.0673828125,0.0400390625,0.004669189453125,1.4453125,1.453125,1.9375,0.10595703125
1,3,8,plural,6.740291595458984,6.740291595458984,0.000850677490234375,165.0,0.005157470703125,0.029052734375,1.453125,1.4453125,1.9375,0.10693359375
1,4,9,singular,,,0.0,0.0,0.0033111572265625,0.004730224609375,1.4453125,1.453125,1.9375,0.10693359375
1,4,10,plural,,,0.0,0.0,0.0028533935546875,0.0031585693359375,1.453125,1.4453125,1.9375,0.10693359375
1,5,11,singular,,,0.0,0.0,0.0027008056640625,0.0029296875,1.4453125,1.453125,1.9375,0.10693359375
1,5,12,plural,,,0.0,0.0,0.0027008056640625,0.0027313232421875,1.453125,1.453125,1.9375,0.1064453125
1,6,13,singular,10.320898056030273,10.320898056030273,157.0,4.40625,0.0419921875,0.00154876708984375,1.4453125,1.4453125,1.9375,0.1083984375
1,6,14,plural,,,0.0,0.0,0.004669189453125,0.0027923583984375,1.453125,1.453125,1.9375,0.10791015625
1,7,15,singular,11.447750091552734,11.447750091552734,163.0,0.400390625,0.0361328125,0.0027313232421875,1.453125,1.453125,1.9375,0.10791015625
1,7,16,plural,2.629875659942627,2.629875659942627,0.169921875,153.0,0.0024871826171875,0.03564453125,1.4453125,1.4453125,1.9296875,0.11083984375
1,8,17,singular,16.33357810974121,16.33357810974121,165.0,0.00128173828125,0.04052734375,0.00494384765625,1.4453125,1.453125,1.9296875,0.1103515625
1,8,18,plural,4.831723690032959,4.831723690032959,0.00830078125,163.0,0.00457763671875,0.040771484375,1.453125,1.453125,1.9296875,0.1123046875
1,9,19,singular,8.255912780761719,8.255912780761719,156.0,1.625,0.03271484375,0.002349853515625,1.4453125,1.453125,1.9296875,0.11328125
1,9,20,plural,6.038863182067871,6.038863182067871,0.11962890625,154.0,0.004669189453125,0.0380859375,1.453125,1.4453125,1.9296875,0.115234375
1,10,21,singular,4.114981174468994,4.114981174468994,152.0,57.5,0.033447265625,0.017822265625,1.453125,1.453125,1.9296875,0.11572265625
1,10,22,plural,8.143896102905273,8.143896102905273,0.007354736328125,165.0,0.002410888671875,0.037841796875,1.453125,1.453125,1.921875,0.11767578125
1,11,23,singular,8.233136177062988,8.233136177062988,170.0,14.125,0.03173828125,0.0045166015625,1.453125,1.4453125,1.921875,0.119140625
1,11,24,plural,0.20773160457611084,0.20773160457611084,1.8828125,30.375,0.0026092529296875,0.00830078125,1.4453125,1.453125,1.921875,0.11962890625
1,12,25,singular,,,0.0,0.0,0.00494384765625,0.00347900390625,1.453125,1.453125,1.921875,0.119140625
1,12,26,plural,,,0.0,0.0,0.0026702880859375,0.000255584716796875,1.453125,1.453125,1.921875,0.119140625
1,13,27,singular,5.206332683563232,5.206332683563232,170.0,51.0,0.031005859375,0.0142822265625,1.453125,1.4453125,1.921875,0.11962890625
1,13,28,plural,,,0.0,0.0,0.002410888671875,0.00445556640625,1.453125,1.4453125,1.921875,0.11962890625
1,14,29,singular,4.81272029876709,4.81272029876709,169.0,9.0625,0.03173828125,0.003204345703125,1.453125,1.453125,1.921875,0.1201171875
1,14,30,plural,0.7185680270195007,0.7185680270195007,36.5,81.0,0.01104736328125,0.0255126953125,1.4453125,1.4453125,1.921875,0.1220703125
2,0,31,singular,2.433703660964966,2.433703660964966,150.0,39.0,0.028076171875,0.0123291015625,1.4453125,1.453125,1.921875,0.12158203125
2,0,32,plural,0.3824613690376282,0.3824613690376282,27.5,50.5,0.00872802734375,0.0166015625,1.453125,1.453125,1.921875,0.12158203125
2,1,33,singular,,,0.0,0.0,0.0035247802734375,0.00250244140625,1.453125,1.4453125,1.921875,0.1220703125
2,1,34,plural,,,0.0,0.0,0.0003376007080078125,0.0047607421875,1.453125,1.453125,1.921875,0.12158203125
2,2,35,singular,,,0.0,0.0,0.0,0.0026092529296875,1.453125,1.453125,1.921875,0.12158203125
2,2,36,plural,6.637063026428223,6.637063026428223,0.216796875,165.0,2.6106834411621094e-05,0.04638671875,1.453125,1.453125,1.921875,0.125
2,3,37,singular,1.6881866455078125,1.6881866455078125,127.5,54.0,0.03271484375,0.0189208984375,1.453125,1.4453125,1.9140625,0.1240234375
2,3,38,plural,2.2169101238250732,2.2169101238250732,53.0,141.0,0.0186767578125,0.036376953125,1.4453125,1.4453125,1.9140625,0.126953125
2,4,39,singular,,,0.0,0.0,0.004730224609375,0.004669189453125,1.4453125,1.4453125,1.9140625,0.126953125
2,4,40,plural,0.022797169163823128,0.022797169163823128,2.234375,3.640625,0.0008392333984375,0.00127410888671875,1.4453125,1.4453125,1.9140625,0.126953125
2,5,41,singular,1.0877354145050049,1.0877354145050049,103.0,59.25,0.0286865234375,0.0194091796875,1.453125,1.453125,1.921875,0.125
2,5,42,plural,0.13178180158138275,0.13178180158138275,16.75,19.875,0.006988525390625,0.0072021484375,1.4453125,1.453125,1.9140625,0.125
2,6,43,singular,2.5629963874816895,2.5629963874816895,149.0,104.0,0.037841796875,0.030517578125,1.453125,1.453125,1.921875,0.12353515625
2,6,44,plural,2.181481122970581,2.181481122970581,136.0,145.0,0.0286865234375,0.03173828125,1.4453125,1.453125,1.9140625,0.126953125
2,7,45,singular,2.6075873374938965,2.6075873374938965,145.0,141.0,0.03369140625,0.03369140625,1.453125,1.453125,1.9140625,0.125
2,7,46,plural,0.7490592002868652,0.7490592002868652,47.0,86.5,0.012451171875,0.021484375,1.453125,1.453125,1.9140625,0.126953125
2,8,47,singular,0.12269277125597,0.12269277125597,17.875,14.4375,0.00640869140625,0.005523681640625,1.453125,1.4453125,1.9140625,0.126953125
2,8,48,plural,0.32850170135498047,0.32850170135498047,43.5,45.75,0.01092529296875,0.011474609375,1.453125,1.4453125,1.9140625,0.126953125
2,9,49,singular,,,0.0,0.0,0.003265380859375,0.0047607421875,1.453125,1.453125,1.9140625,0.126953125
2,9,50,plural,,,0.0,0.0,0.0002880096435546875,0.0028839111328125,1.453125,1.4453125,1.9140625,0.126953125
2,10,51,singular,0.9437062740325928,0.9437062740325928,104.0,45.75,0.026611328125,0.01434326171875,1.453125,1.453125,1.921875,0.1259765625
2,10,52,plural,,,0.0,0.0,0.00250244140625,0.0037384033203125,1.453125,1.453125,1.9140625,0.1259765625
2,11,53,singular,0.2400560975074768,0.2400560975074768,36.75,26.75,0.01025390625,0.00921630859375,1.4453125,1.4453125,1.9140625,0.1259765625
2,11,54,plural,2.216296672821045,2.216296672821045,112.0,141.0,0.0341796875,0.03955078125,1.4453125,1.4453125,1.9140625,0.1279296875
2,12,55,singular,3.6293017864227295,3.6293017864227295,161.0,11.9375,0.04052734375,0.006378173828125,1.453125,1.453125,1.9140625,0.12890625
2,12,56,plural,,,0.0,0.0,0.00262451171875,0.0034027099609375,1.453125,1.453125,1.9140625,0.12890625
2,13,57,singular,0.24018417298793793,0.24018417298793793,36.0,12.375,0.0093994140625,0.0050048828125,1.4453125,1.4453125,1.9140625,0.1298828125
2,13,58,plural,,,0.0,0.0,0.00433349609375,0.0034637451171875,1.453125,1.453125,1.9140625,0.12890625
2,14,59,singular,,,0.0,0.0,0.0029449462890625,0.002777099609375,1.4453125,1.4453125,1.9140625,0.1298828125
2,14,60,plural,0.28896498680114746,0.28896498680114746,40.0,41.0,0.01177978515625,0.0145263671875,1.453125,1.4453125,1.9140625,0.1298828125
3,0,61,singular,0.1662914752960205,0.1662914752960205,26.25,22.25,0.0079345703125,0.00946044921875,1.4453125,1.453125,1.9140625,0.12890625
3,0,62,plural,0.6477893590927124,0.6477893590927124,56.75,75.0,0.02001953125,0.02783203125,1.453125,1.453125,1.9140625,0.12890625
3,1,63,singular,,,0.0,0.0,0.00396728515625,0.0023040771484375,1.4453125,1.453125,1.9140625,0.1298828125
3,1,64,plural,0.21191416680812836,0.21191416680812836,28.625,30.375,0.01177978515625,0.01434326171875,1.453125,1.4453125,1.9140625,0.1298828125
3,2,65,singular,,,0.0,0.0,0.003570556640625,0.004364013671875,1.453125,1.453125,1.9140625,0.1298828125
3,2,66,plural,,,0.0,0.0,0.0002689361572265625,0.00311279296875,1.453125,1.4453125,1.9140625,0.1298828125
3,3,67,singular,,,0.0,0.0,0.0,0.002716064453125,1.453125,1.453125,1.9140625,0.1298828125
3,3,68,plural,,,0.0,0.0,0.0,0.0026702880859375,1.453125,1.4453125,1.9140625,0.1298828125
3,4,69,singular,2.025672197341919,2.025672197341919,137.0,136.0,0.042724609375,0.046142578125,1.453125,1.4453125,1.9140625,0.1279296875
3,4,70,plural,,,0.0,0.0,0.0026702880859375,0.0030975341796875,1.453125,1.453125,1.9140625,0.126953125
3,5,71,singular,,,0.0,0.0,0.0,0.00433349609375,1.453125,1.4453125,1.9140625,0.1279296875
3,5,72,plural,2.3660526275634766,2.3660526275634766,69.0,150.0,0.0294189453125,0.04736328125,1.453125,1.453125,1.9140625,0.12890625
3,6,73,singular,0.5565786361694336,0.5565786361694336,72.5,59.0,0.02490234375,0.02001953125,1.453125,1.453125,1.921875,0.1279296875
3,6,74,plural,,,0.0,0.0,0.002197265625,0.004180908203125,1.453125,1.453125,1.9140625,0.1279296875
3,7,75,singular,0.0262040663510561,0.0262040663510561,4.03125,3.5625,0.0016632080078125,0.0013275146484375,1.453125,1.453125,1.9140625,0.1279296875
3,7,76,plural,0.5268208980560303,0.5268208980560303,66.5,67.0,0.023193359375,0.0213623046875,1.453125,1.453125,1.9140625,0.1279296875
3,8,77,singular,0.3143753111362457,0.3143753111362457,41.75,36.75,0.01953125,0.0172119140625,1.453125,1.4453125,1.9140625,0.126953125
3,8,78,plural,0.48536527156829834,0.48536527156829834,60.75,62.75,0.0218505859375,0.0218505859375,1.453125,1.453125,1.921875,0.1279296875
3,9,79,singular,2.0726613998413086,2.0726613998413086,141.0,132.0,0.0419921875,0.039794921875,1.453125,1.4453125,1.9140625,0.12451171875
3,9,80,plural,1.1709301471710205,1.1709301471710205,107.0,112.5,0.0301513671875,0.030517578125,1.4453125,1.4453125,1.9140625,0.126953125
3,10,81,singular,2.2784981727600098,2.2784981727600098,148.0,35.75,0.040771484375,0.013916015625,1.453125,1.453125,1.9140625,0.126953125
3,10,82,plural,,,0.0,0.0,0.002685546875,0.0035247802734375,1.453125,1.4453125,1.9140625,0.1279296875
3,11,83,singular,,,0.0,0.0,0.0,0.00335693359375,1.453125,1.453125,1.9140625,0.126953125
3,11,84,plural,0.07164724916219711,0.07164724916219711,10.875,11.1875,0.00439453125,0.004486083984375,1.453125,1.4453125,1.9140625,0.1279296875
3,12,85,singular,0.034037135541439056,0.034037135541439056,5.71875,3.875,0.001922607421875,0.00311279296875,1.4453125,1.453125,1.9140625,0.1279296875
3,12,86,plural,0.14506468176841736,0.14506468176841736,21.875,22.25,0.00860595703125,0.00836181640625,1.453125,1.4453125,1.9140625,0.1279296875
3,13,87,singular,0.04651165008544922,0.04651165008544922,7.03125,5.75,0.004180908203125,0.004302978515625,1.453125,1.453125,1.9140625,0.126953125
3,13,88,plural,0.24852852523326874,0.24852852523326874,26.625,33.75,0.0145263671875,0.01806640625,1.4453125,1.453125,1.9140625,0.126953125
3,14,89,singular,0.36149105429649353,0.36149105429649353,49.75,48.0,0.0169677734375,0.0186767578125,1.4453125,1.453125,1.9140625,0.1259765625
3,14,90,plural,0.08083086460828781,0.08083086460828781,12.25,12.5625,0.006591796875,0.0064697265625,1.453125,1.453125,1.9140625,0.125
4,0,91,singular,,,0.0,0.0,0.0030364990234375,0.0016021728515625,1.4453125,1.453125,1.9140625,0.125
4,0,92,plural,,,0.0,0.0,0.002960205078125,0.0,1.453125,1.453125,1.9140625,0.125
4,1,93,singular,0.042293842881917953,0.042293842881917953,7.03125,3.828125,0.0035858154296875,0.0020904541015625,1.4453125,1.453125,1.9140625,0.125
4,1,94,plural,,,0.0,0.0,0.002777099609375,0.00055694580078125,1.453125,1.453125,1.9140625,0.125
4,2,95,singular,0.032962363213300705,0.032962363213300705,5.03125,4.0,0.003509521484375,0.003143310546875,1.4453125,1.4453125,1.9140625,0.125
4,2,96,plural,0.145297572016716,0.145297572016716,21.875,22.25,0.01123046875,0.01251220703125,1.453125,1.4453125,1.9140625,0.125
4,3,97,singular,0.7234017848968506,0.7234017848968506,84.0,3.46875,0.039306640625,0.004669189453125,1.4453125,1.453125,1.9140625,0.126953125
4,3,98,plural,,,0.0,0.0,0.004852294921875,0.002960205078125,1.453125,1.4453125,1.9140625,0.126953125
4,4,99,singular,,,0.0,0.0,0.003997802734375,0.002593994140625,1.4453125,1.453125,1.9140625,0.126953125
4,4,100,plural,1.0603028535842896,1.0603028535842896,104.0,104.5,0.040283203125,0.04736328125,1.453125,1.453125,1.9140625,0.1298828125
4,5,101,singular,0.4313566982746124,0.4313566982746124,54.25,53.75,0.0264892578125,0.031494140625,1.453125,1.4453125,1.9140625,0.1279296875
4,5,102,plural,0.14374148845672607,0.14374148845672607,21.625,21.875,0.01092529296875,0.01275634765625,1.4453125,1.453125,1.9140625,0.1279296875
4,6,103,singular,,,0.0,0.0,0.004730224609375,0.004180908203125,1.453125,1.453125,1.9140625,0.1279296875
4,6,104,plural,0.0342545323073864,0.0342545323073864,4.0625,5.3125,0.00372314453125,0.00408935546875,1.4453125,1.453125,1.9140625,0.1279296875
4,7,105,singular,0.39094024896621704,0.39094024896621704,51.5,51.0,0.0252685546875,0.02880859375,1.453125,1.453125,1.9140625,0.1259765625
4,7,106,plural,0.11412537097930908,0.11412537097930908,17.25,17.5,0.00970458984375,0.0108642578125,1.453125,1.453125,1.921875,0.1259765625
4,8,107,singular,0.05246182903647423,0.05246182903647423,8.75,8.125,0.005096435546875,0.00640869140625,1.453125,1.453125,1.921875,0.125
4,8,108,plural,2.12947678565979,2.12947678565979,140.0,140.0,0.04638671875,0.049560546875,1.4453125,1.4453125,1.9140625,0.1279296875
4,9,109,singular,,,0.0,0.0,0.0027008056640625,0.005340576171875,1.4453125,1.453125,1.9140625,0.126953125
4,9,110,plural,0.005651211366057396,0.005651211366057396,0.498046875,0.890625,0.000972747802734375,0.003936767578125,1.4453125,1.4453125,1.9140625,0.126953125
4,10,111,singular,,,0.0,0.0,4.076957702636719e-05,0.002655029296875,1.4453125,1.4453125,1.9140625,0.1279296875
4,10,112,plural,0.22148258984088898,0.22148258984088898,9.6875,33.0,0.00689697265625,0.0224609375,1.453125,1.4453125,1.9140625,0.12890625
4,11,113,singular,1.0602262020111084,1.0602262020111084,101.5,101.0,0.038818359375,0.040771484375,1.4453125,1.4453125,1.9140625,0.125
4,11,114,plural,,,0.0,0.0,0.00537109375,0.0028228759765625,1.453125,1.453125,1.921875,0.1240234375
4,12,115,singular,0.11410452425479889,0.11410452425479889,18.375,16.0,0.00872802734375,0.00897216796875,1.4453125,1.4453125,1.9140625,0.1240234375
4,12,116,plural,,,0.0,0.0,0.003662109375,0.0037384033203125,1.453125,1.4453125,1.921875,0.1240234375
4,13,117,singular,0.1834174245595932,0.1834174245595932,27.5,26.875,0.01177978515625,0.01275634765625,1.453125,1.453125,1.921875,0.1220703125
4,13,118,plural,0.35208070278167725,0.35208070278167725,48.75,49.5,0.020263671875,0.021484375,1.453125,1.453125,1.921875,0.123046875
4,14,119,singular,1.6125746965408325,1.6125746965408325,130.0,128.0,0.043212890625,0.044677734375,1.4453125,1.453125,1.921875,0.1201171875
4,14,120,plural,0.07091526687145233,0.07091526687145233,10.875,11.0,0.00665283203125,0.006011962890625,1.453125,1.4453125,1.921875,0.11962890625
5,0,121,singular,0.057882700115442276,0.057882700115442276,9.125,0.333984375,0.0064697265625,0.0037994384765625,1.453125,1.453125,1.921875,0.11962890625
5,0,122,plural,,,0.0,0.0,0.00164794921875,0.002777099609375,1.4453125,1.4453125,1.921875,0.12060546875
5,1,123,singular,,,0.0,0.0,0.0035247802734375,0.002655029296875,1.453125,1.4453125,1.921875,0.1201171875
5,1,124,plural,0.0900924801826477,0.0900924801826477,13.375,13.5625,0.00811767578125,0.007415771484375,1.4453125,1.4453125,1.921875,0.1201171875
5,2,125,singular,0.0317780002951622,0.0317780002951622,5.09375,4.78125,0.0045166015625,0.0038909912109375,1.453125,1.4453125,1.921875,0.11962890625
5,2,126,plural,,,0.0,0.0,0.0029144287109375,0.00089263916015625,1.4453125,1.453125,1.921875,0.11962890625
5,3,127,singular,,,0.0,0.0,0.002655029296875,0.0028076171875,1.453125,1.4453125,1.921875,0.11962890625
5,3,128,plural,0.05591913312673569,0.05591913312673569,8.375,8.5625,0.005828857421875,0.0072021484375,1.4453125,1.453125,1.921875,0.11962890625
5,4,129,singular,0.039486341178417206,0.039486341178417206,6.0,5.78125,0.0059814453125,0.005859375,1.453125,1.4453125,1.921875,0.119140625
5,4,130,plural,0.2822315990924835,0.2822315990924835,33.5,38.0,0.025146484375,0.0277099609375,1.453125,1.453125,1.9296875,0.1181640625
5,5,131,singular,0.02095535211265087,0.02095535211265087,3.21875,2.78125,0.004180908203125,0.0028533935546875,1.453125,1.4453125,1.921875,0.11865234375
5,5,132,plural,0.16275504231452942,0.16275504231452942,24.5,25.0,0.01470947265625,0.01495361328125,1.453125,1.4453125,1.921875,0.11865234375
5,6,133,singular,0.059895750135183334,0.059895750135183334,9.875,7.96875,0.007476806640625,0.00726318359375,1.453125,1.453125,1.9296875,0.1181640625
5,6,134,plural,0.14541663229465485,0.14541663229465485,21.125,21.625,0.0162353515625,0.0166015625,1.453125,1.453125,1.9296875,0.11767578125
5,7,135,singular,,,0.0,0.0,0.0036163330078125,0.002288818359375,1.453125,1.4453125,1.921875,0.1181640625
5,7,136,plural,0.0054967449977993965,0.0054967449977993965,0.85546875,0.90234375,0.0006103515625,0.004852294921875,1.453125,1.453125,1.9296875,0.1181640625
5,8,137,singular,1.9129914045333862,1.9129914045333862,135.0,135.0,0.052490234375,0.053466796875,1.453125,1.453125,1.9296875,0.1142578125
5,8,138,plural,,,0.0,0.0,0.0037841796875,0.004119873046875,1.4453125,1.4453125,1.9296875,0.115234375
5,9,139,singular,0.0026314177084714174,0.0026314177084714174,0.40625,0.263671875,0.005340576171875,0.003631591796875,1.453125,1.453125,1.9296875,0.11474609375
5,9,140,plural,,,0.0,0.0,0.0026702880859375,0.0026702880859375,1.453125,1.4453125,1.9296875,0.115234375
5,10,141,singular,0.027093777433037758,0.027093777433037758,4.3125,3.703125,0.002838134765625,0.003814697265625,1.453125,1.453125,1.9296875,0.11474609375
5,10,142,plural,0.14405697584152222,0.14405697584152222,18.0,20.5,0.016357421875,0.017822265625,1.453125,1.453125,1.9296875,0.1142578125
5,11,143,singular,,,0.0,0.0,0.0033111572265625,0.002349853515625,1.453125,1.4453125,1.9296875,0.11474609375
5,11,144,plural,0.7667992115020752,0.7667992115020752,86.5,87.5,0.04296875,0.04296875,1.4453125,1.453125,1.9296875,0.11572265625
5,12,145,singular,0.16576722264289856,0.16576722264289856,26.0,25.125,0.01458740234375,0.0152587890625,1.4453125,1.4453125,1.921875,0.1142578125
5,12,146,plural,0.28411296010017395,0.28411296010017395,21.625,40.75,0.017822265625,0.027587890625,1.4453125,1.4453125,1.9296875,0.115234375
5,13,147,singular,,,0.0,0.0,0.00274658203125,0.004730224609375,1.4453125,1.453125,1.9296875,0.11474609375
5,13,148,plural,,,0.0,0.0,0.00070953369140625,0.0031890869140625,1.4453125,1.453125,1.9296875,0.11474609375
5,14,149,singular,0.13451696932315826,0.13451696932315826,21.5,20.125,0.0140380859375,0.0130615234375,1.4453125,1.453125,1.9296875,0.11376953125
5,14,150,plural,0.049340829253196716,0.049340829253196716,7.78125,7.875,0.006256103515625,0.0057373046875,1.453125,1.453125,1.9296875,0.11328125
6,0,151,singular,,,0.0,0.0,0.0030517578125,0.0013275146484375,1.4453125,1.453125,1.9296875,0.11376953125
6,0,152,plural,0.022177428007125854,0.022177428007125854,3.265625,3.546875,0.00323486328125,0.0026092529296875,1.453125,1.453125,1.9296875,0.11328125
6,1,153,singular,,,0.0,0.0,0.002532958984375,0.000804901123046875,1.453125,1.453125,1.9296875,0.11328125
6,1,154,plural,0.034319959580898285,0.034319959580898285,5.4375,5.5625,0.00482177734375,0.004425048828125,1.4453125,1.453125,1.9296875,0.11376953125
6,2,155,singular,,,0.0,0.0,0.003082275390625,0.000919342041015625,1.453125,1.453125,1.9296875,0.11328125
6,2,156,plural,0.004179196432232857,0.004179196432232857,0.337890625,0.64453125,0.002593994140625,0.000522613525390625,1.4453125,1.453125,1.9296875,0.11376953125
6,3,157,singular,0.07809744775295258,0.07809744775295258,12.75,11.375,0.01220703125,0.010498046875,1.4453125,1.453125,1.9296875,0.11279296875
6,3,158,plural,,,0.0,0.0,0.00396728515625,0.003753662109375,1.453125,1.453125,1.9296875,0.11279296875
6,4,159,singular,0.03973612189292908,0.03973612189292908,6.6875,6.40625,0.006500244140625,0.007080078125,1.4453125,1.4453125,1.9296875,0.1123046875
6,4,160,plural,0.04950772970914841,0.04950772970914841,7.8125,7.9375,0.00823974609375,0.007781982421875,1.453125,1.4453125,1.9296875,0.11181640625
6,5,161,singular,,,0.0,0.0,0.0031585693359375,0.0037689208984375,1.453125,1.453125,1.9296875,0.111328125
6,5,162,plural,0.006180223077535629,0.006180223077535629,0.55078125,0.9453125,0.000743865966796875,0.0027923583984375,1.453125,1.4453125,1.9296875,0.11181640625
6,6,163,singular,0.3169035017490387,0.3169035017490387,44.5,43.75,0.037109375,0.036865234375,1.4453125,1.4453125,1.9375,0.10791015625
6,6,164,plural,0.7520522475242615,0.7520522475242615,78.0,87.5,0.051025390625,0.052001953125,1.453125,1.4453125,1.9375,0.10791015625
6,7,165,singular,,,0.0,0.0,0.00445556640625,0.0052490234375,1.4453125,1.453125,1.9375,0.10791015625
6,7,166,plural,,,0.0,0.0,0.004486083984375,0.0035858154296875,1.453125,1.4453125,1.9375,0.10791015625
6,8,167,singular,0.036675989627838135,0.036675989627838135,5.59375,5.09375,0.006256103515625,0.005889892578125,1.4453125,1.453125,1.9375,0.10791015625
6,8,168,plural,0.003815277712419629,0.003815277712419629,0.5625,0.6015625,0.0032806396484375,0.0030975341796875,1.453125,1.453125,1.9375,0.107421875
6,9,169,singular,1.3216052055358887,1.3216052055358887,119.0,118.0,0.051025390625,0.05126953125,1.453125,1.4453125,1.9453125,0.1025390625
6,9,170,plural,,,0.0,0.0,0.004058837890625,0.002777099609375,1.453125,1.453125,1.9453125,0.10205078125
6,10,171,singular,0.001384134404361248,0.001384134404361248,0.2333984375,0.0830078125,0.0010833740234375,0.004241943359375,1.453125,1.4453125,1.9375,0.1025390625
6,10,172,plural,0.05570211261510849,0.05570211261510849,8.4375,8.5625,0.00811767578125,0.00799560546875,1.453125,1.453125,1.9453125,0.10205078125
6,11,173,singular,0.0014515112852677703,0.0014515112852677703,0.2236328125,0.1240234375,0.0029754638671875,0.0033416748046875,1.453125,1.4453125,1.9453125,0.1025390625
6,11,174,plural,,,0.0,0.0,0.0002498626708984375,0.0031280517578125,1.453125,1.453125,1.9453125,0.10205078125
6,12,175,singular,0.021754799410700798,0.021754799410700798,3.4375,3.234375,0.003509521484375,0.004119873046875,1.453125,1.4453125,1.9453125,0.1025390625
6,12,176,plural,0.9011949300765991,0.9011949300765991,97.5,98.0,0.042724609375,0.04248046875,1.4453125,1.453125,1.9375,0.103515625
6,13,177,singular,0.8010511994361877,0.8010511994361877,91.0,74.0,0.04296875,0.038818359375,1.453125,1.453125,1.9453125,0.10107421875
6,13,178,plural,,,0.0,0.0,0.002532958984375,0.0038604736328125,1.453125,1.453125,1.9453125,0.10107421875
6,14,179,singular,0.007308414205908775,0.007308414205908775,1.1328125,1.0390625,0.000652313232421875,0.000858306884765625,1.453125,1.453125,1.9453125,0.10107421875
6,14,180,plural,1.226560354232788,1.226560354232788,111.5,112.5,0.042236328125,0.04296875,1.4453125,1.453125,1.9453125,0.10205078125
7,0,181,singular,0.1368573009967804,0.1368573009967804,20.5,19.0,0.009765625,0.01025390625,1.4453125,1.453125,1.9453125,0.10107421875
7,0,182,plural,,,0.0,0.0,0.004119873046875,0.002105712890625,1.4453125,1.4453125,1.9453125,0.10107421875
7,1,183,singular,0.020178865641355515,0.020178865641355515,3.109375,2.78125,0.0022125244140625,0.005279541015625,1.4453125,1.453125,1.9453125,0.10107421875
7,1,184,plural,0.007868248037993908,0.007868248037993908,1.2421875,1.28125,0.00080108642578125,0.002532958984375,1.453125,1.453125,1.9453125,0.1005859375
7,2,185,singular,,,0.0,0.0,0.0030975341796875,0.0001888275146484375,1.4453125,1.453125,1.9453125,0.10107421875
7,2,186,plural,0.0010121704544872046,0.0010121704544872046,0.146484375,0.162109375,0.002593994140625,3.7670135498046875e-05,1.4453125,1.453125,1.9453125,0.10107421875
7,3,187,singular,0.47713297605514526,0.47713297605514526,58.75,58.25,0.0308837890625,0.031982421875,1.453125,1.453125,1.9453125,0.0986328125
7,3,188,plural,0.0172815453261137,0.0172815453261137,1.8984375,2.625,0.00262451171875,0.00433349609375,1.453125,1.453125,1.9453125,0.0986328125
7,4,189,singular,0.002790487837046385,0.002790487837046385,0.4765625,0.373046875,0.000507354736328125,0.00092315673828125,1.453125,1.453125,1.9453125,0.0986328125
7,4,190,plural,0.01327580027282238,0.01327580027282238,1.3203125,2.03125,0.000957489013671875,0.00176239013671875,1.453125,1.453125,1.9453125,0.0986328125
7,5,191,singular,0.024477872997522354,0.024477872997522354,3.953125,3.765625,0.0021820068359375,0.0024261474609375,1.453125,1.453125,1.9453125,0.0986328125
7,5,192,plural,,,0.0,0.0,0.00069427490234375,0.000759124755859375,1.453125,1.453125,1.9453125,0.0986328125
7,6,193,singular,,,0.0,0.0,0.0,0.0,1.453125,1.453125,1.9453125,0.0986328125
7,6,194,plural,0.5262125730514526,0.5262125730514526,64.5,65.0,0.035400390625,0.035888671875,1.4453125,1.453125,1.9453125,0.0986328125
7,7,195,singular,0.1542939990758896,0.1542939990758896,23.5,13.125,0.018798828125,0.0130615234375,1.453125,1.4453125,1.9453125,0.09814453125
7,7,196,plural,0.1659410297870636,0.1659410297870636,21.375,25.25,0.017578125,0.021240234375,1.453125,1.4453125,1.9453125,0.09814453125
7,8,197,singular,0.011441096663475037,0.011441096663475037,1.9375,1.65625,0.003662109375,0.004730224609375,1.4453125,1.453125,1.9453125,0.09814453125
7,8,198,plural,0.004254457075148821,0.004254457075148821,0.66015625,0.69140625,0.0031585693359375,0.00286865234375,1.453125,1.4453125,1.9453125,0.09814453125
7,9,199,singular,2.0199460983276367,2.0199460983276367,139.0,138.0,0.05126953125,0.052490234375,1.4453125,1.4453125,1.9453125,0.095703125
7,9,200,plural,0.026790564879775047,0.026790564879775047,4.15625,4.25,0.005828857421875,0.00439453125,1.453125,1.4453125,1.953125,0.09521484375
7,10,201,singular,,,0.0,0.0,0.003814697265625,0.00164794921875,1.453125,1.4453125,1.953125,0.09521484375
7,10,202,plural,,,0.0,0.0,0.0006561279296875,0.0003261566162109375,1.453125,1.4453125,1.953125,0.09521484375
7,11,203,singular,,,0.0,0.0,0.0,0.0,1.453125,1.4453125,1.953125,0.09521484375
7,11,204,plural,0.6348155736923218,0.6348155736923218,77.0,77.5,0.03564453125,0.036376953125,1.4453125,1.453125,1.9453125,0.09619140625
7,12,205,singular,0.014028864912688732,0.014028864912688732,2.359375,1.859375,0.0030975341796875,0.00274658203125,1.4453125,1.453125,1.9453125,0.09619140625
7,12,206,plural,,,0.0,0.0,0.00083160400390625,0.00038909912109375,1.4453125,1.453125,1.9453125,0.09619140625
7,13,207,singular,0.0176863931119442,0.0176863931119442,2.71875,2.453125,0.00286865234375,0.0023345947265625,1.4453125,1.453125,1.9453125,0.09619140625
7,13,208,plural,,,0.0,0.0,0.0008544921875,0.000667572021484375,1.4453125,1.453125,1.9453125,0.09619140625
7,14,209,singular,,,0.0,0.0,0.0002079010009765625,0.0,1.4453125,1.453125,1.9453125,0.09619140625
7,14,210,plural,0.09157034009695053,0.09157034009695053,13.8125,14.25,0.0128173828125,0.01361083984375,1.453125,1.4453125,1.9453125,0.0966796875
8,0,211,singular,0.3160989284515381,0.3160989284515381,44.5,43.75,0.0263671875,0.027099609375,1.453125,1.453125,1.953125,0.0927734375
8,0,212,plural,0.007841991260647774,0.007841991260647774,1.2109375,1.25,0.002410888671875,0.00408935546875,1.453125,1.4453125,1.953125,0.09326171875
8,1,213,singular,0.03973979130387306,0.03973979130387306,6.40625,1.5390625,0.00762939453125,0.003631591796875,1.453125,1.453125,1.953125,0.09326171875
8,1,214,plural,,,0.0,0.0,0.00142669677734375,0.0024261474609375,1.453125,1.4453125,1.953125,0.09375
8,2,215,singular,,,0.0,0.0,0.0,0.0025482177734375,1.453125,1.453125,1.953125,0.09326171875
8,2,216,plural,0.14322903752326965,0.14322903752326965,19.25,22.125,0.02197265625,0.0245361328125,1.453125,1.453125,1.953125,0.0927734375
8,3,217,singular,0.010963676497340202,0.010963676497340202,1.859375,1.453125,0.00433349609375,0.0026397705078125,1.453125,1.453125,1.953125,0.0927734375
8,3,218,plural,,,0.0,0.0,0.000965118408203125,0.0004177093505859375,1.453125,1.453125,1.953125,0.0927734375
8,4,219,singular,,,0.0,0.0,0.0,0.0,1.453125,1.453125,1.953125,0.0927734375
8,4,220,plural,0.0022260190453380346,0.0022260190453380346,0.1591796875,0.34375,0.0001087188720703125,0.000362396240234375,1.453125,1.453125,1.953125,0.0927734375
8,5,221,singular,0.00659183831885457,0.00659183831885457,1.109375,0.77734375,0.00128173828125,0.000835418701171875,1.453125,1.453125,1.953125,0.0927734375
8,5,222,plural,0.0028092702850699425,0.0028092702850699425,0.267578125,0.443359375,0.000461578369140625,0.00051116943359375,1.453125,1.453125,1.953125,0.0927734375
8,6,223,singular,0.007685378659516573,0.007685378659516573,1.1875,1.0390625,0.00188446044921875,0.00168609619140625,1.453125,1.453125,1.953125,0.0927734375
8,6,224,plural,0.10201670229434967,0.10201670229434967,15.3125,15.625,0.0216064453125,0.0220947265625,1.453125,1.453125,1.953125,0.09326171875
8,7,225,singular,0.02762455679476261,0.02762455679476261,4.25,4.03125,0.007568359375,0.007659912109375,1.4453125,1.4453125,1.953125,0.09326171875
8,7,226,plural,0.28362590074539185,0.28362590074539185,38.75,39.25,0.037841796875,0.0380859375,1.4453125,1.453125,1.953125,0.0927734375
8,8,227,singular,,,0.0,0.0,0.003143310546875,0.0025787353515625,1.4453125,1.4453125,1.953125,0.09326171875
8,8,228,plural,0.001678725820966065,0.001678725820966065,0.25,0.279296875,0.000820159912109375,0.00482177734375,1.4453125,1.453125,1.953125,0.0927734375
8,9,229,singular,0.2040826827287674,0.2040826827287674,31.625,31.125,0.03173828125,0.03271484375,1.453125,1.4453125,1.9609375,0.08837890625
8,9,230,plural,0.009995879605412483,0.009995879605412483,1.5859375,1.625,0.0030975341796875,0.005126953125,1.453125,1.4453125,1.9609375,0.08837890625
8,10,231,singular,0.9766733050346375,0.9766733050346375,99.5,99.0,0.054931640625,0.0556640625,1.453125,1.4453125,1.9609375,0.083984375
8,10,232,plural,,,0.0,0.0,0.00408935546875,0.0028076171875,1.453125,1.4453125,1.9609375,0.083984375
8,11,233,singular,0.01884918101131916,0.01884918101131916,3.0,2.546875,0.004119873046875,0.003936767578125,1.453125,1.453125,1.9609375,0.08349609375
8,11,234,plural,0.5776405930519104,0.5776405930519104,72.0,72.5,0.037841796875,0.0380859375,1.4453125,1.453125,1.9609375,0.083984375
8,12,235,singular,,,0.0,0.0,0.0026702880859375,0.002410888671875,1.4453125,1.453125,1.9609375,0.083984375
8,12,236,plural,,,0.0,0.0,0.000789642333984375,0.0,1.4453125,1.453125,1.9609375,0.083984375
8,13,237,singular,,,0.0,0.0,0.0,0.0,1.4453125,1.453125,1.9609375,0.083984375
8,13,238,plural,0.0022972640581429005,0.0022972640581429005,0.349609375,0.3671875,0.00023174285888671875,0.00023651123046875,1.4453125,1.453125,1.9609375,0.083984375
8,14,239,singular,0.02145591378211975,0.02145591378211975,3.28125,3.125,0.004150390625,0.0036468505859375,1.4453125,1.453125,1.9609375,0.083984375
8,14,240,plural,,,0.0,0.0,0.001251220703125,0.0010223388671875,1.453125,1.453125,1.9609375,0.08349609375
9,0,241,singular,,,0.0,0.0,0.004058837890625,0.0,1.4453125,1.453125,1.9609375,0.083984375
9,0,242,plural,0.43157660961151123,0.43157660961151123,55.25,55.5,0.03857421875,0.03857421875,1.4453125,1.453125,1.9609375,0.083984375
9,1,243,singular,0.022009633481502533,0.022009633481502533,3.71875,3.46875,0.006072998046875,0.004974365234375,1.4453125,1.453125,1.9609375,0.08349609375
9,1,244,plural,,,0.0,0.0,0.00176239013671875,0.0011749267578125,1.4453125,1.453125,1.9609375,0.08349609375
9,2,245,singular,0.28427931666374207,0.28427931666374207,40.75,40.25,0.03271484375,0.03369140625,1.4453125,1.453125,1.96875,0.0791015625
9,2,246,plural,0.12979775667190552,0.12979775667190552,19.375,19.75,0.0218505859375,0.0223388671875,1.4453125,1.453125,1.96875,0.07958984375
9,3,247,singular,0.006580587476491928,0.006580587476491928,1.1171875,0.8828125,0.0030975341796875,0.00225830078125,1.4453125,1.453125,1.96875,0.07958984375
9,3,248,plural,0.017792966216802597,0.017792966216802597,1.09375,2.90625,0.0019683837890625,0.005157470703125,1.4453125,1.453125,1.96875,0.07958984375
9,4,249,singular,0.26069673895835876,0.26069673895835876,37.0,35.5,0.0341796875,0.033935546875,1.453125,1.453125,1.9765625,0.07568359375
9,4,250,plural,0.25342217087745667,0.25342217087745667,36.25,36.5,0.027099609375,0.0277099609375,1.453125,1.4453125,1.96875,0.076171875
9,5,251,singular,,,0.0,0.0,0.003692626953125,0.0052490234375,1.453125,1.453125,1.96875,0.07568359375
9,5,252,plural,0.0026169123593717813,0.0026169123593717813,0.40625,0.427734375,0.0005645751953125,0.0036163330078125,1.453125,1.4453125,1.96875,0.076171875
9,6,253,singular,,,0.0,0.0,5.888938903808594e-05,0.0025634765625,1.453125,1.4453125,1.96875,0.076171875
9,6,254,plural,0.00034481301554478705,0.00034481301554478705,0.046630859375,0.054443359375,1.329183578491211e-05,1.704692840576172e-05,1.453125,1.4453125,1.96875,0.076171875
9,7,255,singular,0.16208449006080627,0.16208449006080627,23.125,22.875,0.025390625,0.02587890625,1.453125,1.453125,1.9765625,0.07421875
9,7,256,plural,0.0016057705506682396,0.0016057705506682396,0.2421875,0.259765625,0.0021209716796875,0.0040283203125,1.453125,1.453125,1.96875,0.07421875
9,8,257,singular,0.002489089034497738,0.002489089034497738,0.421875,0.255859375,0.0002899169921875,0.00049591064453125,1.453125,1.453125,1.96875,0.07421875
9,8,258,plural,0.004924312233924866,0.004924312233924866,0.56640625,0.7734375,0.000896453857421875,0.001068115234375,1.453125,1.453125,1.96875,0.07421875
9,9,259,singular,0.030268801376223564,0.030268801376223564,4.90625,2.578125,0.00958251953125,0.005889892578125,1.453125,1.453125,1.9765625,0.07470703125
9,9,260,plural,,,0.0,0.0,0.0017547607421875,0.0029144287109375,1.4453125,1.453125,1.96875,0.07470703125
9,10,261,singular,0.0011067223967984319,0.0011067223967984319,0.1728515625,0.1259765625,0.004608154296875,0.00021266937255859375,1.453125,1.453125,1.9765625,0.07470703125
9,10,262,plural,,,0.0,0.0,0.0025634765625,2.0265579223632812e-05,1.453125,1.453125,1.9765625,0.07470703125
9,11,263,singular,,,0.0,0.0,0.0,0.0,1.453125,1.453125,1.9765625,0.07470703125
9,11,264,plural,,,0.0,0.0,0.0,0.0,1.453125,1.453125,1.9765625,0.07470703125
9,12,265,singular,0.001696577062830329,0.001696577062830329,0.263671875,0.1806640625,0.0003643035888671875,0.000263214111328125,1.453125,1.453125,1.9765625,0.07470703125
9,12,266,plural,0.0030288081616163254,0.0030288081616163254,0.23046875,0.466796875,0.0004329681396484375,0.001068115234375,1.453125,1.453125,1.9765625,0.07470703125
9,13,267,singular,,,0.0,0.0,0.00018787384033203125,0.0003299713134765625,1.453125,1.453125,1.9765625,0.07470703125
9,13,268,plural,0.018516892567276955,0.018516892567276955,2.9375,3.0,0.006011962890625,0.0052490234375,1.4453125,1.453125,1.96875,0.07470703125
9,14,269,singular,0.31641754508018494,0.31641754508018494,43.25,42.75,0.048828125,0.0498046875,1.4453125,1.453125,1.9765625,0.0703125
9,14,270,plural,,,0.0,0.0,0.005218505859375,0.00390625,1.453125,1.4453125,1.9765625,0.0703125
10,0,271,singular,0.00010275312524754554,0.00010275312524754554,0.01611328125,0.005523681640625,0.003936767578125,0.0038299560546875,1.4453125,1.453125,1.9765625,0.0703125
10,0,272,plural,3.4099607467651367,3.4099607467651367,153.0,154.0,0.0634765625,0.0634765625,1.453125,1.4453125,1.96875,0.072265625
10,1,273,singular,0.0025537756737321615,0.0025537756737321615,0.435546875,0.328125,0.00433349609375,0.005279541015625,1.4453125,1.453125,1.9765625,0.07177734375
10,1,274,plural,0.0007819455349817872,0.0007819455349817872,0.115234375,0.126953125,0.00433349609375,0.003570556640625,1.453125,1.4453125,1.9765625,0.072265625
10,2,275,singular,,,0.0,0.0,0.0023956298828125,0.0025634765625,1.4453125,1.4453125,1.9765625,0.072265625
10,2,276,plural,,,0.0,0.0,0.0025482177734375,6.103515625e-05,1.453125,1.4453125,1.9765625,0.072265625
10,3,277,singular,,,0.0,0.0,0.0025177001953125,0.0,1.4453125,1.4453125,1.9765625,0.072265625
10,3,278,plural,0.0007778956205584109,0.0007778956205584109,0.1142578125,0.125,0.002532958984375,5.125999450683594e-05,1.453125,1.4453125,1.9765625,0.072265625
10,4,279,singular,,,0.0,0.0,0.0025177001953125,1.245737075805664e-05,1.4453125,1.4453125,1.9765625,0.072265625
10,4,280,plural,0.0054384139366447926,0.0054384139366447926,0.8515625,0.890625,0.0026092529296875,0.00121307373046875,1.453125,1.4453125,1.9765625,0.072265625
10,5,281,singular,0.050273116677999496,0.050273116677999496,8.0625,7.75,0.01123046875,0.01171875,1.453125,1.453125,1.9765625,0.0703125
10,5,282,plural,0.1294608861207962,0.1294608861207962,19.375,19.75,0.0260009765625,0.0264892578125,1.4453125,1.453125,1.9765625,0.0712890625
10,6,283,singular,0.06321268528699875,0.06321268528699875,9.5,9.3125,0.01165771484375,0.01226806640625,1.4453125,1.4453125,1.9765625,0.0703125
10,6,284,plural,0.006183777004480362,0.006183777004480362,0.97265625,1.0078125,0.0040283203125,0.004608154296875,1.453125,1.453125,1.9765625,0.06982421875
10,7,285,singular,0.07155381143093109,0.07155381143093109,11.1875,3.546875,0.02001953125,0.0087890625,1.453125,1.4453125,1.9765625,0.07080078125
10,7,286,plural,,,0.0,0.0,0.0021820068359375,0.0035400390625,1.453125,1.453125,1.9765625,0.0703125
10,8,287,singular,0.0031483627390116453,0.0031483627390116453,0.5390625,0.4765625,0.00054168701171875,0.002655029296875,1.453125,1.4453125,1.9765625,0.07080078125
10,8,288,plural,0.022772232070565224,0.022772232070565224,2.96875,3.703125,0.007049560546875,0.0084228515625,1.453125,1.4453125,1.9765625,0.07080078125
10,9,289,singular,0.00301965675316751,0.00301965675316751,0.466796875,0.3828125,0.0030670166015625,0.003387451171875,1.453125,1.4453125,1.9765625,0.07080078125
10,9,290,plural,0.0011550667695701122,0.0011550667695701122,0.06689453125,0.1787109375,0.0003509521484375,0.000774383544921875,1.453125,1.4453125,1.9765625,0.07080078125
10,10,291,singular,0.10567733645439148,0.10567733645439148,16.125,15.25,0.025146484375,0.026123046875,1.453125,1.453125,1.984375,0.06787109375
10,10,292,plural,0.005248695611953735,0.005248695611953735,0.640625,0.828125,0.0028533935546875,0.004364013671875,1.453125,1.4453125,1.984375,0.06787109375
10,11,293,singular,,,0.0,0.0,0.000514984130859375,0.0032196044921875,1.453125,1.453125,1.984375,0.06787109375
10,11,294,plural,0.07995349913835526,0.07995349913835526,12.625,12.75,0.0189208984375,0.019775390625,1.453125,1.453125,1.984375,0.068359375
10,12,295,singular,,,0.0,0.0,0.0034637451171875,0.0020904541015625,1.453125,1.453125,1.9765625,0.06787109375
10,12,296,plural,,,0.0,0.0,0.000240325927734375,0.0,1.453125,1.453125,1.9765625,0.06787109375
10,13,297,singular,0.0022657455410808325,0.0022657455410808325,0.3828125,0.2890625,0.00058746337890625,0.0004596710205078125,1.453125,1.453125,1.9765625,0.06787109375
10,13,298,plural,,,0.0,0.0,0.00019359588623046875,0.00014495849609375,1.453125,1.453125,1.9765625,0.06787109375
10,14,299,singular,0.6976499557495117,0.6976499557495117,79.0,78.0,0.056884765625,0.058837890625,1.453125,1.453125,1.984375,0.0625
10,14,300,plural,,,0.0,0.0,0.0040283203125,0.00384521484375,1.453125,1.4453125,1.984375,0.0625
11,0,301,singular,0.000176652567461133,0.000176652567461133,0.0303955078125,0.0186767578125,0.00115966796875,0.003662109375,1.453125,1.453125,1.984375,0.062255859375
11,0,302,plural,0.6339820623397827,0.6339820623397827,76.5,76.5,0.0458984375,0.045654296875,1.4453125,1.4453125,1.984375,0.062255859375
11,1,303,singular,0.0017368007684126496,0.0017368007684126496,0.29296875,0.154296875,0.0028228759765625,0.00543212890625,1.4453125,1.453125,1.984375,0.062255859375
11,1,304,plural,0.3514155447483063,0.3514155447483063,46.5,47.25,0.031494140625,0.031982421875,1.4453125,1.453125,1.984375,0.0625
11,2,305,singular,,,0.0,0.0,0.0031890869140625,0.001739501953125,1.4453125,1.453125,1.984375,0.0625
11,2,306,plural,0.001259249052964151,0.001259249052964151,0.1904296875,0.205078125,0.00101470947265625,4.124641418457031e-05,1.4453125,1.453125,1.984375,0.0625
11,3,307,singular,,,0.0,0.0,1.3887882232666016e-05,1.1146068572998047e-05,1.4453125,1.453125,1.984375,0.0625
11,3,308,plural,,,0.0,0.0,0.0,0.0,1.4453125,1.453125,1.984375,0.0625
11,4,309,singular,0.20333880186080933,0.20333880186080933,30.125,29.75,0.0284423828125,0.0291748046875,1.453125,1.453125,1.9921875,0.058349609375
11,4,310,plural,0.002679093973711133,0.002679093973711133,0.267578125,0.421875,0.00225830078125,0.00384521484375,1.453125,1.453125,1.9921875,0.05810546875
11,5,311,singular,0.015512285754084587,0.015512285754084587,2.5,2.28125,0.00408935546875,0.0042724609375,1.453125,1.453125,1.9921875,0.057861328125
11,5,312,plural,0.04588867351412773,0.04588867351412773,5.4375,7.46875,0.01165771484375,0.013916015625,1.4453125,1.453125,1.9921875,0.057861328125
11,6,313,singular,0.0013560395454987884,0.0013560395454987884,0.208984375,0.140625,0.0045166015625,0.00176239013671875,1.453125,1.453125,1.9921875,0.057861328125
11,6,314,plural,0.0013737775152549148,0.0013737775152549148,0.08544921875,0.212890625,0.0026702880859375,0.000244140625,1.4453125,1.453125,1.9921875,0.05810546875
11,7,315,singular,0.0015253110323101282,0.0015253110323101282,0.2578125,0.1357421875,0.002410888671875,0.00011920928955078125,1.453125,1.453125,1.9921875,0.057861328125
11,7,316,plural,,,0.0,0.0,0.0023651123046875,3.790855407714844e-05,1.4453125,1.453125,1.9921875,0.057861328125
11,8,317,singular,0.0010807631770148873,0.0010807631770148873,0.1689453125,0.1259765625,0.0023651123046875,0.000125885009765625,1.453125,1.453125,1.9921875,0.057861328125
11,8,318,plural,0.043676383793354034,0.043676383793354034,6.84375,6.96875,0.01068115234375,0.01055908203125,1.453125,1.4453125,1.9921875,0.05810546875
11,9,319,singular,,,0.0,0.0,0.003326416015625,0.0040283203125,1.453125,1.453125,1.9921875,0.05810546875
11,9,320,plural,0.0903652235865593,0.0903652235865593,13.625,13.875,0.02587890625,0.0260009765625,1.4453125,1.453125,1.9921875,0.058837890625
11,10,321,singular,0.18168342113494873,0.18168342113494873,25.75,25.375,0.0341796875,0.034423828125,1.453125,1.453125,2.0,0.055419921875
11,10,322,plural,,,0.0,0.0,0.0023345947265625,0.004119873046875,1.453125,1.453125,1.9921875,0.055419921875
11,11,323,singular,0.09082819521427155,0.09082819521427155,13.6875,13.375,0.01806640625,0.0181884765625,1.453125,1.453125,2.0,0.0537109375
11,11,324,plural,0.0029510778840631247,0.0029510778840631247,0.44921875,0.47265625,0.0025787353515625,0.004180908203125,1.453125,1.453125,1.9921875,0.0537109375
11,12,325,singular,,,0.0,0.0,0.0001926422119140625,0.0003910064697265625,1.453125,1.453125,1.9921875,0.0537109375
11,12,326,plural,,,0.0,0.0,0.0,0.0,1.453125,1.453125,1.9921875,0.0537109375
11,13,327,singular,,,0.0,0.0,0.0,0.0,1.453125,1.453125,1.9921875,0.0537109375
11,13,328,plural,,,0.0,0.0,0.0,0.0,1.453125,1.453125,1.9921875,0.0537109375
11,14,329,singular,0.011947383172810078,0.011947383172810078,1.96875,0.97265625,0.00665283203125,0.0037384033203125,1.4453125,1.453125,1.9921875,0.053955078125
11,14,330,plural,0.005405334290117025,0.005405334290117025,0.84375,0.875,0.004730224609375,0.0020751953125,1.453125,1.453125,2.0,0.0537109375
12,0,331,singular,,,0.0,0.0,0.0027313232421875,0.00075531005859375,1.453125,1.453125,1.9921875,0.0537109375
12,0,332,plural,0.08016081154346466,0.08016081154346466,12.125,12.375,0.0294189453125,0.02978515625,1.4453125,1.453125,1.9921875,0.05419921875
12,1,333,singular,0.0024877809919416904,0.0024877809919416904,0.38671875,0.33984375,0.002777099609375,0.002349853515625,1.453125,1.453125,1.9921875,0.05419921875
12,1,334,plural,,,0.0,0.0,0.004241943359375,0.000316619873046875,1.4453125,1.453125,1.9921875,0.05419921875
12,2,335,singular,,,0.0,0.0,0.0024566650390625,0.0,1.4453125,1.453125,1.9921875,0.05419921875
12,2,336,plural,,,0.0,0.0,0.00011968612670898438,0.0,1.4453125,1.453125,1.9921875,0.05419921875
12,3,337,singular,,,0.0,0.0,0.0,0.0,1.4453125,1.453125,1.9921875,0.05419921875
12,3,338,plural,0.011335493996739388,0.011335493996739388,1.796875,1.8515625,0.00469970703125,0.004730224609375,1.453125,1.453125,1.9921875,0.053955078125
12,4,339,singular,0.007648232858628035,0.007648232858628035,1.2890625,0.99609375,0.004852294921875,0.004150390625,1.4453125,1.453125,1.9921875,0.0537109375
12,4,340,plural,0.005017546005547047,0.005017546005547047,0.36328125,0.8359375,0.00323486328125,0.004486083984375,1.453125,1.453125,1.9921875,0.0537109375
12,5,341,singular,0.00678366981446743,0.00678366981446743,1.1484375,0.88671875,0.004486083984375,0.003936767578125,1.4453125,1.4453125,1.9921875,0.0537109375
12,5,342,plural,,,0.0,0.0,0.0027618408203125,0.004730224609375,1.453125,1.453125,1.9921875,0.05322265625
12,6,343,singular,0.35276588797569275,0.35276588797569275,48.0,47.5,0.0576171875,0.0595703125,1.4453125,1.453125,2.0,0.04638671875
12,6,344,plural,0.2823423445224762,0.2823423445224762,40.0,40.25,0.042724609375,0.042236328125,1.453125,1.4453125,2.0,0.044921875
12,7,345,singular,0.08049743622541428,0.08049743622541428,12.25,12.0,0.017822265625,0.0184326171875,1.453125,1.453125,2.0,0.043701171875
12,7,346,plural,0.7607366442680359,0.7607366442680359,84.5,84.5,0.05322265625,0.05322265625,1.4453125,1.4453125,2.0,0.0439453125
12,8,347,singular,,,0.0,0.0,0.0025787353515625,0.00543212890625,1.4453125,1.453125,2.0,0.043701171875
12,8,348,plural,0.00040391870425082743,0.00040391870425082743,0.0194091796875,0.06396484375,0.000583648681640625,0.00372314453125,1.4453125,1.4453125,2.0,0.0439453125
12,9,349,singular,0.008173469454050064,0.008173469454050064,1.390625,1.296875,0.0018310546875,0.0029296875,1.4453125,1.453125,2.0,0.043701171875
12,9,350,plural,,,0.0,0.0,0.000640869140625,0.0024261474609375,1.4453125,1.4453125,2.0,0.0439453125
12,10,351,singular,0.00336651923134923,0.00336651923134923,0.51953125,0.43359375,0.00099945068359375,0.0024871826171875,1.4453125,1.453125,2.0,0.043701171875
12,10,352,plural,0.004313332028687,0.004313332028687,0.66796875,0.70703125,0.000667572021484375,0.0024871826171875,1.4453125,1.4453125,2.0,0.0439453125
12,11,353,singular,0.03874475881457329,0.03874475881457329,6.28125,4.25,0.0120849609375,0.00860595703125,1.4453125,1.453125,2.0,0.04345703125
12,11,354,plural,0.00047124247066676617,0.00047124247066676617,0.0281982421875,0.07421875,0.0036773681640625,0.0030517578125,1.4453125,1.4453125,2.0,0.043701171875
12,12,355,singular,,,0.0,0.0,0.0004673004150390625,0.0028228759765625,1.4453125,1.453125,2.0,0.043701171875
12,12,356,plural,8.070142939686775e-05,8.070142939686775e-05,0.00933837890625,0.01287841796875,2.205371856689453e-06,0.002410888671875,1.4453125,1.453125,2.0,0.043701171875
12,13,357,singular,0.14470021426677704,0.14470021426677704,20.875,20.5,0.0272216796875,0.0279541015625,1.453125,1.453125,2.015625,0.04052734375
12,13,358,plural,0.0003446938644628972,0.0003446938644628972,0.04736328125,0.055419921875,0.0021514892578125,0.0042724609375,1.4453125,1.453125,2.0,0.040771484375
12,14,359,singular,0.01683844067156315,0.01683844067156315,2.75,2.609375,0.004302978515625,0.004547119140625,1.4453125,1.4453125,2.0,0.04052734375
12,14,360,plural,,,0.0,0.0,0.004486083984375,0.0037689208984375,1.453125,1.453125,2.015625,0.040283203125
13,0,361,singular,,,0.0,0.0,0.002593994140625,0.0023651123046875,1.453125,1.453125,2.015625,0.040283203125
13,0,362,plural,0.02379782870411873,0.02379782870411873,3.78125,3.875,0.0072021484375,0.00677490234375,1.453125,1.4453125,2.015625,0.040283203125
13,1,363,singular,0.018227221444249153,0.018227221444249153,2.90625,2.546875,0.006072998046875,0.006072998046875,1.453125,1.453125,2.015625,0.039794921875
13,1,364,plural,,,0.0,0.0,0.00135040283203125,0.002532958984375,1.453125,1.453125,2.015625,0.039794921875
13,2,365,singular,,,0.0,0.0,0.0,0.0001735687255859375,1.453125,1.453125,2.015625,0.039794921875
13,2,366,plural,,,0.0,0.0,0.0,0.0,1.453125,1.453125,2.015625,0.039794921875
13,3,367,singular,0.0011469698511064053,0.0011469698511064053,0.1943359375,0.12060546875,0.00032806396484375,0.00015354156494140625,1.453125,1.453125,2.015625,0.039794921875
13,3,368,plural,0.00034397884155623615,0.00034397884155623615,0.046630859375,0.053955078125,0.00011396408081054688,7.009506225585938e-05,1.453125,1.453125,2.015625,0.039794921875
13,4,369,singular,,,0.0,0.0,1.043081283569336e-05,2.014636993408203e-05,1.453125,1.453125,2.015625,0.039794921875
13,4,370,plural,0.06604640185832977,0.06604640185832977,7.6875,10.5625,0.0250244140625,0.0306396484375,1.453125,1.453125,2.015625,0.0400390625
13,5,371,singular,,,0.0,0.0,0.0037384033203125,0.00225830078125,1.4453125,1.453125,2.015625,0.040283203125
13,5,372,plural,0.000188332938705571,0.000188332938705571,0.025634765625,0.0303955078125,0.003448486328125,3.4332275390625e-05,1.453125,1.453125,2.015625,0.040283203125
13,6,373,singular,,,0.0,0.0,0.002532958984375,8.821487426757812e-06,1.4453125,1.453125,2.015625,0.040283203125
13,6,374,plural,,,0.0,0.0,0.0025787353515625,0.0,1.453125,1.453125,2.015625,0.040283203125
13,7,375,singular,0.09025336802005768,0.09025336802005768,14.0625,13.875,0.03173828125,0.0322265625,1.4453125,1.4453125,2.015625,0.0361328125
13,7,376,plural,0.008930857293307781,0.008930857293307781,1.40625,1.46875,0.00592041015625,0.00567626953125,1.453125,1.453125,2.015625,0.035888671875
13,8,377,singular,0.00019965562387369573,0.00019965562387369573,0.0308837890625,0.016845703125,0.0037384033203125,0.0028839111328125,1.453125,1.4453125,2.015625,0.035888671875
13,8,378,plural,,,0.0,0.0,0.00055694580078125,0.0025482177734375,1.453125,1.453125,2.015625,0.035888671875
13,9,379,singular,0.010539230890572071,0.010539230890572071,1.734375,0.85546875,0.007476806640625,0.003875732421875,1.4453125,1.453125,2.015625,0.0361328125
13,9,380,plural,0.3504990041255951,0.3504990041255951,47.0,47.5,0.0576171875,0.05712890625,1.4453125,1.453125,2.015625,0.036865234375
13,10,381,singular,1.4090601205825806,1.4090601205825806,119.0,119.0,0.05810546875,0.059326171875,1.4453125,1.453125,2.015625,0.031982421875
13,10,382,plural,,,0.0,0.0,0.00482177734375,0.00384521484375,1.453125,1.4453125,2.015625,0.0322265625
13,11,383,singular,0.0001714082609396428,0.0001714082609396428,0.026611328125,0.01312255859375,0.0037689208984375,0.0035400390625,1.453125,1.453125,2.015625,0.031982421875
13,11,384,plural,0.030319109559059143,0.030319109559059143,4.8125,4.90625,0.004852294921875,0.004608154296875,1.453125,1.4453125,2.015625,0.031982421875
13,12,385,singular,0.0015606615925207734,0.0015606615925207734,0.263671875,0.1552734375,0.00099945068359375,0.00286865234375,1.4453125,1.453125,2.015625,0.03173828125
13,12,386,plural,0.0016467118402943015,0.0016467118402943015,0.140625,0.25390625,0.003204345703125,0.0026397705078125,1.453125,1.4453125,2.015625,0.031982421875
13,13,387,singular,0.0009128456003963947,0.0009128456003963947,0.15625,0.12109375,0.0025482177734375,0.002593994140625,1.453125,1.453125,2.015625,0.03173828125
13,13,388,plural,0.002293814904987812,0.002293814904987812,0.2373046875,0.361328125,0.00020313262939453125,0.0026092529296875,1.453125,1.4453125,2.015625,0.031982421875
13,14,389,singular,0.0004389514506328851,0.0004389514506328851,0.068359375,0.05224609375,6.628036499023438e-05,0.002593994140625,1.453125,1.453125,2.015625,0.03173828125
13,14,390,plural,0.9769406318664551,0.9769406318664551,99.0,99.5,0.051025390625,0.051025390625,1.4453125,1.453125,2.015625,0.031494140625
14,0,391,singular,,,0.0,0.0,0.00335693359375,0.0027008056640625,1.4453125,1.453125,2.015625,0.031494140625
14,0,392,plural,,,0.0,0.0,0.000946044921875,0.0,1.4453125,1.453125,2.015625,0.031494140625
14,1,393,singular,0.022927433252334595,0.022927433252334595,3.84375,3.4375,0.00604248046875,0.004913330078125,1.4453125,1.453125,2.015625,0.0311279296875
14,1,394,plural,0.014920895919203758,0.014920895919203758,2.234375,2.359375,0.003143310546875,0.0016021728515625,1.4453125,1.453125,2.015625,0.031005859375
14,2,395,singular,0.03455076739192009,0.03455076739192009,5.84375,5.65625,0.007110595703125,0.00787353515625,1.4453125,1.453125,2.015625,0.030029296875
14,2,396,plural,0.0006266061100177467,0.0006266061100177467,0.09033203125,0.10205078125,0.003204345703125,0.0016021728515625,1.4453125,1.453125,2.015625,0.030029296875
14,3,397,singular,,,0.0,0.0,0.0003814697265625,2.3245811462402344e-05,1.4453125,1.453125,2.015625,0.030029296875
14,3,398,plural,0.0018411604687571526,0.0018411604687571526,0.27734375,0.30078125,0.000263214111328125,0.0003032684326171875,1.4453125,1.453125,2.015625,0.030029296875
14,4,399,singular,0.5826289057731628,0.5826289057731628,71.5,70.5,0.046630859375,0.04833984375,1.453125,1.4453125,2.03125,0.0245361328125
14,4,400,plural,,,0.0,0.0,0.0040283203125,0.0027923583984375,1.4453125,1.453125,2.03125,0.0245361328125
14,5,401,singular,0.00019905969384126365,0.00019905969384126365,0.0308837890625,0.01495361328125,0.005126953125,0.003936767578125,1.453125,1.4453125,2.03125,0.0245361328125
14,5,402,plural,0.0017528659664094448,0.0017528659664094448,0.1416015625,0.271484375,0.0024871826171875,0.0026397705078125,1.453125,1.4453125,2.03125,0.0245361328125
14,6,403,singular,0.0007476395112462342,0.0007476395112462342,0.126953125,0.05712890625,5.3882598876953125e-05,9.584426879882812e-05,1.453125,1.4453125,2.03125,0.0245361328125
14,6,404,plural,0.005465920083224773,0.005465920083224773,0.8515625,0.89453125,0.0006561279296875,0.000881195068359375,1.453125,1.4453125,2.03125,0.0245361328125
14,7,405,singular,0.20478112995624542,0.20478112995624542,29.5,28.875,0.02392578125,0.02392578125,1.453125,1.453125,2.03125,0.0223388671875
14,7,406,plural,,,0.0,0.0,0.002288818359375,0.003997802734375,1.453125,1.453125,2.03125,0.0224609375
14,8,407,singular,0.003720743814483285,0.003720743814483285,0.609375,0.07958984375,0.001129150390625,0.0003948211669921875,1.453125,1.453125,2.03125,0.0225830078125
14,8,408,plural,0.696883499622345,0.696883499622345,80.0,80.5,0.049072265625,0.049072265625,1.453125,1.4453125,2.03125,0.0228271484375
14,9,409,singular,,,0.0,0.0,0.004669189453125,0.005615234375,1.453125,1.453125,2.03125,0.022705078125
14,9,410,plural,,,0.0,0.0,0.0003795623779296875,0.0036163330078125,1.453125,1.453125,2.03125,0.022705078125
14,10,411,singular,0.039545126259326935,0.039545126259326935,6.34375,6.125,0.00634765625,0.006591796875,1.453125,1.4453125,2.03125,0.0220947265625
14,10,412,plural,0.0003081085451412946,0.0003081085451412946,0.0419921875,0.049560546875,0.0013427734375,0.0032806396484375,1.4453125,1.453125,2.03125,0.022216796875
14,11,413,singular,0.0010127659188583493,0.0010127659188583493,0.158203125,0.125,0.00445556640625,0.0025482177734375,1.453125,1.4453125,2.03125,0.022216796875
14,11,414,plural,0.0007169060409069061,0.0007169060409069061,0.052978515625,0.11328125,0.0025482177734375,0.0023651123046875,1.453125,1.453125,2.03125,0.0220947265625
14,12,415,singular,0.008120260201394558,0.008120260201394558,1.2578125,1.171875,0.0015411376953125,0.002777099609375,1.453125,1.4453125,2.03125,0.0220947265625
14,12,416,plural,,,0.0,0.0,0.0004863739013671875,0.002471923828125,1.453125,1.453125,2.03125,0.0220947265625
14,13,417,singular,,,0.0,0.0,0.0,0.00238037109375,1.453125,1.4453125,2.03125,0.022216796875
14,13,418,plural,0.0003073934931308031,0.0003073934931308031,0.0419921875,0.04931640625,1.33514404296875e-05,0.002349853515625,1.453125,1.453125,2.03125,0.0220947265625
14,14,419,singular,,,0.0,0.0,5.7220458984375e-06,0.002349853515625,1.453125,1.4453125,2.03125,0.022216796875
14,14,420,plural,0.0018938715802505612,0.0018938715802505612,0.09228515625,0.314453125,0.00019550323486328125,0.00244140625,1.453125,1.453125,2.03125,0.0220947265625
15,0,421,singular,,,0.0,0.0,2.2649765014648438e-05,0.00238037109375,1.453125,1.4453125,2.03125,0.022216796875
15,0,422,plural,,,0.0,0.0,0.0,0.0023651123046875,1.453125,1.453125,2.03125,0.0220947265625
15,1,423,singular,0.0009727513534016907,0.0009727513534016907,0.1494140625,0.0966796875,0.00019168853759765625,0.002349853515625,1.453125,1.4453125,2.03125,0.022216796875
15,1,424,plural,0.0004741021548397839,0.0004741021548397839,0.018798828125,0.072265625,5.7697296142578125e-05,0.002349853515625,1.453125,1.453125,2.03125,0.0220947265625
15,2,425,singular,0.03478601574897766,0.03478601574897766,5.5625,5.375,0.01068115234375,0.0111083984375,1.453125,1.4453125,2.03125,0.02099609375
15,2,426,plural,,,0.0,0.0,0.00177764892578125,0.004150390625,1.4453125,1.453125,2.03125,0.02099609375
15,3,427,singular,,,0.0,0.0,0.0038299560546875,0.0026092529296875,1.453125,1.4453125,2.03125,0.02099609375
15,3,428,plural,0.00810843612998724,0.00810843612998724,1.2109375,1.296875,0.0030364990234375,0.0032806396484375,1.453125,1.453125,2.03125,0.020751953125
15,4,429,singular,,,0.0,0.0,0.000659942626953125,0.00244140625,1.453125,1.4453125,2.03125,0.02099609375
15,4,430,plural,,,0.0,0.0,0.0,0.0024566650390625,1.453125,1.453125,2.03125,0.0208740234375
15,5,431,singular,0.026922164484858513,0.026922164484858513,4.3125,1.3671875,0.015869140625,0.00628662109375,1.453125,1.453125,2.03125,0.0208740234375
15,5,432,plural,0.0004418112221173942,0.0004418112221173942,0.059814453125,0.06982421875,0.00193023681640625,0.00299072265625,1.4453125,1.453125,2.03125,0.02099609375
15,6,433,singular,0.0030556675046682358,0.0030556675046682358,0.51953125,0.37109375,0.004547119140625,0.0009918212890625,1.453125,1.453125,2.03125,0.020751953125
15,6,434,plural,0.018639642745256424,0.018639642745256424,2.953125,3.03125,0.0091552734375,0.0086669921875,1.4453125,1.4453125,2.03125,0.02099609375
15,7,435,singular,0.003370083635672927,0.003370083635672927,0.5703125,0.419921875,0.004547119140625,0.0037841796875,1.453125,1.453125,2.03125,0.020751953125
15,7,436,plural,0.000527123745996505,0.000527123745996505,0.0277099609375,0.0810546875,0.0027008056640625,0.0025787353515625,1.453125,1.4453125,2.03125,0.0208740234375
15,8,437,singular,0.1638096570968628,0.1638096570968628,24.625,23.875,0.044677734375,0.046630859375,1.453125,1.4453125,2.03125,0.01397705078125
15,8,438,plural,,,0.0,0.0,0.004486083984375,0.003082275390625,1.453125,1.453125,2.03125,0.01397705078125
15,9,439,singular,,,0.0,0.0,0.0013427734375,0.004119873046875,1.4453125,1.4453125,2.03125,0.013916015625
15,9,440,plural,,,0.0,0.0,0.004913330078125,0.0026397705078125,1.453125,1.453125,2.03125,0.01385498046875
15,10,441,singular,,,0.0,0.0,0.002532958984375,0.00262451171875,1.453125,1.4453125,2.03125,0.0137939453125
15,10,442,plural,0.04362982511520386,0.04362982511520386,6.84375,6.96875,0.0213623046875,0.0218505859375,1.453125,1.4453125,2.03125,0.01312255859375
15,11,443,singular,0.0004471732536330819,0.0004471732536330819,0.07666015625,0.057861328125,0.0037689208984375,0.0045166015625,1.453125,1.453125,2.03125,0.01324462890625
15,11,444,plural,0.006184132769703865,0.006184132769703865,0.96875,1.0078125,0.0037078857421875,0.00396728515625,1.453125,1.453125,2.03125,0.0130615234375
15,12,445,singular,0.00010525626566959545,0.00010525626566959545,0.0162353515625,0.006195068359375,0.00107574462890625,0.001190185546875,1.453125,1.453125,2.03125,0.01300048828125
15,12,446,plural,0.1822696477174759,0.1822696477174759,26.125,26.625,0.05029296875,0.05029296875,1.4453125,1.4453125,2.03125,0.01226806640625
15,13,447,singular,2.5807111263275146,2.5807111263275146,147.0,146.0,0.064453125,0.06591796875,1.453125,1.453125,2.046875,0.00762939453125
15,13,448,plural,0.05434107780456543,0.05434107780456543,7.78125,8.75,0.012939453125,0.01336669921875,1.453125,1.453125,2.046875,0.007080078125
15,14,449,singular,0.0015704215038567781,0.0015704215038567781,0.2431640625,0.2060546875,0.0035247802734375,0.0020751953125,1.453125,1.453125,2.046875,0.00714111328125
15,14,450,plural,0.0023268787190318108,0.0023268787190318108,0.3515625,0.373046875,0.000553131103515625,0.00041961669921875,1.453125,1.453125,2.046875,0.00714111328125
16,0,451,singular,0.0012722263345494866,0.0012722263345494866,0.208984375,0.1689453125,0.00013446807861328125,0.00010824203491210938,1.453125,1.453125,2.046875,0.00714111328125
16,0,452,plural,,,0.0,0.0,5.1975250244140625e-05,2.8371810913085938e-05,1.453125,1.453125,2.046875,0.00714111328125
16,1,453,singular,,,0.0,0.0,0.0,0.0,1.453125,1.453125,2.046875,0.00714111328125
16,1,454,plural,0.002338652964681387,0.002338652964681387,0.353515625,0.37890625,0.0004787445068359375,0.00046539306640625,1.453125,1.453125,2.046875,0.00714111328125
16,2,455,singular,0.00037102968781255186,0.00037102968781255186,0.06298828125,0.0208740234375,0.0001544952392578125,0.00014591217041015625,1.453125,1.453125,2.046875,0.00714111328125
16,2,456,plural,,,0.0,0.0,1.2814998626708984e-05,9.5367431640625e-07,1.453125,1.453125,2.046875,0.00714111328125
16,3,457,singular,6.305972783593461e-05,6.305972783593461e-05,0.009765625,0.002593994140625,5.781650543212891e-06,6.780028343200684e-07,1.453125,1.453125,2.046875,0.00714111328125
16,3,458,plural,,,0.0,0.0,2.86102294921875e-06,2.384185791015625e-07,1.453125,1.453125,2.046875,0.00714111328125
16,4,459,singular,,,0.0,0.0,0.0,0.0,1.453125,1.453125,2.046875,0.00714111328125
16,4,460,plural,0.2836393713951111,0.2836393713951111,39.25,39.75,0.040771484375,0.040283203125,1.4453125,1.4453125,2.046875,0.007049560546875
16,5,461,singular,0.002836730098351836,0.002836730098351836,0.44140625,0.384765625,0.0027008056640625,0.005218505859375,1.4453125,1.453125,2.046875,0.007049560546875
16,5,462,plural,0.0026710093952715397,0.0026710093952715397,0.21875,0.44140625,0.00093841552734375,0.00396728515625,1.4453125,1.4453125,2.046875,0.007110595703125
16,6,463,singular,0.01575181819498539,0.01575181819498539,2.578125,1.59375,0.006805419921875,0.0042724609375,1.453125,1.453125,2.046875,0.00714111328125
16,6,464,plural,0.00039450492477044463,0.00039450492477044463,0.053955078125,0.0634765625,0.003936767578125,0.002685546875,1.4453125,1.4453125,2.046875,0.00714111328125
16,7,465,singular,0.0016001766780391335,0.0016001766780391335,0.2734375,0.19921875,0.0027618408203125,0.0026702880859375,1.453125,1.453125,2.046875,0.00714111328125
16,7,466,plural,0.0030235787853598595,0.0030235787853598595,0.462890625,0.498046875,0.0024261474609375,0.0026092529296875,1.4453125,1.4453125,2.046875,0.00714111328125
16,8,467,singular,,,0.0,0.0,0.00244140625,0.0025787353515625,1.453125,1.453125,2.046875,0.00714111328125
16,8,468,plural,0.0009202298242598772,0.0009202298242598772,0.0771484375,0.1455078125,0.002410888671875,0.0025787353515625,1.4453125,1.4453125,2.046875,0.00714111328125
16,9,469,singular,0.0004003438516519964,0.0004003438516519964,0.06201171875,0.035888671875,0.002410888671875,0.0025634765625,1.453125,1.453125,2.046875,0.00714111328125
16,9,470,plural,0.002641761675477028,0.002641761675477028,0.404296875,0.431640625,0.00244140625,0.002593994140625,1.4453125,1.4453125,2.046875,0.007110595703125
16,10,471,singular,,,0.0,0.0,0.0024261474609375,0.0025787353515625,1.453125,1.453125,2.046875,0.00714111328125
16,10,472,plural,0.007026722654700279,0.007026722654700279,1.109375,1.1640625,0.0032806396484375,0.0032196044921875,1.4453125,1.4453125,2.046875,0.007171630859375
16,11,473,singular,0.002528805285692215,0.002528805285692215,0.43359375,0.373046875,0.0029144287109375,0.002838134765625,1.453125,1.453125,2.046875,0.007110595703125
16,11,474,plural,,,0.0,0.0,0.00244140625,0.0025787353515625,1.4453125,1.4453125,2.046875,0.007080078125
16,12,475,singular,0.10257620364427567,0.10257620364427567,15.625,15.1875,0.02392578125,0.024169921875,1.453125,1.453125,2.046875,0.004730224609375
16,12,476,plural,0.0025070447009056807,0.0025070447009056807,0.267578125,0.39453125,0.0024566650390625,0.004302978515625,1.4453125,1.453125,2.046875,0.0047607421875
16,13,477,singular,,,0.0,0.0,0.004730224609375,0.000408172607421875,1.453125,1.453125,2.046875,0.004669189453125
16,13,478,plural,,,0.0,0.0,0.002471923828125,0.0,1.453125,1.453125,2.046875,0.00469970703125
16,14,479,singular,0.03168168663978577,0.03168168663978577,5.03125,4.75,0.013427734375,0.01348876953125,1.453125,1.453125,2.046875,0.0031890869140625
16,14,480,plural,1.0569453239440918,1.0569453239440918,103.5,104.0,0.0634765625,0.06298828125,1.4453125,1.453125,2.046875,0.0026397705078125
17,0,481,singular,0.044556278735399246,0.044556278735399246,7.15625,5.40625,0.015869140625,0.01318359375,1.453125,1.4453125,2.046875,0.0024871826171875
17,0,482,plural,,,0.0,0.0,0.003753662109375,0.004791259765625,1.4453125,1.453125,2.046875,0.0025482177734375
17,1,483,singular,0.09081295877695084,0.09081295877695084,13.4375,13.1875,0.016845703125,0.017333984375,1.4453125,1.4453125,2.046875,0.0003376007080078125
17,1,484,plural,0.008307070471346378,0.008307070471346378,1.203125,1.3203125,0.004180908203125,0.004730224609375,1.453125,1.4453125,2.046875,0.0002899169921875
17,2,485,singular,0.0007996936910785735,0.0007996936910785735,0.1240234375,0.0859375,0.002899169921875,0.000823974609375,1.453125,1.4453125,2.046875,0.0002803802490234375
17,2,486,plural,0.0017300175968557596,0.0017300175968557596,0.150390625,0.28515625,0.000225067138671875,0.000576019287109375,1.453125,1.4453125,2.046875,0.0002880096435546875
17,3,487,singular,,,0.0,0.0,6.079673767089844e-05,0.0001621246337890625,1.453125,1.4453125,2.046875,0.0002880096435546875
17,3,488,plural,0.00036090059438720345,0.00036090059438720345,0.04833984375,0.05908203125,1.537799835205078e-05,1.6808509826660156e-05,1.453125,1.4453125,2.046875,0.0002899169921875
17,4,489,singular,0.08210276067256927,0.08210276067256927,12.6875,12.1875,0.0223388671875,0.02294921875,1.453125,1.453125,2.0625,-0.0024871826171875
17,4,490,plural,0.0009193961159326136,0.0009193961159326136,0.0771484375,0.14453125,0.002044677734375,0.003936767578125,1.453125,1.4453125,2.046875,-0.002288818359375
17,5,491,singular,0.7630173563957214,0.7630173563957214,84.0,83.0,0.05224609375,0.0537109375,1.453125,1.453125,2.0625,-0.008544921875
17,5,492,plural,,,0.0,0.0,0.004119873046875,0.0036773681640625,1.453125,1.4453125,2.0625,-0.0087890625
17,6,493,singular,0.0005634627304971218,0.0005634627304971218,0.0927734375,0.07080078125,0.00115203857421875,0.0036468505859375,1.453125,1.453125,2.0625,-0.0086669921875
17,6,494,plural,,,0.0,0.0,9.000301361083984e-06,0.0025482177734375,1.453125,1.453125,2.0625,-0.0086669921875
17,7,495,singular,0.000163541772053577,0.000163541772053577,0.027587890625,0.003631591796875,1.9431114196777344e-05,0.0,1.453125,1.453125,2.0625,-0.0086669921875
17,7,496,plural,0.003390399506315589,0.003390399506315589,0.5078125,0.54296875,0.000797271728515625,0.00080108642578125,1.453125,1.4453125,2.0625,-0.0087890625
17,8,497,singular,,,0.0,0.0,0.0002593994140625,0.0027618408203125,1.453125,1.453125,2.0625,-0.0086669921875
17,8,498,plural,0.034340694546699524,0.034340694546699524,5.40625,5.53125,0.00909423828125,0.00811767578125,1.4453125,1.453125,2.0625,-0.00921630859375
17,9,499,singular,,,0.0,0.0,0.005035400390625,0.0015716552734375,1.453125,1.4453125,2.0625,-0.00927734375
17,9,500,plural,0.16205549240112305,0.16205549240112305,24.5,24.875,0.03076171875,0.03125,1.453125,1.453125,2.0625,-0.00897216796875
17,10,501,singular,0.0001515035255579278,0.0001515035255579278,0.0235595703125,0.01165771484375,0.0038299560546875,0.00238037109375,1.4453125,1.453125,2.0625,-0.009033203125
17,10,502,plural,,,0.0,0.0,0.00323486328125,0.0,1.453125,1.453125,2.0625,-0.00897216796875
17,11,503,singular,0.0012692499440163374,0.0012692499440163374,0.2177734375,0.1767578125,0.0023651123046875,0.00016117095947265625,1.4453125,1.453125,2.0625,-0.009033203125
17,11,504,plural,0.0012253165477886796,0.0012253165477886796,0.08740234375,0.1923828125,0.00244140625,0.000286102294921875,1.453125,1.453125,2.0625,-0.00897216796875
17,12,505,singular,,,0.0,0.0,0.002410888671875,8.821487426757812e-05,1.4453125,1.453125,2.0625,-0.009033203125
17,12,506,plural,0.0005106813623569906,0.0005106813623569906,0.0693359375,0.08203125,0.002410888671875,0.000156402587890625,1.453125,1.453125,2.0625,-0.00897216796875
17,13,507,singular,,,0.0,0.0,0.002410888671875,9.59634780883789e-06,1.4453125,1.453125,2.0625,-0.009033203125
17,13,508,plural,0.031245378777384758,0.031245378777384758,4.78125,5.0,0.0126953125,0.0135498046875,1.453125,1.453125,2.0625,-0.0086669921875
17,14,509,singular,0.0010556369088590145,0.0010556369088590145,0.177734375,0.08251953125,0.00335693359375,0.00171661376953125,1.4453125,1.453125,2.0625,-0.00872802734375
17,14,510,plural,,,0.0,0.0,0.0030364990234375,4.9114227294921875e-05,1.453125,1.453125,2.0625,-0.00872802734375
18,0,511,singular,0.0005816913326270878,0.0005816913326270878,0.09033203125,0.06689453125,0.0023956298828125,4.839897155761719e-05,1.453125,1.453125,2.0625,-0.00872802734375
18,0,512,plural,,,0.0,0.0,2.6226043701171875e-05,1.823902130126953e-05,1.453125,1.453125,2.0625,-0.00872802734375
18,1,513,singular,,,0.0,0.0,0.0,0.0,1.453125,1.453125,2.0625,-0.00872802734375
18,1,514,plural,0.0010418231831863523,0.0010418231831863523,0.0869140625,0.1640625,0.00015735626220703125,0.0004730224609375,1.453125,1.453125,2.0625,-0.00872802734375
18,2,515,singular,,,0.0,0.0,5.555152893066406e-05,0.00011157989501953125,1.453125,1.453125,2.0625,-0.00872802734375
18,2,516,plural,0.00550670363008976,0.00550670363008976,0.8515625,0.8984375,0.0025787353515625,0.002593994140625,1.4453125,1.4453125,2.0625,-0.00885009765625
18,3,517,singular,0.00028725311858579516,0.00028725311858579516,0.04443359375,0.0189208984375,0.0027008056640625,0.00469970703125,1.453125,1.453125,2.0625,-0.00872802734375
18,3,518,plural,,,0.0,0.0,0.00244140625,0.00250244140625,1.4453125,1.453125,2.0625,-0.00872802734375
18,4,519,singular,,,0.0,0.0,0.002410888671875,0.0,1.453125,1.453125,2.0625,-0.00872802734375
18,4,520,plural,0.0003233625029679388,0.0003233625029679388,0.0419921875,0.052001953125,0.002410888671875,0.00016689300537109375,1.4453125,1.453125,2.0625,-0.00872802734375
18,5,521,singular,,,0.0,0.0,0.002410888671875,3.457069396972656e-05,1.453125,1.453125,2.0625,-0.00872802734375
18,5,522,plural,0.006288029253482819,0.006288029253482819,0.9765625,1.03125,0.00433349609375,0.003662109375,1.4453125,1.453125,2.0625,-0.0087890625
18,6,523,singular,0.03595750406384468,0.03595750406384468,5.71875,5.3125,0.025634765625,0.0252685546875,1.453125,1.453125,2.0625,-0.01190185546875
18,6,524,plural,0.0032197798136621714,0.0032197798136621714,0.345703125,0.5078125,0.0032501220703125,0.00482177734375,1.453125,1.453125,2.0625,-0.0118408203125
18,7,525,singular,0.0025795777328312397,0.0025795777328312397,0.421875,0.357421875,0.00176239013671875,0.001861572265625,1.453125,1.453125,2.0625,-0.01190185546875
18,7,526,plural,0.47839421033859253,0.47839421033859253,59.5,60.5,0.06396484375,0.06298828125,1.4453125,1.4453125,2.0625,-0.01263427734375
18,8,527,singular,0.0017279945313930511,0.0017279945313930511,0.26953125,0.2080078125,0.00250244140625,0.00567626953125,1.4453125,1.453125,2.0625,-0.0126953125
18,8,528,plural,0.000654602306894958,0.000654602306894958,0.091796875,0.109375,0.00102996826171875,0.003997802734375,1.4453125,1.453125,2.0625,-0.01263427734375
18,9,529,singular,0.005359211005270481,0.005359211005270481,0.90625,0.609375,0.004241943359375,0.0024566650390625,1.4453125,1.453125,2.0625,-0.0128173828125
18,9,530,plural,,,0.0,0.0,0.00125885009765625,0.000644683837890625,1.4453125,1.453125,2.0625,-0.01287841796875
18,10,531,singular,0.00968165136873722,0.00968165136873722,1.640625,1.2890625,0.006591796875,0.004791259765625,1.4453125,1.453125,2.0625,-0.013427734375
18,10,532,plural,,,0.0,0.0,0.0030975341796875,0.001068115234375,1.4453125,1.453125,2.0625,-0.01348876953125
18,11,533,singular,0.009342523291707039,0.009342523291707039,1.5859375,1.4609375,0.00567626953125,0.00579833984375,1.4453125,1.4453125,2.0625,-0.01416015625
18,11,534,plural,,,0.0,0.0,0.0029754638671875,0.00323486328125,1.4453125,1.453125,2.0625,-0.01409912109375
18,12,535,singular,2.3540561199188232,2.3540561199188232,142.0,142.0,0.06494140625,0.06591796875,1.453125,1.453125,2.078125,-0.0205078125
18,12,536,plural,0.2559208869934082,0.2559208869934082,35.75,36.25,0.031494140625,0.031494140625,1.453125,1.453125,2.078125,-0.0198974609375
18,13,537,singular,,,0.0,0.0,0.00360107421875,0.0021209716796875,1.4453125,1.453125,2.0625,-0.02001953125
18,13,538,plural,0.00045718232286162674,0.00045718232286162674,0.060791015625,0.07373046875,0.0034027099609375,6.246566772460938e-05,1.453125,1.453125,2.078125,-0.019775390625
18,14,539,singular,0.006332096178084612,0.006332096178084612,1.0390625,0.357421875,0.0030364990234375,0.0011749267578125,1.453125,1.453125,2.078125,-0.019775390625
18,14,540,plural,0.01723608374595642,0.01723608374595642,1.3984375,2.8125,0.0029144287109375,0.00531005859375,1.453125,1.453125,2.0625,-0.01953125
19,0,541,singular,,,0.0,0.0,0.00077056884765625,0.00102996826171875,1.453125,1.453125,2.0625,-0.01953125
19,0,542,plural,0.00033182359766215086,0.00033182359766215086,0.0419921875,0.05322265625,9.775161743164062e-06,1.6450881958007812e-05,1.453125,1.453125,2.0625,-0.01953125
19,1,543,singular,0.006055342499166727,0.006055342499166727,1.0,0.4609375,0.002044677734375,0.000885009765625,1.453125,1.453125,2.0625,-0.01953125
19,1,544,plural,0.0021561963949352503,0.0021561963949352503,0.31640625,0.35546875,0.0004787445068359375,0.00032806396484375,1.453125,1.453125,2.0625,-0.01953125
19,2,545,singular,0.00020644917094614357,0.00020644917094614357,0.031982421875,0.01312255859375,5.5789947509765625e-05,0.00010919570922851562,1.453125,1.453125,2.0625,-0.01953125
19,2,546,plural,0.004351670388132334,0.004351670388132334,0.6640625,0.70703125,0.000812530517578125,0.000820159912109375,1.453125,1.453125,2.0625,-0.01953125
19,3,547,singular,0.02249171771109104,0.02249171771109104,3.59375,3.28125,0.00555419921875,0.006103515625,1.4453125,1.4453125,2.0625,-0.0201416015625
19,3,548,plural,,,0.0,0.0,0.0030670166015625,0.004547119140625,1.453125,1.453125,2.078125,-0.0198974609375
19,4,549,singular,0.0008678245940245688,0.0008678245940245688,0.1474609375,0.0732421875,0.0025787353515625,0.002593994140625,1.4453125,1.453125,2.0625,-0.02001953125
19,4,550,plural,0.018367677927017212,0.018367677927017212,1.59375,3.0,0.0052490234375,0.00811767578125,1.453125,1.453125,2.078125,-0.0196533203125
19,5,551,singular,,,0.0,0.0,0.0027008056640625,0.0012054443359375,1.4453125,1.4453125,2.0625,-0.019775390625
19,5,552,plural,0.0027086972258985043,0.0027086972258985043,0.40625,0.443359375,0.0025482177734375,0.0034027099609375,1.453125,1.453125,2.078125,-0.019775390625
19,6,553,singular,,,0.0,0.0,0.0023956298828125,0.0023193359375,1.4453125,1.453125,2.0625,-0.019775390625
19,6,554,plural,0.0007765853079035878,0.0007765853079035878,0.046630859375,0.12255859375,0.002410888671875,0.0002613067626953125,1.453125,1.453125,2.078125,-0.019775390625
19,7,555,singular,0.0013827058719471097,0.0013827058719471097,0.234375,0.12060546875,0.0024261474609375,0.00017547607421875,1.4453125,1.453125,2.0625,-0.019775390625
19,7,556,plural,0.22921855747699738,0.22921855747699738,32.0,32.5,0.036865234375,0.037109375,1.4453125,1.453125,2.078125,-0.0213623046875
19,8,557,singular,,,0.0,0.0,0.00286865234375,0.0021514892578125,1.453125,1.453125,2.078125,-0.021240234375
19,8,558,plural,,,0.0,0.0,0.004302978515625,0.0,1.4453125,1.453125,2.078125,-0.0213623046875
19,9,559,singular,0.024459494277834892,0.024459494277834892,3.75,3.5625,0.0101318359375,0.00909423828125,1.453125,1.453125,2.078125,-0.0220947265625
19,9,560,plural,0.004690358880907297,0.004690358880907297,0.65234375,0.75390625,0.00408935546875,0.002685546875,1.453125,1.453125,2.078125,-0.02197265625
19,10,561,singular,0.00580257223919034,0.00580257223919034,0.9921875,0.89453125,0.00274658203125,0.002685546875,1.453125,1.4453125,2.078125,-0.022216796875
19,10,562,plural,,,0.0,0.0,0.00069427490234375,0.005126953125,1.453125,1.453125,2.078125,-0.0220947265625
19,11,563,singular,0.6395508050918579,0.6395508050918579,74.5,73.0,0.057861328125,0.05908203125,1.453125,1.4453125,2.078125,-0.029296875
19,11,564,plural,,,0.0,0.0,0.0038299560546875,0.0045166015625,1.453125,1.4453125,2.078125,-0.0291748046875
19,12,565,singular,7.950943836476654e-05,7.950943836476654e-05,0.01226806640625,0.00177764892578125,0.0011749267578125,0.0005645751953125,1.453125,1.4453125,2.078125,-0.0291748046875
19,12,566,plural,0.0014812698354944587,0.0014812698354944587,0.06640625,0.228515625,0.0001277923583984375,0.00070953369140625,1.453125,1.4453125,2.078125,-0.0291748046875
19,13,567,singular,,,0.0,0.0,2.4557113647460938e-05,0.0002651214599609375,1.453125,1.4453125,2.078125,-0.0291748046875
19,13,568,plural,0.0024260631762444973,0.0024260631762444973,0.349609375,0.388671875,0.00098419189453125,0.000911712646484375,1.453125,1.453125,2.078125,-0.0291748046875
19,14,569,singular,0.0014527016319334507,0.0014527016319334507,0.236328125,0.1904296875,0.000614166259765625,0.00311279296875,1.453125,1.4453125,2.078125,-0.0291748046875
19,14,570,plural,,,0.0,0.0,0.000171661376953125,0.002593994140625,1.453125,1.4453125,2.078125,-0.0291748046875
20,0,571,singular,,,0.0,0.0,0.0,3.409385681152344e-05,1.453125,1.4453125,2.078125,-0.0291748046875
20,0,572,plural,0.04992026463150978,0.04992026463150978,7.8125,8.0,0.016845703125,0.015869140625,1.4453125,1.4453125,2.078125,-0.0306396484375
20,1,573,singular,7.426462980220094e-05,7.426462980220094e-05,0.01153564453125,0.002288818359375,0.004852294921875,0.004150390625,1.453125,1.453125,2.078125,-0.0303955078125
20,1,574,plural,0.001095648156479001,0.001095648156479001,0.051513671875,0.1689453125,0.00311279296875,0.0030059814453125,1.4453125,1.453125,2.078125,-0.030517578125
20,2,575,singular,0.00904581043869257,0.00904581043869257,1.4609375,1.21875,0.00726318359375,0.0052490234375,1.453125,1.4453125,2.078125,-0.031005859375
20,2,576,plural,0.0018870895728468895,0.0018870895728468895,0.2734375,0.302734375,0.0031585693359375,0.0033111572265625,1.4453125,1.453125,2.078125,-0.031005859375
20,3,577,singular,0.0004003438516519964,0.0004003438516519964,0.068359375,0.03466796875,0.002777099609375,0.002655029296875,1.453125,1.4453125,2.078125,-0.031005859375
20,3,578,plural,1.5072866678237915,1.5072866678237915,123.0,123.5,0.06494140625,0.06494140625,1.453125,1.453125,2.078125,-0.0302734375
20,4,579,singular,1.1437934637069702,1.1437934637069702,107.0,106.0,0.045166015625,0.047119140625,1.453125,1.453125,2.09375,-0.036865234375
20,4,580,plural,0.004429528955370188,0.004429528955370188,0.66015625,0.72265625,0.004119873046875,0.0024566650390625,1.453125,1.4453125,2.09375,-0.037109375
20,5,581,singular,,,0.0,0.0,0.000858306884765625,0.004852294921875,1.453125,1.453125,2.09375,-0.037109375
20,5,582,plural,0.007168170064687729,0.007168170064687729,1.109375,1.1875,0.002166748046875,0.0029754638671875,1.453125,1.453125,2.09375,-0.037109375
20,6,583,singular,,,0.0,0.0,0.00054931640625,0.0005950927734375,1.453125,1.453125,2.09375,-0.037109375
20,6,584,plural,0.0005741854547522962,0.0005741854547522962,0.01904296875,0.08837890625,8.58306884765625e-06,0.00019550323486328125,1.453125,1.453125,2.09375,-0.037109375
20,7,585,singular,0.0010493254521861672,0.0010493254521861672,0.177734375,0.0830078125,0.00034332275390625,8.296966552734375e-05,1.453125,1.453125,2.09375,-0.037109375
20,7,586,plural,,,0.0,0.0,5.8650970458984375e-05,5.626678466796875e-05,1.453125,1.453125,2.09375,-0.037109375
20,8,587,singular,,,0.0,0.0,0.0,0.0,1.453125,1.453125,2.09375,-0.037109375
20,8,588,plural,0.004144294653087854,0.004144294653087854,0.318359375,0.6875,0.001190185546875,0.00185394287109375,1.453125,1.453125,2.09375,-0.037109375
20,9,589,singular,0.006490815430879593,0.006490815430879593,1.0625,0.189453125,0.0038604736328125,0.000919342041015625,1.453125,1.453125,2.09375,-0.036865234375
20,9,590,plural,0.0003499372396618128,0.0003499372396618128,0.041748046875,0.055908203125,0.00086212158203125,0.0003509521484375,1.453125,1.453125,2.09375,-0.036865234375
20,10,591,singular,0.000559292733669281,0.000559292733669281,0.0869140625,0.058837890625,9.489059448242188e-05,4.57763671875e-05,1.453125,1.453125,2.09375,-0.036865234375
20,10,592,plural,,,0.0,0.0,1.150369644165039e-05,8.821487426757812e-06,1.453125,1.453125,2.09375,-0.036865234375
20,11,593,singular,,,0.0,0.0,0.0,0.0,1.453125,1.453125,2.09375,-0.036865234375
20,11,594,plural,0.024876561015844345,0.024876561015844345,3.703125,3.953125,0.01251220703125,0.01239013671875,1.453125,1.453125,2.09375,-0.036376953125
20,12,595,singular,0.0012240068754181266,0.0012240068754181266,0.20703125,0.0830078125,0.00286865234375,0.00141143798828125,1.453125,1.4453125,2.09375,-0.03662109375
20,12,596,plural,,,0.0,0.0,0.000385284423828125,0.003509521484375,1.453125,1.453125,2.09375,-0.036376953125
20,13,597,singular,0.0002169373765354976,0.0002169373765354976,0.033447265625,0.01318359375,7.82012939453125e-05,0.0023651123046875,1.453125,1.453125,2.09375,-0.036376953125
20,13,598,plural,,,0.0,0.0,1.621246337890625e-05,3.0517578125e-05,1.453125,1.453125,2.09375,-0.036376953125
20,14,599,singular,0.009376771748065948,0.009376771748065948,1.5234375,1.390625,0.005340576171875,0.005218505859375,1.453125,1.4453125,2.09375,-0.036865234375
20,14,600,plural,,,0.0,0.0,0.00099945068359375,0.0028533935546875,1.453125,1.453125,2.09375,-0.03662109375
21,0,601,singular,0.0017751187551766634,0.0017751187551766634,0.30078125,0.1552734375,0.00112152099609375,0.002471923828125,1.453125,1.453125,2.09375,-0.03662109375
21,0,602,plural,0.0006712805479764938,0.0006712805479764938,0.08984375,0.10888671875,0.000316619873046875,0.0003528594970703125,1.453125,1.453125,2.09375,-0.03662109375
21,1,603,singular,,,0.0,0.0,8.630752563476562e-05,8.726119995117188e-05,1.453125,1.453125,2.09375,-0.03662109375
21,1,604,plural,,,0.0,0.0,0.0,0.0,1.453125,1.453125,2.09375,-0.03662109375
21,2,605,singular,0.0011518517276272178,0.0011518517276272178,0.1943359375,0.07275390625,0.0008544921875,0.000179290771484375,1.453125,1.453125,2.09375,-0.03662109375
21,2,606,plural,0.005082425195723772,0.005082425195723772,0.76171875,0.8359375,0.00286865234375,0.0026092529296875,1.453125,1.4453125,2.09375,-0.036865234375
21,3,607,singular,0.0012151960982009768,0.0012151960982009768,0.2080078125,0.15625,0.0010986328125,0.002593994140625,1.453125,1.453125,2.09375,-0.036865234375
21,3,608,plural,0.00043215948971919715,0.00043215948971919715,0.006988525390625,0.06640625,0.0002536773681640625,0.00238037109375,1.453125,1.453125,2.09375,-0.036865234375
21,4,609,singular,0.01066567562520504,0.01066567562520504,1.734375,1.5859375,0.008544921875,0.0087890625,1.453125,1.453125,2.09375,-0.037353515625
21,4,610,plural,0.002477197675034404,0.002477197675034404,0.359375,0.408203125,0.0027618408203125,0.0035858154296875,1.453125,1.453125,2.09375,-0.037109375
21,5,611,singular,0.00543758412823081,0.00543758412823081,0.8984375,0.361328125,0.007080078125,0.0034637451171875,1.4453125,1.453125,2.09375,-0.037109375
21,5,612,plural,,,0.0,0.0,0.0032196044921875,0.00063323974609375,1.453125,1.453125,2.09375,-0.036865234375
21,6,613,singular,,,0.0,0.0,0.002410888671875,0.0,1.453125,1.453125,2.09375,-0.036865234375
21,6,614,plural,0.0031337460968643427,0.0031337460968643427,0.458984375,0.51171875,0.002197265625,0.0024261474609375,1.453125,1.453125,2.09375,-0.037109375
21,7,615,singular,0.02844916470348835,0.02844916470348835,4.46875,4.125,0.01275634765625,0.01336669921875,1.4453125,1.453125,2.09375,-0.03857421875
21,7,616,plural,0.006809363141655922,0.006809363141655922,0.52734375,1.125,0.006866455078125,0.01129150390625,1.453125,1.453125,2.09375,-0.0380859375
21,8,617,singular,0.00011467275908216834,0.00011467275908216834,0.0179443359375,0.005523681640625,0.0028839111328125,0.00160980224609375,1.453125,1.453125,2.09375,-0.0380859375
21,8,618,plural,,,0.0,0.0,6.532669067382812e-05,4.082918167114258e-06,1.453125,1.453125,2.09375,-0.0380859375
21,9,619,singular,,,0.0,0.0,0.0,0.0,1.453125,1.453125,2.09375,-0.0380859375
21,9,620,plural,0.03176587447524071,0.03176587447524071,4.8125,5.125,0.0294189453125,0.03076171875,1.4453125,1.4453125,2.09375,-0.0380859375
21,10,621,singular,,,0.0,0.0,0.002532958984375,0.005218505859375,1.453125,1.453125,2.09375,-0.037841796875
21,10,622,plural,0.4803165793418884,0.4803165793418884,59.5,60.5,0.06494140625,0.064453125,1.453125,1.4453125,2.09375,-0.037841796875
21,11,623,singular,1.7095540761947632,1.7095540761947632,132.0,131.0,0.0576171875,0.059814453125,1.4453125,1.4453125,2.09375,-0.044921875
21,11,624,plural,0.00014602071314584464,0.00014602071314584464,0.015625,0.023681640625,0.00543212890625,0.0028076171875,1.453125,1.4453125,2.09375,-0.04443359375
21,12,625,singular,,,0.0,0.0,0.00384521484375,0.00101470947265625,1.453125,1.4453125,2.09375,-0.04443359375
21,12,626,plural,0.000226472009671852,0.000226472009671852,0.0029296875,0.034912109375,0.0003147125244140625,1.0967254638671875e-05,1.453125,1.4453125,2.09375,-0.04443359375
21,13,627,singular,0.004194985143840313,0.004194985143840313,0.6484375,0.55859375,0.0004711151123046875,0.00054168701171875,1.453125,1.4453125,2.09375,-0.04443359375
21,13,628,plural,,,0.0,0.0,0.000156402587890625,0.00023365020751953125,1.453125,1.4453125,2.09375,-0.04443359375
21,14,629,singular,0.0003500564198475331,0.0003500564198475331,0.05419921875,0.0216064453125,1.1801719665527344e-05,0.00012969970703125,1.453125,1.4453125,2.09375,-0.04443359375
21,14,630,plural,,,0.0,0.0,2.3543834686279297e-06,1.3317912817001343e-07,1.453125,1.4453125,2.09375,-0.04443359375
22,0,631,singular,0.4802197515964508,0.4802197515964508,60.75,59.75,0.039306640625,0.03955078125,1.4453125,1.453125,2.09375,-0.047607421875
22,0,632,plural,,,0.0,0.0,0.005279541015625,0.00421142578125,1.453125,1.4453125,2.09375,-0.047607421875
22,1,633,singular,0.0002485204895492643,0.0002485204895492643,0.038330078125,0.021728515625,0.003997802734375,0.0032806396484375,1.4453125,1.453125,2.09375,-0.047607421875
22,1,634,plural,0.16479434072971344,0.16479434072971344,24.0,24.75,0.0184326171875,0.018798828125,1.453125,1.453125,2.09375,-0.04833984375
22,2,635,singular,,,0.0,0.0,0.0037078857421875,0.002044677734375,1.4453125,1.453125,2.09375,-0.048583984375
22,2,636,plural,0.00031096869497559965,0.00031096869497559965,0.036376953125,0.048828125,0.0035552978515625,1.4841556549072266e-05,1.453125,1.453125,2.09375,-0.04833984375
22,3,637,singular,,,0.0,0.0,0.0024566650390625,2.6971101760864258e-06,1.4453125,1.453125,2.09375,-0.048583984375
22,3,638,plural,0.000309657771140337,0.000309657771140337,0.036376953125,0.048583984375,0.002655029296875,1.728534698486328e-05,1.453125,1.453125,2.09375,-0.04833984375
22,4,639,singular,0.0004992430913262069,0.0004992430913262069,0.08544921875,0.0576171875,0.0025634765625,3.457069396972656e-05,1.4453125,1.453125,2.09375,-0.048583984375
22,4,640,plural,0.009175042621791363,0.009175042621791363,1.40625,1.5078125,0.00299072265625,0.001678466796875,1.453125,1.453125,2.09375,-0.04833984375
22,5,641,singular,0.011192512698471546,0.011192512698471546,1.7890625,1.5625,0.002838134765625,0.001495361328125,1.4453125,1.453125,2.09375,-0.048583984375
22,5,642,plural,0.392879843711853,0.392879843711853,50.5,51.5,0.041259765625,0.04150390625,1.4453125,1.453125,2.09375,-0.049072265625
22,6,643,singular,,,0.0,0.0,0.0030364990234375,0.0026702880859375,1.4453125,1.453125,2.09375,-0.049072265625
22,6,644,plural,0.000120751719805412,0.000120751719805412,0.001068115234375,0.0184326171875,0.0007476806640625,3.0994415283203125e-05,1.4453125,1.453125,2.09375,-0.049072265625
22,7,645,singular,,,0.0,0.0,0.0,2.130866050720215e-06,1.4453125,1.453125,2.09375,-0.049072265625
22,7,646,plural,0.0001902399235405028,0.0001902399235405028,0.020263671875,0.03125,8.344650268554688e-06,6.109476089477539e-06,1.4453125,1.453125,2.09375,-0.049072265625
22,8,647,singular,0.004105354659259319,0.004105354659259319,0.69140625,0.47265625,0.0012664794921875,0.000682830810546875,1.4453125,1.453125,2.09375,-0.04931640625
22,8,648,plural,0.0009725131676532328,0.0009725131676532328,0.0263671875,0.162109375,0.000545501708984375,0.0003681182861328125,1.453125,1.453125,2.09375,-0.049072265625
22,9,649,singular,0.002636886900290847,0.002636886900290847,0.451171875,0.328125,0.004058837890625,0.0003662109375,1.4453125,1.453125,2.09375,-0.04931640625
22,9,650,plural,,,0.0,0.0,0.00262451171875,9.775161743164062e-05,1.4453125,1.453125,2.09375,-0.04931640625
22,10,651,singular,0.014799804426729679,0.014799804426729679,2.390625,0.578125,0.00823974609375,0.0022735595703125,1.453125,1.453125,2.09375,-0.049072265625
22,10,652,plural,,,0.0,0.0,0.003265380859375,0.000545501708984375,1.453125,1.453125,2.09375,-0.049072265625
22,11,653,singular,0.0502217635512352,0.0502217635512352,8.0,7.71875,0.01409912109375,0.01531982421875,1.453125,1.4453125,2.09375,-0.05078125
22,11,654,plural,,,0.0,0.0,0.002044677734375,0.004547119140625,1.4453125,1.453125,2.09375,-0.05078125
22,12,655,singular,0.00041786045767366886,0.00041786045767366886,0.064453125,0.027587890625,0.004241943359375,0.0028228759765625,1.453125,1.4453125,2.109375,-0.05078125
22,12,656,plural,0.0004029654082842171,0.0004029654082842171,0.04833984375,0.06591796875,0.0025482177734375,0.0024261474609375,1.453125,1.453125,2.109375,-0.05078125
22,13,657,singular,,,0.0,0.0,1.6570091247558594e-05,0.002349853515625,1.453125,1.4453125,2.09375,-0.05078125
22,13,658,plural,0.00034707720624282956,0.00034707720624282956,0.013427734375,0.054931640625,5.245208740234375e-06,0.0023651123046875,1.453125,1.453125,2.109375,-0.05078125
22,14,659,singular,0.00042834642226807773,0.00042834642226807773,0.06640625,0.02783203125,0.00015926361083984375,0.002349853515625,1.453125,1.4453125,2.09375,-0.05078125
22,14,660,plural,,,0.0,0.0,7.05718994140625e-05,0.002349853515625,1.453125,1.453125,2.109375,-0.05078125
23,0,661,singular,0.0018919678404927254,0.0018919678404927254,0.32421875,0.2578125,0.000568389892578125,0.0024566650390625,1.453125,1.4453125,2.09375,-0.051025390625
23,0,662,plural,0.013642760924994946,0.013642760924994946,1.9921875,2.1875,0.00634765625,0.005828857421875,1.4453125,1.4453125,2.09375,-0.05126953125
23,1,663,singular,,,0.0,0.0,0.00390625,0.0033111572265625,1.453125,1.4453125,2.109375,-0.051025390625
23,1,664,plural,,,0.0,0.0,0.0026702880859375,0.000423431396484375,1.4453125,1.4453125,2.09375,-0.05126953125
23,2,665,singular,0.015136969275772572,0.015136969275772572,2.453125,2.28125,0.007720947265625,0.0086669921875,1.4453125,1.453125,2.109375,-0.05224609375
23,2,666,plural,0.0006129055400379002,0.0006129055400379002,0.080078125,0.1005859375,0.003509521484375,0.003082275390625,1.453125,1.453125,2.109375,-0.052001953125
23,3,667,singular,0.4802197515964508,0.4802197515964508,60.75,59.75,0.06005859375,0.061279296875,1.453125,1.453125,2.109375,-0.057861328125
23,3,668,plural,0.12884485721588135,0.12884485721588135,19.375,19.75,0.0279541015625,0.0281982421875,1.453125,1.453125,2.109375,-0.05859375
23,4,669,singular,8.189342770492658e-05,8.189342770492658e-05,0.0126953125,0.0025787353515625,0.004058837890625,0.002105712890625,1.453125,1.453125,2.109375,-0.058837890625
23,4,670,plural,,,0.0,0.0,0.0004405975341796875,0.0,1.453125,1.453125,2.109375,-0.058837890625
23,5,671,singular,0.002452225424349308,0.002452225424349308,0.40625,0.080078125,0.00109100341796875,0.000156402587890625,1.453125,1.453125,2.109375,-0.05859375
23,5,672,plural,,,0.0,0.0,0.000274658203125,4.9591064453125e-05,1.453125,1.453125,2.109375,-0.05859375
23,6,673,singular,,,0.0,0.0,0.0,0.0,1.453125,1.453125,2.109375,-0.05859375
23,6,674,plural,0.006809363141655922,0.006809363141655922,0.52734375,1.125,0.0022430419921875,0.00421142578125,1.453125,1.453125,2.109375,-0.05859375
23,7,675,singular,0.00028951745480298996,0.00028951745480298996,0.044921875,0.0245361328125,0.000652313232421875,0.00078582763671875,1.453125,1.453125,2.109375,-0.05859375
23,7,676,plural,0.0012653210433200002,0.0012653210433200002,0.08740234375,0.2001953125,0.0001583099365234375,0.000598907470703125,1.453125,1.453125,2.109375,-0.05859375
23,8,677,singular,,,0.0,0.0,1.9669532775878906e-05,0.00016498565673828125,1.453125,1.453125,2.109375,-0.05859375
23,8,678,plural,,,0.0,0.0,0.0,0.0,1.453125,1.453125,2.109375,-0.05859375
23,9,679,singular,5.769562994828448e-05,5.769562994828448e-05,0.00897216796875,0.0017852783203125,6.705522537231445e-06,4.805624485015869e-07,1.453125,1.453125,2.109375,-0.05859375
23,9,680,plural,0.0015212640864774585,0.0015212640864774585,0.21484375,0.24609375,0.00054168701171875,0.000652313232421875,1.453125,1.453125,2.109375,-0.05859375
23,10,681,singular,0.007128993049263954,0.007128993049263954,1.1484375,0.953125,0.00439453125,0.004150390625,1.4453125,1.453125,2.109375,-0.058837890625
23,10,682,plural,0.0013375869020819664,0.0013375869020819664,0.0986328125,0.2109375,0.0034332275390625,0.001190185546875,1.453125,1.453125,2.109375,-0.05859375
23,11,683,singular,0.0003163314249832183,0.0003163314249832183,0.0537109375,0.0184326171875,0.0026702880859375,0.0002536773681640625,1.453125,1.453125,2.109375,-0.05859375
23,11,684,plural,,,0.0,0.0,2.2649765014648438e-05,3.844499588012695e-06,1.453125,1.453125,2.109375,-0.05859375
23,12,685,singular,0.0006974886637181044,0.0006974886637181044,0.11865234375,0.039306640625,0.000308990478515625,6.723403930664062e-05,1.453125,1.453125,2.109375,-0.05859375
23,12,686,plural,0.016980968415737152,0.016980968415737152,2.609375,2.78125,0.01019287109375,0.01019287109375,1.453125,1.453125,2.109375,-0.05908203125
23,13,687,singular,,,0.0,0.0,0.0033111572265625,0.00154876708984375,1.453125,1.453125,2.109375,-0.05908203125
23,13,688,plural,0.0004372832481749356,0.0004372832481749356,0.052734375,0.06884765625,0.0003814697265625,0.00022411346435546875,1.453125,1.453125,2.109375,-0.05908203125
23,14,689,singular,,,0.0,0.0,4.57763671875e-05,9.822845458984375e-05,1.453125,1.453125,2.109375,-0.05908203125
23,14,690,plural,0.9048538208007812,0.9048538208007812,93.5,94.5,0.06640625,0.06591796875,1.4453125,1.4453125,2.109375,-0.05908203125
24,0,691,singular,,,0.0,0.0,0.002166748046875,0.00506591796875,1.4453125,1.453125,2.109375,-0.05908203125
24,0,692,plural,,,0.0,0.0,0.00119781494140625,0.00408935546875,1.4453125,1.4453125,2.109375,-0.059326171875
24,1,693,singular,0.2878657281398773,0.2878657281398773,40.5,39.5,0.039306640625,0.040283203125,1.4453125,1.453125,2.109375,-0.06396484375
24,1,694,plural,0.00021562635083682835,0.00021562635083682835,0.0230712890625,0.035400390625,0.005096435546875,0.003936767578125,1.453125,1.4453125,2.109375,-0.06396484375
24,2,695,singular,0.0007830176036804914,0.0007830176036804914,0.1337890625,0.08349609375,0.0036773681640625,0.00311279296875,1.4453125,1.4453125,2.109375,-0.06396484375
24,2,696,plural,0.05811994522809982,0.05811994522809982,8.6875,9.25,0.01092529296875,0.01141357421875,1.453125,1.4453125,2.109375,-0.064453125
24,3,697,singular,,,0.0,0.0,0.0032501220703125,0.003875732421875,1.4453125,1.453125,2.109375,-0.064453125
24,3,698,plural,0.005482755601406097,0.005482755601406097,0.734375,0.87109375,0.003021240234375,0.00274658203125,1.453125,1.4453125,2.109375,-0.064453125
24,4,699,singular,0.01085991133004427,0.01085991133004427,1.6796875,1.5078125,0.0032501220703125,0.003997802734375,1.453125,1.453125,2.109375,-0.064453125
24,4,700,plural,,,0.0,0.0,0.0009765625,0.0026702880859375,1.453125,1.4453125,2.109375,-0.064453125
24,5,701,singular,0.0010568277211859822,0.0010568277211859822,0.1796875,0.10693359375,0.0001811981201171875,0.0025787353515625,1.453125,1.453125,2.109375,-0.064453125
24,5,702,plural,0.001259368029423058,0.001259368029423058,0.171875,0.2099609375,0.000179290771484375,0.00250244140625,1.453125,1.4453125,2.109375,-0.064453125
24,6,703,singular,0.007858077064156532,0.007858077064156532,1.2734375,0.166015625,0.00390625,0.0025482177734375,1.4453125,1.453125,2.109375,-0.064453125
24,6,704,plural,5.590759246842936e-05,5.590759246842936e-05,0.004425048828125,0.00897216796875,0.0028839111328125,0.00250244140625,1.453125,1.4453125,2.109375,-0.064453125
24,7,705,singular,,,0.0,0.0,0.0025787353515625,0.0025177001953125,1.4453125,1.453125,2.109375,-0.064453125
24,7,706,plural,0.00019691436318680644,0.00019691436318680644,0.0201416015625,0.0322265625,0.0025177001953125,0.00250244140625,1.453125,1.4453125,2.109375,-0.064453125
24,8,707,singular,,,0.0,0.0,0.0025177001953125,0.00250244140625,1.4453125,1.453125,2.109375,-0.064453125
24,8,708,plural,,,0.0,0.0,0.0025177001953125,0.00250244140625,1.453125,1.4453125,2.109375,-0.064453125
24,9,709,singular,0.02185114286839962,0.02185114286839962,3.53125,3.3125,0.0086669921875,0.00927734375,1.4453125,1.453125,2.109375,-0.0654296875
24,9,710,plural,0.00016962042718660086,0.00016962042718660086,0.001220703125,0.0262451171875,0.00335693359375,0.0034027099609375,1.453125,1.453125,2.109375,-0.06494140625
24,10,711,singular,0.0003215749457012862,0.0003215749457012862,0.050048828125,0.02783203125,0.0027313232421875,0.0002346038818359375,1.453125,1.453125,2.109375,-0.06494140625
24,10,712,plural,8.987976616481319e-05,8.987976616481319e-05,0.00836181640625,0.0145263671875,2.3365020751953125e-05,1.150369644165039e-05,1.453125,1.453125,2.109375,-0.06494140625
24,11,713,singular,0.0009274948388338089,0.0009274948388338089,0.1572265625,0.0830078125,0.0002727508544921875,0.0001392364501953125,1.453125,1.453125,2.109375,-0.06494140625
24,11,714,plural,0.0002026352594839409,0.0002026352594839409,0.0025787353515625,0.03125,7.43865966796875e-05,9.918212890625e-05,1.453125,1.453125,2.109375,-0.06494140625
24,12,715,singular,0.6396483182907104,0.6396483182907104,75.5,74.5,0.060302734375,0.061767578125,1.453125,1.453125,2.125,-0.07080078125
24,12,716,plural,,,0.0,0.0,0.0038604736328125,0.003814697265625,1.453125,1.4453125,2.125,-0.07080078125
24,13,717,singular,,,0.0,0.0,0.000904083251953125,0.0032806396484375,1.453125,1.453125,2.125,-0.07080078125
24,13,718,plural,0.16083520650863647,0.16083520650863647,19.125,24.625,0.032470703125,0.036376953125,1.4453125,1.4453125,2.125,-0.0712890625
24,14,719,singular,6.0794889577664435e-05,6.0794889577664435e-05,0.0093994140625,0.00156402587890625,0.0028228759765625,0.005340576171875,1.453125,1.453125,2.125,-0.07080078125
24,14,720,plural,,,0.0,0.0,0.0040283203125,0.003570556640625,1.4453125,1.4453125,2.125,-0.0712890625
25,0,721,singular,5.519237674889155e-05,5.519237674889155e-05,0.008544921875,0.0013885498046875,0.0025634765625,0.002685546875,1.453125,1.4453125,2.125,-0.0712890625
25,0,722,plural,,,0.0,0.0,0.0025177001953125,0.0,1.4453125,1.4453125,2.125,-0.0712890625
25,1,723,singular,0.003824540413916111,0.003824540413916111,0.61328125,0.396484375,0.0027618408203125,0.000827789306640625,1.453125,1.4453125,2.125,-0.0712890625
25,1,724,plural,0.0005112771177664399,0.0005112771177664399,0.059814453125,0.08056640625,0.0025482177734375,0.000331878662109375,1.4453125,1.4453125,2.125,-0.0712890625
25,2,725,singular,0.00019786784832831472,0.00019786784832831472,0.03369140625,0.0128173828125,0.002532958984375,9.5367431640625e-05,1.453125,1.4453125,2.125,-0.0712890625
25,2,726,plural,,,0.0,0.0,0.0025177001953125,6.9141387939453125e-06,1.4453125,1.4453125,2.125,-0.0712890625
25,3,727,singular,,,0.0,0.0,0.0025177001953125,3.814697265625e-06,1.453125,1.4453125,2.125,-0.0712890625
25,3,728,plural,0.011887541972100735,0.011887541972100735,1.8046875,1.953125,0.004608154296875,0.004119873046875,1.4453125,1.4453125,2.125,-0.0712890625
25,4,729,singular,,,0.0,0.0,0.002899169921875,0.0028533935546875,1.4453125,1.4453125,2.125,-0.0712890625
25,4,730,plural,0.0006292270263656974,0.0006292270263656974,0.01904296875,0.09716796875,0.00022220611572265625,0.0002651214599609375,1.4453125,1.4453125,2.125,-0.0712890625
25,5,731,singular,0.004578464198857546,0.004578464198857546,0.74609375,0.06982421875,0.003173828125,0.00013256072998046875,1.4453125,1.4453125,2.125,-0.0712890625
25,5,732,plural,0.0007752750534564257,0.0007752750534564257,0.036376953125,0.1220703125,0.0025177001953125,0.0003204345703125,1.4453125,1.4453125,2.125,-0.0712890625
25,6,733,singular,0.0014277036534622312,0.0014277036534622312,0.2333984375,0.1689453125,0.000774383544921875,0.000385284423828125,1.4453125,1.4453125,2.125,-0.0712890625
25,6,734,plural,,,0.0,0.0,0.00020503997802734375,0.0001239776611328125,1.4453125,1.4453125,2.125,-0.0712890625
25,7,735,singular,,,0.0,0.0,3.24249267578125e-05,1.5735626220703125e-05,1.4453125,1.4453125,2.125,-0.0712890625
25,7,736,plural,,,0.0,0.0,0.0,0.0,1.4453125,1.4453125,2.125,-0.0712890625
25,8,737,singular,,,0.0,0.0,0.0,0.0,1.4453125,1.4453125,2.125,-0.0712890625
25,8,738,plural,0.015047257766127586,0.015047257766127586,2.34375,2.484375,0.00958251953125,0.00921630859375,1.453125,1.4453125,2.125,-0.07177734375
25,9,739,singular,0.0005515484372153878,0.0005515484372153878,0.08544921875,0.052001953125,0.003173828125,0.00323486328125,1.4453125,1.453125,2.125,-0.07177734375
25,9,740,plural,0.000364713923772797,0.000364713923772797,0.041259765625,0.057373046875,0.002899169921875,0.0027923583984375,1.453125,1.4453125,2.125,-0.07177734375
25,10,741,singular,,,0.0,0.0,0.00244140625,0.002471923828125,1.453125,1.4453125,2.125,-0.07177734375
25,10,742,plural,0.008161645382642746,0.008161645382642746,1.2421875,1.328125,0.00579833984375,0.0052490234375,1.4453125,1.4453125,2.125,-0.072265625
25,11,743,singular,0.0004589696181938052,0.0004589696181938052,0.078125,0.02685546875,0.0032196044921875,0.00299072265625,1.453125,1.4453125,2.125,-0.07177734375
25,11,744,plural,,,0.0,0.0,0.002532958984375,0.00021076202392578125,1.4453125,1.4453125,2.125,-0.072265625
25,12,745,singular,0.0005862186080776155,0.0005862186080776155,0.099609375,0.0238037109375,0.0024261474609375,5.435943603515625e-05,1.453125,1.4453125,2.125,-0.07177734375
25,12,746,plural,0.04532478004693985,0.04532478004693985,6.78125,7.15625,0.033203125,0.032958984375,1.4453125,1.453125,2.125,-0.072265625
25,13,747,singular,0.0004854215949308127,0.0004854215949308127,0.0751953125,0.031494140625,0.0031280517578125,0.00201416015625,1.453125,1.453125,2.125,-0.072265625
25,13,748,plural,0.001384372473694384,0.001384372473694384,0.033447265625,0.2275390625,0.0040283203125,0.00122833251953125,1.4453125,1.453125,2.125,-0.072265625
25,14,749,singular,0.028219956904649734,0.028219956904649734,4.4375,4.125,0.01806640625,0.017822265625,1.4453125,1.4453125,2.125,-0.07421875
25,14,750,plural,0.9811446666717529,0.9811446666717529,98.0,99.0,0.06689453125,0.06640625,1.453125,1.453125,2.125,-0.07470703125
26,0,751,singular,,,0.0,0.0,0.0042724609375,0.00168609619140625,1.4453125,1.453125,2.125,-0.07470703125
26,0,752,plural,3.2782016205601394e-05,3.2782016205601394e-05,6.866455078125e-05,0.00506591796875,0.00396728515625,9.909272193908691e-07,1.453125,1.453125,2.125,-0.07470703125
26,1,753,singular,0.003935925662517548,0.003935925662517548,0.609375,0.4921875,0.0029754638671875,0.0018310546875,1.4453125,1.453125,2.125,-0.0751953125
26,1,754,plural,3.707340147229843e-05,3.707340147229843e-05,0.000244140625,0.005859375,0.0026092529296875,0.000507354736328125,1.453125,1.453125,2.125,-0.07470703125
26,2,755,singular,,,0.0,0.0,0.0025634765625,0.0,1.4453125,1.453125,2.125,-0.0751953125
26,2,756,plural,0.0015980342868715525,0.0015980342868715525,0.185546875,0.25390625,0.002532958984375,0.000152587890625,1.453125,1.453125,2.125,-0.07470703125
26,3,757,singular,0.3729151785373688,0.3729151785373688,51.5,47.5,0.047119140625,0.047119140625,1.453125,1.453125,2.125,-0.078125
26,3,758,plural,,,0.0,0.0,0.00384521484375,0.0036468505859375,1.4453125,1.453125,2.125,-0.07861328125
26,4,759,singular,,,0.0,0.0,0.0052490234375,0.000408172607421875,1.453125,1.453125,2.125,-0.078125
26,4,760,plural,0.002427728148177266,0.002427728148177266,0.3125,0.396484375,0.002655029296875,0.000743865966796875,1.453125,1.453125,2.125,-0.078125
26,5,761,singular,0.0026203603483736515,0.0026203603483736515,0.4453125,0.255859375,0.0006561279296875,0.000507354736328125,1.453125,1.453125,2.125,-0.078125
26,5,762,plural,5.006664650863968e-05,5.006664650863968e-05,0.0034332275390625,0.00799560546875,0.000118255615234375,0.00013637542724609375,1.453125,1.453125,2.125,-0.078125
26,6,763,singular,0.28772297501564026,0.28772297501564026,39.75,38.75,0.034423828125,0.034912109375,1.4453125,1.453125,2.140625,-0.08203125
26,6,764,plural,0.00453408295288682,0.00453408295288682,0.4609375,0.74609375,0.00506591796875,0.003997802734375,1.453125,1.453125,2.140625,-0.08203125
26,7,765,singular,0.0003999863693024963,0.0003999863693024963,0.06787109375,0.0162353515625,0.0038299560546875,0.000492095947265625,1.4453125,1.453125,2.125,-0.08203125
26,7,766,plural,,,0.0,0.0,0.00262451171875,4.76837158203125e-07,1.453125,1.453125,2.140625,-0.08203125
26,8,767,singular,0.0005515484372153878,0.0005515484372153878,0.08544921875,0.052001953125,0.0024566650390625,3.886222839355469e-05,1.4453125,1.453125,2.125,-0.08203125
26,8,768,plural,0.0073267570696771145,0.0073267570696771145,1.1015625,1.203125,0.0029754638671875,0.00182342529296875,1.453125,1.453125,2.140625,-0.08154296875
26,9,769,singular,,,0.0,0.0,0.0024871826171875,0.00045013427734375,1.4453125,1.453125,2.125,-0.08203125
26,9,770,plural,0.005711426492780447,0.005711426492780447,0.8515625,0.93359375,0.0027923583984375,0.00160980224609375,1.453125,1.453125,2.140625,-0.08154296875
26,10,771,singular,0.0002859421947505325,0.0002859421947505325,0.049072265625,0.027099609375,0.0024566650390625,0.00038909912109375,1.4453125,1.453125,2.125,-0.08203125
26,10,772,plural,,,0.0,0.0,0.0024871826171875,7.927417755126953e-06,1.453125,1.453125,2.140625,-0.08154296875
26,11,773,singular,0.002618220169097185,0.002618220169097185,0.42578125,0.35546875,0.0025177001953125,0.000782012939453125,1.4453125,1.453125,2.125,-0.08203125
26,11,774,plural,,,0.0,0.0,0.002471923828125,0.0002689361572265625,1.453125,1.453125,2.140625,-0.08203125
26,12,775,singular,7.843663479434326e-05,7.843663479434326e-05,0.01226806640625,0.0026092529296875,0.002471923828125,3.203749656677246e-07,1.4453125,1.453125,2.125,-0.08203125
26,12,776,plural,0.0006872437661513686,0.0006872437661513686,0.08984375,0.111328125,0.002471923828125,0.0003414154052734375,1.453125,1.453125,2.140625,-0.08203125
26,13,777,singular,0.0080742621794343,0.0080742621794343,1.3046875,1.0859375,0.004913330078125,0.0045166015625,1.453125,1.453125,2.125,-0.08203125
26,13,778,plural,,,0.0,0.0,0.00118255615234375,0.00110626220703125,1.4453125,1.453125,2.125,-0.08251953125
26,14,779,singular,,,0.0,0.0,0.0029449462890625,0.0,1.453125,1.453125,2.140625,-0.08203125
26,14,780,plural,0.008119196631014347,0.008119196631014347,1.2578125,1.34375,0.004974365234375,0.004547119140625,1.4453125,1.4453125,2.125,-0.08251953125
27,0,781,singular,0.002058174693956971,0.002058174693956971,0.333984375,0.01556396484375,0.0032196044921875,0.0037078857421875,1.453125,1.453125,2.140625,-0.08203125
27,0,782,plural,,,0.0,0.0,0.0025634765625,0.00250244140625,1.4453125,1.453125,2.125,-0.08251953125
27,1,783,singular,8.368142152903602e-05,8.368142152903602e-05,0.01300048828125,0.0037689208984375,0.002471923828125,1.2367963790893555e-06,1.453125,1.453125,2.140625,-0.08203125
27,1,784,plural,,,0.0,0.0,0.0024566650390625,4.76837158203125e-07,1.4453125,1.453125,2.125,-0.08251953125
27,2,785,singular,0.000366263062460348,0.000366263062460348,0.0625,0.03466796875,0.0024566650390625,7.486343383789062e-05,1.453125,1.453125,2.140625,-0.08203125
27,2,786,plural,0.005711426492780447,0.005711426492780447,0.8515625,0.93359375,0.003997802734375,0.0035858154296875,1.4453125,1.453125,2.125,-0.08251953125
27,3,787,singular,,,0.0,0.0,0.002777099609375,0.000659942626953125,1.453125,1.453125,2.140625,-0.08203125
27,3,788,plural,0.028591206297278404,0.028591206297278404,4.25,4.625,0.0205078125,0.0224609375,1.453125,1.453125,2.140625,-0.08154296875
27,4,789,singular,0.046139366924762726,0.046139366924762726,7.34375,6.8125,0.027587890625,0.0274658203125,1.4453125,1.453125,2.140625,-0.0849609375
27,4,790,plural,0.0004938812926411629,0.0004938812926411629,0.01483154296875,0.076171875,0.00482177734375,0.0036163330078125,1.453125,1.453125,2.140625,-0.08447265625
27,5,791,singular,0.00017486473370809108,0.00017486473370809108,0.02978515625,0.0087890625,0.0035247802734375,0.000331878662109375,1.4453125,1.453125,2.140625,-0.0849609375
27,5,792,plural,0.0010593285551294684,0.0010593285551294684,0.06787109375,0.16796875,0.0025177001953125,0.00083160400390625,1.453125,1.453125,2.140625,-0.08447265625
27,6,793,singular,0.006333517376333475,0.006333517376333475,0.99609375,0.82421875,0.004058837890625,0.0035400390625,1.4453125,1.453125,2.140625,-0.08544921875
27,6,794,plural,0.0004508670826908201,0.0004508670826908201,0.052734375,0.07080078125,0.002655029296875,0.000926971435546875,1.453125,1.4453125,2.140625,-0.08544921875
27,7,795,singular,0.00033158526639454067,0.00033158526639454067,0.056396484375,0.0126953125,0.0024566650390625,0.0032958984375,1.4453125,1.453125,2.140625,-0.08544921875
27,7,796,plural,,,0.0,0.0,0.00238037109375,0.002410888671875,1.453125,1.453125,2.140625,-0.0849609375
27,8,797,singular,4.649054244509898e-05,4.649054244509898e-05,0.007232666015625,0.00157928466796875,0.00238037109375,1.3317912817001343e-07,1.4453125,1.453125,2.140625,-0.08544921875
27,8,798,plural,,,0.0,0.0,0.00238037109375,1.1920928955078125e-07,1.453125,1.453125,2.140625,-0.0849609375
27,9,799,singular,,,0.0,0.0,0.00238037109375,0.0,1.4453125,1.453125,2.140625,-0.08544921875
27,9,800,plural,0.5298922061920166,0.5298922061920166,64.5,65.5,0.0654296875,0.06494140625,1.4453125,1.453125,2.140625,-0.0869140625
27,10,801,singular,,,0.0,0.0,0.0022125244140625,0.0042724609375,1.4453125,1.4453125,2.140625,-0.08740234375
27,10,802,plural,,,0.0,0.0,0.00104522705078125,0.00555419921875,1.4453125,1.453125,2.140625,-0.0869140625
27,11,803,singular,0.072262704372406,0.072262704372406,11.375,11.0,0.0234375,0.023681640625,1.4453125,1.4453125,2.140625,-0.09033203125
27,11,804,plural,0.0001991788885788992,0.0001991788885788992,0.0201416015625,0.03271484375,0.0047607421875,0.00445556640625,1.453125,1.453125,2.140625,-0.08984375
27,12,805,singular,,,0.0,0.0,0.0030975341796875,0.0029296875,1.453125,1.4453125,2.140625,-0.08984375
27,12,806,plural,0.0010043105576187372,0.0010043105576187372,0.1337890625,0.16796875,0.00014400482177734375,0.0024261474609375,1.453125,1.453125,2.140625,-0.08984375
27,13,807,singular,0.01945076324045658,0.01945076324045658,2.984375,2.78125,0.00830078125,0.00860595703125,1.453125,1.4453125,2.140625,-0.0908203125
27,13,808,plural,5.745722592109814e-05,5.745722592109814e-05,0.00445556640625,0.00933837890625,0.001708984375,0.003570556640625,1.4453125,1.453125,2.140625,-0.0908203125
27,14,809,singular,,,0.0,0.0,0.0035247802734375,0.0025787353515625,1.453125,1.4453125,2.140625,-0.0908203125
27,14,810,plural,0.006585088092833757,0.006585088092833757,0.318359375,1.09375,0.0028839111328125,0.00531005859375,1.453125,1.4453125,2.140625,-0.09033203125
28,0,811,singular,,,0.0,0.0,0.0004520416259765625,0.002838134765625,1.453125,1.453125,2.140625,-0.09033203125
28,0,812,plural,0.0003688847064040601,0.0003688847064040601,0.04296875,0.060791015625,6.723403930664062e-05,0.0025177001953125,1.453125,1.4453125,2.140625,-0.09033203125
28,1,813,singular,0.019223341718316078,0.019223341718316078,3.0625,2.546875,0.013427734375,0.0123291015625,1.453125,1.453125,2.140625,-0.0908203125
28,1,814,plural,,,0.0,0.0,0.00174713134765625,0.0030975341796875,1.4453125,1.453125,2.140625,-0.09130859375
28,2,815,singular,,,0.0,0.0,0.003814697265625,0.0001316070556640625,1.453125,1.453125,2.140625,-0.0908203125
28,2,816,plural,,,0.0,0.0,0.0025177001953125,0.0,1.453125,1.453125,2.140625,-0.0908203125
28,3,817,singular,0.0009031984372995794,0.0009031984372995794,0.15234375,0.056640625,0.0005645751953125,0.00015163421630859375,1.453125,1.453125,2.140625,-0.0908203125
28,3,818,plural,,,0.0,0.0,0.00020694732666015625,5.340576171875e-05,1.453125,1.453125,2.140625,-0.0908203125
28,4,819,singular,0.00020668754586949944,0.00020668754586949944,0.031982421875,0.01495361328125,0.00010251998901367188,4.2438507080078125e-05,1.453125,1.453125,2.140625,-0.0908203125
28,4,820,plural,0.009664060547947884,0.009664060547947884,1.390625,1.5703125,0.0093994140625,0.01025390625,1.453125,1.4453125,2.140625,-0.09130859375
28,5,821,singular,0.8340036273002625,0.8340036273002625,90.5,89.0,0.06494140625,0.06640625,1.4453125,1.4453125,2.140625,-0.0966796875
28,5,822,plural,1.061498999595642,1.061498999595642,102.5,103.5,0.053466796875,0.0537109375,1.453125,1.453125,2.15625,-0.0986328125
28,6,823,singular,0.000556314189452678,0.000556314189452678,0.09521484375,0.050537109375,0.003936767578125,0.00225830078125,1.453125,1.453125,2.15625,-0.0986328125
28,6,824,plural,0.0005175919504836202,0.0005175919504836202,0.06201171875,0.08447265625,0.00054931640625,6.4849853515625e-05,1.453125,1.453125,2.15625,-0.0986328125
28,7,825,singular,0.0028543227817863226,0.0028543227817863226,0.466796875,0.0546875,0.0014190673828125,8.58306884765625e-05,1.453125,1.453125,2.15625,-0.0986328125
28,7,826,plural,0.00020072828920092434,0.00020072828920092434,0.001983642578125,0.03076171875,0.0003337860107421875,5.14984130859375e-05,1.453125,1.453125,2.15625,-0.0986328125
28,8,827,singular,0.004813511855900288,0.004813511855900288,0.78515625,0.6640625,0.001495361328125,0.00147247314453125,1.453125,1.453125,2.15625,-0.0986328125
28,8,828,plural,5.090107151772827e-05,5.090107151772827e-05,0.0033721923828125,0.00799560546875,0.00035858154296875,0.00043487548828125,1.453125,1.453125,2.15625,-0.0986328125
28,9,829,singular,,,0.0,0.0,0.0,4.76837158203125e-07,1.453125,1.453125,2.15625,-0.0986328125
28,9,830,plural,,,0.0,0.0,0.0,0.0,1.453125,1.453125,2.15625,-0.0986328125
28,10,831,singular,,,0.0,0.0,0.0,0.0,1.453125,1.453125,2.15625,-0.0986328125
28,10,832,plural,4.8040190449682996e-05,4.8040190449682996e-05,0.00299072265625,0.007568359375,2.6635825634002686e-07,1.3485550880432129e-06,1.453125,1.453125,2.15625,-0.0986328125
28,11,833,singular,0.0038519722875207663,0.0038519722875207663,0.59765625,0.494140625,0.00146484375,0.00153350830078125,1.453125,1.453125,2.15625,-0.0986328125
28,11,834,plural,0.00016723664884921163,0.00016723664884921163,0.000949859619140625,0.0257568359375,0.000331878662109375,0.000247955322265625,1.453125,1.453125,2.15625,-0.0986328125
28,12,835,singular,0.0004913791781291366,0.0004913791781291366,0.083984375,0.039306640625,0.000118255615234375,5.221366882324219e-05,1.453125,1.453125,2.15625,-0.0986328125
28,12,836,plural,,,0.0,0.0,2.110004425048828e-05,1.9311904907226562e-05,1.453125,1.453125,2.15625,-0.0986328125
28,13,837,singular,,,0.0,0.0,0.0,0.0,1.453125,1.453125,2.15625,-0.0986328125
28,13,838,plural,0.0006812873762100935,0.0006812873762100935,0.08056640625,0.11279296875,0.0001468658447265625,0.000244140625,1.453125,1.453125,2.15625,-0.0986328125
28,14,839,singular,0.00011777184408856556,0.00011777184408856556,0.018310546875,0.00482177734375,2.4199485778808594e-05,6.628036499023438e-05,1.453125,1.453125,2.15625,-0.0986328125
28,14,840,plural,0.0023782560601830482,0.0023782560601830482,0.1708984375,0.39453125,0.001129150390625,0.00244140625,1.453125,1.453125,2.15625,-0.0986328125
29,0,841,singular,0.0012151960982009768,0.0012151960982009768,0.208984375,0.1572265625,0.000728607177734375,0.000736236572265625,1.453125,1.453125,2.15625,-0.0986328125
29,0,842,plural,,,0.0,0.0,0.0001735687255859375,0.00016498565673828125,1.453125,1.453125,2.15625,-0.0986328125
29,1,843,singular,0.0007758706342428923,0.0007758706342428923,0.1318359375,0.050048828125,0.000591278076171875,0.000270843505859375,1.453125,1.453125,2.15625,-0.0986328125
29,1,844,plural,,,0.0,0.0,0.00017452239990234375,4.1961669921875e-05,1.453125,1.453125,2.15625,-0.0986328125
29,2,845,singular,,,0.0,0.0,0.0,0.0,1.453125,1.453125,2.15625,-0.0986328125
29,2,846,plural,7.664863369427621e-05,7.664863369427621e-05,0.006439208984375,0.0123291015625,2.0265579223632812e-06,1.0073184967041016e-05,1.453125,1.453125,2.15625,-0.0986328125
29,3,847,singular,,,0.0,0.0,0.0,4.917383193969727e-07,1.453125,1.453125,2.15625,-0.0986328125
29,3,848,plural,0.019862445071339607,0.019862445071339607,2.921875,3.203125,0.0172119140625,0.0179443359375,1.453125,1.453125,2.15625,-0.0986328125
29,4,849,singular,0.0014042527182027698,0.0014042527182027698,0.2373046875,0.09375,0.0032958984375,0.0020599365234375,1.453125,1.453125,2.15625,-0.09814453125
29,4,850,plural,,,0.0,0.0,0.000568389892578125,0.000186920166015625,1.453125,1.453125,2.15625,-0.09814453125
29,5,851,singular,,,0.0,0.0,0.0,0.0,1.453125,1.453125,2.15625,-0.09814453125
29,5,852,plural,0.000277123210253194,0.000277123210253194,0.0294189453125,0.04541015625,6.29425048828125e-05,0.00014495849609375,1.453125,1.453125,2.15625,-0.09814453125
29,6,853,singular,0.0046355403028428555,0.0046355403028428555,0.75390625,0.0791015625,0.0074462890625,0.00084686279296875,1.4453125,1.453125,2.15625,-0.09814453125
29,6,854,plural,0.00490450207144022,0.00490450207144022,0.279296875,0.8046875,0.004425048828125,0.00787353515625,1.453125,1.453125,2.15625,-0.09765625
29,7,855,singular,0.008279405534267426,0.008279405534267426,1.34375,1.234375,0.0087890625,0.0086669921875,1.453125,1.4453125,2.140625,-0.09814453125
29,7,856,plural,0.0005689432728104293,0.0005689432728104293,0.0712890625,0.09375,0.001495361328125,0.0045166015625,1.453125,1.453125,2.15625,-0.09765625
29,8,857,singular,,,0.0,0.0,0.00010967254638671875,0.002410888671875,1.453125,1.453125,2.15625,-0.09765625
29,8,858,plural,0.0005099665140733123,0.0005099665140733123,0.06201171875,0.08349609375,0.000324249267578125,0.0003299713134765625,1.453125,1.453125,2.15625,-0.09765625
29,9,859,singular,0.0053262473084032536,0.0053262473084032536,0.8203125,0.71484375,0.00628662109375,0.005828857421875,1.453125,1.453125,2.15625,-0.09814453125
29,9,860,plural,0.00013028726971242577,0.00013028726971242577,0.00074005126953125,0.0201416015625,0.00147247314453125,0.00140380859375,1.4453125,1.453125,2.140625,-0.0986328125
29,10,861,singular,0.00015448330668732524,0.00015448330668732524,0.02392578125,0.00799560546875,0.00347900390625,4.982948303222656e-05,1.453125,1.453125,2.15625,-0.09814453125
29,10,862,plural,5.090107151772827e-05,5.090107151772827e-05,0.0033721923828125,0.00799560546875,0.002532958984375,2.1576881408691406e-05,1.453125,1.453125,2.15625,-0.09814453125
29,11,863,singular,0.00013517419574782252,0.00013517419574782252,0.0211181640625,0.007080078125,0.00014495849609375,3.838539123535156e-05,1.453125,1.453125,2.15625,-0.09814453125
29,11,864,plural,0.00015507926582358778,0.00015507926582358778,0.001373291015625,0.0238037109375,2.4318695068359375e-05,0.000217437744140625,1.453125,1.453125,2.15625,-0.09814453125
29,12,865,singular,0.011110935360193253,0.011110935360193253,1.7890625,1.5703125,0.0186767578125,0.017578125,1.453125,1.453125,2.15625,-0.099609375
29,12,866,plural,,,0.0,0.0,0.00194549560546875,0.0034027099609375,1.453125,1.453125,2.15625,-0.099609375
29,13,867,singular,,,0.0,0.0,0.0,0.00011110305786132812,1.453125,1.453125,2.15625,-0.099609375
29,13,868,plural,,,0.0,0.0,0.0,0.0,1.453125,1.453125,2.15625,-0.099609375
29,14,869,singular,0.25869613885879517,0.25869613885879517,36.25,35.25,0.0634765625,0.0654296875,1.453125,1.453125,2.15625,-0.10595703125
29,14,870,plural,1.41262686252594,1.41262686252594,119.5,121.0,0.06591796875,0.0654296875,1.453125,1.453125,2.15625,-0.1083984375
30,0,871,singular,0.25959399342536926,0.25959399342536926,36.5,35.25,0.023681640625,0.023681640625,1.4453125,1.4453125,2.15625,-0.1123046875
30,0,872,plural,,,0.0,0.0,0.004547119140625,0.003662109375,1.453125,1.4453125,2.15625,-0.11181640625
30,1,873,singular,,,0.0,0.0,0.00384521484375,0.00095367431640625,1.4453125,1.4453125,2.15625,-0.1123046875
30,1,874,plural,0.10570886731147766,0.10570886731147766,15.0625,15.875,0.0123291015625,0.01220703125,1.453125,1.4453125,2.15625,-0.1123046875
30,2,875,singular,0.002848736010491848,0.002848736010491848,0.439453125,0.337890625,0.00341796875,0.004241943359375,1.453125,1.4453125,2.15625,-0.1123046875
30,2,876,plural,0.01723608374595642,0.01723608374595642,1.3984375,2.8125,0.006500244140625,0.00994873046875,1.4453125,1.4453125,2.15625,-0.1123046875
30,3,877,singular,,,0.0,0.0,0.003692626953125,0.0028533935546875,1.453125,1.4453125,2.15625,-0.11181640625
30,3,878,plural,,,0.0,0.0,0.002410888671875,0.0004329681396484375,1.453125,1.4453125,2.15625,-0.11181640625
30,4,879,singular,0.0009613183210603893,0.0009613183210603893,0.1591796875,0.02294921875,0.000492095947265625,2.9087066650390625e-05,1.453125,1.4453125,2.15625,-0.11181640625
30,4,880,plural,0.04532478004693985,0.04532478004693985,6.78125,7.15625,0.0179443359375,0.018310546875,1.453125,1.4453125,2.15625,-0.11181640625
30,5,881,singular,,,0.0,0.0,0.0029144287109375,0.0036468505859375,1.453125,1.453125,2.15625,-0.111328125
30,5,882,plural,0.0012748456792905927,0.0012748456792905927,0.16796875,0.2080078125,0.0003719329833984375,0.0023956298828125,1.453125,1.453125,2.15625,-0.111328125
30,6,883,singular,0.0033604600466787815,0.0033604600466787815,0.546875,0.455078125,0.00139617919921875,0.00104522705078125,1.453125,1.453125,2.15625,-0.111328125
30,6,884,plural,0.0031822300516068935,0.0031822300516068935,0.455078125,0.51953125,0.0014495849609375,0.00136566162109375,1.453125,1.453125,2.15625,-0.111328125
30,7,885,singular,,,0.0,0.0,0.000518798828125,0.0003757476806640625,1.453125,1.453125,2.15625,-0.111328125
30,7,886,plural,0.00018010901112575084,0.00018010901112575084,0.017578125,0.0291748046875,1.1742115020751953e-05,1.3470649719238281e-05,1.453125,1.453125,2.15625,-0.111328125
30,8,887,singular,0.0008211340173147619,0.0008211340173147619,0.140625,0.09521484375,0.0003757476806640625,0.00019359588623046875,1.453125,1.453125,2.15625,-0.111328125
30,8,888,plural,0.00016723664884921163,0.00016723664884921163,0.000949859619140625,0.0257568359375,8.153915405273438e-05,7.200241088867188e-05,1.453125,1.453125,2.15625,-0.111328125
30,9,889,singular,,,0.0,0.0,1.1920928955078125e-07,1.3768672943115234e-05,1.453125,1.453125,2.15625,-0.111328125
30,9,890,plural,,,0.0,0.0,0.0,0.0,1.453125,1.453125,2.15625,-0.111328125
30,10,891,singular,0.00044050050200894475,0.00044050050200894475,0.0751953125,0.0306396484375,0.000225067138671875,6.961822509765625e-05,1.453125,1.453125,2.15625,-0.111328125
30,10,892,plural,,,0.0,0.0,7.963180541992188e-05,1.71661376953125e-05,1.453125,1.453125,2.15625,-0.111328125
30,11,893,singular,0.00011836781777674332,0.00011836781777674332,0.018310546875,0.0042724609375,1.9669532775878906e-05,7.748603820800781e-06,1.453125,1.453125,2.15625,-0.111328125
30,11,894,plural,0.0014993627555668354,0.0014993627555668354,0.193359375,0.2470703125,0.000942230224609375,0.00084686279296875,1.453125,1.453125,2.15625,-0.111328125
30,12,895,singular,9.536288416711614e-05,9.536288416711614e-05,0.0147705078125,0.0029296875,0.0003185272216796875,0.000301361083984375,1.453125,1.453125,2.15625,-0.111328125
30,12,896,plural,,,0.0,0.0,2.339482307434082e-06,0.0,1.453125,1.453125,2.15625,-0.111328125
30,13,897,singular,0.011117536574602127,0.011117536574602127,1.78125,1.375,0.0108642578125,0.0089111328125,1.453125,1.453125,2.15625,-0.11181640625
30,13,898,plural,0.00024482590379193425,0.00024482590379193425,0.0255126953125,0.039306640625,0.0014190673828125,0.0027008056640625,1.453125,1.453125,2.15625,-0.11181640625
30,14,899,singular,0.0006934384000487626,0.0006934384000487626,0.1181640625,0.039306640625,0.000560760498046875,0.00014781951904296875,1.453125,1.453125,2.15625,-0.11181640625
30,14,900,plural,0.00026258357684127986,0.00026258357684127986,0.00555419921875,0.04150390625,0.00012063980102539062,0.0002346038818359375,1.453125,1.453125,2.15625,-0.11181640625
31,0,901,singular,8.189342770492658e-05,8.189342770492658e-05,0.0126953125,0.0025787353515625,2.0503997802734375e-05,6.771087646484375e-05,1.453125,1.453125,2.15625,-0.11181640625
31,0,902,plural,0.00024482590379193425,0.00024482590379193425,0.0255126953125,0.039306640625,0.00011444091796875,0.00018405914306640625,1.453125,1.453125,2.15625,-0.11181640625
31,1,903,singular,0.0023618440609425306,0.0023618440609425306,0.38671875,0.314453125,0.0028533935546875,0.002655029296875,1.4453125,1.453125,2.15625,-0.1123046875
31,1,904,plural,,,0.0,0.0,0.00323486328125,0.000743865966796875,1.453125,1.453125,2.15625,-0.11181640625
31,2,905,singular,,,0.0,0.0,0.0023651123046875,0.0,1.453125,1.453125,2.15625,-0.11181640625
31,2,906,plural,0.0004457433824427426,0.0004457433824427426,0.0172119140625,0.0703125,0.00011205673217773438,0.00081634521484375,1.453125,1.453125,2.15625,-0.11181640625
31,3,907,singular,,,0.0,0.0,3.4332275390625e-05,0.0002288818359375,1.453125,1.453125,2.15625,-0.11181640625
31,3,908,plural,0.004078404977917671,0.004078404977917671,0.59765625,0.67578125,0.006103515625,0.006103515625,1.4453125,1.453125,2.15625,-0.11181640625
31,4,909,singular,,,0.0,0.0,0.00311279296875,0.000942230224609375,1.453125,1.4453125,2.15625,-0.11181640625
31,4,910,plural,0.0016870565013960004,0.0016870565013960004,0.21875,0.27734375,0.0029296875,0.002197265625,1.4453125,1.4453125,2.15625,-0.1123046875
31,5,911,singular,0.0005862186080776155,0.0005862186080776155,0.099609375,0.0238037109375,0.002655029296875,0.0027008056640625,1.453125,1.453125,2.15625,-0.111328125
31,5,912,plural,0.00026258357684127986,0.00026258357684127986,0.00555419921875,0.04150390625,0.0023956298828125,0.0021209716796875,1.4453125,1.453125,2.15625,-0.11181640625
31,6,913,singular,,,0.0,0.0,0.0023651123046875,0.00017261505126953125,1.453125,1.453125,2.15625,-0.111328125
31,6,914,plural,0.01817360892891884,0.01817360892891884,2.53125,2.875,0.01251220703125,0.013427734375,1.453125,1.4453125,2.15625,-0.1123046875
31,7,915,singular,,,0.0,0.0,0.00433349609375,0.004638671875,1.453125,1.453125,2.15625,-0.1123046875
31,7,916,plural,,,0.0,0.0,0.0002651214599609375,0.00225830078125,1.453125,1.4453125,2.15625,-0.1123046875
31,8,917,singular,0.002344004809856415,0.002344004809856415,0.38671875,0.1328125,0.00799560546875,0.003448486328125,1.453125,1.453125,2.15625,-0.111328125
31,8,918,plural,0.0016231469344347715,0.0016231469344347715,0.1328125,0.267578125,0.003662109375,0.0059814453125,1.453125,1.453125,2.15625,-0.111328125
31,9,919,singular,0.0027808588929474354,0.0027808588929474354,0.431640625,0.33984375,0.00592041015625,0.00537109375,1.453125,1.4453125,2.15625,-0.1123046875
31,9,920,plural,0.00011598391574807465,0.00011598391574807465,0.0107421875,0.018798828125,0.00119781494140625,0.0029296875,1.453125,1.453125,2.15625,-0.11181640625
31,10,921,singular,9.83428253675811e-05,9.83428253675811e-05,0.01519775390625,0.0042724609375,0.00022411346435546875,0.002197265625,1.453125,1.4453125,2.15625,-0.1123046875
31,10,922,plural,,,0.0,0.0,3.981590270996094e-05,0.0020751953125,1.453125,1.453125,2.15625,-0.11181640625
31,11,923,singular,0.000717025191988796,0.000717025191988796,0.12255859375,0.0732421875,0.00213623046875,0.00244140625,1.453125,1.4453125,2.15625,-0.1123046875
31,11,924,plural,0.010582049377262592,0.010582049377262592,1.5625,1.6875,0.02587890625,0.0269775390625,1.453125,1.453125,2.15625,-0.1123046875
31,12,925,singular,0.35767048597335815,0.35767048597335815,47.25,45.75,0.06640625,0.06787109375,1.4453125,1.453125,2.171875,-0.1201171875
31,12,926,plural,0.06387316435575485,0.06387316435575485,9.8125,10.0625,0.023681640625,0.0234375,1.4453125,1.453125,2.171875,-0.12255859375
31,13,927,singular,0.00024053541710600257,0.00024053541710600257,0.040771484375,0.0098876953125,0.002655029296875,0.0023956298828125,1.4453125,1.453125,2.171875,-0.12255859375
31,13,928,plural,,,0.0,0.0,0.000835418701171875,3.814697265625e-06,1.4453125,1.453125,2.171875,-0.12255859375
31,14,929,singular,0.00580731313675642,0.00580731313675642,0.93359375,0.65234375,0.00665283203125,0.004638671875,1.4453125,1.453125,2.171875,-0.12255859375
31,14,930,plural,,,0.0,0.0,0.002899169921875,0.00095367431640625,1.4453125,1.453125,2.171875,-0.12255859375
