split,inverse,source_input,base_input,source_logp_A,source_logp_B,base_logp_A,base_logp_B,base_intervention_logp_A,base_intervention_logp_B,n_nodes
train,0,The sleepy bat,The sleepy bats,-2.2905664443969727,-10.415566444396973,-8.436978340148926,-1.7494786977767944,-3.373929500579834,-3.748929500579834,128
train,1,The sleepy bats,The sleepy bat,-1.7494786977767944,-8.436978340148926,-10.415566444396973,-2.2905664443969727,-2.522747278213501,-6.022747039794922,128
train,0,The fuzzy frog,The fuzzy frogs,-13.4647855758667,-16.277284622192383,-16.62446403503418,-12.49946403503418,-14.373730659484863,-14.123730659484863,128
train,1,The fuzzy frogs,The fuzzy frog,-12.49946403503418,-16.62446403503418,-16.277284622192383,-13.4647855758667,-14.271843910217285,-15.334343910217285,128
train,0,The bright shark,The bright sharks,-9.928061485290527,-12.615561485290527,-12.711323738098145,-10.148823738098145,-11.059884071350098,-12.559884071350098,128
train,1,The bright sharks,The bright shark,-10.148823738098145,-12.711323738098145,-12.615561485290527,-9.928061485290527,-10.932303428649902,-11.932303428649902,128
train,0,The small bat,The small bats,-8.405494689941406,-14.967994689941406,-13.402877807617188,-7.7778778076171875,-8.797759056091309,-10.735259056091309,128
train,1,The small bats,The small bat,-7.7778778076171875,-13.402877807617188,-14.967994689941406,-8.405494689941406,-8.189325332641602,-10.814325332641602,128
train,0,The bright chick,The bright chicks,-15.362375259399414,-17.299875259399414,-16.926513671875,-15.020263671875,-15.875814437866211,-15.813314437866211,128
train,1,The bright chicks,The bright chick,-15.020263671875,-16.926513671875,-17.299875259399414,-15.362375259399414,-16.29288101196289,-17.04288101196289,128
train,0,The nervous panda,The nervous pandas,-12.341357231140137,-13.403857231140137,-14.34607219696045,-12.22107219696045,-13.49455451965332,-13.18205451965332,128
train,1,The nervous pandas,The nervous panda,-12.22107219696045,-14.34607219696045,-13.403857231140137,-12.341357231140137,-12.40110969543457,-13.52610969543457,128
train,0,The slender turtle,The slender turtles,-15.273874282836914,-19.086374282836914,-18.83627700805664,-15.89877700805664,-17.009225845336914,-17.071725845336914,128
train,1,The slender turtles,The slender turtle,-15.89877700805664,-18.83627700805664,-19.086374282836914,-15.273874282836914,-17.053192138671875,-18.365692138671875,128
train,0,The quiet turtle,The quiet turtles,-5.800284385681152,-13.675284385681152,-9.241517066955566,-3.9915170669555664,-6.599043846130371,-6.974043846130371,128
train,1,The quiet turtles,The quiet turtle,-3.9915170669555664,-9.241517066955566,-13.675284385681152,-5.800284385681152,-6.781891822814941,-9.031891822814941,128
train,0,The sleepy doe,The sleepy does,-14.390270233154297,-15.765270233154297,-17.274639129638672,-15.212139129638672,-16.856840133666992,-16.044340133666992,128
train,1,The sleepy does,The sleepy doe,-15.212139129638672,-17.274639129638672,-15.765270233154297,-14.390270233154297,-15.665641784667969,-15.603141784667969,128
train,0,The timid horse,The timid horses,-3.6738414764404297,-11.23634147644043,-8.882759094238281,-2.4452590942382812,-4.554623126983643,-4.429623126983643,128
train,1,The timid horses,The timid horse,-2.4452590942382812,-8.882759094238281,-11.23634147644043,-3.6738414764404297,-4.187225341796875,-6.937225341796875,128
train,0,The nervous rat,The nervous rats,-4.243578910827637,-11.493578910827637,-8.907183647155762,-3.6571834087371826,-5.204432487487793,-5.829432487487793,128
train,1,The nervous rats,The nervous rat,-3.6571834087371826,-8.907183647155762,-11.493578910827637,-4.243578910827637,-4.5426788330078125,-6.9176788330078125,128
train,0,The fuzzy shark,The fuzzy sharks,-4.125924110412598,-10.750924110412598,-8.02700138092041,-3.652001142501831,-5.3358154296875,-5.8358154296875,128
train,1,The fuzzy sharks,The fuzzy shark,-3.652001142501831,-8.02700138092041,-10.750924110412598,-4.125924110412598,-5.234349727630615,-6.484349727630615,128
train,0,The timid horse,The timid horses,-11.48634147644043,-14.95509147644043,-14.507759094238281,-10.695259094238281,-11.9921236038208,-12.8046236038208,128
train,1,The timid horses,The timid horse,-10.695259094238281,-14.507759094238281,-14.95509147644043,-11.48634147644043,-12.062225341796875,-13.624725341796875,128
train,0,The timid dog,The timid dogs,-12.096653938293457,-13.721653938293457,-14.040555000305176,-10.415555000305176,-12.482599258422852,-12.545099258422852,128
train,1,The timid dogs,The timid dog,-10.415555000305176,-14.040555000305176,-13.721653938293457,-12.096653938293457,-12.316428184509277,-13.753928184509277,128
train,0,The timid rabbit,The timid rabbits,-3.3145413398742676,-11.50204086303711,-8.041935920715332,-1.666935920715332,-4.016432762145996,-3.641433000564575,128
train,1,The timid rabbits,The timid rabbit,-1.666935920715332,-8.041935920715332,-11.50204086303711,-3.3145413398742676,-4.362726211547852,-5.487726211547852,128
train,0,The bright panda,The bright pandas,-8.890613555908203,-10.953113555908203,-11.847860336303711,-8.160360336303711,-9.326865196228027,-9.326865196228027,128
train,1,The bright pandas,The bright panda,-8.160360336303711,-11.847860336303711,-10.953113555908203,-8.890613555908203,-9.878384590148926,-11.753384590148926,128
train,0,The fuzzy turtle,The fuzzy turtles,-13.021926879882812,-15.271926879882812,-16.08106231689453,-12.081062316894531,-14.117037773132324,-14.742037773132324,128
train,1,The fuzzy turtles,The fuzzy turtle,-12.081062316894531,-16.08106231689453,-15.271926879882812,-13.021926879882812,-14.510069847106934,-15.822569847106934,128
train,0,The sleepy monitor,The sleepy monitors,-4.967370986938477,-12.467370986938477,-9.300061225891113,-3.675060987472534,-6.701754570007324,-5.951754570007324,128
train,1,The sleepy monitors,The sleepy monitor,-3.675060987472534,-9.300061225891113,-12.467370986938477,-4.967370986938477,-6.980250358581543,-7.605250358581543,128
train,0,The calm dolphin,The calm dolphins,-9.29629135131836,-12.98379135131836,-14.109115600585938,-9.234115600585938,-10.915393829345703,-10.040393829345703,128
train,1,The calm dolphins,The calm dolphin,-9.234115600585938,-14.109115600585938,-12.98379135131836,-9.29629135131836,-9.815558433532715,-12.753058433532715,128
train,0,The small pup,The small pups,-12.234883308410645,-15.609883308410645,-14.267497062683105,-10.829997062683105,-12.117327690124512,-12.554827690124512,128
train,1,The small pups,The small pup,-10.829997062683105,-14.267497062683105,-15.609883308410645,-12.234883308410645,-13.056648254394531,-12.931648254394531,128
train,0,The quiet whale,The quiet whales,-9.788850784301758,-12.413850784301758,-13.429647445678711,-9.929647445678711,-10.781330108642578,-11.093830108642578,128
train,1,The quiet whales,The quiet whale,-9.929647445678711,-13.429647445678711,-12.413850784301758,-9.788850784301758,-9.507644653320312,-11.570144653320312,128
train,0,The slender doe,The slender does,-18.049083709716797,-21.299083709716797,-20.320085525512695,-16.570085525512695,-19.24781608581543,-17.52906608581543,128
train,1,The slender does,The slender doe,-16.570085525512695,-20.320085525512695,-21.299083709716797,-18.049083709716797,-21.56467628479004,-20.34592628479004,128
train,0,The fuzzy kitten,The fuzzy kittens,-13.021642684936523,-13.521642684936523,-15.893508911132812,-12.268508911132812,-14.582489967346191,-13.269989967346191,128
train,1,The fuzzy kittens,The fuzzy kitten,-12.268508911132812,-15.893508911132812,-13.521642684936523,-13.021642684936523,-12.889404296875,-15.014404296875,128
train,0,The bright dog,The bright dogs,-12.386539459228516,-13.074039459228516,-14.711091041564941,-10.961091041564941,-13.129353523254395,-12.504353523254395,128
train,1,The bright dogs,The bright dog,-10.961091041564941,-14.711091041564941,-13.074039459228516,-12.386539459228516,-12.130573272705078,-14.505573272705078,128
train,0,The slender rabbit,The slender rabbits,-13.377345085144043,-18.627344131469727,-16.634855270385742,-13.822355270385742,-14.309761047363281,-15.559761047363281,128
train,1,The slender rabbits,The slender rabbit,-13.822355270385742,-16.634855270385742,-18.627344131469727,-13.377345085144043,-15.792191505432129,-16.417192459106445,128
train,0,The fuzzy whale,The fuzzy whales,-3.024845838546753,-9.524846076965332,-6.183120250701904,-2.558120012283325,-3.9907779693603516,-4.740777969360352,128
train,1,The fuzzy whales,The fuzzy whale,-2.558120012283325,-6.183120250701904,-9.524846076965332,-3.024845838546753,-3.998033046722412,-5.123033046722412,128
train,0,The quiet pup,The quiet pups,-5.025496482849121,-11.775496482849121,-8.140376091003418,-4.140376091003418,-5.597560405731201,-6.097560405731201,128
train,1,The quiet pups,The quiet pup,-4.140376091003418,-8.140376091003418,-11.775496482849121,-5.025496482849121,-5.936446189880371,-6.311446189880371,128
train,0,The timid horse,The timid horses,-13.04884147644043,-13.67384147644043,-15.007759094238281,-11.820259094238281,-13.3671236038208,-12.4296236038208,128
train,1,The timid horses,The timid horse,-11.820259094238281,-15.007759094238281,-13.67384147644043,-13.04884147644043,-12.499725341796875,-14.374725341796875,128
train,0,The timid bat,The timid bats,-10.33129596710205,-16.550045013427734,-15.174856185913086,-12.237356185913086,-12.065389633178711,-15.596639633178711,128
train,1,The timid bats,The timid bat,-12.237356185913086,-15.174856185913086,-16.550045013427734,-10.33129596710205,-13.161468505859375,-13.223968505859375,128
train,0,The quiet dolphin,The quiet dolphins,-13.70086669921875,-15.32586669921875,-16.226558685302734,-13.820307731628418,-14.886247634887695,-14.386247634887695,128
train,1,The quiet dolphins,The quiet dolphin,-13.820307731628418,-16.226558685302734,-15.32586669921875,-13.70086669921875,-14.352762222290039,-15.165262222290039,128
train,0,The slender rabbit,The slender rabbits,-13.814845085144043,-18.127344131469727,-16.697355270385742,-12.759855270385742,-14.434761047363281,-15.247261047363281,128
train,1,The slender rabbits,The slender rabbit,-12.759855270385742,-16.697355270385742,-18.127344131469727,-13.814845085144043,-15.417191505432129,-16.792192459106445,128
train,0,The sleepy dolphin,The sleepy dolphins,-3.1588258743286133,-10.096325874328613,-7.8324360847473145,-2.9574363231658936,-4.4694414138793945,-3.7194414138793945,128
train,1,The sleepy dolphins,The sleepy dolphin,-2.9574363231658936,-7.8324360847473145,-10.096325874328613,-3.1588258743286133,-3.4353489875793457,-6.810348987579346,128
train,0,The calm horse,The calm horses,-4.256405353546143,-11.2564058303833,-8.777769088745117,-3.527768611907959,-5.406582355499268,-5.406582355499268,128
train,1,The calm horses,The calm horse,-3.527768611907959,-8.777769088745117,-11.2564058303833,-4.256405353546143,-4.806930065155029,-7.431930065155029,128
train,0,The fuzzy cow,The fuzzy cows,-5.42767333984375,-11.11517333984375,-8.267399787902832,-3.892399549484253,-5.802072048187256,-5.177072048187256,128
train,1,The fuzzy cows,The fuzzy cow,-3.892399549484253,-8.267399787902832,-11.11517333984375,-5.42767333984375,-6.443377494812012,-7.443377494812012,128
train,0,The calm chick,The calm chicks,-12.83506965637207,-15.36631965637207,-16.521018981933594,-14.489768981933594,-15.20449161529541,-15.32949161529541,128
train,1,The calm chicks,The calm chick,-14.489768981933594,-16.521018981933594,-15.36631965637207,-12.83506965637207,-14.433004379272461,-14.558004379272461,128
train,0,The small turtle,The small turtles,-16.897775650024414,-19.772775650024414,-19.248769760131836,-13.90501880645752,-16.869041442871094,-15.494041442871094,128
train,1,The small turtles,The small turtle,-13.90501880645752,-19.248769760131836,-19.772775650024414,-16.897775650024414,-16.77190399169922,-18.86565399169922,128
train,0,The nervous kit,The nervous kits,-12.264492988586426,-13.889492988586426,-14.588794708251953,-13.901294708251953,-13.464920997619629,-14.652420997619629,128
train,1,The nervous kits,The nervous kit,-13.901294708251953,-14.588794708251953,-13.889492988586426,-12.264492988586426,-13.67173957824707,-12.92173957824707,128
train,0,The small rat,The small rats,-4.104785442352295,-11.479784965515137,-9.82958984375,-2.704590082168579,-5.73388671875,-5.10888671875,128
train,1,The small rats,The small rat,-2.704590082168579,-9.82958984375,-11.479784965515137,-4.104785442352295,-4.711385250091553,-7.461385250091553,128
train,0,The timid turtle,The timid turtles,-3.4048080444335938,-12.154808044433594,-8.368186950683594,-1.8681867122650146,-4.140685081481934,-4.515685081481934,128
train,1,The timid turtles,The timid turtle,-1.8681867122650146,-8.368186950683594,-12.154808044433594,-3.4048080444335938,-4.560847759246826,-5.810847759246826,128
train,0,The nervous chick,The nervous chicks,-10.549901962280273,-13.299901962280273,-14.621362686157227,-10.683862686157227,-12.54049301147461,-11.54049301147461,128
train,1,The nervous chicks,The nervous chick,-10.683862686157227,-14.621362686157227,-13.299901962280273,-10.549901962280273,-11.06853199005127,-12.63103199005127,128
train,0,The calm doe,The calm does,-7.994228839874268,-12.994229316711426,-17.316057205200195,-12.316058158874512,-15.442724227905273,-12.442724227905273,128
train,1,The calm does,The calm doe,-12.316058158874512,-17.316057205200195,-12.994229316711426,-7.994228839874268,-12.44765853881836,-9.57265853881836,128
train,0,The sleepy panda,The sleepy pandas,-12.390361785888672,-17.515361785888672,-13.803019523620605,-11.428019523620605,-11.927419662475586,-14.364919662475586,128
train,1,The sleepy pandas,The sleepy panda,-11.428019523620605,-13.803019523620605,-17.515361785888672,-12.390361785888672,-13.755446434020996,-14.067946434020996,128
train,0,The quiet kitten,The quiet kittens,-13.782231330871582,-17.719730377197266,-17.473155975341797,-15.12940502166748,-15.328198432922363,-16.45319938659668,128
train,1,The quiet kittens,The quiet kitten,-15.12940502166748,-17.473155975341797,-17.719730377197266,-13.782231330871582,-15.98137092590332,-15.98137092590332,128
train,0,The small frog,The small frogs,-8.09694766998291,-10.53444766998291,-14.400923728942871,-8.963423728942871,-11.089909553527832,-10.902409553527832,128
train,1,The small frogs,The small frog,-8.963423728942871,-14.400923728942871,-10.53444766998291,-8.09694766998291,-8.865723609924316,-10.365723609924316,128
train,0,The small panda,The small pandas,-13.82503890991211,-14.51253890991211,-14.388449668884277,-12.575949668884277,-13.258354187011719,-13.820854187011719,128
train,1,The small pandas,The small panda,-12.575949668884277,-14.388449668884277,-14.51253890991211,-13.82503890991211,-13.712861061096191,-15.150361061096191,128
train,0,The bright cock,The bright cocks,-19.471872329711914,-20.518747329711914,-18.297588348388672,-15.203839302062988,-17.639745712280273,-16.202245712280273,128
train,1,The bright cocks,The bright cock,-15.203839302062988,-18.297588348388672,-20.518747329711914,-19.471872329711914,-19.723785400390625,-20.208160400390625,128
train,0,The nervous lion,The nervous lions,-11.844886779785156,-16.032386779785156,-14.916916847229004,-11.354416847229004,-12.718027114868164,-13.218027114868164,128
train,1,The nervous lions,The nervous lion,-11.354416847229004,-14.916916847229004,-16.032386779785156,-11.844886779785156,-11.952335357666016,-13.514835357666016,128
train,0,The bright lion,The bright lions,-13.10033893585205,-13.91283893585205,-15.617465019226074,-13.867465019226074,-14.618637084960938,-14.431137084960938,128
train,1,The bright lions,The bright lion,-13.867465019226074,-15.617465019226074,-13.91283893585205,-13.10033893585205,-13.582289695739746,-14.332289695739746,128
train,0,The slender kitten,The slender kittens,-4.9993133544921875,-13.561813354492188,-10.086132049560547,-3.523632526397705,-6.513764381408691,-5.513764381408691,128
train,1,The slender kittens,The slender kitten,-3.523632526397705,-10.086132049560547,-13.561813354492188,-4.9993133544921875,-5.562549591064453,-8.562549591064453,128
train,0,The bright kitten,The bright kittens,-12.583927154541016,-14.333927154541016,-16.275028228759766,-12.77502727508545,-14.035896301269531,-13.660896301269531,128
train,1,The bright kittens,The bright kitten,-12.77502727508545,-16.275028228759766,-14.333927154541016,-12.583927154541016,-12.785916328430176,-14.910916328430176,128
train,0,The calm turtle,The calm turtles,-14.865043640136719,-17.61504364013672,-17.461374282836914,-13.023873329162598,-15.047103881835938,-15.859603881835938,128
train,1,The calm turtles,The calm turtle,-13.023873329162598,-17.461374282836914,-17.61504364013672,-14.865043640136719,-15.917739868164062,-17.792739868164062,128
train,0,The quiet lion,The quiet lions,-10.945321083068848,-12.320321083068848,-14.328892707824707,-9.828892707824707,-12.252165794372559,-11.127165794372559,128
train,1,The quiet lions,The quiet lion,-9.828892707824707,-14.328892707824707,-12.320321083068848,-10.945321083068848,-10.150164604187012,-13.212664604187012,128
train,0,The nervous dolphin,The nervous dolphins,-10.088086128234863,-12.088086128234863,-14.035660743713379,-9.785660743713379,-11.620007514953613,-10.432507514953613,128
train,1,The nervous dolphins,The nervous dolphin,-9.785660743713379,-14.035660743713379,-12.088086128234863,-10.088086128234863,-9.921577453613281,-12.921577453613281,128
train,0,The timid cow,The timid cows,-9.59040355682373,-13.77790355682373,-13.221270561218262,-8.283770561218262,-9.670791625976562,-9.545791625976562,128
train,1,The timid cows,The timid cow,-8.283770561218262,-13.221270561218262,-13.77790355682373,-9.59040355682373,-10.397965431213379,-12.585465431213379,128
train,0,The calm rat,The calm rats,-11.712879180908203,-13.525379180908203,-14.045284271240234,-12.982784271240234,-12.734721183776855,-13.422221183776855,128
train,1,The calm rats,The calm rat,-12.982784271240234,-14.045284271240234,-13.525379180908203,-11.712879180908203,-12.945295333862305,-12.820295333862305,128
train,0,The timid shark,The timid sharks,-11.249064445495605,-12.249064445495605,-13.885658264160156,-9.073158264160156,-11.937734603881836,-10.500234603881836,128
train,1,The timid sharks,The timid shark,-9.073158264160156,-13.885658264160156,-12.249064445495605,-11.249064445495605,-10.039876937866211,-13.727376937866211,128
train,0,The fuzzy monitor,The fuzzy monitors,-12.738109588623047,-16.488109588623047,-15.544609069824219,-11.919609069824219,-13.18618392944336,-13.24868392944336,128
train,1,The fuzzy monitors,The fuzzy monitor,-11.919609069824219,-15.544609069824219,-16.488109588623047,-12.738109588623047,-14.149911880493164,-14.337411880493164,128
train,0,The fuzzy whale,The fuzzy whales,-10.274846076965332,-10.774846076965332,-12.558119773864746,-9.683119773864746,-10.865777969360352,-10.428277969360352,128
train,1,The fuzzy whales,The fuzzy whale,-9.683119773864746,-12.558119773864746,-10.774846076965332,-10.274846076965332,-9.74803352355957,-11.81053352355957,128
train,0,The quiet shark,The quiet sharks,-12.427855491638184,-15.177855491638184,-16.178386688232422,-12.053387641906738,-13.685218811035156,-13.560218811035156,128
train,1,The quiet sharks,The quiet shark,-12.053387641906738,-16.178386688232422,-15.177855491638184,-12.427855491638184,-12.855622291564941,-15.043122291564941,128
train,0,The calm cock,The calm cocks,-5.954283714294434,-10.954283714294434,-7.238818168640137,-3.801318407058716,-5.849062919616699,-4.849062919616699,128
train,1,The calm cocks,The calm cock,-3.801318407058716,-7.238818168640137,-10.954283714294434,-5.954283714294434,-8.647351264953613,-6.459851264953613,128
train,0,The slender dolphin,The slender dolphins,-3.1870229244232178,-10.187023162841797,-9.427508354187012,-3.61500883102417,-6.010702133178711,-5.010702133178711,128
train,1,The slender dolphins,The slender dolphin,-3.61500883102417,-9.427508354187012,-10.187023162841797,-3.1870229244232178,-4.049887180328369,-8.049886703491211,128
train,0,The calm dolphin,The calm dolphins,-10.29629135131836,-12.73379135131836,-13.484115600585938,-10.734115600585938,-11.477893829345703,-11.915393829345703,128
train,1,The calm dolphins,The calm dolphin,-10.734115600585938,-13.484115600585938,-12.73379135131836,-10.29629135131836,-11.815558433532715,-12.690558433532715,128
train,0,The sleepy whale,The sleepy whales,-12.338315963745117,-13.213315963745117,-15.220839500427246,-11.283339500427246,-13.064220428466797,-12.626720428466797,128
train,1,The sleepy whales,The sleepy whale,-11.283339500427246,-15.220839500427246,-13.213315963745117,-12.338315963745117,-11.638015747070312,-14.263015747070312,128
train,0,The timid rat,The timid rats,-13.246935844421387,-15.559435844421387,-15.099600791931152,-12.974600791931152,-12.92401123046875,-14.29901123046875,128
train,1,The timid rats,The timid rat,-12.974600791931152,-15.099600791931152,-15.559435844421387,-13.246935844421387,-14.09836196899414,-15.16086196899414,128
train,0,The nervous chick,The nervous chicks,-14.987401962280273,-17.331151962280273,-18.308862686157227,-15.621362686157227,-16.72799301147461,-16.72799301147461,128
train,1,The nervous chicks,The nervous chick,-15.621362686157227,-18.308862686157227,-17.331151962280273,-14.987401962280273,-16.568532943725586,-16.818532943725586,128
train,0,The sleepy frog,The sleepy frogs,-14.679558753967285,-15.867058753967285,-17.461606979370117,-12.8366060256958,-15.665635108947754,-14.728135108947754,128
train,1,The sleepy frogs,The sleepy frog,-12.8366060256958,-17.461606979370117,-15.867058753967285,-14.679558753967285,-14.075054168701172,-16.356304168701172,128
train,0,The slender chick,The slender chicks,-15.18932819366455,-15.50182819366455,-17.394248962402344,-14.675498008728027,-16.53569221496582,-15.723193168640137,128
train,1,The slender chicks,The slender chick,-14.675498008728027,-17.394248962402344,-15.50182819366455,-15.18932819366455,-14.525323867797852,-17.21282386779785,128
train,0,The slender doe,The slender does,-12.767833709716797,-13.830333709716797,-14.882585525512695,-12.132585525512695,-13.404067039489746,-12.404067039489746,128
train,1,The slender does,The slender doe,-12.132585525512695,-14.882585525512695,-13.830333709716797,-12.767833709716797,-13.720926284790039,-14.533426284790039,128
train,0,The slender cow,The slender cows,-15.341124534606934,-17.71612548828125,-18.83859634399414,-15.61984634399414,-16.57510757446289,-16.45010757446289,128
train,1,The slender cows,The slender cow,-15.61984634399414,-18.83859634399414,-17.71612548828125,-15.341124534606934,-16.31433868408203,-17.09558868408203,128
train,0,The sleepy turtle,The sleepy turtles,-14.483893394470215,-15.296393394470215,-17.567302703857422,-11.536051750183105,-15.90845012664795,-14.15845012664795,128
train,1,The sleepy turtles,The sleepy turtle,-11.536051750183105,-17.567302703857422,-15.296393394470215,-14.483893394470215,-13.346104621887207,-16.72110366821289,128
train,0,The nervous shark,The nervous sharks,-11.526986122131348,-14.839486122131348,-14.993492126464844,-11.118492126464844,-12.365140914916992,-12.927640914916992,128
train,1,The nervous sharks,The nervous shark,-11.118492126464844,-14.993492126464844,-14.839486122131348,-11.526986122131348,-12.099102973937988,-13.411602973937988,128
train,0,The calm panda,The calm pandas,-13.649849891662598,-14.212349891662598,-14.382142066955566,-12.694642066955566,-13.570881843566895,-14.008381843566895,128
train,1,The calm pandas,The calm panda,-12.694642066955566,-14.382142066955566,-14.212349891662598,-13.649849891662598,-13.645585060119629,-15.083085060119629,128
train,0,The calm frog,The calm frogs,-9.977743148803711,-12.915243148803711,-13.60384750366211,-9.35384750366211,-11.306852340698242,-11.431852340698242,128
train,1,The calm frogs,The calm frog,-9.35384750366211,-13.60384750366211,-12.915243148803711,-9.977743148803711,-9.995579719543457,-12.058079719543457,128
train,0,The small pup,The small pups,-11.547383308410645,-14.859883308410645,-16.204998016357422,-12.454997062683105,-13.554827690124512,-13.304827690124512,128
train,1,The small pups,The small pup,-12.454997062683105,-16.204998016357422,-14.859883308410645,-11.547383308410645,-12.931648254394531,-13.994148254394531,128
train,0,The nervous rat,The nervous rats,-12.743578910827637,-14.056078910827637,-14.969683647155762,-13.219683647155762,-13.079432487487793,-13.766932487487793,128
train,1,The nervous rats,The nervous rat,-13.219683647155762,-14.969683647155762,-14.056078910827637,-12.743578910827637,-12.792678833007812,-14.292678833007812,128
train,0,The timid rat,The timid rats,-11.934435844421387,-17.71568489074707,-16.00585174560547,-12.599600791931152,-11.54901123046875,-13.86151123046875,128
train,1,The timid rats,The timid rat,-12.599600791931152,-16.00585174560547,-17.71568489074707,-11.934435844421387,-14.28586196899414,-14.22336196899414,128
train,0,The timid chick,The timid chicks,-13.535654067993164,-15.598154067993164,-16.017316818237305,-11.798566818237305,-14.039352416992188,-12.476852416992188,128
train,1,The timid chicks,The timid chick,-11.798566818237305,-16.017316818237305,-15.598154067993164,-13.535654067993164,-12.892474174499512,-15.329974174499512,128
train,0,The quiet whale,The quiet whales,-9.538850784301758,-9.851350784301758,-13.554647445678711,-9.429647445678711,-11.031330108642578,-10.093830108642578,128
train,1,The quiet whales,The quiet whale,-9.429647445678711,-13.554647445678711,-9.851350784301758,-9.538850784301758,-9.007644653320312,-11.695144653320312,128
train,0,The timid shark,The timid sharks,-3.4990649223327637,-10.499064445495605,-7.510657787322998,-2.385657787322998,-4.000234603881836,-4.375234603881836,128
train,1,The timid sharks,The timid shark,-2.385657787322998,-7.510657787322998,-10.499064445495605,-3.4990649223327637,-3.97737717628479,-6.352377414703369,128
train,0,The slender whale,The slender whales,-14.38079833984375,-15.97454833984375,-15.673060417175293,-13.048060417175293,-14.217071533203125,-14.779571533203125,128
train,1,The slender whales,The slender whale,-13.048060417175293,-15.673060417175293,-15.97454833984375,-14.38079833984375,-14.499216079711914,-15.811716079711914,128
train,0,The fuzzy bat,The fuzzy bats,-11.097877502441406,-16.097877502441406,-15.459714889526367,-11.084714889526367,-12.031925201416016,-13.656925201416016,128
train,1,The fuzzy bats,The fuzzy bat,-11.084714889526367,-15.459714889526367,-16.097877502441406,-11.097877502441406,-13.266334533691406,-14.828834533691406,128
train,0,The nervous rabbit,The nervous rabbits,-10.944210052490234,-13.006710052490234,-15.176101684570312,-11.301101684570312,-12.561722755432129,-12.749222755432129,128
train,1,The nervous rabbits,The nervous rabbit,-11.301101684570312,-15.176101684570312,-13.006710052490234,-10.944210052490234,-11.97264575958252,-14.16014575958252,128
train,0,The calm whale,The calm whales,-2.7733139991760254,-9.148313522338867,-6.357133865356445,-2.8571338653564453,-3.331146717071533,-4.831146717071533,128
train,1,The calm whales,The calm whale,-2.8571338653564453,-6.357133865356445,-9.148313522338867,-2.7733139991760254,-3.2099997997283936,-4.9599995613098145,128
train,0,The nervous kitten,The nervous kittens,-5.265647888183594,-12.640647888183594,-8.347806930541992,-4.347806930541992,-6.035123348236084,-6.410123348236084,128
train,1,The nervous kittens,The nervous kitten,-4.347806930541992,-8.347806930541992,-12.640647888183594,-5.265647888183594,-6.086778163909912,-7.211778163909912,128
train,0,The bright kitten,The bright kittens,-13.958927154541016,-14.583927154541016,-16.275028228759766,-13.27502727508545,-15.160896301269531,-14.285896301269531,128
train,1,The bright kittens,The bright kitten,-13.27502727508545,-16.275028228759766,-14.583927154541016,-13.958927154541016,-13.535916328430176,-15.473416328430176,128
train,0,The slender horse,The slender horses,-15.537015914916992,-16.568265914916992,-17.30347442626953,-15.772224426269531,-17.489137649536133,-16.989137649536133,128
train,1,The slender horses,The slender horse,-15.772224426269531,-17.30347442626953,-16.568265914916992,-15.537015914916992,-15.832158088684082,-16.519657135009766,128
train,0,The nervous turtle,The nervous turtles,-14.469228744506836,-14.969228744506836,-16.006765365600586,-13.194266319274902,-15.307483673095703,-14.682483673095703,128
train,1,The nervous turtles,The nervous turtle,-13.194266319274902,-16.006765365600586,-14.969228744506836,-14.469228744506836,-13.605477333068848,-15.855477333068848,128
train,0,The timid lion,The timid lions,-2.3912553787231445,-9.641255378723145,-8.03831672668457,-2.038316249847412,-3.566685199737549,-3.816685199737549,128
train,1,The timid lions,The timid lion,-2.038316249847412,-8.03831672668457,-9.641255378723145,-2.3912553787231445,-2.6340394020080566,-5.634039402008057,128
train,0,The quiet bat,The quiet bats,-3.149994373321533,-9.774993896484375,-7.686376094818115,-2.8113760948181152,-4.180304527282715,-4.305304527282715,128
train,1,The quiet bats,The quiet bat,-2.8113760948181152,-7.686376094818115,-9.774993896484375,-3.149994373321533,-3.5010902881622314,-5.876090049743652,128
train,0,The fuzzy dolphin,The fuzzy dolphins,-3.8279638290405273,-10.577963829040527,-7.781819820404053,-2.9068198204040527,-4.938526630401611,-4.563526630401611,128
train,1,The fuzzy dolphins,The fuzzy dolphin,-2.9068198204040527,-7.781819820404053,-10.577963829040527,-3.8279638290405273,-4.320008277893066,-7.195008277893066,128
train,0,The small dolphin,The small dolphins,-2.2597270011901855,-9.884727478027344,-7.8263258934021,-1.8263260126113892,-3.6528196334838867,-3.0278196334838867,128
train,1,The small dolphins,The small dolphin,-1.8263260126113892,-7.8263258934021,-9.884727478027344,-2.2597270011901855,-2.8199706077575684,-6.069970607757568,128
train,0,The bright shark,The bright sharks,-12.615561485290527,-13.740561485290527,-16.023822784423828,-12.148823738098145,-14.059884071350098,-13.622384071350098,128
train,1,The bright sharks,The bright shark,-12.148823738098145,-16.023822784423828,-13.740561485290527,-12.615561485290527,-12.307303428649902,-14.494803428649902,128
train,0,The quiet rabbit,The quiet rabbits,-13.214012145996094,-13.526512145996094,-15.570361137390137,-12.882861137390137,-14.193883895874023,-13.568883895874023,128
train,1,The quiet rabbits,The quiet rabbit,-12.882861137390137,-15.570361137390137,-13.526512145996094,-13.214012145996094,-13.537412643432617,-15.287412643432617,128
train,0,The sleepy kit,The sleepy kits,-14.181379318237305,-18.462629318237305,-13.609870910644531,-12.484870910644531,-12.234260559082031,-13.859260559082031,128
train,1,The sleepy kits,The sleepy kit,-12.484870910644531,-13.609870910644531,-18.462629318237305,-14.181379318237305,-17.47691535949707,-15.22691535949707,128
train,0,The nervous turtle,The nervous turtles,-13.969228744506836,-14.906728744506836,-16.194265365600586,-12.944266319274902,-15.119983673095703,-14.744983673095703,128
train,1,The nervous turtles,The nervous turtle,-12.944266319274902,-16.194265365600586,-14.906728744506836,-13.969228744506836,-13.542977333068848,-15.605477333068848,128
train,0,The sleepy whale,The sleepy whales,-8.775815963745117,-12.713315963745117,-12.095839500427246,-10.283339500427246,-9.751720428466797,-11.876720428466797,128
train,1,The sleepy whales,The sleepy whale,-10.283339500427246,-12.095839500427246,-12.713315963745117,-8.775815963745117,-10.513015747070312,-10.825515747070312,128
train,0,The bright monitor,The bright monitors,-13.977316856384277,-14.414816856384277,-15.800865173339844,-13.488365173339844,-14.80551815032959,-14.36801815032959,128
train,1,The bright monitors,The bright monitor,-13.488365173339844,-15.800865173339844,-14.414816856384277,-13.977316856384277,-13.645840644836426,-14.833340644836426,128
train,0,The nervous rabbit,The nervous rabbits,-3.4442102909088135,-11.006710052490234,-7.6761016845703125,-2.9261014461517334,-4.561722755432129,-5.686722755432129,128
train,1,The nervous rabbits,The nervous rabbit,-2.9261014461517334,-7.6761016845703125,-11.006710052490234,-3.4442102909088135,-4.160145282745361,-6.035145282745361,128
train,0,The timid monitor,The timid monitors,-2.8933987617492676,-8.64339828491211,-8.876354217529297,-2.626354217529297,-5.52003812789917,-4.39503812789917,128
train,1,The timid monitors,The timid monitor,-2.626354217529297,-8.876354217529297,-8.64339828491211,-2.8933987617492676,-4.082442760467529,-6.082442760467529,128
train,0,The timid kitten,The timid kittens,-3.208894729614258,-11.646394729614258,-8.452967643737793,-2.577967405319214,-4.212034702301025,-4.212034702301025,128
train,1,The timid kittens,The timid kitten,-2.577967405319214,-8.452967643737793,-11.646394729614258,-3.208894729614258,-4.074527740478516,-5.949527740478516,128
train,0,The fuzzy turtle,The fuzzy turtles,-12.021926879882812,-13.834426879882812,-16.20606231689453,-10.643562316894531,-13.367037773132324,-12.492037773132324,128
train,1,The fuzzy turtles,The fuzzy turtle,-10.643562316894531,-16.20606231689453,-13.834426879882812,-12.021926879882812,-12.197569847106934,-14.822569847106934,128
train,0,The sleepy rat,The sleepy rats,-14.834307670593262,-16.021808624267578,-15.822600364685059,-12.947600364685059,-14.660266876220703,-14.410266876220703,128
train,1,The sleepy rats,The sleepy rat,-12.947600364685059,-15.822600364685059,-16.021808624267578,-14.834307670593262,-15.532563209533691,-16.282564163208008,128
train,0,The quiet horse,The quiet horses,-12.74788761138916,-14.81038761138916,-15.792433738708496,-12.542433738708496,-14.261565208435059,-14.261565208435059,128
train,1,The quiet horses,The quiet horse,-12.542433738708496,-15.792433738708496,-14.81038761138916,-12.74788761138916,-13.111732482910156,-14.549232482910156,128
train,0,The calm horse,The calm horses,-11.5689058303833,-15.1939058303833,-15.715269088745117,-11.465269088745117,-12.844082832336426,-12.906582832336426,128
train,1,The calm horses,The calm horse,-11.465269088745117,-15.715269088745117,-15.1939058303833,-11.5689058303833,-12.306929588317871,-14.431929588317871,128
train,0,The fuzzy panda,The fuzzy pandas,-13.547226905822754,-15.047226905822754,-15.610812187194824,-13.735812187194824,-14.136640548706055,-15.261640548706055,128
train,1,The fuzzy pandas,The fuzzy panda,-13.735812187194824,-15.610812187194824,-15.047226905822754,-13.547226905822754,-14.664966583251953,-15.352466583251953,128
train,0,The sleepy horse,The sleepy horses,-5.358916282653809,-12.233916282653809,-8.972393989562988,-3.284893751144409,-5.78901481628418,-5.41401481628418,128
train,1,The sleepy horses,The sleepy horse,-3.284893751144409,-8.972393989562988,-12.233916282653809,-5.358916282653809,-5.5192437171936035,-8.019244194030762,128
train,0,The sleepy dog,The sleepy dogs,-4.782876968383789,-12.407876968383789,-8.63955307006836,-3.8895530700683594,-5.783115386962891,-6.033115386962891,128
train,1,The sleepy dogs,The sleepy dog,-3.8895530700683594,-8.63955307006836,-12.407876968383789,-4.782876968383789,-5.770150661468506,-7.020150661468506,128
train,0,The sleepy doe,The sleepy does,-14.327770233154297,-17.015270233154297,-15.149639129638672,-13.149639129638672,-14.794340133666992,-13.856840133666992,128
train,1,The sleepy does,The sleepy doe,-13.149639129638672,-15.149639129638672,-17.015270233154297,-14.327770233154297,-16.35314178466797,-15.165641784667969,128
train,0,The bright cow,The bright cows,-3.574004888534546,-9.511505126953125,-7.89038610458374,-2.5153861045837402,-5.234899520874023,-4.234899520874023,128
train,1,The bright cows,The bright cow,-2.5153861045837402,-7.89038610458374,-9.511505126953125,-3.574004888534546,-4.417352199554443,-6.542352199554443,128
train,0,The quiet pup,The quiet pups,-10.275496482849121,-13.962996482849121,-13.140376091003418,-11.202876091003418,-11.472559928894043,-13.222559928894043,128
train,1,The quiet pups,The quiet pup,-11.202876091003418,-13.140376091003418,-13.962996482849121,-10.275496482849121,-12.373946189880371,-11.561446189880371,128
train,0,The nervous cow,The nervous cows,-10.979499816894531,-11.354499816894531,-13.721566200256348,-10.596566200256348,-12.76970386505127,-11.58220386505127,128
train,1,The nervous cows,The nervous cow,-10.596566200256348,-13.721566200256348,-11.354499816894531,-10.979499816894531,-10.952899932861328,-11.952899932861328,128
train,0,The quiet shark,The quiet sharks,-13.677855491638184,-16.802854537963867,-17.022136688232422,-13.928387641906738,-14.810218811035156,-15.747718811035156,128
train,1,The quiet sharks,The quiet shark,-13.928387641906738,-17.022136688232422,-16.802854537963867,-13.677855491638184,-15.168122291564941,-15.855622291564941,128
train,0,The calm cow,The calm cows,-13.210909843444824,-16.648408889770508,-15.199089050292969,-12.136589050292969,-13.731951713562012,-13.669451713562012,128
train,1,The calm cows,The calm cow,-12.136589050292969,-15.199089050292969,-16.648408889770508,-13.210909843444824,-14.386612892150879,-15.261612892150879,128
train,0,The nervous frog,The nervous frogs,-12.491796493530273,-13.179296493530273,-16.092273712158203,-12.904772758483887,-14.07976245880127,-13.95476245880127,128
train,1,The nervous frogs,The nervous frog,-12.904772758483887,-16.092273712158203,-13.179296493530273,-12.491796493530273,-12.74754524230957,-15.24754524230957,128
train,0,The small lion,The small lions,-10.789302825927734,-14.914302825927734,-15.504145622253418,-10.566645622253418,-12.85992431640625,-12.10992431640625,128
train,1,The small lions,The small lion,-10.566645622253418,-15.504145622253418,-14.914302825927734,-10.789302825927734,-12.007153511047363,-12.882153511047363,128
train,0,The timid dolphin,The timid dolphins,-9.745790481567383,-12.933290481567383,-15.434412002563477,-10.059412002563477,-11.805749893188477,-10.118249893188477,128
train,1,The timid dolphins,The timid dolphin,-10.059412002563477,-15.434412002563477,-12.933290481567383,-9.745790481567383,-9.561232566833496,-13.686232566833496,128
train,0,The bright bat,The bright bats,-17.13089370727539,-18.72464370727539,-17.37151336669922,-15.527763366699219,-15.262824058532715,-16.26282501220703,128
train,1,The bright bats,The bright bat,-15.527763366699219,-17.37151336669922,-18.72464370727539,-17.13089370727539,-18.352766036987305,-18.571516036987305,128
train,0,The small doe,The small does,-13.049803733825684,-15.174803733825684,-17.103431701660156,-14.540932655334473,-16.140317916870117,-15.390318870544434,128
train,1,The small does,The small doe,-14.540932655334473,-17.103431701660156,-15.174803733825684,-13.049803733825684,-15.257926940917969,-14.632926940917969,128
train,0,The small bat,The small bats,-9.217994689941406,-11.842994689941406,-13.840377807617188,-10.902877807617188,-10.922759056091309,-11.985259056091309,128
train,1,The small bats,The small bat,-10.902877807617188,-13.840377807617188,-11.842994689941406,-9.217994689941406,-10.689325332641602,-11.751825332641602,128
train,0,The quiet kitten,The quiet kittens,-11.657231330871582,-12.844731330871582,-15.31690502166748,-11.94190502166748,-14.328198432922363,-13.828198432922363,128
train,1,The quiet kittens,The quiet kitten,-11.94190502166748,-15.31690502166748,-12.844731330871582,-11.657231330871582,-11.35637092590332,-13.35637092590332,128
train,0,The nervous dolphin,The nervous dolphins,-13.588086128234863,-16.025585174560547,-17.348161697387695,-12.598160743713379,-14.745007514953613,-13.370007514953613,128
train,1,The nervous dolphins,The nervous dolphin,-12.598160743713379,-17.348161697387695,-16.025585174560547,-13.588086128234863,-12.921577453613281,-16.10907745361328,128
train,0,The small monitor,The small monitors,-14.803074836730957,-16.30307388305664,-15.824173927307129,-13.324173927307129,-14.84152889251709,-14.71652889251709,128
train,1,The small monitors,The small monitor,-13.324173927307129,-15.824173927307129,-16.30307388305664,-14.803074836730957,-15.431663513183594,-15.619163513183594,128
train,0,The bright pup,The bright pups,-3.9001145362854004,-8.775114059448242,-7.881770610809326,-3.506770610809326,-4.851944923400879,-5.226944923400879,128
train,1,The bright pups,The bright pup,-3.506770610809326,-7.881770610809326,-8.775114059448242,-3.9001145362854004,-4.137434482574463,-6.012434482574463,128
train,0,The sleepy panda,The sleepy pandas,-8.827861785888672,-13.202861785888672,-12.053019523620605,-10.490519523620605,-9.427419662475586,-12.614919662475586,128
train,1,The sleepy pandas,The sleepy panda,-10.490519523620605,-12.053019523620605,-13.202861785888672,-8.827861785888672,-12.255446434020996,-11.817946434020996,128
train,0,The calm chick,The calm chicks,-4.5850701332092285,-9.39756965637207,-8.052268981933594,-3.927269458770752,-6.07949161529541,-5.82949161529541,128
train,1,The calm chicks,The calm chick,-3.927269458770752,-8.052268981933594,-9.39756965637207,-4.5850701332092285,-5.870504379272461,-6.745504379272461,128
train,0,The nervous shark,The nervous sharks,-14.839486122131348,-16.995737075805664,-17.087242126464844,-13.368492126464844,-15.552640914916992,-15.240140914916992,128
train,1,The nervous sharks,The nervous shark,-13.368492126464844,-17.087242126464844,-16.995737075805664,-14.839486122131348,-14.036602973937988,-16.161603927612305,128
train,0,The slender frog,The slender frogs,-10.935572624206543,-12.498072624206543,-15.044147491455078,-9.981647491455078,-12.678415298461914,-12.303415298461914,128
train,1,The slender frogs,The slender frog,-9.981647491455078,-15.044147491455078,-12.498072624206543,-10.935572624206543,-11.582889556884766,-14.270389556884766,128
train,0,The small pup,The small pups,-3.1723837852478027,-8.422383308410645,-8.767497062683105,-2.3924970626831055,-4.86732816696167,-4.11732816696167,128
train,1,The small pups,The small pup,-2.3924970626831055,-8.767497062683105,-8.422383308410645,-3.1723837852478027,-3.1816484928131104,-6.056648254394531,128
train,0,The nervous bat,The nervous bats,-10.091683387756348,-14.841683387756348,-14.0536527633667,-10.5536527633667,-11.801105499267578,-12.488605499267578,128
train,1,The nervous bats,The nervous bat,-10.5536527633667,-14.0536527633667,-14.841683387756348,-10.091683387756348,-9.875467300415039,-12.062967300415039,128
train,0,The timid pup,The timid pups,-12.22712516784668,-13.66462516784668,-14.649829864501953,-11.649829864501953,-12.74208927154541,-12.61708927154541,128
train,1,The timid pups,The timid pup,-11.649829864501953,-14.649829864501953,-13.66462516784668,-12.22712516784668,-12.990989685058594,-13.803489685058594,128
train,0,The quiet turtle,The quiet turtles,-8.050284385681152,-12.237784385681152,-11.991517066955566,-9.054017066955566,-10.036543846130371,-11.599043846130371,128
train,1,The quiet turtles,The quiet turtle,-9.054017066955566,-11.991517066955566,-12.237784385681152,-8.050284385681152,-10.156891822814941,-10.844391822814941,128
train,0,The timid pup,The timid pups,-10.10212516784668,-14.41462516784668,-12.962329864501953,-7.962330341339111,-9.49208927154541,-9.55458927154541,128
train,1,The timid pups,The timid pup,-7.962330341339111,-12.962329864501953,-14.41462516784668,-10.10212516784668,-10.115989685058594,-11.365989685058594,128
train,0,The fuzzy rabbit,The fuzzy rabbits,-13.115511894226074,-16.053010940551758,-16.171525955200195,-12.796525955200195,-13.844685554504395,-14.907185554504395,128
train,1,The fuzzy rabbits,The fuzzy rabbit,-12.796525955200195,-16.171525955200195,-16.053010940551758,-13.115511894226074,-14.454744338989258,-15.579744338989258,128
train,0,The small chick,The small chicks,-4.275838375091553,-10.713337898254395,-8.723970413208008,-2.161470651626587,-5.143980026245117,-3.643980026245117,128
train,1,The small chicks,The small chick,-2.161470651626587,-8.723970413208008,-10.713337898254395,-4.275838375091553,-4.571475028991699,-7.696475028991699,128
train,0,The nervous whale,The nervous whales,-13.50820541381836,-16.41445541381836,-16.673316955566406,-14.610816955566406,-14.709291458129883,-15.709291458129883,128
train,1,The nervous whales,The nervous whale,-14.610816955566406,-16.673316955566406,-16.41445541381836,-13.50820541381836,-14.65053939819336,-14.71303939819336,128
train,0,The small bat,The small bats,-13.717994689941406,-18.530494689941406,-18.059127807617188,-14.215377807617188,-14.485259056091309,-16.610258102416992,128
train,1,The small bats,The small bat,-14.215377807617188,-18.059127807617188,-18.530494689941406,-13.717994689941406,-15.001825332641602,-16.2518253326416,128
train,0,The fuzzy horse,The fuzzy horses,-4.097482681274414,-10.784982681274414,-10.130733489990234,-4.318233489990234,-6.613435745239258,-5.863435745239258,128
train,1,The fuzzy horses,The fuzzy horse,-4.318233489990234,-10.130733489990234,-10.784982681274414,-4.097482681274414,-5.298210144042969,-7.923210144042969,128
train,0,The slender doe,The slender does,-14.517833709716797,-18.267833709716797,-17.070085525512695,-13.257585525512695,-16.21656608581543,-14.654067039489746,128
train,1,The slender does,The slender doe,-13.257585525512695,-17.070085525512695,-18.267833709716797,-14.517833709716797,-17.28342628479004,-15.845926284790039,128
train,0,The sleepy doe,The sleepy does,-8.390270233154297,-12.640270233154297,-14.524639129638672,-10.962139129638672,-13.106840133666992,-11.856840133666992,128
train,1,The sleepy does,The sleepy doe,-10.962139129638672,-14.524639129638672,-12.640270233154297,-8.390270233154297,-12.290641784667969,-10.165641784667969,128
train,0,The calm rat,The calm rats,-15.087879180908203,-17.837879180908203,-17.889034271240234,-14.482784271240234,-15.297221183776855,-16.42222023010254,128
train,1,The calm rats,The calm rat,-14.482784271240234,-17.889034271240234,-17.837879180908203,-15.087879180908203,-17.070295333862305,-17.882795333862305,128
train,0,The slender kitten,The slender kittens,-15.811813354492188,-16.249313354492188,-18.742382049560547,-14.711132049560547,-17.513763427734375,-16.201263427734375,128
train,1,The slender kittens,The slender kitten,-14.711132049560547,-18.742382049560547,-16.249313354492188,-15.811813354492188,-14.750049591064453,-17.625049591064453,128
train,0,The slender lion,The slender lions,-11.477307319641113,-14.102307319641113,-15.632505416870117,-13.382505416870117,-14.270301818847656,-14.707801818847656,128
train,1,The slender lions,The slender lion,-13.382505416870117,-15.632505416870117,-14.102307319641113,-11.477307319641113,-13.414779663085938,-13.664779663085938,128
train,0,The small horse,The small horses,-4.162969589233398,-11.537969589233398,-8.618611335754395,-2.3686110973358154,-4.421993255615234,-4.921993255615234,128
train,1,The small horses,The small horse,-2.3686110973358154,-8.618611335754395,-11.537969589233398,-4.162969589233398,-4.788022518157959,-6.788022518157959,128
train,0,The quiet rat,The quiet rats,-9.1347017288208,-12.3222017288208,-13.665419578552246,-10.227919578552246,-11.359511375427246,-11.484511375427246,128
train,1,The quiet rats,The quiet rat,-10.227919578552246,-13.665419578552246,-12.3222017288208,-9.1347017288208,-10.512804985046387,-12.200304985046387,128
train,0,The sleepy rat,The sleepy rats,-11.646807670593262,-13.209307670593262,-13.697600364685059,-10.947600364685059,-12.535266876220703,-12.097766876220703,128
train,1,The sleepy rats,The sleepy rat,-10.947600364685059,-13.697600364685059,-13.209307670593262,-11.646807670593262,-12.032563209533691,-13.470063209533691,128
train,0,The nervous dog,The nervous dogs,-4.777729034423828,-11.777729034423828,-8.246651649475098,-3.4966516494750977,-5.585196495056152,-5.210196495056152,128
train,1,The nervous dogs,The nervous dog,-3.4966516494750977,-8.246651649475098,-11.777729034423828,-4.777729034423828,-5.442241191864014,-6.317241191864014,128
train,0,The small lion,The small lions,-13.226802825927734,-14.726802825927734,-17.004146575927734,-13.379145622253418,-14.98492431640625,-13.98492431640625,128
train,1,The small lions,The small lion,-13.379145622253418,-17.004146575927734,-14.726802825927734,-13.226802825927734,-14.007153511047363,-15.069653511047363,128
train,0,The slender chick,The slender chicks,-3.064328193664551,-6.314328193664551,-9.550498008728027,-3.9254982471466064,-7.535693168640137,-5.785693168640137,128
train,1,The slender chicks,The slender chick,-3.9254982471466064,-9.550498008728027,-6.314328193664551,-3.064328193664551,-2.8378233909606934,-5.337823390960693,128
train,0,The slender turtle,The slender turtles,-16.023874282836914,-18.961374282836914,-17.71127700805664,-13.02377700805664,-15.759225845336914,-14.634225845336914,128
train,1,The slender turtles,The slender turtle,-13.02377700805664,-17.71127700805664,-18.961374282836914,-16.023874282836914,-16.115692138671875,-19.209442138671875,128
train,0,The nervous pup,The nervous pups,-3.6572980880737305,-8.09479808807373,-8.045762062072754,-4.045762062072754,-5.50425910949707,-5.50425910949707,128
train,1,The nervous pups,The nervous pup,-4.045762062072754,-8.045762062072754,-8.09479808807373,-3.6572980880737305,-4.236388206481934,-5.236388206481934,128
train,0,The small dog,The small dogs,-3.112478017807007,-11.549978256225586,-8.109935760498047,-1.9224357604980469,-4.166942119598389,-4.166942119598389,128
train,1,The small dogs,The small dog,-1.9224357604980469,-8.109935760498047,-11.549978256225586,-3.112478017807007,-3.875185489654541,-5.375185489654541,128
train,0,The slender dolphin,The slender dolphins,-11.374523162841797,-14.874523162841797,-15.490008354187012,-10.802508354187012,-12.635702133178711,-12.260702133178711,128
train,1,The slender dolphins,The slender dolphin,-10.802508354187012,-15.490008354187012,-14.874523162841797,-11.374523162841797,-12.174886703491211,-14.737386703491211,128
train,0,The bright dog,The bright dogs,-13.636539459228516,-14.261539459228516,-15.898591041564941,-13.086091041564941,-14.504353523254395,-14.441853523254395,128
train,1,The bright dogs,The bright dog,-13.086091041564941,-15.898591041564941,-14.261539459228516,-13.636539459228516,-14.255573272705078,-16.068073272705078,128
train,0,The nervous lion,The nervous lions,-3.969886541366577,-9.907386779785156,-7.666916847229004,-3.791917085647583,-5.530527114868164,-5.405527114868164,128
train,1,The nervous lions,The nervous lion,-3.791917085647583,-7.666916847229004,-9.907386779785156,-3.969886541366577,-4.014835357666016,-5.764835357666016,128
train,0,The timid turtle,The timid turtles,-15.592308044433594,-18.529808044433594,-18.868186950683594,-14.180686950683594,-15.453185081481934,-16.01568603515625,128
train,1,The timid turtles,The timid turtle,-14.180686950683594,-18.868186950683594,-18.529808044433594,-15.592308044433594,-15.685848236083984,-18.029598236083984,128
train,0,The bright whale,The bright whales,-9.581680297851562,-11.456680297851562,-13.296530723571777,-8.984030723571777,-10.575419425964355,-10.387919425964355,128
train,1,The bright whales,The bright whale,-8.984030723571777,-13.296530723571777,-11.456680297851562,-9.581680297851562,-9.452473640441895,-11.889973640441895,128
train,0,The slender panda,The slender pandas,-4.515256404876709,-10.952756881713867,-8.081494331359863,-3.0814948081970215,-4.652978420257568,-7.402978420257568,128
train,1,The slender pandas,The slender panda,-3.0814948081970215,-8.081494331359863,-10.952756881713867,-4.515256404876709,-5.845475673675537,-7.970475673675537,128
train,0,The small dog,The small dogs,-6.487478256225586,-11.049978256225586,-10.547435760498047,-8.609935760498047,-8.291942596435547,-10.666942596435547,128
train,1,The small dogs,The small dog,-8.609935760498047,-10.547435760498047,-11.049978256225586,-6.487478256225586,-9.1251859664917,-8.3751859664917,128
train,0,The quiet horse,The quiet horses,-12.24788761138916,-13.81038761138916,-15.479933738708496,-12.042433738708496,-13.574065208435059,-13.449065208435059,128
train,1,The quiet horses,The quiet horse,-12.042433738708496,-15.479933738708496,-13.81038761138916,-12.24788761138916,-12.174232482910156,-14.486732482910156,128
train,0,The small kit,The small kits,-5.633730888366699,-12.4462308883667,-7.638335704803467,-4.263335704803467,-5.118690013885498,-5.993690013885498,128
train,1,The small kits,The small kit,-4.263335704803467,-7.638335704803467,-12.4462308883667,-5.633730888366699,-8.644180297851562,-6.6441802978515625,128
train,0,The nervous bat,The nervous bats,-10.216683387756348,-15.685433387756348,-16.303651809692383,-13.4911527633667,-12.676105499267578,-15.113605499267578,128
train,1,The nervous bats,The nervous bat,-13.4911527633667,-16.303651809692383,-15.685433387756348,-10.216683387756348,-13.937967300415039,-13.937967300415039,128
train,0,The sleepy turtle,The sleepy turtles,-15.233893394470215,-16.85889434814453,-16.254802703857422,-13.223551750183105,-14.97095012664795,-15.15845012664795,128
train,1,The sleepy turtles,The sleepy turtle,-13.223551750183105,-16.254802703857422,-16.85889434814453,-15.233893394470215,-14.846104621887207,-16.84610366821289,128
train,0,The sleepy whale,The sleepy whales,-2.650815486907959,-9.963315963745117,-6.095839500427246,-2.470839500427246,-3.3767201900482178,-4.376720428466797,128
train,1,The sleepy whales,The sleepy whale,-2.470839500427246,-6.095839500427246,-9.963315963745117,-2.650815486907959,-3.2005152702331543,-4.575515270233154,128
train,0,The timid pup,The timid pups,-13.78962516784668,-14.16462516784668,-16.837329864501953,-13.212329864501953,-14.86708927154541,-13.49208927154541,128
train,1,The timid pups,The timid pup,-13.212329864501953,-16.837329864501953,-14.16462516784668,-13.78962516784668,-13.490989685058594,-15.053489685058594,128
train,0,The small kitten,The small kittens,-12.97373104095459,-15.72373104095459,-16.979236602783203,-13.666736602783203,-13.974050521850586,-14.849050521850586,128
train,1,The small kittens,The small kitten,-13.666736602783203,-16.979236602783203,-15.72373104095459,-12.97373104095459,-13.394219398498535,-15.519219398498535,128
train,0,The small shark,The small sharks,-13.82653522491455,-16.139034271240234,-16.116817474365234,-12.241816520690918,-14.709213256835938,-15.021713256835938,128
train,1,The small sharks,The small shark,-12.241816520690918,-16.116817474365234,-16.139034271240234,-13.82653522491455,-13.823610305786133,-15.698610305786133,128
train,0,The small panda,The small pandas,-15.01253890991211,-18.70003890991211,-17.232200622558594,-13.950949668884277,-15.195854187011719,-16.82085418701172,128
train,1,The small pandas,The small panda,-13.950949668884277,-17.232200622558594,-18.70003890991211,-15.01253890991211,-16.900362014770508,-16.900362014770508,128
train,0,The small doe,The small does,-15.424803733825684,-17.5185546875,-18.603431701660156,-15.103432655334473,-18.202817916870117,-15.452818870544434,128
train,1,The small does,The small doe,-15.103432655334473,-18.603431701660156,-17.5185546875,-15.424803733825684,-17.63292694091797,-16.63292694091797,128
train,0,The bright rat,The bright rats,-12.602814674377441,-16.852813720703125,-14.43078327178955,-10.80578327178955,-13.093669891357422,-13.656169891357422,128
train,1,The bright rats,The bright rat,-10.80578327178955,-14.43078327178955,-16.852813720703125,-12.602814674377441,-13.150394439697266,-14.462894439697266,128
train,0,The bright turtle,The bright turtles,-11.67919921875,-14.99169921875,-14.90888500213623,-9.90888500213623,-12.717418670654297,-12.654918670654297,128
train,1,The bright turtles,The bright turtle,-9.90888500213623,-14.90888500213623,-14.99169921875,-11.67919921875,-12.294939041137695,-14.732439041137695,128
train,0,The small kitten,The small kittens,-3.3487305641174316,-12.28623104095459,-9.104236602783203,-2.2292368412017822,-4.536550045013428,-4.286550045013428,128
train,1,The small kittens,The small kitten,-2.2292368412017822,-9.104236602783203,-12.28623104095459,-3.3487305641174316,-3.3942198753356934,-6.644219875335693,128
train,0,The sleepy chick,The sleepy chicks,-12.141067504882812,-14.203567504882812,-15.173930168151855,-11.736430168151855,-13.363460540771484,-12.488460540771484,128
train,1,The sleepy chicks,The sleepy chick,-11.736430168151855,-15.173930168151855,-14.203567504882812,-12.141067504882812,-12.661336898803711,-13.536336898803711,128
train,0,The bright chick,The bright chicks,-13.643625259399414,-15.737375259399414,-16.551513671875,-13.145263671875,-15.063314437866211,-14.500814437866211,128
train,1,The bright chicks,The bright chick,-13.145263671875,-16.551513671875,-15.737375259399414,-13.643625259399414,-13.792881965637207,-15.667881965637207,128
train,0,The sleepy lion,The sleepy lions,-11.026750564575195,-13.964250564575195,-13.57087230682373,-11.50837230682373,-11.949318885803223,-13.574318885803223,128
train,1,The sleepy lions,The sleepy lion,-11.50837230682373,-13.57087230682373,-13.964250564575195,-11.026750564575195,-12.47937297821045,-13.04187297821045,128
train,0,The sleepy shark,The sleepy sharks,-11.819443702697754,-16.069442749023438,-14.532890319824219,-11.907890319824219,-12.445008277893066,-14.195008277893066,128
train,1,The sleepy sharks,The sleepy shark,-11.907890319824219,-14.532890319824219,-16.069442749023438,-11.819443702697754,-13.171573638916016,-14.109073638916016,128
train,0,The fuzzy bat,The fuzzy bats,-11.972877502441406,-16.472877502441406,-14.772214889526367,-12.959714889526367,-11.969425201416016,-14.781925201416016,128
train,1,The fuzzy bats,The fuzzy bat,-12.959714889526367,-14.772214889526367,-16.472877502441406,-11.972877502441406,-14.703834533691406,-15.328834533691406,128
train,0,The nervous doe,The nervous does,-14.168389320373535,-14.855889320373535,-15.85780143737793,-10.85780143737793,-15.193937301635742,-11.381437301635742,128
train,1,The nervous does,The nervous doe,-10.85780143737793,-15.85780143737793,-14.855889320373535,-14.168389320373535,-12.906739234924316,-14.781739234924316,128
train,0,The bright frog,The bright frogs,-13.197781562805176,-14.729031562805176,-19.254804611206055,-13.098555564880371,-15.689132690429688,-14.626632690429688,128
train,1,The bright frogs,The bright frog,-13.098555564880371,-19.254804611206055,-14.729031562805176,-13.197781562805176,-13.098557472229004,-15.536057472229004,128
train,0,The timid panda,The timid pandas,-10.116180419921875,-14.678680419921875,-12.886465072631836,-8.261465072631836,-9.683621406555176,-11.621121406555176,128
train,1,The timid pandas,The timid panda,-8.261465072631836,-12.886465072631836,-14.678680419921875,-10.116180419921875,-10.452507019042969,-12.265007019042969,128
train,0,The bright dolphin,The bright dolphins,-10.421771049499512,-13.359271049499512,-14.466137886047363,-11.903637886047363,-12.560800552368164,-13.123300552368164,128
train,1,The bright dolphins,The bright dolphin,-11.903637886047363,-14.466137886047363,-13.359271049499512,-10.421771049499512,-11.979113578796387,-12.666613578796387,128
train,0,The fuzzy kit,The fuzzy kits,-14.233202934265137,-15.545702934265137,-13.85146713256836,-13.10146713256836,-12.973358154296875,-13.848358154296875,128
train,1,The fuzzy kits,The fuzzy kit,-13.10146713256836,-13.85146713256836,-15.545702934265137,-14.233202934265137,-15.326440811157227,-14.826440811157227,128
train,0,The calm cow,The calm cows,-4.710909843444824,-10.648409843444824,-7.949089527130127,-3.074089527130127,-5.544451713562012,-5.419451713562012,128
train,1,The calm cows,The calm cow,-3.074089527130127,-7.949089527130127,-10.648409843444824,-4.710909843444824,-5.386612892150879,-7.011612892150879,128
train,0,The sleepy dog,The sleepy dogs,-13.532876968383789,-17.12662696838379,-16.51455307006836,-12.76455307006836,-13.97061538696289,-14.28311538696289,128
train,1,The sleepy dogs,The sleepy dog,-12.76455307006836,-16.51455307006836,-17.12662696838379,-13.532876968383789,-14.520151138305664,-15.457651138305664,128
train,0,The sleepy whale,The sleepy whales,-11.775815963745117,-13.713315963745117,-14.595839500427246,-10.908339500427246,-12.564220428466797,-11.939220428466797,128
train,1,The sleepy whales,The sleepy whale,-10.908339500427246,-14.595839500427246,-13.713315963745117,-11.775815963745117,-11.763015747070312,-13.950515747070312,128
train,0,The sleepy dog,The sleepy dogs,-12.032876968383789,-13.220376968383789,-14.95205307006836,-11.51455307006836,-12.65811538696289,-12.78311538696289,128
train,1,The sleepy dogs,The sleepy dog,-11.51455307006836,-14.95205307006836,-13.220376968383789,-12.032876968383789,-12.270151138305664,-14.020151138305664,128
train,0,The sleepy cock,The sleepy cocks,-18.03460121154785,-18.65960121154785,-16.4310302734375,-14.368529319763184,-15.005556106567383,-14.693056106567383,128
train,1,The sleepy cocks,The sleepy cock,-14.368529319763184,-16.4310302734375,-18.65960121154785,-18.03460121154785,-17.40557861328125,-18.31182861328125,128
train,0,The sleepy rat,The sleepy rats,-13.959307670593262,-16.959308624267578,-16.916349411010742,-13.197600364685059,-14.972766876220703,-14.972766876220703,128
train,1,The sleepy rats,The sleepy rat,-13.197600364685059,-16.916349411010742,-16.959308624267578,-13.959307670593262,-14.595063209533691,-16.470064163208008,128
train,0,The sleepy dolphin,The sleepy dolphins,-10.533825874328613,-11.721325874328613,-13.457436561584473,-11.832436561584473,-12.031941413879395,-11.844441413879395,128
train,1,The sleepy dolphins,The sleepy dolphin,-11.832436561584473,-13.457436561584473,-11.721325874328613,-10.533825874328613,-11.435349464416504,-12.122849464416504,128
train,0,The quiet whale,The quiet whales,-14.413850784301758,-16.038850784301758,-16.42964744567871,-14.054647445678711,-14.531330108642578,-15.531330108642578,128
train,1,The quiet whales,The quiet whale,-14.054647445678711,-16.42964744567871,-16.038850784301758,-14.413850784301758,-14.632644653320312,-15.882644653320312,128
train,0,The sleepy pup,The sleepy pups,-13.516759872436523,-17.360509872436523,-17.26341438293457,-13.388413429260254,-14.309942245483398,-14.934942245483398,128
train,1,The sleepy pups,The sleepy pup,-13.388413429260254,-17.26341438293457,-17.360509872436523,-13.516759872436523,-15.405513763427734,-15.405513763427734,128
train,0,The calm rabbit,The calm rabbits,-14.24828815460205,-17.904539108276367,-16.918455123901367,-13.57470417022705,-14.595301628112793,-15.282801628112793,128
train,1,The calm rabbits,The calm rabbit,-13.57470417022705,-16.918455123901367,-17.904539108276367,-14.24828815460205,-15.027839660644531,-16.52783966064453,128
train,0,The quiet shark,The quiet sharks,-12.177855491638184,-12.365355491638184,-14.428387641906738,-10.928387641906738,-13.247718811035156,-12.372718811035156,128
train,1,The quiet sharks,The quiet shark,-10.928387641906738,-14.428387641906738,-12.365355491638184,-12.177855491638184,-11.355622291564941,-13.980622291564941,128
train,0,The bright rat,The bright rats,-10.665314674377441,-11.415314674377441,-13.55578327178955,-11.36828327178955,-12.468669891357422,-12.343669891357422,128
train,1,The bright rats,The bright rat,-11.36828327178955,-13.55578327178955,-11.415314674377441,-10.665314674377441,-11.400394439697266,-12.275394439697266,128
train,0,The nervous pup,The nervous pups,-11.96979808807373,-12.46979808807373,-16.795761108398438,-12.983262062072754,-15.06675910949707,-13.69175910949707,128
train,1,The nervous pups,The nervous pup,-12.983262062072754,-16.795761108398438,-12.46979808807373,-11.96979808807373,-11.423888206481934,-12.486388206481934,128
train,0,The fuzzy rat,The fuzzy rats,-15.249907493591309,-17.062406539916992,-18.5030574798584,-15.596806526184082,-16.833694458007812,-17.208694458007812,128
train,1,The fuzzy rats,The fuzzy rat,-15.596806526184082,-18.5030574798584,-17.062406539916992,-15.249907493591309,-16.321680068969727,-17.946680068969727,128
train,0,The slender shark,The slender sharks,-13.111505508422852,-16.51775550842285,-16.360458374023438,-13.547958374023438,-14.07967758178711,-15.45467758178711,128
train,1,The slender sharks,The slender shark,-13.547958374023438,-16.360458374023438,-16.51775550842285,-13.111505508422852,-14.386533737182617,-15.324033737182617,128
train,0,The timid pup,The timid pups,-3.477125406265259,-10.41462516784668,-7.899830341339111,-2.1498303413391113,-3.80458927154541,-3.80458927154541,128
train,1,The timid pups,The timid pup,-2.1498303413391113,-7.899830341339111,-10.41462516784668,-3.477125406265259,-3.6784896850585938,-5.803489685058594,128
train,0,The nervous pup,The nervous pups,-10.40729808807373,-13.59479808807373,-13.295762062072754,-11.295762062072754,-11.87925910949707,-13.06675910949707,128
train,1,The nervous pups,The nervous pup,-11.295762062072754,-13.295762062072754,-13.59479808807373,-10.40729808807373,-11.611388206481934,-11.111388206481934,128
train,0,The calm pup,The calm pups,-9.635581016540527,-12.385581016540527,-13.321813583374023,-9.384313583374023,-10.916871070861816,-11.229371070861816,128
train,1,The calm pups,The calm pup,-9.384313583374023,-13.321813583374023,-12.385581016540527,-9.635581016540527,-9.234025001525879,-10.796525001525879,128
train,0,The small turtle,The small turtles,-14.522774696350098,-16.960275650024414,-14.90501880645752,-10.90501880645752,-13.431541442871094,-13.056541442871094,128
train,1,The small turtles,The small turtle,-10.90501880645752,-14.90501880645752,-16.960275650024414,-14.522774696350098,-14.584403991699219,-16.02190399169922,128
test,0,The clever [wug],The clever [wugs],-16.41451644897461,-17.03951644897461,-16.547548294067383,-14.797548294067383,-16.061630249023438,-15.249130249023438,128
test,1,The clever [wugs],The clever [wug],-14.797548294067383,-16.547548294067383,-17.03951644897461,-16.41451644897461,-16.696914672851562,-16.946914672851562,128
test,0,The sturdy [wug],The sturdy [wugs],-15.93281078338623,-17.370311737060547,-15.870512962341309,-13.683012962341309,-14.724281311035156,-15.161781311035156,128
test,1,The sturdy [wugs],The sturdy [wug],-13.683012962341309,-15.870512962341309,-17.370311737060547,-15.93281078338623,-17.250911712646484,-17.532161712646484,128
test,0,The bold [wug],The bold [wugs],-14.367531776428223,-17.055030822753906,-15.510492324829102,-14.322992324829102,-14.260157585144043,-15.760157585144043,128
test,1,The bold [wugs],The bold [wug],-14.322992324829102,-15.510492324829102,-17.055030822753906,-14.367531776428223,-15.396500587463379,-15.584000587463379,128
test,0,The shy [wug],The shy [wugs],-13.29792308807373,-13.67292308807373,-16.454986572265625,-14.204986572265625,-12.713461875915527,-11.900961875915527,128
test,1,The shy [wugs],The shy [wug],-14.204986572265625,-16.454986572265625,-13.67292308807373,-13.29792308807373,-14.0189208984375,-14.7064208984375,128
test,0,The clumsy [wug],The clumsy [wugs],-12.850075721740723,-16.16257667541504,-17.05850601196289,-16.24600601196289,-15.446599960327148,-17.25909996032715,128
test,1,The clumsy [wugs],The clumsy [wug],-16.24600601196289,-17.05850601196289,-16.16257667541504,-12.850075721740723,-15.281797409057617,-13.906797409057617,128
test,0,The clumsy [wug],The clumsy [wugs],-14.537575721740723,-12.537575721740723,-16.12100601196289,-13.933505058288574,-15.196599960327148,-13.821599960327148,128
test,1,The clumsy [wugs],The clumsy [wug],-13.933505058288574,-16.12100601196289,-12.537575721740723,-14.537575721740723,-12.281797409057617,-15.094297409057617,128
test,0,The gentle [wug],The gentle [wugs],-16.993572235107422,-18.556072235107422,-15.068437576293945,-14.755937576293945,-14.856158256530762,-15.106158256530762,128
test,1,The gentle [wugs],The gentle [wug],-14.755937576293945,-15.068437576293945,-18.556072235107422,-16.993572235107422,-18.12835121154785,-17.22210121154785,128
test,0,The clumsy [wug],The clumsy [wugs],-15.725075721740723,-14.350075721740723,-17.30850601196289,-14.308505058288574,-16.07159996032715,-14.571599960327148,128
test,1,The clumsy [wugs],The clumsy [wug],-14.308505058288574,-17.30850601196289,-14.350075721740723,-15.725075721740723,-15.031797409057617,-17.031797409057617,128
test,0,The lively [wug],The lively [wugs],-12.89426040649414,-14.20676040649414,-12.655768394470215,-12.530768394470215,-10.519612312316895,-11.332112312316895,128
test,1,The lively [wugs],The lively [wug],-12.530768394470215,-12.655768394470215,-14.20676040649414,-12.89426040649414,-14.211676597595215,-14.086676597595215,128
test,0,The shy [wug],The shy [wugs],-16.110424041748047,-15.92292308807373,-17.673736572265625,-16.642486572265625,-16.213462829589844,-15.525961875915527,128
test,1,The shy [wugs],The shy [wug],-16.642486572265625,-17.673736572265625,-15.92292308807373,-16.110424041748047,-16.5189208984375,-17.0189208984375,128
test,0,The shy [wug],The shy [wugs],-12.48542308807373,-16.797924041748047,-14.829986572265625,-14.079986572265625,-11.275961875915527,-13.775961875915527,128
test,1,The shy [wugs],The shy [wug],-14.079986572265625,-14.829986572265625,-16.797924041748047,-12.48542308807373,-15.8939208984375,-13.6439208984375,128
test,0,The graceful [wug],The graceful [wugs],-18.02096176147461,-17.77096176147461,-18.184383392333984,-16.684383392333984,-17.231250762939453,-17.481250762939453,128
test,1,The graceful [wugs],The graceful [wug],-16.684383392333984,-18.184383392333984,-17.77096176147461,-18.02096176147461,-16.91421127319336,-18.86733627319336,128
test,0,The curious [wug],The curious [wugs],-11.598392486572266,-15.848392486572266,-14.199797630310059,-13.887297630310059,-11.52236270904541,-14.52236270904541,128
test,1,The curious [wugs],The curious [wug],-13.887297630310059,-14.199797630310059,-15.848392486572266,-11.598392486572266,-15.043570518493652,-12.606070518493652,128
test,0,The fierce [wug],The fierce [wugs],-14.516195297241211,-16.39119529724121,-16.693866729736328,-14.568866729736328,-14.99140453338623,-13.92890453338623,128
test,1,The fierce [wugs],The fierce [wug],-14.568866729736328,-16.693866729736328,-16.39119529724121,-14.516195297241211,-16.70416831970215,-15.829168319702148,128
test,0,The curious [wug],The curious [wugs],-13.410892486572266,-16.660892486572266,-16.387298583984375,-16.512298583984375,-13.77236270904541,-16.397363662719727,128
test,1,The curious [wugs],The curious [wug],-16.512298583984375,-16.387298583984375,-16.660892486572266,-13.410892486572266,-16.543569564819336,-14.731070518493652,128
test,0,The shy [wug],The shy [wugs],-11.42292308807373,-11.29792308807373,-15.329986572265625,-13.892486572265625,-11.463461875915527,-11.338461875915527,128
test,1,The shy [wugs],The shy [wug],-13.892486572265625,-15.329986572265625,-11.29792308807373,-11.42292308807373,-12.1439208984375,-13.3314208984375,128
test,0,The gentle [wug],The gentle [wugs],-12.962321281433105,-13.649821281433105,-13.818437576293945,-12.818437576293945,-12.762408256530762,-12.637408256530762,128
test,1,The gentle [wugs],The gentle [wug],-12.818437576293945,-13.818437576293945,-13.649821281433105,-12.962321281433105,-13.378351211547852,-13.503351211547852,128
test,0,The wary [wug],The wary [wugs],-14.676626205444336,-16.739126205444336,-14.088735580444336,-12.463735580444336,-13.66585636138916,-13.54085636138916,128
test,1,The wary [wugs],The wary [wug],-12.463735580444336,-14.088735580444336,-16.739126205444336,-14.676626205444336,-16.789819717407227,-15.914820671081543,128
test,0,The clumsy [wug],The clumsy [wugs],-15.225075721740723,-15.787575721740723,-16.30850601196289,-15.808505058288574,-15.509099960327148,-15.509099960327148,128
test,1,The clumsy [wugs],The clumsy [wug],-15.808505058288574,-16.30850601196289,-15.787575721740723,-15.225075721740723,-16.156797409057617,-16.094297409057617,128
test,0,The gentle [wug],The gentle [wugs],-14.587321281433105,-15.524821281433105,-16.912187576293945,-14.880937576293945,-15.918658256530762,-14.699908256530762,128
test,1,The gentle [wugs],The gentle [wug],-14.880937576293945,-16.912187576293945,-15.524821281433105,-14.587321281433105,-15.065851211547852,-14.940851211547852,128
test,0,The shy [wug],The shy [wugs],-13.73542308807373,-16.172924041748047,-17.204986572265625,-17.329986572265625,-14.713461875915527,-16.494712829589844,128
test,1,The shy [wugs],The shy [wug],-17.329986572265625,-17.204986572265625,-16.172924041748047,-13.73542308807373,-16.0189208984375,-14.9564208984375,128
test,0,The tiny [wug],The tiny [wugs],-12.755499839782715,-16.3179988861084,-15.169227600097656,-14.044227600097656,-12.039901733398438,-14.227401733398438,128
test,1,The tiny [wugs],The tiny [wug],-14.044227600097656,-15.169227600097656,-16.3179988861084,-12.755499839782715,-16.009010314941406,-14.571510314941406,128
test,0,The restless [wug],The restless [wugs],-17.401506423950195,-16.964006423950195,-16.69340705871582,-13.75590705871582,-15.89288330078125,-14.83038330078125,128
test,1,The restless [wugs],The restless [wug],-13.75590705871582,-16.69340705871582,-16.964006423950195,-17.401506423950195,-16.652301788330078,-18.371051788330078,128
test,0,The fierce [wug],The fierce [wugs],-12.828695297241211,-16.89119529724121,-16.443866729736328,-17.693866729736328,-14.55390453338623,-17.272653579711914,128
test,1,The fierce [wugs],The fierce [wug],-17.693866729736328,-16.443866729736328,-16.89119529724121,-12.828695297241211,-17.57916831970215,-14.391668319702148,128
test,0,The restless [wug],The restless [wugs],-17.151506423950195,-17.026506423950195,-16.13090705871582,-13.00590705871582,-15.76788330078125,-14.14288330078125,128
test,1,The restless [wugs],The restless [wug],-13.00590705871582,-16.13090705871582,-17.026506423950195,-17.151506423950195,-16.152301788330078,-17.902301788330078,128
test,0,The round [wug],The round [wugs],-12.828144073486328,-13.390644073486328,-15.896923065185547,-15.771923065185547,-14.797866821289062,-15.610366821289062,128
test,1,The round [wugs],The round [wug],-15.771923065185547,-15.896923065185547,-13.390644073486328,-12.828144073486328,-13.229328155517578,-13.416828155517578,128
test,0,The clumsy [wug],The clumsy [wugs],-15.162575721740723,-17.53757667541504,-15.621005058288574,-15.183505058288574,-14.384099960327148,-15.571599960327148,128
test,1,The clumsy [wugs],The clumsy [wug],-15.183505058288574,-15.621005058288574,-17.53757667541504,-15.162575721740723,-17.219297409057617,-15.906797409057617,128
test,0,The shy [wug],The shy [wugs],-16.547924041748047,-16.672924041748047,-17.829986572265625,-17.267486572265625,-15.588461875915527,-16.244712829589844,128
test,1,The shy [wugs],The shy [wug],-17.267486572265625,-17.829986572265625,-16.672924041748047,-16.547924041748047,-17.0814208984375,-17.9564208984375,128
test,0,The gentle [wug],The gentle [wugs],-14.837321281433105,-15.399821281433105,-15.787187576293945,-14.755937576293945,-15.262408256530762,-14.449908256530762,128
test,1,The gentle [wugs],The gentle [wug],-14.755937576293945,-15.787187576293945,-15.399821281433105,-14.837321281433105,-15.253351211547852,-15.565851211547852,128
test,0,The bold [wug],The bold [wugs],-19.492530822753906,-20.773780822753906,-17.3854923248291,-16.5104923248291,-16.072656631469727,-17.510156631469727,128
test,1,The bold [wugs],The bold [wug],-16.5104923248291,-17.3854923248291,-20.773780822753906,-19.492530822753906,-19.771501541137695,-20.271501541137695,128
test,0,The sturdy [wug],The sturdy [wugs],-16.182811737060547,-17.307811737060547,-16.089262008666992,-14.058012962341309,-15.036781311035156,-13.599281311035156,128
test,1,The sturdy [wugs],The sturdy [wug],-14.058012962341309,-16.089262008666992,-17.307811737060547,-16.182811737060547,-17.438411712646484,-17.344661712646484,128
test,0,The graceful [wug],The graceful [wugs],-16.02096176147461,-13.67721176147461,-16.528133392333984,-13.2781343460083,-15.981249809265137,-13.231249809265137,128
test,1,The graceful [wugs],The graceful [wug],-13.2781343460083,-16.528133392333984,-13.67721176147461,-16.02096176147461,-13.75796127319336,-16.35171127319336,128
test,0,The fierce [wug],The fierce [wugs],-15.203695297241211,-16.57869529724121,-15.131366729736328,-15.256366729736328,-13.92890453338623,-14.55390453338623,128
test,1,The fierce [wugs],The fierce [wug],-15.256366729736328,-15.131366729736328,-16.57869529724121,-15.203695297241211,-16.51666831970215,-15.829168319702148,128
test,0,The curious [wug],The curious [wugs],-17.723392486572266,-17.442142486572266,-18.293548583984375,-16.949798583984375,-17.022363662719727,-16.147363662719727,128
test,1,The curious [wugs],The curious [wug],-16.949798583984375,-18.293548583984375,-17.442142486572266,-17.723392486572266,-17.481069564819336,-18.606069564819336,128
test,0,The shy [wug],The shy [wugs],-13.11042308807373,-12.29792308807373,-16.642486572265625,-13.579986572265625,-14.088461875915527,-12.400961875915527,128
test,1,The shy [wugs],The shy [wug],-13.579986572265625,-16.642486572265625,-12.29792308807373,-13.11042308807373,-12.8939208984375,-14.7689208984375,128
test,0,The clever [wug],The clever [wugs],-15.78951644897461,-18.16451644897461,-17.422548294067383,-15.985048294067383,-15.936630249023438,-18.030380249023438,128
test,1,The clever [wugs],The clever [wug],-15.985048294067383,-17.422548294067383,-18.16451644897461,-15.78951644897461,-17.571914672851562,-16.696914672851562,128
test,0,The fierce [wug],The fierce [wugs],-15.578695297241211,-14.766195297241211,-16.506366729736328,-13.818866729736328,-15.30390453338623,-13.36640453338623,128
test,1,The fierce [wugs],The fierce [wug],-13.818866729736328,-16.506366729736328,-14.766195297241211,-15.578695297241211,-15.266668319702148,-16.26666831970215,128
test,0,The lively [wug],The lively [wugs],-15.26926040649414,-16.39426040649414,-12.968268394470215,-11.093268394470215,-11.394612312316895,-11.207112312316895,128
test,1,The lively [wugs],The lively [wug],-11.093268394470215,-12.968268394470215,-16.39426040649414,-15.26926040649414,-16.6491756439209,-16.8366756439209,128
test,0,The clumsy [wug],The clumsy [wugs],-15.287575721740723,-17.22507667541504,-17.74600601196289,-15.808505058288574,-15.759099960327148,-17.54034996032715,128
test,1,The clumsy [wugs],The clumsy [wug],-15.808505058288574,-17.74600601196289,-17.22507667541504,-15.287575721740723,-16.344297409057617,-16.219297409057617,128
test,0,The bold [wug],The bold [wugs],-17.367530822753906,-20.211280822753906,-16.7604923248291,-15.822992324829102,-15.635157585144043,-17.447656631469727,128
test,1,The bold [wugs],The bold [wug],-15.822992324829102,-16.7604923248291,-20.211280822753906,-17.367530822753906,-18.584001541137695,-18.584001541137695,128
test,0,The restless [wug],The restless [wugs],-14.276507377624512,-14.839007377624512,-14.44340705871582,-13.38090705871582,-14.20538330078125,-14.76788330078125,128
test,1,The restless [wugs],The restless [wug],-13.38090705871582,-14.44340705871582,-14.839007377624512,-14.276507377624512,-14.339801788330078,-15.214801788330078,128
test,0,The graceful [wug],The graceful [wugs],-11.80221176147461,-12.05221176147461,-15.0906343460083,-12.5906343460083,-15.543749809265137,-13.731249809265137,128
test,1,The graceful [wugs],The graceful [wug],-12.5906343460083,-15.0906343460083,-12.05221176147461,-11.80221176147461,-10.88296127319336,-12.13296127319336,128
test,0,The round [wug],The round [wugs],-13.765644073486328,-15.328144073486328,-16.459423065185547,-15.271923065185547,-14.922866821289062,-16.547866821289062,128
test,1,The round [wugs],The round [wug],-15.271923065185547,-16.459423065185547,-15.328144073486328,-13.765644073486328,-14.604328155517578,-14.541828155517578,128
test,0,The fierce [wug],The fierce [wugs],-15.828695297241211,-16.64119529724121,-17.318866729736328,-15.318866729736328,-15.58515453338623,-16.053903579711914,128
test,1,The fierce [wugs],The fierce [wug],-15.318866729736328,-17.318866729736328,-16.64119529724121,-15.828695297241211,-16.32916831970215,-17.01666831970215,128
test,0,The strange [wug],The strange [wugs],-13.876282691955566,-14.876282691955566,-15.887946128845215,-15.012946128845215,-14.894795417785645,-15.394795417785645,128
test,1,The strange [wugs],The strange [wug],-15.012946128845215,-15.887946128845215,-14.876282691955566,-13.876282691955566,-14.75007438659668,-14.81257438659668,128
test,0,The lively [wug],The lively [wugs],-14.14426040649414,-15.89426040649414,-14.468268394470215,-13.405768394470215,-13.019612312316895,-14.144612312316895,128
test,1,The lively [wugs],The lively [wug],-13.405768394470215,-14.468268394470215,-15.89426040649414,-14.14426040649414,-15.899176597595215,-15.524176597595215,128
test,0,The sturdy [wug],The sturdy [wugs],-13.37031078338623,-19.026561737060547,-14.558012962341309,-14.995512962341309,-12.161781311035156,-15.724281311035156,128
test,1,The sturdy [wugs],The sturdy [wug],-14.995512962341309,-14.558012962341309,-19.026561737060547,-13.37031078338623,-19.000911712646484,-14.9384126663208,128
test,0,The sturdy [wug],The sturdy [wugs],-13.68281078338623,-16.807811737060547,-14.183012962341309,-12.558012962341309,-12.786781311035156,-13.974281311035156,128
test,1,The sturdy [wugs],The sturdy [wug],-12.558012962341309,-14.183012962341309,-16.807811737060547,-13.68281078338623,-16.688411712646484,-14.7509126663208,128
test,0,The wary [wug],The wary [wugs],-14.926626205444336,-16.707876205444336,-14.307485580444336,-14.494985580444336,-14.41585636138916,-16.009605407714844,128
test,1,The wary [wugs],The wary [wug],-14.494985580444336,-14.307485580444336,-16.707876205444336,-14.926626205444336,-16.039819717407227,-15.352320671081543,128
test,0,The clever [wug],The clever [wugs],-15.03951644897461,-19.88326644897461,-16.860048294067383,-17.422548294067383,-15.686630249023438,-18.842880249023438,128
test,1,The clever [wugs],The clever [wug],-17.422548294067383,-16.860048294067383,-19.88326644897461,-15.03951644897461,-20.165664672851562,-16.696914672851562,128
test,0,The lively [wug],The lively [wugs],-18.36301040649414,-16.33176040649414,-16.9057674407959,-13.718268394470215,-15.832112312316895,-13.457112312316895,128
test,1,The lively [wugs],The lively [wug],-13.718268394470215,-16.9057674407959,-16.33176040649414,-18.36301040649414,-17.0241756439209,-19.5241756439209,128
test,0,The lively [wug],The lively [wugs],-17.14426040649414,-17.20676040649414,-14.718268394470215,-14.280768394470215,-13.832112312316895,-14.082112312316895,128
test,1,The lively [wugs],The lively [wug],-14.280768394470215,-14.718268394470215,-17.20676040649414,-17.14426040649414,-17.4616756439209,-18.1491756439209,128
test,0,The tiny [wug],The tiny [wugs],-17.0679988861084,-16.8179988861084,-15.669227600097656,-13.669227600097656,-13.727401733398438,-12.477401733398438,128
test,1,The tiny [wugs],The tiny [wug],-13.669227600097656,-15.669227600097656,-16.8179988861084,-17.0679988861084,-17.821510314941406,-18.884010314941406,128
test,0,The shy [wug],The shy [wugs],-13.86042308807373,-15.29792308807373,-17.329986572265625,-15.517486572265625,-15.307211875915527,-14.400961875915527,128
test,1,The shy [wugs],The shy [wug],-15.517486572265625,-17.329986572265625,-15.29792308807373,-13.86042308807373,-15.7689208984375,-15.5189208984375,128
test,0,The wary [wug],The wary [wugs],-11.989126205444336,-14.489126205444336,-14.963735580444336,-12.651235580444336,-15.57210636138916,-14.54085636138916,128
test,1,The wary [wugs],The wary [wug],-12.651235580444336,-14.963735580444336,-14.489126205444336,-11.989126205444336,-13.352320671081543,-12.602320671081543,128
test,0,The spotted [wug],The spotted [wugs],-15.236682891845703,-14.424182891845703,-25.04540252685547,-21.15868377685547,-24.172521591186523,-19.860021591186523,128
test,1,The spotted [wugs],The spotted [wug],-21.15868377685547,-25.04540252685547,-14.424182891845703,-15.236682891845703,-15.023569107055664,-15.586069107055664,128
test,0,The strange [wug],The strange [wugs],-13.688782691955566,-15.251282691955566,-16.20044708251953,-14.512946128845215,-14.832295417785645,-15.332295417785645,128
test,1,The strange [wugs],The strange [wug],-14.512946128845215,-16.20044708251953,-15.251282691955566,-13.688782691955566,-14.56257438659668,-15.12507438659668,128
test,0,The tiny [wug],The tiny [wugs],-15.505499839782715,-18.1304988861084,-16.481727600097656,-13.856727600097656,-14.571151733398438,-12.727401733398438,128
test,1,The tiny [wugs],The tiny [wug],-13.856727600097656,-16.481727600097656,-18.1304988861084,-15.505499839782715,-18.509010314941406,-17.134010314941406,128
test,0,The shy [wug],The shy [wugs],-12.92292308807373,-15.48542308807373,-17.673736572265625,-16.079986572265625,-15.463461875915527,-15.369711875915527,128
test,1,The shy [wugs],The shy [wug],-16.079986572265625,-17.673736572265625,-15.48542308807373,-12.92292308807373,-15.2064208984375,-14.3939208984375,128
test,0,The wary [wug],The wary [wugs],-11.114126205444336,-13.801626205444336,-13.401235580444336,-10.963735580444336,-12.10335636138916,-12.10335636138916,128
test,1,The wary [wugs],The wary [wug],-10.963735580444336,-13.401235580444336,-13.801626205444336,-11.114126205444336,-13.727320671081543,-12.727320671081543,128
test,0,The shy [wug],The shy [wugs],-13.23542308807373,-15.29792308807373,-13.392486572265625,-11.642486572265625,-10.838461875915527,-11.650961875915527,128
test,1,The shy [wugs],The shy [wug],-11.642486572265625,-13.392486572265625,-15.29792308807373,-13.23542308807373,-15.1439208984375,-14.7689208984375,128
test,0,The strange [wug],The strange [wugs],-13.876282691955566,-17.59503173828125,-16.07544708251953,-16.07544708251953,-15.019795417785645,-16.95729637145996,128
test,1,The strange [wugs],The strange [wug],-16.07544708251953,-16.07544708251953,-17.59503173828125,-13.876282691955566,-17.37507438659668,-14.93757438659668,128
test,0,The graceful [wug],The graceful [wugs],-13.86471176147461,-13.98971176147461,-14.3406343460083,-11.2781343460083,-13.418749809265137,-12.168749809265137,128
test,1,The graceful [wugs],The graceful [wug],-11.2781343460083,-14.3406343460083,-13.98971176147461,-13.86471176147461,-13.63296127319336,-14.07046127319336,128
test,0,The restless [wug],The restless [wugs],-13.276507377624512,-16.151506423950195,-17.19340705871582,-15.56840705871582,-15.45538330078125,-16.86163330078125,128
test,1,The restless [wugs],The restless [wug],-15.56840705871582,-17.19340705871582,-16.151506423950195,-13.276507377624512,-14.652301788330078,-14.589801788330078,128
test,0,The clumsy [wug],The clumsy [wugs],-15.350075721740723,-15.975075721740723,-15.683505058288574,-13.933505058288574,-14.071599960327148,-13.821599960327148,128
test,1,The clumsy [wugs],The clumsy [wug],-13.933505058288574,-15.683505058288574,-15.975075721740723,-15.350075721740723,-16.656797409057617,-16.719297409057617,128
test,0,The fierce [wug],The fierce [wugs],-14.141195297241211,-14.766195297241211,-15.318866729736328,-12.381366729736328,-14.05390453338623,-12.36640453338623,128
test,1,The fierce [wugs],The fierce [wug],-12.381366729736328,-15.318866729736328,-14.766195297241211,-14.141195297241211,-14.891668319702148,-15.391668319702148,128
test,0,The curious [wug],The curious [wugs],-21.348392486572266,-19.723392486572266,-19.418548583984375,-15.637297630310059,-17.553613662719727,-14.95986270904541,128
test,1,The curious [wugs],The curious [wug],-15.637297630310059,-19.418548583984375,-19.723392486572266,-21.348392486572266,-19.637319564819336,-22.434194564819336,128
test,0,The lively [wug],The lively [wugs],-13.45676040649414,-15.26926040649414,-12.843268394470215,-11.968268394470215,-12.019612312316895,-12.644612312316895,128
test,1,The lively [wugs],The lively [wug],-11.968268394470215,-12.843268394470215,-15.26926040649414,-13.45676040649414,-14.774176597595215,-13.899176597595215,128
test,0,The spotted [wug],The spotted [wugs],-16.236682891845703,-16.486682891845703,-19.07665252685547,-19.47509002685547,-19.828771591186523,-18.766271591186523,128
test,1,The spotted [wugs],The spotted [wug],-19.47509002685547,-19.07665252685547,-16.486682891845703,-16.236682891845703,-16.179819107055664,-16.023569107055664,128
test,0,The clever [wug],The clever [wugs],-15.97701644897461,-17.85201644897461,-16.360048294067383,-15.110048294067383,-14.936630249023438,-15.811630249023438,128
test,1,The clever [wugs],The clever [wug],-15.110048294067383,-16.360048294067383,-17.85201644897461,-15.97701644897461,-17.759414672851562,-17.196914672851562,128
test,0,The clumsy [wug],The clumsy [wugs],-12.162575721740723,-15.287575721740723,-15.371005058288574,-14.621005058288574,-13.946599960327148,-15.884099960327148,128
test,1,The clumsy [wugs],The clumsy [wug],-14.621005058288574,-15.371005058288574,-15.287575721740723,-12.162575721740723,-15.156797409057617,-13.219297409057617,128
test,0,The restless [wug],The restless [wugs],-7.5890069007873535,-13.276507377624512,-10.69340705871582,-7.75590705871582,-8.14288330078125,-9.76788330078125,128
test,1,The restless [wugs],The restless [wug],-7.75590705871582,-10.69340705871582,-13.276507377624512,-7.5890069007873535,-9.589801788330078,-9.214801788330078,128
test,0,The tiny [wug],The tiny [wugs],-13.317999839782715,-16.6304988861084,-13.981727600097656,-12.731727600097656,-11.789901733398438,-13.664901733398438,128
test,1,The tiny [wugs],The tiny [wug],-12.731727600097656,-13.981727600097656,-16.6304988861084,-13.317999839782715,-16.259010314941406,-14.884010314941406,128
test,0,The round [wug],The round [wugs],-15.265644073486328,-13.765644073486328,-17.521923065185547,-15.771923065185547,-16.797866821289062,-16.172866821289062,128
test,1,The round [wugs],The round [wug],-15.771923065185547,-17.521923065185547,-13.765644073486328,-15.265644073486328,-13.166828155517578,-15.666828155517578,128
test,0,The gentle [wug],The gentle [wugs],-16.212322235107422,-16.274822235107422,-14.818437576293945,-14.193437576293945,-14.137408256530762,-13.824908256530762,128
test,1,The gentle [wugs],The gentle [wug],-14.193437576293945,-14.818437576293945,-16.274822235107422,-16.212322235107422,-16.12835121154785,-16.65960121154785,128
test,0,The clumsy [wug],The clumsy [wugs],-12.787575721740723,-15.600075721740723,-14.371005058288574,-13.371005058288574,-12.884099960327148,-14.071599960327148,128
test,1,The clumsy [wugs],The clumsy [wug],-13.371005058288574,-14.371005058288574,-15.600075721740723,-12.787575721740723,-15.531797409057617,-13.969297409057617,128
test,0,The clever [wug],The clever [wugs],-13.66451644897461,-15.72701644897461,-15.235048294067383,-12.547548294067383,-13.624130249023438,-13.749130249023438,128
test,1,The clever [wugs],The clever [wug],-12.547548294067383,-15.235048294067383,-15.72701644897461,-13.66451644897461,-15.196914672851562,-14.321914672851562,128
test,0,The fierce [wug],The fierce [wugs],-13.141195297241211,-16.45369529724121,-14.881366729736328,-13.693866729736328,-12.92890453338623,-14.55390453338623,128
test,1,The fierce [wugs],The fierce [wug],-13.693866729736328,-14.881366729736328,-16.45369529724121,-13.141195297241211,-16.32916831970215,-14.266668319702148,128
test,0,The clumsy [wug],The clumsy [wugs],-13.475075721740723,-16.22507667541504,-16.12100601196289,-15.621005058288574,-14.946599960327148,-15.884099960327148,128
test,1,The clumsy [wugs],The clumsy [wug],-15.621005058288574,-16.12100601196289,-16.22507667541504,-13.475075721740723,-15.906797409057617,-14.281797409057617,128
test,0,The shy [wug],The shy [wugs],-16.485424041748047,-17.454174041748047,-15.017486572265625,-14.017486572265625,-12.838461875915527,-13.025961875915527,128
test,1,The shy [wugs],The shy [wug],-14.017486572265625,-15.017486572265625,-17.454174041748047,-16.485424041748047,-18.3314208984375,-18.0501708984375,128
test,0,The tiny [wug],The tiny [wugs],-16.1929988861084,-18.3492488861084,-13.669227600097656,-13.044227600097656,-12.539901733398438,-13.102401733398438,128
test,1,The tiny [wugs],The tiny [wug],-13.044227600097656,-13.669227600097656,-18.3492488861084,-16.1929988861084,-18.321510314941406,-16.946510314941406,128
test,0,The gentle [wug],The gentle [wugs],-11.899821281433105,-13.212321281433105,-14.318437576293945,-14.318437576293945,-13.762408256530762,-14.387408256530762,128
test,1,The gentle [wugs],The gentle [wug],-14.318437576293945,-14.318437576293945,-13.212321281433105,-11.899821281433105,-12.503351211547852,-11.940851211547852,128
test,0,The clumsy [wug],The clumsy [wugs],-14.162575721740723,-13.912575721740723,-17.12100601196289,-14.621005058288574,-15.259099960327148,-15.071599960327148,128
test,1,The clumsy [wugs],The clumsy [wug],-14.621005058288574,-17.12100601196289,-13.912575721740723,-14.162575721740723,-13.906797409057617,-15.469297409057617,128
test,0,The clumsy [wug],The clumsy [wugs],-4.850076198577881,-12.537575721740723,-8.996005058288574,-6.996005535125732,-6.759099960327148,-11.134099960327148,128
test,1,The clumsy [wugs],The clumsy [wug],-6.996005535125732,-8.996005058288574,-12.537575721740723,-4.850076198577881,-9.031797409057617,-5.906797885894775,128
test,0,The fierce [wug],The fierce [wugs],-12.891195297241211,-13.953695297241211,-15.193866729736328,-14.193866729736328,-13.80390453338623,-14.17890453338623,128
test,1,The fierce [wugs],The fierce [wug],-14.193866729736328,-15.193866729736328,-13.953695297241211,-12.891195297241211,-14.016668319702148,-13.829168319702148,128
test,0,The wary [wug],The wary [wugs],-10.489126205444336,-15.176626205444336,-15.151235580444336,-16.776235580444336,-14.35335636138916,-17.228355407714844,128
test,1,The wary [wugs],The wary [wug],-16.776235580444336,-15.151235580444336,-15.176626205444336,-10.489126205444336,-15.477320671081543,-11.727320671081543,128
test,0,The curious [wug],The curious [wugs],-15.348392486572266,-15.348392486572266,-18.606048583984375,-16.324798583984375,-17.241113662719727,-15.64736270904541,128
test,1,The curious [wugs],The curious [wug],-16.324798583984375,-18.606048583984375,-15.348392486572266,-15.348392486572266,-15.293570518493652,-16.418569564819336,128
test,0,The shy [wug],The shy [wugs],-6.360423564910889,-12.29792308807373,-10.267486572265625,-8.329986572265625,-7.213461875915527,-9.088461875915527,128
test,1,The shy [wugs],The shy [wug],-8.329986572265625,-10.267486572265625,-12.29792308807373,-6.360423564910889,-10.0814208984375,-7.9564208984375,128
test,0,The lively [wug],The lively [wugs],-14.64426040649414,-13.26926040649414,-15.718268394470215,-13.593268394470215,-13.269612312316895,-12.269612312316895,128
test,1,The lively [wugs],The lively [wug],-13.593268394470215,-15.718268394470215,-13.26926040649414,-14.64426040649414,-13.399176597595215,-15.899176597595215,128
test,0,The graceful [wug],The graceful [wugs],-12.36471176147461,-12.55221176147461,-16.028133392333984,-15.5593843460083,-14.918749809265137,-14.699999809265137,128
test,1,The graceful [wugs],The graceful [wug],-15.5593843460083,-16.028133392333984,-12.55221176147461,-12.36471176147461,-11.75796127319336,-12.57046127319336,128
test,0,The clever [wug],The clever [wugs],-13.41451644897461,-16.35201644897461,-16.047548294067383,-13.985048294067383,-14.686630249023438,-14.436630249023438,128
test,1,The clever [wugs],The clever [wug],-13.985048294067383,-16.047548294067383,-16.35201644897461,-13.41451644897461,-15.884414672851562,-14.134414672851562,128
test,0,The round [wug],The round [wugs],-14.890644073486328,-19.703144073486328,-17.021923065185547,-16.521923065185547,-14.797866821289062,-17.485366821289062,128
test,1,The round [wugs],The round [wug],-16.521923065185547,-17.021923065185547,-19.703144073486328,-14.890644073486328,-18.916828155517578,-15.916828155517578,128
test,0,The restless [wug],The restless [wugs],-12.839007377624512,-17.089006423950195,-15.25590705871582,-13.88090705871582,-13.45538330078125,-16.39288330078125,128
test,1,The restless [wugs],The restless [wug],-13.88090705871582,-15.25590705871582,-17.089006423950195,-12.839007377624512,-14.839801788330078,-14.402301788330078,128
test,0,The round [wug],The round [wugs],-15.765644073486328,-15.328144073486328,-16.896923065185547,-14.459423065185547,-15.922866821289062,-14.985366821289062,128
test,1,The round [wugs],The round [wug],-14.459423065185547,-16.896923065185547,-15.328144073486328,-15.765644073486328,-14.979328155517578,-16.416828155517578,128
test,0,The gentle [wug],The gentle [wugs],-13.899821281433105,-17.556072235107422,-15.630937576293945,-17.068437576293945,-14.574908256530762,-16.699907302856445,128
test,1,The gentle [wugs],The gentle [wug],-17.068437576293945,-15.630937576293945,-17.556072235107422,-13.899821281433105,-17.15960121154785,-14.690851211547852,128
test,0,The curious [wug],The curious [wugs],-16.348392486572266,-17.567142486572266,-17.512298583984375,-16.137298583984375,-15.86611270904541,-14.45986270904541,128
test,1,The curious [wugs],The curious [wug],-16.137298583984375,-17.512298583984375,-17.567142486572266,-16.348392486572266,-17.481069564819336,-16.481069564819336,128
test,0,The wary [wug],The wary [wugs],-13.051626205444336,-16.239126205444336,-14.119985580444336,-13.713735580444336,-13.85335636138916,-15.29085636138916,128
test,1,The wary [wugs],The wary [wug],-13.713735580444336,-14.119985580444336,-16.239126205444336,-13.051626205444336,-15.477320671081543,-13.477320671081543,128
test,0,The strange [wug],The strange [wugs],-14.876282691955566,-15.001282691955566,-16.63794708251953,-13.637946128845215,-15.832295417785645,-14.207295417785645,128
test,1,The strange [wugs],The strange [wug],-13.637946128845215,-16.63794708251953,-15.001282691955566,-14.876282691955566,-14.68757438659668,-16.00007438659668,128
test,0,The clumsy [wug],The clumsy [wugs],-13.850075721740723,-16.97507667541504,-16.49600601196289,-14.308505058288574,-14.259099960327148,-16.00909996032715,128
test,1,The clumsy [wugs],The clumsy [wug],-14.308505058288574,-16.49600601196289,-16.97507667541504,-13.850075721740723,-16.094297409057617,-15.094297409057617,128
test,0,The tiny [wug],The tiny [wugs],-14.005499839782715,-16.3179988861084,-16.700477600097656,-13.981727600097656,-15.539901733398438,-14.477401733398438,128
test,1,The tiny [wugs],The tiny [wug],-13.981727600097656,-16.700477600097656,-16.3179988861084,-14.005499839782715,-15.759010314941406,-15.321510314941406,128
test,0,The wary [wug],The wary [wugs],-11.301626205444336,-16.051626205444336,-12.651235580444336,-13.213735580444336,-12.60335636138916,-15.50960636138916,128
test,1,The wary [wugs],The wary [wug],-13.213735580444336,-12.651235580444336,-16.051626205444336,-11.301626205444336,-14.789820671081543,-12.102320671081543,128
test,0,The tiny [wug],The tiny [wugs],-13.130499839782715,-16.3804988861084,-13.981727600097656,-13.919227600097656,-12.727401733398438,-13.664901733398438,128
test,1,The tiny [wugs],The tiny [wug],-13.919227600097656,-13.981727600097656,-16.3804988861084,-13.130499839782715,-16.196510314941406,-14.009010314941406,128
test,0,The restless [wug],The restless [wugs],-14.339007377624512,-15.589007377624512,-15.69340705871582,-11.75590705871582,-13.51788330078125,-13.51788330078125,128
test,1,The restless [wugs],The restless [wug],-11.75590705871582,-15.69340705871582,-15.589007377624512,-14.339007377624512,-14.589801788330078,-15.714801788330078,128
test,0,The clever [wug],The clever [wugs],-13.53951644897461,-16.72701644897461,-17.297548294067383,-15.985048294067383,-15.936630249023438,-16.624130249023438,128
test,1,The clever [wugs],The clever [wug],-15.985048294067383,-17.297548294067383,-16.72701644897461,-13.53951644897461,-15.759414672851562,-14.384414672851562,128
test,0,The tiny [wug],The tiny [wugs],-16.8804988861084,-19.7242488861084,-16.262977600097656,-14.044227600097656,-14.289901733398438,-16.164901733398438,128
test,1,The tiny [wugs],The tiny [wug],-14.044227600097656,-16.262977600097656,-19.7242488861084,-16.8804988861084,-18.634010314941406,-18.259010314941406,128
test,0,The graceful [wug],The graceful [wugs],-14.58346176147461,-11.67721176147461,-12.0281343460083,-11.3406343460083,-11.543749809265137,-9.981249809265137,128
test,1,The graceful [wugs],The graceful [wug],-11.3406343460083,-12.0281343460083,-11.67721176147461,-14.58346176147461,-10.63296127319336,-13.75796127319336,128
test,0,The fierce [wug],The fierce [wugs],-13.391195297241211,-16.95369529724121,-14.193866729736328,-14.818866729736328,-12.17890453338623,-15.89765453338623,128
test,1,The fierce [wugs],The fierce [wug],-14.818866729736328,-14.193866729736328,-16.95369529724121,-13.391195297241211,-16.32916831970215,-14.079168319702148,128
test,0,The sturdy [wug],The sturdy [wugs],-17.339061737060547,-20.120311737060547,-16.464262008666992,-15.683012962341309,-15.224281311035156,-17.443031311035156,128
test,1,The sturdy [wugs],The sturdy [wug],-15.683012962341309,-16.464262008666992,-20.120311737060547,-17.339061737060547,-19.750911712646484,-18.500911712646484,128
test,0,The tiny [wug],The tiny [wugs],-14.255499839782715,-13.817999839782715,-13.919227600097656,-13.544227600097656,-12.352401733398438,-11.477401733398438,128
test,1,The tiny [wugs],The tiny [wug],-13.544227600097656,-13.919227600097656,-13.817999839782715,-14.255499839782715,-13.571510314941406,-14.821510314941406,128
test,0,The strange [wug],The strange [wugs],-13.563782691955566,-14.563782691955566,-16.57544708251953,-15.387946128845215,-16.01979637145996,-15.644795417785645,128
test,1,The strange [wugs],The strange [wug],-15.387946128845215,-16.57544708251953,-14.563782691955566,-13.563782691955566,-14.00007438659668,-14.06257438659668,128
test,0,The gentle [wug],The gentle [wugs],-11.774821281433105,-17.149822235107422,-13.818437576293945,-15.287187576293945,-12.074908256530762,-15.356158256530762,128
test,1,The gentle [wugs],The gentle [wug],-15.287187576293945,-13.818437576293945,-17.149822235107422,-11.774821281433105,-16.62835121154785,-12.565851211547852,128
test,0,The spotted [wug],The spotted [wugs],-10.486682891845703,-14.611682891845703,-23.77977752685547,-22.82665252685547,-20.516271591186523,-22.260412216186523,128
test,1,The spotted [wugs],The spotted [wug],-22.82665252685547,-23.77977752685547,-14.611682891845703,-10.486682891845703,-14.648569107055664,-11.148569107055664,128
test,0,The clever [wug],The clever [wugs],-15.03951644897461,-13.47701644897461,-16.735048294067383,-14.672548294067383,-16.249130249023438,-14.124130249023438,128
test,1,The clever [wugs],The clever [wug],-14.672548294067383,-16.735048294067383,-13.47701644897461,-15.03951644897461,-13.259414672851562,-16.009414672851562,128
test,0,The gentle [wug],The gentle [wugs],-14.087321281433105,-14.837321281433105,-14.568437576293945,-14.443437576293945,-14.012408256530762,-15.012408256530762,128
test,1,The gentle [wugs],The gentle [wug],-14.443437576293945,-14.568437576293945,-14.837321281433105,-14.087321281433105,-13.940851211547852,-14.440851211547852,128
test,0,The graceful [wug],The graceful [wugs],-12.23971176147461,-15.77096176147461,-13.4031343460083,-12.7781343460083,-13.043749809265137,-13.949999809265137,128
test,1,The graceful [wugs],The graceful [wug],-12.7781343460083,-13.4031343460083,-15.77096176147461,-12.23971176147461,-15.35171127319336,-12.44546127319336,128
test,0,The clever [wug],The clever [wugs],-14.16451644897461,-14.28951644897461,-17.047548294067383,-14.735048294067383,-15.686630249023438,-15.186630249023438,128
test,1,The clever [wugs],The clever [wug],-14.735048294067383,-17.047548294067383,-14.28951644897461,-14.16451644897461,-14.634414672851562,-15.696914672851562,128
test,0,The restless [wug],The restless [wugs],-14.839007377624512,-18.495256423950195,-16.25590705871582,-15.63090705871582,-14.39288330078125,-16.76788330078125,128
test,1,The restless [wugs],The restless [wug],-15.63090705871582,-16.25590705871582,-18.495256423950195,-14.839007377624512,-17.402301788330078,-16.089801788330078,128
test,0,The round [wug],The round [wugs],-3.453144073486328,-8.703144073486328,-8.396923065185547,-6.021923065185547,-5.985367298126221,-8.485366821289062,128
test,1,The round [wugs],The round [wug],-6.021923065185547,-8.396923065185547,-8.703144073486328,-3.453144073486328,-5.916828155517578,-4.791828155517578,128
test,0,The clumsy [wug],The clumsy [wugs],-10.725075721740723,-14.662575721740723,-15.308505058288574,-14.746005058288574,-13.259099960327148,-16.25909996032715,128
test,1,The clumsy [wugs],The clumsy [wug],-14.746005058288574,-15.308505058288574,-14.662575721740723,-10.725075721740723,-13.969297409057617,-12.219297409057617,128
test,0,The bold [wug],The bold [wugs],-16.617530822753906,-16.680030822753906,-18.0729923248291,-15.447992324829102,-16.635156631469727,-15.572657585144043,128
test,1,The bold [wugs],The bold [wug],-15.447992324829102,-18.0729923248291,-16.680030822753906,-16.617530822753906,-16.896501541137695,-18.334001541137695,128
test,0,The bold [wug],The bold [wugs],-13.430031776428223,-16.805030822753906,-13.947992324829102,-12.697992324829102,-12.947657585144043,-14.635157585144043,128
test,1,The bold [wugs],The bold [wug],-12.697992324829102,-13.947992324829102,-16.805030822753906,-13.430031776428223,-14.084000587463379,-14.459000587463379,128
test,0,The lively [wug],The lively [wugs],-15.33176040649414,-20.23801040649414,-15.905768394470215,-16.0307674407959,-12.957112312316895,-15.738362312316895,128
test,1,The lively [wugs],The lively [wug],-16.0307674407959,-15.905768394470215,-20.23801040649414,-15.33176040649414,-20.8679256439209,-17.3366756439209,128
test,0,The restless [wug],The restless [wugs],-14.464007377624512,-17.807756423950195,-16.63090705871582,-13.81840705871582,-13.45538330078125,-15.39288330078125,128
test,1,The restless [wugs],The restless [wug],-13.81840705871582,-16.63090705871582,-17.807756423950195,-14.464007377624512,-16.402301788330078,-16.527301788330078,128
test,0,The wary [wug],The wary [wugs],-13.051626205444336,-16.801626205444336,-13.276235580444336,-13.338735580444336,-13.60335636138916,-14.91585636138916,128
test,1,The wary [wugs],The wary [wug],-13.338735580444336,-13.276235580444336,-16.801626205444336,-13.051626205444336,-16.539819717407227,-13.914820671081543,128
test,0,The shy [wug],The shy [wugs],-15.73542308807373,-17.391674041748047,-17.704986572265625,-16.892486572265625,-15.994711875915527,-15.088461875915527,128
test,1,The shy [wugs],The shy [wug],-16.892486572265625,-17.704986572265625,-17.391674041748047,-15.73542308807373,-17.5814208984375,-16.6439208984375,128
test,0,The strange [wug],The strange [wugs],-13.313782691955566,-17.18878173828125,-15.137946128845215,-14.950446128845215,-13.457295417785645,-15.894795417785645,128
test,1,The strange [wugs],The strange [wug],-14.950446128845215,-15.137946128845215,-17.18878173828125,-13.313782691955566,-16.06257438659668,-14.37507438659668,128
test,0,The tiny [wug],The tiny [wugs],-12.880499839782715,-17.8804988861084,-12.544227600097656,-11.419227600097656,-10.414901733398438,-13.164901733398438,128
test,1,The tiny [wugs],The tiny [wug],-11.419227600097656,-12.544227600097656,-17.8804988861084,-12.880499839782715,-16.509010314941406,-14.009010314941406,128
test,0,The shy [wug],The shy [wugs],-14.92292308807373,-14.29792308807373,-16.579986572265625,-14.454986572265625,-13.650961875915527,-12.588461875915527,128
test,1,The shy [wugs],The shy [wug],-14.454986572265625,-16.579986572265625,-14.29792308807373,-14.92292308807373,-15.3939208984375,-16.9564208984375,128
test,0,The round [wug],The round [wugs],-13.328144073486328,-17.109394073486328,-14.396923065185547,-13.896923065185547,-12.797866821289062,-15.485366821289062,128
test,1,The round [wugs],The round [wug],-13.896923065185547,-14.396923065185547,-17.109394073486328,-13.328144073486328,-15.791828155517578,-13.916828155517578,128
test,0,The lively [wug],The lively [wugs],-14.89426040649414,-17.70676040649414,-14.280768394470215,-14.343268394470215,-13.019612312316895,-14.832112312316895,128
test,1,The lively [wugs],The lively [wug],-14.343268394470215,-14.280768394470215,-17.70676040649414,-14.89426040649414,-18.0241756439209,-16.0866756439209,128
test,0,The wary [wug],The wary [wugs],-15.051626205444336,-14.551626205444336,-15.838735580444336,-12.338735580444336,-16.884605407714844,-14.66585636138916,128
test,1,The wary [wugs],The wary [wug],-12.338735580444336,-15.838735580444336,-14.551626205444336,-15.051626205444336,-14.289820671081543,-16.102319717407227,128
test,0,The curious [wug],The curious [wugs],-16.098392486572266,-15.973392486572266,-16.824798583984375,-16.137298583984375,-15.45986270904541,-15.45986270904541,128
test,1,The curious [wugs],The curious [wug],-16.137298583984375,-16.824798583984375,-15.973392486572266,-16.098392486572266,-16.293569564819336,-16.981069564819336,128
test,0,The clever [wug],The clever [wugs],-15.97701644897461,-15.16451644897461,-17.797548294067383,-14.922548294067383,-16.686630249023438,-14.874130249023438,128
test,1,The clever [wugs],The clever [wug],-14.922548294067383,-17.797548294067383,-15.16451644897461,-15.97701644897461,-15.259414672851562,-17.509414672851562,128
test,0,The bold [wug],The bold [wugs],-14.992531776428223,-18.992530822753906,-15.260492324829102,-14.385492324829102,-13.572657585144043,-15.635157585144043,128
test,1,The bold [wugs],The bold [wug],-14.385492324829102,-15.260492324829102,-18.992530822753906,-14.992531776428223,-17.146501541137695,-16.271501541137695,128
test,0,The wary [wug],The wary [wugs],-14.614126205444336,-15.426626205444336,-15.651235580444336,-14.776235580444336,-15.44710636138916,-15.22835636138916,128
test,1,The wary [wugs],The wary [wug],-14.776235580444336,-15.651235580444336,-15.426626205444336,-14.614126205444336,-15.664820671081543,-15.414820671081543,128
test,0,The wary [wug],The wary [wugs],-10.739126205444336,-13.801626205444336,-13.151235580444336,-12.026235580444336,-12.54085636138916,-14.07210636138916,128
test,1,The wary [wugs],The wary [wug],-12.026235580444336,-13.151235580444336,-13.801626205444336,-10.739126205444336,-13.102320671081543,-11.414820671081543,128
test,0,The shy [wug],The shy [wugs],-13.11042308807373,-16.672924041748047,-17.704986572265625,-15.079986572265625,-14.775961875915527,-16.057212829589844,128
test,1,The shy [wugs],The shy [wug],-15.079986572265625,-17.704986572265625,-16.672924041748047,-13.11042308807373,-16.2064208984375,-14.8314208984375,128
test,0,The tiny [wug],The tiny [wugs],-16.7554988861084,-18.5679988861084,-14.794227600097656,-14.356727600097656,-14.039901733398438,-13.977401733398438,128
test,1,The tiny [wugs],The tiny [wug],-14.356727600097656,-14.794227600097656,-18.5679988861084,-16.7554988861084,-18.446510314941406,-17.134010314941406,128
test,0,The tiny [wug],The tiny [wugs],-14.567999839782715,-18.3492488861084,-15.044227600097656,-13.044227600097656,-12.289901733398438,-14.352401733398438,128
test,1,The tiny [wugs],The tiny [wug],-13.044227600097656,-15.044227600097656,-18.3492488861084,-14.567999839782715,-17.946510314941406,-16.509010314941406,128
test,0,The clever [wug],The clever [wugs],-12.41451644897461,-16.16451644897461,-15.485048294067383,-14.985048294067383,-13.374130249023438,-15.561630249023438,128
test,1,The clever [wugs],The clever [wug],-14.985048294067383,-15.485048294067383,-16.16451644897461,-12.41451644897461,-16.134414672851562,-13.634414672851562,128
test,0,The wary [wug],The wary [wugs],-13.051626205444336,-16.426626205444336,-11.526235580444336,-12.401235580444336,-10.97835636138916,-14.10335636138916,128
test,1,The wary [wugs],The wary [wug],-12.401235580444336,-11.526235580444336,-16.426626205444336,-13.051626205444336,-16.352319717407227,-13.539820671081543,128
test,0,The curious [wug],The curious [wugs],-16.098392486572266,-17.379642486572266,-15.449797630310059,-15.199797630310059,-14.14736270904541,-14.95986270904541,128
test,1,The curious [wugs],The curious [wug],-15.199797630310059,-15.449797630310059,-17.379642486572266,-16.098392486572266,-17.231069564819336,-16.731069564819336,128
test,0,The gentle [wug],The gentle [wugs],-10.587321281433105,-14.399821281433105,-11.693437576293945,-12.380937576293945,-10.824908256530762,-13.387408256530762,128
test,1,The gentle [wugs],The gentle [wug],-12.380937576293945,-11.693437576293945,-14.399821281433105,-10.587321281433105,-13.128351211547852,-10.753351211547852,128
test,0,The fierce [wug],The fierce [wugs],-4.953695297241211,-11.391195297241211,-6.943867206573486,-5.818867206573486,-4.6789045333862305,-7.3039045333862305,128
test,1,The fierce [wugs],The fierce [wug],-5.818867206573486,-6.943867206573486,-11.391195297241211,-4.953695297241211,-9.079168319702148,-5.829168319702148,128
test,0,The shy [wug],The shy [wugs],-15.04792308807373,-15.86042308807373,-15.517486572265625,-13.829986572265625,-12.900961875915527,-13.338461875915527,128
test,1,The shy [wugs],The shy [wug],-13.829986572265625,-15.517486572265625,-15.86042308807373,-15.04792308807373,-16.2064208984375,-16.8314208984375,128
test,0,The bold [wug],The bold [wugs],-14.930031776428223,-16.805030822753906,-18.0104923248291,-16.6979923248291,-16.947656631469727,-17.635156631469727,128
test,1,The bold [wugs],The bold [wug],-16.6979923248291,-18.0104923248291,-16.805030822753906,-14.930031776428223,-15.896500587463379,-16.021501541137695,128
test,0,The curious [wug],The curious [wugs],-15.410892486572266,-18.598392486572266,-18.231048583984375,-16.387298583984375,-15.52236270904541,-16.866113662719727,128
test,1,The curious [wugs],The curious [wug],-16.387298583984375,-18.231048583984375,-18.598392486572266,-15.410892486572266,-18.137319564819336,-17.106069564819336,128
test,0,The round [wug],The round [wugs],-15.015644073486328,-14.828144073486328,-18.021923065185547,-16.896923065185547,-16.985366821289062,-17.735366821289062,128
test,1,The round [wugs],The round [wug],-16.896923065185547,-18.021923065185547,-14.828144073486328,-15.015644073486328,-13.854328155517578,-15.416828155517578,128
test,0,The shy [wug],The shy [wugs],-12.67292308807373,-14.73542308807373,-16.142486572265625,-14.017486572265625,-13.588461875915527,-13.275961875915527,128
test,1,The shy [wugs],The shy [wug],-14.017486572265625,-16.142486572265625,-14.73542308807373,-12.67292308807373,-14.7689208984375,-13.8939208984375,128
test,0,The clumsy [wug],The clumsy [wugs],-13.725075721740723,-18.88132667541504,-15.371005058288574,-14.496005058288574,-13.384099960327148,-15.821599960327148,128
test,1,The clumsy [wugs],The clumsy [wug],-14.496005058288574,-15.371005058288574,-18.88132667541504,-13.725075721740723,-18.063047409057617,-14.906797409057617,128
test,0,The wary [wug],The wary [wugs],-16.770376205444336,-17.770376205444336,-17.088735580444336,-15.807485580444336,-18.540855407714844,-17.322105407714844,128
test,1,The wary [wugs],The wary [wug],-15.807485580444336,-17.088735580444336,-17.770376205444336,-16.770376205444336,-17.571069717407227,-17.633569717407227,128
test,0,The tiny [wug],The tiny [wugs],-17.0679988861084,-19.1929988861084,-16.450477600097656,-14.669227600097656,-15.321151733398438,-13.789901733398438,128
test,1,The tiny [wugs],The tiny [wug],-14.669227600097656,-16.450477600097656,-19.1929988861084,-17.0679988861084,-18.946510314941406,-17.759010314941406,128
test,0,The clever [wug],The clever [wugs],-12.85201644897461,-17.85201644897461,-15.360048294067383,-15.047548294067383,-13.561630249023438,-16.499130249023438,128
test,1,The clever [wugs],The clever [wug],-15.047548294067383,-15.360048294067383,-17.85201644897461,-12.85201644897461,-16.821914672851562,-13.634414672851562,128
test,0,The clumsy [wug],The clumsy [wugs],-10.162575721740723,-9.975075721740723,-14.808505058288574,-13.371005058288574,-12.696599960327148,-12.884099960327148,128
test,1,The clumsy [wugs],The clumsy [wug],-13.371005058288574,-14.808505058288574,-9.975075721740723,-10.162575721740723,-10.406797409057617,-11.906797409057617,128
test,0,The wary [wug],The wary [wugs],-16.989126205444336,-17.832876205444336,-15.744985580444336,-13.526235580444336,-15.72835636138916,-14.35335636138916,128
test,1,The wary [wugs],The wary [wug],-13.526235580444336,-15.744985580444336,-17.832876205444336,-16.989126205444336,-17.289819717407227,-17.508569717407227,128
test,0,The shy [wug],The shy [wugs],-13.29792308807373,-15.04792308807373,-15.454986572265625,-15.017486572265625,-13.213461875915527,-13.963461875915527,128
test,1,The shy [wugs],The shy [wug],-15.017486572265625,-15.454986572265625,-15.04792308807373,-13.29792308807373,-14.9564208984375,-14.2689208984375,128
test,0,The bold [wug],The bold [wugs],-18.180030822753906,-20.773780822753906,-18.8542423248291,-16.9479923248291,-17.322656631469727,-18.197656631469727,128
test,1,The bold [wugs],The bold [wug],-16.9479923248291,-18.8542423248291,-20.773780822753906,-18.180030822753906,-19.334001541137695,-19.834001541137695,128
test,0,The round [wug],The round [wugs],-14.578144073486328,-14.203144073486328,-16.271923065185547,-14.459423065185547,-14.735366821289062,-14.047866821289062,128
test,1,The round [wugs],The round [wug],-14.459423065185547,-16.271923065185547,-14.203144073486328,-14.578144073486328,-14.104328155517578,-15.416828155517578,128
test,0,The curious [wug],The curious [wugs],-17.504642486572266,-16.098392486572266,-17.887298583984375,-15.074797630310059,-16.522363662719727,-14.52236270904541,128
test,1,The curious [wugs],The curious [wug],-15.074797630310059,-17.887298583984375,-16.098392486572266,-17.504642486572266,-16.356069564819336,-18.199819564819336,128
test,0,The sturdy [wug],The sturdy [wugs],-17.932811737060547,-21.307811737060547,-16.651762008666992,-15.308012962341309,-15.755531311035156,-17.849281311035156,128
test,1,The sturdy [wugs],The sturdy [wug],-15.308012962341309,-16.651762008666992,-21.307811737060547,-17.932811737060547,-21.032161712646484,-19.219661712646484,128
test,0,The lively [wug],The lively [wugs],-13.20676040649414,-17.08176040649414,-13.030768394470215,-12.843268394470215,-11.332112312316895,-13.832112312316895,128
test,1,The lively [wugs],The lively [wug],-12.843268394470215,-13.030768394470215,-17.08176040649414,-13.20676040649414,-16.8991756439209,-14.336676597595215,128
test,0,The bold [wug],The bold [wugs],-15.055031776428223,-14.742531776428223,-16.6979923248291,-15.322992324829102,-15.447657585144043,-15.697657585144043,128
test,1,The bold [wugs],The bold [wug],-15.322992324829102,-16.6979923248291,-14.742531776428223,-15.055031776428223,-14.834000587463379,-15.959000587463379,128
test,0,The clumsy [wug],The clumsy [wugs],-15.537575721740723,-15.412575721740723,-17.18350601196289,-16.18350601196289,-15.696599960327148,-16.38409996032715,128
test,1,The clumsy [wugs],The clumsy [wug],-16.18350601196289,-17.18350601196289,-15.412575721740723,-15.537575721740723,-15.469297409057617,-16.781797409057617,128
test,0,The clever [wug],The clever [wugs],-16.35201644897461,-16.91451644897461,-18.391298294067383,-16.735048294067383,-17.749130249023438,-16.936630249023438,128
test,1,The clever [wugs],The clever [wug],-16.735048294067383,-18.391298294067383,-16.91451644897461,-16.35201644897461,-17.446914672851562,-17.821914672851562,128
test,0,The round [wug],The round [wugs],-14.890644073486328,-16.796894073486328,-18.271923065185547,-17.771923065185547,-16.985366821289062,-17.860366821289062,128
test,1,The round [wugs],The round [wug],-17.771923065185547,-18.271923065185547,-16.796894073486328,-14.890644073486328,-16.541828155517578,-15.666828155517578,128
test,0,The shy [wug],The shy [wugs],-12.23542308807373,-13.73542308807373,-15.267486572265625,-12.204986572265625,-12.525961875915527,-12.275961875915527,128
test,1,The shy [wugs],The shy [wug],-12.204986572265625,-15.267486572265625,-13.73542308807373,-12.23542308807373,-13.5189208984375,-13.3939208984375,128
test,0,The clever [wug],The clever [wugs],-16.03951644897461,-15.78951644897461,-18.516298294067383,-17.297548294067383,-17.249130249023438,-17.249130249023438,128
test,1,The clever [wugs],The clever [wug],-17.297548294067383,-18.516298294067383,-15.78951644897461,-16.03951644897461,-15.884414672851562,-17.446914672851562,128
test,0,The fierce [wug],The fierce [wugs],-16.45369529724121,-18.39119529724121,-16.693866729736328,-15.818866729736328,-15.11640453338623,-17.022653579711914,128
test,1,The fierce [wugs],The fierce [wug],-15.818866729736328,-16.693866729736328,-18.39119529724121,-16.45369529724121,-18.01666831970215,-17.32916831970215,128
test,0,The strange [wug],The strange [wugs],-12.563782691955566,-15.751282691955566,-13.450446128845215,-13.387946128845215,-12.644795417785645,-13.394795417785645,128
test,1,The strange [wugs],The strange [wug],-13.387946128845215,-13.450446128845215,-15.751282691955566,-12.563782691955566,-15.37507438659668,-13.37507438659668,128
test,0,The graceful [wug],The graceful [wugs],-11.86471176147461,-13.61471176147461,-11.0906343460083,-11.4656343460083,-11.606249809265137,-13.168749809265137,128
test,1,The graceful [wugs],The graceful [wug],-11.4656343460083,-11.0906343460083,-13.61471176147461,-11.86471176147461,-12.13296127319336,-11.25796127319336,128
test,0,The fierce [wug],The fierce [wugs],-16.26619529724121,-17.39119529724121,-17.162616729736328,-16.131366729736328,-15.77265453338623,-15.30390453338623,128
test,1,The fierce [wugs],The fierce [wug],-16.131366729736328,-17.162616729736328,-17.39119529724121,-16.26619529724121,-17.64166831970215,-17.14166831970215,128
test,0,The bold [wug],The bold [wugs],-13.180031776428223,-15.367531776428223,-14.385492324829102,-13.385492324829102,-13.197657585144043,-13.760157585144043,128
test,1,The bold [wugs],The bold [wug],-13.385492324829102,-14.385492324829102,-15.367531776428223,-13.180031776428223,-14.459000587463379,-13.584000587463379,128
test,0,The graceful [wug],The graceful [wugs],-5.364711761474609,-10.23971176147461,-7.840634346008301,-6.278134346008301,-6.543749809265137,-7.668749809265137,128
test,1,The graceful [wugs],The graceful [wug],-6.278134346008301,-7.840634346008301,-10.23971176147461,-5.364711761474609,-8.75796127319336,-6.382961273193359,128
test,0,The clever [wug],The clever [wugs],-15.53951644897461,-19.32076644897461,-18.485048294067383,-16.485048294067383,-16.561630249023438,-17.936630249023438,128
test,1,The clever [wugs],The clever [wug],-16.485048294067383,-18.485048294067383,-19.32076644897461,-15.53951644897461,-18.915664672851562,-16.884414672851562,128
test,0,The restless [wug],The restless [wugs],-16.839006423950195,-20.526506423950195,-17.41215705871582,-15.25590705871582,-14.95538330078125,-17.08038330078125,128
test,1,The restless [wugs],The restless [wug],-15.25590705871582,-17.41215705871582,-20.526506423950195,-16.839006423950195,-19.027301788330078,-18.652301788330078,128
test,0,The shy [wug],The shy [wugs],-13.61042308807373,-16.672924041748047,-15.017486572265625,-14.579986572265625,-13.463461875915527,-14.900961875915527,128
test,1,The shy [wugs],The shy [wug],-14.579986572265625,-15.017486572265625,-16.672924041748047,-13.61042308807373,-16.3314208984375,-14.3314208984375,128
test,0,The curious [wug],The curious [wugs],-15.660892486572266,-18.567142486572266,-17.199798583984375,-16.012298583984375,-14.77236270904541,-14.39736270904541,128
test,1,The curious [wugs],The curious [wug],-16.012298583984375,-17.199798583984375,-18.567142486572266,-15.660892486572266,-18.481069564819336,-16.793569564819336,128
test,0,The bold [wug],The bold [wugs],-17.555030822753906,-18.180030822753906,-18.0104923248291,-17.0729923248291,-16.697656631469727,-17.197656631469727,128
test,1,The bold [wugs],The bold [wug],-17.0729923248291,-18.0104923248291,-18.180030822753906,-17.555030822753906,-17.896501541137695,-18.271501541137695,128
test,0,The clumsy [wug],The clumsy [wugs],-6.725076198577881,-13.287575721740723,-10.246005058288574,-8.121005058288574,-8.009099960327148,-11.384099960327148,128
test,1,The clumsy [wugs],The clumsy [wug],-8.121005058288574,-10.246005058288574,-13.287575721740723,-6.725076198577881,-10.344297409057617,-7.656797885894775,128
test,0,The restless [wug],The restless [wugs],-15.151507377624512,-19.714006423950195,-16.13090705871582,-15.88090705871582,-14.33038330078125,-17.29913330078125,128
test,1,The restless [wugs],The restless [wug],-15.88090705871582,-16.13090705871582,-19.714006423950195,-15.151507377624512,-18.839801788330078,-17.152301788330078,128
test,0,The wary [wug],The wary [wugs],-12.551626205444336,-15.051626205444336,-13.026235580444336,-13.276235580444336,-12.41585636138916,-13.88460636138916,128
test,1,The wary [wugs],The wary [wug],-13.276235580444336,-13.026235580444336,-15.051626205444336,-12.551626205444336,-14.664820671081543,-13.352320671081543,128
test,0,The fierce [wug],The fierce [wugs],-13.891195297241211,-16.39119529724121,-14.631366729736328,-14.318866729736328,-13.30390453338623,-14.17890453338623,128
test,1,The fierce [wugs],The fierce [wug],-14.318866729736328,-14.631366729736328,-16.39119529724121,-13.891195297241211,-16.45416831970215,-15.141668319702148,128
test,0,The restless [wug],The restless [wugs],-14.089007377624512,-16.714006423950195,-14.75590705871582,-14.44340705871582,-13.76788330078125,-15.39288330078125,128
test,1,The restless [wugs],The restless [wug],-14.44340705871582,-14.75590705871582,-16.714006423950195,-14.089007377624512,-16.089801788330078,-14.839801788330078,128
test,0,The tiny [wug],The tiny [wugs],-18.6929988861084,-21.0992488861084,-17.200477600097656,-16.262977600097656,-14.696151733398438,-16.821151733398438,128
test,1,The tiny [wugs],The tiny [wug],-16.262977600097656,-17.200477600097656,-21.0992488861084,-18.6929988861084,-21.134010314941406,-20.415260314941406,128
test,0,The fierce [wug],The fierce [wugs],-14.828695297241211,-15.703695297241211,-17.068866729736328,-15.006366729736328,-15.71015453338623,-14.55390453338623,128
test,1,The fierce [wugs],The fierce [wug],-15.006366729736328,-17.068866729736328,-15.703695297241211,-14.828695297241211,-15.766668319702148,-15.704168319702148,128
test,0,The gentle [wug],The gentle [wugs],-13.587321281433105,-16.712322235107422,-16.099687576293945,-14.380937576293945,-14.918658256530762,-15.324908256530762,128
test,1,The gentle [wugs],The gentle [wug],-14.380937576293945,-16.099687576293945,-16.712322235107422,-13.587321281433105,-15.940851211547852,-14.378351211547852,128
test,0,The fierce [wug],The fierce [wugs],-13.953695297241211,-13.703695297241211,-16.318866729736328,-13.443866729736328,-14.42890453338623,-12.86640453338623,128
test,1,The fierce [wugs],The fierce [wug],-13.443866729736328,-16.318866729736328,-13.703695297241211,-13.953695297241211,-14.141668319702148,-15.204168319702148,128
test,0,The sturdy [wug],The sturdy [wugs],-12.12031078338623,-15.24531078338623,-12.120512962341309,-11.558012962341309,-10.786781311035156,-13.161781311035156,128
test,1,The sturdy [wugs],The sturdy [wug],-11.558012962341309,-12.120512962341309,-15.24531078338623,-12.12031078338623,-14.4384126663208,-13.1884126663208,128
test,0,The round [wug],The round [wugs],-15.140644073486328,-15.453144073486328,-17.271923065185547,-16.459423065185547,-16.297866821289062,-17.547866821289062,128
test,1,The round [wugs],The round [wug],-16.459423065185547,-17.271923065185547,-15.453144073486328,-15.140644073486328,-14.541828155517578,-15.916828155517578,128
test,0,The lively [wug],The lively [wugs],-15.64426040649414,-19.48801040649414,-17.3432674407959,-18.4370174407959,-15.582112312316895,-17.800861358642578,128
test,1,The lively [wugs],The lively [wug],-18.4370174407959,-17.3432674407959,-19.48801040649414,-15.64426040649414,-20.5241756439209,-17.5866756439209,128
test,0,The graceful [wug],The graceful [wugs],-10.23971176147461,-11.36471176147461,-10.3406343460083,-9.6531343460083,-8.481249809265137,-8.793749809265137,128
test,1,The graceful [wugs],The graceful [wug],-9.6531343460083,-10.3406343460083,-11.36471176147461,-10.23971176147461,-11.13296127319336,-10.75796127319336,128
test,0,The clever [wug],The clever [wugs],-14.35201644897461,-17.72701644897461,-14.860048294067383,-14.235048294067383,-14.061630249023438,-14.936630249023438,128
test,1,The clever [wugs],The clever [wug],-14.235048294067383,-14.860048294067383,-17.72701644897461,-14.35201644897461,-17.196914672851562,-14.884414672851562,128
test,0,The gentle [wug],The gentle [wugs],-15.524821281433105,-18.649822235107422,-14.505937576293945,-14.755937576293945,-13.387408256530762,-15.356158256530762,128
test,1,The gentle [wugs],The gentle [wug],-14.755937576293945,-14.505937576293945,-18.649822235107422,-15.524821281433105,-17.94085121154785,-16.19085121154785,128
test,0,The fierce [wug],The fierce [wugs],-15.641195297241211,-16.57869529724121,-16.568866729736328,-16.006366729736328,-15.11640453338623,-15.36640453338623,128
test,1,The fierce [wugs],The fierce [wug],-16.006366729736328,-16.568866729736328,-16.57869529724121,-15.641195297241211,-16.70416831970215,-16.57916831970215,128
test,0,The strange [wug],The strange [wugs],-13.751282691955566,-15.376282691955566,-16.70044708251953,-14.825446128845215,-15.332295417785645,-14.894795417785645,128
test,1,The strange [wugs],The strange [wug],-14.825446128845215,-16.70044708251953,-15.376282691955566,-13.751282691955566,-15.37507438659668,-14.87507438659668,128
test,0,The spotted [wug],The spotted [wugs],-13.674182891845703,-17.549182891845703,-17.37352752685547,-18.85790252685547,-15.39127254486084,-18.422521591186523,128
test,1,The spotted [wugs],The spotted [wug],-18.85790252685547,-17.37352752685547,-17.549182891845703,-13.674182891845703,-17.836069107055664,-14.586069107055664,128
test,0,The curious [wug],The curious [wugs],-12.723392486572266,-16.910892486572266,-14.887297630310059,-15.387297630310059,-12.39736270904541,-16.522363662719727,128
test,1,The curious [wugs],The curious [wug],-15.387297630310059,-14.887297630310059,-16.910892486572266,-12.723392486572266,-16.168569564819336,-13.731070518493652,128
test,0,The restless [wug],The restless [wugs],-11.776507377624512,-16.464006423950195,-13.50590705871582,-11.69340705871582,-11.51788330078125,-14.01788330078125,128
test,1,The restless [wugs],The restless [wug],-11.69340705871582,-13.50590705871582,-16.464006423950195,-11.776507377624512,-13.839801788330078,-12.964801788330078,128
test,0,The curious [wug],The curious [wugs],-15.660892486572266,-16.035892486572266,-17.793548583984375,-14.949797630310059,-15.89736270904541,-14.20986270904541,128
test,1,The curious [wugs],The curious [wug],-14.949797630310059,-17.793548583984375,-16.035892486572266,-15.660892486572266,-16.481069564819336,-17.356069564819336,128
test,0,The tiny [wug],The tiny [wugs],-12.005499839782715,-15.817999839782715,-14.169227600097656,-11.981727600097656,-11.539901733398438,-12.352401733398438,128
test,1,The tiny [wugs],The tiny [wug],-11.981727600097656,-14.169227600097656,-15.817999839782715,-12.005499839782715,-16.009010314941406,-13.946510314941406,128
