split,inverse,source_input,base_input,source_logp_A,source_logp_B,base_logp_A,base_logp_B,base_intervention_logp_A,base_intervention_logp_B,n_nodes
train,0,The timid cow,The timid cows,-13.693655967712402,-15.068655967712402,-17.4658260345459,-12.153326034545898,-14.423626899719238,-11.798626899719238,128
train,1,The timid cows,The timid cow,-12.153326034545898,-17.4658260345459,-15.068655967712402,-13.693655967712402,-14.594769477844238,-14.782269477844238,128
train,0,The small dog,The small dogs,-1.7671406269073486,-9.76714038848877,-8.243152618408203,-2.868152618408203,-5.427456855773926,-2.5524566173553467,128
train,1,The small dogs,The small dog,-2.868152618408203,-8.243152618408203,-9.76714038848877,-1.7671406269073486,-5.255654335021973,-1.8806543350219727,128
train,0,The calm doe,The calm does,-5.338109016418457,-10.900609016418457,-17.639083862304688,-14.576583862304688,-16.576446533203125,-14.201447486877441,128
train,1,The calm does,The calm doe,-14.576583862304688,-17.639083862304688,-10.900609016418457,-5.338109016418457,-11.528918266296387,-8.841418266296387,128
train,0,The timid doe,The timid does,-7.089888572692871,-12.214888572692871,-20.205154418945312,-17.455154418945312,-19.458065032958984,-17.208065032958984,128
train,1,The timid does,The timid doe,-17.455154418945312,-20.205154418945312,-12.214888572692871,-7.089888572692871,-11.580854415893555,-7.7058539390563965,128
train,0,The nervous bat,The nervous bats,-13.634133338928223,-14.196633338928223,-13.730359077453613,-11.917859077453613,-13.335253715515137,-12.335253715515137,128
train,1,The nervous bats,The nervous bat,-11.917859077453613,-13.730359077453613,-14.196633338928223,-13.634133338928223,-13.963973045349121,-13.963973045349121,128
train,0,The small doe,The small does,-11.292515754699707,-13.917515754699707,-16.76835060119629,-14.393349647521973,-16.45698356628418,-14.581982612609863,128
train,1,The small does,The small doe,-14.393349647521973,-16.76835060119629,-13.917515754699707,-11.292515754699707,-13.09126091003418,-12.15376091003418,128
train,0,The sleepy pup,The sleepy pups,-13.354021072387695,-16.666521072387695,-18.887332916259766,-13.012333869934082,-16.599332809448242,-12.974331855773926,128
train,1,The sleepy pups,The sleepy pup,-13.012333869934082,-18.887332916259766,-16.666521072387695,-13.354021072387695,-13.929607391357422,-14.492107391357422,128
train,0,The bright frog,The bright frogs,-14.245086669921875,-17.745086669921875,-17.54973030090332,-14.487229347229004,-15.049703598022461,-14.362203598022461,128
train,1,The bright frogs,The bright frog,-14.487229347229004,-17.54973030090332,-17.745086669921875,-14.245086669921875,-16.686565399169922,-14.374066352844238,128
train,0,The sleepy panda,The sleepy pandas,-10.589112281799316,-16.151613235473633,-13.170868873596191,-9.983368873596191,-11.977251052856445,-9.914751052856445,128
train,1,The sleepy pandas,The sleepy panda,-9.983368873596191,-13.170868873596191,-16.151613235473633,-10.589112281799316,-12.352200508117676,-10.977200508117676,128
train,0,The fuzzy horse,The fuzzy horses,-1.0890883207321167,-9.214088439941406,-4.9587016105651855,-1.083701491355896,-2.744849443435669,-1.869849443435669,128
train,1,The fuzzy horses,The fuzzy horse,-1.083701491355896,-4.9587016105651855,-9.214088439941406,-1.0890883207321167,-3.2524027824401855,-2.0024027824401855,128
train,0,The fuzzy cock,The fuzzy cocks,-7.981256484985352,-15.168756484985352,-3.58622670173645,-2.46122670173645,-2.909531593322754,-3.534531593322754,128
train,1,The fuzzy cocks,The fuzzy cock,-2.46122670173645,-3.58622670173645,-15.168756484985352,-7.981256484985352,-13.970603942871094,-9.033103942871094,128
train,0,The bright rat,The bright rats,-1.1148438453674316,-8.364843368530273,-5.644186973571777,-1.2691867351531982,-4.071520805358887,-1.4465209245681763,128
train,1,The bright rats,The bright rat,-1.2691867351531982,-5.644186973571777,-8.364843368530273,-1.1148438453674316,-3.1043734550476074,-1.6043734550476074,128
train,0,The calm cock,The calm cocks,-5.655753135681152,-13.655753135681152,-4.540849685668945,-2.1658499240875244,-3.7994353771209717,-3.9244353771209717,128
train,1,The calm cocks,The calm cock,-2.1658499240875244,-4.540849685668945,-13.655753135681152,-5.655753135681152,-11.521130561828613,-6.583630561828613,128
train,0,The sleepy dolphin,The sleepy dolphins,-1.0781793594360352,-10.078179359436035,-7.596112251281738,-0.8461123704910278,-4.758244514465332,-0.8832442760467529,128
train,1,The sleepy dolphins,The sleepy dolphin,-0.8461123704910278,-7.596112251281738,-10.078179359436035,-1.0781793594360352,-3.8224353790283203,-1.5724354982376099,128
train,0,The sleepy horse,The sleepy horses,-13.251729011535645,-14.126729011535645,-14.935165405273438,-13.560165405273438,-13.741168975830078,-13.428668975830078,128
train,1,The sleepy horses,The sleepy horse,-13.560165405273438,-14.935165405273438,-14.126729011535645,-13.251729011535645,-13.099919319152832,-13.599919319152832,128
train,0,The calm shark,The calm sharks,-12.061721801757812,-17.874221801757812,-16.41210174560547,-11.974600791931152,-14.524333953857422,-12.274333953857422,128
train,1,The calm sharks,The calm shark,-11.974600791931152,-16.41210174560547,-17.874221801757812,-12.061721801757812,-13.771992683410645,-13.646992683410645,128
train,0,The slender frog,The slender frogs,-10.77957820892334,-15.02957820892334,-16.66775894165039,-12.10525894165039,-12.964427947998047,-11.464427947998047,128
train,1,The slender frogs,The slender frog,-12.10525894165039,-16.66775894165039,-15.02957820892334,-10.77957820892334,-13.93737506866455,-11.31237506866455,128
train,0,The small shark,The small sharks,-12.211161613464355,-15.836161613464355,-17.109115600585938,-13.859115600585938,-15.675243377685547,-13.487743377685547,128
train,1,The small sharks,The small shark,-13.859115600585938,-17.109115600585938,-15.836161613464355,-12.211161613464355,-13.358926773071289,-13.483926773071289,128
train,0,The nervous dog,The nervous dogs,-0.9296351671218872,-8.554635047912598,-4.884746551513672,-1.2597463130950928,-3.459904193878174,-1.5849041938781738,128
train,1,The nervous dogs,The nervous dog,-1.2597463130950928,-4.884746551513672,-8.554635047912598,-0.9296351671218872,-3.529308319091797,-1.5293084383010864,128
train,0,The small monitor,The small monitors,-11.364557266235352,-13.302057266235352,-15.965009689331055,-13.090009689331055,-14.984146118164062,-12.796646118164062,128
train,1,The small monitors,The small monitor,-13.090009689331055,-15.965009689331055,-13.302057266235352,-11.364557266235352,-12.512048721313477,-12.199548721313477,128
train,0,The slender horse,The slender horses,-13.924405097961426,-17.893156051635742,-18.00396156311035,-14.691460609436035,-14.69239616394043,-14.50489616394043,128
train,1,The slender horses,The slender horse,-14.691460609436035,-18.00396156311035,-17.893156051635742,-13.924405097961426,-15.744059562683105,-14.056559562683105,128
train,0,The calm frog,The calm frogs,-8.858017921447754,-13.420517921447754,-14.287961959838867,-9.600461959838867,-11.033631324768066,-9.971131324768066,128
train,1,The calm frogs,The calm frog,-9.600461959838867,-14.287961959838867,-13.420517921447754,-8.858017921447754,-11.122888565063477,-9.747888565063477,128
train,0,The calm dolphin,The calm dolphins,-8.121827125549316,-14.184327125549316,-15.926766395568848,-9.176766395568848,-13.54598331451416,-8.98348331451416,128
train,1,The calm dolphins,The calm dolphin,-9.176766395568848,-15.926766395568848,-14.184327125549316,-8.121827125549316,-10.466132164001465,-9.591132164001465,128
train,0,The slender cow,The slender cows,-13.771668434143066,-16.615419387817383,-17.11739730834961,-14.804896354675293,-14.573568344116211,-14.761068344116211,128
train,1,The slender cows,The slender cow,-14.804896354675293,-17.11739730834961,-16.615419387817383,-13.771668434143066,-16.073305130004883,-15.573305130004883,128
train,0,The nervous dolphin,The nervous dolphins,-1.3356221914291382,-8.96062183380127,-5.475829124450684,-1.2258292436599731,-4.000131130218506,-1.3751310110092163,128
train,1,The nervous dolphins,The nervous dolphin,-1.2258292436599731,-5.475829124450684,-8.96062183380127,-1.3356221914291382,-2.9334802627563477,-2.1834802627563477,128
train,0,The sleepy lion,The sleepy lions,-16.56122589111328,-16.81122589111328,-20.366683959960938,-16.022933959960938,-18.04790687561035,-15.922906875610352,128
train,1,The sleepy lions,The sleepy lion,-16.022933959960938,-20.366683959960938,-16.81122589111328,-16.56122589111328,-15.970220565795898,-17.0952205657959,128
train,0,The fuzzy turtle,The fuzzy turtles,-8.957173347473145,-12.707173347473145,-13.957109451293945,-8.769609451293945,-10.975013732910156,-8.975013732910156,128
train,1,The fuzzy turtles,The fuzzy turtle,-8.769609451293945,-13.957109451293945,-12.707173347473145,-8.957173347473145,-10.26140308380127,-9.82390308380127,128
train,0,The slender chick,The slender chicks,-3.0396766662597656,-10.727176666259766,-8.341545104980469,-1.5915449857711792,-4.976938247680664,-1.601938247680664,128
train,1,The slender chicks,The slender chick,-1.5915449857711792,-8.341545104980469,-10.727176666259766,-3.0396766662597656,-6.1996893882751465,-4.4496893882751465,128
train,0,The sleepy cock,The sleepy cocks,-18.888656616210938,-20.701156616210938,-15.973919868469238,-11.817669868469238,-16.5306339263916,-14.311883926391602,128
train,1,The sleepy cocks,The sleepy cock,-11.817669868469238,-15.973919868469238,-20.701156616210938,-18.888656616210938,-19.09998321533203,-18.53748321533203,128
train,0,The quiet kit,The quiet kits,-10.369945526123047,-10.744945526123047,-16.58699607849121,-13.461996078491211,-15.770283699035645,-12.832783699035645,128
train,1,The quiet kits,The quiet kit,-13.461996078491211,-16.58699607849121,-10.744945526123047,-10.369945526123047,-10.264802932739258,-10.327302932739258,128
train,0,The nervous kitten,The nervous kittens,-0.8574162721633911,-9.794916152954102,-5.197183132171631,-0.5721833109855652,-2.9141831398010254,-0.9141830801963806,128
train,1,The nervous kittens,The nervous kitten,-0.5721833109855652,-5.197183132171631,-9.794916152954102,-0.8574162721633911,-3.131876230239868,-1.5068762302398682,128
train,0,The slender kit,The slender kits,-12.920999526977539,-13.795999526977539,-19.611419677734375,-16.767669677734375,-18.683292388916016,-16.339542388916016,128
train,1,The slender kits,The slender kit,-16.767669677734375,-19.611419677734375,-13.795999526977539,-12.920999526977539,-13.225618362426758,-14.288118362426758,128
train,0,The quiet shark,The quiet sharks,-11.780153274536133,-15.030153274536133,-16.228248596191406,-10.103248596191406,-14.697872161865234,-10.385372161865234,128
train,1,The quiet sharks,The quiet shark,-10.103248596191406,-16.228248596191406,-15.030153274536133,-11.780153274536133,-11.271109580993652,-13.771109580993652,128
train,0,The timid pup,The timid pups,-11.077436447143555,-15.952436447143555,-15.58266544342041,-13.02016544342041,-12.976984977722168,-12.539484977722168,128
train,1,The timid pups,The timid pup,-13.02016544342041,-15.58266544342041,-15.952436447143555,-11.077436447143555,-14.484842300415039,-11.922342300415039,128
train,0,The timid rat,The timid rats,-7.982681751251221,-13.420182228088379,-13.297309875488281,-11.172309875488281,-11.288312911987305,-11.163312911987305,128
train,1,The timid rats,The timid rat,-11.172309875488281,-13.297309875488281,-13.420182228088379,-7.982681751251221,-11.864270210266113,-8.926770210266113,128
train,0,The small cow,The small cows,-1.183476209640503,-10.683476448059082,-5.408483505249023,-0.7834835648536682,-2.673562526702881,-1.1735625267028809,128
train,1,The small cows,The small cow,-0.7834835648536682,-5.408483505249023,-10.683476448059082,-1.183476209640503,-4.262745380401611,-2.3877453804016113,128
train,0,The timid rat,The timid rats,-11.420182228088379,-16.951431274414062,-18.60980987548828,-13.047309875488281,-15.725812911987305,-13.288312911987305,128
train,1,The timid rats,The timid rat,-13.047309875488281,-18.60980987548828,-16.951431274414062,-11.420182228088379,-14.614270210266113,-12.676770210266113,128
train,0,The small shark,The small sharks,-14.836161613464355,-15.648661613464355,-18.921615600585938,-15.296615600585938,-17.737743377685547,-14.800243377685547,128
train,1,The small sharks,The small shark,-15.296615600585938,-18.921615600585938,-15.648661613464355,-14.836161613464355,-14.858926773071289,-16.10892677307129,128
train,0,The quiet cow,The quiet cows,-15.798073768615723,-18.01682472229004,-20.088706970214844,-15.27620792388916,-17.477283477783203,-15.102283477783203,128
train,1,The quiet cows,The quiet cow,-15.27620792388916,-20.088706970214844,-18.01682472229004,-15.798073768615723,-17.394412994384766,-16.706912994384766,128
train,0,The bright doe,The bright does,-12.316256523132324,-14.128756523132324,-14.869280815124512,-12.869280815124512,-14.613249778747559,-12.738249778747559,128
train,1,The bright does,The bright doe,-12.869280815124512,-14.869280815124512,-14.128756523132324,-12.316256523132324,-15.644536972045898,-15.957036972045898,128
train,0,The nervous lion,The nervous lions,-11.114274978637695,-11.614274978637695,-13.1445894241333,-11.8320894241333,-11.784844398498535,-11.222344398498535,128
train,1,The nervous lions,The nervous lion,-11.8320894241333,-13.1445894241333,-11.614274978637695,-11.114274978637695,-11.45870304107666,-11.52120304107666,128
train,0,The sleepy dog,The sleepy dogs,-13.261874198913574,-15.761874198913574,-16.23259925842285,-10.732599258422852,-14.210770606994629,-10.523270606994629,128
train,1,The sleepy dogs,The sleepy dog,-10.732599258422852,-16.23259925842285,-15.761874198913574,-13.261874198913574,-13.022934913635254,-13.335434913635254,128
train,0,The calm horse,The calm horses,-11.42526626586914,-15.05026626586914,-16.67047691345215,-10.732976913452148,-12.940340042114258,-11.002840042114258,128
train,1,The calm horses,The calm horse,-10.732976913452148,-16.67047691345215,-15.05026626586914,-11.42526626586914,-13.024942398071289,-12.087442398071289,128
train,0,The small kitten,The small kittens,-16.062042236328125,-16.562042236328125,-20.58156967163086,-14.269070625305176,-18.275136947631836,-13.337637901306152,128
train,1,The small kittens,The small kitten,-14.269070625305176,-20.58156967163086,-16.562042236328125,-16.062042236328125,-14.993486404418945,-15.993486404418945,128
train,0,The timid turtle,The timid turtles,-16.80499267578125,-21.47686767578125,-20.1357364654541,-16.4794864654541,-16.617210388183594,-16.429710388183594,128
train,1,The timid turtles,The timid turtle,-16.4794864654541,-20.1357364654541,-21.47686767578125,-16.80499267578125,-19.816198348999023,-17.347448348999023,128
train,0,The fuzzy frog,The fuzzy frogs,-13.644722938537598,-15.144722938537598,-16.659412384033203,-13.22191333770752,-14.409210205078125,-13.596710205078125,128
train,1,The fuzzy frogs,The fuzzy frog,-13.22191333770752,-16.659412384033203,-15.144722938537598,-13.644722938537598,-13.79466438293457,-14.04466438293457,128
train,0,The small lion,The small lions,-13.336353302001953,-18.023853302001953,-18.023052215576172,-12.585552215576172,-14.790247917175293,-12.727747917175293,128
train,1,The small lions,The small lion,-12.585552215576172,-18.023052215576172,-18.023853302001953,-13.336353302001953,-15.540855407714844,-14.228355407714844,128
train,0,The fuzzy cow,The fuzzy cows,-14.68631362915039,-17.96756362915039,-17.44308853149414,-16.44308853149414,-16.064672470092773,-16.314672470092773,128
train,1,The fuzzy cows,The fuzzy cow,-16.44308853149414,-17.44308853149414,-17.96756362915039,-14.68631362915039,-17.14244842529297,-14.954949378967285,128
train,0,The nervous panda,The nervous pandas,-1.3471527099609375,-9.097152709960938,-4.392374038696289,-0.64237380027771,-1.911252737045288,-1.911252737045288,128
train,1,The nervous pandas,The nervous panda,-0.64237380027771,-4.392374038696289,-9.097152709960938,-1.3471527099609375,-2.7528576850891113,-1.7528575658798218,128
train,0,The small bat,The small bats,-13.141759872436523,-16.516759872436523,-18.868619918823242,-14.556119918823242,-16.609285354614258,-13.921785354614258,128
train,1,The small bats,The small bat,-14.556119918823242,-18.868619918823242,-16.516759872436523,-13.141759872436523,-14.855788230895996,-14.293288230895996,128
train,0,The slender horse,The slender horses,-15.049405097961426,-16.674406051635742,-17.12896156311035,-14.503960609436035,-14.56739616394043,-14.50489616394043,128
train,1,The slender horses,The slender horse,-14.503960609436035,-17.12896156311035,-16.674406051635742,-15.049405097961426,-15.744059562683105,-15.181559562683105,128
train,0,The timid panda,The timid pandas,-11.075121879577637,-15.325121879577637,-15.954279899597168,-9.391779899597168,-13.464278221130371,-9.339278221130371,128
train,1,The timid pandas,The timid panda,-9.391779899597168,-15.954279899597168,-15.325121879577637,-11.075121879577637,-11.944543838500977,-11.757043838500977,128
train,0,The timid chick,The timid chicks,-16.88836097717285,-20.41961097717285,-20.813377380371094,-15.907127380371094,-18.578575134277344,-15.203575134277344,128
train,1,The timid chicks,The timid chick,-15.907127380371094,-20.813377380371094,-20.41961097717285,-16.88836097717285,-19.075231552124023,-17.512731552124023,128
train,0,The small pup,The small pups,-14.205338478088379,-18.392837524414062,-18.24923324584961,-13.99923324584961,-16.036455154418945,-13.598955154418945,128
train,1,The small pups,The small pup,-13.99923324584961,-18.24923324584961,-18.392837524414062,-14.205338478088379,-15.463043212890625,-14.650543212890625,128
train,0,The bright kitten,The bright kittens,-11.930168151855469,-15.930168151855469,-15.754401206970215,-12.379401206970215,-13.587512016296387,-11.837512016296387,128
train,1,The bright kittens,The bright kitten,-12.379401206970215,-15.754401206970215,-15.930168151855469,-11.930168151855469,-13.280716896057129,-12.218216896057129,128
train,0,The small frog,The small frogs,-15.82028865814209,-20.382789611816406,-19.214248657226562,-14.995498657226562,-16.205883026123047,-14.955883979797363,128
train,1,The small frogs,The small frog,-14.995498657226562,-19.214248657226562,-20.382789611816406,-15.82028865814209,-19.192138671875,-15.567139625549316,128
train,0,The small kitten,The small kittens,-0.49954307079315186,-11.937043190002441,-8.644070625305176,-0.3940703868865967,-4.900137424468994,-0.5251376032829285,128
train,1,The small kittens,The small kitten,-0.3940703868865967,-8.644070625305176,-11.937043190002441,-0.49954307079315186,-4.4309868812561035,-0.6809868216514587,128
train,0,The nervous kit,The nervous kits,-0.7645323872566223,-8.639532089233398,-3.157670021057129,-1.407670021057129,-2.104618549346924,-1.9796184301376343,128
train,1,The nervous kits,The nervous kit,-1.407670021057129,-3.157670021057129,-8.639532089233398,-0.7645323872566223,-4.379448890686035,-1.2544491291046143,128
train,0,The nervous monitor,The nervous monitors,-0.8056012392044067,-9.305601119995117,-4.553895950317383,-2.803895950317383,-3.1596298217773438,-2.9096298217773438,128
train,1,The nervous monitors,The nervous monitor,-2.803895950317383,-4.553895950317383,-9.305601119995117,-0.8056012392044067,-6.820153713226318,-0.9451538324356079,128
train,0,The calm shark,The calm sharks,-8.249221801757812,-13.811721801757812,-12.412100791931152,-7.3496012687683105,-10.336833953857422,-7.46183443069458,128
train,1,The calm sharks,The calm shark,-7.3496012687683105,-12.412100791931152,-13.811721801757812,-8.249221801757812,-8.521992683410645,-9.146992683410645,128
train,0,The calm lion,The calm lions,-12.434796333312988,-17.497295379638672,-16.28095245361328,-11.718453407287598,-12.853798866271973,-11.791298866271973,128
train,1,The calm lions,The calm lion,-11.718453407287598,-16.28095245361328,-17.497295379638672,-12.434796333312988,-15.422049522399902,-13.484549522399902,128
train,0,The quiet cock,The quiet cocks,-16.022737503051758,-17.053987503051758,-16.65445899963379,-14.716958999633789,-16.40361785888672,-15.372367858886719,128
train,1,The quiet cocks,The quiet cock,-14.716958999633789,-16.65445899963379,-17.053987503051758,-16.022737503051758,-16.300724029541016,-16.050724029541016,128
train,0,The sleepy horse,The sleepy horses,-13.251729011535645,-15.001729011535645,-16.122665405273438,-12.310165405273438,-13.303668975830078,-12.428668975830078,128
train,1,The sleepy horses,The sleepy horse,-12.310165405273438,-16.122665405273438,-15.001729011535645,-13.251729011535645,-13.412419319152832,-13.787419319152832,128
train,0,The quiet cow,The quiet cows,-10.985573768615723,-17.86057472229004,-15.90120792388916,-11.15120792388916,-12.789783477783203,-11.352283477783203,128
train,1,The quiet cows,The quiet cow,-11.15120792388916,-15.90120792388916,-17.86057472229004,-10.985573768615723,-15.769412994384766,-11.706912994384766,128
train,0,The small cock,The small cocks,-10.707945823669434,-17.52044677734375,-5.476141452789307,-3.3511414527893066,-4.6873674392700195,-4.5623674392700195,128
train,1,The small cocks,The small cock,-3.3511414527893066,-5.476141452789307,-17.52044677734375,-10.707945823669434,-15.188410758972168,-11.063410758972168,128
train,0,The bright whale,The bright whales,-12.947834014892578,-14.197834014892578,-17.779972076416016,-11.904973030090332,-14.48741340637207,-11.48741340637207,128
train,1,The bright whales,The bright whale,-11.904973030090332,-17.779972076416016,-14.197834014892578,-12.947834014892578,-13.333610534667969,-13.521110534667969,128
train,0,The bright chick,The bright chicks,-14.309393882751465,-15.246893882751465,-18.88146209716797,-13.162711143493652,-17.525352478027344,-13.087852478027344,128
train,1,The bright chicks,The bright chick,-13.162711143493652,-18.88146209716797,-15.246893882751465,-14.309393882751465,-14.503854751586914,-16.128854751586914,128
train,0,The quiet monitor,The quiet monitors,-1.6550999879837036,-10.217599868774414,-6.027658462524414,-1.6526585817337036,-4.85735559463501,-1.9823555946350098,128
train,1,The quiet monitors,The quiet monitor,-1.6526585817337036,-6.027658462524414,-10.217599868774414,-1.6550999879837036,-7.032408237457275,-1.7824081182479858,128
train,0,The small turtle,The small turtles,-12.720718383789062,-16.845718383789062,-17.813121795654297,-13.375621795654297,-15.006429672241211,-13.756429672241211,128
train,1,The small turtles,The small turtle,-13.375621795654297,-17.813121795654297,-16.845718383789062,-12.720718383789062,-14.243693351745605,-12.806193351745605,128
train,0,The nervous shark,The nervous sharks,-12.760786056518555,-16.823286056518555,-15.713502883911133,-13.463502883911133,-14.366687774658203,-13.241687774658203,128
train,1,The nervous sharks,The nervous shark,-13.463502883911133,-15.713502883911133,-16.823286056518555,-12.760786056518555,-14.984746932983398,-13.797246932983398,128
train,0,The quiet doe,The quiet does,-12.723448753356934,-17.285947799682617,-20.081050872802734,-16.268550872802734,-19.391565322875977,-16.204065322875977,128
train,1,The quiet does,The quiet doe,-16.268550872802734,-20.081050872802734,-17.285947799682617,-12.723448753356934,-19.186609268188477,-16.561609268188477,128
train,0,The bright doe,The bright does,-13.628756523132324,-14.691256523132324,-18.244281768798828,-15.369280815124512,-18.175750732421875,-15.488249778747559,128
train,1,The bright does,The bright doe,-15.369280815124512,-18.244281768798828,-14.691256523132324,-13.628756523132324,-16.3320369720459,-16.6445369720459,128
train,0,The nervous rat,The nervous rats,-12.769270896911621,-17.894269943237305,-15.901455879211426,-12.588955879211426,-14.485739707946777,-13.110739707946777,128
train,1,The nervous rats,The nervous rat,-12.588955879211426,-15.901455879211426,-17.894269943237305,-12.769270896911621,-15.933181762695312,-13.245681762695312,128
train,0,The slender kit,The slender kits,-1.9210000038146973,-9.733499526977539,-8.955170631408691,-4.580170631408691,-7.714542388916016,-4.964542388916016,128
train,1,The slender kits,The slender kit,-4.580170631408691,-8.955170631408691,-9.733499526977539,-1.9210000038146973,-4.163118362426758,-2.788118362426758,128
train,0,The quiet doe,The quiet does,-16.348447799682617,-17.660947799682617,-20.768550872802734,-16.268550872802734,-20.766565322875977,-16.516565322875977,128
train,1,The quiet does,The quiet doe,-16.268550872802734,-20.768550872802734,-17.660947799682617,-16.348447799682617,-19.967859268188477,-19.686609268188477,128
train,0,The bright pup,The bright pups,-12.050466537475586,-17.519216537475586,-12.986781120300293,-12.049281120300293,-11.882549285888672,-11.507549285888672,128
train,1,The bright pups,The bright pup,-12.049281120300293,-12.986781120300293,-17.519216537475586,-12.050466537475586,-19.37177085876465,-13.496770858764648,128
train,0,The sleepy rat,The sleepy rats,-12.329304695129395,-15.954304695129395,-15.947935104370117,-12.572935104370117,-13.663938522338867,-12.413938522338867,128
train,1,The sleepy rats,The sleepy rat,-12.572935104370117,-15.947935104370117,-15.954304695129395,-12.329304695129395,-13.873922348022461,-13.498922348022461,128
train,0,The sleepy bat,The sleepy bats,-11.899961471557617,-15.087461471557617,-15.631265640258789,-10.756265640258789,-14.213891983032227,-10.963891983032227,128
train,1,The sleepy bats,The sleepy bat,-10.756265640258789,-15.631265640258789,-15.087461471557617,-11.899961471557617,-13.736405372619629,-12.173905372619629,128
train,0,The sleepy turtle,The sleepy turtles,-13.00377368927002,-16.753772735595703,-17.54764747619629,-13.422648429870605,-14.243889808654785,-12.931389808654785,128
train,1,The sleepy turtles,The sleepy turtle,-13.422648429870605,-17.54764747619629,-16.753772735595703,-13.00377368927002,-15.340065002441406,-13.840065002441406,128
train,0,The timid horse,The timid horses,-7.517056465148926,-10.329556465148926,-12.827906608581543,-7.765406608581543,-9.665043830871582,-7.85254430770874,128
train,1,The timid horses,The timid horse,-7.765406608581543,-12.827906608581543,-10.329556465148926,-7.517056465148926,-9.249311447143555,-7.9368109703063965,128
train,0,The small cow,The small cows,-10.058476448059082,-16.120975494384766,-14.595983505249023,-11.658483505249023,-12.548563003540039,-11.861063003540039,128
train,1,The small cows,The small cow,-11.658483505249023,-14.595983505249023,-16.120975494384766,-10.058476448059082,-13.950244903564453,-11.575244903564453,128
train,0,The bright lion,The bright lions,-12.127915382385254,-14.002915382385254,-14.516044616699219,-11.578544616699219,-13.043940544128418,-11.543940544128418,128
train,1,The bright lions,The bright lion,-11.578544616699219,-14.516044616699219,-14.002915382385254,-12.127915382385254,-13.666389465332031,-12.728889465332031,128
train,0,The bright horse,The bright horses,-1.4122285842895508,-9.34972858428955,-6.26121711730957,-1.7612173557281494,-2.650341272354126,-2.400341272354126,128
train,1,The bright horses,The bright horse,-1.7612173557281494,-6.26121711730957,-9.34972858428955,-1.4122285842895508,-4.367769241333008,-1.9927691221237183,128
train,0,The nervous rabbit,The nervous rabbits,-12.134550094604492,-16.009550094604492,-14.323309898376465,-11.635809898376465,-12.011783599853516,-12.136783599853516,128
train,1,The nervous rabbits,The nervous rabbit,-11.635809898376465,-14.323309898376465,-16.009550094604492,-12.134550094604492,-14.317208290100098,-12.442208290100098,128
train,0,The timid monitor,The timid monitors,-14.201047897338867,-18.451047897338867,-13.113974571228027,-8.301474571228027,-12.052881240844727,-8.615381240844727,128
train,1,The timid monitors,The timid monitor,-8.301474571228027,-13.113974571228027,-18.451047897338867,-14.201047897338867,-15.349169731140137,-13.411669731140137,128
train,0,The sleepy rabbit,The sleepy rabbits,-12.787943840026855,-15.787943840026855,-18.67751121520996,-13.708761215209961,-15.12467098236084,-12.99967098236084,128
train,1,The sleepy rabbits,The sleepy rabbit,-13.708761215209961,-18.67751121520996,-15.787943840026855,-12.787943840026855,-15.220998764038086,-13.470998764038086,128
train,0,The small dog,The small dogs,-6.0171403884887695,-10.64214038848877,-12.055652618408203,-7.993152618408203,-9.552456855773926,-7.302456855773926,128
train,1,The small dogs,The small dog,-7.993152618408203,-12.055652618408203,-10.64214038848877,-6.0171403884887695,-9.130654335021973,-6.755654335021973,128
train,0,The bright shark,The bright sharks,-0.7422957420349121,-8.24229621887207,-5.571915149688721,-0.6969150900840759,-3.5505740642547607,-0.8005741238594055,128
train,1,The bright sharks,The bright shark,-0.6969150900840759,-5.571915149688721,-8.24229621887207,-0.7422957420349121,-1.2483927011489868,-2.6233925819396973,128
train,0,The sleepy dog,The sleepy dogs,-0.5743740797042847,-11.074374198913574,-6.29509973526001,-1.1700997352600098,-3.710770606994629,-1.3357707262039185,128
train,1,The sleepy dogs,The sleepy dog,-1.1700997352600098,-6.29509973526001,-11.074374198913574,-0.5743740797042847,-3.835434675216675,-0.96043461561203,128
train,0,The sleepy shark,The sleepy sharks,-11.033818244934082,-11.283818244934082,-14.179513931274414,-9.617013931274414,-12.711812973022461,-9.336812973022461,128
train,1,The sleepy sharks,The sleepy shark,-9.617013931274414,-14.179513931274414,-11.283818244934082,-11.033818244934082,-9.608760833740234,-12.296260833740234,128
train,0,The sleepy doe,The sleepy does,-14.322668075561523,-15.697668075561523,-17.418428421020508,-14.355927467346191,-17.4744815826416,-14.661980628967285,128
train,1,The sleepy does,The sleepy doe,-14.355927467346191,-17.418428421020508,-15.697668075561523,-14.322668075561523,-15.215229988098145,-14.840229988098145,128
train,0,The bright turtle,The bright turtles,-13.71997356414795,-17.844974517822266,-17.05303192138672,-14.115530967712402,-15.301033973693848,-14.238533973693848,128
train,1,The bright turtles,The bright turtle,-14.115530967712402,-17.05303192138672,-17.844974517822266,-13.71997356414795,-14.828325271606445,-15.015825271606445,128
train,0,The sleepy frog,The sleepy frogs,-10.868780136108398,-15.493780136108398,-16.854326248168945,-12.479325294494629,-12.748475074768066,-11.998475074768066,128
train,1,The sleepy frogs,The sleepy frog,-12.479325294494629,-16.854326248168945,-15.493780136108398,-10.868780136108398,-14.055625915527344,-11.430625915527344,128
train,0,The quiet pup,The quiet pups,-6.516940593719482,-12.32944107055664,-11.624228477478027,-8.936728477478027,-9.040210723876953,-9.040210723876953,128
train,1,The quiet pups,The quiet pup,-8.936728477478027,-11.624228477478027,-12.32944107055664,-6.516940593719482,-9.928306579589844,-7.928306579589844,128
train,0,The timid chick,The timid chicks,-11.513361930847168,-14.575861930847168,-17.907127380371094,-12.219627380371094,-16.203575134277344,-12.203575134277344,128
train,1,The timid chicks,The timid chick,-12.219627380371094,-17.907127380371094,-14.575861930847168,-11.513361930847168,-12.700231552124023,-11.950231552124023,128
train,0,The calm rat,The calm rats,-11.4320707321167,-13.1195707321167,-12.876143455505371,-11.438643455505371,-12.165085792541504,-11.665085792541504,128
train,1,The calm rats,The calm rat,-11.438643455505371,-12.876143455505371,-13.1195707321167,-11.4320707321167,-12.562507629394531,-11.937507629394531,128
train,0,The quiet monitor,The quiet monitors,-13.092599868774414,-14.217599868774414,-13.965158462524414,-12.715158462524414,-13.419855117797852,-12.482355117797852,128
train,1,The quiet monitors,The quiet monitor,-12.715158462524414,-13.965158462524414,-14.217599868774414,-13.092599868774414,-13.907407760620117,-13.532407760620117,128
train,0,The small lion,The small lions,-13.398853302001953,-15.273853302001953,-17.648052215576172,-13.085552215576172,-15.165247917175293,-13.040247917175293,128
train,1,The small lions,The small lion,-13.085552215576172,-17.648052215576172,-15.273853302001953,-13.398853302001953,-13.915855407714844,-14.165855407714844,128
train,0,The quiet kitten,The quiet kittens,-17.370403289794922,-22.042278289794922,-20.932544708251953,-16.307544708251953,-18.069202423095703,-16.100452423095703,128
train,1,The quiet kittens,The quiet kitten,-16.307544708251953,-20.932544708251953,-22.042278289794922,-17.370403289794922,-18.874183654785156,-17.592933654785156,128
train,0,The fuzzy dog,The fuzzy dogs,-9.627803802490234,-12.565303802490234,-14.099128723144531,-9.599128723144531,-12.8831148147583,-9.5081148147583,128
train,1,The fuzzy dogs,The fuzzy dog,-9.599128723144531,-14.099128723144531,-12.565303802490234,-9.627803802490234,-9.909934043884277,-11.284934043884277,128
train,0,The fuzzy whale,The fuzzy whales,-1.9479789733886719,-9.447978973388672,-6.036407470703125,-0.536407470703125,-3.202353000640869,-0.8273530602455139,128
train,1,The fuzzy whales,The fuzzy whale,-0.536407470703125,-6.036407470703125,-9.447978973388672,-1.9479789733886719,-4.972172260284424,-4.097172260284424,128
train,0,The fuzzy dog,The fuzzy dogs,-11.627803802490234,-14.690303802490234,-15.724128723144531,-12.536628723144531,-14.4456148147583,-12.1956148147583,128
train,1,The fuzzy dogs,The fuzzy dog,-12.536628723144531,-15.724128723144531,-14.690303802490234,-11.627803802490234,-12.097434043884277,-12.784934043884277,128
train,0,The small kit,The small kits,-11.483648300170898,-14.108648300170898,-15.630674362182617,-13.443174362182617,-15.47060775756836,-14.03310775756836,128
train,1,The small kits,The small kit,-13.443174362182617,-15.630674362182617,-14.108648300170898,-11.483648300170898,-13.48408317565918,-12.17158317565918,128
train,0,The slender dog,The slender dogs,-15.633731842041016,-16.696231842041016,-15.721315383911133,-14.596315383911133,-14.901192665100098,-13.901192665100098,128
train,1,The slender dogs,The slender dog,-14.596315383911133,-15.721315383911133,-16.696231842041016,-15.633731842041016,-16.580623626708984,-16.268123626708984,128
train,0,The bright panda,The bright pandas,-11.604851722717285,-12.292351722717285,-17.57520866394043,-11.325207710266113,-15.759119033813477,-10.946619033813477,128
train,1,The bright pandas,The bright panda,-11.325207710266113,-17.57520866394043,-12.292351722717285,-11.604851722717285,-10.503494262695312,-13.440994262695312,128
train,0,The sleepy cow,The sleepy cows,-14.529934883117676,-15.529934883117676,-19.818471908569336,-17.193471908569336,-17.5826473236084,-15.770148277282715,128
train,1,The sleepy cows,The sleepy cow,-17.193471908569336,-19.818471908569336,-15.529934883117676,-14.529934883117676,-15.360475540161133,-15.172975540161133,128
train,0,The quiet dog,The quiet dogs,-0.8496015667915344,-10.349601745605469,-6.397397518157959,-1.0223976373672485,-3.337850332260132,-1.4628503322601318,128
train,1,The quiet dogs,The quiet dog,-1.0223976373672485,-6.397397518157959,-10.349601745605469,-0.8496015667915344,-3.4370570182800293,-1.4370571374893188,128
train,0,The fuzzy dog,The fuzzy dogs,-7.565303802490234,-11.565303802490234,-11.474128723144531,-7.724128723144531,-10.1956148147583,-7.633114814758301,128
train,1,The fuzzy dogs,The fuzzy dog,-7.724128723144531,-11.474128723144531,-11.565303802490234,-7.565303802490234,-8.284934043884277,-8.972434043884277,128
train,0,The fuzzy kit,The fuzzy kits,-11.036103248596191,-12.598603248596191,-15.848977088928223,-13.286477088928223,-15.31198787689209,-13.43698787689209,128
train,1,The fuzzy kits,The fuzzy kit,-13.286477088928223,-15.848977088928223,-12.598603248596191,-11.036103248596191,-12.085302352905273,-11.335302352905273,128
train,0,The small doe,The small does,-10.605015754699707,-12.980015754699707,-20.26835060119629,-17.33085060119629,-19.70698356628418,-17.01948356628418,128
train,1,The small does,The small doe,-17.33085060119629,-20.26835060119629,-12.980015754699707,-10.605015754699707,-11.77876091003418,-10.90376091003418,128
train,0,The bright pup,The bright pups,-4.300466060638428,-11.425466537475586,-5.799281120300293,-1.1742812395095825,-3.632549285888672,-1.5075494050979614,128
train,1,The bright pups,The bright pup,-1.1742812395095825,-5.799281120300293,-11.425466537475586,-4.300466060638428,-8.621770858764648,-6.996770858764648,128
train,0,The slender pup,The slender pups,-14.889913558959961,-16.63991355895996,-16.539630889892578,-12.664630889892578,-14.169838905334473,-11.732338905334473,128
train,1,The slender pups,The slender pup,-12.664630889892578,-16.539630889892578,-16.63991355895996,-14.889913558959961,-16.40473175048828,-17.40473175048828,128
train,0,The slender chick,The slender chicks,-4.914676666259766,-13.602176666259766,-9.591545104980469,-3.9665451049804688,-6.351938247680664,-3.601938247680664,128
train,1,The slender chicks,The slender chick,-3.9665451049804688,-9.591545104980469,-13.602176666259766,-4.914676666259766,-9.449689865112305,-5.6996893882751465,128
train,0,The fuzzy shark,The fuzzy sharks,-0.5862246155738831,-8.836224555969238,-6.016825199127197,-0.5168253779411316,-3.7530863285064697,-0.628086268901825,128
train,1,The fuzzy sharks,The fuzzy shark,-0.5168253779411316,-6.016825199127197,-8.836224555969238,-0.5862246155738831,-1.3541619777679443,-1.8541619777679443,128
train,0,The nervous pup,The nervous pups,-2.307865619659424,-10.120365142822266,-4.297632217407227,-1.0476323366165161,-2.8528103828430176,-1.602810263633728,128
train,1,The nervous pups,The nervous pup,-1.0476323366165161,-4.297632217407227,-10.120365142822266,-2.307865619659424,-7.6691155433654785,-3.7941155433654785,128
train,0,The slender cock,The slender cocks,-16.5804443359375,-17.9554443359375,-13.578540802001953,-9.078540802001953,-12.353214263916016,-10.290714263916016,128
train,1,The slender cocks,The slender cock,-9.078540802001953,-13.578540802001953,-17.9554443359375,-16.5804443359375,-17.966625213623047,-17.966625213623047,128
train,0,The sleepy kit,The sleepy kits,-13.709274291992188,-17.771774291992188,-20.408676147460938,-17.189926147460938,-19.19420623779297,-16.66295623779297,128
train,1,The sleepy kits,The sleepy kit,-17.189926147460938,-20.408676147460938,-17.771774291992188,-13.709274291992188,-16.507293701171875,-14.257293701171875,128
train,0,The bright rabbit,The bright rabbits,-12.697347640991211,-15.634847640991211,-17.164270401000977,-12.976770401000977,-14.568862915039062,-12.631362915039062,128
train,1,The bright rabbits,The bright rabbit,-12.976770401000977,-17.164270401000977,-15.634847640991211,-12.697347640991211,-14.389763832092285,-13.514763832092285,128
train,0,The sleepy frog,The sleepy frogs,-14.306280136108398,-17.2437801361084,-17.979326248168945,-13.791825294494629,-15.248475074768066,-14.060975074768066,128
train,1,The sleepy frogs,The sleepy frog,-13.791825294494629,-17.979326248168945,-17.2437801361084,-14.306280136108398,-15.243125915527344,-14.305625915527344,128
train,0,The bright whale,The bright whales,-15.072834014892578,-15.322834014892578,-18.154972076416016,-15.154973030090332,-16.29991340637207,-15.23741340637207,128
train,1,The bright whales,The bright whale,-15.154973030090332,-18.154972076416016,-15.322834014892578,-15.072834014892578,-14.896110534667969,-15.396110534667969,128
train,0,The fuzzy kitten,The fuzzy kittens,-10.072006225585938,-11.384506225585938,-14.509876251220703,-9.509876251220703,-13.019373893737793,-9.581873893737793,128
train,1,The fuzzy kittens,The fuzzy kitten,-9.509876251220703,-14.509876251220703,-11.384506225585938,-10.072006225585938,-9.131072998046875,-10.381072998046875,128
train,0,The nervous panda,The nervous pandas,-12.909652709960938,-14.097152709960938,-16.26737403869629,-13.392374038696289,-15.036252975463867,-13.536252975463867,128
train,1,The nervous pandas,The nervous panda,-13.392374038696289,-16.26737403869629,-14.097152709960938,-12.909652709960938,-12.940357208251953,-13.815357208251953,128
train,0,The bright cow,The bright cows,-0.7782961130142212,-10.52829647064209,-5.970928192138672,-0.8459283113479614,-3.2132933139801025,-1.2132933139801025,128
train,1,The bright cows,The bright cow,-0.8459283113479614,-5.970928192138672,-10.52829647064209,-0.7782961130142212,-4.222961902618408,-1.2229619026184082,128
train,0,The quiet pup,The quiet pups,-14.57944107055664,-15.76694107055664,-18.37422752380371,-13.249228477478027,-16.540210723876953,-13.227710723876953,128
train,1,The quiet pups,The quiet pup,-13.249228477478027,-18.37422752380371,-15.76694107055664,-14.57944107055664,-15.678306579589844,-16.303306579589844,128
train,0,The timid dolphin,The timid dolphins,-10.642343521118164,-13.892343521118164,-18.287517547607422,-10.256268501281738,-15.834015846252441,-9.771515846252441,128
train,1,The timid dolphins,The timid dolphin,-10.256268501281738,-18.287517547607422,-13.892343521118164,-10.642343521118164,-11.340776443481445,-12.528276443481445,128
train,0,The timid cow,The timid cows,-15.318655967712402,-20.943655014038086,-21.9970760345459,-17.6533260345459,-18.204875946044922,-16.923625946044922,128
train,1,The timid cows,The timid cow,-17.6533260345459,-21.9970760345459,-20.943655014038086,-15.318655967712402,-19.813520431518555,-16.657270431518555,128
train,0,The calm pup,The calm pups,-1.358853816986084,-9.733854293823242,-5.960360527038574,-0.9603607654571533,-3.3319315910339355,-1.4569315910339355,128
train,1,The calm pups,The calm pup,-0.9603607654571533,-5.960360527038574,-9.733854293823242,-1.358853816986084,-4.772528648376465,-2.147528648376465,128
train,0,The calm shark,The calm sharks,-9.874221801757812,-12.186721801757812,-13.974600791931152,-9.724600791931152,-12.399333953857422,-9.961833953857422,128
train,1,The calm sharks,The calm shark,-9.724600791931152,-13.974600791931152,-12.186721801757812,-9.874221801757812,-9.896992683410645,-11.209492683410645,128
train,0,The sleepy kitten,The sleepy kittens,-0.5128679871559143,-11.95036792755127,-8.27303409576416,-0.27303409576416016,-4.615187644958496,-0.490187406539917,128
train,1,The sleepy kittens,The sleepy kitten,-0.27303409576416016,-8.27303409576416,-11.95036792755127,-0.5128679871559143,-4.027738094329834,-0.9027379751205444,128
train,0,The slender turtle,The slender turtles,-13.415897369384766,-18.322147369384766,-17.61310577392578,-14.425604820251465,-14.382808685302734,-14.007808685302734,128
train,1,The slender turtles,The slender turtle,-14.425604820251465,-17.61310577392578,-18.322147369384766,-13.415897369384766,-16.34653663635254,-13.784037590026855,128
train,0,The timid monitor,The timid monitors,-14.076047897338867,-17.763547897338867,-12.988974571228027,-9.301474571228027,-12.052881240844727,-9.490381240844727,128
train,1,The timid monitors,The timid monitor,-9.301474571228027,-12.988974571228027,-17.763547897338867,-14.076047897338867,-16.161670684814453,-13.911669731140137,128
train,0,The slender cock,The slender cocks,-21.2366943359375,-21.7054443359375,-18.141040802001953,-14.516040802001953,-17.790714263916016,-16.040714263916016,128
train,1,The slender cocks,The slender cock,-14.516040802001953,-18.141040802001953,-21.7054443359375,-21.2366943359375,-21.654125213623047,-22.122875213623047,128
train,0,The timid cow,The timid cows,-11.943655967712402,-16.068655014038086,-17.5908260345459,-11.028326034545898,-14.173626899719238,-11.236126899719238,128
train,1,The timid cows,The timid cow,-11.028326034545898,-17.5908260345459,-16.068655014038086,-11.943655967712402,-14.407269477844238,-13.094769477844238,128
train,0,The fuzzy frog,The fuzzy frogs,-14.019722938537598,-17.98847198486328,-17.721912384033203,-14.09691333770752,-15.096710205078125,-14.846710205078125,128
train,1,The fuzzy frogs,The fuzzy frog,-14.09691333770752,-17.721912384033203,-17.98847198486328,-14.019722938537598,-16.23216438293457,-14.35716438293457,128
train,0,The timid lion,The timid lions,-11.827262878417969,-15.014762878417969,-15.968567848205566,-12.468567848205566,-12.91349983215332,-12.22599983215332,128
train,1,The timid lions,The timid lion,-12.468567848205566,-15.968567848205566,-15.014762878417969,-11.827262878417969,-14.408228874206543,-13.095728874206543,128
train,0,The quiet turtle,The quiet turtles,-14.29491901397705,-19.013669967651367,-17.27964210510254,-13.779641151428223,-13.885687828063965,-14.073187828063965,128
train,1,The quiet turtles,The quiet turtle,-13.779641151428223,-17.27964210510254,-19.013669967651367,-14.29491901397705,-16.09244155883789,-14.84244155883789,128
train,0,The small dolphin,The small dolphins,-1.010362148284912,-9.76036262512207,-8.18187141418457,-0.8068718314170837,-4.615785121917725,-0.8657850027084351,128
train,1,The small dolphins,The small dolphin,-0.8068718314170837,-8.18187141418457,-9.76036262512207,-1.010362148284912,-3.7899348735809326,-1.6649348735809326,128
train,0,The sleepy dog,The sleepy dogs,-12.011874198913574,-17.011873245239258,-15.295099258422852,-11.045099258422852,-13.210770606994629,-10.773270606994629,128
train,1,The sleepy dogs,The sleepy dog,-11.045099258422852,-15.295099258422852,-17.011873245239258,-12.011874198913574,-13.710434913635254,-12.210434913635254,128
train,0,The sleepy chick,The sleepy chicks,-10.608577728271484,-12.671077728271484,-16.67316436767578,-11.298164367675781,-14.251459121704102,-10.876459121704102,128
train,1,The sleepy chicks,The sleepy chick,-11.298164367675781,-16.67316436767578,-12.671077728271484,-10.608577728271484,-10.867927551269531,-11.055427551269531,128
train,0,The small bat,The small bats,-9.266759872436523,-16.266759872436523,-16.181119918823242,-10.118619918823242,-13.921785354614258,-9.921785354614258,128
train,1,The small bats,The small bat,-10.118619918823242,-16.181119918823242,-16.266759872436523,-9.266759872436523,-11.293288230895996,-10.043288230895996,128
train,0,The fuzzy panda,The fuzzy pandas,-0.7441390156745911,-8.494138717651367,-3.604177951812744,-0.7291779518127441,-1.7718613147735596,-1.3968613147735596,128
train,1,The fuzzy pandas,The fuzzy panda,-0.7291779518127441,-3.604177951812744,-8.494138717651367,-0.7441390156745911,-1.8961381912231445,-1.5211381912231445,128
train,0,The nervous frog,The nervous frogs,-1.2210179567337036,-10.096017837524414,-5.352129936218262,-1.7271299362182617,-2.8017828464508057,-2.8017828464508057,128
train,1,The nervous frogs,The nervous frog,-1.7271299362182617,-5.352129936218262,-10.096017837524414,-1.2210179567337036,-5.794063568115234,-1.7940634489059448,128
train,0,The quiet frog,The quiet frogs,-11.938894271850586,-12.501394271850586,-15.523653030395508,-11.648653030395508,-13.046849250793457,-11.359349250793457,128
train,1,The quiet frogs,The quiet frog,-11.648653030395508,-15.523653030395508,-12.501394271850586,-11.938894271850586,-11.382761001586914,-12.132761001586914,128
train,0,The fuzzy chick,The fuzzy chicks,-1.0869941711425781,-9.274494171142578,-5.758327484130859,-0.6333274841308594,-3.1812849044799805,-0.9312847852706909,128
train,1,The fuzzy chicks,The fuzzy chick,-0.6333274841308594,-5.758327484130859,-9.274494171142578,-1.0869941711425781,-4.1935529708862305,-2.0685532093048096,128
train,0,The quiet kitten,The quiet kittens,-16.995403289794922,-17.495403289794922,-19.838794708251953,-15.37004566192627,-17.537952423095703,-14.22545337677002,128
train,1,The quiet kittens,The quiet kitten,-15.37004566192627,-19.838794708251953,-17.495403289794922,-16.995403289794922,-15.905433654785156,-17.374183654785156,128
train,0,The timid whale,The timid whales,-11.360065460205078,-14.735065460205078,-14.73724365234375,-8.79974365234375,-12.189592361450195,-9.314592361450195,128
train,1,The timid whales,The timid whale,-8.79974365234375,-14.73724365234375,-14.735065460205078,-11.360065460205078,-12.908255577087402,-12.220755577087402,128
train,0,The sleepy whale,The sleepy whales,-9.241591453552246,-12.741591453552246,-13.818182945251465,-9.818182945251465,-11.535196304321289,-9.597696304321289,128
train,1,The sleepy whales,The sleepy whale,-9.818182945251465,-13.818182945251465,-12.741591453552246,-9.241591453552246,-11.392800331115723,-9.892800331115723,128
train,0,The nervous rabbit,The nervous rabbits,-1.8845502138137817,-9.634550094604492,-4.635809898376465,-1.2608096599578857,-2.3242833614349365,-2.4492833614349365,128
train,1,The nervous rabbits,The nervous rabbit,-1.2608096599578857,-4.635809898376465,-9.634550094604492,-1.8845502138137817,-4.942208290100098,-1.9422085285186768,128
train,0,The slender lion,The slender lions,-14.244684219360352,-16.55718421936035,-14.302104949951172,-10.364604949951172,-13.29784870147705,-11.36034870147705,128
train,1,The slender lions,The slender lion,-10.364604949951172,-14.302104949951172,-16.55718421936035,-14.244684219360352,-15.062763214111328,-14.312763214111328,128
train,0,The fuzzy dolphin,The fuzzy dolphins,-0.6462530493736267,-8.896252632141113,-5.978876113891602,-0.6038761138916016,-4.263083457946777,-0.638083279132843,128
train,1,The fuzzy dolphins,The fuzzy dolphin,-0.6038761138916016,-5.978876113891602,-8.896252632141113,-0.6462530493736267,-1.8270851373672485,-1.5770851373672485,128
train,0,The bright whale,The bright whales,-0.8228338360786438,-9.197834014892578,-5.154973030090332,-0.9049727916717529,-2.1124134063720703,-1.3624132871627808,128
train,1,The bright whales,The bright whale,-0.9049727916717529,-5.154973030090332,-9.197834014892578,-0.8228338360786438,-5.208610534667969,-0.9586107730865479,128
train,0,The nervous lion,The nervous lions,-11.551774978637695,-15.051774978637695,-14.2695894241333,-10.6445894241333,-11.972344398498535,-11.409844398498535,128
train,1,The nervous lions,The nervous lion,-10.6445894241333,-14.2695894241333,-15.051774978637695,-11.551774978637695,-13.58370304107666,-11.95870304107666,128
train,0,The nervous shark,The nervous sharks,-13.885786056518555,-18.635786056518555,-17.776002883911133,-14.151002883911133,-15.991687774658203,-13.866687774658203,128
train,1,The nervous sharks,The nervous shark,-14.151002883911133,-17.776002883911133,-18.635786056518555,-13.885786056518555,-15.297246932983398,-14.859746932983398,128
train,0,The timid kitten,The timid kittens,-0.9198480844497681,-12.419848442077637,-9.144163131713867,-0.5191629528999329,-4.883215427398682,-0.7582152485847473,128
train,1,The timid kittens,The timid kitten,-0.5191629528999329,-9.144163131713867,-12.419848442077637,-0.9198480844497681,-4.449609756469727,-1.4496095180511475,128
train,0,The nervous shark,The nervous sharks,-0.7607860565185547,-8.635786056518555,-4.901003360748291,-0.6510032415390015,-2.9291880130767822,-0.9291879534721375,128
train,1,The nervous sharks,The nervous shark,-0.6510032415390015,-4.901003360748291,-8.635786056518555,-0.7607860565185547,-2.5472469329833984,-1.1722469329833984,128
train,0,The fuzzy shark,The fuzzy sharks,-9.586224555969238,-10.211224555969238,-14.454325675964355,-9.016825675964355,-12.94058609008789,-8.87808609008789,128
train,1,The fuzzy sharks,The fuzzy shark,-9.016825675964355,-14.454325675964355,-10.211224555969238,-9.586224555969238,-8.604162216186523,-11.416662216186523,128
train,0,The quiet panda,The quiet pandas,-0.782042384147644,-9.782042503356934,-6.362933158874512,-0.48793306946754456,-3.3611936569213867,-0.7361937761306763,128
train,1,The quiet pandas,The quiet panda,-0.48793306946754456,-6.362933158874512,-9.782042503356934,-0.782042384147644,-2.7384135723114014,-1.3634135723114014,128
train,0,The bright horse,The bright horses,-13.91222858428955,-16.349727630615234,-17.76121711730957,-12.69871711730957,-14.775341033935547,-12.837841033935547,128
train,1,The bright horses,The bright horse,-12.69871711730957,-17.76121711730957,-16.349727630615234,-13.91222858428955,-14.617769241333008,-14.742769241333008,128
train,0,The slender doe,The slender does,-7.711080074310303,-13.836080551147461,-16.766115188598633,-12.828615188598633,-15.769671440124512,-12.582171440124512,128
train,1,The slender does,The slender doe,-12.828615188598633,-16.766115188598633,-13.836080551147461,-7.711080074310303,-13.107749938964844,-9.107749938964844,128
train,0,The fuzzy turtle,The fuzzy turtles,-13.519673347473145,-15.769673347473145,-16.269609451293945,-12.207109451293945,-14.350013732910156,-12.287513732910156,128
train,1,The fuzzy turtles,The fuzzy turtle,-12.207109451293945,-16.269609451293945,-15.769673347473145,-13.519673347473145,-14.26140308380127,-14.19890308380127,128
train,0,The fuzzy lion,The fuzzy lions,-11.160244941711426,-12.910244941711426,-14.211666107177734,-11.774166107177734,-12.085773468017578,-11.398273468017578,128
train,1,The fuzzy lions,The fuzzy lion,-11.774166107177734,-14.211666107177734,-12.910244941711426,-11.160244941711426,-12.38880729675293,-11.82630729675293,128
train,0,The nervous bat,The nervous bats,-1.384133219718933,-8.884133338928223,-3.8553593158721924,-1.4803593158721924,-2.5852534770965576,-2.2102534770965576,128
train,1,The nervous bats,The nervous bat,-1.4803593158721924,-3.8553593158721924,-8.884133338928223,-1.384133219718933,-7.026473045349121,-1.6514729261398315,128
train,0,The sleepy bat,The sleepy bats,-0.6499617099761963,-10.399961471557617,-6.006265640258789,-1.0062658786773682,-3.6513917446136475,-1.1513917446136475,128
train,1,The sleepy bats,The sleepy bat,-1.0062658786773682,-6.006265640258789,-10.399961471557617,-0.6499617099761963,-5.861405849456787,-0.8614057898521423,128
train,0,The slender doe,The slender does,-12.211080551147461,-14.211080551147461,-18.266115188598633,-12.828615188598633,-17.457170486450195,-12.394671440124512,128
train,1,The slender does,The slender doe,-12.828615188598633,-18.266115188598633,-14.211080551147461,-12.211080551147461,-13.107749938964844,-12.795249938964844,128
train,0,The bright bat,The bright bats,-11.56352424621582,-14.31352424621582,-15.516603469848633,-13.641603469848633,-14.455636024475098,-13.955636024475098,128
train,1,The bright bats,The bright bat,-13.641603469848633,-15.516603469848633,-14.31352424621582,-11.56352424621582,-13.505912780761719,-12.318412780761719,128
train,0,The nervous chick,The nervous chicks,-14.248866081237793,-17.37386703491211,-17.42753028869629,-15.177530288696289,-14.794833183288574,-14.669833183288574,128
train,1,The nervous chicks,The nervous chick,-15.177530288696289,-17.42753028869629,-17.37386703491211,-14.248866081237793,-17.20186424255371,-15.076864242553711,128
train,0,The fuzzy lion,The fuzzy lions,-12.785244941711426,-16.285245895385742,-17.336666107177734,-13.586666107177734,-14.585773468017578,-13.585773468017578,128
train,1,The fuzzy lions,The fuzzy lion,-13.586666107177734,-17.336666107177734,-16.285245895385742,-12.785244941711426,-14.88880729675293,-13.13880729675293,128
train,0,The calm doe,The calm does,-12.275609016418457,-15.338109016418457,-18.139083862304688,-14.201583862304688,-17.576446533203125,-14.451447486877441,128
train,1,The calm does,The calm doe,-14.201583862304688,-18.139083862304688,-15.338109016418457,-12.275609016418457,-14.216418266296387,-13.028918266296387,128
train,0,The bright lion,The bright lions,-10.752915382385254,-12.565415382385254,-13.391044616699219,-11.578544616699219,-11.731440544128418,-11.481440544128418,128
train,1,The bright lions,The bright lion,-11.578544616699219,-13.391044616699219,-12.565415382385254,-10.752915382385254,-12.228889465332031,-11.353889465332031,128
train,0,The nervous doe,The nervous does,-10.47452163696289,-12.41202163696289,-16.1650390625,-13.1025390625,-15.784582138061523,-12.847082138061523,128
train,1,The nervous does,The nervous doe,-13.1025390625,-16.1650390625,-12.41202163696289,-10.47452163696289,-13.061677932739258,-11.874177932739258,128
train,0,The sleepy monitor,The sleepy monitors,-16.05179214477539,-19.30179214477539,-13.152142524719238,-9.714642524719238,-12.15363883972168,-9.84113883972168,128
train,1,The sleepy monitors,The sleepy monitor,-9.714642524719238,-13.152142524719238,-19.30179214477539,-16.05179214477539,-16.704639434814453,-14.892139434814453,128
train,0,The calm chick,The calm chicks,-12.267719268798828,-15.517719268798828,-16.46506690979004,-12.090066909790039,-14.369346618652344,-12.119346618652344,128
train,1,The calm chicks,The calm chick,-12.090066909790039,-16.46506690979004,-15.517719268798828,-12.267719268798828,-14.696897506713867,-14.321897506713867,128
train,0,The slender doe,The slender does,-12.898580551147461,-16.96108055114746,-19.891115188598633,-17.516115188598633,-18.894670486450195,-17.082170486450195,128
train,1,The slender does,The slender doe,-17.516115188598633,-19.891115188598633,-16.96108055114746,-12.898580551147461,-15.607749938964844,-12.795249938964844,128
train,0,The sleepy rat,The sleepy rats,-13.829304695129395,-14.766804695129395,-16.760435104370117,-13.447935104370117,-14.788938522338867,-13.163938522338867,128
train,1,The sleepy rats,The sleepy rat,-13.447935104370117,-16.760435104370117,-14.766804695129395,-13.829304695129395,-14.186422348022461,-14.748922348022461,128
train,0,The calm cow,The calm cows,-5.7384138107299805,-12.17591381072998,-10.772870063781738,-7.02286958694458,-7.670138359069824,-7.295138359069824,128
train,1,The calm cows,The calm cow,-7.02286958694458,-10.772870063781738,-12.17591381072998,-5.7384138107299805,-10.431504249572754,-6.806504726409912,128
train,0,The small dog,The small dogs,-10.01714038848877,-15.82964038848877,-13.868152618408203,-11.430652618408203,-11.864956855773926,-10.802456855773926,128
train,1,The small dogs,The small dog,-11.430652618408203,-13.868152618408203,-15.82964038848877,-10.01714038848877,-13.318154335021973,-9.943154335021973,128
train,0,The fuzzy doe,The fuzzy does,-10.999168395996094,-14.624168395996094,-18.89710235595703,-14.084602355957031,-19.076919555664062,-14.701919555664062,128
train,1,The fuzzy does,The fuzzy doe,-14.084602355957031,-18.89710235595703,-14.624168395996094,-10.999168395996094,-14.100610733032227,-11.538110733032227,128
train,0,The timid dog,The timid dogs,-11.249610900878906,-15.124610900878906,-15.906658172607422,-12.781658172607422,-14.109370231628418,-13.109370231628418,128
train,1,The timid dogs,The timid dog,-12.781658172607422,-15.906658172607422,-15.124610900878906,-11.249610900878906,-13.77603530883789,-12.08853530883789,128
train,0,The timid rat,The timid rats,-10.357682228088379,-14.982682228088379,-16.54730987548828,-10.484809875488281,-13.538312911987305,-10.038312911987305,128
train,1,The timid rats,The timid rat,-10.484809875488281,-16.54730987548828,-14.982682228088379,-10.357682228088379,-11.739270210266113,-11.176770210266113,128
train,0,The calm panda,The calm pandas,-10.941872596740723,-14.504372596740723,-14.16829776763916,-11.91829776763916,-12.686406135559082,-11.561406135559082,128
train,1,The calm pandas,The calm panda,-11.91829776763916,-14.16829776763916,-14.504372596740723,-10.941872596740723,-12.333868026733398,-12.083868026733398,128
train,0,The slender kitten,The slender kittens,-15.984445571899414,-18.640695571899414,-19.79096031188965,-14.822211265563965,-16.914003372192383,-14.1327543258667,128
train,1,The slender kittens,The slender kitten,-14.822211265563965,-19.79096031188965,-18.640695571899414,-15.984445571899414,-16.525604248046875,-16.275604248046875,128
train,0,The timid bat,The timid bats,-12.226410865783691,-17.788909912109375,-17.409852981567383,-14.441102981567383,-15.659432411193848,-14.659432411193848,128
train,1,The timid bats,The timid bat,-14.441102981567383,-17.409852981567383,-17.788909912109375,-12.226410865783691,-15.912832260131836,-13.100332260131836,128
train,0,The bright rabbit,The bright rabbits,-1.1348481178283691,-8.634847640991211,-5.914269924163818,-0.6642699241638184,-2.8188629150390625,-1.1938629150390625,128
train,1,The bright rabbits,The bright rabbit,-0.6642699241638184,-5.914269924163818,-8.634847640991211,-1.1348481178283691,-2.827263593673706,-1.702263593673706,128
train,0,The bright shark,The bright sharks,-10.24229621887207,-13.11729621887207,-14.446914672851562,-10.071914672851562,-13.30057430267334,-10.30057430267334,128
train,1,The bright sharks,The bright shark,-10.071914672851562,-14.446914672851562,-13.11729621887207,-10.24229621887207,-10.810893058776855,-12.435893058776855,128
train,0,The fuzzy cow,The fuzzy cows,-0.6863139271736145,-10.93631362915039,-5.568087577819824,-0.5680875778198242,-2.9396729469299316,-0.9396728277206421,128
train,1,The fuzzy cows,The fuzzy cow,-0.5680875778198242,-5.568087577819824,-10.93631362915039,-0.6863139271736145,-4.517449378967285,-1.0174493789672852,128
train,0,The fuzzy dolphin,The fuzzy dolphins,-11.208752632141113,-11.958752632141113,-15.041376113891602,-13.603876113891602,-14.325583457946777,-13.075583457946777,128
train,1,The fuzzy dolphins,The fuzzy dolphin,-13.603876113891602,-15.041376113891602,-11.958752632141113,-11.208752632141113,-10.952085494995117,-11.389585494995117,128
train,0,The calm horse,The calm horses,-1.1127660274505615,-9.67526626586914,-7.795476913452148,-1.4204766750335693,-2.8153395652770996,-2.0653395652770996,128
train,1,The calm horses,The calm horse,-1.4204766750335693,-7.795476913452148,-9.67526626586914,-1.1127660274505615,-4.524942398071289,-1.6499426364898682,128
train,0,The fuzzy rabbit,The fuzzy rabbits,-9.828314781188965,-13.453314781188965,-14.683467864990234,-10.433467864990234,-12.346644401550293,-10.159144401550293,128
train,1,The fuzzy rabbits,The fuzzy rabbit,-10.433467864990234,-14.683467864990234,-13.453314781188965,-9.828314781188965,-11.767912864685059,-10.830412864685059,128
train,0,The fuzzy lion,The fuzzy lions,-1.0977451801300049,-10.472744941711426,-5.711666584014893,-0.7116664052009583,-2.5857739448547363,-1.3357739448547363,128
train,1,The fuzzy lions,The fuzzy lion,-0.7116664052009583,-5.711666584014893,-10.472744941711426,-1.0977451801300049,-4.57630729675293,-1.5763075351715088,128
train,0,The small dolphin,The small dolphins,-11.07286262512207,-16.82286262512207,-16.55687141418457,-13.43187141418457,-14.178284645080566,-13.428284645080566,128
train,1,The small dolphins,The small dolphin,-13.43187141418457,-16.55687141418457,-16.82286262512207,-11.07286262512207,-15.227435111999512,-11.914935111999512,128
train,0,The quiet panda,The quiet pandas,-11.219542503356934,-14.969542503356934,-15.862933158874512,-9.487933158874512,-13.736193656921387,-9.736193656921387,128
train,1,The quiet pandas,The quiet panda,-9.487933158874512,-15.862933158874512,-14.969542503356934,-11.219542503356934,-11.92591381072998,-12.17591381072998,128
train,0,The slender monitor,The slender monitors,-17.86534881591797,-20.17784881591797,-16.281089782714844,-10.968589782714844,-15.119291305541992,-11.119291305541992,128
train,1,The slender monitors,The slender monitor,-10.968589782714844,-16.281089782714844,-20.17784881591797,-17.86534881591797,-17.44504737854004,-17.38254737854004,128
train,0,The quiet panda,The quiet pandas,-12.469542503356934,-15.094542503356934,-17.112932205200195,-13.612933158874512,-15.423693656921387,-13.236193656921387,128
train,1,The quiet pandas,The quiet panda,-13.612933158874512,-17.112932205200195,-15.094542503356934,-12.469542503356934,-13.23841381072998,-13.36341381072998,128
train,0,The calm bat,The calm bats,-12.734200477600098,-15.296700477600098,-17.317901611328125,-12.099151611328125,-16.741544723510742,-12.991545677185059,128
train,1,The calm bats,The calm bat,-12.099151611328125,-17.317901611328125,-15.296700477600098,-12.734200477600098,-14.362639427185059,-13.675139427185059,128
train,0,The calm monitor,The calm monitors,-11.804265022277832,-16.24176597595215,-14.860569953918457,-11.985569953918457,-13.864908218383789,-11.739908218383789,128
train,1,The calm monitors,The calm monitor,-11.985569953918457,-14.860569953918457,-16.24176597595215,-11.804265022277832,-14.272871017456055,-11.835371017456055,128
train,0,The small kitten,The small kittens,-14.374543190002441,-15.499543190002441,-19.30031967163086,-13.331570625305176,-17.087636947631836,-12.462637901306152,128
train,1,The small kittens,The small kitten,-13.331570625305176,-19.30031967163086,-15.499543190002441,-14.374543190002441,-14.055986404418945,-14.743486404418945,128
train,0,The calm dog,The calm dogs,-9.600857734680176,-13.725857734680176,-12.486454963684082,-9.861454963684082,-10.344276428222656,-9.469276428222656,128
train,1,The calm dogs,The calm dog,-9.861454963684082,-12.486454963684082,-13.725857734680176,-9.600857734680176,-11.18751335144043,-10.12501335144043,128
train,0,The fuzzy pup,The fuzzy pups,-12.039032936096191,-16.351531982421875,-15.021623611450195,-11.146623611450195,-13.24911117553711,-11.06161117553711,128
train,1,The fuzzy pups,The fuzzy pup,-11.146623611450195,-15.021623611450195,-16.351531982421875,-12.039032936096191,-15.211681365966797,-13.961681365966797,128
train,0,The slender kitten,The slender kittens,-7.546945571899414,-12.546945571899414,-12.259711265563965,-6.884710788726807,-9.8202543258667,-6.632753849029541,128
train,1,The slender kittens,The slender kitten,-6.884710788726807,-12.259711265563965,-12.546945571899414,-7.546945571899414,-8.931854248046875,-8.306854248046875,128
train,0,The timid shark,The timid sharks,-12.573902130126953,-13.448902130126953,-15.527243614196777,-10.089743614196777,-13.798490524291992,-9.548490524291992,128
train,1,The timid sharks,The timid shark,-10.089743614196777,-15.527243614196777,-13.448902130126953,-12.573902130126953,-10.430788040161133,-13.305788040161133,128
test,0,The restless [wug],The restless [wugs],-11.364021301269531,-12.801521301269531,-13.610188484191895,-10.547688484191895,-12.475584030151367,-9.913084030151367,128
test,1,The restless [wugs],The restless [wug],-10.547688484191895,-13.610188484191895,-12.801521301269531,-11.364021301269531,-12.537689208984375,-11.850189208984375,128
test,0,The gentle [wug],The gentle [wugs],-13.905975341796875,-16.030975341796875,-14.158674240112305,-11.158674240112305,-13.701385498046875,-11.513885498046875,128
test,1,The gentle [wugs],The gentle [wug],-11.158674240112305,-14.158674240112305,-16.030975341796875,-13.905975341796875,-14.187967300415039,-14.125467300415039,128
test,0,The clumsy [wug],The clumsy [wugs],-14.480051040649414,-16.105051040649414,-15.161340713500977,-12.411340713500977,-13.598479270935059,-12.285979270935059,128
test,1,The clumsy [wugs],The clumsy [wug],-12.411340713500977,-15.161340713500977,-16.105051040649414,-14.480051040649414,-15.176067352294922,-15.988567352294922,128
test,0,The shy [wug],The shy [wugs],-15.563328742980957,-17.75082778930664,-13.135957717895508,-10.948457717895508,-13.906656265258789,-12.656656265258789,128
test,1,The shy [wugs],The shy [wug],-10.948457717895508,-13.135957717895508,-17.75082778930664,-15.563328742980957,-15.692609786987305,-16.692609786987305,128
test,0,The wary [wug],The wary [wugs],-13.59276008605957,-17.71776008605957,-15.350992202758789,-11.913492202758789,-14.058449745178223,-11.433449745178223,128
test,1,The wary [wugs],The wary [wug],-11.913492202758789,-15.350992202758789,-17.71776008605957,-13.59276008605957,-16.735036849975586,-15.48503589630127,128
test,0,The sturdy [wug],The sturdy [wugs],-16.068788528442383,-19.256288528442383,-16.337526321411133,-14.275026321411133,-14.921102523803711,-13.921102523803711,128
test,1,The sturdy [wugs],The sturdy [wug],-14.275026321411133,-16.337526321411133,-19.256288528442383,-16.068788528442383,-15.429668426513672,-16.617168426513672,128
test,0,The restless [wug],The restless [wugs],-14.176521301269531,-16.23902130126953,-15.485188484191895,-12.047688484191895,-15.225584030151367,-12.100584030151367,128
test,1,The restless [wugs],The restless [wug],-12.047688484191895,-15.485188484191895,-16.23902130126953,-14.176521301269531,-16.193939208984375,-16.131439208984375,128
test,0,The graceful [wug],The graceful [wugs],-16.765384674072266,-19.781009674072266,-18.53349494934082,-15.533495903015137,-17.996578216552734,-16.277828216552734,128
test,1,The graceful [wugs],The graceful [wug],-15.533495903015137,-18.53349494934082,-19.781009674072266,-16.765384674072266,-18.774417877197266,-18.680667877197266,128
test,0,The clumsy [wug],The clumsy [wugs],-14.167551040649414,-15.230051040649414,-11.411340713500977,-9.973840713500977,-10.660979270935059,-10.160979270935059,128
test,1,The clumsy [wugs],The clumsy [wug],-9.973840713500977,-11.411340713500977,-15.230051040649414,-14.167551040649414,-12.738567352294922,-15.113567352294922,128
test,0,The wary [wug],The wary [wugs],-17.71776008605957,-19.62401008605957,-18.03849220275879,-14.413492202758789,-17.058448791503906,-13.433449745178223,128
test,1,The wary [wugs],The wary [wug],-14.413492202758789,-18.03849220275879,-19.62401008605957,-17.71776008605957,-19.078786849975586,-19.266286849975586,128
test,0,The restless [wug],The restless [wugs],-16.89527130126953,-19.23902130126953,-15.797688484191895,-12.360188484191895,-15.100584030151367,-12.100584030151367,128
test,1,The restless [wugs],The restless [wug],-12.360188484191895,-15.797688484191895,-19.23902130126953,-16.89527130126953,-18.475189208984375,-18.318939208984375,128
test,0,The clever [wug],The clever [wugs],-15.909882545471191,-18.972383499145508,-16.486799240112305,-14.049299240112305,-16.053525924682617,-14.803526878356934,128
test,1,The clever [wugs],The clever [wug],-14.049299240112305,-16.486799240112305,-18.972383499145508,-15.909882545471191,-17.943950653076172,-16.693950653076172,128
test,0,The wary [wug],The wary [wugs],-13.90526008605957,-15.84276008605957,-14.163492202758789,-11.725992202758789,-13.370949745178223,-11.308449745178223,128
test,1,The wary [wugs],The wary [wug],-11.725992202758789,-14.163492202758789,-15.84276008605957,-13.90526008605957,-15.17253589630127,-15.61003589630127,128
test,0,The shy [wug],The shy [wugs],-14.000828742980957,-18.68832778930664,-14.573457717895508,-11.385957717895508,-13.844156265258789,-11.281656265258789,128
test,1,The shy [wugs],The shy [wug],-11.385957717895508,-14.573457717895508,-18.68832778930664,-14.000828742980957,-16.130109786987305,-15.692609786987305,128
test,0,The gentle [wug],The gentle [wugs],-9.905975341796875,-13.593475341796875,-12.346174240112305,-9.908674240112305,-11.513885498046875,-9.701385498046875,128
test,1,The gentle [wugs],The gentle [wug],-9.908674240112305,-12.346174240112305,-13.593475341796875,-9.905975341796875,-11.000467300415039,-11.000467300415039,128
test,0,The graceful [wug],The graceful [wugs],-12.765385627746582,-14.765385627746582,-16.09599494934082,-11.658495903015137,-14.652827262878418,-12.090327262878418,128
test,1,The graceful [wugs],The graceful [wug],-11.658495903015137,-16.09599494934082,-14.765385627746582,-12.765385627746582,-12.086917877197266,-14.586917877197266,128
test,0,The bold [wug],The bold [wugs],-16.096567153930664,-19.034067153930664,-12.881538391113281,-9.819038391113281,-12.168027877807617,-9.793027877807617,128
test,1,The bold [wugs],The bold [wug],-9.819038391113281,-12.881538391113281,-19.034067153930664,-16.096567153930664,-13.965840339660645,-14.965840339660645,128
test,0,The lively [wug],The lively [wugs],-17.033348083496094,-20.033348083496094,-16.883520126342773,-13.821020126342773,-15.88922119140625,-13.76422119140625,128
test,1,The lively [wugs],The lively [wug],-13.821020126342773,-16.883520126342773,-20.033348083496094,-17.033348083496094,-17.33289337158203,-17.92664337158203,128
test,0,The tiny [wug],The tiny [wugs],-15.768474578857422,-17.393474578857422,-14.216148376464844,-12.591148376464844,-13.822737693786621,-12.447737693786621,128
test,1,The tiny [wugs],The tiny [wug],-12.591148376464844,-14.216148376464844,-17.393474578857422,-15.768474578857422,-16.429866790771484,-15.992366790771484,128
test,0,The shy [wug],The shy [wugs],-18.18832778930664,-19.93832778930664,-15.073457717895508,-12.323457717895508,-14.906656265258789,-13.719156265258789,128
test,1,The shy [wugs],The shy [wug],-12.323457717895508,-15.073457717895508,-19.93832778930664,-18.18832778930664,-18.755109786987305,-20.098859786987305,128
test,0,The gentle [wug],The gentle [wugs],-9.780975341796875,-10.530975341796875,-15.033674240112305,-12.033674240112305,-13.888885498046875,-12.013885498046875,128
test,1,The gentle [wugs],The gentle [wug],-12.033674240112305,-15.033674240112305,-10.530975341796875,-9.780975341796875,-8.500467300415039,-10.062967300415039,128
test,0,The tiny [wug],The tiny [wugs],-10.955974578857422,-14.393474578857422,-12.778648376464844,-9.153648376464844,-11.947737693786621,-9.197737693786621,128
test,1,The tiny [wugs],The tiny [wug],-9.153648376464844,-12.778648376464844,-14.393474578857422,-10.955974578857422,-11.304866790771484,-12.367366790771484,128
test,0,The restless [wug],The restless [wugs],-13.989021301269531,-16.05152130126953,-13.172688484191895,-10.797688484191895,-12.288084030151367,-10.350584030151367,128
test,1,The restless [wugs],The restless [wug],-10.797688484191895,-13.172688484191895,-16.05152130126953,-13.989021301269531,-14.287689208984375,-15.350189208984375,128
test,0,The strange [wug],The strange [wugs],-13.892594337463379,-17.267593383789062,-15.782541275024414,-13.470041275024414,-14.877270698547363,-13.064770698547363,128
test,1,The strange [wugs],The strange [wug],-13.470041275024414,-15.782541275024414,-17.267593383789062,-13.892594337463379,-15.972330093383789,-15.097330093383789,128
test,0,The fierce [wug],The fierce [wugs],-13.489221572875977,-16.801721572875977,-11.869964599609375,-9.557464599609375,-10.799695014953613,-8.862195014953613,128
test,1,The fierce [wugs],The fierce [wug],-9.557464599609375,-11.869964599609375,-16.801721572875977,-13.489221572875977,-14.991728782653809,-13.460478782653809,128
test,0,The sturdy [wug],The sturdy [wugs],-14.443788528442383,-17.318788528442383,-12.525026321411133,-10.212526321411133,-11.733602523803711,-10.358602523803711,128
test,1,The sturdy [wugs],The sturdy [wug],-10.212526321411133,-12.525026321411133,-17.318788528442383,-14.443788528442383,-13.429668426513672,-14.367168426513672,128
test,0,The tiny [wug],The tiny [wugs],-14.330974578857422,-17.268474578857422,-13.466148376464844,-10.778648376464844,-12.197737693786621,-9.947737693786621,128
test,1,The tiny [wugs],The tiny [wug],-10.778648376464844,-13.466148376464844,-17.268474578857422,-14.330974578857422,-15.617366790771484,-15.242366790771484,128
test,0,The round [wug],The round [wugs],-13.789499282836914,-12.726999282836914,-15.978952407836914,-12.603952407836914,-14.969679832458496,-12.344679832458496,128
test,1,The round [wugs],The round [wug],-12.603952407836914,-15.978952407836914,-12.726999282836914,-13.789499282836914,-12.80737590789795,-14.74487590789795,128
test,0,The tiny [wug],The tiny [wugs],-12.143474578857422,-16.705974578857422,-12.153648376464844,-9.028648376464844,-10.947737693786621,-8.322737693786621,128
test,1,The tiny [wugs],The tiny [wug],-9.028648376464844,-12.153648376464844,-16.705974578857422,-12.143474578857422,-13.742366790771484,-13.429866790771484,128
test,0,The curious [wug],The curious [wugs],-16.970523834228516,-19.689273834228516,-13.365928649902344,-13.803428649902344,-13.304268836975098,-14.616768836975098,128
test,1,The curious [wugs],The curious [wug],-13.803428649902344,-13.365928649902344,-19.689273834228516,-16.970523834228516,-19.176498413085938,-18.520248413085938,128
test,0,The clever [wug],The clever [wugs],-13.534882545471191,-15.409882545471191,-13.424299240112305,-10.736799240112305,-12.616026878356934,-10.616026878356934,128
test,1,The clever [wugs],The clever [wug],-10.736799240112305,-13.424299240112305,-15.409882545471191,-13.534882545471191,-14.631450653076172,-15.193950653076172,128
test,0,The gentle [wug],The gentle [wugs],-13.218475341796875,-14.468475341796875,-14.846174240112305,-12.158674240112305,-14.326385498046875,-12.576385498046875,128
test,1,The gentle [wugs],The gentle [wug],-12.158674240112305,-14.846174240112305,-14.468475341796875,-13.218475341796875,-13.562967300415039,-14.812967300415039,128
test,0,The gentle [wug],The gentle [wugs],-14.530975341796875,-17.593475341796875,-17.471174240112305,-15.096174240112305,-16.701385498046875,-15.013885498046875,128
test,1,The gentle [wugs],The gentle [wug],-15.096174240112305,-17.471174240112305,-17.593475341796875,-14.530975341796875,-16.43796730041504,-15.437967300415039,128
test,0,The sturdy [wug],The sturdy [wugs],-12.318788528442383,-13.818788528442383,-12.525026321411133,-9.775026321411133,-11.358602523803711,-9.921102523803711,128
test,1,The sturdy [wugs],The sturdy [wug],-9.775026321411133,-12.525026321411133,-13.818788528442383,-12.318788528442383,-11.929668426513672,-13.617168426513672,128
test,0,The tiny [wug],The tiny [wugs],-16.830974578857422,-18.143474578857422,-16.153648376464844,-13.403648376464844,-15.385237693786621,-13.385237693786621,128
test,1,The tiny [wugs],The tiny [wug],-13.403648376464844,-16.153648376464844,-18.143474578857422,-16.830974578857422,-17.054866790771484,-17.929866790771484,128
test,0,The bold [wug],The bold [wugs],-17.284067153930664,-17.846567153930664,-15.256538391113281,-14.319038391113281,-15.605527877807617,-15.605527877807617,128
test,1,The bold [wugs],The bold [wug],-14.319038391113281,-15.256538391113281,-17.846567153930664,-17.284067153930664,-16.278339385986328,-17.184589385986328,128
test,0,The gentle [wug],The gentle [wugs],-15.343475341796875,-16.343475341796875,-14.596174240112305,-12.908674240112305,-13.326385498046875,-12.076385498046875,128
test,1,The gentle [wugs],The gentle [wug],-12.908674240112305,-14.596174240112305,-16.343475341796875,-15.343475341796875,-15.312967300415039,-15.937967300415039,128
test,0,The curious [wug],The curious [wugs],-13.470523834228516,-18.658023834228516,-10.365928649902344,-8.678428649902344,-8.679268836975098,-8.179268836975098,128
test,1,The curious [wugs],The curious [wug],-8.678428649902344,-10.365928649902344,-18.658023834228516,-13.470523834228516,-15.926497459411621,-13.551497459411621,128
test,0,The restless [wug],The restless [wugs],-15.426521301269531,-14.051521301269531,-14.485188484191895,-9.735188484191895,-13.850584030151367,-9.475584030151367,128
test,1,The restless [wugs],The restless [wug],-9.735188484191895,-14.485188484191895,-14.051521301269531,-15.426521301269531,-13.662689208984375,-16.975189208984375,128
test,0,The graceful [wug],The graceful [wugs],-10.327885627746582,-14.640385627746582,-13.970995903015137,-12.908495903015137,-11.340327262878418,-11.215327262878418,128
test,1,The graceful [wugs],The graceful [wug],-12.908495903015137,-13.970995903015137,-14.640385627746582,-10.327885627746582,-12.711917877197266,-11.336917877197266,128
test,0,The bold [wug],The bold [wugs],-21.096567153930664,-22.127817153930664,-16.94403839111328,-15.381538391113281,-17.105527877807617,-15.918027877807617,128
test,1,The bold [wugs],The bold [wug],-15.381538391113281,-16.94403839111328,-22.127817153930664,-21.096567153930664,-19.528339385986328,-20.497089385986328,128
test,0,The strange [wug],The strange [wugs],-14.142594337463379,-15.080094337463379,-13.720041275024414,-11.345041275024414,-13.377270698547363,-11.502270698547363,128
test,1,The strange [wugs],The strange [wug],-11.345041275024414,-13.720041275024414,-15.080094337463379,-14.142594337463379,-14.097330093383789,-14.909830093383789,128
test,0,The wary [wug],The wary [wugs],-12.03026008605957,-13.15526008605957,-14.663492202758789,-11.725992202758789,-13.933449745178223,-11.120949745178223,128
test,1,The wary [wugs],The wary [wug],-11.725992202758789,-14.663492202758789,-13.15526008605957,-12.03026008605957,-13.17253589630127,-12.79753589630127,128
test,0,The restless [wug],The restless [wugs],-16.05152130126953,-18.67652130126953,-17.610187530517578,-14.922688484191895,-16.475584030151367,-14.288084030151367,128
test,1,The restless [wugs],The restless [wug],-14.922688484191895,-17.610187530517578,-18.67652130126953,-16.05152130126953,-17.850189208984375,-17.506439208984375,128
test,0,The restless [wug],The restless [wugs],-15.801521301269531,-17.02027130126953,-15.172688484191895,-11.172688484191895,-13.475584030151367,-9.975584030151367,128
test,1,The restless [wugs],The restless [wug],-11.172688484191895,-15.172688484191895,-17.02027130126953,-15.801521301269531,-16.537689208984375,-17.693939208984375,128
test,0,The clever [wug],The clever [wugs],-11.972382545471191,-14.597382545471191,-13.174299240112305,-10.111799240112305,-12.928526878356934,-11.178526878356934,128
test,1,The clever [wugs],The clever [wug],-10.111799240112305,-13.174299240112305,-14.597382545471191,-11.972382545471191,-12.943950653076172,-13.506450653076172,128
test,0,The clumsy [wug],The clumsy [wugs],-19.480051040649414,-19.761301040649414,-16.223840713500977,-13.536340713500977,-15.973479270935059,-12.785979270935059,128
test,1,The clumsy [wugs],The clumsy [wug],-13.536340713500977,-16.223840713500977,-19.761301040649414,-19.480051040649414,-18.551067352294922,-20.254192352294922,128
test,0,The strange [wug],The strange [wugs],-9.830094337463379,-13.205094337463379,-12.845041275024414,-10.032541275024414,-12.189770698547363,-9.939770698547363,128
test,1,The strange [wugs],The strange [wug],-10.032541275024414,-12.845041275024414,-13.205094337463379,-9.830094337463379,-11.597330093383789,-10.722330093383789,128
test,0,The fierce [wug],The fierce [wugs],-12.114221572875977,-15.082971572875977,-13.557464599609375,-11.432464599609375,-12.174695014953613,-10.362195014953613,128
test,1,The fierce [wugs],The fierce [wug],-11.432464599609375,-13.557464599609375,-15.082971572875977,-12.114221572875977,-13.772978782653809,-12.397978782653809,128
test,0,The shy [wug],The shy [wugs],-11.625828742980957,-16.37582778930664,-11.948457717895508,-9.448457717895508,-11.719156265258789,-9.781656265258789,128
test,1,The shy [wugs],The shy [wug],-9.448457717895508,-11.948457717895508,-16.37582778930664,-11.625828742980957,-13.755109786987305,-13.192609786987305,128
test,0,The strange [wug],The strange [wugs],-13.080094337463379,-14.517594337463379,-15.157541275024414,-12.907541275024414,-14.627270698547363,-12.877270698547363,128
test,1,The strange [wugs],The strange [wug],-12.907541275024414,-15.157541275024414,-14.517594337463379,-13.080094337463379,-13.847330093383789,-13.909830093383789,128
test,0,The bold [wug],The bold [wugs],-19.159067153930664,-21.471567153930664,-14.506538391113281,-14.381538391113281,-14.230527877807617,-15.105527877807617,128
test,1,The bold [wugs],The bold [wug],-14.381538391113281,-14.506538391113281,-21.471567153930664,-19.159067153930664,-19.528339385986328,-19.715839385986328,128
test,0,The graceful [wug],The graceful [wugs],-15.577885627746582,-18.671634674072266,-13.158495903015137,-12.095995903015137,-12.277827262878418,-13.215327262878418,128
test,1,The graceful [wugs],The graceful [wug],-12.095995903015137,-13.158495903015137,-18.671634674072266,-15.577885627746582,-18.024417877197266,-17.961917877197266,128
test,0,The curious [wug],The curious [wugs],-14.970523834228516,-19.470523834228516,-13.303428649902344,-11.678428649902344,-12.429268836975098,-12.054268836975098,128
test,1,The curious [wugs],The curious [wug],-11.678428649902344,-13.303428649902344,-19.470523834228516,-14.970523834228516,-17.957748413085938,-16.676498413085938,128
test,0,The restless [wug],The restless [wugs],-10.239021301269531,-11.926521301269531,-14.360188484191895,-9.110188484191895,-12.725584030151367,-8.350584030151367,128
test,1,The restless [wugs],The restless [wug],-9.110188484191895,-14.360188484191895,-11.926521301269531,-10.239021301269531,-10.412689208984375,-12.100189208984375,128
test,0,The strange [wug],The strange [wugs],-14.455094337463379,-14.580094337463379,-15.470041275024414,-12.595041275024414,-15.002270698547363,-12.502270698547363,128
test,1,The strange [wugs],The strange [wug],-12.595041275024414,-15.470041275024414,-14.580094337463379,-14.455094337463379,-14.159830093383789,-15.347330093383789,128
test,0,The bold [wug],The bold [wugs],-12.28406810760498,-16.096567153930664,-10.444038391113281,-8.194038391113281,-10.105527877807617,-8.418027877807617,128
test,1,The bold [wugs],The bold [wug],-8.194038391113281,-10.444038391113281,-16.096567153930664,-12.28406810760498,-11.278340339660645,-11.715840339660645,128
test,0,The bold [wug],The bold [wugs],-15.78406810760498,-19.440317153930664,-14.194038391113281,-12.756538391113281,-13.480527877807617,-13.543027877807617,128
test,1,The bold [wugs],The bold [wug],-12.756538391113281,-14.194038391113281,-19.440317153930664,-15.78406810760498,-17.028339385986328,-16.528339385986328,128
test,0,The restless [wug],The restless [wugs],-3.6765215396881104,-9.551521301269531,-7.3601884841918945,-3.3601884841918945,-6.850584030151367,-3.7255842685699463,128
test,1,The restless [wugs],The restless [wug],-3.3601884841918945,-7.3601884841918945,-9.551521301269531,-3.6765215396881104,-4.725189685821533,-4.600189685821533,128
test,0,The fierce [wug],The fierce [wugs],-15.239221572875977,-18.239221572875977,-15.119964599609375,-11.682464599609375,-14.612195014953613,-11.674695014953613,128
test,1,The fierce [wugs],The fierce [wug],-11.682464599609375,-15.119964599609375,-18.239221572875977,-15.239221572875977,-17.460479736328125,-15.522978782653809,128
test,0,The tiny [wug],The tiny [wugs],-15.393474578857422,-18.362224578857422,-15.841148376464844,-12.216148376464844,-15.572737693786621,-12.447737693786621,128
test,1,The tiny [wugs],The tiny [wug],-12.216148376464844,-15.841148376464844,-18.362224578857422,-15.393474578857422,-15.804866790771484,-15.554866790771484,128
test,0,The clever [wug],The clever [wugs],-9.722382545471191,-12.347382545471191,-13.674299240112305,-11.049299240112305,-12.741026878356934,-10.928526878356934,128
test,1,The clever [wugs],The clever [wug],-11.049299240112305,-13.674299240112305,-12.347382545471191,-9.722382545471191,-10.756450653076172,-11.506450653076172,128
test,0,The strange [wug],The strange [wugs],-16.080093383789062,-18.798843383789062,-16.720041275024414,-14.470041275024414,-15.814770698547363,-14.064770698547363,128
test,1,The strange [wugs],The strange [wug],-14.470041275024414,-16.720041275024414,-18.798843383789062,-16.080093383789062,-17.90983009338379,-16.97233009338379,128
test,0,The graceful [wug],The graceful [wugs],-16.609134674072266,-18.515384674072266,-19.84599494934082,-15.783495903015137,-20.027828216552734,-16.215328216552734,128
test,1,The graceful [wugs],The graceful [wug],-15.783495903015137,-19.84599494934082,-18.515384674072266,-16.609134674072266,-17.493167877197266,-18.586917877197266,128
test,0,The gentle [wug],The gentle [wugs],-16.749725341796875,-16.249725341796875,-14.658674240112305,-13.221174240112305,-14.326385498046875,-13.076385498046875,128
test,1,The gentle [wugs],The gentle [wug],-13.221174240112305,-14.658674240112305,-16.249725341796875,-16.749725341796875,-15.937967300415039,-17.40671730041504,128
test,0,The lively [wug],The lively [wugs],-14.345848083496094,-15.095848083496094,-13.258520126342773,-10.383520126342773,-12.38922119140625,-10.38922119140625,128
test,1,The lively [wugs],The lively [wug],-10.383520126342773,-13.258520126342773,-15.095848083496094,-14.345848083496094,-14.457893371582031,-16.52039337158203,128
test,0,The spotted [wug],The spotted [wugs],-15.380569458007812,-16.630569458007812,-14.396463394165039,-12.833963394165039,-14.55143928527832,-13.98893928527832,128
test,1,The spotted [wugs],The spotted [wug],-12.833963394165039,-14.396463394165039,-16.630569458007812,-15.380569458007812,-15.650378227233887,-14.494128227233887,128
test,0,The round [wug],The round [wugs],-8.476999282836914,-12.414499282836914,-11.666452407836914,-8.416452407836914,-10.157179832458496,-8.282179832458496,128
test,1,The round [wugs],The round [wug],-8.416452407836914,-11.666452407836914,-12.414499282836914,-8.476999282836914,-9.49487590789795,-9.74487590789795,128
test,0,The fierce [wug],The fierce [wugs],-12.551721572875977,-15.457971572875977,-15.432464599609375,-10.682464599609375,-14.674695014953613,-10.487195014953613,128
test,1,The fierce [wugs],The fierce [wug],-10.682464599609375,-15.432464599609375,-15.457971572875977,-12.551721572875977,-14.210478782653809,-13.147978782653809,128
test,0,The round [wug],The round [wugs],-11.351999282836914,-15.789499282836914,-11.791452407836914,-9.291452407836914,-10.907179832458496,-9.407179832458496,128
test,1,The round [wugs],The round [wug],-9.291452407836914,-11.791452407836914,-15.789499282836914,-11.351999282836914,-12.74487590789795,-12.05737590789795,128
test,0,The restless [wug],The restless [wugs],-18.27027130126953,-18.52027130126953,-15.422688484191895,-14.547688484191895,-15.225584030151367,-14.350584030151367,128
test,1,The restless [wugs],The restless [wug],-14.547688484191895,-15.422688484191895,-18.52027130126953,-18.27027130126953,-18.256439208984375,-19.381439208984375,128
test,0,The gentle [wug],The gentle [wugs],-9.468475341796875,-13.468475341796875,-13.221174240112305,-10.408674240112305,-12.638885498046875,-10.576385498046875,128
test,1,The gentle [wugs],The gentle [wug],-10.408674240112305,-13.221174240112305,-13.468475341796875,-9.468475341796875,-11.437967300415039,-10.875467300415039,128
test,0,The clever [wug],The clever [wugs],-16.284883499145508,-19.472383499145508,-14.549299240112305,-12.674299240112305,-14.428526878356934,-13.678526878356934,128
test,1,The clever [wugs],The clever [wug],-12.674299240112305,-14.549299240112305,-19.472383499145508,-16.284883499145508,-16.850200653076172,-16.787700653076172,128
test,0,The round [wug],The round [wugs],-13.726999282836914,-16.789499282836914,-16.666452407836914,-13.103952407836914,-15.532179832458496,-12.907179832458496,128
test,1,The round [wugs],The round [wug],-13.103952407836914,-16.666452407836914,-16.789499282836914,-13.726999282836914,-13.68237590789795,-14.99487590789795,128
test,0,The tiny [wug],The tiny [wugs],-13.143474578857422,-15.955974578857422,-14.591148376464844,-12.778648376464844,-13.822737693786621,-12.447737693786621,128
test,1,The tiny [wugs],The tiny [wug],-12.778648376464844,-14.591148376464844,-15.955974578857422,-13.143474578857422,-14.617366790771484,-13.929866790771484,128
test,0,The restless [wug],The restless [wugs],-15.114021301269531,-15.551521301269531,-13.047688484191895,-8.860188484191895,-12.163084030151367,-8.225584030151367,128
test,1,The restless [wugs],The restless [wug],-8.860188484191895,-13.047688484191895,-15.551521301269531,-15.114021301269531,-14.850189208984375,-16.787689208984375,128
test,0,The gentle [wug],The gentle [wugs],-10.030975341796875,-13.780975341796875,-12.783674240112305,-9.408674240112305,-11.638885498046875,-9.326385498046875,128
test,1,The gentle [wugs],The gentle [wug],-9.408674240112305,-12.783674240112305,-13.780975341796875,-10.030975341796875,-11.625467300415039,-11.125467300415039,128
test,0,The wary [wug],The wary [wugs],-15.15526008605957,-18.65526008605957,-16.60099220275879,-12.850992202758789,-15.995949745178223,-12.433449745178223,128
test,1,The wary [wugs],The wary [wug],-12.850992202758789,-16.60099220275879,-18.65526008605957,-15.15526008605957,-17.860036849975586,-15.98503589630127,128
test,0,The fierce [wug],The fierce [wugs],-15.582971572875977,-17.770471572875977,-15.057464599609375,-12.557464599609375,-14.487195014953613,-12.549695014953613,128
test,1,The fierce [wugs],The fierce [wug],-12.557464599609375,-15.057464599609375,-17.770471572875977,-15.582971572875977,-17.272979736328125,-16.304229736328125,128
test,0,The bold [wug],The bold [wugs],-19.815317153930664,-20.752817153930664,-13.694038391113281,-11.819038391113281,-13.418027877807617,-12.355527877807617,128
test,1,The bold [wugs],The bold [wug],-11.819038391113281,-13.694038391113281,-20.752817153930664,-19.815317153930664,-18.153339385986328,-19.559589385986328,128
test,0,The spotted [wug],The spotted [wugs],-12.755569458007812,-14.943069458007812,-15.833963394165039,-13.021463394165039,-14.23893928527832,-13.23893928527832,128
test,1,The spotted [wugs],The spotted [wug],-13.021463394165039,-15.833963394165039,-14.943069458007812,-12.755569458007812,-13.369128227233887,-13.244128227233887,128
test,0,The restless [wug],The restless [wugs],-13.301521301269531,-16.45777130126953,-14.047688484191895,-11.485188484191895,-12.225584030151367,-10.038084030151367,128
test,1,The restless [wugs],The restless [wug],-11.485188484191895,-14.047688484191895,-16.45777130126953,-13.301521301269531,-15.350189208984375,-14.350189208984375,128
test,0,The shy [wug],The shy [wugs],-18.06332778930664,-18.75082778930664,-15.260957717895508,-11.948457717895508,-15.969156265258789,-13.969156265258789,128
test,1,The shy [wugs],The shy [wug],-11.948457717895508,-15.260957717895508,-18.75082778930664,-18.06332778930664,-17.567609786987305,-19.286359786987305,128
test,0,The spotted [wug],The spotted [wugs],-14.943069458007812,-18.849319458007812,-11.396463394165039,-10.396463394165039,-10.55143928527832,-11.61393928527832,128
test,1,The spotted [wugs],The spotted [wug],-10.396463394165039,-11.396463394165039,-18.849319458007812,-14.943069458007812,-13.056628227233887,-13.556628227233887,128
test,0,The clever [wug],The clever [wugs],-12.409882545471191,-17.659883499145508,-16.361799240112305,-13.236799240112305,-15.241026878356934,-13.303526878356934,128
test,1,The clever [wugs],The clever [wug],-13.236799240112305,-16.361799240112305,-17.659883499145508,-12.409882545471191,-15.693950653076172,-13.943950653076172,128
test,0,The shy [wug],The shy [wugs],-13.063328742980957,-15.750828742980957,-13.323457717895508,-9.698457717895508,-12.469156265258789,-9.594156265258789,128
test,1,The shy [wugs],The shy [wug],-9.698457717895508,-13.323457717895508,-15.750828742980957,-13.063328742980957,-13.692609786987305,-15.255109786987305,128
test,0,The strange [wug],The strange [wugs],-13.205094337463379,-14.830094337463379,-11.970041275024414,-10.157541275024414,-11.314770698547363,-10.064770698547363,128
test,1,The strange [wugs],The strange [wug],-10.157541275024414,-11.970041275024414,-14.830094337463379,-13.205094337463379,-13.722330093383789,-13.972330093383789,128
test,0,The curious [wug],The curious [wugs],-17.033023834228516,-20.501773834228516,-13.865928649902344,-11.615928649902344,-13.554268836975098,-12.366768836975098,128
test,1,The curious [wugs],The curious [wug],-11.615928649902344,-13.865928649902344,-20.501773834228516,-17.033023834228516,-18.707748413085938,-18.207748413085938,128
test,0,The tiny [wug],The tiny [wugs],-10.580974578857422,-13.955974578857422,-11.966148376464844,-8.028648376464844,-10.697737693786621,-7.572737693786621,128
test,1,The tiny [wugs],The tiny [wug],-8.028648376464844,-11.966148376464844,-13.955974578857422,-10.580974578857422,-11.242366790771484,-11.992366790771484,128
test,0,The gentle [wug],The gentle [wugs],-13.968475341796875,-18.780975341796875,-14.596174240112305,-13.971174240112305,-14.576385498046875,-13.576385498046875,128
test,1,The gentle [wugs],The gentle [wug],-13.971174240112305,-14.596174240112305,-18.780975341796875,-13.968475341796875,-17.62546730041504,-13.812967300415039,128
test,0,The clever [wug],The clever [wugs],-13.097382545471191,-15.722382545471191,-14.299299240112305,-12.486799240112305,-13.366026878356934,-12.241026878356934,128
test,1,The clever [wugs],The clever [wug],-12.486799240112305,-14.299299240112305,-15.722382545471191,-13.097382545471191,-14.006450653076172,-13.818950653076172,128
test,0,The clever [wug],The clever [wugs],-13.472382545471191,-17.503633499145508,-13.861799240112305,-11.299299240112305,-12.991026878356934,-11.428526878356934,128
test,1,The clever [wugs],The clever [wug],-11.299299240112305,-13.861799240112305,-17.503633499145508,-13.472382545471191,-15.318950653076172,-14.881450653076172,128
test,0,The bold [wug],The bold [wugs],-19.034067153930664,-19.877817153930664,-13.256538391113281,-12.506538391113281,-13.543027877807617,-13.918027877807617,128
test,1,The bold [wugs],The bold [wug],-12.506538391113281,-13.256538391113281,-19.877817153930664,-19.034067153930664,-17.590839385986328,-18.215839385986328,128
test,0,The tiny [wug],The tiny [wugs],-13.393474578857422,-17.143474578857422,-13.341148376464844,-9.653648376464844,-12.260237693786621,-9.447737693786621,128
test,1,The tiny [wugs],The tiny [wug],-9.653648376464844,-13.341148376464844,-17.143474578857422,-13.393474578857422,-13.867366790771484,-14.742366790771484,128
test,0,The fierce [wug],The fierce [wugs],-3.4267220497131348,-9.426721572875977,-5.057464599609375,-2.307464838027954,-4.112195014953613,-1.9871948957443237,128
test,1,The fierce [wugs],The fierce [wug],-2.307464838027954,-5.057464599609375,-9.426721572875977,-3.4267220497131348,-6.022978782653809,-3.6479787826538086,128
test,0,The strange [wug],The strange [wugs],-15.267594337463379,-18.330093383789062,-14.407541275024414,-11.782541275024414,-13.439770698547363,-11.377270698547363,128
test,1,The strange [wugs],The strange [wug],-11.782541275024414,-14.407541275024414,-18.330093383789062,-15.267594337463379,-17.22233009338379,-16.03483009338379,128
test,0,The clever [wug],The clever [wugs],-14.472382545471191,-17.316133499145508,-16.111799240112305,-12.924299240112305,-16.053525924682617,-14.053526878356934,128
test,1,The clever [wugs],The clever [wug],-12.924299240112305,-16.111799240112305,-17.316133499145508,-14.472382545471191,-15.193950653076172,-16.006450653076172,128
test,0,The spotted [wug],The spotted [wugs],-16.693069458007812,-17.099319458007812,-16.45896339416504,-15.083963394165039,-15.83268928527832,-15.11393928527832,128
test,1,The spotted [wugs],The spotted [wug],-15.083963394165039,-16.45896339416504,-17.099319458007812,-16.693069458007812,-14.369128227233887,-16.99412727355957,128
test,0,The gentle [wug],The gentle [wugs],-15.343475341796875,-17.468475341796875,-16.346174240112305,-14.533674240112305,-16.013885498046875,-14.763885498046875,128
test,1,The gentle [wugs],The gentle [wug],-14.533674240112305,-16.346174240112305,-17.468475341796875,-15.343475341796875,-16.18796730041504,-15.875467300415039,128
test,0,The tiny [wug],The tiny [wugs],-13.893474578857422,-15.268474578857422,-14.716148376464844,-11.091148376464844,-13.697737693786621,-10.697737693786621,128
test,1,The tiny [wugs],The tiny [wug],-11.091148376464844,-14.716148376464844,-15.268474578857422,-13.893474578857422,-14.617366790771484,-15.304866790771484,128
test,0,The clumsy [wug],The clumsy [wugs],-13.355051040649414,-14.230051040649414,-12.848840713500977,-11.161340713500977,-12.160979270935059,-11.035979270935059,128
test,1,The clumsy [wugs],The clumsy [wug],-11.161340713500977,-12.848840713500977,-14.230051040649414,-13.355051040649414,-13.551067352294922,-13.551067352294922,128
test,0,The fierce [wug],The fierce [wugs],-15.739221572875977,-17.145471572875977,-14.182464599609375,-10.994964599609375,-13.737195014953613,-10.674695014953613,128
test,1,The fierce [wugs],The fierce [wug],-10.994964599609375,-14.182464599609375,-17.145471572875977,-15.739221572875977,-15.960478782653809,-15.804228782653809,128
test,0,The wary [wug],The wary [wugs],-10.78026008605957,-12.90526008605957,-14.663492202758789,-9.350992202758789,-12.683449745178223,-8.183449745178223,128
test,1,The wary [wugs],The wary [wug],-9.350992202758789,-14.663492202758789,-12.90526008605957,-10.78026008605957,-11.92253589630127,-12.67253589630127,128
test,0,The sturdy [wug],The sturdy [wugs],-10.193788528442383,-15.381288528442383,-10.025026321411133,-9.025026321411133,-8.921102523803711,-9.171102523803711,128
test,1,The sturdy [wugs],The sturdy [wug],-9.025026321411133,-10.025026321411133,-15.381288528442383,-10.193788528442383,-12.617168426513672,-10.054668426513672,128
test,0,The sturdy [wug],The sturdy [wugs],-20.818788528442383,-22.662538528442383,-16.650026321411133,-14.025026321411133,-15.858602523803711,-14.483602523803711,128
test,1,The sturdy [wugs],The sturdy [wug],-14.025026321411133,-16.650026321411133,-22.662538528442383,-20.818788528442383,-18.710918426513672,-20.179668426513672,128
test,0,The wary [wug],The wary [wugs],-11.03026008605957,-14.03026008605957,-16.35099220275879,-10.788492202758789,-15.245949745178223,-10.558449745178223,128
test,1,The wary [wugs],The wary [wug],-10.788492202758789,-16.35099220275879,-14.03026008605957,-11.03026008605957,-13.36003589630127,-12.73503589630127,128
test,0,The sturdy [wug],The sturdy [wugs],-14.818788528442383,-17.631288528442383,-15.275026321411133,-12.275026321411133,-14.671102523803711,-12.608602523803711,128
test,1,The sturdy [wugs],The sturdy [wug],-12.275026321411133,-15.275026321411133,-17.631288528442383,-14.818788528442383,-14.867168426513672,-15.367168426513672,128
test,0,The gentle [wug],The gentle [wugs],-16.155975341796875,-15.030975341796875,-16.283674240112305,-12.596174240112305,-15.701385498046875,-12.263885498046875,128
test,1,The gentle [wugs],The gentle [wug],-12.596174240112305,-16.283674240112305,-15.030975341796875,-16.155975341796875,-14.250467300415039,-16.81296730041504,128
test,0,The clever [wug],The clever [wugs],-14.347382545471191,-19.128633499145508,-11.236799240112305,-8.361799240112305,-10.991026878356934,-8.803526878356934,128
test,1,The clever [wugs],The clever [wug],-8.361799240112305,-11.236799240112305,-19.128633499145508,-14.347382545471191,-15.506450653076172,-14.756450653076172,128
test,0,The round [wug],The round [wugs],-13.601999282836914,-14.164499282836914,-14.728952407836914,-12.791452407836914,-13.782179832458496,-12.407179832458496,128
test,1,The round [wugs],The round [wug],-12.791452407836914,-14.728952407836914,-14.164499282836914,-13.601999282836914,-13.30737590789795,-13.55737590789795,128
test,0,The wary [wug],The wary [wugs],-9.78026008605957,-12.84276008605957,-13.163492202758789,-9.600992202758789,-11.245949745178223,-8.308449745178223,128
test,1,The wary [wugs],The wary [wug],-9.600992202758789,-13.163492202758789,-12.84276008605957,-9.78026008605957,-12.42253589630127,-11.79753589630127,128
test,0,The gentle [wug],The gentle [wugs],-12.655975341796875,-14.530975341796875,-15.096174240112305,-11.533674240112305,-13.763885498046875,-11.326385498046875,128
test,1,The gentle [wugs],The gentle [wug],-11.533674240112305,-15.096174240112305,-14.530975341796875,-12.655975341796875,-12.500467300415039,-14.125467300415039,128
test,0,The bold [wug],The bold [wugs],-3.2840681076049805,-8.78406810760498,-3.694037914276123,-1.0690380334854126,-2.918027639389038,-0.9180275797843933,128
test,1,The bold [wugs],The bold [wug],-1.0690380334854126,-3.694037914276123,-8.78406810760498,-3.2840681076049805,-3.0908401012420654,-3.2158401012420654,128
test,0,The restless [wug],The restless [wugs],-11.301521301269531,-12.614021301269531,-16.110187530517578,-11.422688484191895,-14.788084030151367,-10.913084030151367,128
test,1,The restless [wugs],The restless [wug],-11.422688484191895,-16.110187530517578,-12.614021301269531,-11.301521301269531,-11.162689208984375,-13.100189208984375,128
test,0,The curious [wug],The curious [wugs],-16.283023834228516,-19.064273834228516,-16.303428649902344,-12.490928649902344,-15.241768836975098,-11.929268836975098,128
test,1,The curious [wugs],The curious [wug],-12.490928649902344,-16.303428649902344,-19.064273834228516,-16.283023834228516,-16.613998413085938,-16.051498413085938,128
test,0,The clumsy [wug],The clumsy [wugs],-13.917551040649414,-14.292551040649414,-14.536340713500977,-12.661340713500977,-14.223479270935059,-12.535979270935059,128
test,1,The clumsy [wugs],The clumsy [wug],-12.661340713500977,-14.536340713500977,-14.292551040649414,-13.917551040649414,-14.238567352294922,-15.551067352294922,128
test,0,The fierce [wug],The fierce [wugs],-14.551721572875977,-16.551721572875977,-12.744964599609375,-11.494964599609375,-12.237195014953613,-11.362195014953613,128
test,1,The fierce [wugs],The fierce [wug],-11.494964599609375,-12.744964599609375,-16.551721572875977,-14.551721572875977,-15.647978782653809,-14.147978782653809,128
test,0,The clumsy [wug],The clumsy [wugs],-15.605051040649414,-19.042551040649414,-14.473840713500977,-13.286340713500977,-12.973479270935059,-12.848479270935059,128
test,1,The clumsy [wugs],The clumsy [wug],-13.286340713500977,-14.473840713500977,-19.042551040649414,-15.605051040649414,-17.988567352294922,-17.894817352294922,128
test,0,The strange [wug],The strange [wugs],-12.017594337463379,-12.392594337463379,-11.970041275024414,-9.907541275024414,-11.189770698547363,-9.314770698547363,128
test,1,The strange [wugs],The strange [wug],-9.907541275024414,-11.970041275024414,-12.392594337463379,-12.017594337463379,-11.784830093383789,-11.972330093383789,128
test,0,The lively [wug],The lively [wugs],-16.470848083496094,-18.595848083496094,-14.946020126342773,-13.196020126342773,-14.38922119140625,-13.70172119140625,128
test,1,The lively [wugs],The lively [wug],-13.196020126342773,-14.946020126342773,-18.595848083496094,-16.470848083496094,-17.86414337158203,-18.20789337158203,128
test,0,The gentle [wug],The gentle [wugs],-13.280975341796875,-16.155975341796875,-17.408674240112305,-14.846174240112305,-16.388885498046875,-14.763885498046875,128
test,1,The gentle [wugs],The gentle [wug],-14.846174240112305,-17.408674240112305,-16.155975341796875,-13.280975341796875,-13.625467300415039,-14.250467300415039,128
test,0,The tiny [wug],The tiny [wugs],-15.018474578857422,-18.455974578857422,-16.028648376464844,-13.591148376464844,-15.385237693786621,-13.822737693786621,128
test,1,The tiny [wugs],The tiny [wug],-13.591148376464844,-16.028648376464844,-18.455974578857422,-15.018474578857422,-16.679866790771484,-16.179866790771484,128
test,0,The tiny [wug],The tiny [wugs],-11.705974578857422,-14.955974578857422,-12.028648376464844,-9.028648376464844,-10.947737693786621,-8.572737693786621,128
test,1,The tiny [wugs],The tiny [wug],-9.028648376464844,-12.028648376464844,-14.955974578857422,-11.705974578857422,-12.867366790771484,-13.367366790771484,128
test,0,The curious [wug],The curious [wugs],-17.095523834228516,-20.970523834228516,-15.865928649902344,-13.865928649902344,-14.179268836975098,-13.241768836975098,128
test,1,The curious [wugs],The curious [wug],-13.865928649902344,-15.865928649902344,-20.970523834228516,-17.095523834228516,-19.551498413085938,-18.207748413085938,128
test,0,The round [wug],The round [wugs],-13.039499282836914,-12.164499282836914,-13.353952407836914,-10.978952407836914,-12.719679832458496,-11.094679832458496,128
test,1,The round [wugs],The round [wug],-10.978952407836914,-13.353952407836914,-12.164499282836914,-13.039499282836914,-11.61987590789795,-13.61987590789795,128
test,0,The graceful [wug],The graceful [wugs],-8.015385627746582,-12.140385627746582,-13.595995903015137,-9.908495903015137,-11.777827262878418,-8.902827262878418,128
test,1,The graceful [wugs],The graceful [wug],-9.908495903015137,-13.595995903015137,-12.140385627746582,-8.015385627746582,-9.461917877197266,-10.336917877197266,128
test,0,The shy [wug],The shy [wugs],-15.313328742980957,-19.00082778930664,-12.823457717895508,-11.823457717895508,-12.781656265258789,-13.281656265258789,128
test,1,The shy [wugs],The shy [wug],-11.823457717895508,-12.823457717895508,-19.00082778930664,-15.313328742980957,-17.755109786987305,-17.380109786987305,128
test,0,The clever [wug],The clever [wugs],-14.847382545471191,-17.378633499145508,-15.674299240112305,-14.674299240112305,-16.178525924682617,-15.241026878356934,128
test,1,The clever [wugs],The clever [wug],-14.674299240112305,-15.674299240112305,-17.378633499145508,-14.847382545471191,-16.631450653076172,-15.443950653076172,128
test,0,The gentle [wug],The gentle [wugs],-13.093475341796875,-15.218475341796875,-12.721174240112305,-11.283674240112305,-11.763885498046875,-11.138885498046875,128
test,1,The gentle [wugs],The gentle [wug],-11.283674240112305,-12.721174240112305,-15.218475341796875,-13.093475341796875,-14.625467300415039,-13.750467300415039,128
test,0,The tiny [wug],The tiny [wugs],-9.705974578857422,-15.018474578857422,-12.153648376464844,-9.778648376464844,-11.322737693786621,-9.635237693786621,128
test,1,The tiny [wugs],The tiny [wug],-9.778648376464844,-12.153648376464844,-15.018474578857422,-9.705974578857422,-12.554866790771484,-11.429866790771484,128
test,0,The graceful [wug],The graceful [wugs],-14.827885627746582,-16.546634674072266,-17.78349494934082,-15.158495903015137,-17.840328216552734,-16.777828216552734,128
test,1,The graceful [wugs],The graceful [wug],-15.158495903015137,-17.78349494934082,-16.546634674072266,-14.827885627746582,-16.055667877197266,-17.336917877197266,128
test,0,The restless [wug],The restless [wugs],-11.989021301269531,-15.864021301269531,-12.922688484191895,-10.235188484191895,-11.975584030151367,-9.600584030151367,128
test,1,The restless [wugs],The restless [wug],-10.235188484191895,-12.922688484191895,-15.864021301269531,-11.989021301269531,-13.600189208984375,-12.787689208984375,128
test,0,The gentle [wug],The gentle [wugs],-16.655975341796875,-19.218475341796875,-17.783674240112305,-15.596174240112305,-16.513885498046875,-15.201385498046875,128
test,1,The gentle [wugs],The gentle [wug],-15.596174240112305,-17.783674240112305,-19.218475341796875,-16.655975341796875,-16.93796730041504,-17.40671730041504,128
test,0,The strange [wug],The strange [wugs],-15.392594337463379,-19.111343383789062,-16.907541275024414,-15.657541275024414,-16.502269744873047,-15.627270698547363,128
test,1,The strange [wugs],The strange [wug],-15.657541275024414,-16.907541275024414,-19.111343383789062,-15.392594337463379,-17.75358009338379,-15.347330093383789,128
test,0,The gentle [wug],The gentle [wugs],-10.718475341796875,-10.280975341796875,-13.908674240112305,-11.471174240112305,-13.013885498046875,-10.826385498046875,128
test,1,The gentle [wugs],The gentle [wug],-11.471174240112305,-13.908674240112305,-10.280975341796875,-10.718475341796875,-10.000467300415039,-11.250467300415039,128
test,0,The lively [wug],The lively [wugs],-14.220848083496094,-17.314598083496094,-17.946020126342773,-13.883520126342773,-16.82672119140625,-13.70172119140625,128
test,1,The lively [wugs],The lively [wug],-13.883520126342773,-17.946020126342773,-17.314598083496094,-14.220848083496094,-15.332893371582031,-15.645393371582031,128
test,0,The clever [wug],The clever [wugs],-14.034882545471191,-15.972382545471191,-12.861799240112305,-10.486799240112305,-12.803526878356934,-11.491026878356934,128
test,1,The clever [wugs],The clever [wug],-10.486799240112305,-12.861799240112305,-15.972382545471191,-14.034882545471191,-14.381450653076172,-15.381450653076172,128
test,0,The round [wug],The round [wugs],-14.914499282836914,-14.914499282836914,-14.353952407836914,-13.166452407836914,-13.844679832458496,-13.157179832458496,128
test,1,The round [wugs],The round [wug],-13.166452407836914,-14.353952407836914,-14.914499282836914,-14.914499282836914,-14.36987590789795,-14.99487590789795,128
test,0,The sturdy [wug],The sturdy [wugs],-9.631288528442383,-13.443788528442383,-11.525026321411133,-8.775026321411133,-10.358602523803711,-8.671102523803711,128
test,1,The sturdy [wugs],The sturdy [wug],-8.775026321411133,-11.525026321411133,-13.443788528442383,-9.631288528442383,-9.679668426513672,-10.179668426513672,128
test,0,The round [wug],The round [wugs],-12.164499282836914,-12.726999282836914,-13.416452407836914,-10.666452407836914,-12.407179832458496,-10.594679832458496,128
test,1,The round [wugs],The round [wug],-10.666452407836914,-13.416452407836914,-12.726999282836914,-12.164499282836914,-10.55737590789795,-12.05737590789795,128
test,0,The gentle [wug],The gentle [wugs],-14.780975341796875,-16.780975341796875,-16.533674240112305,-14.596174240112305,-15.638885498046875,-14.701385498046875,128
test,1,The gentle [wugs],The gentle [wug],-14.596174240112305,-16.533674240112305,-16.780975341796875,-14.780975341796875,-16.28171730041504,-16.31296730041504,128
test,0,The wary [wug],The wary [wugs],-13.40526008605957,-15.71776008605957,-15.350992202758789,-11.350992202758789,-13.745949745178223,-10.370949745178223,128
test,1,The wary [wugs],The wary [wug],-11.350992202758789,-15.350992202758789,-15.71776008605957,-13.40526008605957,-14.73503589630127,-15.17253589630127,128
test,0,The strange [wug],The strange [wugs],-14.705094337463379,-16.330093383789062,-13.407541275024414,-11.407541275024414,-13.314770698547363,-12.064770698547363,128
test,1,The strange [wugs],The strange [wug],-11.407541275024414,-13.407541275024414,-16.330093383789062,-14.705094337463379,-15.597330093383789,-15.597330093383789,128
test,0,The shy [wug],The shy [wugs],-10.938328742980957,-15.500828742980957,-11.010957717895508,-8.698457717895508,-10.344156265258789,-8.469156265258789,128
test,1,The shy [wugs],The shy [wug],-8.698457717895508,-11.010957717895508,-15.500828742980957,-10.938328742980957,-13.755109786987305,-13.317609786987305,128
test,0,The bold [wug],The bold [wugs],-16.846567153930664,-18.284067153930664,-14.069038391113281,-12.131538391113281,-13.043027877807617,-11.855527877807617,128
test,1,The bold [wugs],The bold [wug],-12.131538391113281,-14.069038391113281,-18.284067153930664,-16.846567153930664,-15.715840339660645,-17.122089385986328,128
test,0,The spotted [wug],The spotted [wugs],-17.599319458007812,-20.239944458007812,-18.05271339416504,-15.833963394165039,-17.30143928527832,-16.55143928527832,128
test,1,The spotted [wugs],The spotted [wug],-15.833963394165039,-18.05271339416504,-20.239944458007812,-17.599319458007812,-17.55662727355957,-18.77537727355957,128
test,0,The lively [wug],The lively [wugs],-13.970848083496094,-16.408348083496094,-14.383520126342773,-10.821020126342773,-13.45172119140625,-10.82672119140625,128
test,1,The lively [wugs],The lively [wug],-10.821020126342773,-14.383520126342773,-16.408348083496094,-13.970848083496094,-14.332893371582031,-15.895393371582031,128
test,0,The graceful [wug],The graceful [wugs],-14.327885627746582,-18.390384674072266,-17.28349494934082,-16.09599494934082,-15.465327262878418,-15.652827262878418,128
test,1,The graceful [wugs],The graceful [wug],-16.09599494934082,-17.28349494934082,-18.390384674072266,-14.327885627746582,-16.305667877197266,-15.586917877197266,128
test,0,The round [wug],The round [wugs],-13.914499282836914,-17.101999282836914,-16.166452407836914,-12.166452407836914,-15.157179832458496,-12.157179832458496,128
test,1,The round [wugs],The round [wug],-12.166452407836914,-16.166452407836914,-17.101999282836914,-13.914499282836914,-13.86987590789795,-14.93237590789795,128
test,0,The spotted [wug],The spotted [wugs],-13.130569458007812,-15.568069458007812,-12.396463394165039,-9.771463394165039,-11.61393928527832,-10.67643928527832,128
test,1,The spotted [wugs],The spotted [wug],-9.771463394165039,-12.396463394165039,-15.568069458007812,-13.130569458007812,-13.681628227233887,-13.744128227233887,128
test,0,The sturdy [wug],The sturdy [wugs],-16.881288528442383,-19.162538528442383,-15.025026321411133,-12.400026321411133,-14.046102523803711,-12.483602523803711,128
test,1,The sturdy [wugs],The sturdy [wug],-12.400026321411133,-15.025026321411133,-19.162538528442383,-16.881288528442383,-15.117168426513672,-16.992168426513672,128
test,0,The strange [wug],The strange [wugs],-13.267594337463379,-16.642593383789062,-12.157541275024414,-8.907541275024414,-11.377270698547363,-8.689770698547363,128
test,1,The strange [wugs],The strange [wug],-8.907541275024414,-12.157541275024414,-16.642593383789062,-13.267594337463379,-14.784830093383789,-13.972330093383789,128
test,0,The sturdy [wug],The sturdy [wugs],-13.381288528442383,-14.256288528442383,-15.150026321411133,-10.900026321411133,-14.171102523803711,-11.358602523803711,128
test,1,The sturdy [wugs],The sturdy [wug],-10.900026321411133,-15.150026321411133,-14.256288528442383,-13.381288528442383,-11.242168426513672,-14.617168426513672,128
test,0,The shy [wug],The shy [wugs],-13.375828742980957,-14.750828742980957,-13.385957717895508,-11.073457717895508,-13.156656265258789,-11.469156265258789,128
test,1,The shy [wugs],The shy [wug],-11.073457717895508,-13.385957717895508,-14.750828742980957,-13.375828742980957,-14.317609786987305,-14.192609786987305,128
test,0,The curious [wug],The curious [wugs],-17.970523834228516,-20.689273834228516,-16.428428649902344,-13.178428649902344,-15.804268836975098,-13.491768836975098,128
test,1,The curious [wugs],The curious [wug],-13.178428649902344,-16.428428649902344,-20.689273834228516,-17.970523834228516,-18.176498413085938,-18.676498413085938,128
test,0,The gentle [wug],The gentle [wugs],-13.718475341796875,-14.843475341796875,-14.783674240112305,-12.596174240112305,-13.888885498046875,-12.451385498046875,128
test,1,The gentle [wugs],The gentle [wug],-12.596174240112305,-14.783674240112305,-14.843475341796875,-13.718475341796875,-14.187967300415039,-15.562967300415039,128
test,0,The clumsy [wug],The clumsy [wugs],-9.605051040649414,-14.605051040649414,-12.911340713500977,-10.723840713500977,-11.410979270935059,-9.660979270935059,128
test,1,The clumsy [wugs],The clumsy [wug],-10.723840713500977,-12.911340713500977,-14.605051040649414,-9.605051040649414,-12.176067352294922,-11.863567352294922,128
test,0,The wary [wug],The wary [wugs],-13.53026008605957,-15.65526008605957,-14.725992202758789,-10.913492202758789,-13.620949745178223,-10.308449745178223,128
test,1,The wary [wugs],The wary [wug],-10.913492202758789,-14.725992202758789,-15.65526008605957,-13.53026008605957,-14.98503589630127,-15.17253589630127,128
test,0,The graceful [wug],The graceful [wugs],-13.702885627746582,-16.265384674072266,-13.283495903015137,-10.970995903015137,-13.152827262878418,-12.277827262878418,128
test,1,The graceful [wugs],The graceful [wug],-10.970995903015137,-13.283495903015137,-16.265384674072266,-13.702885627746582,-14.336917877197266,-15.274417877197266,128
test,0,The clever [wug],The clever [wugs],-16.222383499145508,-18.347383499145508,-14.674299240112305,-14.924299240112305,-14.491026878356934,-16.366025924682617,128
test,1,The clever [wugs],The clever [wug],-14.924299240112305,-14.674299240112305,-18.347383499145508,-16.222383499145508,-16.943950653076172,-17.162700653076172,128
test,0,The tiny [wug],The tiny [wugs],-13.018474578857422,-16.268474578857422,-13.716148376464844,-9.778648376464844,-12.635237693786621,-9.447737693786621,128
test,1,The tiny [wugs],The tiny [wug],-9.778648376464844,-13.716148376464844,-16.268474578857422,-13.018474578857422,-13.679866790771484,-14.867366790771484,128
test,0,The wary [wug],The wary [wugs],-15.34276008605957,-15.53026008605957,-15.663492202758789,-11.975992202758789,-15.808449745178223,-12.245949745178223,128
test,1,The wary [wugs],The wary [wug],-11.975992202758789,-15.663492202758789,-15.53026008605957,-15.34276008605957,-15.17253589630127,-16.360036849975586,128
test,0,The clever [wug],The clever [wugs],-20.441133499145508,-22.503633499145508,-17.111799240112305,-16.986799240112305,-18.178525924682617,-18.303525924682617,128
test,1,The clever [wugs],The clever [wug],-16.986799240112305,-17.111799240112305,-22.503633499145508,-20.441133499145508,-22.522075653076172,-21.881450653076172,128
test,0,The gentle [wug],The gentle [wugs],-2.343475818634033,-9.280975341796875,-6.2836737632751465,-3.4086740016937256,-5.201385021209717,-3.326385021209717,128
test,1,The gentle [wugs],The gentle [wug],-3.4086740016937256,-6.2836737632751465,-9.280975341796875,-2.343475818634033,-4.812967300415039,-3.187967300415039,128
test,0,The spotted [wug],The spotted [wugs],-13.943069458007812,-16.005569458007812,-17.33396339416504,-14.958963394165039,-15.86393928527832,-16.17643928527832,128
test,1,The spotted [wugs],The spotted [wug],-14.958963394165039,-17.33396339416504,-16.005569458007812,-13.943069458007812,-13.119128227233887,-15.681628227233887,128
test,0,The strange [wug],The strange [wugs],-14.642594337463379,-16.955093383789062,-13.532541275024414,-11.720041275024414,-12.752270698547363,-11.314770698547363,128
test,1,The strange [wugs],The strange [wug],-11.720041275024414,-13.532541275024414,-16.955093383789062,-14.642594337463379,-16.03483009338379,-15.409830093383789,128
test,0,The clever [wug],The clever [wugs],-10.972382545471191,-15.972382545471191,-13.299299240112305,-10.736799240112305,-13.053526878356934,-11.366026878356934,128
test,1,The clever [wugs],The clever [wug],-10.736799240112305,-13.299299240112305,-15.972382545471191,-10.972382545471191,-13.318950653076172,-12.006450653076172,128
test,0,The round [wug],The round [wugs],-12.789499282836914,-13.414499282836914,-13.978952407836914,-10.416452407836914,-12.969679832458496,-10.719679832458496,128
test,1,The round [wugs],The round [wug],-10.416452407836914,-13.978952407836914,-13.414499282836914,-12.789499282836914,-12.11987590789795,-13.80737590789795,128
test,0,The restless [wug],The restless [wugs],-9.676521301269531,-11.739021301269531,-11.735188484191895,-8.610188484191895,-10.288084030151367,-7.600584030151367,128
test,1,The restless [wugs],The restless [wug],-8.610188484191895,-11.735188484191895,-11.739021301269531,-9.676521301269531,-10.787689208984375,-12.037689208984375,128
test,0,The shy [wug],The shy [wugs],-6.063328742980957,-12.563328742980957,-6.698457717895508,-4.073457717895508,-5.969155788421631,-4.219155788421631,128
test,1,The shy [wugs],The shy [wug],-4.073457717895508,-6.698457717895508,-12.563328742980957,-6.063328742980957,-7.567609786987305,-6.817609786987305,128
test,0,The round [wug],The round [wugs],-1.8519997596740723,-9.226999282836914,-4.416452407836914,-0.9164523482322693,-3.282179594039917,-1.157179594039917,128
test,1,The round [wugs],The round [wug],-0.9164523482322693,-4.416452407836914,-9.226999282836914,-1.8519997596740723,-2.8698761463165283,-2.9948761463165283,128
test,0,The restless [wug],The restless [wugs],-13.739021301269531,-16.61402130126953,-13.172688484191895,-11.485188484191895,-12.538084030151367,-11.288084030151367,128
test,1,The restless [wugs],The restless [wug],-11.485188484191895,-13.172688484191895,-16.61402130126953,-13.739021301269531,-15.475189208984375,-13.912689208984375,128
test,0,The fierce [wug],The fierce [wugs],-18.457971572875977,-19.270471572875977,-14.619964599609375,-11.494964599609375,-13.737195014953613,-11.237195014953613,128
test,1,The fierce [wugs],The fierce [wug],-11.494964599609375,-14.619964599609375,-19.270471572875977,-18.457971572875977,-17.835479736328125,-18.741729736328125,128
test,0,The shy [wug],The shy [wugs],-15.063328742980957,-16.93832778930664,-14.885957717895508,-10.760957717895508,-14.594156265258789,-11.281656265258789,128
test,1,The shy [wugs],The shy [wug],-10.760957717895508,-14.885957717895508,-16.93832778930664,-15.063328742980957,-15.880109786987305,-17.317609786987305,128
test,0,The shy [wug],The shy [wugs],-15.063328742980957,-16.93832778930664,-13.260957717895508,-10.698457717895508,-13.219156265258789,-11.969156265258789,128
test,1,The shy [wugs],The shy [wug],-10.698457717895508,-13.260957717895508,-16.93832778930664,-15.063328742980957,-15.692609786987305,-17.255109786987305,128
test,0,The tiny [wug],The tiny [wugs],-17.705974578857422,-18.143474578857422,-16.841148376464844,-12.841148376464844,-16.510238647460938,-12.885237693786621,128
test,1,The tiny [wugs],The tiny [wug],-12.841148376464844,-16.841148376464844,-18.143474578857422,-17.705974578857422,-16.992366790771484,-18.711116790771484,128
test,0,The sturdy [wug],The sturdy [wugs],-15.818788528442383,-16.568788528442383,-12.150026321411133,-9.275026321411133,-12.233602523803711,-10.171102523803711,128
test,1,The sturdy [wugs],The sturdy [wug],-9.275026321411133,-12.150026321411133,-16.568788528442383,-15.818788528442383,-14.804668426513672,-17.054668426513672,128
test,0,The restless [wug],The restless [wugs],-15.989021301269531,-16.42652130126953,-17.985187530517578,-13.297688484191895,-17.288084030151367,-12.913084030151367,128
test,1,The restless [wugs],The restless [wug],-13.297688484191895,-17.985187530517578,-16.42652130126953,-15.989021301269531,-15.662689208984375,-17.256439208984375,128
test,0,The clumsy [wug],The clumsy [wugs],-11.855051040649414,-13.230051040649414,-13.536340713500977,-10.473840713500977,-11.785979270935059,-9.660979270935059,128
test,1,The clumsy [wugs],The clumsy [wug],-10.473840713500977,-13.536340713500977,-13.230051040649414,-11.855051040649414,-11.488567352294922,-13.988567352294922,128
test,0,The fierce [wug],The fierce [wugs],-18.207971572875977,-19.426721572875977,-16.182464599609375,-13.557464599609375,-15.424695014953613,-13.549695014953613,128
test,1,The fierce [wugs],The fierce [wug],-13.557464599609375,-16.182464599609375,-19.426721572875977,-18.207971572875977,-18.616729736328125,-18.585479736328125,128
test,0,The wary [wug],The wary [wugs],-17.99901008605957,-19.90526008605957,-15.850992202758789,-12.725992202758789,-15.183449745178223,-12.183449745178223,128
test,1,The wary [wugs],The wary [wug],-12.725992202758789,-15.850992202758789,-19.90526008605957,-17.99901008605957,-19.547536849975586,-18.641286849975586,128
test,0,The wary [wug],The wary [wugs],-13.90526008605957,-14.65526008605957,-14.288492202758789,-12.163492202758789,-14.495949745178223,-12.558449745178223,128
test,1,The wary [wugs],The wary [wug],-12.163492202758789,-14.288492202758789,-14.65526008605957,-13.90526008605957,-13.98503589630127,-14.23503589630127,128
test,0,The restless [wug],The restless [wugs],-14.739021301269531,-18.33277130126953,-15.985188484191895,-12.610188484191895,-15.350584030151367,-12.663084030151367,128
test,1,The restless [wugs],The restless [wug],-12.610188484191895,-15.985188484191895,-18.33277130126953,-14.739021301269531,-17.006439208984375,-16.912689208984375,128
test,0,The shy [wug],The shy [wugs],-14.125828742980957,-15.063328742980957,-11.635957717895508,-7.448457717895508,-10.781656265258789,-7.344155788421631,128
test,1,The shy [wugs],The shy [wug],-7.448457717895508,-11.635957717895508,-15.063328742980957,-14.125828742980957,-13.442609786987305,-15.505109786987305,128
test,0,The restless [wug],The restless [wugs],-14.176521301269531,-17.55152130126953,-13.297688484191895,-9.985188484191895,-12.538084030151367,-9.850584030151367,128
test,1,The restless [wugs],The restless [wug],-9.985188484191895,-13.297688484191895,-17.55152130126953,-14.176521301269531,-14.475189208984375,-14.725189208984375,128
test,0,The spotted [wug],The spotted [wugs],-13.193069458007812,-18.005569458007812,-13.958963394165039,-12.208963394165039,-12.61393928527832,-12.92643928527832,128
test,1,The spotted [wugs],The spotted [wug],-12.208963394165039,-13.958963394165039,-18.005569458007812,-13.193069458007812,-13.744128227233887,-13.244128227233887,128
test,0,The gentle [wug],The gentle [wugs],-12.843475341796875,-15.530975341796875,-12.971174240112305,-9.908674240112305,-11.826385498046875,-9.826385498046875,128
test,1,The gentle [wugs],The gentle [wug],-9.908674240112305,-12.971174240112305,-15.530975341796875,-12.843475341796875,-13.812967300415039,-14.437967300415039,128
test,0,The wary [wug],The wary [wugs],-13.09276008605957,-16.21776008605957,-14.475992202758789,-12.288492202758789,-13.433449745178223,-11.495949745178223,128
test,1,The wary [wugs],The wary [wug],-12.288492202758789,-14.475992202758789,-16.21776008605957,-13.09276008605957,-15.54753589630127,-13.92253589630127,128
test,0,The tiny [wug],The tiny [wugs],-16.143474578857422,-17.580974578857422,-15.591148376464844,-14.716148376464844,-14.947737693786621,-14.572737693786621,128
test,1,The tiny [wugs],The tiny [wug],-14.716148376464844,-15.591148376464844,-17.580974578857422,-16.143474578857422,-16.867366790771484,-16.429866790771484,128
test,0,The wary [wug],The wary [wugs],-14.34276008605957,-15.84276008605957,-17.85099220275879,-13.225992202758789,-16.370948791503906,-12.558449745178223,128
test,1,The wary [wugs],The wary [wug],-13.225992202758789,-17.85099220275879,-15.84276008605957,-14.34276008605957,-14.04753589630127,-15.23503589630127,128
test,0,The tiny [wug],The tiny [wugs],-14.018474578857422,-15.080974578857422,-14.528648376464844,-13.091148376464844,-14.010237693786621,-12.885237693786621,128
test,1,The tiny [wugs],The tiny [wug],-13.091148376464844,-14.528648376464844,-15.080974578857422,-14.018474578857422,-14.804866790771484,-14.804866790771484,128
test,0,The clever [wug],The clever [wugs],-9.722382545471191,-11.722382545471191,-12.299299240112305,-10.361799240112305,-12.366026878356934,-11.241026878356934,128
test,1,The clever [wugs],The clever [wug],-10.361799240112305,-12.299299240112305,-11.722382545471191,-9.722382545471191,-8.756450653076172,-9.756450653076172,128
test,0,The clever [wug],The clever [wugs],-15.159882545471191,-19.847383499145508,-15.299299240112305,-13.111799240112305,-14.366026878356934,-13.366026878356934,128
test,1,The clever [wugs],The clever [wug],-13.111799240112305,-15.299299240112305,-19.847383499145508,-15.159882545471191,-18.475200653076172,-17.318950653076172,128
test,0,The restless [wug],The restless [wugs],-18.02027130126953,-18.11402130126953,-14.297688484191895,-11.172688484191895,-13.600584030151367,-11.225584030151367,128
test,1,The restless [wugs],The restless [wug],-11.172688484191895,-14.297688484191895,-18.11402130126953,-18.02027130126953,-16.662689208984375,-18.850189208984375,128
test,0,The bold [wug],The bold [wugs],-16.534067153930664,-17.471567153930664,-14.194038391113281,-12.256538391113281,-15.168027877807617,-13.293027877807617,128
test,1,The bold [wugs],The bold [wug],-12.256538391113281,-14.194038391113281,-17.471567153930664,-16.534067153930664,-16.465839385986328,-16.278339385986328,128
test,0,The tiny [wug],The tiny [wugs],-14.580974578857422,-15.330974578857422,-13.716148376464844,-10.028648376464844,-12.697737693786621,-9.760237693786621,128
test,1,The tiny [wugs],The tiny [wug],-10.028648376464844,-13.716148376464844,-15.330974578857422,-14.580974578857422,-13.492366790771484,-15.867366790771484,128
test,0,The wary [wug],The wary [wugs],-13.84276008605957,-16.46776008605957,-14.350992202758789,-10.663492202758789,-13.245949745178223,-10.245949745178223,128
test,1,The wary [wugs],The wary [wug],-10.663492202758789,-14.350992202758789,-16.46776008605957,-13.84276008605957,-14.86003589630127,-15.04753589630127,128
test,0,The restless [wug],The restless [wugs],-14.489021301269531,-16.64527130126953,-16.235187530517578,-12.485188484191895,-15.288084030151367,-11.975584030151367,128
test,1,The restless [wugs],The restless [wug],-12.485188484191895,-16.235187530517578,-16.64527130126953,-14.489021301269531,-14.975189208984375,-16.475189208984375,128
test,0,The fierce [wug],The fierce [wugs],-17.426721572875977,-18.051721572875977,-16.807464599609375,-12.807464599609375,-16.112194061279297,-12.612195014953613,128
test,1,The fierce [wugs],The fierce [wug],-12.807464599609375,-16.807464599609375,-18.051721572875977,-17.426721572875977,-15.804228782653809,-16.866729736328125,128
test,0,The shy [wug],The shy [wugs],-16.75082778930664,-20.93832778930664,-15.260957717895508,-13.448457717895508,-15.781656265258789,-13.906656265258789,128
test,1,The shy [wugs],The shy [wug],-13.448457717895508,-15.260957717895508,-20.93832778930664,-16.75082778930664,-19.630109786987305,-16.942609786987305,128
