split,inverse,source_input,base_input,source_logp_A,source_logp_B,base_logp_A,base_logp_B,base_intervention_logp_A,base_intervention_logp_B,n_nodes
train,0,The fuzzy turtle past the crates,The fuzzy turtles past the crate,-1.8678218126296997,-6.11782169342041,-5.1272454261779785,-4.0022454261779785,-3.626469612121582,-5.751469612121582,128
train,1,The fuzzy turtles past the crate,The fuzzy turtle past the crates,-4.0022454261779785,-5.1272454261779785,-6.11782169342041,-1.8678218126296997,-3.576955795288086,-2.826955795288086,128
train,0,The small kit around the towers,The small kits around the tower,-11.567154884338379,-13.879654884338379,-15.422598838806152,-12.172598838806152,-14.16845703125,-12.48095703125,128
train,1,The small kits around the tower,The small kit around the towers,-12.172598838806152,-15.422598838806152,-13.879654884338379,-11.567154884338379,-11.773189544677734,-13.148189544677734,128
train,0,The slender bat behind the cabins,The slender bats behind the cabin,-0.5608202219009399,-7.06082010269165,-5.513236045837402,-1.513236165046692,-2.5829215049743652,-1.9579215049743652,128
train,1,The slender bats behind the cabin,The slender bat behind the cabins,-1.513236165046692,-5.513236045837402,-7.06082010269165,-0.5608202219009399,-2.2135047912597656,-1.213504672050476,128
train,0,The fuzzy shark behind the clocks,The fuzzy sharks behind the clock,-15.7498779296875,-16.8123779296875,-17.73228645324707,-15.794785499572754,-17.437685012817383,-16.312685012817383,128
train,1,The fuzzy sharks behind the clock,The fuzzy shark behind the clocks,-15.794785499572754,-17.73228645324707,-16.8123779296875,-15.7498779296875,-15.783366203308105,-16.783367156982422,128
train,0,The sleepy dolphin past the vines,The sleepy dolphins past the vine,-2.725640296936035,-7.600640296936035,-11.901102066040039,-11.401102066040039,-10.658795356750488,-11.533795356750488,128
train,1,The sleepy dolphins past the vine,The sleepy dolphin past the vines,-11.401102066040039,-11.901102066040039,-7.600640296936035,-2.725640296936035,-4.466248512268066,-3.5912485122680664,128
train,0,The nervous lion behind the rocks,The nervous lions behind the rock,-14.853643417358398,-15.478643417358398,-16.458768844604492,-15.833769798278809,-15.940118789672852,-15.315118789672852,128
train,1,The nervous lions behind the rock,The nervous lion behind the rocks,-15.833769798278809,-16.458768844604492,-15.478643417358398,-14.853643417358398,-14.612528800964355,-15.175028800964355,128
train,0,The calm dog outside the houses,The calm dogs outside the house,-0.8344464302062988,-5.584446430206299,-5.590714454650879,-1.090714454650879,-3.166199207305908,-1.2911990880966187,128
train,1,The calm dogs outside the house,The calm dog outside the houses,-1.090714454650879,-5.590714454650879,-5.584446430206299,-0.8344464302062988,-2.1103949546813965,-1.860395073890686,128
train,0,The nervous panda behind the windows,The nervous pandas behind the window,-2.7958059310913086,-6.545805931091309,-5.505606174468994,-2.380606174468994,-3.218642234802246,-3.593642234802246,128
train,1,The nervous pandas behind the window,The nervous panda behind the windows,-2.380606174468994,-5.505606174468994,-6.545805931091309,-2.7958059310913086,-4.556154251098633,-3.306154251098633,128
train,0,The sleepy kit beneath the boilers,The sleepy kits beneath the boiler,-1.0861780643463135,-7.461177825927734,-3.9958689212799072,-3.3708689212799072,-2.711992025375366,-5.711992263793945,128
train,1,The sleepy kits beneath the boiler,The sleepy kit beneath the boilers,-3.3708689212799072,-3.9958689212799072,-7.461177825927734,-1.0861780643463135,-3.1544992923736572,-1.9044992923736572,128
train,0,The small bat around the walls,The small bats around the wall,-1.9762784242630005,-5.601278305053711,-5.205623626708984,-1.2056238651275635,-3.2224063873291016,-1.9724063873291016,128
train,1,The small bats around the wall,The small bat around the walls,-1.2056238651275635,-5.205623626708984,-5.601278305053711,-1.9762784242630005,-2.6272575855255127,-3.1272575855255127,128
train,0,The fuzzy pup around the tanks,The fuzzy pups around the tank,-13.527050971984863,-14.089550971984863,-15.384672164916992,-12.884672164916992,-14.701679229736328,-12.701679229736328,128
train,1,The fuzzy pups around the tank,The fuzzy pup around the tanks,-12.884672164916992,-15.384672164916992,-14.089550971984863,-13.527050971984863,-12.160353660583496,-14.160353660583496,128
train,0,The small doe beneath the boilers,The small does beneath the boiler,-11.845282554626465,-14.220282554626465,-15.158096313476562,-13.908096313476562,-14.974358558654785,-14.099358558654785,128
train,1,The small does beneath the boiler,The small doe beneath the boilers,-13.908096313476562,-15.158096313476562,-14.220282554626465,-11.845282554626465,-13.441381454467773,-12.628881454467773,128
train,0,The slender panda past the crates,The slender pandas past the crate,-0.7734951376914978,-5.773495197296143,-5.207530498504639,-1.0825306177139282,-2.6879634857177734,-1.812963604927063,128
train,1,The slender pandas past the crate,The slender panda past the crates,-1.0825306177139282,-5.207530498504639,-5.773495197296143,-0.7734951376914978,-2.403787136077881,-1.5287872552871704,128
train,0,The sleepy panda outside the benches,The sleepy pandas outside the bench,-14.21838665008545,-16.468387603759766,-17.59145736694336,-14.153956413269043,-15.982392311096191,-14.419892311096191,128
train,1,The sleepy pandas outside the bench,The sleepy panda outside the benches,-14.153956413269043,-17.59145736694336,-16.468387603759766,-14.21838665008545,-13.967938423156738,-15.342938423156738,128
train,0,The bright rabbit beneath the trenches,The bright rabbits beneath the trench,-2.1420302391052246,-8.142030715942383,-4.068277835845947,-3.6932778358459473,-3.30806303024292,-6.18306303024292,128
train,1,The bright rabbits beneath the trench,The bright rabbit beneath the trenches,-3.6932778358459473,-4.068277835845947,-8.142030715942383,-2.1420302391052246,-4.2698073387146,-2.8948073387145996,128
train,0,The small chick past the rocks,The small chicks past the rock,-2.263442039489746,-8.888442039489746,-5.939359664916992,-2.439359664916992,-3.8592143058776855,-3.2342143058776855,128
train,1,The small chicks past the rock,The small chick past the rocks,-2.439359664916992,-5.939359664916992,-8.888442039489746,-2.263442039489746,-5.9221577644348145,-2.6721577644348145,128
train,0,The slender cock around the walls,The slender cocks around the wall,-10.745611190795898,-11.183111190795898,-12.431106567382812,-9.868606567382812,-11.37977123260498,-10.50477123260498,128
train,1,The slender cocks around the wall,The slender cock around the walls,-9.868606567382812,-12.431106567382812,-11.183111190795898,-10.745611190795898,-10.272466659545898,-11.522466659545898,128
train,0,The nervous shark behind the windows,The nervous sharks behind the window,-11.869532585144043,-15.682032585144043,-14.003862380981445,-11.253862380981445,-12.459880828857422,-11.459880828857422,128
train,1,The nervous sharks behind the window,The nervous shark behind the windows,-11.253862380981445,-14.003862380981445,-15.682032585144043,-11.869532585144043,-14.493038177490234,-12.368038177490234,128
train,0,The small pup past the vines,The small pups past the vine,-12.897540092468262,-13.647540092468262,-18.886577606201172,-16.199077606201172,-18.410789489746094,-15.973289489746094,128
train,1,The small pups past the vine,The small pup past the vines,-16.199077606201172,-18.886577606201172,-13.647540092468262,-12.897540092468262,-12.740277290344238,-13.677777290344238,128
train,0,The calm shark outside the piles,The calm sharks outside the pile,-4.056588172912598,-9.056588172912598,-5.968430042266846,-3.5934300422668457,-4.330700874328613,-4.580700874328613,128
train,1,The calm sharks outside the pile,The calm shark outside the piles,-3.5934300422668457,-5.968430042266846,-9.056588172912598,-4.056588172912598,-6.0385637283325195,-5.2885637283325195,128
train,0,The fuzzy kit beneath the statues,The fuzzy kits beneath the statue,-0.575252115726471,-4.450252056121826,-4.266108512878418,-1.766108512878418,-1.823582649230957,-2.698582649230957,128
train,1,The fuzzy kits beneath the statue,The fuzzy kit beneath the statues,-1.766108512878418,-4.266108512878418,-4.450252056121826,-0.575252115726471,-1.5478137731552124,-1.4228137731552124,128
train,0,The sleepy panda outside the stools,The sleepy pandas outside the stool,-1.1415399312973022,-5.016540050506592,-5.606134414672852,-1.481134295463562,-3.490114450454712,-1.740114450454712,128
train,1,The sleepy pandas outside the stool,The sleepy panda outside the stools,-1.481134295463562,-5.606134414672852,-5.016540050506592,-1.1415399312973022,-2.0551364421844482,-2.5551364421844482,128
train,0,The bright pup outside the cabins,The bright pups outside the cabin,-0.4190140962600708,-6.294013977050781,-6.037178039550781,-1.1621779203414917,-3.126368999481201,-1.3763689994812012,128
train,1,The bright pups outside the cabin,The bright pup outside the cabins,-1.1621779203414917,-6.037178039550781,-6.294013977050781,-0.4190140962600708,-1.103746771812439,-1.978746771812439,128
train,0,The slender pup beneath the carts,The slender pups beneath the cart,-10.398170471191406,-12.273170471191406,-16.659770965576172,-15.534770965576172,-16.38917350769043,-15.701674461364746,128
train,1,The slender pups beneath the cart,The slender pup beneath the carts,-15.534770965576172,-16.659770965576172,-12.273170471191406,-10.398170471191406,-10.173324584960938,-11.798324584960938,128
train,0,The calm cow around the walls,The calm cows around the wall,-3.5243451595306396,-6.399345397949219,-5.637348175048828,-2.262348175048828,-3.9518704414367676,-3.2018704414367676,128
train,1,The calm cows around the wall,The calm cow around the walls,-2.262348175048828,-5.637348175048828,-6.399345397949219,-3.5243451595306396,-4.339191913604736,-3.8391919136047363,128
train,0,The quiet bat beneath the chairs,The quiet bats beneath the chair,-9.33648681640625,-13.64898681640625,-13.008397102355957,-10.570897102355957,-11.206355094909668,-11.018855094909668,128
train,1,The quiet bats beneath the chair,The quiet bat beneath the chairs,-10.570897102355957,-13.008397102355957,-13.64898681640625,-9.33648681640625,-11.858177185058594,-10.233177185058594,128
train,0,The nervous bat around the thresholds,The nervous bats around the threshold,-14.378347396850586,-16.440847396850586,-14.640009880065918,-14.452509880065918,-14.811988830566406,-15.811988830566406,128
train,1,The nervous bats around the threshold,The nervous bat around the thresholds,-14.452509880065918,-14.640009880065918,-16.440847396850586,-14.378347396850586,-15.568485260009766,-14.318485260009766,128
train,0,The small bat beneath the barrels,The small bats beneath the barrel,-0.4956853985786438,-8.120685577392578,-6.443438529968262,-1.5684382915496826,-3.6463372707366943,-2.1463372707366943,128
train,1,The small bats beneath the barrel,The small bat beneath the barrels,-1.5684382915496826,-6.443438529968262,-8.120685577392578,-0.4956853985786438,-1.9055514335632324,-1.1555514335632324,128
train,0,The timid cock outside the tables,The timid cocks outside the table,-2.0184426307678223,-4.143442630767822,-5.706289291381836,-2.331289291381836,-3.1112451553344727,-2.7362451553344727,128
train,1,The timid cocks outside the table,The timid cock outside the tables,-2.331289291381836,-5.706289291381836,-4.143442630767822,-2.0184426307678223,-2.0569119453430176,-3.6819119453430176,128
train,0,The bright lion around the tables,The bright lions around the table,-12.202990531921387,-14.702990531921387,-15.81550121307373,-12.19050121307373,-14.172623634338379,-12.735123634338379,128
train,1,The bright lions around the table,The bright lion around the tables,-12.19050121307373,-15.81550121307373,-14.702990531921387,-12.202990531921387,-13.036282539367676,-14.098782539367676,128
train,0,The sleepy monitor around the belts,The sleepy monitors around the belt,-2.850813150405884,-4.475812911987305,-5.577491760253906,-3.2024919986724854,-4.727436065673828,-3.477436065673828,128
train,1,The sleepy monitors around the belt,The sleepy monitor around the belts,-3.2024919986724854,-5.577491760253906,-4.475812911987305,-2.850813150405884,-3.1256535053253174,-3.2506535053253174,128
train,0,The nervous bat behind the windows,The nervous bats behind the window,-2.972712516784668,-5.722712516784668,-5.139888763427734,-2.5148887634277344,-3.3845431804656982,-3.2595431804656982,128
train,1,The nervous bats behind the window,The nervous bat behind the windows,-2.5148887634277344,-5.139888763427734,-5.722712516784668,-2.972712516784668,-4.736993312835693,-3.1119933128356934,128
train,0,The fuzzy lion behind the valves,The fuzzy lions behind the valve,-0.9653481245040894,-7.965348243713379,-3.8851819038391113,-1.8851820230484009,-1.7343980073928833,-4.109397888183594,128
train,1,The fuzzy lions behind the valve,The fuzzy lion behind the valves,-1.8851820230484009,-3.8851819038391113,-7.965348243713379,-0.9653481245040894,-4.34491491317749,-1.3449149131774902,128
train,0,The quiet cow around the dams,The quiet cows around the dam,-14.263092041015625,-16.013092041015625,-16.266094207763672,-14.453595161437988,-14.421744346618652,-14.546744346618652,128
train,1,The quiet cows around the dam,The quiet cow around the dams,-14.453595161437988,-16.266094207763672,-16.013092041015625,-14.263092041015625,-16.150863647460938,-15.213362693786621,128
train,0,The sleepy panda around the towers,The sleepy pandas around the tower,-2.111534595489502,-7.236534595489502,-6.416363716125488,-1.1663634777069092,-3.8784756660461426,-1.7534756660461426,128
train,1,The sleepy pandas around the tower,The sleepy panda around the towers,-1.1663634777069092,-6.416363716125488,-7.236534595489502,-2.111534595489502,-3.3868167400360107,-3.0118167400360107,128
train,0,The nervous rat around the thresholds,The nervous rats around the threshold,-4.750540256500244,-9.875539779663086,-6.115023612976074,-3.740023374557495,-4.8250651359558105,-4.8250651359558105,128
train,1,The nervous rats around the threshold,The nervous rat around the thresholds,-3.740023374557495,-6.115023612976074,-9.875539779663086,-4.750540256500244,-7.005267143249512,-5.005267143249512,128
train,0,The sleepy cock behind the cabins,The sleepy cocks behind the cabin,-1.79851496219635,-6.9235148429870605,-5.707738876342773,-3.9577388763427734,-3.7239670753479004,-5.3489670753479,128
train,1,The sleepy cocks behind the cabin,The sleepy cock behind the cabins,-3.9577388763427734,-5.707738876342773,-6.9235148429870605,-1.79851496219635,-3.5687360763549805,-2.6937360763549805,128
train,0,The slender dog around the towers,The slender dogs around the tower,-1.950183629989624,-6.700183868408203,-6.951304912567139,-1.4513047933578491,-4.433379173278809,-1.9333791732788086,128
train,1,The slender dogs around the tower,The slender dog around the towers,-1.4513047933578491,-6.951304912567139,-6.700183868408203,-1.950183629989624,-3.0184249877929688,-2.7684249877929688,128
train,0,The small pup around the towers,The small pups around the tower,-16.173608779907227,-16.861108779907227,-16.90796661376953,-14.595466613769531,-16.312314987182617,-14.624814987182617,128
train,1,The small pups around the tower,The small pup around the towers,-14.595466613769531,-16.90796661376953,-16.861108779907227,-16.173608779907227,-15.667290687561035,-16.79228973388672,128
train,0,The fuzzy lion outside the cabins,The fuzzy lions outside the cabin,-13.238926887512207,-15.676426887512207,-16.260997772216797,-12.885997772216797,-14.58652400970459,-12.96152400970459,128
train,1,The fuzzy lions outside the cabin,The fuzzy lion outside the cabins,-12.885997772216797,-16.260997772216797,-15.676426887512207,-13.238926887512207,-12.887996673583984,-13.887996673583984,128
train,0,The fuzzy rat past the rocks,The fuzzy rats past the rock,-16.167633056640625,-17.667633056640625,-19.956933975219727,-17.519433975219727,-19.599956512451172,-17.974956512451172,128
train,1,The fuzzy rats past the rock,The fuzzy rat past the rocks,-17.519433975219727,-19.956933975219727,-17.667633056640625,-16.167633056640625,-17.172048568725586,-17.609548568725586,128
train,0,The small cock around the columns,The small cocks around the column,-1.622774362564087,-4.372774124145508,-3.144327402114868,-1.7693274021148682,-1.9240612983703613,-3.1740612983703613,128
train,1,The small cocks around the column,The small cock around the columns,-1.7693274021148682,-3.144327402114868,-4.372774124145508,-1.622774362564087,-2.489776134490967,-2.364776134490967,128
train,0,The bright turtle past the nests,The bright turtles past the nest,-12.78472900390625,-13.72222900390625,-13.919598579406738,-11.107098579406738,-12.94527816772461,-11.63277816772461,128
train,1,The bright turtles past the nest,The bright turtle past the nests,-11.107098579406738,-13.919598579406738,-13.72222900390625,-12.78472900390625,-12.53565788269043,-14.34815788269043,128
train,0,The slender rat around the walls,The slender rats around the wall,-12.529695510864258,-14.404695510864258,-15.374114990234375,-11.249114990234375,-14.032037734985352,-11.344537734985352,128
train,1,The slender rats around the wall,The slender rat around the walls,-11.249114990234375,-15.374114990234375,-14.404695510864258,-12.529695510864258,-12.134101867675781,-13.759101867675781,128
train,0,The slender dog behind the cars,The slender dogs behind the car,-0.8571585416793823,-7.107158660888672,-6.240960597991943,-2.1159603595733643,-4.0913262367248535,-2.5913259983062744,128
train,1,The slender dogs behind the car,The slender dog behind the cars,-2.1159603595733643,-6.240960597991943,-7.107158660888672,-0.8571585416793823,-2.171992063522339,-1.6719920635223389,128
train,0,The timid shark behind the rushes,The timid sharks behind the rush,-13.80649471282959,-15.61899471282959,-20.104183197021484,-19.416683197021484,-19.80410385131836,-19.08535385131836,128
train,1,The timid sharks behind the rush,The timid shark behind the rushes,-19.416683197021484,-20.104183197021484,-15.61899471282959,-13.80649471282959,-14.70441722869873,-14.32941722869873,128
train,0,The calm shark behind the bolts,The calm sharks behind the bolt,-2.5048508644104004,-6.8798508644104,-6.095931529998779,-5.470931529998779,-5.700389862060547,-6.700389862060547,128
train,1,The calm sharks behind the bolt,The calm shark behind the bolts,-5.470931529998779,-6.095931529998779,-6.8798508644104,-2.5048508644104004,-4.396175861358643,-3.1461758613586426,128
train,0,The nervous rabbit around the dams,The nervous rabbits around the dam,-4.747290134429932,-5.247290134429932,-5.074294090270996,-1.1992943286895752,-2.5762434005737305,-2.2012434005737305,128
train,1,The nervous rabbits around the dam,The nervous rabbit around the dams,-1.1992943286895752,-5.074294090270996,-5.247290134429932,-4.747290134429932,-3.9514639377593994,-4.82646369934082,128
train,0,The sleepy whale outside the pots,The sleepy whales outside the pot,-2.354530096054077,-6.229530334472656,-4.241538047790527,-3.7415380477905273,-3.186896800994873,-5.186896800994873,128
train,1,The sleepy whales outside the pot,The sleepy whale outside the pots,-3.7415380477905273,-4.241538047790527,-6.229530334472656,-2.354530096054077,-3.309241771697998,-2.809241771697998,128
train,0,The nervous cock outside the pipes,The nervous cocks outside the pipe,-2.0817818641662598,-6.33178186416626,-4.056454181671143,-3.3064541816711426,-2.910266399383545,-5.035266399383545,128
train,1,The nervous cocks outside the pipe,The nervous cock outside the pipes,-3.3064541816711426,-4.056454181671143,-6.33178186416626,-2.0817818641662598,-4.027497291564941,-2.6524972915649414,128
train,0,The quiet dog past the barrels,The quiet dogs past the barrel,-13.053337097167969,-16.49083709716797,-16.497770309448242,-12.935270309448242,-14.574435234069824,-13.636935234069824,128
train,1,The quiet dogs past the barrel,The quiet dog past the barrels,-12.935270309448242,-16.497770309448242,-16.49083709716797,-13.053337097167969,-14.436020851135254,-14.248520851135254,128
train,0,The timid rat around the benches,The timid rats around the bench,-11.15061092376709,-16.213109970092773,-13.60837173461914,-11.92087173461914,-12.397065162658691,-12.147065162658691,128
train,1,The timid rats around the bench,The timid rat around the benches,-11.92087173461914,-13.60837173461914,-16.213109970092773,-11.15061092376709,-13.778244018554688,-12.715744018554688,128
train,0,The calm panda past the rocks,The calm pandas past the rock,-2.071812391281128,-8.196812629699707,-5.664918899536133,-2.539919137954712,-3.7371950149536133,-3.7371950149536133,128
train,1,The calm pandas past the rock,The calm panda past the rocks,-2.539919137954712,-5.664918899536133,-8.196812629699707,-2.071812391281128,-4.048149585723877,-3.173149824142456,128
train,0,The sleepy bat beneath the boilers,The sleepy bats beneath the boiler,-1.230720043182373,-8.480720520019531,-4.650818347930908,-2.525818347930908,-3.1028008460998535,-4.1028008460998535,128
train,1,The sleepy bats beneath the boiler,The sleepy bat beneath the boilers,-2.525818347930908,-4.650818347930908,-8.480720520019531,-1.230720043182373,-4.679095268249512,-1.5540955066680908,128
train,0,The calm dog around the stools,The calm dogs around the stool,-1.2779350280761719,-5.902935028076172,-5.150404930114746,-1.400404930114746,-3.140328884124756,-2.140328884124756,128
train,1,The calm dogs around the stool,The calm dog around the stools,-1.400404930114746,-5.150404930114746,-5.902935028076172,-1.2779350280761719,-2.7672698497772217,-2.1422698497772217,128
train,0,The slender kitten behind the houses,The slender kittens behind the house,-1.2230405807495117,-7.348040580749512,-7.452516555786133,-1.577516794204712,-3.8549017906188965,-1.604901671409607,128
train,1,The slender kittens behind the house,The slender kitten behind the houses,-1.577516794204712,-7.452516555786133,-7.348040580749512,-1.2230405807495117,-2.7891883850097656,-2.1641883850097656,128
train,0,The timid whale around the thresholds,The timid whales around the threshold,-5.595365047454834,-10.470365524291992,-6.723219394683838,-4.723219394683838,-5.084695339202881,-5.834695339202881,128
train,1,The timid whales around the threshold,The timid whale around the thresholds,-4.723219394683838,-6.723219394683838,-10.470365524291992,-5.595365047454834,-7.707648754119873,-5.957648754119873,128
train,0,The quiet chick around the dams,The quiet chicks around the dam,-2.9367570877075195,-4.5617570877075195,-5.227312088012695,-0.9773118495941162,-3.018477201461792,-1.643477201461792,128
train,1,The quiet chicks around the dam,The quiet chick around the dams,-0.9773118495941162,-5.227312088012695,-4.5617570877075195,-2.9367570877075195,-3.46773624420166,-3.46773624420166,128
train,0,The slender chick beneath the carts,The slender chicks beneath the cart,-14.943713188171387,-15.756213188171387,-23.102087020874023,-18.414587020874023,-22.923490524291992,-19.368803024291992,128
train,1,The slender chicks beneath the cart,The slender chick beneath the carts,-18.414587020874023,-23.102087020874023,-15.756213188171387,-14.943713188171387,-14.019811630249023,-15.894811630249023,128
train,0,The quiet rabbit behind the windows,The quiet rabbits behind the window,-2.9181716442108154,-7.1681718826293945,-6.807146072387695,-2.3071463108062744,-3.5050981044769287,-2.8800981044769287,128
train,1,The quiet rabbits behind the window,The quiet rabbit behind the windows,-2.3071463108062744,-6.807146072387695,-7.1681718826293945,-2.9181716442108154,-4.777411460876465,-3.277411460876465,128
train,0,The bright turtle outside the piles,The bright turtles outside the pile,-4.179913520812988,-8.679913520812988,-7.802185535430908,-3.9271857738494873,-5.541274547576904,-4.666274547576904,128
train,1,The bright turtles outside the pile,The bright turtle outside the piles,-3.9271857738494873,-7.802185535430908,-8.679913520812988,-4.179913520812988,-5.175174236297607,-5.675174236297607,128
train,0,The slender panda beneath the boxes,The slender pandas beneath the box,-0.20478986203670502,-6.579789638519287,-5.281594276428223,-0.4065941870212555,-2.2052416801452637,-0.5802416801452637,128
train,1,The slender pandas beneath the box,The slender panda beneath the boxes,-0.4065941870212555,-5.281594276428223,-6.579789638519287,-0.20478986203670502,-1.640760898590088,-0.7657608389854431,128
train,0,The small shark outside the stools,The small sharks outside the stool,-7.418978691101074,-11.981478691101074,-11.512229919433594,-8.324729919433594,-9.89893913269043,-8.39893913269043,128
train,1,The small sharks outside the stool,The small shark outside the stools,-8.324729919433594,-11.512229919433594,-11.981478691101074,-7.418978691101074,-9.425525665283203,-8.800525665283203,128
train,0,The nervous shark around the thresholds,The nervous sharks around the threshold,-14.118504524230957,-15.431004524230957,-17.69932746887207,-12.82432746887207,-16.348806381225586,-13.348806381225586,128
train,1,The nervous sharks around the threshold,The nervous shark around the thresholds,-12.82432746887207,-17.69932746887207,-15.431004524230957,-14.118504524230957,-13.788020133972168,-15.163020133972168,128
train,0,The bright shark outside the cabins,The bright sharks outside the cabin,-0.6084375977516174,-6.483437538146973,-5.587954521179199,-1.2129546403884888,-2.6428096294403076,-1.5178096294403076,128
train,1,The bright sharks outside the cabin,The bright shark outside the cabins,-1.2129546403884888,-5.587954521179199,-6.483437538146973,-0.6084375977516174,-1.2151196002960205,-2.0901196002960205,128
train,0,The timid chick around the thresholds,The timid chicks around the threshold,-3.1720199584960938,-9.297019958496094,-7.52831506729126,-2.1533150672912598,-4.781129837036133,-2.656130075454712,128
train,1,The timid chicks around the threshold,The timid chick around the thresholds,-2.1533150672912598,-7.52831506729126,-9.297019958496094,-3.1720199584960938,-6.21430778503418,-3.5893077850341797,128
train,0,The fuzzy cow around the towers,The fuzzy cows around the tower,-1.9285588264465332,-7.678558826446533,-5.905502796173096,-1.2805027961730957,-3.2688562870025635,-1.8938562870025635,128
train,1,The fuzzy cows around the tower,The fuzzy cow around the towers,-1.2805027961730957,-5.905502796173096,-7.678558826446533,-1.9285588264465332,-3.748399019241333,-2.373399019241333,128
train,0,The slender dog outside the windows,The slender dogs outside the window,-1.6788374185562134,-6.178837299346924,-6.145975112915039,-0.8959753513336182,-3.573826789855957,-0.9488269090652466,128
train,1,The slender dogs outside the window,The slender dog outside the windows,-0.8959753513336182,-6.145975112915039,-6.178837299346924,-1.6788374185562134,-2.841737747192383,-2.841737747192383,128
train,0,The bright kitten past the signs,The bright kittens past the sign,-2.1188337802886963,-7.243833541870117,-6.5612640380859375,-3.5612640380859375,-4.496302604675293,-4.496302604675293,128
train,1,The bright kittens past the sign,The bright kitten past the signs,-3.5612640380859375,-6.5612640380859375,-7.243833541870117,-2.1188337802886963,-4.249910354614258,-2.8749101161956787,128
train,0,The bright rabbit behind the crates,The bright rabbits behind the crate,-0.7547073364257812,-7.254707336425781,-5.164729118347168,-1.289729118347168,-2.5316672325134277,-1.9066673517227173,128
train,1,The bright rabbits behind the crate,The bright rabbit behind the crates,-1.289729118347168,-5.164729118347168,-7.254707336425781,-0.7547073364257812,-2.4856555461883545,-1.3606555461883545,128
train,0,The small cow outside the windows,The small cows outside the window,-11.07065200805664,-13.82065200805664,-15.196969985961914,-10.509469985961914,-13.215660095214844,-10.590660095214844,128
train,1,The small cows outside the window,The small cow outside the windows,-10.509469985961914,-15.196969985961914,-13.82065200805664,-11.07065200805664,-11.784929275512695,-12.347429275512695,128
train,0,The fuzzy cock outside the cabins,The fuzzy cocks outside the cabin,-13.351692199707031,-15.539192199707031,-15.3281831741333,-12.4531831741333,-13.23190689086914,-13.16940689086914,128
train,1,The fuzzy cocks outside the cabin,The fuzzy cock outside the cabins,-12.4531831741333,-15.3281831741333,-15.539192199707031,-13.351692199707031,-13.617066383361816,-14.929566383361816,128
train,0,The timid dolphin around the dams,The timid dolphins around the dam,-2.262831687927246,-4.137831687927246,-5.912896156311035,-0.5378962755203247,-3.3060362339019775,-0.8060362935066223,128
train,1,The timid dolphins around the dam,The timid dolphin around the dams,-0.5378962755203247,-5.912896156311035,-4.137831687927246,-2.262831687927246,-1.9118558168411255,-3.161855697631836,128
train,0,The quiet rat past the barrels,The quiet rats past the barrel,-13.890461921691895,-16.577960968017578,-16.8348445892334,-13.334844589233398,-15.130910873413086,-14.318410873413086,128
train,1,The quiet rats past the barrel,The quiet rat past the barrels,-13.334844589233398,-16.8348445892334,-16.577960968017578,-13.890461921691895,-14.728837966918945,-14.541337966918945,128
train,0,The nervous lion past the cars,The nervous lions past the car,-15.151809692382812,-16.464309692382812,-17.56638526916504,-15.253884315490723,-16.670997619628906,-15.045997619628906,128
train,1,The nervous lions past the car,The nervous lion past the cars,-15.253884315490723,-17.56638526916504,-16.464309692382812,-15.151809692382812,-15.75432300567627,-15.62932300567627,128
train,0,The nervous shark beneath the chairs,The nervous sharks beneath the chair,-1.5471570491790771,-6.797157287597656,-4.701541900634766,-1.9515419006347656,-3.233654499053955,-2.733654499053955,128
train,1,The nervous sharks beneath the chair,The nervous shark beneath the chairs,-1.9515419006347656,-4.701541900634766,-6.797157287597656,-1.5471570491790771,-3.187387466430664,-2.062387466430664,128
train,0,The nervous shark beneath the chains,The nervous sharks beneath the chain,-13.354476928710938,-14.791976928710938,-16.986474990844727,-15.798975944519043,-15.967967987060547,-15.217967987060547,128
train,1,The nervous sharks beneath the chain,The nervous shark beneath the chains,-15.798975944519043,-16.986474990844727,-14.791976928710938,-13.354476928710938,-14.292366981506348,-14.604866981506348,128
train,0,The small panda outside the stools,The small pandas outside the stool,-9.934110641479492,-11.184110641479492,-13.964052200317383,-9.464052200317383,-13.0308198928833,-9.6558198928833,128
train,1,The small pandas outside the stool,The small panda outside the stools,-9.464052200317383,-13.964052200317383,-11.184110641479492,-9.934110641479492,-9.188983917236328,-11.063983917236328,128
train,0,The calm bat outside the cabins,The calm bats outside the cabin,-1.0838298797607422,-6.208829879760742,-4.447123050689697,-1.6971230506896973,-2.318462371826172,-2.818462371826172,128
train,1,The calm bats outside the cabin,The calm bat outside the cabins,-1.6971230506896973,-4.447123050689697,-6.208829879760742,-1.0838298797607422,-2.697395086288452,-1.8223950862884521,128
train,0,The timid dog around the thresholds,The timid dogs around the threshold,-3.5155632495880127,-8.890563011169434,-6.871052265167236,-2.2460522651672363,-4.244366645812988,-2.8693666458129883,128
train,1,The timid dogs around the threshold,The timid dog around the thresholds,-2.2460522651672363,-6.871052265167236,-8.890563011169434,-3.5155632495880127,-5.520707607269287,-4.270707607269287,128
train,0,The nervous rat outside the clocks,The nervous rats outside the clock,-12.853926658630371,-13.166426658630371,-17.407896041870117,-16.345396041870117,-16.770183563232422,-16.395183563232422,128
train,1,The nervous rats outside the clock,The nervous rat outside the clocks,-16.345396041870117,-17.407896041870117,-13.166426658630371,-12.853926658630371,-12.449159622192383,-13.449159622192383,128
train,0,The nervous rabbit behind the windows,The nervous rabbits behind the window,-16.014114379882812,-17.076614379882812,-17.4676513671875,-13.7801513671875,-16.174972534179688,-14.237471580505371,128
train,1,The nervous rabbits behind the window,The nervous rabbit behind the windows,-13.7801513671875,-17.4676513671875,-17.076614379882812,-16.014114379882812,-16.47410774230957,-16.59910774230957,128
train,0,The fuzzy rabbit past the vines,The fuzzy rabbits past the vine,-2.4186978340148926,-7.668697834014893,-6.785879611968994,-4.785879611968994,-4.961569309234619,-5.961569309234619,128
train,1,The fuzzy rabbits past the vine,The fuzzy rabbit past the vines,-4.785879611968994,-6.785879611968994,-7.668697834014893,-2.4186978340148926,-4.414783477783203,-3.164783477783203,128
train,0,The calm lion behind the plants,The calm lions behind the plant,-12.025843620300293,-13.650843620300293,-14.820686340332031,-12.508186340332031,-13.634946823120117,-13.447446823120117,128
train,1,The calm lions behind the plant,The calm lion behind the plants,-12.508186340332031,-14.820686340332031,-13.650843620300293,-12.025843620300293,-11.623209953308105,-12.685709953308105,128
train,0,The slender turtle beneath the boilers,The slender turtles beneath the boiler,-0.7792782187461853,-8.029277801513672,-5.209606170654297,-1.709606409072876,-2.9079980850219727,-2.2829980850219727,128
train,1,The slender turtles beneath the boiler,The slender turtle beneath the boilers,-1.709606409072876,-5.209606170654297,-8.029277801513672,-0.7792782187461853,-3.9676661491394043,-1.0926661491394043,128
train,0,The calm pup around the walls,The calm pups around the wall,-2.8946566581726074,-6.019656658172607,-6.322488784790039,-2.57248854637146,-4.362132549285889,-3.1121325492858887,128
train,1,The calm pups around the wall,The calm pup around the walls,-2.57248854637146,-6.322488784790039,-6.019656658172607,-2.8946566581726074,-3.485985279083252,-3.735985279083252,128
train,0,The quiet turtle behind the signs,The quiet turtles behind the sign,-1.4526972770690918,-7.702697277069092,-4.868344306945801,-1.8683445453643799,-2.648787260055542,-2.898787260055542,128
train,1,The quiet turtles behind the sign,The quiet turtle behind the signs,-1.8683445453643799,-4.868344306945801,-7.702697277069092,-1.4526972770690918,-4.275510311126709,-2.025510311126709,128
train,0,The bright horse around the tables,The bright horses around the table,-11.040038108825684,-11.790038108825684,-14.271285057067871,-8.833785057067871,-12.854388236999512,-8.916888236999512,128
train,1,The bright horses around the table,The bright horse around the tables,-8.833785057067871,-14.271285057067871,-11.790038108825684,-11.040038108825684,-9.665069580078125,-12.540069580078125,128
train,0,The quiet whale around the dams,The quiet whales around the dam,-2.6084277629852295,-5.858428001403809,-3.385927677154541,-1.2609277963638306,-2.0398378372192383,-2.6648378372192383,128
train,1,The quiet whales around the dam,The quiet whale around the dams,-1.2609277963638306,-3.385927677154541,-5.858428001403809,-2.6084277629852295,-3.368959426879883,-2.743959426879883,128
train,0,The quiet doe past the barrels,The quiet does past the barrel,-20.46697235107422,-21.52947235107422,-19.970500946044922,-19.251750946044922,-20.44044303894043,-19.78419303894043,128
train,1,The quiet does past the barrel,The quiet doe past the barrels,-19.251750946044922,-19.970500946044922,-21.52947235107422,-20.46697235107422,-21.297822952270508,-20.297822952270508,128
train,0,The timid turtle outside the clocks,The timid turtles outside the clock,-3.3597187995910645,-4.8597187995910645,-9.006293296813965,-7.631292819976807,-7.737986087799072,-9.112985610961914,128
train,1,The timid turtles outside the clock,The timid turtle outside the clocks,-7.631292819976807,-9.006293296813965,-4.8597187995910645,-3.3597187995910645,-3.713411331176758,-4.463411331176758,128
train,0,The quiet monitor behind the windows,The quiet monitors behind the window,-1.7356905937194824,-7.485690593719482,-6.245709419250488,-1.8707096576690674,-4.784297943115234,-1.784298062324524,128
train,1,The quiet monitors behind the window,The quiet monitor behind the windows,-1.8707096576690674,-6.245709419250488,-7.485690593719482,-1.7356905937194824,-5.038127422332764,-2.0381274223327637,128
train,0,The slender pup behind the bolts,The slender pups behind the bolt,-11.160913467407227,-14.410913467407227,-15.563995361328125,-14.438995361328125,-15.150772094726562,-16.025772094726562,128
train,1,The slender pups behind the bolt,The slender pup behind the bolts,-14.438995361328125,-15.563995361328125,-14.410913467407227,-11.160913467407227,-12.77420425415039,-11.77420425415039,128
train,0,The slender turtle past the vines,The slender turtles past the vine,-1.6664069890975952,-7.541407108306885,-8.667564392089844,-3.6675641536712646,-5.440648555755615,-3.9406485557556152,128
train,1,The slender turtles past the vine,The slender turtle past the vines,-3.6675641536712646,-8.667564392089844,-7.541407108306885,-1.6664069890975952,-3.794503927230835,-2.294503927230835,128
train,0,The bright shark behind the valves,The bright sharks behind the valve,-13.837395668029785,-15.774895668029785,-16.633743286132812,-13.321243286132812,-15.491290092468262,-14.303790092468262,128
train,1,The bright sharks behind the valve,The bright shark behind the valves,-13.321243286132812,-16.633743286132812,-15.774895668029785,-13.837395668029785,-13.28496265411377,-14.78496265411377,128
train,0,The slender cock beneath the logs,The slender cocks beneath the log,-1.9913569688796997,-7.61635684967041,-4.110659122467041,-2.485659122467041,-2.471309185028076,-4.721309185028076,128
train,1,The slender cocks beneath the log,The slender cock beneath the logs,-2.485659122467041,-4.110659122467041,-7.61635684967041,-1.9913569688796997,-4.1108808517456055,-2.3608808517456055,128
train,0,The quiet rat beneath the columns,The quiet rats beneath the column,-2.760462760925293,-10.385462760925293,-5.547451972961426,-2.922451972961426,-3.7727112770080566,-3.8977112770080566,128
train,1,The quiet rats beneath the column,The quiet rat beneath the columns,-2.922451972961426,-5.547451972961426,-10.385462760925293,-2.760462760925293,-5.972075462341309,-2.9720754623413086,128
train,0,The fuzzy dog beneath the boxes,The fuzzy dogs beneath the box,-0.2172848880290985,-6.967284679412842,-4.827723503112793,-1.2027236223220825,-2.577558994293213,-1.3275588750839233,128
train,1,The fuzzy dogs beneath the box,The fuzzy dog beneath the boxes,-1.2027236223220825,-4.827723503112793,-6.967284679412842,-0.2172848880290985,-1.5521674156188965,-0.9271674156188965,128
train,0,The quiet cow beneath the chairs,The quiet cows beneath the chair,-14.369357109069824,-16.306856155395508,-16.173742294311523,-13.986242294311523,-15.791604042053223,-14.604104042053223,128
train,1,The quiet cows beneath the chair,The quiet cow beneath the chairs,-13.986242294311523,-16.173742294311523,-16.306856155395508,-14.369357109069824,-14.415345191955566,-14.602845191955566,128
train,0,The small dolphin around the towers,The small dolphins around the tower,-10.380489349365234,-13.380489349365234,-15.405563354492188,-12.405563354492188,-13.406064987182617,-12.406064987182617,128
train,1,The small dolphins around the tower,The small dolphin around the towers,-12.405563354492188,-15.405563354492188,-13.380489349365234,-10.380489349365234,-11.690303802490234,-11.752803802490234,128
train,0,The fuzzy panda outside the cabins,The fuzzy pandas outside the cabin,-9.882830619812012,-13.132830619812012,-12.90751838684082,-9.22001838684082,-10.24649429321289,-10.49649429321289,128
train,1,The fuzzy pandas outside the cabin,The fuzzy panda outside the cabins,-9.22001838684082,-12.90751838684082,-13.132830619812012,-9.882830619812012,-9.678860664367676,-11.053860664367676,128
train,0,The quiet monitor outside the towers,The quiet monitors outside the tower,-1.64410400390625,-8.26910400390625,-7.55416202545166,-1.8041620254516602,-5.354584217071533,-2.104584217071533,128
train,1,The quiet monitors outside the tower,The quiet monitor outside the towers,-1.8041620254516602,-7.55416202545166,-8.26910400390625,-1.64410400390625,-4.453217029571533,-2.328217029571533,128
train,0,The small whale outside the stools,The small whales outside the stool,-13.670374870300293,-17.35787582397461,-15.985605239868164,-14.110605239868164,-14.752863883972168,-14.627863883972168,128
train,1,The small whales outside the stool,The small whale outside the stools,-14.110605239868164,-15.985605239868164,-17.35787582397461,-13.670374870300293,-14.948519706726074,-14.261019706726074,128
train,0,The bright monitor beneath the logs,The bright monitors beneath the log,-14.296271324157715,-15.233771324157715,-20.112136840820312,-18.612136840820312,-20.05970001220703,-18.34095001220703,128
train,1,The bright monitors beneath the log,The bright monitor beneath the logs,-18.612136840820312,-20.112136840820312,-15.233771324157715,-14.296271324157715,-13.804378509521484,-14.741878509521484,128
train,0,The fuzzy chick behind the crates,The fuzzy chicks behind the crate,-13.299209594726562,-13.986709594726562,-14.34376049041748,-12.21876049041748,-13.721614837646484,-12.409114837646484,128
train,1,The fuzzy chicks behind the crate,The fuzzy chick behind the crates,-12.21876049041748,-14.34376049041748,-13.986709594726562,-13.299209594726562,-12.717737197875977,-13.717737197875977,128
train,0,The bright kitten behind the valves,The bright kittens behind the valve,-13.202624320983887,-17.70262336730957,-15.716136932373047,-13.903636932373047,-15.112140655517578,-14.612140655517578,128
train,1,The bright kittens behind the valve,The bright kitten behind the valves,-13.903636932373047,-15.716136932373047,-17.70262336730957,-13.202624320983887,-15.617992401123047,-14.055492401123047,128
train,0,The fuzzy cock outside the stools,The fuzzy cocks outside the stool,-1.8346775770187378,-4.334677696228027,-3.3463568687438965,-2.2213568687438965,-1.8328638076782227,-3.7078638076782227,128
train,1,The fuzzy cocks outside the stool,The fuzzy cock outside the stools,-2.2213568687438965,-3.3463568687438965,-4.334677696228027,-1.8346775770187378,-2.6869266033172607,-2.8119266033172607,128
train,0,The slender pup outside the piles,The slender pups outside the pile,-15.387480735778809,-17.824981689453125,-17.96884536743164,-16.46884536743164,-17.209136962890625,-16.959136962890625,128
train,1,The slender pups outside the pile,The slender pup outside the piles,-16.46884536743164,-17.96884536743164,-17.824981689453125,-15.387480735778809,-16.416046142578125,-16.478546142578125,128
train,0,The sleepy panda beneath the boilers,The sleepy pandas beneath the boiler,-0.959536612033844,-7.834536552429199,-5.189877033233643,-1.939876914024353,-2.971327304840088,-2.846327304840088,128
train,1,The sleepy pandas beneath the boiler,The sleepy panda beneath the boilers,-1.939876914024353,-5.189877033233643,-7.834536552429199,-0.959536612033844,-3.396101951599121,-1.5211020708084106,128
train,0,The small dolphin beneath the boilers,The small dolphins beneath the boiler,-11.280152320861816,-14.717652320861816,-13.042754173278809,-11.230254173278809,-12.793317794799805,-12.043317794799805,128
train,1,The small dolphins beneath the boiler,The small dolphin beneath the boilers,-11.230254173278809,-13.042754173278809,-14.717652320861816,-11.280152320861816,-12.169830322265625,-11.794830322265625,128
train,0,The nervous chick beneath the chains,The nervous chicks beneath the chain,-12.307814598083496,-13.870314598083496,-18.18907928466797,-13.407829284667969,-16.75021743774414,-12.75021743774414,128
train,1,The nervous chicks beneath the chain,The nervous chick beneath the chains,-13.407829284667969,-18.18907928466797,-13.870314598083496,-12.307814598083496,-12.988870620727539,-13.113870620727539,128
train,0,The timid rabbit around the statues,The timid rabbits around the statue,-8.804683685302734,-12.492183685302734,-15.103127479553223,-9.603127479553223,-11.582695007324219,-9.582695007324219,128
train,1,The timid rabbits around the statue,The timid rabbit around the statues,-9.603127479553223,-15.103127479553223,-12.492183685302734,-8.804683685302734,-9.629913330078125,-10.129913330078125,128
train,0,The calm kit around the tanks,The calm kits around the tank,-0.9104958772659302,-4.160495758056641,-3.132672071456909,-2.132672071456909,-1.7302807569503784,-2.980280876159668,128
train,1,The calm kits around the tank,The calm kit around the tanks,-2.132672071456909,-3.132672071456909,-4.160495758056641,-0.9104958772659302,-1.9147062301635742,-1.7897062301635742,128
train,0,The fuzzy chick outside the cabins,The fuzzy chicks outside the cabin,-12.390127182006836,-14.327627182006836,-16.66129493713379,-13.161294937133789,-14.666662216186523,-12.666662216186523,128
train,1,The fuzzy chicks outside the cabin,The fuzzy chick outside the cabins,-13.161294937133789,-16.66129493713379,-14.327627182006836,-12.390127182006836,-12.630743026733398,-13.443243026733398,128
train,0,The small lion behind the bolts,The small lions behind the bolt,-0.8266010284423828,-5.701601028442383,-4.573418617248535,-1.9484187364578247,-2.3640480041503906,-3.7390480041503906,128
train,1,The small lions behind the bolt,The small lion behind the bolts,-1.9484187364578247,-4.573418617248535,-5.701601028442383,-0.8266010284423828,-2.6626060009002686,-1.4126060009002686,128
train,0,The quiet kit outside the pipes,The quiet kits outside the pipe,-11.967840194702148,-12.967840194702148,-10.247786521911621,-9.122786521911621,-10.603979110717773,-9.603979110717773,128
train,1,The quiet kits outside the pipe,The quiet kit outside the pipes,-9.122786521911621,-10.247786521911621,-12.967840194702148,-11.967840194702148,-11.305088996887207,-11.805088996887207,128
train,0,The small shark outside the benches,The small sharks outside the bench,-0.5841724872589111,-6.084172248840332,-5.588140487670898,-0.5881404280662537,-2.849335193634033,-0.8493351340293884,128
train,1,The small sharks outside the bench,The small shark outside the benches,-0.5881404280662537,-5.588140487670898,-6.084172248840332,-0.5841724872589111,-1.2156438827514648,-1.9656438827514648,128
train,0,The fuzzy rat behind the valves,The fuzzy rats behind the valve,-0.9163994789123535,-7.6663994789123535,-4.8559041023254395,-1.7309041023254395,-2.2939276695251465,-3.1689276695251465,128
train,1,The fuzzy rats behind the valve,The fuzzy rat behind the valves,-1.7309041023254395,-4.8559041023254395,-7.6663994789123535,-0.9163994789123535,-2.961982011795044,-1.586982011795044,128
train,0,The nervous frog outside the tables,The nervous frogs outside the table,-1.6476614475250244,-5.147661209106445,-5.364580154418945,-1.9895803928375244,-3.3432350158691406,-2.3432350158691406,128
train,1,The nervous frogs outside the table,The nervous frog outside the tables,-1.9895803928375244,-5.364580154418945,-5.147661209106445,-1.6476614475250244,-2.6144344806671143,-2.3644344806671143,128
train,0,The slender dolphin outside the drums,The slender dolphins outside the drum,-0.5844191312789917,-6.334419250488281,-4.411894798278809,-2.2868947982788086,-3.0457582473754883,-2.9207582473754883,128
train,1,The slender dolphins outside the drum,The slender dolphin outside the drums,-2.2868947982788086,-4.411894798278809,-6.334419250488281,-0.5844191312789917,-2.471867084503174,-1.2218669652938843,128
train,0,The nervous dog beneath the columns,The nervous dogs beneath the column,-2.4274182319641113,-8.552417755126953,-5.130454063415527,-2.5054540634155273,-3.715604305267334,-3.340604305267334,128
train,1,The nervous dogs beneath the column,The nervous dog beneath the columns,-2.5054540634155273,-5.130454063415527,-8.552417755126953,-2.4274182319641113,-4.857192039489746,-2.982192039489746,128
train,0,The small rabbit around the towers,The small rabbits around the tower,-14.447559356689453,-17.572559356689453,-20.01042366027832,-15.291672706604004,-17.79353904724121,-15.387289047241211,128
train,1,The small rabbits around the tower,The small rabbit around the towers,-15.291672706604004,-20.01042366027832,-17.572559356689453,-14.447559356689453,-15.043601036071777,-15.731101036071777,128
train,0,The nervous frog behind the rocks,The nervous frogs behind the rock,-10.225264549255371,-13.225264549255371,-14.121371269226074,-9.808871269226074,-12.722683906555176,-10.097683906555176,128
train,1,The nervous frogs behind the rock,The nervous frog behind the rocks,-9.808871269226074,-14.121371269226074,-13.225264549255371,-10.225264549255371,-11.252994537353516,-11.065494537353516,128
train,0,The nervous pup around the thresholds,The nervous pups around the threshold,-14.882448196411133,-15.944948196411133,-16.894325256347656,-13.20682430267334,-16.086631774902344,-13.961631774902344,128
train,1,The nervous pups around the threshold,The nervous pup around the thresholds,-13.20682430267334,-16.894325256347656,-15.944948196411133,-14.882448196411133,-14.300148010253906,-14.737648010253906,128
train,0,The slender turtle past the logs,The slender turtles past the log,-14.19342041015625,-17.31842041015625,-18.49458122253418,-13.40083122253418,-16.60936737060547,-13.609368324279785,128
train,1,The slender turtles past the log,The slender turtle past the logs,-13.40083122253418,-18.49458122253418,-17.31842041015625,-14.19342041015625,-15.22465991973877,-15.16215991973877,128
train,0,The calm dog beneath the milestones,The calm dogs beneath the milestone,-1.1429855823516846,-8.142985343933105,-5.976459503173828,-2.851459264755249,-3.8667049407958984,-3.7417049407958984,128
train,1,The calm dogs beneath the milestone,The calm dog beneath the milestones,-2.851459264755249,-5.976459503173828,-8.142985343933105,-1.1429855823516846,-4.125863075256348,-1.6258631944656372,128
train,0,The calm chick outside the benches,The calm chicks outside the bench,-1.2711730003356934,-5.646173000335693,-4.70393180847168,-1.3289319276809692,-2.5941128730773926,-1.969112753868103,128
train,1,The calm chicks outside the bench,The calm chick outside the benches,-1.3289319276809692,-4.70393180847168,-5.646173000335693,-1.2711730003356934,-2.5389556884765625,-2.0389556884765625,128
train,0,The timid kitten outside the towers,The timid kittens outside the tower,-2.118824005126953,-8.618824005126953,-8.572540283203125,-1.572540283203125,-5.702779293060303,-1.8277794122695923,128
train,1,The timid kittens outside the tower,The timid kitten outside the towers,-1.572540283203125,-8.572540283203125,-8.618824005126953,-2.118824005126953,-3.8513593673706055,-3.2263593673706055,128
train,0,The fuzzy whale beneath the boxes,The fuzzy whales beneath the box,-0.7363149523735046,-6.36131477355957,-3.363232135772705,-1.7382320165634155,-1.751746416091919,-3.126746416091919,128
train,1,The fuzzy whales beneath the box,The fuzzy whale beneath the boxes,-1.7382320165634155,-3.363232135772705,-6.36131477355957,-0.7363149523735046,-2.7095203399658203,-1.4595204591751099,128
train,0,The slender monitor beneath the logs,The slender monitors beneath the log,-0.7720035314559937,-7.897003650665283,-4.835100173950195,-2.960099935531616,-3.946418523788452,-4.571418762207031,128
train,1,The slender monitors beneath the log,The slender monitor beneath the logs,-2.960099935531616,-4.835100173950195,-7.897003650665283,-0.7720035314559937,-3.426213026046753,-1.176213026046753,128
train,0,The slender whale outside the stools,The slender whales outside the stool,-0.9500281810760498,-5.700028419494629,-3.782552719116211,-1.5325528383255005,-1.9410326480865479,-2.566032648086548,128
train,1,The slender whales outside the stool,The slender whale outside the stools,-1.5325528383255005,-3.782552719116211,-5.700028419494629,-0.9500281810760498,-2.7574074268341064,-1.6324074268341064,128
train,0,The bright lion beneath the milestones,The bright lions beneath the milestone,-2.016900062561035,-7.891900062561035,-4.108857154846191,-3.7338573932647705,-2.962714672088623,-5.837714672088623,128
train,1,The bright lions beneath the milestone,The bright lion beneath the milestones,-3.7338573932647705,-4.108857154846191,-7.891900062561035,-2.016900062561035,-5.237448692321777,-2.3624484539031982,128
train,0,The nervous dolphin beneath the chains,The nervous dolphins beneath the chain,-14.06731128692627,-15.44231128692627,-14.289804458618164,-13.164804458618164,-14.196717262268066,-13.946717262268066,128
train,1,The nervous dolphins beneath the chain,The nervous dolphin beneath the chains,-13.164804458618164,-14.289804458618164,-15.44231128692627,-14.06731128692627,-14.042414665222168,-14.854914665222168,128
train,0,The nervous rat beneath the chains,The nervous rats beneath the chain,-14.29713249206543,-16.42213249206543,-18.487369537353516,-16.612369537353516,-17.084022521972656,-15.584023475646973,128
train,1,The nervous rats beneath the chain,The nervous rat beneath the chains,-16.612369537353516,-18.487369537353516,-16.42213249206543,-14.29713249206543,-14.976058959960938,-14.976058959960938,128
train,0,The timid cow outside the tables,The timid cows outside the table,-12.262826919555664,-13.950326919555664,-16.4317684173584,-13.556768417358398,-15.285271644592285,-13.347771644592285,128
train,1,The timid cows outside the table,The timid cow outside the tables,-13.556768417358398,-16.4317684173584,-13.950326919555664,-12.262826919555664,-11.953798294067383,-13.328798294067383,128
train,0,The bright rat behind the pans,The bright rats behind the pan,-0.950218915939331,-6.32521915435791,-3.7911198139190674,-3.5411198139190674,-3.5650463104248047,-5.440046310424805,128
train,1,The bright rats behind the pan,The bright rat behind the pans,-3.5411198139190674,-3.7911198139190674,-6.32521915435791,-0.950218915939331,-2.6811108589172363,-1.5561109781265259,128
train,0,The small cow outside the houses,The small cows outside the house,-0.6296738982200623,-6.254673957824707,-4.829087257385254,-0.4540870189666748,-2.187238931655884,-0.8122389912605286,128
train,1,The small cows outside the house,The small cow outside the houses,-0.4540870189666748,-4.829087257385254,-6.254673957824707,-0.6296738982200623,-1.36518132686615,-2.1151814460754395,128
train,0,The slender kitten outside the piles,The slender kittens outside the pile,-20.257144927978516,-21.194644927978516,-21.917438507080078,-21.073688507080078,-21.632755279541016,-21.257755279541016,128
train,1,The slender kittens outside the pile,The slender kitten outside the piles,-21.073688507080078,-21.917438507080078,-21.194644927978516,-20.257144927978516,-21.00402069091797,-21.25402069091797,128
train,0,The fuzzy monitor behind the clocks,The fuzzy monitors behind the clock,-10.816865921020508,-13.941865921020508,-14.517476081848145,-13.642476081848145,-13.708009719848633,-13.833009719848633,128
train,1,The fuzzy monitors behind the clock,The fuzzy monitor behind the clocks,-13.642476081848145,-14.517476081848145,-13.941865921020508,-10.816865921020508,-12.719467163085938,-11.469467163085938,128
train,0,The quiet chick outside the pipes,The quiet chicks outside the pipe,-1.613069772720337,-7.488070011138916,-3.9955787658691406,-2.2455787658691406,-2.3443245887756348,-3.3443245887756348,128
train,1,The quiet chicks outside the pipe,The quiet chick outside the pipes,-2.2455787658691406,-3.9955787658691406,-7.488070011138916,-1.613069772720337,-4.378941059112549,-2.128941059112549,128
train,0,The quiet horse around the thresholds,The quiet horses around the threshold,-3.9832816123962402,-9.358281135559082,-6.212522506713867,-3.212522506713867,-4.05021858215332,-4.42521858215332,128
train,1,The quiet horses around the threshold,The quiet horse around the thresholds,-3.212522506713867,-6.212522506713867,-9.358281135559082,-3.9832816123962402,-6.109731197357178,-4.359731197357178,128
train,0,The nervous turtle around the thresholds,The nervous turtles around the threshold,-14.490791320800781,-16.24079132080078,-15.37247085571289,-13.99747085571289,-14.543730735778809,-14.418730735778809,128
train,1,The nervous turtles around the threshold,The nervous turtle around the thresholds,-13.99747085571289,-15.37247085571289,-16.24079132080078,-14.490791320800781,-15.194607734680176,-14.882107734680176,128
train,0,The quiet turtle beneath the chairs,The quiet turtles beneath the chair,-14.780704498291016,-17.593204498291016,-16.821590423583984,-13.946589469909668,-15.828579902648926,-13.891079902648926,128
train,1,The quiet turtles beneath the chair,The quiet turtle beneath the chairs,-13.946589469909668,-16.821590423583984,-17.593204498291016,-14.780704498291016,-14.528566360473633,-15.528566360473633,128
train,0,The calm kitten beneath the boxes,The calm kittens beneath the box,-3.8549633026123047,-11.729963302612305,-7.776604175567627,-4.151604175567627,-5.446413993835449,-4.571413993835449,128
train,1,The calm kittens beneath the box,The calm kitten beneath the boxes,-4.151604175567627,-7.776604175567627,-11.729963302612305,-3.8549633026123047,-6.054964065551758,-4.054964065551758,128
train,0,The timid monitor outside the tables,The timid monitors outside the table,-8.537141799926758,-11.787141799926758,-11.484613418579102,-8.734613418579102,-11.01548957824707,-8.51548957824707,128
train,1,The timid monitors outside the table,The timid monitor outside the tables,-8.734613418579102,-11.484613418579102,-11.787141799926758,-8.537141799926758,-8.623767852783203,-9.998767852783203,128
train,0,The slender shark past the logs,The slender sharks past the log,-10.0835542678833,-12.6460542678833,-13.41073989868164,-9.47323989868164,-12.1178560256958,-10.5553560256958,128
train,1,The slender sharks past the log,The slender shark past the logs,-9.47323989868164,-13.41073989868164,-12.6460542678833,-10.0835542678833,-10.060243606567383,-10.935243606567383,128
train,0,The calm horse around the belts,The calm horses around the belt,-11.32065200805664,-12.94565200805664,-14.342662811279297,-12.655162811279297,-13.481666564941406,-13.106666564941406,128
train,1,The calm horses around the belt,The calm horse around the belts,-12.655162811279297,-14.342662811279297,-12.94565200805664,-11.32065200805664,-12.018699645996094,-11.893699645996094,128
train,0,The quiet kitten behind the signs,The quiet kittens behind the sign,-12.07444953918457,-14.94944953918457,-14.997298240661621,-12.684798240661621,-13.85970401763916,-13.48470401763916,128
train,1,The quiet kittens behind the sign,The quiet kitten behind the signs,-12.684798240661621,-14.997298240661621,-14.94944953918457,-12.07444953918457,-13.219680786132812,-12.657180786132812,128
train,0,The sleepy chick past the cables,The sleepy chicks past the cable,-14.31104564666748,-15.31104564666748,-15.09953498840332,-13.09953498840332,-15.344585418701172,-13.282085418701172,128
train,1,The sleepy chicks past the cable,The sleepy chick past the cables,-13.09953498840332,-15.09953498840332,-15.31104564666748,-14.31104564666748,-14.163370132446289,-14.725870132446289,128
train,0,The calm dolphin beneath the boxes,The calm dolphins beneath the box,-12.783177375793457,-13.408177375793457,-13.638938903808594,-10.951438903808594,-13.23093032836914,-10.79343032836914,128
train,1,The calm dolphins beneath the box,The calm dolphin beneath the boxes,-10.951438903808594,-13.638938903808594,-13.408177375793457,-12.783177375793457,-12.174715995788574,-13.674715995788574,128
train,0,The calm chick behind the pans,The calm chicks behind the pan,-1.9463980197906494,-6.19639778137207,-2.493046998977661,-0.8680469393730164,-1.7942078113555908,-2.169207811355591,128
train,1,The calm chicks behind the pan,The calm chick behind the pans,-0.8680469393730164,-2.493046998977661,-6.19639778137207,-1.9463980197906494,-4.367103576660156,-1.9921034574508667,128
train,0,The small cock beneath the boilers,The small cocks beneath the boiler,-14.566764831542969,-15.316764831542969,-15.543567657470703,-15.418567657470703,-15.306278228759766,-15.556278228759766,128
train,1,The small cocks beneath the boiler,The small cock beneath the boilers,-15.418567657470703,-15.543567657470703,-15.316764831542969,-14.566764831542969,-14.339120864868164,-15.276620864868164,128
train,0,The small lion outside the piles,The small lions outside the pile,-5.386300563812256,-9.886300086975098,-6.530869007110596,-4.405869007110596,-5.020528793334961,-6.145528793334961,128
train,1,The small lions outside the pile,The small lion outside the piles,-4.405869007110596,-6.530869007110596,-9.886300086975098,-5.386300563812256,-6.514742374420166,-5.764742374420166,128
train,0,The slender whale around the towers,The slender whales around the tower,-2.152452230453491,-7.90245246887207,-4.210777282714844,-1.2107775211334229,-1.9467579126358032,-2.1967577934265137,128
train,1,The slender whales around the tower,The slender whale around the towers,-1.2107775211334229,-4.210777282714844,-7.90245246887207,-2.152452230453491,-4.479100227355957,-2.479100227355957,128
train,0,The slender rabbit around the carts,The slender rabbits around the cart,-1.510661005973816,-4.8856611251831055,-6.220699310302734,-1.0956991910934448,-3.5890614986419678,-1.5890614986419678,128
train,1,The slender rabbits around the cart,The slender rabbit around the carts,-1.0956991910934448,-6.220699310302734,-4.8856611251831055,-1.510661005973816,-1.855626106262207,-3.105626106262207,128
train,0,The bright cow around the tanks,The bright cows around the tank,-1.2298535108566284,-5.729853630065918,-4.777037143707275,-0.7770373225212097,-2.5870819091796875,-1.212081789970398,128
train,1,The bright cows around the tank,The bright cow around the tanks,-0.7770373225212097,-4.777037143707275,-5.729853630065918,-1.2298535108566284,-2.4050636291503906,-2.4050636291503906,128
train,0,The timid pup around the benches,The timid pups around the bench,-2.831063747406006,-8.706064224243164,-8.1220064163208,-1.3720065355300903,-4.874780654907227,-1.6247808933258057,128
train,1,The timid pups around the bench,The timid pup around the benches,-1.3720065355300903,-8.1220064163208,-8.706064224243164,-2.831063747406006,-4.127243995666504,-3.752243995666504,128
train,0,The nervous rabbit beneath the chains,The nervous rabbits beneath the chain,-15.022242546081543,-17.08474349975586,-19.54490852355957,-17.07615852355957,-18.7833251953125,-16.9083251953125,128
train,1,The nervous rabbits beneath the chain,The nervous rabbit beneath the chains,-17.07615852355957,-19.54490852355957,-17.08474349975586,-15.022242546081543,-15.967135429382324,-15.654635429382324,128
train,0,The slender panda outside the drums,The slender pandas outside the drum,-0.7900220155715942,-5.790021896362305,-3.9323062896728516,-3.0573062896728516,-2.465308666229248,-3.465308666229248,128
train,1,The slender pandas outside the drum,The slender panda outside the drums,-3.0573062896728516,-3.9323062896728516,-5.790021896362305,-0.7900220155715942,-2.3393640518188477,-1.7143641710281372,128
train,0,The nervous whale around the thresholds,The nervous whales around the threshold,-17.709802627563477,-18.022302627563477,-17.92454719543457,-16.98704719543457,-17.74266815185547,-17.43016815185547,128
train,1,The nervous whales around the threshold,The nervous whale around the thresholds,-16.98704719543457,-17.92454719543457,-18.022302627563477,-17.709802627563477,-17.30237579345703,-17.42737579345703,128
train,0,The sleepy frog behind the valves,The sleepy frogs behind the valve,-1.3099919557571411,-8.184991836547852,-6.342370986938477,-1.967370867729187,-2.7951722145080566,-3.0451722145080566,128
train,1,The sleepy frogs behind the valve,The sleepy frog behind the valves,-1.967370867729187,-6.342370986938477,-8.184991836547852,-1.3099919557571411,-3.8490331172943115,-1.7240331172943115,128
train,0,The slender lion around the walls,The slender lions around the wall,-12.5585298538208,-15.0585298538208,-13.585322380065918,-12.460322380065918,-12.555438041687012,-13.055438041687012,128
train,1,The slender lions around the wall,The slender lion around the walls,-12.460322380065918,-13.585322380065918,-15.0585298538208,-12.5585298538208,-13.2119722366333,-13.0244722366333,128
train,0,The bright bat around the columns,The bright bats around the column,-1.9619438648223877,-6.586943626403809,-4.576419353485107,-1.576419472694397,-2.4414265155792236,-2.6914265155792236,128
train,1,The bright bats around the column,The bright bat around the columns,-1.576419472694397,-4.576419353485107,-6.586943626403809,-1.9619438648223877,-3.34328031539917,-2.96828031539917,128
train,0,The bright turtle beneath the barrels,The bright turtles beneath the barrel,-1.0703957080841064,-7.820395469665527,-6.941852569580078,-3.441852331161499,-4.467471122741699,-4.092471122741699,128
train,1,The bright turtles beneath the barrel,The bright turtle beneath the barrels,-3.441852331161499,-6.941852569580078,-7.820395469665527,-1.0703957080841064,-2.9292664527893066,-1.9292665719985962,128
train,0,The fuzzy dog around the tanks,The fuzzy dogs around the tank,-14.305806159973145,-16.30580711364746,-16.787425994873047,-14.03742504119873,-16.166086196899414,-14.478586196899414,128
train,1,The fuzzy dogs around the tank,The fuzzy dog around the tanks,-14.03742504119873,-16.787425994873047,-16.30580711364746,-14.305806159973145,-14.598569869995117,-15.723569869995117,128
train,0,The timid kit beneath the columns,The timid kits beneath the column,-14.517017364501953,-15.892017364501953,-14.006377220153809,-10.506377220153809,-13.673720359802246,-11.236220359802246,128
train,1,The timid kits beneath the column,The timid kit beneath the columns,-10.506377220153809,-14.006377220153809,-15.892017364501953,-14.517017364501953,-13.359719276428223,-14.984719276428223,128
train,0,The slender chick outside the windows,The slender chicks outside the window,-3.1929993629455566,-6.942999362945557,-6.552794456481934,-0.6777942776679993,-3.4430789947509766,-0.8180789947509766,128
train,1,The slender chicks outside the window,The slender chick outside the windows,-0.6777942776679993,-6.552794456481934,-6.942999362945557,-3.1929993629455566,-4.684147834777832,-4.184147834777832,128
train,0,The sleepy bat outside the benches,The sleepy bats outside the bench,-13.124246597290039,-17.31174659729004,-16.70587158203125,-15.268372535705566,-15.378326416015625,-15.315826416015625,128
train,1,The sleepy bats outside the bench,The sleepy bat outside the benches,-15.268372535705566,-16.70587158203125,-17.31174659729004,-13.124246597290039,-15.043193817138672,-14.043193817138672,128
train,0,The slender frog around the towers,The slender frogs around the tower,-1.983591914176941,-6.8585920333862305,-7.033088207244873,-1.9080883264541626,-4.370652198791504,-2.495651960372925,128
train,1,The slender frogs around the tower,The slender frog around the towers,-1.9080883264541626,-7.033088207244873,-6.8585920333862305,-1.983591914176941,-3.416515350341797,-2.416515350341797,128
train,0,The nervous pup around the dams,The nervous pups around the dam,-3.293292284011841,-3.543292284011841,-4.237216472625732,-0.9872163534164429,-2.491072654724121,-1.616072654724121,128
train,1,The nervous pups around the dam,The nervous pup around the dams,-0.9872163534164429,-4.237216472625732,-3.543292284011841,-3.293292284011841,-2.939492702484131,-3.689492702484131,128
train,0,The quiet monitor beneath the chains,The quiet monitors beneath the chain,-3.538651466369629,-7.913651466369629,-5.767207622528076,-4.892207622528076,-4.831646919250488,-4.456646919250488,128
train,1,The quiet monitors beneath the chain,The quiet monitor beneath the chains,-4.892207622528076,-5.767207622528076,-7.913651466369629,-3.538651466369629,-6.647509574890137,-4.522509574890137,128
train,0,The quiet chick behind the signs,The quiet chicks behind the sign,-1.6740700006484985,-7.674069881439209,-4.259514808654785,-2.134514570236206,-2.800091028213501,-3.175091028213501,128
train,1,The quiet chicks behind the sign,The quiet chick behind the signs,-2.134514570236206,-4.259514808654785,-7.674069881439209,-1.6740700006484985,-5.397786617279053,-2.1477863788604736,128
train,0,The sleepy dolphin beneath the boilers,The sleepy dolphins beneath the boiler,-1.3450406789779663,-7.970040798187256,-4.581545829772949,-3.206545829772949,-3.6183388233184814,-4.743338584899902,128
train,1,The sleepy dolphins beneath the boiler,The sleepy dolphin beneath the boilers,-3.206545829772949,-4.581545829772949,-7.970040798187256,-1.3450406789779663,-4.1700119972229,-1.7950118780136108,128
train,0,The calm kitten behind the cabins,The calm kittens behind the cabin,-12.884374618530273,-14.071874618530273,-15.497574806213379,-11.810074806213379,-14.677103996276855,-11.989603996276855,128
train,1,The calm kittens behind the cabin,The calm kitten behind the cabins,-11.810074806213379,-15.497574806213379,-14.071874618530273,-12.884374618530273,-12.070613861083984,-13.320613861083984,128
train,0,The calm shark around the walls,The calm sharks around the wall,-3.6769213676452637,-6.301921367645264,-4.4356560707092285,-2.8106560707092285,-3.4347081184387207,-3.8097081184387207,128
train,1,The calm sharks around the wall,The calm shark around the walls,-2.8106560707092285,-4.4356560707092285,-6.301921367645264,-3.6769213676452637,-4.5645623207092285,-4.4395623207092285,128
train,0,The bright kitten behind the bolts,The bright kittens behind the bolt,-1.5100524425506592,-6.885052680969238,-8.420856475830078,-4.29585599899292,-6.539795875549316,-5.289795875549316,128
train,1,The bright kittens behind the bolt,The bright kitten behind the bolts,-4.29585599899292,-8.420856475830078,-6.885052680969238,-1.5100524425506592,-3.6267032623291016,-2.2517032623291016,128
train,0,The slender rabbit behind the valves,The slender rabbits behind the valve,-1.1473466157913208,-7.897346496582031,-5.979562282562256,-1.6045624017715454,-2.5615344047546387,-2.4365344047546387,128
train,1,The slender rabbits behind the valve,The slender rabbit behind the valves,-1.6045624017715454,-5.979562282562256,-7.897346496582031,-1.1473466157913208,-3.6193251609802246,-1.6193251609802246,128
train,0,The quiet chick past the barrels,The quiet chicks past the barrel,-1.966385841369629,-9.216385841369629,-5.857611179351807,-3.2326111793518066,-3.4777603149414062,-4.852760314941406,128
train,1,The quiet chicks past the barrel,The quiet chick past the barrels,-3.2326111793518066,-5.857611179351807,-9.216385841369629,-1.966385841369629,-6.210594177246094,-2.3355941772460938,128
train,0,The quiet dog beneath the walls,The quiet dogs beneath the wall,-1.8205337524414062,-7.070533752441406,-5.777071952819824,-2.902071714401245,-3.4079575538635254,-3.4079575538635254,128
train,1,The quiet dogs beneath the wall,The quiet dog beneath the walls,-2.902071714401245,-5.777071952819824,-7.070533752441406,-1.8205337524414062,-3.414144515991211,-2.289144515991211,128
train,0,The timid kitten outside the tables,The timid kittens outside the table,-11.191524505615234,-12.316524505615234,-16.595020294189453,-10.282520294189453,-14.289050102233887,-10.039050102233887,128
train,1,The timid kittens outside the table,The timid kitten outside the tables,-10.282520294189453,-16.595020294189453,-12.316524505615234,-11.191524505615234,-10.500755310058594,-12.188255310058594,128
train,0,The calm lion outside the cabins,The calm lions outside the cabin,-1.084922194480896,-7.3349223136901855,-5.023676872253418,-1.6486766338348389,-2.167177677154541,-2.792177677154541,128
train,1,The calm lions outside the cabin,The calm lion outside the cabins,-1.6486766338348389,-5.023676872253418,-7.3349223136901855,-1.084922194480896,-2.8812777996063232,-1.8812777996063232,128
train,0,The sleepy kitten beneath the milestones,The sleepy kittens beneath the milestone,-11.078283309936523,-11.765783309936523,-12.604043960571289,-8.729043960571289,-11.753195762634277,-9.003195762634277,128
train,1,The sleepy kittens beneath the milestone,The sleepy kitten beneath the milestones,-8.729043960571289,-12.604043960571289,-11.765783309936523,-11.078283309936523,-10.594040870666504,-11.344040870666504,128
train,0,The bright monitor behind the clocks,The bright monitors behind the clock,-1.0415204763412476,-6.791520595550537,-5.058340549468994,-3.558340549468994,-3.671393871307373,-4.421393871307373,128
train,1,The bright monitors behind the clock,The bright monitor behind the clocks,-3.558340549468994,-5.058340549468994,-6.791520595550537,-1.0415204763412476,-3.9181127548217773,-1.418112874031067,128
train,0,The timid dolphin beneath the chairs,The timid dolphins beneath the chair,-1.1457490921020508,-7.895749092102051,-5.779682159423828,-1.779681921005249,-3.591259717941284,-1.9662597179412842,128
train,1,The timid dolphins beneath the chair,The timid dolphin beneath the chairs,-1.779681921005249,-5.779682159423828,-7.895749092102051,-1.1457490921020508,-3.226874828338623,-1.601874828338623,128
train,0,The timid doe outside the tables,The timid does outside the table,-15.092130661010742,-15.842130661010742,-16.312658309936523,-14.812657356262207,-16.72931480407715,-15.104315757751465,128
train,1,The timid does outside the table,The timid doe outside the tables,-14.812657356262207,-16.312658309936523,-15.842130661010742,-15.092130661010742,-15.05977725982666,-14.68477725982666,128
train,0,The small frog beneath the trenches,The small frogs beneath the trench,-0.9087021350860596,-6.6587018966674805,-5.440011978149414,-1.065011978149414,-2.5163626670837402,-2.1413626670837402,128
train,1,The small frogs beneath the trench,The small frog beneath the trenches,-1.065011978149414,-5.440011978149414,-6.6587018966674805,-0.9087021350860596,-3.0322890281677246,-1.2822890281677246,128
train,0,The small turtle around the tanks,The small turtles around the tank,-1.0925045013427734,-3.9675045013427734,-5.945157051086426,-0.5701572895050049,-3.4528021812438965,-0.7028020620346069,128
train,1,The small turtles around the tank,The small turtle around the tanks,-0.5701572895050049,-5.945157051086426,-3.9675045013427734,-1.0925045013427734,-1.9012558460235596,-2.0262558460235596,128
train,0,The quiet pup around the thresholds,The quiet pups around the threshold,-3.2680916786193848,-10.268091201782227,-6.7943115234375,-2.7943115234375,-4.3823089599609375,-3.7573089599609375,128
train,1,The quiet pups around the threshold,The quiet pup around the thresholds,-2.7943115234375,-6.7943115234375,-10.268091201782227,-3.2680916786193848,-5.434937477111816,-3.9349374771118164,128
train,0,The fuzzy kit outside the cabins,The fuzzy kits outside the cabin,-14.812971115112305,-16.125471115112305,-17.38450050354004,-13.884500503540039,-15.966304779052734,-13.903804779052734,128
train,1,The fuzzy kits outside the cabin,The fuzzy kit outside the cabins,-13.884500503540039,-17.38450050354004,-16.125471115112305,-14.812971115112305,-14.063736915588379,-15.876236915588379,128
train,0,The timid kit outside the tables,The timid kits outside the table,-12.62479019165039,-15.37479019165039,-15.780380249023438,-13.467880249023438,-14.580629348754883,-13.455629348754883,128
train,1,The timid kits outside the table,The timid kit outside the tables,-13.467880249023438,-15.780380249023438,-15.37479019165039,-12.62479019165039,-12.933953285217285,-13.808953285217285,128
train,0,The fuzzy monitor beneath the boilers,The fuzzy monitors beneath the boiler,-0.6913469433784485,-6.816347122192383,-4.950078010559082,-1.325078010559082,-3.288285255432129,-1.538285255432129,128
train,1,The fuzzy monitors beneath the boiler,The fuzzy monitor beneath the boilers,-1.325078010559082,-4.950078010559082,-6.816347122192383,-0.6913469433784485,-3.2111010551452637,-1.0861009359359741,128
train,0,The bright bat past the nests,The bright bats past the nest,-19.384729385375977,-19.697229385375977,-19.074783325195312,-18.449783325195312,-18.41257667541504,-19.13132667541504,128
train,1,The bright bats past the nest,The bright bat past the nests,-18.449783325195312,-19.074783325195312,-19.697229385375977,-19.384729385375977,-18.868059158325195,-19.618059158325195,128
train,0,The slender rat behind the plants,The slender rats behind the plant,-0.74392169713974,-6.993921756744385,-5.660496234893799,-2.785496234893799,-4.116765022277832,-3.866765022277832,128
train,1,The slender rats behind the plant,The slender rat behind the plants,-2.785496234893799,-5.660496234893799,-6.993921756744385,-0.74392169713974,-2.5249838829040527,-1.3999838829040527,128
train,0,The slender rat past the chairs,The slender rats past the chair,-1.4970911741256714,-7.372091293334961,-6.593971252441406,-1.8439710140228271,-4.1389946937561035,-2.5139946937561035,128
train,1,The slender rats past the chair,The slender rat past the chairs,-1.8439710140228271,-6.593971252441406,-7.372091293334961,-1.4970911741256714,-3.415342092514038,-2.165342092514038,128
train,0,The small whale beneath the boilers,The small whales beneath the boiler,-13.558855056762695,-16.933855056762695,-15.31673812866211,-14.37923812866211,-14.942520141601562,-14.942520141601562,128
train,1,The small whales beneath the boiler,The small whale beneath the boilers,-14.37923812866211,-15.31673812866211,-16.933855056762695,-13.558855056762695,-15.61512565612793,-14.05262565612793,128
train,0,The timid frog behind the rocks,The timid frogs behind the rock,-0.9719579815864563,-8.72195816040039,-7.963452339172363,-1.3384524583816528,-4.4969658851623535,-1.6219658851623535,128
train,1,The timid frogs behind the rock,The timid frog behind the rocks,-1.3384524583816528,-7.963452339172363,-8.72195816040039,-0.9719579815864563,-3.386568546295166,-1.511568546295166,128
train,0,The slender bat outside the drums,The slender bats outside the drum,-0.8836458921432495,-7.133646011352539,-4.282595634460449,-3.157595634460449,-2.820967197418213,-4.695967197418213,128
train,1,The slender bats outside the drum,The slender bat outside the drums,-3.157595634460449,-4.282595634460449,-7.133646011352539,-0.8836458921432495,-2.89863920211792,-1.64863920211792,128
train,0,The timid kitten past the cars,The timid kittens past the car,-3.880758762359619,-8.630758285522461,-7.453036308288574,-4.703036308288574,-5.82806921005249,-5.20306921005249,128
train,1,The timid kittens past the car,The timid kitten past the cars,-4.703036308288574,-7.453036308288574,-8.630758285522461,-3.880758762359619,-5.463968276977539,-4.713968276977539,128
train,0,The slender frog outside the piles,The slender frogs outside the pile,-18.280099868774414,-18.905099868774414,-19.838436126708984,-18.963436126708984,-19.580909729003906,-19.143409729003906,128
train,1,The slender frogs outside the pile,The slender frog outside the piles,-18.963436126708984,-19.838436126708984,-18.905099868774414,-18.280099868774414,-18.705360412597656,-19.330360412597656,128
train,0,The calm whale outside the benches,The calm whales outside the bench,-1.5218172073364258,-6.771817207336426,-3.185915946960449,-1.8109159469604492,-1.7837315797805786,-3.408731460571289,128
train,1,The calm whales outside the bench,The calm whale outside the benches,-1.8109159469604492,-3.185915946960449,-6.771817207336426,-1.5218172073364258,-3.319918155670166,-2.194918155670166,128
test,0,The strange bee opposite the poles,The strange bees opposite the pole,-2.573982000350952,-7.823982238769531,-3.431013584136963,-1.5560137033462524,-2.2471842765808105,-3.1221842765808105,128
test,1,The strange bees opposite the pole,The strange bee opposite the poles,-1.5560137033462524,-3.431013584136963,-7.823982238769531,-2.573982000350952,-4.985132694244385,-2.6101326942443848,128
test,0,The shy duck near the bulbs,The shy ducks near the bulb,-1.0103219747543335,-6.635322093963623,-5.44537353515625,-1.82037353515625,-3.993997097015381,-2.993997097015381,128
test,1,The shy ducks near the bulb,The shy duck near the bulbs,-1.82037353515625,-5.44537353515625,-6.635322093963623,-1.0103219747543335,-3.218182325363159,-1.5931823253631592,128
test,0,The lively mouse atop the racks,The lively mice atop the rack,-15.080836296081543,-18.39333724975586,-18.4637508392334,-15.838749885559082,-15.845836639404297,-16.533336639404297,128
test,1,The lively mice atop the rack,The lively mouse atop the racks,-15.838749885559082,-18.4637508392334,-18.39333724975586,-15.080836296081543,-16.420862197875977,-16.170862197875977,128
test,0,The spotted pig opposite the heaps,The spotted pigs opposite the heap,-18.075746536254883,-18.200746536254883,-19.446151733398438,-18.883651733398438,-18.820451736450195,-19.195451736450195,128
test,1,The spotted pigs opposite the heap,The spotted pig opposite the heaps,-18.883651733398438,-19.446151733398438,-18.200746536254883,-18.075746536254883,-17.638662338256836,-18.326162338256836,128
test,0,The lively tick atop the racks,The lively ticks atop the rack,-11.85767936706543,-12.35767936706543,-14.387561798095703,-12.137561798095703,-13.55747127532959,-11.80747127532959,128
test,1,The lively ticks atop the rack,The lively tick atop the racks,-12.137561798095703,-14.387561798095703,-12.35767936706543,-11.85767936706543,-11.753652572631836,-12.566152572631836,128
test,0,The fierce seal atop the trees,The fierce seals atop the tree,-9.112808227539062,-11.050308227539062,-14.041743278503418,-9.979243278503418,-11.980778694152832,-10.355778694152832,128
test,1,The fierce seals atop the tree,The fierce seal atop the trees,-9.979243278503418,-14.041743278503418,-11.050308227539062,-9.112808227539062,-9.04270076751709,-10.16770076751709,128
test,0,The curious tick opposite the ponds,The curious ticks opposite the pond,-12.530035018920898,-15.155035018920898,-16.379819869995117,-13.004819869995117,-14.720765113830566,-13.095765113830566,128
test,1,The curious ticks opposite the pond,The curious tick opposite the ponds,-13.004819869995117,-16.379819869995117,-15.155035018920898,-12.530035018920898,-12.898652076721191,-13.461152076721191,128
test,0,The wary puppy atop the pillars,The wary puppies atop the pillar,-15.100767135620117,-17.850767135620117,-18.025028228759766,-13.743779182434082,-16.629247665405273,-13.879246711730957,128
test,1,The wary puppies atop the pillar,The wary puppy atop the pillars,-13.743779182434082,-18.025028228759766,-17.850767135620117,-15.100767135620117,-14.959417343139648,-15.959417343139648,128
test,0,The spotted wolf opposite the ponds,The spotted wolves opposite the pond,-0.23684999346733093,-6.361849784851074,-5.48634672164917,-0.3613467216491699,-2.408892869949341,-0.658892810344696,128
test,1,The spotted wolves opposite the pond,The spotted wolf opposite the ponds,-0.3613467216491699,-5.48634672164917,-6.361849784851074,-0.23684999346733093,-1.500914216041565,-0.8759142160415649,128
test,0,The strange bird beside the wells,The strange birds beside the well,-1.2593234777450562,-5.884323596954346,-5.0565996170043945,-0.9315997958183289,-2.462162494659424,-1.4621623754501343,128
test,1,The strange birds beside the well,The strange bird beside the wells,-0.9315997958183289,-5.0565996170043945,-5.884323596954346,-1.2593234777450562,-3.4746222496032715,-1.9746222496032715,128
test,0,The clever seal near the sacks,The clever seals near the sack,-3.347881555557251,-8.597881317138672,-7.44178581237793,-2.9417858123779297,-5.094000816345215,-3.844000816345215,128
test,1,The clever seals near the sack,The clever seal near the sacks,-2.9417858123779297,-7.44178581237793,-8.597881317138672,-3.347881555557251,-5.335592269897461,-4.085592269897461,128
test,0,The sturdy bird above the banks,The sturdy birds above the bank,-16.680240631103516,-19.305240631103516,-18.739892959594727,-16.146142959594727,-16.887554168701172,-16.325054168701172,128
test,1,The sturdy birds above the bank,The sturdy bird above the banks,-16.146142959594727,-18.739892959594727,-19.305240631103516,-16.680240631103516,-17.85246467590332,-17.35246467590332,128
test,0,The tiny bull above the wires,The tiny bulls above the wire,-13.046204566955566,-15.608704566955566,-14.297708511352539,-13.485208511352539,-13.892367362976074,-13.892367362976074,128
test,1,The tiny bulls above the wire,The tiny bull above the wires,-13.485208511352539,-14.297708511352539,-15.608704566955566,-13.046204566955566,-13.952073097229004,-13.639573097229004,128
test,0,The clever duck atop the tents,The clever ducks atop the tent,-11.72048568725586,-14.15798568725586,-15.938346862792969,-13.000846862792969,-14.80667495727539,-13.36917495727539,128
test,1,The clever ducks atop the tent,The clever duck atop the tents,-13.000846862792969,-15.938346862792969,-14.15798568725586,-11.72048568725586,-12.001667976379395,-12.751667976379395,128
test,0,The curious wolf atop the straps,The curious wolves atop the strap,-3.8646512031555176,-9.114651679992676,-5.447195529937744,-4.697195529937744,-4.490774154663086,-6.240774154663086,128
test,1,The curious wolves atop the strap,The curious wolf atop the straps,-4.697195529937744,-5.447195529937744,-9.114651679992676,-3.8646512031555176,-7.142799377441406,-4.517799377441406,128
test,0,The sturdy wolf below the ropes,The sturdy wolves below the rope,-1.2027961015701294,-5.95279598236084,-5.215498924255371,-0.9654989242553711,-2.836367607116699,-1.2113677263259888,128
test,1,The sturdy wolves below the rope,The sturdy wolf below the ropes,-0.9654989242553711,-5.215498924255371,-5.95279598236084,-1.2027961015701294,-2.9571709632873535,-1.707170844078064,128
test,0,The clever ant atop the tents,The clever ants atop the tent,-9.775984764099121,-12.463484764099121,-15.326362609863281,-14.388862609863281,-15.371665954589844,-15.246665954589844,128
test,1,The clever ants atop the tent,The clever ant atop the tents,-14.388862609863281,-15.326362609863281,-12.463484764099121,-9.775984764099121,-11.345779418945312,-10.720779418945312,128
test,0,The bold bird near the bulbs,The bold birds near the bulb,-14.574244499206543,-15.449244499206543,-15.143038749694824,-12.080538749694824,-15.133126258850098,-12.633126258850098,128
test,1,The bold birds near the bulb,The bold bird near the bulbs,-12.080538749694824,-15.143038749694824,-15.449244499206543,-14.574244499206543,-13.687382698059082,-15.249882698059082,128
test,0,The bold calf near the bulbs,The bold calves near the bulb,-0.37378424406051636,-5.248784065246582,-3.655953884124756,-2.655953884124756,-3.6557791233062744,-4.6557793617248535,128
test,1,The bold calves near the bulb,The bold calf near the bulbs,-2.655953884124756,-3.655953884124756,-5.248784065246582,-0.37378424406051636,-1.8287914991378784,-0.9537914991378784,128
test,0,The bold goat near the sacks,The bold goats near the sack,-2.375162124633789,-8.500162124633789,-4.737239837646484,-2.8622398376464844,-3.5662832260131836,-4.691283226013184,128
test,1,The bold goats near the sack,The bold goat near the sacks,-2.8622398376464844,-4.737239837646484,-8.500162124633789,-2.375162124633789,-5.193973541259766,-3.1939737796783447,128
test,0,The tiny puppy opposite the hooks,The tiny puppies opposite the hook,-0.4597741365432739,-6.084774017333984,-4.633801460266113,-1.3838016986846924,-2.984421968460083,-2.859421968460083,128
test,1,The tiny puppies opposite the hook,The tiny puppy opposite the hooks,-1.3838016986846924,-4.633801460266113,-6.084774017333984,-0.4597741365432739,-3.2229366302490234,-0.7229366898536682,128
test,0,The strange bee above the wires,The strange bees above the wire,-1.6497565507888794,-8.02475643157959,-5.492386817932129,-3.11738657951355,-3.4860472679138184,-4.486047267913818,128
test,1,The strange bees above the wire,The strange bee above the wires,-3.11738657951355,-5.492386817932129,-8.02475643157959,-1.6497565507888794,-4.156171798706055,-2.2811717987060547,128
test,0,The strange bird atop the racks,The strange birds atop the rack,-1.9080064296722412,-6.90800666809082,-4.371989727020264,-2.2469897270202637,-3.0860066413879395,-2.9610066413879395,128
test,1,The strange birds atop the rack,The strange bird atop the racks,-2.2469897270202637,-4.371989727020264,-6.90800666809082,-1.9080064296722412,-4.185634136199951,-2.310634136199951,128
test,0,The tiny calf above the wires,The tiny calves above the wire,-14.325963020324707,-17.76346206665039,-14.810453414916992,-13.122953414916992,-14.708959579467773,-13.271459579467773,128
test,1,The tiny calves above the wire,The tiny calf above the wires,-13.122953414916992,-14.810453414916992,-17.76346206665039,-14.325963020324707,-15.763444900512695,-14.638444900512695,128
test,0,The shy bird beside the bins,The shy birds beside the bin,-0.38432055711746216,-6.8843207359313965,-4.701294898986816,-1.0762946605682373,-2.0071325302124023,-2.3821325302124023,128
test,1,The shy birds beside the bin,The shy bird beside the bins,-1.0762946605682373,-4.701294898986816,-6.8843207359313965,-0.38432055711746216,-2.559033155441284,-0.8090331554412842,128
test,0,The strange cat below the ropes,The strange cats below the rope,-14.176956176757812,-16.989456176757812,-17.02143096923828,-14.521431922912598,-16.155487060546875,-14.967986106872559,128
test,1,The strange cats below the rope,The strange cat below the ropes,-14.521431922912598,-17.02143096923828,-16.989456176757812,-14.176956176757812,-15.700333595275879,-15.387833595275879,128
test,0,The wary mouse opposite the poles,The wary mice opposite the pole,-1.4908124208450317,-7.115812301635742,-3.5523793697357178,-1.3023793697357178,-1.601446509361267,-3.3514466285705566,128
test,1,The wary mice opposite the pole,The wary mouse opposite the poles,-1.3023793697357178,-3.5523793697357178,-7.115812301635742,-1.4908124208450317,-4.283860206604004,-1.5338599681854248,128
test,0,The restless goat between the shelves,The restless goats between the shelf,-11.113020896911621,-14.363020896911621,-15.730789184570312,-15.355789184570312,-15.422910690307617,-15.172910690307617,128
test,1,The restless goats between the shelf,The restless goat between the shelves,-15.355789184570312,-15.730789184570312,-14.363020896911621,-11.113020896911621,-12.445205688476562,-11.882705688476562,128
test,0,The wary tick near the sacks,The wary ticks near the sack,-3.8151962757110596,-7.0651960372924805,-7.056069850921631,-2.6810696125030518,-5.448605060577393,-3.6986050605773926,128
test,1,The wary ticks near the sack,The wary tick near the sacks,-2.6810696125030518,-7.056069850921631,-7.0651960372924805,-3.8151962757110596,-5.202571868896484,-4.327571868896484,128
test,0,The clever tick opposite the ponds,The clever ticks opposite the pond,-0.6474232077598572,-4.272423267364502,-4.310794353485107,-1.0607943534851074,-2.5713987350463867,-1.6963988542556763,128
test,1,The clever ticks opposite the pond,The clever tick opposite the ponds,-1.0607943534851074,-4.310794353485107,-4.272423267364502,-0.6474232077598572,-1.9721717834472656,-1.4721717834472656,128
test,0,The lively cat beside the wells,The lively cats beside the well,-8.070196151733398,-12.195196151733398,-14.324397087097168,-9.699397087097168,-11.120792388916016,-9.870792388916016,128
test,1,The lively cats beside the well,The lively cat beside the wells,-9.699397087097168,-14.324397087097168,-12.195196151733398,-8.070196151733398,-10.61702823638916,-8.80452823638916,128
test,0,The gentle bull near the sacks,The gentle bulls near the sack,-20.59665870666504,-21.59665870666504,-17.6838436126709,-17.3088436126709,-18.402578353881836,-18.340078353881836,128
test,1,The gentle bulls near the sack,The gentle bull near the sacks,-17.3088436126709,-17.6838436126709,-21.59665870666504,-20.59665870666504,-20.89586639404297,-20.92711639404297,128
test,0,The tiny pig atop the racks,The tiny pigs atop the rack,-1.461962103843689,-5.2119622230529785,-3.816072463989258,-1.3160725831985474,-2.065425395965576,-2.190425395965576,128
test,1,The tiny pigs atop the rack,The tiny pig atop the racks,-1.3160725831985474,-3.816072463989258,-5.2119622230529785,-1.461962103843689,-2.797926902770996,-2.172926902770996,128
test,0,The clever worm below the locks,The clever worms below the lock,-1.384763240814209,-6.009763240814209,-5.556517601013184,-0.931517481803894,-3.013744831085205,-1.388744831085205,128
test,1,The clever worms below the lock,The clever worm below the locks,-0.931517481803894,-5.556517601013184,-6.009763240814209,-1.384763240814209,-2.7186896800994873,-1.5936896800994873,128
test,0,The wary bird opposite the heaps,The wary birds opposite the heap,-7.628450870513916,-10.503451347351074,-10.005411148071289,-7.005411624908447,-8.12982177734375,-8.00482177734375,128
test,1,The wary birds opposite the heap,The wary bird opposite the heaps,-7.005411624908447,-10.005411148071289,-10.503451347351074,-7.628450870513916,-9.377836227416992,-8.252836227416992,128
test,0,The tiny ant opposite the poles,The tiny ants opposite the pole,-13.65445613861084,-15.65445613861084,-16.743221282958984,-15.3682222366333,-15.503118515014648,-15.940618515014648,128
test,1,The tiny ants opposite the pole,The tiny ant opposite the poles,-15.3682222366333,-16.743221282958984,-15.65445613861084,-13.65445613861084,-14.105154037475586,-13.730154037475586,128
test,0,The restless cat under the cliffs,The restless cats under the cliff,-12.214594841003418,-14.277094841003418,-16.82883071899414,-14.39133071899414,-15.869720458984375,-14.619720458984375,128
test,1,The restless cats under the cliff,The restless cat under the cliffs,-14.39133071899414,-16.82883071899414,-14.277094841003418,-12.214594841003418,-13.075819969177246,-13.263319969177246,128
test,0,The fierce pig below the mirrors,The fierce pigs below the mirror,-18.063156127929688,-18.875656127929688,-20.8935489654541,-18.7997989654541,-19.614412307739258,-18.801912307739258,128
test,1,The fierce pigs below the mirror,The fierce pig below the mirrors,-18.7997989654541,-20.8935489654541,-18.875656127929688,-18.063156127929688,-17.520998001098633,-18.395998001098633,128
test,0,The restless goat below the locks,The restless goats below the lock,-1.45387864112854,-6.328878402709961,-5.920765399932861,-0.9207654595375061,-2.967797040939331,-1.342797040939331,128
test,1,The restless goats below the lock,The restless goat below the locks,-0.9207654595375061,-5.920765399932861,-6.328878402709961,-1.45387864112854,-2.590360641479492,-2.090360641479492,128
test,0,The lively bee under the beams,The lively bees under the beam,-5.073618412017822,-11.44861888885498,-8.285211563110352,-5.660211086273193,-6.279381275177002,-7.404381275177002,128
test,1,The lively bees under the beam,The lively bee under the beams,-5.660211086273193,-8.285211563110352,-11.44861888885498,-5.073618412017822,-8.6970796585083,-5.197079658508301,128
test,0,The round bird above the banks,The round birds above the bank,-2.2521774768829346,-7.8771772384643555,-4.602891445159912,-1.852891445159912,-2.765552520751953,-2.390552520751953,128
test,1,The round birds above the bank,The round bird above the banks,-1.852891445159912,-4.602891445159912,-7.8771772384643555,-2.2521774768829346,-4.371056079864502,-2.746055841445923,128
test,0,The sturdy ray above the banks,The sturdy rays above the bank,-2.290370225906372,-5.290370464324951,-4.67719030380249,-1.9271901845932007,-2.9593396186828613,-2.7093396186828613,128
test,1,The sturdy rays above the bank,The sturdy ray above the banks,-1.9271901845932007,-4.67719030380249,-5.290370464324951,-2.290370225906372,-3.525125741958618,-3.025125741958618,128
test,0,The gentle calf above the posts,The gentle calves above the post,-0.7848963141441345,-6.784896373748779,-5.062370300292969,-2.0623703002929688,-3.352341890335083,-2.727341890335083,128
test,1,The gentle calves above the post,The gentle calf above the posts,-2.0623703002929688,-5.062370300292969,-6.784896373748779,-0.7848963141441345,-2.5804266929626465,-1.455426812171936,128
test,0,The bold pig opposite the heaps,The bold pigs opposite the heap,-5.511171340942383,-7.761171340942383,-6.885581016540527,-6.510581016540527,-6.2609734535217285,-7.7609734535217285,128
test,1,The bold pigs opposite the heap,The bold pig opposite the heaps,-6.510581016540527,-6.885581016540527,-7.761171340942383,-5.511171340942383,-6.262145042419434,-6.137145042419434,128
test,0,The shy bird below the lamps,The shy birds below the lamp,-0.6019152998924255,-6.35191535949707,-4.156976222991943,-0.781976044178009,-1.3875622749328613,-1.7625622749328613,128
test,1,The shy birds below the lamp,The shy bird below the lamps,-0.781976044178009,-4.156976222991943,-6.35191535949707,-0.6019152998924255,-3.0219876766204834,-0.8969876170158386,128
test,0,The wary worm below the boards,The wary worms below the board,-1.4663994312286377,-7.716399192810059,-7.047845363616943,-2.5478453636169434,-4.591135025024414,-3.216134786605835,128
test,1,The wary worms below the board,The wary worm below the boards,-2.5478453636169434,-7.047845363616943,-7.716399192810059,-1.4663994312286377,-3.158060073852539,-2.283060073852539,128
test,0,The lively bird beside the wells,The lively birds beside the well,-17.09486961364746,-20.75111961364746,-18.572200775146484,-14.509700775146484,-16.279340744018555,-15.091840744018555,128
test,1,The lively birds beside the well,The lively bird beside the wells,-14.509700775146484,-18.572200775146484,-20.75111961364746,-17.09486961364746,-19.152584075927734,-17.230709075927734,128
test,0,The strange worm below the ropes,The strange worms below the rope,-11.011880874633789,-14.574380874633789,-14.623046875,-11.998046875,-13.311328887939453,-12.186328887939453,128
test,1,The strange worms below the rope,The strange worm below the ropes,-11.998046875,-14.623046875,-14.574380874633789,-11.011880874633789,-12.967201232910156,-11.842201232910156,128
test,0,The restless calf beside the roots,The restless calves beside the root,-5.393277168273926,-12.018277168273926,-7.4573540687561035,-4.7073540687561035,-5.950644016265869,-6.075644016265869,128
test,1,The restless calves beside the root,The restless calf beside the roots,-4.7073540687561035,-7.4573540687561035,-12.018277168273926,-5.393277168273926,-8.018774032592773,-5.768773555755615,128
test,0,The fierce puppy beside the nails,The fierce puppies beside the nail,-13.095044136047363,-13.532544136047363,-9.8645658493042,-8.5520658493042,-9.368468284606934,-8.555968284606934,128
test,1,The fierce puppies beside the nail,The fierce puppy beside the nails,-8.5520658493042,-9.8645658493042,-13.532544136047363,-13.095044136047363,-12.953128814697266,-13.640628814697266,128
test,0,The lively mouse beside the fences,The lively mice beside the fence,-1.410173773765564,-6.7851738929748535,-5.439128875732422,-0.9391288757324219,-1.54217529296875,-3.16717529296875,128
test,1,The lively mice beside the fence,The lively mouse beside the fences,-0.9391288757324219,-5.439128875732422,-6.7851738929748535,-1.410173773765564,-3.187518358230591,-2.187518358230591,128
test,0,The strange duck opposite the heaps,The strange ducks opposite the heap,-5.6403889656066895,-8.640388488769531,-7.764519691467285,-5.889519691467285,-6.5153021812438965,-6.8903021812438965,128
test,1,The strange ducks opposite the heap,The strange duck opposite the heaps,-5.889519691467285,-7.764519691467285,-8.640388488769531,-5.6403889656066895,-7.263425827026367,-6.263425827026367,128
test,0,The restless bird near the pillars,The restless birds near the pillar,-11.273653984069824,-16.33615493774414,-14.300134658813477,-10.862634658813477,-12.759425163269043,-11.509425163269043,128
test,1,The restless birds near the pillar,The restless bird near the pillars,-10.862634658813477,-14.300134658813477,-16.33615493774414,-11.273653984069824,-13.612557411193848,-11.862557411193848,128
test,0,The lively pig atop the racks,The lively pigs atop the rack,-12.043174743652344,-14.668174743652344,-14.19205093383789,-13.50455093383789,-13.286934852600098,-13.661934852600098,128
test,1,The lively pigs atop the rack,The lively pig atop the racks,-13.50455093383789,-14.19205093383789,-14.668174743652344,-12.043174743652344,-13.416709899902344,-12.916709899902344,128
test,0,The curious bee between the bushes,The curious bees between the bush,-10.642143249511719,-14.517143249511719,-12.529508590698242,-12.029508590698242,-11.910173416137695,-11.847673416137695,128
test,1,The curious bees between the bush,The curious bee between the bushes,-12.029508590698242,-12.529508590698242,-14.517143249511719,-10.642143249511719,-13.586570739746094,-11.149070739746094,128
test,0,The spotted calf atop the trees,The spotted calves atop the tree,-1.131883978843689,-5.7568840980529785,-3.9617347717285156,-1.9617347717285156,-1.9138596057891846,-2.9138596057891846,128
test,1,The spotted calves atop the tree,The spotted calf atop the trees,-1.9617347717285156,-3.9617347717285156,-5.7568840980529785,-1.131883978843689,-2.844651699066162,-1.594651699066162,128
test,0,The round bee below the ropes,The round bees below the rope,-0.9710149168968201,-5.221014976501465,-2.6698739528656006,-0.9198739528656006,-1.4656555652618408,-1.5906555652618408,128
test,1,The round bees below the rope,The round bee below the ropes,-0.9198739528656006,-2.6698739528656006,-5.221014976501465,-0.9710149168968201,-2.334441900253296,-1.584441900253296,128
test,0,The strange tick atop the tents,The strange ticks atop the tent,-1.370997428894043,-3.745997428894043,-5.143807888031006,-4.393807888031006,-4.043985843658447,-4.918985843658447,128
test,1,The strange ticks atop the tent,The strange tick atop the tents,-4.393807888031006,-5.143807888031006,-3.745997428894043,-1.370997428894043,-2.694333791732788,-1.569333791732788,128
test,0,The lively seal alongside the baskets,The lively seals alongside the basket,-4.7971978187561035,-7.6721978187561035,-7.716392517089844,-4.091392517089844,-6.514974594116211,-4.889974594116211,128
test,1,The lively seals alongside the basket,The lively seal alongside the baskets,-4.091392517089844,-7.716392517089844,-7.6721978187561035,-4.7971978187561035,-5.302215099334717,-6.177215099334717,128
test,0,The round bear beside the roots,The round bears beside the root,-2.7297725677490234,-9.354772567749023,-3.4502954483032227,-3.0752954483032227,-2.890232801437378,-4.515233039855957,128
test,1,The round bears beside the root,The round bear beside the roots,-3.0752954483032227,-3.4502954483032227,-9.354772567749023,-2.7297725677490234,-6.8237738609313965,-3.1987738609313965,128
test,0,The graceful bull below the boards,The graceful bulls below the board,-1.1427125930786133,-6.267712593078613,-3.214907169342041,-1.464907169342041,-1.8779367208480835,-2.377936840057373,128
test,1,The graceful bulls below the board,The graceful bull below the boards,-1.464907169342041,-3.214907169342041,-6.267712593078613,-1.1427125930786133,-3.2429380416870117,-1.4929379224777222,128
test,0,The sturdy calf above the wires,The sturdy calves above the wire,-1.0308582782745361,-6.780858039855957,-6.652447700500488,-3.1524477005004883,-4.577681064605713,-3.577681303024292,128
test,1,The sturdy calves above the wire,The sturdy calf above the wires,-3.1524477005004883,-6.652447700500488,-6.780858039855957,-1.0308582782745361,-2.8628597259521484,-1.8628597259521484,128
test,0,The clumsy cat above the sofas,The clumsy cats above the sofa,-13.247100830078125,-16.872100830078125,-16.027671813964844,-13.34017276763916,-14.494307518005371,-13.869307518005371,128
test,1,The clumsy cats above the sofa,The clumsy cat above the sofas,-13.34017276763916,-16.027671813964844,-16.872100830078125,-13.247100830078125,-14.58018684387207,-13.58018684387207,128
test,0,The sturdy ant beside the bins,The sturdy ants beside the bin,-0.45797544717788696,-5.707975387573242,-5.856549263000488,-0.6065495014190674,-2.6829147338867188,-1.4329148530960083,128
test,1,The sturdy ants beside the bin,The sturdy ant beside the bins,-0.6065495014190674,-5.856549263000488,-5.707975387573242,-0.45797544717788696,-1.5521382093429565,-1.1771382093429565,128
test,0,The gentle bee near the sacks,The gentle bees near the sack,-10.159273147583008,-13.596773147583008,-12.823009490966797,-9.260509490966797,-10.627803802490234,-10.377803802490234,128
test,1,The gentle bees near the sack,The gentle bee near the sacks,-9.260509490966797,-12.823009490966797,-13.596773147583008,-10.159273147583008,-11.123364448547363,-11.248364448547363,128
test,0,The bold bee near the bulbs,The bold bees near the bulb,-12.687196731567383,-16.999696731567383,-15.533397674560547,-14.845897674560547,-14.402276039123535,-15.277276039123535,128
test,1,The bold bees near the bulb,The bold bee near the bulbs,-14.845897674560547,-15.533397674560547,-16.999696731567383,-12.687196731567383,-15.288872718811035,-13.288872718811035,128
test,0,The clumsy wolf near the sacks,The clumsy wolves near the sack,-4.2914605140686035,-9.916460990905762,-6.725932598114014,-3.9759325981140137,-4.836513042449951,-5.711513042449951,128
test,1,The clumsy wolves near the sack,The clumsy wolf near the sacks,-3.9759325981140137,-6.725932598114014,-9.916460990905762,-4.2914605140686035,-7.5302276611328125,-5.0302276611328125,128
test,0,The fierce bear atop the trees,The fierce bears atop the tree,-12.304258346557617,-14.304258346557617,-14.59837532043457,-13.78587532043457,-13.677138328552246,-13.677138328552246,128
test,1,The fierce bears atop the tree,The fierce bear atop the trees,-13.78587532043457,-14.59837532043457,-14.304258346557617,-12.304258346557617,-12.83713436126709,-13.21213436126709,128
test,0,The bold calf above the panels,The bold calves above the panel,-13.752456665039062,-17.002456665039062,-15.150087356567383,-14.587587356567383,-14.515522956848145,-14.953022956848145,128
test,1,The bold calves above the panel,The bold calf above the panels,-14.587587356567383,-15.150087356567383,-17.002456665039062,-13.752456665039062,-14.89462947845459,-14.64462947845459,128
test,0,The graceful puppy below the locks,The graceful puppies below the lock,-15.201937675476074,-17.326936721801758,-21.494863510131836,-16.776113510131836,-20.04022789001465,-17.47772789001465,128
test,1,The graceful puppies below the lock,The graceful puppy below the locks,-16.776113510131836,-21.494863510131836,-17.326936721801758,-15.201937675476074,-15.325552940368652,-15.950552940368652,128
test,0,The tiny spider under the cliffs,The tiny spiders under the cliff,-1.0551929473876953,-6.180192947387695,-7.714670181274414,-2.464670181274414,-5.3299689292907715,-2.7049689292907715,128
test,1,The tiny spiders under the cliff,The tiny spider under the cliffs,-2.464670181274414,-7.714670181274414,-6.180192947387695,-1.0551929473876953,-2.6551873683929443,-1.6551873683929443,128
test,0,The curious puppy by the slopes,The curious puppies by the slope,-3.768373489379883,-9.018373489379883,-5.838825702667236,-2.9638257026672363,-4.391452312469482,-4.016452312469482,128
test,1,The curious puppies by the slope,The curious puppy by the slopes,-2.9638257026672363,-5.838825702667236,-9.018373489379883,-3.768373489379883,-7.005482196807861,-4.130482196807861,128
test,0,The gentle spider alongside the buckets,The gentle spiders alongside the bucket,-3.0738229751586914,-6.823822975158691,-6.520232200622559,-3.8952322006225586,-5.174047946929932,-4.924047946929932,128
test,1,The gentle spiders alongside the bucket,The gentle spider alongside the buckets,-3.8952322006225586,-6.520232200622559,-6.823822975158691,-3.0738229751586914,-4.399807929992676,-3.774807929992676,128
test,0,The restless mouse under the cliffs,The restless mice under the cliff,-8.435379028320312,-12.122879028320312,-15.880800247192383,-12.630800247192383,-13.402765274047852,-12.777765274047852,128
test,1,The restless mice under the cliff,The restless mouse under the cliffs,-12.630800247192383,-15.880800247192383,-12.122879028320312,-8.435379028320312,-10.874259948730469,-9.249259948730469,128
test,0,The gentle puppy beside the bins,The gentle puppies beside the bin,-0.562548816204071,-6.937548637390137,-5.8144402503967285,-0.43944013118743896,-2.89699387550354,-0.8969938158988953,128
test,1,The gentle puppies beside the bin,The gentle puppy beside the bins,-0.43944013118743896,-5.8144402503967285,-6.937548637390137,-0.562548816204071,-2.1467108726501465,-1.396710753440857,128
test,0,The curious spider by the sockets,The curious spiders by the socket,-3.543217182159424,-8.418217658996582,-5.382513999938965,-2.882514238357544,-4.1559858322143555,-4.0309858322143555,128
test,1,The curious spiders by the socket,The curious spider by the sockets,-2.882514238357544,-5.382513999938965,-8.418217658996582,-3.543217182159424,-6.277205944061279,-3.5272059440612793,128
test,0,The spotted pig by the desks,The spotted pigs by the desk,-0.9309184551239014,-5.0559186935424805,-4.33922004699707,-0.8392199873924255,-2.7475414276123047,-1.1225415468215942,128
test,1,The spotted pigs by the desk,The spotted pig by the desks,-0.8392199873924255,-4.33922004699707,-5.0559186935424805,-0.9309184551239014,-2.023245096206665,-1.773245096206665,128
test,0,The shy puppy below the doors,The shy puppies below the door,-9.8185453414917,-14.8810453414917,-14.964375495910645,-11.901875495910645,-13.815101623535156,-11.877601623535156,128
test,1,The shy puppies below the door,The shy puppy below the doors,-11.901875495910645,-14.964375495910645,-14.8810453414917,-9.8185453414917,-13.248456001281738,-10.560956001281738,128
test,0,The tiny spider opposite the poles,The tiny spiders opposite the pole,-13.14759349822998,-15.64759349822998,-15.363819122314453,-12.051319122314453,-14.659635543823242,-12.722135543823242,128
test,1,The tiny spiders opposite the pole,The tiny spider opposite the poles,-12.051319122314453,-15.363819122314453,-15.64759349822998,-13.14759349822998,-13.952852249145508,-13.265352249145508,128
test,0,The strange spider beside the fences,The strange spiders beside the fence,-15.039916038513184,-16.2274169921875,-19.264127731323242,-13.514126777648926,-17.321462631225586,-13.508963584899902,128
test,1,The strange spiders beside the fence,The strange spider beside the fences,-13.514126777648926,-19.264127731323242,-16.2274169921875,-15.039916038513184,-14.410553932189941,-15.973053932189941,128
test,0,The bold puppy alongside the pens,The bold puppies alongside the pen,-1.0387645959854126,-3.538764476776123,-2.9935994148254395,-0.8685994148254395,-1.7655304670333862,-1.5155304670333862,128
test,1,The bold puppies alongside the pen,The bold puppy alongside the pens,-0.8685994148254395,-2.9935994148254395,-3.538764476776123,-1.0387645959854126,-1.73897385597229,-2.36397385597229,128
test,0,The clever bull atop the racks,The clever bulls atop the rack,-3.8288626670837402,-7.70386266708374,-5.340938091278076,-4.215938091278076,-4.379887580871582,-4.504887580871582,128
test,1,The clever bulls atop the rack,The clever bull atop the racks,-4.215938091278076,-5.340938091278076,-7.70386266708374,-3.8288626670837402,-5.779081344604492,-4.404081344604492,128
test,0,The gentle ray above the panels,The gentle rays above the panel,-1.1887599229812622,-6.813759803771973,-5.788617134094238,-3.1636171340942383,-3.8991923332214355,-3.8991923332214355,128
test,1,The gentle rays above the panel,The gentle ray above the panels,-3.1636171340942383,-5.788617134094238,-6.813759803771973,-1.1887599229812622,-3.4533493518829346,-2.0783493518829346,128
test,0,The clever duck by the desks,The clever ducks by the desk,-2.0767009258270264,-7.2017011642456055,-7.325079917907715,-1.2000799179077148,-5.2860331535339355,-1.411033272743225,128
test,1,The clever ducks by the desk,The clever duck by the desks,-1.2000799179077148,-7.325079917907715,-7.2017011642456055,-2.0767009258270264,-3.295072555541992,-2.920072555541992,128
test,0,The spotted puppy above the posts,The spotted puppies above the post,-0.26231086254119873,-6.262310981750488,-4.03645658493042,-0.6614567041397095,-2.0161237716674805,-1.2661237716674805,128
test,1,The spotted puppies above the post,The spotted puppy above the posts,-0.6614567041397095,-4.03645658493042,-6.262310981750488,-0.26231086254119873,-1.6780316829681396,-0.8030316233634949,128
test,0,The tiny ray opposite the poles,The tiny rays opposite the pole,-15.10855484008789,-16.85855484008789,-12.173572540283203,-10.798572540283203,-12.804608345031738,-11.742108345031738,128
test,1,The tiny rays opposite the pole,The tiny ray opposite the poles,-10.798572540283203,-12.173572540283203,-16.85855484008789,-15.10855484008789,-15.125011444091797,-15.437511444091797,128
test,0,The tiny spider above the wires,The tiny spiders above the wire,-0.5518994927406311,-7.301899433135986,-5.423151016235352,-1.0481512546539307,-3.155301570892334,-1.5303016901016235,128
test,1,The tiny spiders above the wire,The tiny spider above the wires,-1.0481512546539307,-5.423151016235352,-7.301899433135986,-0.5518994927406311,-2.80599045753479,-0.9309905171394348,128
test,0,The curious calf near the sacks,The curious calves near the sack,-3.564541816711426,-9.439541816711426,-5.863719940185547,-3.6137197017669678,-4.4578328132629395,-5.8328328132629395,128
test,1,The curious calves near the sack,The curious calf near the sacks,-3.6137197017669678,-5.863719940185547,-9.439541816711426,-3.564541816711426,-6.298581600189209,-4.173581600189209,128
test,0,The fierce seal below the mirrors,The fierce seals below the mirror,-11.114643096923828,-13.052143096923828,-13.299214363098145,-11.861714363098145,-12.723492622375488,-12.098492622375488,128
test,1,The fierce seals below the mirror,The fierce seal below the mirrors,-11.861714363098145,-13.299214363098145,-13.052143096923828,-11.114643096923828,-11.995805740356445,-12.120805740356445,128
test,0,The fierce mouse atop the straps,The fierce mice atop the strap,-3.10619854927063,-8.60619831085205,-4.888057708740234,-3.3880579471588135,-3.1704132556915283,-5.545413017272949,128
test,1,The fierce mice atop the strap,The fierce mouse atop the straps,-3.3880579471588135,-4.888057708740234,-8.60619831085205,-3.10619854927063,-5.8235554695129395,-3.5735552310943604,128
test,0,The curious bull opposite the ponds,The curious bulls opposite the pond,-14.430213928222656,-17.055213928222656,-17.78107452392578,-14.031075477600098,-15.44681167602539,-14.94681167602539,128
test,1,The curious bulls opposite the pond,The curious bull opposite the ponds,-14.031075477600098,-17.78107452392578,-17.055213928222656,-14.430213928222656,-15.07116985321045,-15.57116985321045,128
test,0,The fierce goat beside the nails,The fierce goats beside the nail,-14.985870361328125,-15.798370361328125,-14.801600456237793,-12.614100456237793,-15.131927490234375,-13.319427490234375,128
test,1,The fierce goats beside the nail,The fierce goat beside the nails,-12.614100456237793,-14.801600456237793,-15.798370361328125,-14.985870361328125,-14.588968276977539,-15.651468276977539,128
test,0,The shy duck near the trees,The shy ducks near the tree,-0.8870466351509094,-8.887046813964844,-6.976500511169434,-1.9765005111694336,-4.680410861968994,-2.680410623550415,128
test,1,The shy ducks near the tree,The shy duck near the trees,-1.9765005111694336,-6.976500511169434,-8.887046813964844,-0.8870466351509094,-3.1830663681030273,-1.6830663681030273,128
test,0,The spotted wolf above the panels,The spotted wolves above the panel,-0.4220729470252991,-5.422072887420654,-3.9359536170959473,-0.8109537363052368,-1.9772700071334839,-1.1022700071334839,128
test,1,The spotted wolves above the panel,The spotted wolf above the panels,-0.8109537363052368,-3.9359536170959473,-5.422072887420654,-0.4220729470252991,-2.3034143447875977,-0.8034142255783081,128
test,0,The sturdy bull under the cabinets,The sturdy bulls under the cabinet,-10.584146499633789,-13.771646499633789,-14.057839393615723,-10.245339393615723,-11.743061065673828,-10.555561065673828,128
test,1,The sturdy bulls under the cabinet,The sturdy bull under the cabinets,-10.245339393615723,-14.057839393615723,-13.771646499633789,-10.584146499633789,-11.500587463378906,-11.188087463378906,128
test,0,The bold goat above the fences,The bold goats above the fence,-0.8698505163192749,-4.9948506355285645,-4.435018062591553,-0.43501824140548706,-1.8990256786346436,-1.0240256786346436,128
test,1,The bold goats above the fence,The bold goat above the fences,-0.43501824140548706,-4.435018062591553,-4.9948506355285645,-0.8698505163192749,-1.7283931970596313,-1.7283931970596313,128
test,0,The wary seal near the bulbs,The wary seals near the bulb,-1.8533143997192383,-5.978314399719238,-8.078988075256348,-6.953988552093506,-7.567741394042969,-8.692741394042969,128
test,1,The wary seals near the bulb,The wary seal near the bulbs,-6.953988552093506,-8.078988075256348,-5.978314399719238,-1.8533143997192383,-3.613860607147217,-2.863860607147217,128
test,0,The graceful duck atop the racks,The graceful ducks atop the rack,-2.3179070949554443,-7.192907333374023,-4.513148784637451,-2.013148784637451,-2.8665809631347656,-2.8665809631347656,128
test,1,The graceful ducks atop the rack,The graceful duck atop the racks,-2.013148784637451,-4.513148784637451,-7.192907333374023,-2.3179070949554443,-4.295923233032227,-2.9209232330322266,128
test,0,The restless ant under the lamps,The restless ants under the lamp,-2.698214530944824,-6.198214530944824,-6.298738956451416,-1.548738956451416,-3.458169937133789,-2.458169937133789,128
test,1,The restless ants under the lamp,The restless ant under the lamps,-1.548738956451416,-6.298738956451416,-6.198214530944824,-2.698214530944824,-3.90336012840271,-3.02836012840271,128
test,0,The strange bee near the gates,The strange bees near the gate,-4.2048211097717285,-11.204821586608887,-6.185874938964844,-2.5608749389648438,-4.077369689941406,-3.7023699283599854,128
test,1,The strange bees near the gate,The strange bee near the gates,-2.5608749389648438,-6.185874938964844,-11.204821586608887,-4.2048211097717285,-6.994619846343994,-4.119619846343994,128
test,0,The tiny goat opposite the poles,The tiny goats opposite the pole,-14.210844039916992,-15.898344039916992,-18.848133087158203,-17.535633087158203,-17.61011505126953,-16.92261505126953,128
test,1,The tiny goats opposite the pole,The tiny goat opposite the poles,-17.535633087158203,-18.848133087158203,-15.898344039916992,-14.210844039916992,-15.29753303527832,-15.29753303527832,128
test,0,The lively seal below the boards,The lively seals below the board,-0.9377753734588623,-5.812775611877441,-5.0372233390808105,-0.9122234582901001,-3.0661025047302246,-1.4411025047302246,128
test,1,The lively seals below the board,The lively seal below the boards,-0.9122234582901001,-5.0372233390808105,-5.812775611877441,-0.9377753734588623,-2.1710023880004883,-1.5460025072097778,128
test,0,The strange tick alongside the bridges,The strange ticks alongside the bridge,-1.556085467338562,-5.556085586547852,-3.8174257278442383,-2.1924257278442383,-2.6573822498321533,-2.7823822498321533,128
test,1,The strange ticks alongside the bridge,The strange tick alongside the bridges,-2.1924257278442383,-3.8174257278442383,-5.556085586547852,-1.556085467338562,-3.3782095909118652,-1.7532094717025757,128
test,0,The sturdy spider below the doors,The sturdy spiders below the door,-0.9483566284179688,-7.448356628417969,-6.456137657165527,-1.081137776374817,-4.106124401092529,-1.3561244010925293,128
test,1,The sturdy spiders below the door,The sturdy spider below the doors,-1.081137776374817,-6.456137657165527,-7.448356628417969,-0.9483566284179688,-2.8785347938537598,-1.3785349130630493,128
test,0,The round bee beside the wells,The round bees beside the well,-0.9308316111564636,-4.680831432342529,-3.0488505363464355,-1.423850655555725,-1.8172520399093628,-2.0672521591186523,128
test,1,The round bees beside the well,The round bee beside the wells,-1.423850655555725,-3.0488505363464355,-4.680831432342529,-0.9308316111564636,-2.074068546295166,-1.824068546295166,128
test,0,The fierce worm above the banks,The fierce worms above the bank,-3.3764610290527344,-8.001461029052734,-6.192285537719727,-2.4422855377197266,-4.139616966247559,-2.7646167278289795,128
test,1,The fierce worms above the bank,The fierce worm above the banks,-2.4422855377197266,-6.192285537719727,-8.001461029052734,-3.3764610290527344,-4.850686073303223,-3.7256860733032227,128
test,0,The fierce bee above the panels,The fierce bees above the panel,-1.6258785724639893,-7.75087833404541,-6.1882147789001465,-2.8132147789001465,-3.5199832916259766,-3.6449832916259766,128
test,1,The fierce bees above the panel,The fierce bee above the panels,-2.8132147789001465,-6.1882147789001465,-7.75087833404541,-1.6258785724639893,-4.542557716369629,-2.042557716369629,128
test,0,The curious puppy atop the racks,The curious puppies atop the rack,-2.063138484954834,-7.438138484954834,-5.759565830230713,-1.884565830230713,-3.913620710372925,-2.288620710372925,128
test,1,The curious puppies atop the rack,The curious puppy atop the racks,-1.884565830230713,-5.759565830230713,-7.438138484954834,-2.063138484954834,-4.689914703369141,-2.8149144649505615,128
test,0,The gentle cat by the desks,The gentle cats by the desk,-2.095397472381592,-6.345397472381592,-5.886514663696289,-1.3865147829055786,-3.7196826934814453,-1.8446826934814453,128
test,1,The gentle cats by the desk,The gentle cat by the desks,-1.3865147829055786,-5.886514663696289,-6.345397472381592,-2.095397472381592,-3.4454827308654785,-2.8204827308654785,128
test,0,The restless bear near the pillars,The restless bears near the pillar,-12.910618782043457,-17.59811782836914,-17.13359832763672,-14.258598327636719,-15.040892601013184,-14.915892601013184,128
test,1,The restless bears near the pillar,The restless bear near the pillars,-14.258598327636719,-17.13359832763672,-17.59811782836914,-12.910618782043457,-14.715690612792969,-13.590690612792969,128
test,0,The gentle bee between the cords,The gentle bees between the cord,-16.786455154418945,-18.223955154418945,-19.67674446105957,-19.12986946105957,-19.19244384765625,-18.73931884765625,128
test,1,The gentle bees between the cord,The gentle bee between the cords,-19.12986946105957,-19.67674446105957,-18.223955154418945,-16.786455154418945,-17.26700210571289,-16.89200210571289,128
test,0,The clumsy puppy near the gates,The clumsy puppies near the gate,-2.4992051124572754,-10.499205589294434,-7.135376930236816,-0.8853768706321716,-4.630539417266846,-1.2555395364761353,128
test,1,The clumsy puppies near the gate,The clumsy puppy near the gates,-0.8853768706321716,-7.135376930236816,-10.499205589294434,-2.4992051124572754,-4.769467830657959,-2.519468069076538,128
test,0,The curious puppy alongside the cabinets,The curious puppies alongside the cabinet,-1.150532603263855,-6.1505327224731445,-5.828803062438965,-2.953803062438965,-4.029090404510498,-3.404090166091919,128
test,1,The curious puppies alongside the cabinet,The curious puppy alongside the cabinets,-2.953803062438965,-5.828803062438965,-6.1505327224731445,-1.150532603263855,-2.3587088584899902,-1.8587089776992798,128
test,0,The wary ray atop the pillars,The wary rays atop the pillar,-12.799899101257324,-14.112399101257324,-12.819594383239746,-12.069594383239746,-12.276522636413574,-12.651522636413574,128
test,1,The wary rays atop the pillar,The wary ray atop the pillars,-12.069594383239746,-12.819594383239746,-14.112399101257324,-12.799899101257324,-12.810480117797852,-13.060480117797852,128
test,0,The round bear alongside the baskets,The round bears alongside the basket,-2.7144970893859863,-5.089497089385986,-4.149428367614746,-3.024428129196167,-3.5627095699310303,-3.6877095699310303,128
test,1,The round bears alongside the basket,The round bear alongside the baskets,-3.024428129196167,-4.149428367614746,-5.089497089385986,-2.7144970893859863,-3.510669231414795,-3.260669231414795,128
test,0,The sturdy goat under the beams,The sturdy goats under the beam,-3.0029165744781494,-9.87791633605957,-7.123324871063232,-4.248324871063232,-4.709444522857666,-5.209444522857666,128
test,1,The sturdy goats under the beam,The sturdy goat under the beams,-4.248324871063232,-7.123324871063232,-9.87791633605957,-3.0029165744781494,-6.046604633331299,-3.296604871749878,128
test,0,The gentle ray near the bulbs,The gentle rays near the bulb,-1.3242322206497192,-3.8242321014404297,-4.6993408203125,-2.074340581893921,-3.35794734954834,-2.60794734954834,128
test,1,The gentle rays near the bulb,The gentle ray near the bulbs,-2.074340581893921,-4.6993408203125,-3.8242321014404297,-1.3242322206497192,-2.3301889896392822,-2.0801889896392822,128
test,0,The bold ant alongside the buckets,The bold ants alongside the bucket,-1.8654522895812988,-4.490452289581299,-4.366487979888916,-1.9914878606796265,-3.375347375869751,-3.125347375869751,128
test,1,The bold ants alongside the bucket,The bold ant alongside the buckets,-1.9914878606796265,-4.366487979888916,-4.490452289581299,-1.8654522895812988,-2.614868640899658,-2.739868640899658,128
test,0,The restless calf below the boards,The restless calves below the board,-1.4287258386611938,-6.803725719451904,-5.128506660461426,-2.878506660461426,-3.510291337966919,-3.260291337966919,128
test,1,The restless calves below the board,The restless calf below the boards,-2.878506660461426,-5.128506660461426,-6.803725719451904,-1.4287258386611938,-3.2889182567596436,-1.9139182567596436,128
test,0,The tiny goat above the wires,The tiny goats above the wire,-13.744561195373535,-16.61956024169922,-15.169082641601562,-13.231582641601562,-14.774880409240723,-13.587380409240723,128
test,1,The tiny goats above the wire,The tiny goat above the wires,-13.231582641601562,-15.169082641601562,-16.61956024169922,-13.744561195373535,-13.907293319702148,-14.782293319702148,128
test,0,The clever bird under the bridges,The clever birds under the bridge,-1.4162073135375977,-8.041207313537598,-7.9305572509765625,-1.1805570125579834,-5.368457317352295,-1.3684574365615845,128
test,1,The clever birds under the bridge,The clever bird under the bridges,-1.1805570125579834,-7.9305572509765625,-8.041207313537598,-1.4162073135375977,-3.21567440032959,-1.5906745195388794,128
test,0,The sturdy seal under the cabinets,The sturdy seals under the cabinet,-11.501832962036133,-15.001832962036133,-15.057687759399414,-12.495187759399414,-14.893110275268555,-13.143110275268555,128
test,1,The sturdy seals under the cabinet,The sturdy seal under the cabinets,-12.495187759399414,-15.057687759399414,-15.001832962036133,-11.501832962036133,-11.107599258422852,-12.420099258422852,128
test,0,The strange seal alongside the buckets,The strange seals alongside the bucket,-1.6218228340148926,-5.746822834014893,-5.346158027648926,-2.346158266067505,-3.857847213745117,-2.982847213745117,128
test,1,The strange seals alongside the bucket,The strange seal alongside the buckets,-2.346158266067505,-5.346158027648926,-5.746822834014893,-1.6218228340148926,-3.381033420562744,-2.381033420562744,128
test,0,The graceful mouse under the lamps,The graceful mice under the lamp,-2.7892508506774902,-8.039251327514648,-5.180171966552734,-3.0551719665527344,-3.040539026260376,-6.040538787841797,128
test,1,The graceful mice under the lamp,The graceful mouse under the lamps,-3.0551719665527344,-5.180171966552734,-8.039251327514648,-2.7892508506774902,-4.998549938201904,-3.3735499382019043,128
test,0,The graceful bull by the desks,The graceful bulls by the desk,-14.288873672485352,-15.788873672485352,-15.869656562805176,-14.994656562805176,-14.62130355834961,-14.87130355834961,128
test,1,The graceful bulls by the desk,The graceful bull by the desks,-14.994656562805176,-15.869656562805176,-15.788873672485352,-14.288873672485352,-15.327831268310547,-14.952831268310547,128
test,0,The lively calf by the slopes,The lively calves by the slope,-11.88127326965332,-15.75627326965332,-15.526238441467285,-11.088738441467285,-13.300688743591309,-11.363188743591309,128
test,1,The lively calves by the slope,The lively calf by the slopes,-11.088738441467285,-15.526238441467285,-15.75627326965332,-11.88127326965332,-13.056589126586914,-11.806589126586914,128
test,0,The clever calf atop the tents,The clever calves atop the tent,-15.430810928344727,-16.243310928344727,-17.043746948242188,-15.512497901916504,-16.63197135925293,-15.63197135925293,128
test,1,The clever calves atop the tent,The clever calf atop the tents,-15.512497901916504,-17.043746948242188,-16.243310928344727,-15.430810928344727,-14.914345741271973,-15.976845741271973,128
test,0,The spotted calf alongside the pens,The spotted calves alongside the pen,-0.2947514057159424,-6.544751167297363,-5.482028961181641,-0.7320290803909302,-2.9253807067871094,-0.6753806471824646,128
test,1,The spotted calves alongside the pen,The spotted calf alongside the pens,-0.7320290803909302,-5.482028961181641,-6.544751167297363,-0.2947514057159424,-1.390067458152771,-1.015067458152771,128
test,0,The strange goat below the ropes,The strange goats below the rope,-12.24820327758789,-13.99820327758789,-16.411895751953125,-11.661895751953125,-14.695679664611816,-11.820679664611816,128
test,1,The strange goats below the rope,The strange goat below the ropes,-11.661895751953125,-16.411895751953125,-13.99820327758789,-12.24820327758789,-12.573177337646484,-13.698177337646484,128
test,0,The bold worm near the bulbs,The bold worms near the bulb,-15.050719261169434,-17.73822021484375,-15.329179763793945,-14.329179763793945,-14.065628051757812,-15.253128051757812,128
test,1,The bold worms near the bulb,The bold worm near the bulbs,-14.329179763793945,-15.329179763793945,-17.73822021484375,-15.050719261169434,-15.934935569763184,-15.497435569763184,128
test,0,The round bear below the boards,The round bears below the board,-0.6496021747589111,-5.649601936340332,-2.896871566772461,-1.1468716859817505,-1.8799970149993896,-1.7549970149993896,128
test,1,The round bears below the board,The round bear below the boards,-1.1468716859817505,-2.896871566772461,-5.649601936340332,-0.6496021747589111,-2.942610263824463,-0.9426102638244629,128
test,0,The sturdy ant above the banks,The sturdy ants above the bank,-14.577981948852539,-16.39048194885254,-17.761577606201172,-14.949077606201172,-15.861226081848145,-15.111226081848145,128
test,1,The sturdy ants above the bank,The sturdy ant above the banks,-14.949077606201172,-17.761577606201172,-16.39048194885254,-14.577981948852539,-15.640755653381348,-15.578255653381348,128
test,0,The bold spider above the panels,The bold spiders above the panel,-13.578695297241211,-16.26619529724121,-16.220409393310547,-12.282909393310547,-14.52980899810791,-12.46730899810791,128
test,1,The bold spiders above the panel,The bold spider above the panels,-12.282909393310547,-16.220409393310547,-16.26619529724121,-13.578695297241211,-13.275506019592285,-14.088006019592285,128
test,0,The sturdy worm above the banks,The sturdy worms above the bank,-8.592408180236816,-11.904908180236816,-12.285618782043457,-8.973118782043457,-9.95623779296875,-9.08123779296875,128
test,1,The sturdy worms above the bank,The sturdy worm above the banks,-8.973118782043457,-12.285618782043457,-11.904908180236816,-8.592408180236816,-9.852126121520996,-8.727126121520996,128
test,0,The wary seal opposite the doors,The wary seals opposite the door,-1.9625980854034424,-7.962597846984863,-7.576059818267822,-1.5760596990585327,-4.204201698303223,-1.954201579093933,128
test,1,The wary seals opposite the door,The wary seal opposite the doors,-1.5760596990585327,-7.576059818267822,-7.962597846984863,-1.9625980854034424,-3.6192502975463867,-2.8692502975463867,128
test,0,The clever ray atop the tents,The clever rays atop the tent,-14.16860294342041,-14.85610294342041,-15.26022720336914,-12.32272720336914,-14.792656898498535,-12.792656898498535,128
test,1,The clever rays atop the tent,The clever ray atop the tents,-12.32272720336914,-15.26022720336914,-14.85610294342041,-14.16860294342041,-13.70287036895752,-15.26537036895752,128
test,0,The graceful ray below the locks,The graceful rays below the lock,-15.96927261352539,-17.15677261352539,-13.81072998046875,-11.24822998046875,-13.703380584716797,-12.078380584716797,128
test,1,The graceful rays below the lock,The graceful ray below the locks,-11.24822998046875,-13.81072998046875,-17.15677261352539,-15.96927261352539,-15.756670951843262,-16.444169998168945,128
test,0,The fierce seal beside the wells,The fierce seals beside the well,-1.5492316484451294,-5.17423152923584,-6.00474739074707,-1.2547473907470703,-3.3863682746887207,-1.5113682746887207,128
test,1,The fierce seals beside the well,The fierce seal beside the wells,-1.2547473907470703,-6.00474739074707,-5.17423152923584,-1.5492316484451294,-2.6668591499328613,-2.4168591499328613,128
test,0,The tiny ant near the gates,The tiny ants near the gate,-14.478963851928711,-16.91646385192871,-16.572721481323242,-11.947722434997559,-15.138567924499512,-12.013567924499512,128
test,1,The tiny ants near the gate,The tiny ant near the gates,-11.947722434997559,-16.572721481323242,-16.91646385192871,-14.478963851928711,-14.532084465026855,-14.344584465026855,128
test,0,The graceful bear by the desks,The graceful bears by the desk,-1.8273589611053467,-6.077359199523926,-5.167182922363281,-1.0421826839447021,-2.67364764213562,-1.7986476421356201,128
test,1,The graceful bears by the desk,The graceful bear by the desks,-1.0421826839447021,-5.167182922363281,-6.077359199523926,-1.8273589611053467,-2.869032859802246,-2.494032859802246,128
test,0,The clever mouse near the hinges,The clever mice near the hinge,-3.6919608116149902,-11.316961288452148,-6.301499843597412,-4.301499843597412,-4.275006294250488,-6.900006294250488,128
test,1,The clever mice near the hinge,The clever mouse near the hinges,-4.301499843597412,-6.301499843597412,-11.316961288452148,-3.6919608116149902,-8.293885231018066,-3.9188849925994873,128
test,0,The strange bear opposite the doors,The strange bears opposite the door,-1.3354195356369019,-7.585419654846191,-3.8835606575012207,-1.5085607767105103,-1.8845618963241577,-2.6345620155334473,128
test,1,The strange bears opposite the door,The strange bear opposite the doors,-1.5085607767105103,-3.8835606575012207,-7.585419654846191,-1.3354195356369019,-3.775779962539673,-1.9007799625396729,128
test,0,The clever ant by the sockets,The clever ants by the socket,-16.44175148010254,-17.00425148010254,-18.09063148498535,-15.278131484985352,-17.35004997253418,-15.56879997253418,128
test,1,The clever ants by the socket,The clever ant by the sockets,-15.278131484985352,-18.09063148498535,-17.00425148010254,-16.44175148010254,-16.234800338745117,-16.984800338745117,128
test,0,The wary seal under the switches,The wary seals under the switch,-1.7346426248550415,-6.984642505645752,-7.344735145568848,-4.219735145568848,-5.59173583984375,-4.84173583984375,128
test,1,The wary seals under the switch,The wary seal under the switches,-4.219735145568848,-7.344735145568848,-6.984642505645752,-1.7346426248550415,-3.7524890899658203,-2.3774890899658203,128
test,0,The wary bear by the slopes,The wary bears by the slope,-3.5118582248687744,-8.636857986450195,-6.567599296569824,-1.9425992965698242,-4.122005462646484,-3.6220057010650635,128
test,1,The wary bears by the slope,The wary bear by the slopes,-1.9425992965698242,-6.567599296569824,-8.636857986450195,-3.5118582248687744,-5.648959636688232,-3.3989596366882324,128
test,0,The round seal atop the straps,The round seals atop the strap,-18.8781681060791,-20.4406681060791,-19.19392204284668,-17.19392204284668,-18.954404830932617,-17.548154830932617,128
test,1,The round seals atop the strap,The round seal atop the straps,-17.19392204284668,-19.19392204284668,-20.4406681060791,-18.8781681060791,-19.31595802307129,-19.81595802307129,128
test,0,The restless spider between the shelves,The restless spiders between the shelf,-12.605596542358398,-15.668096542358398,-15.008145332336426,-14.758145332336426,-14.562302589416504,-14.499802589416504,128
test,1,The restless spiders between the shelf,The restless spider between the shelves,-14.758145332336426,-15.008145332336426,-15.668096542358398,-12.605596542358398,-14.1233549118042,-13.1233549118042,128
test,0,The tiny cat opposite the poles,The tiny cats opposite the pole,-15.829913139343262,-16.829912185668945,-18.012989044189453,-14.450489044189453,-16.686656951904297,-14.686656951904297,128
test,1,The tiny cats opposite the pole,The tiny cat opposite the poles,-14.450489044189453,-18.012989044189453,-16.829912185668945,-15.829913139343262,-14.612284660339355,-15.987284660339355,128
test,0,The tiny puppy near the desks,The tiny puppies near the desk,-0.8827294111251831,-7.507729530334473,-7.21844482421875,-0.71844482421875,-5.182863235473633,-0.807863175868988,128
test,1,The tiny puppies near the desk,The tiny puppy near the desks,-0.71844482421875,-7.21844482421875,-7.507729530334473,-0.8827294111251831,-2.081517219543457,-1.9565173387527466,128
test,0,The sturdy pig above the panels,The sturdy pigs above the panel,-0.371881365776062,-5.871881484985352,-4.07888650894165,-0.8288865685462952,-1.4315217733383179,-1.6815217733383179,128
test,1,The sturdy pigs above the panel,The sturdy pig above the panels,-0.8288865685462952,-4.07888650894165,-5.871881484985352,-0.371881365776062,-1.8936529159545898,-0.8936529159545898,128
test,0,The clever worm atop the straps,The clever worms atop the strap,-2.2701292037963867,-8.395129203796387,-5.479778289794922,-2.229778289794922,-3.464409828186035,-3.214409828186035,128
test,1,The clever worms atop the strap,The clever worm atop the straps,-2.229778289794922,-5.479778289794922,-8.395129203796387,-2.2701292037963867,-4.828119277954102,-2.9531192779541016,128
test,0,The curious cat atop the racks,The curious cats atop the rack,-2.3997180461883545,-8.149718284606934,-5.913566589355469,-3.2885665893554688,-4.14399528503418,-3.768995523452759,128
test,1,The curious cats atop the rack,The curious cat atop the racks,-3.2885665893554688,-5.913566589355469,-8.149718284606934,-2.3997180461883545,-5.462910175323486,-2.9629101753234863,128
test,0,The spotted spider opposite the heaps,The spotted spiders opposite the heap,-15.590716361999512,-16.465717315673828,-18.29124641418457,-15.22874641418457,-17.152324676513672,-15.652325630187988,128
test,1,The spotted spiders opposite the heap,The spotted spider opposite the heaps,-15.22874641418457,-18.29124641418457,-16.465717315673828,-15.590716361999512,-15.52990436553955,-16.279905319213867,128
test,0,The bold puppy beside the nails,The bold puppies beside the nail,-0.2324773371219635,-5.232477188110352,-3.522084951400757,-3.147084951400757,-3.066725015640259,-5.566725254058838,128
test,1,The bold puppies beside the nail,The bold puppy beside the nails,-3.147084951400757,-3.522084951400757,-5.232477188110352,-0.2324773371219635,-2.711930751800537,-0.4619307816028595,128
test,0,The strange bird by the slopes,The strange birds by the slope,-4.054404258728027,-9.929404258728027,-5.535845756530762,-3.6608457565307617,-4.344050407409668,-5.094050407409668,128
test,1,The strange birds by the slope,The strange bird by the slopes,-3.6608457565307617,-5.535845756530762,-9.929404258728027,-4.054404258728027,-7.958295822143555,-4.208295822143555,128
test,0,The round goat below the lamps,The round goats below the lamp,-18.442214965820312,-20.692214965820312,-18.792448043823242,-18.136198043823242,-18.2879695892334,-18.5067195892334,128
test,1,The round goats below the lamp,The round goat below the lamps,-18.136198043823242,-18.792448043823242,-20.692214965820312,-18.442214965820312,-18.902667999267578,-18.715167999267578,128
test,0,The spotted calf above the posts,The spotted calves above the post,-13.360867500305176,-15.985867500305176,-16.89026641845703,-12.202765464782715,-14.961176872253418,-12.398676872253418,128
test,1,The spotted calves above the post,The spotted calf above the posts,-12.202765464782715,-16.89026641845703,-15.985867500305176,-13.360867500305176,-13.28416919708252,-13.97166919708252,128
test,0,The strange bear below the ropes,The strange bears below the rope,-14.59618854522705,-17.096187591552734,-17.556365966796875,-13.431366920471191,-15.678481101989746,-13.990981101989746,128
test,1,The strange bears below the rope,The strange bear below the ropes,-13.431366920471191,-17.556365966796875,-17.096187591552734,-14.59618854522705,-15.085768699645996,-15.710768699645996,128
test,0,The bold wolf below the boards,The bold wolves below the board,-0.6779266595840454,-4.802926540374756,-3.1680798530578613,-1.0430797338485718,-2.1164803504943848,-1.4914802312850952,128
test,1,The bold wolves below the board,The bold wolf below the boards,-1.0430797338485718,-3.1680798530578613,-4.802926540374756,-0.6779266595840454,-2.3603005409240723,-1.2353006601333618,128
test,0,The curious ray opposite the ponds,The curious rays opposite the pond,-12.375503540039062,-14.313003540039062,-14.642112731933594,-11.892112731933594,-13.288602828979492,-12.476102828979492,128
test,1,The curious rays opposite the pond,The curious ray opposite the ponds,-11.892112731933594,-14.642112731933594,-14.313003540039062,-12.375503540039062,-12.632637023925781,-12.945137023925781,128
test,0,The gentle ant below the boards,The gentle ants below the board,-0.9545701742172241,-5.704570293426514,-4.496523380279541,-1.7465234994888306,-2.4966893196105957,-2.3716893196105957,128
test,1,The gentle ants below the board,The gentle ant below the boards,-1.7465234994888306,-4.496523380279541,-5.704570293426514,-0.9545701742172241,-2.3310554027557373,-1.5810554027557373,128
test,0,The round wolf beside the bins,The round wolves beside the bin,-9.518198013305664,-13.580698013305664,-11.884651184082031,-9.509651184082031,-10.332659721374512,-10.895159721374512,128
test,1,The round wolves beside the bin,The round wolf beside the bins,-9.509651184082031,-11.884651184082031,-13.580698013305664,-9.518198013305664,-10.878963470458984,-10.003963470458984,128
test,0,The round seal opposite the heaps,The round seals opposite the heap,-3.8051321506500244,-6.6801323890686035,-5.467672824859619,-2.967672824859619,-5.093125820159912,-4.093125820159912,128
test,1,The round seals opposite the heap,The round seal opposite the heaps,-2.967672824859619,-5.467672824859619,-6.6801323890686035,-3.8051321506500244,-4.816415786743164,-4.191415786743164,128
test,0,The clever bull beside the fences,The clever bulls beside the fence,-2.3017730712890625,-7.0517730712890625,-6.179542541503906,-1.9295426607131958,-3.5019960403442383,-2.7519960403442383,128
test,1,The clever bulls beside the fence,The clever bull beside the fences,-1.9295426607131958,-6.179542541503906,-7.0517730712890625,-2.3017730712890625,-3.3417811393737793,-3.0917811393737793,128
test,0,The lively duck beside the wells,The lively ducks beside the well,-10.486631393432617,-13.174131393432617,-14.92117977142334,-12.29617977142334,-13.213038444519043,-12.588038444519043,128
test,1,The lively ducks beside the well,The lively duck beside the wells,-12.29617977142334,-14.92117977142334,-13.174131393432617,-10.486631393432617,-12.082513809204102,-10.707513809204102,128
test,0,The bold goat under the cabinets,The bold goats under the cabinet,-0.7990813851356506,-6.174081325531006,-4.384085655212402,-1.009085774421692,-2.4561221599578857,-1.4561221599578857,128
test,1,The bold goats under the cabinet,The bold goat under the cabinets,-1.009085774421692,-4.384085655212402,-6.174081325531006,-0.7990813851356506,-1.936295747756958,-1.561295747756958,128
test,0,The clumsy calf alongside the buckets,The clumsy calves alongside the bucket,-2.2181382179260254,-6.843138217926025,-5.204268455505371,-4.079268455505371,-4.372369766235352,-5.372369766235352,128
test,1,The clumsy calves alongside the bucket,The clumsy calf alongside the buckets,-4.079268455505371,-5.204268455505371,-6.843138217926025,-2.2181382179260254,-4.274916648864746,-3.024916648864746,128
test,0,The strange bird below the ropes,The strange birds below the rope,-1.2694553136825562,-7.769455432891846,-5.266030311584473,-1.266030192375183,-2.7998287677764893,-1.5498287677764893,128
test,1,The strange birds below the rope,The strange bird below the ropes,-1.266030192375183,-5.266030311584473,-7.769455432891846,-1.2694553136825562,-3.7759287357330322,-1.7759287357330322,128
test,0,The clever worm beside the bins,The clever worms beside the bin,-0.8746232986450195,-6.8746232986450195,-5.736480712890625,-0.9864804744720459,-2.7495322227478027,-1.8745323419570923,128
test,1,The clever worms beside the bin,The clever worm beside the bins,-0.9864804744720459,-5.736480712890625,-6.8746232986450195,-0.8746232986450195,-2.5723984241485596,-1.6973984241485596,128
test,0,The shy bear atop the posts,The shy bears atop the post,-10.387299537658691,-15.824799537658691,-13.688026428222656,-12.000526428222656,-12.128336906433105,-12.940836906433105,128
test,1,The shy bears atop the post,The shy bear atop the posts,-12.000526428222656,-13.688026428222656,-15.824799537658691,-10.387299537658691,-12.413790702819824,-10.663790702819824,128
test,0,The tiny pig alongside the buckets,The tiny pigs alongside the bucket,-1.0527880191802979,-5.552787780761719,-4.375107765197754,-3.000107526779175,-3.2194976806640625,-4.3444976806640625,128
test,1,The tiny pigs alongside the bucket,The tiny pig alongside the buckets,-3.000107526779175,-4.375107765197754,-5.552787780761719,-1.0527880191802979,-2.5870361328125,-2.0870361328125,128
test,0,The tiny wolf above the sofas,The tiny wolves above the sofa,-0.9243792295455933,-4.424379348754883,-4.581124305725098,-0.9561242461204529,-2.93558931350708,-1.18558931350708,128
test,1,The tiny wolves above the sofa,The tiny wolf above the sofas,-0.9561242461204529,-4.581124305725098,-4.424379348754883,-0.9243792295455933,-2.0922086238861084,-1.4672086238861084,128
test,0,The lively cat atop the racks,The lively cats atop the rack,-11.029073715209961,-15.091573715209961,-14.355962753295898,-11.980962753295898,-12.92103385925293,-12.42103385925293,128
test,1,The lively cats atop the rack,The lively cat atop the racks,-11.980962753295898,-14.355962753295898,-15.091573715209961,-11.029073715209961,-12.984862327575684,-12.359862327575684,128
test,0,The fierce seal below the ropes,The fierce seals below the rope,-1.0730124711990356,-5.948012351989746,-5.806186199188232,-1.1811861991882324,-3.1199092864990234,-1.494909405708313,128
test,1,The fierce seals below the rope,The fierce seal below the ropes,-1.1811861991882324,-5.806186199188232,-5.948012351989746,-1.0730124711990356,-2.408997058868408,-1.7839971780776978,128
test,0,The graceful seal opposite the poles,The graceful seals opposite the pole,-0.8760761618614197,-6.6260762214660645,-4.54353666305542,-0.5435367822647095,-1.9029630422592163,-1.1529630422592163,128
test,1,The graceful seals opposite the pole,The graceful seal opposite the poles,-0.5435367822647095,-4.54353666305542,-6.6260762214660645,-0.8760761618614197,-2.539996385574341,-1.1649963855743408,128
test,0,The sturdy wolf by the slopes,The sturdy wolves by the slope,-4.387418270111084,-8.887418746948242,-6.9706220626831055,-2.3456220626831055,-4.989416122436523,-3.2394161224365234,128
test,1,The sturdy wolves by the slope,The sturdy wolf by the slopes,-2.3456220626831055,-6.9706220626831055,-8.887418746948242,-4.387418270111084,-6.933468341827393,-4.308468341827393,128
test,0,The wary duck atop the tents,The wary ducks atop the tent,-1.4064842462539673,-5.031484127044678,-5.459848403930664,-3.084848642349243,-3.7674524784088135,-4.642452239990234,128
test,1,The wary ducks atop the tent,The wary duck atop the tents,-3.084848642349243,-5.459848403930664,-5.031484127044678,-1.4064842462539673,-2.3262743949890137,-2.0762743949890137,128
test,0,The lively ant beside the wells,The lively ants beside the well,-16.565593719482422,-17.096843719482422,-17.859066009521484,-14.984066009521484,-15.799077987670898,-14.736577987670898,128
test,1,The lively ants beside the well,The lively ant beside the wells,-14.984066009521484,-17.859066009521484,-17.096843719482422,-16.565593719482422,-17.256738662719727,-17.787988662719727,128
test,0,The round bird below the lamps,The round birds below the lamp,-12.737034797668457,-16.29953384399414,-15.937681198120117,-12.250181198120117,-14.2810697555542,-12.9060697555542,128
test,1,The round birds below the lamp,The round bird below the lamps,-12.250181198120117,-15.937681198120117,-16.29953384399414,-12.737034797668457,-13.583296775817871,-13.708296775817871,128
test,0,The clever bee alongside the bridges,The clever bees alongside the bridge,-2.9916598796844482,-6.741660118103027,-6.131711959838867,-2.756711959838867,-4.060288429260254,-3.310288429260254,128
test,1,The clever bees alongside the bridge,The clever bee alongside the bridges,-2.756711959838867,-6.131711959838867,-6.741660118103027,-2.9916598796844482,-4.490991115570068,-3.7409911155700684,128
test,0,The wary duck beside the roots,The wary ducks beside the root,-13.606172561645508,-18.043672561645508,-16.636091232299805,-14.323590278625488,-14.809938430786133,-15.434938430786133,128
test,1,The wary ducks beside the root,The wary duck beside the roots,-14.323590278625488,-16.636091232299805,-18.043672561645508,-13.606172561645508,-14.850642204284668,-14.163142204284668,128
test,0,The wary goat below the boards,The wary goats below the board,-11.483184814453125,-14.233184814453125,-17.134981155395508,-15.634981155395508,-15.990562438964844,-15.740562438964844,128
test,1,The wary goats below the board,The wary goat below the boards,-15.634981155395508,-17.134981155395508,-14.233184814453125,-11.483184814453125,-12.911210060119629,-12.286210060119629,128
test,0,The clumsy calf above the sofas,The clumsy calves above the sofa,-12.98186206817627,-15.16936206817627,-13.358016967773438,-12.108016967773438,-12.919889450073242,-12.607389450073242,128
test,1,The clumsy calves above the sofa,The clumsy calf above the sofas,-12.108016967773438,-13.358016967773438,-15.16936206817627,-12.98186206817627,-13.057348251342773,-12.557348251342773,128
test,0,The wary bull below the mirrors,The wary bulls below the mirror,-1.3722610473632812,-7.122261047363281,-5.64102029800415,-1.6410202980041504,-3.5733838081359863,-2.1983838081359863,128
test,1,The wary bulls below the mirror,The wary bull below the mirrors,-1.6410202980041504,-5.64102029800415,-7.122261047363281,-1.3722610473632812,-2.974442958831787,-1.9744428396224976,128
test,0,The gentle ant by the sockets,The gentle ants by the socket,-3.316236972808838,-7.316236972808838,-5.37071418762207,-2.7457141876220703,-3.8105623722076416,-4.3105621337890625,128
test,1,The gentle ants by the socket,The gentle ant by the sockets,-2.7457141876220703,-5.37071418762207,-7.316236972808838,-3.316236972808838,-5.666760444641113,-3.541760206222534,128
test,0,The lively duck atop the racks,The lively ducks atop the rack,-2.171980381011963,-6.796980381011963,-4.279640197753906,-2.404639959335327,-2.964961051940918,-3.214961051940918,128
test,1,The lively ducks atop the rack,The lively duck atop the racks,-2.404639959335327,-4.279640197753906,-6.796980381011963,-2.171980381011963,-4.071672439575195,-2.946672201156616,128
test,0,The clever tick near the bulbs,The clever ticks near the bulb,-1.432758092880249,-3.307758092880249,-3.1731719970703125,-1.423171877861023,-2.132038116455078,-2.007038116455078,128
test,1,The clever ticks near the bulb,The clever tick near the bulbs,-1.423171877861023,-3.1731719970703125,-3.307758092880249,-1.432758092880249,-2.267577648162842,-1.7675776481628418,128
test,0,The shy seal atop the posts,The shy seals atop the post,-14.21259880065918,-16.08759880065918,-17.45182228088379,-13.983072280883789,-15.935879707336426,-14.185879707336426,128
test,1,The shy seals atop the post,The shy seal atop the posts,-13.983072280883789,-17.45182228088379,-16.08759880065918,-14.21259880065918,-13.590356826782227,-14.215356826782227,128
test,0,The spotted ray under the beams,The spotted rays under the beam,-19.898622512817383,-20.398622512817383,-20.802326202392578,-16.802326202392578,-19.783143997192383,-18.345643997192383,128
test,1,The spotted rays under the beam,The spotted ray under the beams,-16.802326202392578,-20.802326202392578,-20.398622512817383,-19.898622512817383,-19.39678382873535,-20.20928382873535,128
test,0,The strange tick by the sockets,The strange ticks by the socket,-1.985001564025879,-6.360001564025879,-3.227133274078369,-1.8521333932876587,-2.704899311065674,-2.579899311065674,128
test,1,The strange ticks by the socket,The strange tick by the sockets,-1.8521333932876587,-3.227133274078369,-6.360001564025879,-1.985001564025879,-4.631601810455322,-2.131601572036743,128
test,0,The restless ant under the cabinets,The restless ants under the cabinet,-1.314934253692627,-6.564934253692627,-7.203786849975586,-0.7037867903709412,-4.509192943572998,-1.1341930627822876,128
test,1,The restless ants under the cabinet,The restless ant under the cabinets,-0.7037867903709412,-7.203786849975586,-6.564934253692627,-1.314934253692627,-2.6035592555999756,-1.9785592555999756,128
test,0,The bold spider alongside the knobs,The bold spiders alongside the knob,-1.5133544206619263,-3.3883543014526367,-5.634781837463379,-5.009781837463379,-4.8430047035217285,-5.0930047035217285,128
test,1,The bold spiders alongside the knob,The bold spider alongside the knobs,-5.009781837463379,-5.634781837463379,-3.3883543014526367,-1.5133544206619263,-1.9204692840576172,-2.795469284057617,128
test,0,The restless seal near the pillars,The restless seals near the pillar,-16.64766502380371,-19.02266502380371,-19.443519592285156,-16.006019592285156,-18.798463821411133,-16.110963821411133,128
test,1,The restless seals near the pillar,The restless seal near the pillars,-16.006019592285156,-19.443519592285156,-19.02266502380371,-16.64766502380371,-17.089317321777344,-17.901817321777344,128
test,0,The curious spider below the boards,The curious spiders below the board,-1.1229825019836426,-6.872982501983643,-6.002203941345215,-1.2522039413452148,-3.803807020187378,-1.678807020187378,128
test,1,The curious spiders below the board,The curious spider below the boards,-1.2522039413452148,-6.002203941345215,-6.872982501983643,-1.1229825019836426,-2.9215612411499023,-1.5465611219406128,128
test,0,The graceful pig below the locks,The graceful pigs below the lock,-6.307890892028809,-9.307890892028809,-8.59719467163086,-3.222194194793701,-5.352978229522705,-3.602977991104126,128
test,1,The graceful pigs below the lock,The graceful pig below the locks,-3.222194194793701,-8.59719467163086,-9.307890892028809,-6.307890892028809,-6.997888088226318,-7.122888088226318,128
test,0,The round duck atop the posts,The round ducks atop the post,-0.5570316910743713,-5.182031631469727,-3.702913522720337,-0.7029134631156921,-2.0657167434692383,-1.1907168626785278,128
test,1,The round ducks atop the post,The round duck atop the posts,-0.7029134631156921,-3.702913522720337,-5.182031631469727,-0.5570316910743713,-1.1368154287338257,-1.5118154287338257,128
test,0,The tiny calf beside the bins,The tiny calves beside the bin,-0.3415376842021942,-6.2165374755859375,-5.135672569274902,-0.7606727480888367,-2.7458152770996094,-1.870815396308899,128
test,1,The tiny calves beside the bin,The tiny calf beside the bins,-0.7606727480888367,-5.135672569274902,-6.2165374755859375,-0.3415376842021942,-1.7084158658981323,-0.8334158658981323,128
test,0,The lively bee above the sofas,The lively bees above the sofa,-1.146177887916565,-6.521177768707275,-5.233665466308594,-1.9836655855178833,-3.0307695865631104,-2.7807695865631104,128
test,1,The lively bees above the sofa,The lively bee above the sofas,-1.9836655855178833,-5.233665466308594,-6.521177768707275,-1.146177887916565,-3.4000916481018066,-1.525091528892517,128
test,0,The clumsy spider near the bulbs,The clumsy spiders near the bulb,-1.720833659172058,-6.345833778381348,-5.73705530166626,-1.4870554208755493,-3.7179758548736572,-2.3429758548736572,128
test,1,The clumsy spiders near the bulb,The clumsy spider near the bulbs,-1.4870554208755493,-5.73705530166626,-6.345833778381348,-1.720833659172058,-3.14353609085083,-2.39353609085083,128
test,0,The curious pig near the gates,The curious pigs near the gate,-4.126983165740967,-11.126983642578125,-5.944121360778809,-2.0691213607788086,-3.2775495052337646,-3.4025495052337646,128
test,1,The curious pigs near the gate,The curious pig near the gates,-2.0691213607788086,-5.944121360778809,-11.126983642578125,-4.126983165740967,-6.302659511566162,-4.177659511566162,128
